0.000000000000000000e+00,2.600000000000000000e+01
5.000000074505805969e-02,2.600000000000000000e+01
1.000000014901161194e-01,2.600000000000000000e+01
1.500000059604644775e-01,2.600000000000000000e+01
2.000000029802322388e-01,2.600000000000000000e+01
2.000000029802322388e-01,2.600000000000000000e+01
3.327260911464691162e-01,2.681547164916992188e+01
4.654521793127059937e-01,3.753681945800781250e+01
5.981782525777816772e-01,1.490984954833984375e+02
6.691234856843948364e-01,5.470549316406250000e+02
6.693752259016036987e-01,2.099688476562500000e+03
6.784295290708541870e-01,1.149211425781250000e+03
6.787744909524917603e-01,4.380738769531250000e+03
6.880442053079605103e-01,9.862702636718750000e+02
6.883704513311386108e-01,1.368713012695312500e+03
6.974798589944839478e-01,1.035000366210937500e+03
6.976401358842849731e-01,1.041332153320312500e+03
8.303662091493606567e-01,5.862406616210937500e+02
9.630922824144363403e-01,4.082037963867187500e+02
1.095818355679512024e+00,3.415908508300781250e+02
1.228544428944587708e+00,3.058482666015625000e+02
1.261808708310127258e+00,2.981256103515625000e+02
1.261808708310127258e+00,2.981256103515625000e+02
1.461808711290359497e+00,2.661164245605468750e+02
1.461808711290359497e+00,2.661164245605468750e+02
2.461808711290359497e+00,1.864084472656250000e+02
3.461808711290359497e+00,1.402939147949218750e+02
4.461808711290359497e+00,1.115633392333984375e+02
5.461808711290359497e+00,9.266082000732421875e+01
6.461808711290359497e+00,7.966843414306640625e+01
7.461808711290359497e+00,7.041098785400390625e+01
8.461808711290359497e+00,6.361215972900390625e+01
9.461808711290359497e+00,5.848707580566406250e+01
9.461808711290359497e+00,5.850578689575195312e+01
9.511808712035417557e+00,5.701775741577148438e+01
9.561808712780475616e+00,5.734456253051757812e+01
9.611808717250823975e+00,5.729164123535156250e+01
9.661808714270591736e+00,5.715141296386718750e+01
9.661808714270591736e+00,5.715141296386718750e+01
9.794622182846069336e+00,5.809066390991210938e+01
9.927435651421546936e+00,7.421037292480468750e+01
1.006024913489818573e+01,2.135490264892578125e+02
1.013071556389331818e+01,6.226460571289062500e+02
1.013101126253604889e+01,2.731539062500000000e+03
1.014115731418132782e+01,9.445739746093750000e+02
1.014148490130901337e+01,2.057051269531250000e+03
1.015141554176807404e+01,9.449513549804687500e+02
1.015165846049785614e+01,1.066594726562500000e+03
1.028447191417217255e+01,6.238462524414062500e+02
1.041728542745113373e+01,4.376535644531250000e+02
1.055009888112545013e+01,3.694597778320312500e+02
1.064147739112377167e+01,3.411632995605468750e+02
1.064180390536785126e+01,3.410624389648437500e+02
1.072431646287441254e+01,3.222348022460937500e+02
1.072431646287441254e+01,3.222348022460937500e+02
1.092431646585464478e+01,2.899356384277343750e+02
1.092431646585464478e+01,2.899356384277343750e+02
1.192431646585464478e+01,2.078907012939453125e+02
1.292431646585464478e+01,1.599146575927734375e+02
1.392431646585464478e+01,1.297172851562500000e+02
1.492431646585464478e+01,1.096133651733398438e+02
1.592431646585464478e+01,9.560070037841796875e+01
1.692431646585464478e+01,8.545407104492187500e+01
1.792431646585464478e+01,7.786666870117187500e+01
1.892431646585464478e+01,7.203379058837890625e+01
1.892431646585464478e+01,7.203379058837890625e+01
1.897431646659970284e+01,7.025394439697265625e+01
1.902431646734476089e+01,7.053970336914062500e+01
1.907431647181510925e+01,7.050825500488281250e+01
1.912431646883487701e+01,7.036885070800781250e+01
1.912431646883487701e+01,7.036885070800781250e+01
1.925547610223293304e+01,7.093297576904296875e+01
1.938663573563098907e+01,8.591928100585937500e+01
1.951779536902904510e+01,1.984228057861328125e+02
1.959716390073299408e+01,4.876480712890625000e+02
1.959733490645885468e+01,5.563443603515625000e+02
1.961001990735530853e+01,6.987617187500000000e+02
1.961028037965297699e+01,1.088349121093750000e+03
1.962332795560359955e+01,7.793948974609375000e+02
1.962352360785007477e+01,1.070491821289062500e+03
1.975468321144580841e+01,6.601981201171875000e+02
1.988584287464618683e+01,4.585557556152343750e+02
2.001700247824192047e+01,3.876182250976562500e+02
2.014816214144229889e+01,3.485107727050781250e+02
2.017359353601932526e+01,3.417841491699218750e+02
2.017359353601932526e+01,3.417841491699218750e+02
2.037359353899955750e+01,3.066402587890625000e+02
2.037359353899955750e+01,3.066402587890625000e+02
2.137359353899955750e+01,2.210225372314453125e+02
2.237359353899955750e+01,1.714718475341796875e+02
2.337359353899955750e+01,1.404016571044921875e+02
2.437359353899955750e+01,1.197288742065429688e+02
2.537359353899955750e+01,1.052897338867187500e+02
2.637359353899955750e+01,9.478875732421875000e+01
2.737359353899955750e+01,8.688755035400390625e+01
2.837359353899955750e+01,8.076675415039062500e+01
2.837359353899955750e+01,8.076860809326171875e+01
2.842359353974461555e+01,7.898151397705078125e+01
2.847359354048967361e+01,7.910934448242187500e+01
2.852359354496002197e+01,7.907064819335937500e+01
2.857359354197978973e+01,7.893322753906250000e+01
2.857359354197978973e+01,7.893322753906250000e+01
2.883589385449886322e+01,9.997444915771484375e+01
2.909819416701793671e+01,5.349082031250000000e+02
2.936049447953701019e+01,4.461988220214843750e+02
2.962279479205608368e+01,3.509102172851562500e+02
2.962279479205608368e+01,3.509102172851562500e+02
2.982279479503631592e+01,3.093478698730468750e+02
2.982279479503631592e+01,3.093478698730468750e+02
3.082279479503631592e+01,2.247889099121093750e+02
3.182279479503631592e+01,1.767629547119140625e+02
3.282279479503631592e+01,1.464299774169921875e+02
3.382279479503631592e+01,1.260738525390625000e+02
3.482279479503631592e+01,1.117453842163085938e+02
3.582279479503631592e+01,1.012491455078125000e+02
3.682279479503631592e+01,9.329492187500000000e+01
3.782279479503631592e+01,8.708896636962890625e+01
3.782279479503631592e+01,8.708896636962890625e+01
3.787279479578137398e+01,8.537013244628906250e+01
3.792279479652643204e+01,8.536295318603515625e+01
3.797279480099678040e+01,8.530604553222656250e+01
3.802279479801654816e+01,8.516721343994140625e+01
3.802279479801654816e+01,8.516721343994140625e+01
3.828645013272762299e+01,1.051260528564453125e+02
3.855010546743869781e+01,5.379808959960937500e+02
3.881376083195209503e+01,4.314014892578125000e+02
3.907741613686084747e+01,3.494561157226562500e+02
3.907741613686084747e+01,3.494561157226562500e+02
3.927741613984107971e+01,3.105737609863281250e+02
3.927741613984107971e+01,3.105737609863281250e+02
4.027741613984107971e+01,2.282620697021484375e+02
4.127741613984107971e+01,1.811727142333984375e+02
4.227741613984107971e+01,1.512553253173828125e+02
4.327741613984107971e+01,1.310695190429687500e+02
4.427741613984107971e+01,1.167918243408203125e+02
4.527741613984107971e+01,1.062852706909179688e+02
4.627741613984107971e+01,9.828819274902343750e+01
4.727741613984107971e+01,9.202160644531250000e+01
4.727741613984107971e+01,9.202004241943359375e+01
4.732741614058613777e+01,9.046341705322265625e+01
4.737741614133119583e+01,9.028363037109375000e+01
4.742741614580154419e+01,9.017256927490234375e+01
4.747741614282131195e+01,9.001944732666015625e+01
4.747741614282131195e+01,9.001944732666015625e+01
4.774207182228565216e+01,1.074063644409179688e+02
4.800672750174999237e+01,4.482825012207031250e+02
4.827138315141201019e+01,4.716414184570312500e+02
4.853603886067867279e+01,3.661533508300781250e+02
4.853603886067867279e+01,3.661533508300781250e+02
4.873603886365890503e+01,3.216479492187500000e+02
4.873603886365890503e+01,3.216479492187500000e+02
4.973603886365890503e+01,2.351650848388671875e+02
5.073603886365890503e+01,1.867341003417968750e+02
5.173603886365890503e+01,1.562129821777343750e+02
5.273603886365890503e+01,1.357073516845703125e+02
5.373603886365890503e+01,1.212357635498046875e+02
5.473603886365890503e+01,1.105944137573242188e+02
5.573603886365890503e+01,1.024928665161132812e+02
5.673603886365890503e+01,9.613832855224609375e+01
5.673603886365890503e+01,9.613832855224609375e+01
5.678603886440396309e+01,9.467189788818359375e+01
5.683603886514902115e+01,9.437282562255859375e+01
5.688603886961936951e+01,9.420983123779296875e+01
5.693603886663913727e+01,9.403096771240234375e+01
5.693603886663913727e+01,9.403096771240234375e+01
5.720067520439624786e+01,1.237000122070312500e+02
5.746531154215335846e+01,4.577462158203125000e+02
5.772994793951511383e+01,4.508441467285156250e+02
5.799458421766757965e+01,3.614748229980468750e+02
5.799458421766757965e+01,3.614748229980468750e+02
5.819458422064781189e+01,3.202833862304687500e+02
5.819458422064781189e+01,3.202833862304687500e+02
5.919458422064781189e+01,2.369485015869140625e+02
6.019458422064781189e+01,1.896655883789062500e+02
6.119458422064781189e+01,1.595956878662109375e+02
6.219458422064781189e+01,1.392551574707031250e+02
6.319458422064781189e+01,1.248259201049804688e+02
6.419458422064781189e+01,1.141726989746093750e+02
6.519458422064781189e+01,1.060350036621093750e+02
6.619458422064781189e+01,9.963376617431640625e+01
6.619458422064781189e+01,9.963376617431640625e+01
6.624458422139286995e+01,9.827760314941406250e+01
6.629458422213792801e+01,9.789720916748046875e+01
6.634458422660827637e+01,9.769622802734375000e+01
6.639458422362804413e+01,9.750208282470703125e+01
6.639458422362804413e+01,9.750208282470703125e+01
6.665924711525440216e+01,1.117364654541015625e+02
6.692391000688076019e+01,4.069199829101562500e+02
6.718857292830944061e+01,4.662215270996093750e+02
6.745323579013347626e+01,3.703465576171875000e+02
6.745323579013347626e+01,3.703465576171875000e+02
6.765323579311370850e+01,3.270256652832031250e+02
6.765323579311370850e+01,3.270256652832031250e+02
6.865323579311370850e+01,2.417942352294921875e+02
6.965323579311370850e+01,1.938574523925781250e+02
7.065323579311370850e+01,1.634498596191406250e+02
7.165323579311370850e+01,1.428942413330078125e+02
7.265323579311370850e+01,1.283106231689453125e+02
7.365323579311370850e+01,1.175377120971679688e+02
7.465323579311370850e+01,1.093023147583007812e+02
7.565323579311370850e+01,1.028184127807617188e+02
7.565323579311370850e+01,1.028184127807617188e+02
7.570323579385876656e+01,1.015640258789062500e+02
7.575323579460382462e+01,1.011189575195312500e+02
7.580323579907417297e+01,1.008775024414062500e+02
7.585323579609394073e+01,1.006637344360351562e+02
7.585323579609394073e+01,1.006637344360351562e+02
7.611867736279964447e+01,1.149119033813476562e+02
7.638411892950534821e+01,4.258736572265625000e+02
7.664956046640872955e+01,4.415052490234375000e+02
7.691500206291675568e+01,3.639419555664062500e+02
7.691500206291675568e+01,3.639419555664062500e+02
7.711500206589698792e+01,3.246767578125000000e+02
7.711500206589698792e+01,3.246767578125000000e+02
7.811500206589698792e+01,2.427528686523437500e+02
7.911500206589698792e+01,1.959594879150390625e+02
8.011500206589698792e+01,1.659966278076171875e+02
8.111500206589698792e+01,1.456047363281250000e+02
8.211500206589698792e+01,1.310670166015625000e+02
8.311500206589698792e+01,1.202895584106445312e+02
8.411500206589698792e+01,1.120279998779296875e+02
8.511500206589698792e+01,1.055091476440429688e+02
8.511500206589698792e+01,1.054677276611328125e+02
8.516500206664204597e+01,1.043506698608398438e+02
8.521500206738710403e+01,1.038591461181640625e+02
8.526500207185745239e+01,1.035532836914062500e+02
8.531500206887722015e+01,1.032977218627929688e+02
8.531500206887722015e+01,1.032977218627929688e+02
8.558060108125209808e+01,1.344353179931640625e+02
8.584620009362697601e+01,4.357981567382812500e+02
8.611179916560649872e+01,4.163558959960937500e+02
8.637739811837673187e+01,3.557906799316406250e+02
8.637739811837673187e+01,3.557906799316406250e+02
8.657739812135696411e+01,3.216465759277343750e+02
8.657739812135696411e+01,3.216465759277343750e+02
8.757739812135696411e+01,2.431964721679687500e+02
8.857739812135696411e+01,1.975283355712890625e+02
8.957739812135696411e+01,1.680626678466796875e+02
9.057739812135696411e+01,1.478896942138671875e+02
9.157739812135696411e+01,1.334394531250000000e+02
9.257739812135696411e+01,1.226872329711914062e+02
9.357739812135696411e+01,1.144214248657226562e+02
9.457739812135696411e+01,1.078845748901367188e+02
9.457739812135696411e+01,1.078632507324218750e+02
9.462739812210202217e+01,1.068442077636718750e+02
9.467739812284708023e+01,1.062960357666015625e+02
9.472739812731742859e+01,1.059436340332031250e+02
9.477739812433719635e+01,1.056580734252929688e+02
9.477739812433719635e+01,1.056580734252929688e+02
9.503970639407634735e+01,1.249246139526367188e+02
9.530201466381549835e+01,3.449006347656250000e+02
9.556432296335697174e+01,4.415146179199218750e+02
9.582663120329380035e+01,3.738862304687500000e+02
9.582663120329380035e+01,3.738862304687500000e+02
9.602663120627403259e+01,3.350718383789062500e+02
9.602663120627403259e+01,3.350718383789062500e+02
9.702663120627403259e+01,2.504826507568359375e+02
9.802663120627403259e+01,2.024388885498046875e+02
9.902663120627403259e+01,1.718632354736328125e+02
1.000266312062740326e+02,1.511046295166015625e+02
1.010266312062740326e+02,1.363118591308593750e+02
1.020266312062740326e+02,1.253404541015625000e+02
1.030266312062740326e+02,1.169235229492187500e+02
1.040266312062740326e+02,1.102760391235351562e+02
1.040266312062740326e+02,1.102760391235351562e+02
1.040766312070190907e+02,1.093036117553710938e+02
1.041266312077641487e+02,1.087307968139648438e+02
1.041766312122344971e+02,1.083498153686523438e+02
1.042266312092542648e+02,1.080442123413085938e+02
1.042266312092542648e+02,1.080442123413085938e+02
1.044889675229787827e+02,1.279853515625000000e+02
1.047513038367033005e+02,3.807451171875000000e+02
1.050136400908231735e+02,4.181126098632812500e+02
1.052759764641523361e+02,3.625444946289062500e+02
1.052759764641523361e+02,3.625444946289062500e+02
1.054759764671325684e+02,3.282659301757812500e+02
1.054759764671325684e+02,3.282659301757812500e+02
1.064759764671325684e+02,2.494484100341796875e+02
1.074759764671325684e+02,2.034883575439453125e+02
1.084759764671325684e+02,1.737089843750000000e+02
1.094759764671325684e+02,1.532435760498046875e+02
1.104759764671325684e+02,1.385399169921875000e+02
1.114759764671325684e+02,1.275736770629882812e+02
1.124759764671325684e+02,1.191280822753906250e+02
1.134759764671325684e+02,1.124396972656250000e+02
1.134759764671325684e+02,1.124396972656250000e+02
1.135259764678776264e+02,1.115307922363281250e+02
1.135759764686226845e+02,1.109460449218750000e+02
1.136259764730930328e+02,1.105429763793945312e+02
1.136759764701128006e+02,1.102205505371093750e+02
1.136759764701128006e+02,1.102205505371093750e+02
1.139405602961778641e+02,1.308141479492187500e+02
1.142051441222429276e+02,3.935162353515625000e+02
1.144697279483079910e+02,4.029632263183593750e+02
1.147343117743730545e+02,3.546260681152343750e+02
1.147343117743730545e+02,3.546260681152343750e+02
1.149343117773532867e+02,3.238001708984375000e+02
1.149343117773532867e+02,3.238001708984375000e+02
1.159343117773532867e+02,2.488900909423828125e+02
1.169343117773532867e+02,2.043487854003906250e+02
1.179343117773532867e+02,1.751750183105468750e+02
1.189343117773532867e+02,1.549744262695312500e+02
1.199343117773532867e+02,1.403807678222656250e+02
1.209343117773532867e+02,1.294515533447265625e+02
1.219343117773532867e+02,1.210081100463867188e+02
1.229343117773532867e+02,1.143054199218750000e+02
1.229343117773532867e+02,1.143054199218750000e+02
1.229843117780983448e+02,1.134549026489257812e+02
1.230343117788434029e+02,1.128669586181640625e+02
1.230843117833137512e+02,1.124468612670898438e+02
1.231343117803335190e+02,1.121095733642578125e+02
1.231343117803335190e+02,1.121095733642578125e+02
1.233989695757627487e+02,1.309124145507812500e+02
1.236636273711919785e+02,3.306025695800781250e+02
1.239282851666212082e+02,4.107460632324218750e+02
1.241929429620504379e+02,3.634389648437500000e+02
1.241929429620504379e+02,3.634389648437500000e+02
1.243929429650306702e+02,3.311764831542968750e+02
1.243929429650306702e+02,3.311764831542968750e+02
1.253929429650306702e+02,2.534234313964843750e+02
1.263929429650306702e+02,2.075799865722656250e+02
1.273929429650306702e+02,1.777655792236328125e+02
1.283929429650306702e+02,1.572256469726562500e+02
1.293929429650306702e+02,1.424345550537109375e+02
1.303929429650306702e+02,1.313788757324218750e+02
1.313929429650306702e+02,1.228473129272460938e+02
1.323929429650306702e+02,1.160790252685546875e+02
1.323929429650306702e+02,1.160790252685546875e+02
1.324429429657757282e+02,1.152760620117187500e+02
1.324929429665207863e+02,1.146874771118164062e+02
1.325429429709911346e+02,1.142516937255859375e+02
1.325929429680109024e+02,1.138985824584960938e+02
1.325929429680109024e+02,1.138985824584960938e+02
1.328576088100671768e+02,1.458400726318359375e+02
1.331222746521234512e+02,3.517467041015625000e+02
1.333869404941797256e+02,3.929651184082031250e+02
1.336516063362360001e+02,3.528059997558593750e+02
1.336516063362360001e+02,3.528059997558593750e+02
1.338516063392162323e+02,3.245371093750000000e+02
1.338516063392162323e+02,3.245371093750000000e+02
1.348516063392162323e+02,2.521269073486328125e+02
1.358516063392162323e+02,2.081591949462890625e+02
1.368516063392162323e+02,1.790729370117187500e+02
1.378516063392162323e+02,1.588171386718750000e+02
1.388516063392162323e+02,1.441259460449218750e+02
1.398516063392162323e+02,1.330910644531250000e+02
1.408516063392162323e+02,1.245463943481445312e+02
1.418516063392162323e+02,1.177513198852539062e+02
1.418516063392162323e+02,1.177513198852539062e+02
1.419016063399612904e+02,1.169921646118164062e+02
1.419516063407063484e+02,1.164083175659179688e+02
1.420016063451766968e+02,1.159619750976562500e+02
1.420516063421964645e+02,1.155962371826171875e+02
1.420516063421964645e+02,1.155962371826171875e+02
1.423162649422883987e+02,1.262137832641601562e+02
1.425809235423803329e+02,2.938059997558593750e+02
1.428455821722745895e+02,3.998872070312500000e+02
1.431102407425642014e+02,3.625812988281250000e+02
1.431102407425642014e+02,3.625812988281250000e+02
1.433102407455444336e+02,3.328860473632812500e+02
1.433102407455444336e+02,3.328860473632812500e+02
1.443102407455444336e+02,2.571369934082031250e+02
1.453102407455444336e+02,2.117216186523437500e+02
1.463102407455444336e+02,1.819147644042968750e+02
1.473102407455444336e+02,1.612529449462890625e+02
1.483102407455444336e+02,1.463074188232421875e+02
1.493102407455444336e+02,1.350991363525390625e+02
1.503102407455444336e+02,1.264284515380859375e+02
1.513102407455444336e+02,1.195374755859375000e+02
1.513102407455444336e+02,1.195374755859375000e+02
1.513602407462894917e+02,1.188111953735351562e+02
1.514102407470345497e+02,1.182304763793945312e+02
1.514602407515048981e+02,1.177731475830078125e+02
1.515102407485246658e+02,1.173933563232421875e+02
1.515102407485246658e+02,1.173933563232421875e+02
1.517757146805524826e+02,1.315655822753906250e+02
1.520411886125802994e+02,3.184140319824218750e+02
1.523066625744104385e+02,3.839255676269531250e+02
1.525721364766359329e+02,3.524495544433593750e+02
1.525721364766359329e+02,3.524495544433593750e+02
1.527721364796161652e+02,3.263838195800781250e+02
1.527721364796161652e+02,3.263838195800781250e+02
1.537721364796161652e+02,2.556296691894531250e+02
1.547721364796161652e+02,2.120562896728515625e+02
1.557721364796161652e+02,1.829992675781250000e+02
1.567721364796161652e+02,1.626454467773437500e+02
1.577721364796161652e+02,1.478180847167968750e+02
1.587721364796161652e+02,1.366437377929687500e+02
1.597721364796161652e+02,1.279693222045898438e+02
1.607721364796161652e+02,1.210582885742187500e+02
1.607721364796161652e+02,1.210582885742187500e+02
1.608221364803612232e+02,1.203655014038085938e+02
1.608721364811062813e+02,1.197935638427734375e+02
1.609221364855766296e+02,1.193315048217773438e+02
1.609721364825963974e+02,1.189428100585937500e+02
1.609721364825963974e+02,1.189428100585937500e+02
1.612377691417932510e+02,1.467711944580078125e+02
1.615034018009901047e+02,3.298810729980468750e+02
1.617690344899892807e+02,3.703609924316406250e+02
1.620346671193838120e+02,3.432897033691406250e+02
1.620346671193838120e+02,3.432897033691406250e+02
1.622346671223640442e+02,3.206167907714843750e+02
1.622346671223640442e+02,3.206167907714843750e+02
1.632346671223640442e+02,2.544336853027343750e+02
1.642346671223640442e+02,2.123977813720703125e+02
1.652346671223640442e+02,1.839575500488281250e+02
1.662346671223640442e+02,1.638684844970703125e+02
1.672346671223640442e+02,1.491522369384765625e+02
1.682346671223640442e+02,1.380173187255859375e+02
1.692346671223640442e+02,1.293480072021484375e+02
1.702346671223640442e+02,1.224258804321289062e+02
1.702346671223640442e+02,1.224258804321289062e+02
1.702846671231091022e+02,1.217631607055664062e+02
1.703346671238541603e+02,1.212013854980468750e+02
1.703846671283245087e+02,1.207371749877929688e+02
1.704346671253442764e+02,1.203416976928710938e+02
1.704346671253442764e+02,1.203416976928710938e+02
1.706969863325357437e+02,1.352977142333984375e+02
1.709593055397272110e+02,2.733560485839843750e+02
1.712216247469186783e+02,3.706778869628906250e+02
1.714839439541101456e+02,3.514425659179687500e+02
1.714839439541101456e+02,3.514425659179687500e+02
1.716839439570903778e+02,3.291038818359375000e+02
1.716839439570903778e+02,3.291038818359375000e+02
1.726839439570903778e+02,2.599210510253906250e+02
1.736839439570903778e+02,2.161626739501953125e+02
1.746839439570903778e+02,1.868174896240234375e+02
1.756839439570903778e+02,1.662222900390625000e+02
1.766839439570903778e+02,1.511971893310546875e+02
1.776839439570903778e+02,1.398579406738281250e+02
1.786839439570903778e+02,1.310443572998046875e+02
1.796839439570903778e+02,1.240152359008789062e+02
1.796839439570903778e+02,1.240152359008789062e+02
1.797339439578354359e+02,1.233720779418945312e+02
1.797839439585804939e+02,1.228152694702148438e+02
1.798339439630508423e+02,1.223456649780273438e+02
1.798839439600706100e+02,1.219403991699218750e+02
1.798839439600706100e+02,1.219403991699218750e+02
1.801462857872247696e+02,1.376873016357421875e+02
1.804086276143789291e+02,2.963821105957031250e+02
1.806709694713354111e+02,3.606190185546875000e+02
1.809333112686872482e+02,3.424538574218750000e+02
1.809333112686872482e+02,3.424538574218750000e+02
1.811333112716674805e+02,3.223023071289062500e+02
1.811333112716674805e+02,3.223023071289062500e+02
1.821333112716674805e+02,2.581716918945312500e+02
1.831333112716674805e+02,2.165001831054687500e+02
1.841333112716674805e+02,1.879854736328125000e+02
1.851333112716674805e+02,1.677018737792968750e+02
1.861333112716674805e+02,1.527731018066406250e+02
1.871333112716674805e+02,1.414405975341796875e+02
1.881333112716674805e+02,1.325975189208984375e+02
1.891333112716674805e+02,1.255259475708007812e+02
1.891333112716674805e+02,1.255259475708007812e+02
1.891833112724125385e+02,1.249034194946289062e+02
1.892333112731575966e+02,1.243547821044921875e+02
1.892833112776279449e+02,1.238839569091796875e+02
1.893333112746477127e+02,1.234729614257812500e+02
1.893333112746477127e+02,1.234729614257812500e+02
1.895979097932577133e+02,1.407483825683593750e+02
1.898625083118677139e+02,3.033630981445312500e+02
1.901271068602800369e+02,3.525582275390625000e+02
1.903917053490877151e+02,3.361313171386718750e+02
1.903917053490877151e+02,3.361313171386718750e+02
1.905917053520679474e+02,3.178961486816406250e+02
1.905917053520679474e+02,3.178961486816406250e+02
1.915917053520679474e+02,2.570858154296875000e+02
1.925917053520679474e+02,2.167739257812500000e+02
1.935917053520679474e+02,1.888678436279296875e+02
1.945917053520679474e+02,1.688595581054687500e+02
1.955917053520679474e+02,1.540489959716796875e+02
1.965917053520679474e+02,1.427584075927734375e+02
1.975917053520679474e+02,1.339199066162109375e+02
1.985917053520679474e+02,1.268350143432617188e+02
1.985917053520679474e+02,1.268350143432617188e+02
1.986417053528130054e+02,1.262382507324218750e+02
1.986917053535580635e+02,1.256963195800781250e+02
1.987417053580284119e+02,1.252175216674804688e+02
1.987917053550481796e+02,1.247969665527343750e+02
1.987917053550481796e+02,1.247969665527343750e+02
1.990563519150018692e+02,1.398885955810546875e+02
1.993209984749555588e+02,2.642932739257812500e+02
1.995856450051069260e+02,3.466081542968750000e+02
1.998502915948629379e+02,3.385553894042968750e+02
1.998502915948629379e+02,3.385553894042968750e+02
2.000502915978431702e+02,3.219191284179687500e+02
2.000502915978431702e+02,3.219191284179687500e+02
2.010502915978431702e+02,2.604317932128906250e+02
2.020502915978431702e+02,2.193050842285156250e+02
2.030502915978431702e+02,1.909211578369140625e+02
2.040502915978431702e+02,1.706393127441406250e+02
2.050502915978431702e+02,1.556585388183593750e+02
2.060502915978431702e+02,1.442512054443359375e+02
2.070502915978431702e+02,1.353260803222656250e+02
2.080502915978431702e+02,1.281733398437500000e+02
2.080502915978431702e+02,1.281733398437500000e+02
2.081002915985882282e+02,1.275995101928710938e+02
2.081502915993332863e+02,1.270659713745117188e+02
2.082002916038036346e+02,1.265860443115234375e+02
2.082502916008234024e+02,1.261593475341796875e+02
2.082502916008234024e+02,1.261593475341796875e+02
2.085149499326944351e+02,1.485498504638671875e+02
2.087796082645654678e+02,2.782370910644531250e+02
2.090442665964365005e+02,3.387265930175781250e+02
2.093089249283075333e+02,3.305621643066406250e+02
2.093089249283075333e+02,3.305621643066406250e+02
2.095089249312877655e+02,3.156980895996093750e+02
2.095089249312877655e+02,3.156980895996093750e+02
2.105089249312877655e+02,2.586691894531250000e+02
2.115089249312877655e+02,2.194082794189453125e+02
2.125089249312877655e+02,1.917986297607421875e+02
2.135089249312877655e+02,1.718314514160156250e+02
2.145089249312877655e+02,1.569662475585937500e+02
2.155089249312877655e+02,1.455862121582031250e+02
2.165089249312877655e+02,1.366492767333984375e+02
2.175089249312877655e+02,1.294683532714843750e+02
2.175089249312877655e+02,1.294683532714843750e+02
2.175589249320328236e+02,1.289091949462890625e+02
2.176089249327778816e+02,1.283850097656250000e+02
2.176589249372482300e+02,1.279069213867187500e+02
2.177089249342679977e+02,1.274772644042968750e+02
2.177089249342679977e+02,1.274772644042968750e+02
2.179735931307077408e+02,1.354145050048828125e+02
2.182382613271474838e+02,2.412804107666015625e+02
2.185029295533895493e+02,3.344736022949218750e+02
2.187675977200269699e+02,3.341067199707031250e+02
2.187675977200269699e+02,3.341067199707031250e+02
2.189675977230072021e+02,3.203430786132812500e+02
2.189675977230072021e+02,3.203430786132812500e+02
2.199675977230072021e+02,2.622710266113281250e+02
2.209675977230072021e+02,2.222101745605468750e+02
2.219675977230072021e+02,1.941222534179687500e+02
2.229675977230072021e+02,1.738522338867187500e+02
2.239675977230072021e+02,1.587793731689453125e+02
2.249675977230072021e+02,1.472472381591796875e+02
2.259675977230072021e+02,1.381934356689453125e+02
2.269675977230072021e+02,1.309196929931640625e+02
2.269675977230072021e+02,1.309196929931640625e+02
2.270175977237522602e+02,1.303688507080078125e+02
2.270675977244973183e+02,1.298499450683593750e+02
2.271175977289676666e+02,1.293710327148437500e+02
2.271675977259874344e+02,1.289362030029296875e+02
2.271675977259874344e+02,1.289362030029296875e+02
2.274331507831811905e+02,1.406177215576171875e+02
2.276987038403749466e+02,2.551345520019531250e+02
2.279642568975687027e+02,3.272522583007812500e+02
2.282298099547624588e+02,3.266325073242187500e+02
2.282298099547624588e+02,3.266325073242187500e+02
2.284298099577426910e+02,3.146466979980468750e+02
2.284298099577426910e+02,3.146466979980468750e+02
2.294298099577426910e+02,2.606743164062500000e+02
2.304298099577426910e+02,2.223049163818359375e+02
2.314298099577426910e+02,1.949378814697265625e+02
2.324298099577426910e+02,1.749742431640625000e+02
2.334298099577426910e+02,1.600222167968750000e+02
2.344298099577426910e+02,1.485253753662109375e+02
2.354298099577426910e+02,1.394671020507812500e+02
2.364298099577426910e+02,1.321709899902343750e+02
2.364298099577426910e+02,1.321709899902343750e+02
2.364798099584877491e+02,1.316313934326171875e+02
2.365298099592328072e+02,1.311209564208984375e+02
2.365798099637031555e+02,1.306450653076171875e+02
2.366298099607229233e+02,1.302090454101562500e+02
2.366298099607229233e+02,1.302090454101562500e+02
2.368954509943723679e+02,1.516582794189453125e+02
2.371610920280218124e+02,2.619187622070312500e+02
2.374267330616712570e+02,3.202137451171875000e+02
2.376923740953207016e+02,3.198214111328125000e+02
2.376923740953207016e+02,3.198214111328125000e+02
2.378923740983009338e+02,3.094663696289062500e+02
2.378923740983009338e+02,3.094663696289062500e+02
2.388923740983009338e+02,2.591138000488281250e+02
2.398923740983009338e+02,2.222359924316406250e+02
2.408923740983009338e+02,1.955358734130859375e+02
2.418923740983009338e+02,1.758821105957031250e+02
2.428923740983009338e+02,1.610713958740234375e+02
2.438923740983009338e+02,1.496321716308593750e+02
2.448923740983009338e+02,1.405890808105468750e+02
2.458923740983009338e+02,1.332866973876953125e+02
2.458923740983009338e+02,1.332866973876953125e+02
2.459423740990459919e+02,1.327580261230468750e+02
2.459923740997910500e+02,1.322563934326171875e+02
2.460423741042613983e+02,1.317846374511718750e+02
2.460923741012811661e+02,1.313488769531250000e+02
2.460923741012811661e+02,1.313488769531250000e+02
2.463546982258558273e+02,1.417934417724609375e+02
2.466170223504304886e+02,2.292463684082031250e+02
2.468793465048074722e+02,3.108888244628906250e+02
2.471416705995798111e+02,3.206477966308593750e+02
2.471416705995798111e+02,3.206477966308593750e+02
2.473416706025600433e+02,3.132237243652343750e+02
2.473416706025600433e+02,3.132237243652343750e+02
2.483416706025600433e+02,2.629778137207031250e+02
2.493416706025600433e+02,2.252426605224609375e+02
2.503416706025600433e+02,1.979413146972656250e+02
2.513416706025600433e+02,1.779091033935546875e+02
2.523416706025600433e+02,1.628479003906250000e+02
2.533416706025600433e+02,1.512327880859375000e+02
2.543416706025600433e+02,1.420591278076171875e+02
2.553416706025600433e+02,1.346557312011718750e+02
2.553416706025600433e+02,1.346557312011718750e+02
2.553916706033051014e+02,1.341304473876953125e+02
2.554416706040501595e+02,1.336318511962890625e+02
2.554916706085205078e+02,1.331595916748046875e+02
2.555416706055402756e+02,1.327200317382812500e+02
2.555416706055402756e+02,1.327200317382812500e+02
2.558039965778589249e+02,1.433040771484375000e+02
2.560663225501775742e+02,2.406693267822265625e+02
2.563286484926939011e+02,3.084647216796875000e+02
2.565909744948148727e+02,3.154654846191406250e+02
2.565909744948148727e+02,3.154654846191406250e+02
2.567909744977951050e+02,3.081738891601562500e+02
2.567909744977951050e+02,3.081738891601562500e+02
2.577909744977951050e+02,2.612949218750000000e+02
2.587909744977951050e+02,2.253775634765625000e+02
2.597909744977951050e+02,1.988851013183593750e+02
2.607909744977951050e+02,1.791809844970703125e+02
2.617909744977951050e+02,1.642319946289062500e+02
2.627909744977951050e+02,1.526333312988281250e+02
2.637909744977951050e+02,1.434345703125000000e+02
2.647909744977951050e+02,1.359894866943359375e+02
2.647909744977951050e+02,1.359894866943359375e+02
2.648409744985401630e+02,1.354703063964843750e+02
2.648909744992852211e+02,1.349770355224609375e+02
2.649409745037555695e+02,1.345070037841796875e+02
2.649909745007753372e+02,1.340665893554687500e+02
2.649909745007753372e+02,1.340665893554687500e+02
2.652556375414133072e+02,1.475761718750000000e+02
2.655203005820512772e+02,2.464395599365234375e+02
2.657849636226892471e+02,3.041372070312500000e+02
2.660496266633272171e+02,3.103410034179687500e+02
2.660496266633272171e+02,3.103410034179687500e+02
2.662496266663074493e+02,3.039412231445312500e+02
2.662496266663074493e+02,3.039412231445312500e+02
2.672496266663074493e+02,2.599095458984375000e+02
2.682496266663074493e+02,2.253427276611328125e+02
2.692496266663074493e+02,1.995006713867187500e+02
2.702496266663074493e+02,1.801105804443359375e+02
2.712496266663074493e+02,1.653075561523437500e+02
2.722496266663074493e+02,1.537685394287109375e+02
2.732496266663074493e+02,1.445846710205078125e+02
2.742496266663074493e+02,1.371314239501953125e+02
2.742496266663074493e+02,1.371314239501953125e+02
2.742996266670525074e+02,1.366149749755859375e+02
2.743496266677975655e+02,1.361302642822265625e+02
2.743996266722679138e+02,1.356627044677734375e+02
2.744496266692876816e+02,1.352209320068359375e+02
2.744496266692876816e+02,1.352209320068359375e+02
2.747142861634492874e+02,1.464547119140625000e+02
2.749789456576108932e+02,2.212063293457031250e+02
2.752436051815748215e+02,2.938885192871093750e+02
2.755082646459341049e+02,3.088283386230468750e+02
2.755082646459341049e+02,3.088283386230468750e+02
2.757082646489143372e+02,3.053422546386718750e+02
2.757082646489143372e+02,3.053422546386718750e+02
2.767082646489143372e+02,2.622523803710937500e+02
2.777082646489143372e+02,2.273274688720703125e+02
2.787082646489143372e+02,2.011860198974609375e+02
2.797082646489143372e+02,1.816103668212890625e+02
2.807082646489143372e+02,1.666864624023437500e+02
2.817082646489143372e+02,1.550600433349609375e+02
2.827082646489143372e+02,1.458072814941406250e+02
2.837082646489143372e+02,1.382967529296875000e+02
2.837082646489143372e+02,1.382967529296875000e+02
2.837582646496593952e+02,1.377906036376953125e+02
2.838082646504044533e+02,1.373114776611328125e+02
2.838582646548748016e+02,1.368460845947265625e+02
2.839082646518945694e+02,1.364033813476562500e+02
2.839082646518945694e+02,1.364033813476562500e+02
2.841729105859994888e+02,1.506872863769531250e+02
2.844375565201044083e+02,2.316166381835937500e+02
2.847022024542093277e+02,2.913587036132812500e+02
2.849668483883142471e+02,3.032872619628906250e+02
2.849668483883142471e+02,3.032872619628906250e+02
2.851668483912944794e+02,3.000313415527343750e+02
2.851668483912944794e+02,3.000313415527343750e+02
2.861668483912944794e+02,2.603043212890625000e+02
2.871668483912944794e+02,2.271311187744140625e+02
2.881668483912944794e+02,2.017980194091796875e+02
2.891668483912944794e+02,1.825798034667968750e+02
2.901668483912944794e+02,1.678045806884765625e+02
2.911668483912944794e+02,1.562278442382812500e+02
2.921668483912944794e+02,1.469773254394531250e+02
2.931668483912944794e+02,1.394467468261718750e+02
2.931668483912944794e+02,1.394467468261718750e+02
2.932168483920395374e+02,1.389451599121093750e+02
2.932668483927845955e+02,1.384712829589843750e+02
2.933168483972549438e+02,1.380094451904296875e+02
2.933668483942747116e+02,1.375678405761718750e+02
2.933668483942747116e+02,1.375678405761718750e+02
2.936314579993486404e+02,1.428594207763671875e+02
2.938960676044225693e+02,2.099698791503906250e+02
2.941606772392988205e+02,2.832349243164062500e+02
2.944252868145704269e+02,3.023114929199218750e+02
2.944252868145704269e+02,3.023114929199218750e+02
2.946252868175506592e+02,3.013526306152343750e+02
2.946252868175506592e+02,3.013526306152343750e+02
2.956252868175506592e+02,2.626220703125000000e+02
2.966252868175506592e+02,2.293073730468750000e+02
2.976252868175506592e+02,2.037554168701171875e+02
2.986252868175506592e+02,1.843535003662109375e+02
2.996252868175506592e+02,1.694310607910156250e+02
3.006252868175506592e+02,1.577346649169921875e+02
3.016252868175506592e+02,1.483849792480468750e+02
3.026252868175506592e+02,1.407709045410156250e+02
3.026252868175506592e+02,1.407709045410156250e+02
3.026752868182957172e+02,1.402690277099609375e+02
3.027252868190407753e+02,1.397965240478515625e+02
3.027752868235111237e+02,1.393349609375000000e+02
3.028252868205308914e+02,1.388916320800781250e+02
3.028252868205308914e+02,1.388916320800781250e+02
3.030908923298120499e+02,1.472638549804687500e+02
3.033564978390932083e+02,2.175649719238281250e+02
3.036221033483743668e+02,2.803709106445312500e+02
3.038877088576555252e+02,2.973858947753906250e+02
3.038877088576555252e+02,2.973858947753906250e+02
3.040877088606357574e+02,2.968724975585937500e+02
3.040877088606357574e+02,2.968724975585937500e+02
3.050877088606357574e+02,2.610758972167968750e+02
3.060877088606357574e+02,2.292401123046875000e+02
3.070877088606357574e+02,2.043850860595703125e+02
3.080877088606357574e+02,1.853058471679687500e+02
3.090877088606357574e+02,1.705249786376953125e+02
3.100877088606357574e+02,1.588804321289062500e+02
3.110877088606357574e+02,1.495375671386718750e+02
3.120877088606357574e+02,1.419079589843750000e+02
3.120877088606357574e+02,1.419079589843750000e+02
3.121377088613808155e+02,1.414095153808593750e+02
3.121877088621258736e+02,1.409414367675781250e+02
3.122377088665962219e+02,1.404833068847656250e+02
3.122877088636159897e+02,1.400415496826171875e+02
3.122877088636159897e+02,1.400415496826171875e+02
3.125533419102430344e+02,1.549197845458984375e+02
3.128189749568700790e+02,2.232929992675781250e+02
3.130846080034971237e+02,2.769223022460937500e+02
3.133502410501241684e+02,2.923020019531250000e+02
3.133502410501241684e+02,2.923020019531250000e+02
3.135502410531044006e+02,2.923244018554687500e+02
3.135502410531044006e+02,2.923244018554687500e+02
3.145502410531044006e+02,2.592978820800781250e+02
3.155502410531044006e+02,2.288653717041015625e+02
3.165502410531044006e+02,2.047136993408203125e+02
3.175502410531044006e+02,1.859926757812500000e+02
3.185502410531044006e+02,1.713922271728515625e+02
3.195502410531044006e+02,1.598333129882812500e+02
3.205502410531044006e+02,1.505245208740234375e+02
3.215502410531044006e+02,1.429008178710937500e+02
3.215502410531044006e+02,1.429008178710937500e+02
3.216002410538494587e+02,1.424067230224609375e+02
3.216502410545945168e+02,1.419437408447265625e+02
3.217002410590648651e+02,1.414900054931640625e+02
3.217502410560846329e+02,1.410509796142578125e+02
3.217502410560846329e+02,1.410509796142578125e+02
3.220125745385885239e+02,1.475994720458984375e+02
3.222749080210924149e+02,2.022520599365234375e+02
3.225372415333986282e+02,2.661322021484375000e+02
3.227995749861001968e+02,2.896283874511718750e+02
3.227995749861001968e+02,2.896283874511718750e+02
3.229995749890804291e+02,2.929967041015625000e+02
3.229995749890804291e+02,2.929967041015625000e+02
3.239995749890804291e+02,2.617907409667968750e+02
3.249995749890804291e+02,2.311923980712890625e+02
3.259995749890804291e+02,2.067322082519531250e+02
3.269995749890804291e+02,1.877693786621093750e+02
3.279995749890804291e+02,1.729900360107421875e+02
3.289995749890804291e+02,1.612948303222656250e+02
3.299995749890804291e+02,1.518781433105468750e+02
3.309995749890804291e+02,1.441663513183593750e+02
3.309995749890804291e+02,1.441663513183593750e+02
3.310495749898254871e+02,1.436701202392578125e+02
3.310995749905705452e+02,1.432068481445312500e+02
3.311495749950408936e+02,1.427525939941406250e+02
3.311995749920606613e+02,1.423118591308593750e+02
3.311995749920606613e+02,1.423118591308593750e+02
3.314620359987020493e+02,1.492763977050781250e+02
3.317244970053434372e+02,2.086057586669921875e+02
3.319869580119848251e+02,2.663707275390625000e+02
3.322494190186262131e+02,2.867456359863281250e+02
3.322494190186262131e+02,2.867456359863281250e+02
3.324494190216064453e+02,2.893703002929687500e+02
3.324494190216064453e+02,2.893703002929687500e+02
3.334494190216064453e+02,2.602072448730468750e+02
3.344494190216064453e+02,2.311343536376953125e+02
3.354494190216064453e+02,2.074524383544921875e+02
3.364494190216064453e+02,1.888444213867187500e+02
3.374494190216064453e+02,1.742092895507812500e+02
3.384494190216064453e+02,1.625562896728515625e+02
3.394494190216064453e+02,1.531328887939453125e+02
3.404494190216064453e+02,1.453916015625000000e+02
3.404494190216064453e+02,1.453916015625000000e+02
3.404994190223515034e+02,1.448966064453125000e+02
3.405494190230965614e+02,1.444355316162109375e+02
3.405994190275669098e+02,1.439832458496093750e+02
3.406494190245866776e+02,1.435433502197265625e+02
3.406494190245866776e+02,1.435433502197265625e+02
3.409140502661466599e+02,1.534399719238281250e+02
3.411786815077066422e+02,2.135786437988281250e+02
3.414433127194643021e+02,2.648062438964843750e+02
3.417079439908266068e+02,2.831815490722656250e+02
3.417079439908266068e+02,2.831815490722656250e+02
3.419079439938068390e+02,2.857905883789062500e+02
3.419079439938068390e+02,2.857905883789062500e+02
3.429079439938068390e+02,2.586977233886718750e+02
3.439079439938068390e+02,2.308731536865234375e+02
3.449079439938068390e+02,2.078587341308593750e+02
3.459079439938068390e+02,1.895996856689453125e+02
3.469079439938068390e+02,1.751415710449218750e+02
3.479079439938068390e+02,1.635717010498046875e+02
3.489079439938068390e+02,1.541795654296875000e+02
3.499079439938068390e+02,1.464409332275390625e+02
3.499079439938068390e+02,1.464409332275390625e+02
3.499579439945518970e+02,1.459487762451171875e+02
3.500079439952969551e+02,1.454912872314453125e+02
3.500579439997673035e+02,1.450424804687500000e+02
3.501079439967870712e+02,1.446050567626953125e+02
3.501079439967870712e+02,1.446050567626953125e+02
3.503725931793451309e+02,1.525420227050781250e+02
3.506372423619031906e+02,1.983481903076171875e+02
3.509018915742635727e+02,2.543080749511718750e+02
3.511665407270193100e+02,2.789815673828125000e+02
3.511665407270193100e+02,2.789815673828125000e+02
3.513665407299995422e+02,2.847295227050781250e+02
3.513665407299995422e+02,2.847295227050781250e+02
3.523665407299995422e+02,2.599856262207031250e+02
3.533665407299995422e+02,2.323003997802734375e+02
3.543665407299995422e+02,2.091801910400390625e+02
3.553665407299995422e+02,1.908290863037109375e+02
3.563665407299995422e+02,1.763044891357421875e+02
3.573665407299995422e+02,1.646826934814453125e+02
3.583665407299995422e+02,1.552461853027343750e+02
3.593665407299995422e+02,1.474675903320312500e+02
3.593665407299995422e+02,1.474675903320312500e+02
3.594165407307446003e+02,1.469672393798828125e+02
3.594665407314896584e+02,1.465116729736328125e+02
3.595165407359600067e+02,1.460645599365234375e+02
3.595665407329797745e+02,1.456273040771484375e+02
3.595665407329797745e+02,1.456273040771484375e+02
3.598311581164598465e+02,1.545088653564453125e+02
3.600957754999399185e+02,2.052373199462890625e+02
3.603603929430246353e+02,2.546106872558593750e+02
3.606250102669000626e+02,2.759644470214843750e+02
3.606250102669000626e+02,2.759644470214843750e+02
3.608250102698802948e+02,2.809497985839843750e+02
3.608250102698802948e+02,2.809497985839843750e+02
3.618250102698802948e+02,2.581289367675781250e+02
3.628250102698802948e+02,2.319114990234375000e+02
3.638250102698802948e+02,2.095792694091796875e+02
3.648250102698802948e+02,1.916203308105468750e+02
3.658250102698802948e+02,1.772812805175781250e+02
3.668250102698802948e+02,1.657380676269531250e+02
3.678250102698802948e+02,1.563242645263671875e+02
3.688250102698802948e+02,1.485392303466796875e+02
3.688250102698802948e+02,1.485392303466796875e+02
3.688750102706253529e+02,1.480474700927734375e+02
3.689250102713704109e+02,1.475967254638671875e+02
3.689750102758407593e+02,1.471531677246093750e+02
3.690250102728605270e+02,1.467181243896484375e+02
3.690250102728605270e+02,1.467181243896484375e+02
3.692896447032690048e+02,1.501065368652343750e+02
3.695542791336774826e+02,1.910147705078125000e+02
3.698189135640859604e+02,2.463722229003906250e+02
3.700835479944944382e+02,2.732015991210937500e+02
3.700835479944944382e+02,2.732015991210937500e+02
3.702835479974746704e+02,2.805581665039062500e+02
3.702835479974746704e+02,2.805581665039062500e+02
3.712835479974746704e+02,2.595804443359375000e+02
3.722835479974746704e+02,2.335905303955078125e+02
3.732835479974746704e+02,2.112168731689453125e+02
3.742835479974746704e+02,1.931715087890625000e+02
3.752835479974746704e+02,1.787433624267578125e+02
3.762835479974746704e+02,1.671170196533203125e+02
3.772835479974746704e+02,1.576275787353515625e+02
3.782835479974746704e+02,1.497742004394531250e+02
3.782835479974746704e+02,1.497742004394531250e+02
3.783335479982197285e+02,1.492796325683593750e+02
3.783835479989647865e+02,1.488278808593750000e+02
3.784335480034351349e+02,1.483838195800781250e+02
3.784835480004549026e+02,1.479478607177734375e+02
3.784835480004549026e+02,1.479478607177734375e+02
3.787491531819105148e+02,1.535186309814453125e+02
3.790147583633661270e+02,1.960496215820312500e+02
3.792803635150194168e+02,2.454615631103515625e+02
3.795459687262773514e+02,2.699380493164062500e+02
3.795459687262773514e+02,2.699380493164062500e+02
3.797459687292575836e+02,2.770954589843750000e+02
3.797459687292575836e+02,2.770954589843750000e+02
3.807459687292575836e+02,2.581487731933593750e+02
3.817459687292575836e+02,2.334057464599609375e+02
3.827459687292575836e+02,2.116816711425781250e+02
3.837459687292575836e+02,1.939658203125000000e+02
3.847459687292575836e+02,1.796994018554687500e+02
3.857459687292575836e+02,1.681452178955078125e+02
3.867459687292575836e+02,1.586792449951171875e+02
3.877459687292575836e+02,1.508227996826171875e+02
3.877459687292575836e+02,1.508227996826171875e+02
3.877959687300026417e+02,1.503293609619140625e+02
3.878459687307476997e+02,1.498796691894531250e+02
3.878959687352180481e+02,1.494380645751953125e+02
3.879459687322378159e+02,1.490041656494140625e+02
3.879459687322378159e+02,1.490041656494140625e+02
3.882115912288427353e+02,1.584983367919921875e+02
3.884772137254476547e+02,2.004429321289062500e+02
3.887428362220525742e+02,2.445270996093750000e+02
3.890084587186574936e+02,2.667484436035156250e+02
3.890084587186574936e+02,2.667484436035156250e+02
3.892084587216377258e+02,2.735718383789062500e+02
3.892084587216377258e+02,2.735718383789062500e+02
3.902084587216377258e+02,2.563172607421875000e+02
3.912084587216377258e+02,2.327912139892578125e+02
3.922084587216377258e+02,2.117710418701171875e+02
3.932084587216377258e+02,1.944483642578125000e+02
3.942084587216377258e+02,1.803980560302734375e+02
3.952084587216377258e+02,1.689588470458984375e+02
3.962084587216377258e+02,1.595493621826171875e+02
3.972084587216377258e+02,1.517152862548828125e+02
3.972084587216377258e+02,1.517152862548828125e+02
3.972584587223827839e+02,1.512243957519531250e+02
3.973084587231278419e+02,1.507778625488281250e+02
3.973584587275981903e+02,1.503398437500000000e+02
3.974084587246179581e+02,1.499091796875000000e+02
3.974084587246179581e+02,1.499091796875000000e+02
3.976708006113767624e+02,1.536073150634765625e+02
3.979331424981355667e+02,1.867628631591796875e+02
3.981954843550920486e+02,2.344870758056640625e+02
3.984578262716531754e+02,2.623012390136718750e+02
3.984578262716531754e+02,2.623012390136718750e+02
3.986578262746334076e+02,2.722069091796875000e+02
3.986578262746334076e+02,2.722069091796875000e+02
3.996578262746334076e+02,2.576915893554687500e+02
4.006578262746334076e+02,2.344841308593750000e+02
4.016578262746334076e+02,2.133909301757812500e+02
4.026578262746334076e+02,1.959523162841796875e+02
4.036578262746334076e+02,1.817970581054687500e+02
4.046578262746334076e+02,1.702680816650390625e+02
4.056578262746334076e+02,1.607812652587890625e+02
4.066578262746334076e+02,1.528795928955078125e+02
4.066578262746334076e+02,1.528795928955078125e+02
4.067078262753784657e+02,1.523853607177734375e+02
4.067578262761235237e+02,1.519371490478515625e+02
4.068078262805938721e+02,1.514981231689453125e+02
4.068578262776136398e+02,1.510663909912109375e+02
4.068578262776136398e+02,1.510663909912109375e+02
4.071206936687231064e+02,1.553258972167968750e+02
4.073835610598325729e+02,1.918724975585937500e+02
4.076464283913373947e+02,2.360887756347656250e+02
4.079092958420515060e+02,2.608104248046875000e+02
4.079092958420515060e+02,2.608104248046875000e+02
4.081092958450317383e+02,2.695393676757812500e+02
4.081092958450317383e+02,2.695393676757812500e+02
4.091092958450317383e+02,2.561637573242187500e+02
4.101092958450317383e+02,2.342488403320312500e+02
4.111092958450317383e+02,2.139043426513671875e+02
4.121092958450317383e+02,1.968435363769531250e+02
4.131092958450317383e+02,1.828639221191406250e+02
4.141092958450317383e+02,1.714049835205078125e+02
4.151092958450317383e+02,1.619332733154296875e+02
4.161092958450317383e+02,1.540182800292968750e+02
4.161092958450317383e+02,1.540182800292968750e+02
4.161592958457767963e+02,1.535240478515625000e+02
4.162092958465218544e+02,1.530765686035156250e+02
4.162592958509922028e+02,1.526387939453125000e+02
4.163092958480119705e+02,1.522082061767578125e+02
4.163092958480119705e+02,1.522082061767578125e+02
4.165739354044198990e+02,1.584732055664062500e+02
4.168385749608278275e+02,1.955037231445312500e+02
4.171032145172357559e+02,2.359464111328125000e+02
4.173678540736436844e+02,2.586622009277343750e+02
4.173678540736436844e+02,2.586622009277343750e+02
4.175678540766239166e+02,2.669159240722656250e+02
4.175678540766239166e+02,2.669159240722656250e+02
4.185678540766239166e+02,2.547842254638671875e+02
4.195678540766239166e+02,2.338841247558593750e+02
4.205678540766239166e+02,2.141522827148437500e+02
4.215678540766239166e+02,1.974419860839843750e+02
4.225678540766239166e+02,1.836571044921875000e+02
4.235678540766239166e+02,1.723011627197265625e+02
4.245678540766239166e+02,1.628781738281250000e+02
4.255678540766239166e+02,1.549796905517578125e+02
4.255678540766239166e+02,1.549796905517578125e+02
4.256178540773689747e+02,1.544871673583984375e+02
4.256678540781140327e+02,1.540418548583984375e+02
4.257178540825843811e+02,1.536067352294921875e+02
4.257678540796041489e+02,1.531787261962890625e+02
4.257678540796041489e+02,1.531787261962890625e+02
4.260325378924608231e+02,1.577576293945312500e+02
4.262972217053174973e+02,1.863937835693359375e+02
4.265619054883718491e+02,2.273299713134765625e+02
4.268265893310308456e+02,2.538388061523437500e+02
4.268265893310308456e+02,2.538388061523437500e+02
4.270265893340110779e+02,2.645911254882812500e+02
4.270265893340110779e+02,2.645911254882812500e+02
4.280265893340110779e+02,2.552113342285156250e+02
4.290265893340110779e+02,2.347962188720703125e+02
4.300265893340110779e+02,2.151376953125000000e+02
4.310265893340110779e+02,1.984315643310546875e+02
4.320265893340110779e+02,1.846374359130859375e+02
4.330265893340110779e+02,1.732668457031250000e+02
4.340265893340110779e+02,1.638252105712890625e+02
4.350265893340110779e+02,1.559051208496093750e+02
4.350265893340110779e+02,1.559051208496093750e+02
4.350765893347561359e+02,1.554037933349609375e+02
4.351265893355011940e+02,1.549580841064453125e+02
4.351765893399715424e+02,1.545238800048828125e+02
4.352265893369913101e+02,1.540967407226562500e+02
4.352265893369913101e+02,1.540967407226562500e+02
4.354912600964307785e+02,1.588749237060546875e+02
4.357559308558702469e+02,1.901860198974609375e+02
4.360206015855073929e+02,2.285907287597656250e+02
4.362852723747491837e+02,2.525473937988281250e+02
4.362852723747491837e+02,2.525473937988281250e+02
4.364852723777294159e+02,2.622161254882812500e+02
4.364852723777294159e+02,2.622161254882812500e+02
4.374852723777294159e+02,2.536012573242187500e+02
4.384852723777294159e+02,2.343015594482421875e+02
4.394852723777294159e+02,2.153521118164062500e+02
4.404852723777294159e+02,1.990395202636718750e+02
4.414852723777294159e+02,1.854530181884765625e+02
4.424852723777294159e+02,1.741854858398437500e+02
4.434852723777294159e+02,1.647880554199218750e+02
4.444852723777294159e+02,1.568787994384765625e+02
4.444852723777294159e+02,1.568787994384765625e+02
4.445352723784744740e+02,1.563845672607421875e+02
4.445852723792195320e+02,1.559429473876953125e+02
4.446352723836898804e+02,1.555121002197265625e+02
4.446852723807096481e+02,1.550877075195312500e+02
4.446852723807096481e+02,1.550877075195312500e+02
4.449474702328443527e+02,1.592344665527343750e+02
4.452096680849790573e+02,1.897909088134765625e+02
4.454718659967184067e+02,2.270851593017578125e+02
4.457340637892484665e+02,2.506165161132812500e+02
4.457340637892484665e+02,2.506165161132812500e+02
4.459340637922286987e+02,2.603372497558593750e+02
4.459340637922286987e+02,2.603372497558593750e+02
4.469340637922286987e+02,2.529233398437500000e+02
4.479340637922286987e+02,2.345093841552734375e+02
4.489340637922286987e+02,2.160676422119140625e+02
4.499340637922286987e+02,2.000167846679687500e+02
4.509340637922286987e+02,1.865520172119140625e+02
4.519340637922286987e+02,1.753293762207031250e+02
4.529340637922286987e+02,1.659351043701171875e+02
4.539340637922286987e+02,1.580066833496093750e+02
4.539340637922286987e+02,1.580066833496093750e+02
4.539840637929737568e+02,1.575115051269531250e+02
4.540340637937188148e+02,1.570696411132812500e+02
4.540840637981891632e+02,1.566391754150390625e+02
4.541340637952089310e+02,1.562153320312500000e+02
4.541340637952089310e+02,1.562153320312500000e+02
4.543996792882680893e+02,1.594300079345703125e+02
4.546652947813272476e+02,1.853183288574218750e+02
4.549309102445840836e+02,2.216198272705078125e+02
4.551965257674455643e+02,2.468191986083984375e+02
4.551965257674455643e+02,2.468191986083984375e+02
4.553965257704257965e+02,2.579782104492187500e+02
4.553965257704257965e+02,2.579782104492187500e+02
4.563965257704257965e+02,2.529840087890625000e+02
4.573965257704257965e+02,2.352192840576171875e+02
4.583965257704257965e+02,2.169693298339843750e+02
4.593965257704257965e+02,2.009864501953125000e+02
4.603965257704257965e+02,1.875462188720703125e+02
4.613965257704257965e+02,1.763270721435546875e+02
4.623965257704257965e+02,1.669238586425781250e+02
4.633965257704257965e+02,1.589786682128906250e+02
4.633965257704257965e+02,1.589786682128906250e+02
4.634465257711708546e+02,1.584822692871093750e+02
4.634965257719159126e+02,1.580403137207031250e+02
4.635465257763862610e+02,1.576104278564453125e+02
4.635965257734060287e+02,1.571873626708984375e+02
4.635965257734060287e+02,1.571873626708984375e+02
4.638621445447206497e+02,1.628403625488281250e+02
4.641277633160352707e+02,1.886243286132812500e+02
4.643933820575475693e+02,2.220420684814453125e+02
4.646590008586645126e+02,2.451399230957031250e+02
4.646590008586645126e+02,2.451399230957031250e+02
4.648590008616447449e+02,2.555189514160156250e+02
4.648590008616447449e+02,2.555189514160156250e+02
4.658590008616447449e+02,2.512252349853515625e+02
4.668590008616447449e+02,2.344226684570312500e+02
4.678590008616447449e+02,2.168335571289062500e+02
4.688590008616447449e+02,2.012567749023437500e+02
4.698590008616447449e+02,1.880583648681640625e+02
4.708590008616447449e+02,1.769801940917968750e+02
4.718590008616447449e+02,1.676562042236328125e+02
4.728590008616447449e+02,1.597521514892578125e+02
4.728590008616447449e+02,1.597521514892578125e+02
4.729090008623898029e+02,1.592583312988281250e+02
4.729590008631348610e+02,1.588190917968750000e+02
4.730090008676052094e+02,1.583924255371093750e+02
4.730590008646249771e+02,1.579727172851562500e+02
4.730590008646249771e+02,1.579727172851562500e+02
4.733213153630495071e+02,1.596210479736328125e+02
4.735836298614740372e+02,1.798823852539062500e+02
4.738459443002939224e+02,2.139513854980468750e+02
4.741082588583230972e+02,2.402776641845703125e+02
4.741082588583230972e+02,2.402776641845703125e+02
4.743082588613033295e+02,2.529954833984375000e+02
4.743082588613033295e+02,2.529954833984375000e+02
4.753082588613033295e+02,2.516767120361328125e+02
4.763082588613033295e+02,2.355323181152343750e+02
4.773082588613033295e+02,2.180684967041015625e+02
4.783082588613033295e+02,2.024887695312500000e+02
4.793082588613033295e+02,1.892542877197265625e+02
4.803082588613033295e+02,1.781314086914062500e+02
4.813082588613033295e+02,1.687611999511718750e+02
4.823082588613033295e+02,1.608117523193359375e+02
4.823082588613033295e+02,1.608117523193359375e+02
4.823582588620483875e+02,1.603148803710937500e+02
4.824082588627934456e+02,1.598737945556640625e+02
4.824582588672637939e+02,1.594459838867187500e+02
4.825082588642835617e+02,1.590254211425781250e+02
4.825082588642835617e+02,1.590254211425781250e+02
4.827723092585802078e+02,1.612459716796875000e+02
4.830363596528768539e+02,1.835161285400390625e+02
4.833004100173711777e+02,2.160318603515625000e+02
4.835644604414701462e+02,2.400449371337890625e+02
4.835644604414701462e+02,2.400449371337890625e+02
4.837644604444503784e+02,2.514895935058593750e+02
4.837644604444503784e+02,2.514895935058593750e+02
4.847644604444503784e+02,2.503647918701171875e+02
4.857644604444503784e+02,2.351520996093750000e+02
4.867644604444503784e+02,2.183407745361328125e+02
4.877644604444503784e+02,2.031352233886718750e+02
4.887644604444503784e+02,1.901007537841796875e+02
4.897644604444503784e+02,1.790776824951171875e+02
4.907644604444503784e+02,1.697501831054687500e+02
4.917644604444503784e+02,1.618107757568359375e+02
4.917644604444503784e+02,1.618107757568359375e+02
4.918144604451954365e+02,1.613143920898437500e+02
4.918644604459404945e+02,1.608741149902343750e+02
4.919144604504108429e+02,1.604476318359375000e+02
4.919644604474306107e+02,1.600286254882812500e+02
4.919644604474306107e+02,1.600286254882812500e+02
4.922291046530008316e+02,1.638387603759765625e+02
4.924937488585710526e+02,1.864516754150390625e+02
4.927583930641412735e+02,2.163423614501953125e+02
4.930230372697114944e+02,2.385565643310546875e+02
4.930230372697114944e+02,2.385565643310546875e+02
4.932230372726917267e+02,2.494326934814453125e+02
4.932230372726917267e+02,2.494326934814453125e+02
4.942230372726917267e+02,2.491251068115234375e+02
4.952230372726917267e+02,2.347544250488281250e+02
4.962230372726917267e+02,2.184944763183593750e+02
4.972230372726917267e+02,2.036245727539062500e+02
4.982230372726917267e+02,1.907884521484375000e+02
4.992230372726917267e+02,1.798783416748046875e+02
5.002230372726917267e+02,1.706106872558593750e+02
5.012230372726917267e+02,1.626980285644531250e+02
5.012230372726917267e+02,1.626980285644531250e+02
5.012730372734367847e+02,1.621963806152343750e+02
5.013230372741818428e+02,1.617566528320312500e+02
5.013730372786521912e+02,1.613319549560546875e+02
5.014230372756719589e+02,1.609151306152343750e+02
5.014230372756719589e+02,1.609151306152343750e+02
5.016876848191022873e+02,1.633137969970703125e+02
5.019523323625326157e+02,1.805568389892578125e+02
5.022169799059629440e+02,2.095966339111328125e+02
5.024816274493932724e+02,2.340163574218750000e+02
5.024816274493932724e+02,2.340163574218750000e+02
5.026816274523735046e+02,2.467416076660156250e+02
5.026816274523735046e+02,2.467416076660156250e+02
5.036816274523735046e+02,2.490513763427734375e+02
5.046816274523735046e+02,2.352929687500000000e+02
5.056816274523735046e+02,2.192003021240234375e+02
5.066816274523735046e+02,2.043957977294921875e+02
5.076816274523735046e+02,1.915930480957031250e+02
5.086816274523735046e+02,1.806998138427734375e+02
5.096816274523735046e+02,1.714376678466796875e+02
5.106816274523735046e+02,1.635221405029296875e+02
5.106816274523735046e+02,1.635221405029296875e+02
5.107316274531185627e+02,1.630247497558593750e+02
5.107816274538636208e+02,1.625876007080078125e+02
5.108316274583339691e+02,1.621650848388671875e+02
5.108816274553537369e+02,1.617501678466796875e+02
5.108816274553537369e+02,1.617501678466796875e+02
5.111463183611631393e+02,1.640162048339843750e+02
5.114110092669725418e+02,1.831430664062500000e+02
5.116757002025842667e+02,2.112760620117187500e+02
5.119403910785913467e+02,2.337268676757812500e+02
5.119403910785913467e+02,2.337268676757812500e+02
5.121403910815715790e+02,2.452894744873046875e+02
5.121403910815715790e+02,2.452894744873046875e+02
5.131403910815715790e+02,2.476198577880859375e+02
5.141403910815715790e+02,2.347129364013671875e+02
5.151403910815715790e+02,2.192604827880859375e+02
5.161403910815715790e+02,2.048432006835937500e+02
5.171403910815715790e+02,1.922604064941406250e+02
5.181403910815715790e+02,1.814869995117187500e+02
5.191403910815715790e+02,1.722855377197265625e+02
5.201403910815715790e+02,1.643954620361328125e+02
5.201403910815715790e+02,1.643954620361328125e+02
5.201903910823166370e+02,1.638992767333984375e+02
5.202403910830616951e+02,1.634635162353515625e+02
5.202903910875320435e+02,1.630428314208984375e+02
5.203403910845518112e+02,1.626300048828125000e+02
5.203403910845518112e+02,1.626300048828125000e+02
5.206026210337877274e+02,1.647510986328125000e+02
5.208648509830236435e+02,1.832716979980468750e+02
5.211270809620618820e+02,2.104149780273437500e+02
5.213893108814954758e+02,2.322220001220703125e+02
5.213893108814954758e+02,2.322220001220703125e+02
5.215893108844757080e+02,2.436515502929687500e+02
5.215893108844757080e+02,2.436515502929687500e+02
5.225893108844757080e+02,2.468213806152343750e+02
5.235893108844757080e+02,2.346975860595703125e+02
5.245893108844757080e+02,2.197455291748046875e+02
5.255893108844757080e+02,2.056135406494140625e+02
5.265893108844757080e+02,1.931827850341796875e+02
5.275893108844757080e+02,1.824828796386718750e+02
5.285893108844757080e+02,1.733090362548828125e+02
5.295893108844757080e+02,1.654197845458984375e+02
5.295893108844757080e+02,1.654197845458984375e+02
5.296393108852207661e+02,1.649232482910156250e+02
5.296893108859658241e+02,1.644875030517578125e+02
5.297393108904361725e+02,1.640673217773437500e+02
5.297893108874559402e+02,1.636552734375000000e+02
5.297893108874559402e+02,1.636552734375000000e+02
5.300549328476190567e+02,1.652843170166015625e+02
5.303205548077821732e+02,1.807162170410156250e+02
5.305861767679452896e+02,2.064614715576171875e+02
5.308517987281084061e+02,2.289905242919921875e+02
5.308517987281084061e+02,2.289905242919921875e+02
5.310517987310886383e+02,2.413352203369140625e+02
5.310517987310886383e+02,2.413352203369140625e+02
5.320517987310886383e+02,2.466097869873046875e+02
5.330517987310886383e+02,2.351533050537109375e+02
5.340517987310886383e+02,2.204318695068359375e+02
5.350517987310886383e+02,2.063996887207031250e+02
5.360517987310886383e+02,1.940195159912109375e+02
5.370517987310886383e+02,1.833450317382812500e+02
5.380517987310886383e+02,1.741807403564453125e+02
5.390517987310886383e+02,1.662902069091796875e+02
5.390517987310886383e+02,1.662902069091796875e+02
5.391017987318336964e+02,1.657928619384765625e+02
5.391517987325787544e+02,1.653571014404296875e+02
5.392017987370491028e+02,1.649374389648437500e+02
5.392517987340688705e+02,1.645262908935546875e+02
5.392517987340688705e+02,1.645262908935546875e+02
5.395174058526754379e+02,1.673916015625000000e+02
5.397830129712820053e+02,1.833622741699218750e+02
5.400486200898885727e+02,2.075219879150390625e+02
5.403142272084951401e+02,2.282920074462890625e+02
5.403142272084951401e+02,2.282920074462890625e+02
5.405142272114753723e+02,2.397374114990234375e+02
5.405142272114753723e+02,2.397374114990234375e+02
5.415142272114753723e+02,2.450368652343750000e+02
5.425142272114753723e+02,2.342831878662109375e+02
5.435142272114753723e+02,2.201414794921875000e+02
5.445142272114753723e+02,2.064996795654296875e+02
5.455142272114753723e+02,1.943690490722656250e+02
5.465142272114753723e+02,1.838508605957031250e+02
5.475142272114753723e+02,1.747825317382812500e+02
5.485142272114753723e+02,1.669488372802734375e+02
5.485142272114753723e+02,1.669488372802734375e+02
5.485642272122204304e+02,1.664545440673828125e+02
5.486142272129654884e+02,1.660216674804687500e+02
5.486642272174358368e+02,1.656052398681640625e+02
5.487142272144556046e+02,1.651975250244140625e+02
5.487142272144556046e+02,1.651975250244140625e+02
5.489765630215406418e+02,1.656390686035156250e+02
5.492388988286256790e+02,1.779745483398437500e+02
5.495012346655130386e+02,2.014998016357421875e+02
5.497635704427957535e+02,2.237622985839843750e+02
5.497635704427957535e+02,2.237622985839843750e+02
5.499635704457759857e+02,2.367316741943359375e+02
5.499635704457759857e+02,2.367316741943359375e+02
5.509635704457759857e+02,2.447835388183593750e+02
5.519635704457759857e+02,2.348791961669921875e+02
5.529635704457759857e+02,2.210106811523437500e+02
5.539635704457759857e+02,2.074589691162109375e+02
5.549635704457759857e+02,1.953525085449218750e+02
5.559635704457759857e+02,1.848312072753906250e+02
5.569635704457759857e+02,1.757469787597656250e+02
5.579635704457759857e+02,1.678908233642578125e+02
5.579635704457759857e+02,1.678908233642578125e+02
5.580135704465210438e+02,1.673943786621093750e+02
5.580635704472661018e+02,1.669602508544921875e+02
5.581135704517364502e+02,1.665430908203125000e+02
5.581635704487562180e+02,1.661349945068359375e+02
5.581635704487562180e+02,1.661349945068359375e+02
5.584281820207834244e+02,1.670048980712890625e+02
5.586927935928106308e+02,1.803347930908203125e+02
5.589574051946401596e+02,2.032326660156250000e+02
5.592220167368650436e+02,2.241100158691406250e+02
5.592220167368650436e+02,2.241100158691406250e+02
5.594220167398452759e+02,2.360901336669921875e+02
5.594220167398452759e+02,2.360901336669921875e+02
5.604220167398452759e+02,2.438650817871093750e+02
5.614220167398452759e+02,2.345634155273437500e+02
5.624220167398452759e+02,2.212106170654296875e+02
5.634220167398452759e+02,2.079890441894531250e+02
5.644220167398452759e+02,1.960765533447265625e+02
5.654220167398452759e+02,1.856631469726562500e+02
5.664220167398452759e+02,1.766340637207031250e+02
5.674220167398452759e+02,1.688007202148437500e+02
5.674220167398452759e+02,1.688007202148437500e+02
5.674720167405903339e+02,1.683050994873046875e+02
5.675220167413353920e+02,1.678719329833984375e+02
5.675720167458057404e+02,1.674561004638671875e+02
5.676220167428255081e+02,1.670495758056640625e+02
5.676220167428255081e+02,1.670495758056640625e+02
5.678866302520036697e+02,1.689793548583984375e+02
5.681512437611818314e+02,1.825944061279296875e+02
5.684158573299646378e+02,2.039590148925781250e+02
5.686804707795381546e+02,2.233894500732421875e+02
5.686804707795381546e+02,2.233894500732421875e+02
5.688804707825183868e+02,2.347252960205078125e+02
5.688804707825183868e+02,2.347252960205078125e+02
5.698804707825183868e+02,2.427622222900390625e+02
5.708804707825183868e+02,2.340954895019531250e+02
5.718804707825183868e+02,2.212306060791015625e+02
5.728804707825183868e+02,2.083327331542968750e+02
5.738804707825183868e+02,1.966253051757812500e+02
5.748804707825183868e+02,1.863378906250000000e+02
5.758804707825183868e+02,1.773829803466796875e+02
5.768804707825183868e+02,1.695899658203125000e+02
5.768804707825183868e+02,1.695899658203125000e+02
5.769304707832634449e+02,1.690962829589843750e+02
5.769804707840085030e+02,1.686649780273437500e+02
5.770304707884788513e+02,1.682513885498046875e+02
5.770804707854986191e+02,1.678472595214843750e+02
5.770804707854986191e+02,1.678472595214843750e+02
5.773451391011476517e+02,1.686865692138671875e+02
5.776098074167966843e+02,1.792193298339843750e+02
5.778744757026433945e+02,1.992654418945312500e+02
5.781391440480947495e+02,2.194839935302734375e+02
5.781391440480947495e+02,2.194839935302734375e+02
5.783391440510749817e+02,2.318930511474609375e+02
5.783391440510749817e+02,2.318930511474609375e+02
5.793391440510749817e+02,2.422000579833984375e+02
5.803391440510749817e+02,2.342497711181640625e+02
5.813391440510749817e+02,2.216427764892578125e+02
5.823391440510749817e+02,2.088666839599609375e+02
5.833391440510749817e+02,1.972299652099609375e+02
5.843391440510749817e+02,1.869868927001953125e+02
5.853391440510749817e+02,1.780593109130859375e+02
5.863391440510749817e+02,1.702814331054687500e+02
5.863391440510749817e+02,1.702814331054687500e+02
5.863891440518200397e+02,1.697817840576171875e+02
5.864391440525650978e+02,1.693497467041015625e+02
5.864891440570354462e+02,1.689364624023437500e+02
5.865391440540552139e+02,1.685332031250000000e+02
5.865391440540552139e+02,1.685332031250000000e+02
5.868037547320127487e+02,1.692409667968750000e+02
5.870683654099702835e+02,1.806049957275390625e+02
5.873329761177301407e+02,2.004609222412109375e+02
5.875975867658853531e+02,2.195911712646484375e+02
5.875975867658853531e+02,2.195911712646484375e+02
5.877975867688655853e+02,2.311498260498046875e+02
5.877975867688655853e+02,2.311498260498046875e+02
5.887975867688655853e+02,2.410664825439453125e+02
5.897975867688655853e+02,2.336742858886718750e+02
5.907975867688655853e+02,2.215920715332031250e+02
5.917975867688655853e+02,2.091702880859375000e+02
5.927975867688655853e+02,1.977531127929687500e+02
5.937975867688655853e+02,1.876412048339843750e+02
5.947975867688655853e+02,1.787889251708984375e+02
5.957975867688655853e+02,1.710511016845703125e+02
5.957975867688655853e+02,1.710511016845703125e+02
5.958475867696106434e+02,1.705574951171875000e+02
5.958975867703557014e+02,1.701295928955078125e+02
5.959475867748260498e+02,1.697199707031250000e+02
5.959975867718458176e+02,1.693201293945312500e+02
5.959975867718458176e+02,1.693201293945312500e+02
5.962598393410444260e+02,1.701239318847656250e+02
5.965220919102430344e+02,1.812447204589843750e+02
5.967843444794416428e+02,2.002034606933593750e+02
5.970465970486402512e+02,2.185447998046875000e+02
5.970465970486402512e+02,2.185447998046875000e+02
5.972465970516204834e+02,2.298333587646484375e+02
5.972465970516204834e+02,2.298333587646484375e+02
5.982465970516204834e+02,2.402738189697265625e+02
5.992465970516204834e+02,2.335400390625000000e+02
6.002465970516204834e+02,2.219211273193359375e+02
6.012465970516204834e+02,2.097845916748046875e+02
6.022465970516204834e+02,1.985331878662109375e+02
6.032465970516204834e+02,1.885122528076171875e+02
6.042465970516204834e+02,1.797047576904296875e+02
6.052465970516204834e+02,1.719830932617187500e+02
6.052465970516204834e+02,1.719830932617187500e+02
6.052965970523655415e+02,1.714897766113281250e+02
6.053465970531105995e+02,1.710623168945312500e+02
6.053965970575809479e+02,1.706534881591796875e+02
6.054465970546007156e+02,1.702546691894531250e+02
6.054465970546007156e+02,1.702546691894531250e+02
6.057122336477041245e+02,1.707698211669921875e+02
6.059778702408075333e+02,1.799512023925781250e+02
6.062435068637132645e+02,1.975328369140625000e+02
6.065091434270143509e+02,2.159697723388671875e+02
6.065091434270143509e+02,2.159697723388671875e+02
6.067091434299945831e+02,2.277296600341796875e+02
6.067091434299945831e+02,2.277296600341796875e+02
6.077091434299945831e+02,2.398540954589843750e+02
6.087091434299945831e+02,2.337601623535156250e+02
6.097091434299945831e+02,2.223947143554687500e+02
6.107091434299945831e+02,2.103820190429687500e+02
6.117091434299945831e+02,1.992023773193359375e+02
6.127091434299945831e+02,1.892256011962890625e+02
6.137091434299945831e+02,1.804444122314453125e+02
6.147091434299945831e+02,1.727363433837890625e+02
6.147091434299945831e+02,1.727363433837890625e+02
6.147591434307396412e+02,1.722428741455078125e+02
6.148091434314846992e+02,1.718158721923828125e+02
6.148591434359550476e+02,1.714078674316406250e+02
6.149091434329748154e+02,1.710101318359375000e+02
6.149091434329748154e+02,1.710101318359375000e+02
6.151747816354036331e+02,1.720683593750000000e+02
6.154404198378324509e+02,1.817785797119140625e+02
6.157060580700635910e+02,1.987199096679687500e+02
6.159716962426900864e+02,2.159552307128906250e+02
6.159716962426900864e+02,2.159552307128906250e+02
6.161716962456703186e+02,2.268974609375000000e+02
6.161716962456703186e+02,2.268974609375000000e+02
6.171716962456703186e+02,2.385476837158203125e+02
6.181716962456703186e+02,2.328973846435546875e+02
6.191716962456703186e+02,2.220106658935546875e+02
6.201716962456703186e+02,2.103549041748046875e+02
6.211716962456703186e+02,1.994190521240234375e+02
6.221716962456703186e+02,1.896041412353515625e+02
6.231716962456703186e+02,1.809287872314453125e+02
6.241716962456703186e+02,1.732886047363281250e+02
6.241716962456703186e+02,1.732886047363281250e+02
6.242216962464153767e+02,1.727986297607421875e+02
6.242716962471604347e+02,1.723748321533203125e+02
6.243216962516307831e+02,1.719701995849609375e+02
6.243716962486505508e+02,1.715760040283203125e+02
6.243716962486505508e+02,1.715760040283203125e+02
6.246340056210756302e+02,1.712392883300781250e+02
6.248963149935007095e+02,1.784218292236328125e+02
6.251586243659257889e+02,1.942818145751953125e+02
6.254209337383508682e+02,2.120177764892578125e+02
6.254209337383508682e+02,2.120177764892578125e+02
6.256209337413311005e+02,2.238863830566406250e+02
6.256209337413311005e+02,2.238863830566406250e+02
6.266209337413311005e+02,2.378669891357421875e+02
6.276209337413311005e+02,2.331058807373046875e+02
6.286209337413311005e+02,2.225691070556640625e+02
6.296209337413311005e+02,2.110633392333984375e+02
6.306209337413311005e+02,2.001955261230468750e+02
6.316209337413311005e+02,1.904105987548828125e+02
6.326209337413311005e+02,1.817451934814453125e+02
6.336209337413311005e+02,1.741033172607421875e+02
6.336209337413311005e+02,1.741033172607421875e+02
6.336709337420761585e+02,1.736122131347656250e+02
6.337209337428212166e+02,1.731879882812500000e+02
6.337709337472915649e+02,1.727832946777343750e+02
6.338209337443113327e+02,1.723892974853515625e+02
6.338209337443113327e+02,1.723892974853515625e+02
6.340856006592512131e+02,1.723612060546875000e+02
6.343502675741910934e+02,1.802058410644531250e+02
6.346149344891309738e+02,1.957968139648437500e+02
6.348796014040708542e+02,2.126219940185546875e+02
6.348796014040708542e+02,2.126219940185546875e+02
6.350796014070510864e+02,2.237102966308593750e+02
6.350796014070510864e+02,2.237102966308593750e+02
6.360796014070510864e+02,2.372095794677734375e+02
6.370796014070510864e+02,2.328477020263671875e+02
6.380796014070510864e+02,2.227267761230468750e+02
6.390796014070510864e+02,2.115116729736328125e+02
6.400796014070510864e+02,2.008268585205078125e+02
6.410796014070510864e+02,1.911513824462890625e+02
6.420796014070510864e+02,1.825477905273437500e+02
6.430796014070510864e+02,1.749370574951171875e+02
6.430796014070510864e+02,1.749370574951171875e+02
6.431296014077961445e+02,1.744470977783203125e+02
6.431796014085412025e+02,1.740240325927734375e+02
6.432296014130115509e+02,1.736207427978515625e+02
6.432796014100313187e+02,1.732283477783203125e+02
6.432796014100313187e+02,1.732283477783203125e+02
6.435442579835653305e+02,1.739429016113281250e+02
6.438089145570993423e+02,1.820803222656250000e+02
6.440735711604356766e+02,1.967638854980468750e+02
6.443382277041673660e+02,2.124742889404296875e+02
6.443382277041673660e+02,2.124742889404296875e+02
6.445382277071475983e+02,2.229352111816406250e+02
6.445382277071475983e+02,2.229352111816406250e+02
6.455382277071475983e+02,2.362718048095703125e+02
6.465382277071475983e+02,2.323372192382812500e+02
6.475382277071475983e+02,2.226261901855468750e+02
6.485382277071475983e+02,2.117119140625000000e+02
6.495382277071475983e+02,2.012318420410156250e+02
6.505382277071475983e+02,1.916910400390625000e+02
6.515382277071475983e+02,1.831734924316406250e+02
6.525382277071475983e+02,1.756155548095703125e+02
6.525382277071475983e+02,1.756155548095703125e+02
6.525882277078926563e+02,1.751230468750000000e+02
6.526382277086377144e+02,1.747010040283203125e+02
6.526882277131080627e+02,1.742993621826171875e+02
6.527382277101278305e+02,1.739089965820312500e+02
6.527382277101278305e+02,1.739089965820312500e+02
6.530028807073831558e+02,1.737295837402343750e+02
6.532675337046384811e+02,1.799173126220703125e+02
6.535321866720914841e+02,1.934280700683593750e+02
6.537968396991491318e+02,2.093081970214843750e+02
6.537968396991491318e+02,2.093081970214843750e+02
6.539968397021293640e+02,2.203579559326171875e+02
6.539968397021293640e+02,2.203579559326171875e+02
6.549968397021293640e+02,2.355030975341796875e+02
6.559968397021293640e+02,2.322654571533203125e+02
6.569968397021293640e+02,2.228423004150390625e+02
6.579968397021293640e+02,2.120757751464843750e+02
6.589968397021293640e+02,2.016867370605468750e+02
6.599968397021293640e+02,1.922072601318359375e+02
6.609968397021293640e+02,1.837318725585937500e+02
6.619968397021293640e+02,1.762022552490234375e+02
6.619968397021293640e+02,1.762022552490234375e+02
6.620468397028744221e+02,1.757138366699218750e+02
6.620968397036194801e+02,1.752950439453125000e+02
6.621468397080898285e+02,1.748963470458984375e+02
6.621968397051095963e+02,1.745088043212890625e+02
6.621968397051095963e+02,1.745088043212890625e+02
6.624615197628736496e+02,1.743363189697265625e+02
6.627261998206377029e+02,1.809735260009765625e+02
6.629908799082040787e+02,1.944841308593750000e+02
6.632555599361658096e+02,2.096757965087890625e+02
6.632555599361658096e+02,2.096757965087890625e+02
6.634555599391460419e+02,2.200600433349609375e+02
6.634555599391460419e+02,2.200600433349609375e+02
6.644555599391460419e+02,2.345643768310546875e+02
6.654555599391460419e+02,2.316732177734375000e+02
6.664555599391460419e+02,2.226832885742187500e+02
6.674555599391460419e+02,2.122410888671875000e+02
6.684555599391460419e+02,2.020676116943359375e+02
6.694555599391460419e+02,1.927257232666015625e+02
6.704555599391460419e+02,1.843359222412109375e+02
6.714555599391460419e+02,1.768576049804687500e+02
6.714555599391460419e+02,1.768576049804687500e+02
6.715055599398910999e+02,1.763715362548828125e+02
6.715555599406361580e+02,1.759549407958984375e+02
6.716055599451065063e+02,1.755586242675781250e+02
6.716555599421262741e+02,1.751735839843750000e+02
6.716555599421262741e+02,1.751735839843750000e+02
6.719178445786237717e+02,1.750803985595703125e+02
6.721801292151212692e+02,1.815597686767578125e+02
6.724424138516187668e+02,1.944559020996093750e+02
6.727046984881162643e+02,2.089927520751953125e+02
6.727046984881162643e+02,2.089927520751953125e+02
6.729046984910964966e+02,2.190964050292968750e+02
6.729046984910964966e+02,2.190964050292968750e+02
6.739046984910964966e+02,2.338497772216796875e+02
6.749046984910964966e+02,2.314734954833984375e+02
6.759046984910964966e+02,2.228928680419921875e+02
6.769046984910964966e+02,2.127233581542968750e+02
6.779046984910964966e+02,2.027202148437500000e+02
6.789046984910964966e+02,1.934801788330078125e+02
6.799046984910964966e+02,1.851477203369140625e+02
6.809046984910964966e+02,1.776978759765625000e+02
6.809046984910964966e+02,1.776978759765625000e+02
6.809546984918415546e+02,1.772126770019531250e+02
6.810046984925866127e+02,1.767970275878906250e+02
6.810546984970569611e+02,1.764018859863281250e+02
6.811046984940767288e+02,1.760182037353515625e+02
6.811046984940767288e+02,1.760182037353515625e+02
6.813703056126832962e+02,1.758008575439453125e+02
6.816359127312898636e+02,1.811368560791015625e+02
6.819015199095010757e+02,1.928686828613281250e+02
6.821671269685029984e+02,2.071107788085937500e+02
6.821671269685029984e+02,2.071107788085937500e+02
6.823671269714832306e+02,2.173242950439453125e+02
6.823671269714832306e+02,2.173242950439453125e+02
6.833671269714832306e+02,2.332888183593750000e+02
6.843671269714832306e+02,2.314983215332031250e+02
6.853671269714832306e+02,2.231847076416015625e+02
6.863671269714832306e+02,2.131568145751953125e+02
6.873671269714832306e+02,2.032407836914062500e+02
6.883671269714832306e+02,1.940585327148437500e+02
6.893671269714832306e+02,1.857648925781250000e+02
6.903671269714832306e+02,1.783402709960937500e+02
6.903671269714832306e+02,1.783402709960937500e+02
6.904171269722282887e+02,1.778555297851562500e+02
6.904671269729733467e+02,1.774408416748046875e+02
6.905171269774436951e+02,1.770468902587890625e+02
6.905671269744634628e+02,1.766645812988281250e+02
6.905671269744634628e+02,1.766645812988281250e+02
6.908327180892229080e+02,1.766398925781250000e+02
6.910983092039823532e+02,1.823159332275390625e+02
6.913639002889394760e+02,1.938549041748046875e+02
6.916294914335012436e+02,2.073901977539062500e+02
6.916294914335012436e+02,2.073901977539062500e+02
6.918294914364814758e+02,2.169950714111328125e+02
6.918294914364814758e+02,2.169950714111328125e+02
6.928294914364814758e+02,2.322642974853515625e+02
6.938294914364814758e+02,2.306973266601562500e+02
6.948294914364814758e+02,2.227522125244140625e+02
6.958294914364814758e+02,2.130347747802734375e+02
6.968294914364814758e+02,2.033465576171875000e+02
6.978294914364814758e+02,1.943242950439453125e+02
6.988294914364814758e+02,1.861410217285156250e+02
6.998294914364814758e+02,1.787915496826171875e+02
6.998294914364814758e+02,1.787915496826171875e+02
6.998794914372265339e+02,1.783106689453125000e+02
6.999294914379715919e+02,1.778994598388671875e+02
6.999794914424419403e+02,1.775090789794921875e+02
7.000294914394617081e+02,1.771304168701171875e+02
7.000294914394617081e+02,1.771304168701171875e+02
7.002918221205472946e+02,1.763162384033203125e+02
7.005541528016328812e+02,1.803499298095703125e+02
7.008164834529161453e+02,1.907950744628906250e+02
7.010788141638040543e+02,2.042354888916015625e+02
7.010788141638040543e+02,2.042354888916015625e+02
7.012788141667842865e+02,2.142825317382812500e+02
7.012788141667842865e+02,2.142825317382812500e+02
7.022788141667842865e+02,2.313371276855468750e+02
7.032788141667842865e+02,2.306179504394531250e+02
7.042788141667842865e+02,2.230617980957031250e+02
7.052788141667842865e+02,2.135343933105468750e+02
7.062788141667842865e+02,2.039458923339843750e+02
7.072788141667842865e+02,1.949783630371093750e+02
7.082788141667842865e+02,1.868249664306640625e+02
7.092788141667842865e+02,1.794903106689453125e+02
7.092788141667842865e+02,1.794903106689453125e+02
7.093288141675293446e+02,1.790092010498046875e+02
7.093788141682744026e+02,1.785983276367187500e+02
7.094288141727447510e+02,1.782085113525390625e+02
7.094788141697645187e+02,1.778306121826171875e+02
7.094788141697645187e+02,1.778306121826171875e+02
7.097434727996587753e+02,1.772168884277343750e+02
7.100081314295530319e+02,1.816074829101562500e+02
7.102727900594472885e+02,1.919330902099609375e+02
7.105374486893415451e+02,2.048382720947265625e+02
7.105374486893415451e+02,2.048382720947265625e+02
7.107374486923217773e+02,2.143469085693359375e+02
7.107374486923217773e+02,2.143469085693359375e+02
7.117374486923217773e+02,2.308855133056640625e+02
7.127374486923217773e+02,2.304037017822265625e+02
7.137374486923217773e+02,2.231677093505859375e+02
7.147374486923217773e+02,2.138887634277343750e+02
7.157374486923217773e+02,2.044693145751953125e+02
7.167374486923217773e+02,1.956107330322265625e+02
7.177374486923217773e+02,1.875246734619140625e+02
7.187374486923217773e+02,1.802291107177734375e+02
7.187374486923217773e+02,1.802291107177734375e+02
7.187874486930668354e+02,1.797495117187500000e+02
7.188374486938118935e+02,1.793401336669921875e+02
7.188874486982822418e+02,1.789519958496093750e+02
7.189374486953020096e+02,1.785758972167968750e+02
7.189374486953020096e+02,1.785758972167968750e+02
7.192021180242300034e+02,1.784244842529296875e+02
7.194667873531579971e+02,1.831265258789062500e+02
7.197314566522836685e+02,1.930087432861328125e+02
7.199961260110139847e+02,2.051169586181640625e+02
7.199961260110139847e+02,2.051169586181640625e+02
7.201961260139942169e+02,2.140623626708984375e+02
7.201961260139942169e+02,2.140623626708984375e+02
7.211961260139942169e+02,2.301288604736328125e+02
7.221961260139942169e+02,2.298954620361328125e+02
7.231961260139942169e+02,2.229935760498046875e+02
7.241961260139942169e+02,2.139867858886718750e+02
7.251961260139942169e+02,2.047641448974609375e+02
7.261961260139942169e+02,1.960417327880859375e+02
7.271961260139942169e+02,1.880475158691406250e+02
7.281961260139942169e+02,1.808122863769531250e+02
7.281961260139942169e+02,1.808122863769531250e+02
7.282461260147392750e+02,1.803313293457031250e+02
7.282961260154843330e+02,1.799234466552734375e+02
7.283461260199546814e+02,1.795371551513671875e+02
7.283961260169744492e+02,1.791631469726562500e+02
7.283961260169744492e+02,1.791631469726562500e+02
7.286607974022626877e+02,1.784354553222656250e+02
7.289254687875509262e+02,1.818418731689453125e+02
7.291901402324438095e+02,1.907213745117187500e+02
7.294548115581274033e+02,2.026576538085937500e+02
7.294548115581274033e+02,2.026576538085937500e+02
7.296548115611076355e+02,2.118510437011718750e+02
7.296548115611076355e+02,2.118510437011718750e+02
7.306548115611076355e+02,2.292345275878906250e+02
7.316548115611076355e+02,2.296252899169921875e+02
7.326548115611076355e+02,2.230185546875000000e+02
7.336548115611076355e+02,2.141761474609375000e+02
7.346548115611076355e+02,2.050600280761718750e+02
7.356548115611076355e+02,1.964127349853515625e+02
7.366548115611076355e+02,1.884732208251953125e+02
7.376548115611076355e+02,1.812778930664062500e+02
7.376548115611076355e+02,1.812778930664062500e+02
7.377048115618526936e+02,1.808010101318359375e+02
7.377548115625977516e+02,1.803966522216796875e+02
7.378048115670681000e+02,1.800137023925781250e+02
7.378548115640878677e+02,1.796428985595703125e+02
7.378548115640878677e+02,1.796428985595703125e+02
7.381193210631608963e+02,1.789132232666015625e+02
7.383838305622339249e+02,1.825496826171875000e+02
7.386483401209115982e+02,1.914770660400390625e+02
7.389128495603799820e+02,2.030073852539062500e+02
7.389128495603799820e+02,2.030073852539062500e+02
7.391128495633602142e+02,2.117397308349609375e+02
7.391128495633602142e+02,2.117397308349609375e+02
7.401128495633602142e+02,2.284429626464843750e+02
7.411128495633602142e+02,2.290248718261718750e+02
7.421128495633602142e+02,2.227639617919921875e+02
7.431128495633602142e+02,2.142104187011718750e+02
7.441128495633602142e+02,2.053005828857421875e+02
7.451128495633602142e+02,1.967934722900390625e+02
7.461128495633602142e+02,1.889472503662109375e+02
7.471128495633602142e+02,1.818128662109375000e+02
7.471128495633602142e+02,1.818128662109375000e+02
7.471628495641052723e+02,1.813388519287109375e+02
7.472128495648503304e+02,1.809371795654296875e+02
7.472628495693206787e+02,1.805569763183593750e+02
7.473128495663404465e+02,1.801890106201171875e+02
7.473128495663404465e+02,1.801890106201171875e+02
7.475751755088567734e+02,1.795919647216796875e+02
7.478375014513731003e+02,1.832203369140625000e+02
7.480998273938894272e+02,1.917337646484375000e+02
7.483621533364057541e+02,2.026944580078125000e+02
7.483621533364057541e+02,2.026944580078125000e+02
7.485621533393859863e+02,2.111176452636718750e+02
7.485621533393859863e+02,2.111176452636718750e+02
7.495621533393859863e+02,2.278252716064453125e+02
7.505621533393859863e+02,2.287967529296875000e+02
7.515621533393859863e+02,2.228940734863281250e+02
7.525621533393859863e+02,2.145965728759765625e+02
7.535621533393859863e+02,2.058554229736328125e+02
7.545621533393859863e+02,1.974549255371093750e+02
7.555621533393859863e+02,1.896733398437500000e+02
7.565621533393859863e+02,1.825754699707031250e+02
7.565621533393859863e+02,1.825754699707031250e+02
7.566121533401310444e+02,1.821027526855468750e+02
7.566621533408761024e+02,1.817023925781250000e+02
7.567121533453464508e+02,1.813236694335937500e+02
7.567621533423662186e+02,1.809573059082031250e+02
7.567621533423662186e+02,1.809573059082031250e+02
7.570277462750673294e+02,1.802186279296875000e+02
7.572933392077684402e+02,1.830687866210937500e+02
7.575589321404695511e+02,1.907167968750000000e+02
7.578245250731706619e+02,2.013420410156250000e+02
7.578245250731706619e+02,2.013420410156250000e+02
7.580245250761508942e+02,2.097394256591796875e+02
7.580245250761508942e+02,2.097394256591796875e+02
7.590245250761508942e+02,2.272929687500000000e+02
7.600245250761508942e+02,2.287498626708984375e+02
7.610245250761508942e+02,2.230896453857421875e+02
7.620245250761508942e+02,2.149287567138671875e+02
7.630245250761508942e+02,2.062759857177734375e+02
7.640245250761508942e+02,1.979372558593750000e+02
7.650245250761508942e+02,1.901999053955078125e+02
7.660245250761508942e+02,1.831333618164062500e+02
7.660245250761508942e+02,1.831333618164062500e+02
7.660745250768959522e+02,1.826614379882812500e+02
7.661245250776410103e+02,1.822623291015625000e+02
7.661745250821113586e+02,1.818849487304687500e+02
7.662245250791311264e+02,1.815200653076171875e+02
7.662245250791311264e+02,1.815200653076171875e+02
7.663573435842990875e+02,1.806417083740234375e+02
7.664901620894670486e+02,1.800572204589843750e+02
7.666229806095361710e+02,1.801900177001953125e+02
7.666826238781213760e+02,1.804433593750000000e+02
7.666827646046876907e+02,1.804439697265625000e+02
7.666934294849634171e+02,1.804958496093750000e+02
7.666937519460916519e+02,1.804974212646484375e+02
7.667038921564817429e+02,1.805531005859375000e+02
7.667042385488748550e+02,1.805550079345703125e+02
7.667146434634923935e+02,1.806191406250000000e+02
7.667149038761854172e+02,1.806207427978515625e+02
7.668477223962545395e+02,1.829749145507812500e+02
7.669805409163236618e+02,1.868981018066406250e+02
7.671133594363927841e+02,1.920509796142578125e+02
7.672042242735624313e+02,1.959864959716796875e+02
7.672045703977346420e+02,1.960014953613281250e+02
7.672870731204748154e+02,1.997721557617187500e+02
7.672870731204748154e+02,1.997721557617187500e+02
7.674870731234550476e+02,2.085889739990234375e+02
7.674870731234550476e+02,2.085889739990234375e+02
7.684870731234550476e+02,2.261668243408203125e+02
7.694870731234550476e+02,2.279372406005859375e+02
7.704870731234550476e+02,2.226668090820312500e+02
7.714870731234550476e+02,2.148211669921875000e+02
7.724870731234550476e+02,2.063921813964843750e+02
7.734870731234550476e+02,1.982057037353515625e+02
7.744870731234550476e+02,1.905704193115234375e+02
7.754870731234550476e+02,1.835716552734375000e+02
7.754870731234550476e+02,1.835716552734375000e+02
7.755370731242001057e+02,1.831030120849609375e+02
7.755870731249451637e+02,1.827069091796875000e+02
7.756370731294155121e+02,1.823326110839843750e+02
7.756870731264352798e+02,1.819708404541015625e+02
7.756870731264352798e+02,1.819708404541015625e+02
7.758182386159896851e+02,1.810832977294921875e+02
7.759494041055440903e+02,1.803582458496093750e+02
7.760805696099996567e+02,1.800957031250000000e+02
7.761653926819562912e+02,1.802467041015625000e+02
7.761655745059251785e+02,1.802470397949218750e+02
7.761746877282857895e+02,1.802672119140625000e+02
7.761750048846006393e+02,1.802679138183593750e+02
7.761843168884515762e+02,1.802929229736328125e+02
7.761846330314874649e+02,1.802937774658203125e+02
7.761937753111124039e+02,1.803227539062500000e+02
7.761939516812562943e+02,1.803233032226562500e+02
7.763251171261072159e+02,1.821527099609375000e+02
7.764562826305627823e+02,1.855989532470703125e+02
7.765874481350183487e+02,1.904265747070312500e+02
7.767186136394739151e+02,1.961311187744140625e+02
7.767363970428705215e+02,1.969195861816406250e+02
7.767363970428705215e+02,1.969195861816406250e+02
7.769363970458507538e+02,2.059399719238281250e+02
7.769363970458507538e+02,2.059399719238281250e+02
7.779363970458507538e+02,2.251263885498046875e+02
7.789363970458507538e+02,2.277743682861328125e+02
7.799363970458507538e+02,2.229274291992187500e+02
7.809363970458507538e+02,2.152903137207031250e+02
7.819363970458507538e+02,2.069694519042968750e+02
7.829363970458507538e+02,1.988414154052734375e+02
7.839363970458507538e+02,1.912377777099609375e+02
7.849363970458507538e+02,1.842548828125000000e+02
7.849363970458507538e+02,1.842548828125000000e+02
7.849863970465958118e+02,1.837859802246093750e+02
7.850363970473408699e+02,1.833901824951171875e+02
7.850863970518112183e+02,1.830164031982421875e+02
7.851363970488309860e+02,1.826552886962890625e+02
7.851363970488309860e+02,1.826552886962890625e+02
7.852687270194292068e+02,1.817724761962890625e+02
7.854010569900274277e+02,1.810939636230468750e+02
7.855333869606256485e+02,1.809537200927734375e+02
7.856113897114992142e+02,1.811544189453125000e+02
7.856116144806146622e+02,1.811550140380859375e+02
7.856212796717882156e+02,1.811845397949218750e+02
7.856215351074934006e+02,1.811853179931640625e+02
7.856315617412328720e+02,1.812212066650390625e+02
7.856316703110933304e+02,1.812216033935546875e+02
7.857640002816915512e+02,1.830512084960937500e+02
7.858963302820920944e+02,1.863828735351562500e+02
7.860286602228879929e+02,1.909833831787109375e+02
7.861609901636838913e+02,1.963931121826171875e+02
7.861950368136167526e+02,1.978304901123046875e+02
7.861950368136167526e+02,1.978304901123046875e+02
7.863950368165969849e+02,2.063469696044921875e+02
7.863950368165969849e+02,2.063469696044921875e+02
7.873950368165969849e+02,2.248184967041015625e+02
7.883950368165969849e+02,2.275454101562500000e+02
7.893950368165969849e+02,2.229398803710937500e+02
7.903950368165969849e+02,2.155196380615234375e+02
7.913950368165969849e+02,2.073592071533203125e+02
7.923950368165969849e+02,1.993421020507812500e+02
7.933950368165969849e+02,1.918124694824218750e+02
7.943950368165969849e+02,1.848772583007812500e+02
7.943950368165969849e+02,1.848772583007812500e+02
7.944450368173420429e+02,1.844103546142578125e+02
7.944950368180871010e+02,1.840165100097656250e+02
7.945450368225574493e+02,1.836448364257812500e+02
7.945950368195772171e+02,1.832859039306640625e+02
7.945950368195772171e+02,1.832859039306640625e+02
7.948596950918436050e+02,1.826009979248046875e+02
7.951243533641099930e+02,1.850819854736328125e+02
7.953890116363763809e+02,1.915131072998046875e+02
7.956536699086427689e+02,2.004972839355468750e+02
7.956536699086427689e+02,2.004972839355468750e+02
7.958536699116230011e+02,2.077637786865234375e+02
7.958536699116230011e+02,2.077637786865234375e+02
7.968536699116230011e+02,2.246744995117187500e+02
7.978536699116230011e+02,2.271529388427734375e+02
7.988536699116230011e+02,2.226443176269531250e+02
7.998536699116230011e+02,2.153954772949218750e+02
8.008536699116230011e+02,2.073996276855468750e+02
8.018536699116230011e+02,1.995186614990234375e+02
8.028536699116230011e+02,1.920949554443359375e+02
8.038536699116230011e+02,1.852395629882812500e+02
8.038536699116230011e+02,1.852395629882812500e+02
8.039036699123680592e+02,1.847733154296875000e+02
8.039536699131131172e+02,1.843822784423828125e+02
8.040036699175834656e+02,1.840135040283203125e+02
8.040536699146032333e+02,1.836575775146484375e+02
8.040536699146032333e+02,1.836575775146484375e+02
8.043183210045099258e+02,1.825946655273437500e+02
8.045829720944166183e+02,1.842633056640625000e+02
8.048476232141256332e+02,1.899479522705078125e+02
8.051122742742300034e+02,1.986191101074218750e+02
8.051122742742300034e+02,1.986191101074218750e+02
8.053122742772102356e+02,2.059022827148437500e+02
8.053122742772102356e+02,2.059022827148437500e+02
8.063122742772102356e+02,2.236597747802734375e+02
8.073122742772102356e+02,2.266781158447265625e+02
8.083122742772102356e+02,2.224723510742187500e+02
8.093122742772102356e+02,2.154075164794921875e+02
8.103122742772102356e+02,2.075355682373046875e+02
8.113122742772102356e+02,1.997442169189453125e+02
8.123122742772102356e+02,1.923878326416015625e+02
8.133122742772102356e+02,1.855837249755859375e+02
8.133122742772102356e+02,1.855837249755859375e+02
8.133622742779552937e+02,1.851216735839843750e+02
8.134122742787003517e+02,1.847344970703125000e+02
8.134622742831707001e+02,1.843694763183593750e+02
8.135122742801904678e+02,1.840171966552734375e+02
8.135122742801904678e+02,1.840171966552734375e+02
8.137763392478227615e+02,1.829785156250000000e+02
8.140404042154550552e+02,1.847675781250000000e+02
8.143044691830873489e+02,1.904533691406250000e+02
8.145685341507196426e+02,1.988451538085937500e+02
8.145685341507196426e+02,1.988451538085937500e+02
8.147685341536998749e+02,2.058150177001953125e+02
8.147685341536998749e+02,2.058150177001953125e+02
8.157685341536998749e+02,2.229932708740234375e+02
8.167685341536998749e+02,2.261243133544921875e+02
8.177685341536998749e+02,2.221973876953125000e+02
8.187685341536998749e+02,2.153854064941406250e+02
8.197685341536998749e+02,2.077039184570312500e+02
8.207685341536998749e+02,2.000477905273437500e+02
8.217685341536998749e+02,1.927852935791015625e+02
8.227685341536998749e+02,1.860455322265625000e+02
8.227685341536998749e+02,1.860455322265625000e+02
8.228185341544449329e+02,1.855865478515625000e+02
8.228685341551899910e+02,1.852022247314453125e+02
8.229185341596603394e+02,1.848401031494140625e+02
8.229685341566801071e+02,1.844907531738281250e+02
8.229685341566801071e+02,1.844907531738281250e+02
8.232308448702096939e+02,1.835541381835937500e+02
8.234931555837392807e+02,1.853719787597656250e+02
8.237554663270711899e+02,1.908119049072265625e+02
8.240177770107984543e+02,1.987913513183593750e+02
8.240177770107984543e+02,1.987913513183593750e+02
8.242177770137786865e+02,2.054937286376953125e+02
8.242177770137786865e+02,2.054937286376953125e+02
8.252177770137786865e+02,2.224885406494140625e+02
8.262177770137786865e+02,2.258579406738281250e+02
8.272177770137786865e+02,2.222148742675781250e+02
8.282177770137786865e+02,2.156312103271484375e+02
8.292177770137786865e+02,2.081135253906250000e+02
8.302177770137786865e+02,2.005693054199218750e+02
8.312177770137786865e+02,1.933808746337890625e+02
8.322177770137786865e+02,1.866883697509765625e+02
8.322177770137786865e+02,1.866883697509765625e+02
8.322677770145237446e+02,1.862313232421875000e+02
8.323177770152688026e+02,1.858488922119140625e+02
8.323677770197391510e+02,1.854887695312500000e+02
8.324177770167589188e+02,1.851414947509765625e+02
8.324177770167589188e+02,1.851414947509765625e+02
8.326834275573492050e+02,1.841077728271484375e+02
8.329490780979394913e+02,1.854454498291015625e+02
8.332147286683320999e+02,1.902735443115234375e+02
8.334803791791200638e+02,1.979112701416015625e+02
8.334803791791200638e+02,1.979112701416015625e+02
8.336803791821002960e+02,2.044834442138671875e+02
8.336803791821002960e+02,2.044834442138671875e+02
8.346803791821002960e+02,2.219667968750000000e+02
8.356803791821002960e+02,2.257235870361328125e+02
8.366803791821002960e+02,2.223057556152343750e+02
8.376803791821002960e+02,2.158590393066406250e+02
8.386803791821002960e+02,2.084332275390625000e+02
8.396803791821002960e+02,2.009550476074218750e+02
8.406803791821002960e+02,1.938155822753906250e+02
8.416803791821002960e+02,1.871595611572265625e+02
8.416803791821002960e+02,1.871595611572265625e+02
8.417303791828453541e+02,1.867036590576171875e+02
8.417803791835904121e+02,1.863227386474609375e+02
8.418303791880607605e+02,1.859642486572265625e+02
8.418803791850805283e+02,1.856186981201171875e+02
8.418803791850805283e+02,1.856186981201171875e+02
8.421460136920213699e+02,1.845970611572265625e+02
8.424116481989622116e+02,1.860641479492187500e+02
8.426772826761007309e+02,1.909343719482421875e+02
8.429429172128438950e+02,1.983466186523437500e+02
8.429429172128438950e+02,1.983466186523437500e+02
8.431429172158241272e+02,2.046210327148437500e+02
8.431429172158241272e+02,2.046210327148437500e+02
8.441429172158241272e+02,2.213390045166015625e+02
8.451429172158241272e+02,2.250407714843750000e+02
8.461429172158241272e+02,2.218132171630859375e+02
8.471429172158241272e+02,2.155875549316406250e+02
8.481429172158241272e+02,2.083503417968750000e+02
8.491429172158241272e+02,2.010190277099609375e+02
8.501429172158241272e+02,1.939902496337890625e+02
8.511429172158241272e+02,1.874165496826171875e+02
8.511429172158241272e+02,1.874165496826171875e+02
8.511929172165691853e+02,1.869652099609375000e+02
8.512429172173142433e+02,1.865886840820312500e+02
8.512929172217845917e+02,1.862345581054687500e+02
8.513429172188043594e+02,1.858933258056640625e+02
8.513429172188043594e+02,1.858933258056640625e+02
8.516060151010751724e+02,1.846518402099609375e+02
8.518691129833459854e+02,1.854281005859375000e+02
8.521322109252214432e+02,1.894625854492187500e+02
8.523953087478876114e+02,1.962754669189453125e+02
8.523953087478876114e+02,1.962754669189453125e+02
8.525953087508678436e+02,2.023653259277343750e+02
8.525953087508678436e+02,2.023653259277343750e+02
8.535953087508678436e+02,2.196248626708984375e+02
8.545953087508678436e+02,2.238935394287109375e+02
8.555953087508678436e+02,2.210587768554687500e+02
8.565953087508678436e+02,2.150956878662109375e+02
8.575953087508678436e+02,2.080412597656250000e+02
8.585953087508678436e+02,2.008437194824218750e+02
8.595953087508678436e+02,1.939167175292968750e+02
8.605953087508678436e+02,1.874224700927734375e+02
8.605953087508678436e+02,1.874224700927734375e+02
8.606453087516129017e+02,1.869748992919921875e+02
8.606953087523579597e+02,1.866023101806640625e+02
8.607453087568283081e+02,1.862520599365234375e+02
8.607953087538480759e+02,1.859147033691406250e+02
8.607953087538480759e+02,1.859147033691406250e+02
8.610599657744169235e+02,1.847926025390625000e+02
8.613246227949857712e+02,1.857698516845703125e+02
8.615892798155546188e+02,1.898827667236328125e+02
8.618539368361234665e+02,1.966163635253906250e+02
8.618539368361234665e+02,1.966163635253906250e+02
8.620539368391036987e+02,2.025591583251953125e+02
8.620539368391036987e+02,2.025591583251953125e+02
8.630539368391036987e+02,2.196551818847656250e+02
8.640539368391036987e+02,2.240799407958984375e+02
8.650539368391036987e+02,2.214507751464843750e+02
8.660539368391036987e+02,2.156540069580078125e+02
8.670539368391036987e+02,2.087151184082031250e+02
8.680539368391036987e+02,2.015914611816406250e+02
8.690539368391036987e+02,1.947080688476562500e+02
8.700539368391036987e+02,1.882363433837890625e+02
8.700539368391036987e+02,1.882363433837890625e+02
8.701039368398487568e+02,1.877888488769531250e+02
8.701539368405938148e+02,1.874168548583984375e+02
8.702039368450641632e+02,1.870673522949218750e+02
8.702539368420839310e+02,1.867308349609375000e+02
8.702539368420839310e+02,1.867308349609375000e+02
8.705185933262109756e+02,1.857469635009765625e+02
8.707832498103380203e+02,1.868674774169921875e+02
8.710479062348604202e+02,1.909112091064453125e+02
8.713125627785921097e+02,1.973493652343750000e+02
8.713125627785921097e+02,1.973493652343750000e+02
8.715125627815723419e+02,2.029981536865234375e+02
8.715125627815723419e+02,2.029981536865234375e+02
8.725125627815723419e+02,2.194733734130859375e+02
8.735125627815723419e+02,2.238678741455078125e+02
8.745125627815723419e+02,2.213982543945312500e+02
8.755125627815723419e+02,2.157802734375000000e+02
8.765125627815723419e+02,2.089901428222656250e+02
8.775125627815723419e+02,2.019786529541015625e+02
8.785125627815723419e+02,1.951760864257812500e+02
8.795125627815723419e+02,1.887608947753906250e+02
8.795125627815723419e+02,1.887608947753906250e+02
8.795625627823174000e+02,1.883158264160156250e+02
8.796125627830624580e+02,1.879463195800781250e+02
8.796625627875328064e+02,1.875993804931640625e+02
8.797125627845525742e+02,1.872654418945312500e+02
8.797125627845525742e+02,1.872654418945312500e+02
8.799771755784749985e+02,1.860472564697265625e+02
8.802417883723974228e+02,1.866313781738281250e+02
8.805064011663198471e+02,1.901153564453125000e+02
8.807710139602422714e+02,1.962210083007812500e+02
8.807710139602422714e+02,1.962210083007812500e+02
8.809710139632225037e+02,2.017802886962890625e+02
8.809710139632225037e+02,2.017802886962890625e+02
8.819710139632225037e+02,2.187032470703125000e+02
8.829710139632225037e+02,2.234848632812500000e+02
8.839710139632225037e+02,2.212644500732421875e+02
8.849710139632225037e+02,2.158087921142578125e+02
8.859710139632225037e+02,2.091313934326171875e+02
8.869710139632225037e+02,2.022024841308593750e+02
8.879710139632225037e+02,1.954624481201171875e+02
8.889710139632225037e+02,1.890952606201171875e+02
8.889710139632225037e+02,1.890952606201171875e+02
8.890210139639675617e+02,1.886519165039062500e+02
8.890710139647126198e+02,1.882846069335937500e+02
8.891210139691829681e+02,1.879399108886718750e+02
8.891710139662027359e+02,1.876082763671875000e+02
8.891710139662027359e+02,1.876082763671875000e+02
8.894334131330251694e+02,1.864173736572265625e+02
8.896958122998476028e+02,1.870419769287109375e+02
8.899582114964723587e+02,1.904568023681640625e+02
8.902206106334924698e+02,1.963000488281250000e+02
8.902206106334924698e+02,1.963000488281250000e+02
8.904206106364727020e+02,2.016247558593750000e+02
8.904206106364727020e+02,2.016247558593750000e+02
8.914206106364727020e+02,2.180610198974609375e+02
8.924206106364727020e+02,2.229152832031250000e+02
8.934206106364727020e+02,2.209302825927734375e+02
8.944206106364727020e+02,2.157029571533203125e+02
8.954206106364727020e+02,2.092056427001953125e+02
8.964206106364727020e+02,2.024096679687500000e+02
8.974206106364727020e+02,1.957654418945312500e+02
8.984206106364727020e+02,1.894666748046875000e+02
8.984206106364727020e+02,1.894666748046875000e+02
8.984706106372177601e+02,1.890264739990234375e+02
8.985206106379628181e+02,1.886623077392578125e+02
8.985706106424331665e+02,1.883207855224609375e+02
8.986206106394529343e+02,1.879922943115234375e+02
8.986206106394529343e+02,1.879922943115234375e+02
8.988829321712255478e+02,1.868913726806640625e+02
8.991452537029981613e+02,1.876011962890625000e+02
8.994075752347707748e+02,1.909369506835937500e+02
8.996698967665433884e+02,1.965463562011718750e+02
8.996698967665433884e+02,1.965463562011718750e+02
8.998698967695236206e+02,2.016562042236328125e+02
8.998698967695236206e+02,2.016562042236328125e+02
9.008698967695236206e+02,2.177716674804687500e+02
9.018698967695236206e+02,2.227277526855468750e+02
9.028698967695236206e+02,2.209481353759765625e+02
9.038698967695236206e+02,2.159105072021484375e+02
9.048698967695236206e+02,2.095599212646484375e+02
9.058698967695236206e+02,2.028697814941406250e+02
9.068698967695236206e+02,1.962990875244140625e+02
9.078698967695236206e+02,1.900498199462890625e+02
9.078698967695236206e+02,1.900498199462890625e+02
9.079198967702686787e+02,1.896115264892578125e+02
9.079698967710137367e+02,1.892494506835937500e+02
9.080198967754840851e+02,1.889100799560546875e+02
9.080698967725038528e+02,1.885837860107421875e+02
9.080698967725038528e+02,1.885837860107421875e+02
9.083355195075273514e+02,1.874067687988281250e+02
9.086011422425508499e+02,1.877961578369140625e+02
9.088667649179697037e+02,1.906999359130859375e+02
9.091323877125978470e+02,1.960172271728515625e+02
9.091323877125978470e+02,1.960172271728515625e+02
9.093323877155780792e+02,2.009729766845703125e+02
9.093323877155780792e+02,2.009729766845703125e+02
9.103323877155780792e+02,2.173304443359375000e+02
9.113323877155780792e+02,2.225710906982421875e+02
9.123323877155780792e+02,2.209824371337890625e+02
9.133323877155780792e+02,2.160704040527343750e+02
9.143323877155780792e+02,2.098081207275390625e+02
9.153323877155780792e+02,2.031836700439453125e+02
9.163323877155780792e+02,1.966633300781250000e+02
9.173323877155780792e+02,1.904529876708984375e+02
9.173323877155780792e+02,1.904529876708984375e+02
9.173823877163231373e+02,1.900158538818359375e+02
9.174323877170681953e+02,1.896554870605468750e+02
9.174823877215385437e+02,1.893179168701171875e+02
9.175323877185583115e+02,1.889934692382812500e+02
9.175323877185583115e+02,1.889934692382812500e+02
9.177980012744665146e+02,1.878211517333984375e+02
9.180636148303747177e+02,1.882894287109375000e+02
9.183292283862829208e+02,1.912442016601562500e+02
9.185948419421911240e+02,1.964396057128906250e+02
9.185948419421911240e+02,1.964396057128906250e+02
9.187948419451713562e+02,2.011979064941406250e+02
9.187948419451713562e+02,2.011979064941406250e+02
9.197948419451713562e+02,2.168617401123046875e+02
9.207948419451713562e+02,2.219776763916015625e+02
9.217948419451713562e+02,2.205133666992187500e+02
9.227948419451713562e+02,2.157811584472656250e+02
9.237948419451713562e+02,2.096845245361328125e+02
9.247948419451713562e+02,2.031950073242187500e+02
9.257948419451713562e+02,1.967798004150390625e+02
9.267948419451713562e+02,1.906500091552734375e+02
9.267948419451713562e+02,1.906500091552734375e+02
9.268448419459164143e+02,1.902169494628906250e+02
9.268948419466614723e+02,1.898604736328125000e+02
9.269448419511318207e+02,1.895267333984375000e+02
9.269948419481515884e+02,1.892060852050781250e+02
9.269948419481515884e+02,1.892060852050781250e+02
9.272593417912721634e+02,1.880377044677734375e+02
9.275238416343927383e+02,1.884780578613281250e+02
9.277883414775133133e+02,1.913347473144531250e+02
9.280528413206338882e+02,1.963420257568359375e+02
9.280528413206338882e+02,1.963420257568359375e+02
9.282528413236141205e+02,2.009426269531250000e+02
9.282528413236141205e+02,2.009426269531250000e+02
9.292528413236141205e+02,2.162912139892578125e+02
9.302528413236141205e+02,2.214776916503906250e+02
9.312528413236141205e+02,2.202096710205078125e+02
9.322528413236141205e+02,2.156742706298828125e+02
9.332528413236141205e+02,2.097386627197265625e+02
9.342528413236141205e+02,2.033718872070312500e+02
9.352528413236141205e+02,1.970477142333984375e+02
9.362528413236141205e+02,1.909845886230468750e+02
9.362528413236141205e+02,1.909845886230468750e+02
9.363028413243591785e+02,1.905546112060546875e+02
9.363528413251042366e+02,1.902012176513671875e+02
9.364028413295745850e+02,1.898705596923828125e+02
9.364528413265943527e+02,1.895529937744140625e+02
9.364528413265943527e+02,1.895529937744140625e+02
9.367174458950757980e+02,1.883455200195312500e+02
9.369820504635572433e+02,1.885252075195312500e+02
9.372466550320386887e+02,1.909333953857421875e+02
9.375112596005201340e+02,1.955440673828125000e+02
9.375112596005201340e+02,1.955440673828125000e+02
9.377112596035003662e+02,1.999587097167968750e+02
9.377112596035003662e+02,1.999587097167968750e+02
9.387112596035003662e+02,2.156627655029296875e+02
9.397112596035003662e+02,2.212851867675781250e+02
9.407112596035003662e+02,2.203073730468750000e+02
9.417112596035003662e+02,2.159478607177734375e+02
9.427112596035003662e+02,2.101207122802734375e+02
9.437112596035003662e+02,2.038236236572265625e+02
9.447112596035003662e+02,1.975457611083984375e+02
9.457112596035003662e+02,1.915138702392578125e+02
9.457112596035003662e+02,1.915138702392578125e+02
9.457612596042454243e+02,1.910844421386718750e+02
9.458112596049904823e+02,1.907322540283203125e+02
9.458612596094608307e+02,1.904029235839843750e+02
9.459112596064805984e+02,1.900867309570312500e+02
9.459112596064805984e+02,1.900867309570312500e+02
9.461758678108453751e+02,1.889486389160156250e+02
9.464404760152101517e+02,1.892155914306640625e+02
9.467050842195749283e+02,1.916124420166015625e+02
9.469696924239397049e+02,1.960597381591796875e+02
9.469696924239397049e+02,1.960597381591796875e+02
9.471696924269199371e+02,2.002807617187500000e+02
9.471696924269199371e+02,2.002807617187500000e+02
9.481696924269199371e+02,2.154199218750000000e+02
9.491696924269199371e+02,2.209567871093750000e+02
9.501696924269199371e+02,2.200938262939453125e+02
9.511696924269199371e+02,2.158915863037109375e+02
9.521696924269199371e+02,2.102071228027343750e+02
9.531696924269199371e+02,2.040245971679687500e+02
9.541696924269199371e+02,1.978343200683593750e+02
9.551696924269199371e+02,1.918677978515625000e+02
9.551696924269199371e+02,1.918677978515625000e+02
9.552196924276649952e+02,1.914414215087890625e+02
9.552696924284100533e+02,1.910922698974609375e+02
9.553196924328804016e+02,1.907659759521484375e+02
9.553696924299001694e+02,1.904528045654296875e+02
9.553696924299001694e+02,1.904528045654296875e+02
9.556343120783567429e+02,1.891794128417968750e+02
9.558989317268133163e+02,1.890998840332031250e+02
9.561635513752698898e+02,1.910902862548828125e+02
9.564281710237264633e+02,1.952364959716796875e+02
9.564281710237264633e+02,1.952364959716796875e+02
9.566281710267066956e+02,1.993247833251953125e+02
9.566281710267066956e+02,1.993247833251953125e+02
9.576281710267066956e+02,2.146553649902343750e+02
9.586281710267066956e+02,2.204761657714843750e+02
9.596281710267066956e+02,2.198327789306640625e+02
9.606281710267066956e+02,2.157876586914062500e+02
9.616281710267066956e+02,2.102179260253906250e+02
9.626281710267066956e+02,2.041222076416015625e+02
9.636281710267066956e+02,1.979993743896484375e+02
9.646281710267066956e+02,1.920861358642578125e+02
9.646281710267066956e+02,1.920861358642578125e+02
9.646781710274517536e+02,1.916619110107421875e+02
9.647281710281968117e+02,1.913152618408203125e+02
9.647781710326671600e+02,1.909915008544921875e+02
9.648281710296869278e+02,1.906808776855468750e+02
9.648281710296869278e+02,1.906808776855468750e+02
9.650904082208871841e+02,1.894386444091796875e+02
9.653526454120874405e+02,1.893834381103515625e+02
9.656148826628923416e+02,1.913068389892578125e+02
9.658771197944879532e+02,1.952477111816406250e+02
9.658771197944879532e+02,1.952477111816406250e+02
9.660771197974681854e+02,1.991589050292968750e+02
9.660771197974681854e+02,1.991589050292968750e+02
9.670771197974681854e+02,2.140848388671875000e+02
9.680771197974681854e+02,2.199454498291015625e+02
9.690771197974681854e+02,2.194940185546875000e+02
9.700771197974681854e+02,2.156481781005859375e+02
9.710771197974681854e+02,2.102425079345703125e+02
9.720771197974681854e+02,2.042718505859375000e+02
9.730771197974681854e+02,1.982416992187500000e+02
9.740771197974681854e+02,1.923964080810546875e+02
9.740771197974681854e+02,1.923964080810546875e+02
9.741271197982132435e+02,1.919753417968750000e+02
9.741771197989583015e+02,1.916318359375000000e+02
9.742271198034286499e+02,1.913112182617187500e+02
9.742771198004484177e+02,1.910037384033203125e+02
9.742771198004484177e+02,1.910037384033203125e+02
9.745394411534070969e+02,1.898328857421875000e+02
9.748017625063657761e+02,1.898603973388671875e+02
9.750640839189291000e+02,1.917639160156250000e+02
9.753264052122831345e+02,1.955603485107421875e+02
9.753264052122831345e+02,1.955603485107421875e+02
9.755264052152633667e+02,1.993133392333984375e+02
9.755264052152633667e+02,1.993133392333984375e+02
9.765264052152633667e+02,2.138735809326171875e+02
9.775264052152633667e+02,2.197395172119140625e+02
9.785264052152633667e+02,2.194291839599609375e+02
9.795264052152633667e+02,2.157412109375000000e+02
9.805264052152633667e+02,2.104703216552734375e+02
9.815264052152633667e+02,2.046040496826171875e+02
9.825264052152633667e+02,1.986511688232421875e+02
9.835264052152633667e+02,1.928615417480468750e+02
9.835264052152633667e+02,1.928615417480468750e+02
9.835764052160084248e+02,1.924428100585937500e+02
9.836264052167534828e+02,1.921017608642578125e+02
9.836764052212238312e+02,1.917836456298828125e+02
9.837264052182435989e+02,1.914786987304687500e+02
9.837264052182435989e+02,1.914786987304687500e+02
9.839920448809862137e+02,1.902444458007812500e+02
9.842576845437288284e+02,1.900598144531250000e+02
9.845233242064714432e+02,1.916686248779296875e+02
9.847889638692140579e+02,1.952365570068359375e+02
9.847889638692140579e+02,1.952365570068359375e+02
9.849889638721942902e+02,1.988435974121093750e+02
9.849889638721942902e+02,1.988435974121093750e+02
9.859889638721942902e+02,2.134792327880859375e+02
9.869889638721942902e+02,2.195429534912109375e+02
9.879889638721942902e+02,2.193913726806640625e+02
9.889889638721942902e+02,2.158180999755859375e+02
9.899889638721942902e+02,2.106322479248046875e+02
9.909889638721942902e+02,2.048314971923828125e+02
9.919889638721942902e+02,1.989303588867187500e+02
9.929889638721942902e+02,1.931819763183593750e+02
9.929889638721942902e+02,1.931819763183593750e+02
9.930389638729393482e+02,1.927646331787109375e+02
9.930889638736844063e+02,1.924254455566406250e+02
9.931389638781547546e+02,1.921092529296875000e+02
9.931889638751745224e+02,1.918062438964843750e+02
9.931889638751745224e+02,1.918062438964843750e+02
9.934546006470918655e+02,1.905744171142578125e+02
9.937202374190092087e+02,1.904290161132812500e+02
9.939858742207288742e+02,1.920755157470703125e+02
9.942515109628438950e+02,1.955809783935546875e+02
9.942515109628438950e+02,1.955809783935546875e+02
9.944515109658241272e+02,1.990648651123046875e+02
9.944515109658241272e+02,1.990648651123046875e+02
9.954515109658241272e+02,2.131151885986328125e+02
9.964515109658241272e+02,2.190168762207031250e+02
9.974515109658241272e+02,2.189356536865234375e+02
9.984515109658241272e+02,2.155040130615234375e+02
9.994515109658241272e+02,2.104611358642578125e+02
1.000451510965824127e+03,2.047829589843750000e+02
1.001451510965824127e+03,1.989808197021484375e+02
1.002451510965824127e+03,1.933105773925781250e+02
1.002451510965824127e+03,1.933105773925781250e+02
1.002501510966569185e+03,1.928972320556640625e+02
1.002551510967314243e+03,1.925618286132812500e+02
1.002601510971784592e+03,1.922493896484375000e+02
1.002651510968804359e+03,1.919500885009765625e+02
1.002651510968804359e+03,1.919500885009765625e+02
1.002916081354022026e+03,1.907386474609375000e+02
1.003180651739239693e+03,1.905911407470703125e+02
1.003445222154259682e+03,1.921775054931640625e+02
1.003709792509675026e+03,1.955445556640625000e+02
1.003709792509675026e+03,1.955445556640625000e+02
1.003909792512655258e+03,1.989025421142578125e+02
1.003909792512655258e+03,1.989025421142578125e+02
1.004909792512655258e+03,2.126198577880859375e+02
1.005909792512655258e+03,2.185253295898437500e+02
1.006909792512655258e+03,2.185891876220703125e+02
1.007909792512655258e+03,2.153255767822265625e+02
1.008909792512655258e+03,2.104302520751953125e+02
1.009909792512655258e+03,2.048699951171875000e+02
1.010909792512655258e+03,1.991586608886718750e+02
1.011909792512655258e+03,1.935572662353515625e+02
1.011909792512655258e+03,1.935572662353515625e+02
1.011959792513400316e+03,1.931472015380859375e+02
1.012009792514145374e+03,1.928150329589843750e+02
1.012059792518615723e+03,1.925058135986328125e+02
1.012109792515635490e+03,1.922097167968750000e+02
1.012109792515635490e+03,1.922097167968750000e+02
1.012374461129307747e+03,1.909822387695312500e+02
1.012639129742980003e+03,1.906717376708984375e+02
1.012903798386454582e+03,1.919393463134765625e+02
1.013168466970324516e+03,1.949803314208984375e+02
1.013168466970324516e+03,1.949803314208984375e+02
1.013368466973304749e+03,1.981543121337890625e+02
1.013368466973304749e+03,1.981543121337890625e+02
1.014368466973304749e+03,2.120401000976562500e+02
1.015368466973304749e+03,2.182844848632812500e+02
1.016368466973304749e+03,2.186046600341796875e+02
1.017368466973304749e+03,2.155083160400390625e+02
1.018368466973304749e+03,2.107215118408203125e+02
1.019368466973304749e+03,2.052339324951171875e+02
1.020368466973304749e+03,1.995728759765625000e+02
1.021368466973304749e+03,1.940070190429687500e+02
1.021368466973304749e+03,1.940070190429687500e+02
1.021418466974049807e+03,1.935978088378906250e+02
1.021468466974794865e+03,1.932671051025390625e+02
1.021518466979265213e+03,1.929594268798828125e+02
1.021568466976284981e+03,1.926649322509765625e+02
1.021568466976284981e+03,1.926649322509765625e+02
1.021833135798573494e+03,1.914756011962890625e+02
1.022097804620862007e+03,1.912246856689453125e+02
1.022362473443150520e+03,1.925072631835937500e+02
1.022627142265439034e+03,1.954609375000000000e+02
1.022627142265439034e+03,1.954609375000000000e+02
1.022827142268419266e+03,1.985086975097656250e+02
1.022827142268419266e+03,1.985086975097656250e+02
1.023827142268419266e+03,2.118898773193359375e+02
1.024827142268419266e+03,2.180030975341796875e+02
1.025827142268419266e+03,2.183888702392578125e+02
1.026827142268419266e+03,2.154174499511718750e+02
1.027827142268419266e+03,2.107551269531250000e+02
1.028827142268419266e+03,2.053728790283203125e+02
1.029827142268419266e+03,1.997954559326171875e+02
1.030827142268419266e+03,1.942940979003906250e+02
1.030827142268419266e+03,1.942940979003906250e+02
1.030877142269164324e+03,1.938879547119140625e+02
1.030927142269909382e+03,1.935602722167968750e+02
1.030977142274379730e+03,1.932556152343750000e+02
1.031027142271399498e+03,1.929641113281250000e+02
1.031027142271399498e+03,1.929641113281250000e+02
1.031291831091046333e+03,1.916991119384765625e+02
1.031556519910693169e+03,1.912293090820312500e+02
1.031821208760142326e+03,1.922252197265625000e+02
1.032085897549986839e+03,1.949278869628906250e+02
1.032085897549986839e+03,1.949278869628906250e+02
1.032285897552967072e+03,1.978356323242187500e+02
1.032285897552967072e+03,1.978356323242187500e+02
1.033285897552967072e+03,2.112219543457031250e+02
1.034285897552967072e+03,2.175149536132812500e+02
1.035285897552967072e+03,2.180768890380859375e+02
1.036285897552967072e+03,2.152461547851562500e+02
1.037285897552967072e+03,2.106928558349609375e+02
1.038285897552967072e+03,2.053959960937500000e+02
1.039285897552967072e+03,1.998865814208984375e+02
1.040285897552967072e+03,1.944400787353515625e+02
1.040285897552967072e+03,1.944400787353515625e+02
1.040335897553712130e+03,1.940362701416015625e+02
1.040385897554457188e+03,1.937111968994140625e+02
1.040435897558927536e+03,1.934091796875000000e+02
1.040485897555947304e+03,1.931202850341796875e+02
1.040485897555947304e+03,1.931202850341796875e+02
1.040748184159398079e+03,1.918845062255859375e+02
1.041010470762848854e+03,1.914282073974609375e+02
1.041272757366299629e+03,1.923697052001953125e+02
1.041535043969750404e+03,1.949224090576171875e+02
1.041535043969750404e+03,1.949224090576171875e+02
1.041735043972730637e+03,1.977020416259765625e+02
1.041735043972730637e+03,1.977020416259765625e+02
1.042735043972730637e+03,2.107538299560546875e+02
1.043735043972730637e+03,2.170513763427734375e+02
1.044735043972730637e+03,2.177581939697265625e+02
1.045735043972730637e+03,2.150940704345703125e+02
1.046735043972730637e+03,2.106862487792968750e+02
1.047735043972730637e+03,2.055050048828125000e+02
1.048735043972730637e+03,2.000841674804687500e+02
1.049735043972730637e+03,1.947044677734375000e+02
1.049735043972730637e+03,1.947044677734375000e+02
1.049785043973475695e+03,1.943037719726562500e+02
1.049835043974220753e+03,1.939818267822265625e+02
1.049885043978691101e+03,1.936829223632812500e+02
1.049935043975710869e+03,1.933971405029296875e+02
1.049935043975710869e+03,1.933971405029296875e+02
1.050197361871600151e+03,1.922147827148437500e+02
1.050459679767489433e+03,1.918286743164062500e+02
1.050721997603774071e+03,1.927752075195312500e+02
1.050984315559267998e+03,1.952346191406250000e+02
1.050984315559267998e+03,1.952346191406250000e+02
1.051184315562248230e+03,1.978969116210937500e+02
1.051184315562248230e+03,1.978969116210937500e+02
1.052184315562248230e+03,2.105909576416015625e+02
1.053184315562248230e+03,2.168461608886718750e+02
1.054184315562248230e+03,2.176538848876953125e+02
1.055184315562248230e+03,2.151235351562500000e+02
1.056184315562248230e+03,2.108381805419921875e+02
1.057184315562248230e+03,2.057562103271484375e+02
1.058184315562248230e+03,2.004116058349609375e+02
1.059184315562248230e+03,1.950888671875000000e+02
1.059184315562248230e+03,1.950888671875000000e+02
1.059234315562993288e+03,1.946906585693359375e+02
1.059284315563738346e+03,1.943712768554687500e+02
1.059334315568208694e+03,1.940749664306640625e+02
1.059384315565228462e+03,1.937917785644531250e+02
1.059384315565228462e+03,1.937917785644531250e+02
1.059649947062134743e+03,1.925613555908203125e+02
1.059915578559041023e+03,1.920312500000000000e+02
1.060181210055947304e+03,1.927737121582031250e+02
1.060446841552853584e+03,1.950578308105468750e+02
1.060446841552853584e+03,1.950578308105468750e+02
1.060646841555833817e+03,1.975938262939453125e+02
1.060646841555833817e+03,1.975938262939453125e+02
1.061646841555833817e+03,2.102565002441406250e+02
1.062646841555833817e+03,2.166358184814453125e+02
1.063646841555833817e+03,2.175685729980468750e+02
1.064646841555833817e+03,2.151387329101562500e+02
1.065646841555833817e+03,2.109326019287109375e+02
1.066646841555833817e+03,2.059140777587890625e+02
1.067646841555833817e+03,2.006210937500000000e+02
1.068646841555833817e+03,1.953406066894531250e+02
1.068646841555833817e+03,1.953406066894531250e+02
1.068696841556578875e+03,1.949439239501953125e+02
1.068746841557323933e+03,1.946264801025390625e+02
1.068796841561794281e+03,1.943321685791015625e+02
1.068846841558814049e+03,1.940509948730468750e+02
1.068846841558814049e+03,1.940509948730468750e+02
1.069112454667687416e+03,1.928272399902343750e+02
1.069378067776560783e+03,1.923229827880859375e+02
1.069643680915236473e+03,1.930928039550781250e+02
1.069909293994307518e+03,1.953421783447265625e+02
1.069909293994307518e+03,1.953421783447265625e+02
1.070109293997287750e+03,1.977984771728515625e+02
1.070109293997287750e+03,1.977984771728515625e+02
1.071109293997287750e+03,2.099713287353515625e+02
1.072109293997287750e+03,2.161713409423828125e+02
1.073109293997287750e+03,2.171335906982421875e+02
1.074109293997287750e+03,2.148126678466796875e+02
1.075109293997287750e+03,2.107284393310546875e+02
1.076109293997287750e+03,2.058200683593750000e+02
1.077109293997287750e+03,2.006192626953125000e+02
1.078109293997287750e+03,1.954135589599609375e+02
1.078109293997287750e+03,1.954135589599609375e+02
1.078159293998032808e+03,1.950207519531250000e+02
1.078209293998777866e+03,1.947069702148437500e+02
1.078259294003248215e+03,1.944162445068359375e+02
1.078309294000267982e+03,1.941386413574218750e+02
1.078309294000267982e+03,1.941386413574218750e+02
1.078573911324143410e+03,1.929421081542968750e+02
1.078838528648018837e+03,1.924534301757812500e+02
1.079103145971894264e+03,1.931936340332031250e+02
1.079367763295769691e+03,1.953472595214843750e+02
1.079367763295769691e+03,1.953472595214843750e+02
1.079567763298749924e+03,1.977076263427734375e+02
1.079567763298749924e+03,1.977076263427734375e+02
1.080567763298749924e+03,2.095610961914062500e+02
1.081567763298749924e+03,2.157197418212890625e+02
1.082567763298749924e+03,2.167830810546875000e+02
1.083567763298749924e+03,2.146013793945312500e+02
1.084567763298749924e+03,2.106486511230468750e+02
1.085567763298749924e+03,2.058502655029296875e+02
1.086567763298749924e+03,2.007369995117187500e+02
1.087567763298749924e+03,1.955995635986328125e+02
1.087567763298749924e+03,1.955995635986328125e+02
1.087617763299494982e+03,1.952100677490234375e+02
1.087667763300240040e+03,1.948995208740234375e+02
1.087717763304710388e+03,1.946120300292968750e+02
1.087767763301730156e+03,1.943376159667968750e+02
1.087767763301730156e+03,1.943376159667968750e+02
1.088032422676682472e+03,1.931363220214843750e+02
1.088297082051634789e+03,1.925449981689453125e+02
1.088561741396784782e+03,1.930634460449218750e+02
1.088826400801539421e+03,1.949613647460937500e+02
1.088826400801539421e+03,1.949613647460937500e+02
1.089026400804519653e+03,1.971565856933593750e+02
1.089026400804519653e+03,1.971565856933593750e+02
1.090026400804519653e+03,2.090368652343750000e+02
1.091026400804519653e+03,2.154412384033203125e+02
1.092026400804519653e+03,2.167230529785156250e+02
1.093026400804519653e+03,2.146970672607421875e+02
1.094026400804519653e+03,2.108514404296875000e+02
1.095026400804519653e+03,2.061279296875000000e+02
1.096026400804519653e+03,2.010684509277343750e+02
1.097026400804519653e+03,1.959704589843750000e+02
1.097026400804519653e+03,1.959704589843750000e+02
1.097076400805264711e+03,1.955821380615234375e+02
1.097126400806009769e+03,1.952732849121093750e+02
1.097176400810480118e+03,1.949875640869140625e+02
1.097226400807499886e+03,1.947149353027343750e+02
1.097226400807499886e+03,1.947149353027343750e+02
1.097491070464253426e+03,1.935336914062500000e+02
1.097755740121006966e+03,1.929779510498046875e+02
1.098020409777760506e+03,1.935154724121093750e+02
1.098285079434514046e+03,1.953708343505859375e+02
1.098285079434514046e+03,1.953708343505859375e+02
1.098485079437494278e+03,1.974894714355468750e+02
1.098485079437494278e+03,1.974894714355468750e+02
1.099485079437494278e+03,2.089508361816406250e+02
1.100485079437494278e+03,2.152040252685546875e+02
1.101485079437494278e+03,2.165125885009765625e+02
1.102485079437494278e+03,2.145817718505859375e+02
1.103485079437494278e+03,2.108423309326171875e+02
1.104485079437494278e+03,2.062140960693359375e+02
1.105485079437494278e+03,2.012333068847656250e+02
1.106485079437494278e+03,1.961979980468750000e+02
1.106485079437494278e+03,1.961979980468750000e+02
1.106535079438239336e+03,1.958126831054687500e+02
1.106585079438984394e+03,1.955067901611328125e+02
1.106635079443454742e+03,1.952240142822265625e+02
1.106685079440474510e+03,1.949543304443359375e+02
1.106685079440474510e+03,1.949543304443359375e+02
1.106949753150343895e+03,1.937349243164062500e+02
1.107214426860213280e+03,1.930443115234375000e+02
1.107479100570082664e+03,1.933813323974609375e+02
1.107743774279952049e+03,1.950342102050781250e+02
1.107743774279952049e+03,1.950342102050781250e+02
1.107943774282932281e+03,1.970222167968750000e+02
1.107943774282932281e+03,1.970222167968750000e+02
1.108943774282932281e+03,2.083769073486328125e+02
1.109943774282932281e+03,2.147268371582031250e+02
1.110943774282932281e+03,2.161687469482421875e+02
1.111943774282932281e+03,2.143586730957031250e+02
1.112943774282932281e+03,2.107193298339843750e+02
1.113943774282932281e+03,2.061727600097656250e+02
1.114943774282932281e+03,2.012588500976562500e+02
1.115943774282932281e+03,1.962786560058593750e+02
1.115943774282932281e+03,1.962786560058593750e+02
1.115993774283677340e+03,1.958957977294921875e+02
1.116043774284422398e+03,1.955925903320312500e+02
1.116093774288892746e+03,1.953124694824218750e+02
1.116143774285912514e+03,1.950454406738281250e+02
1.116143774285912514e+03,1.950454406738281250e+02
1.116406082913279533e+03,1.938565521240234375e+02
1.116668391540646553e+03,1.931864166259765625e+02
1.116930700197815895e+03,1.934914245605468750e+02
1.117193008795380592e+03,1.950341186523437500e+02
1.117193008795380592e+03,1.950341186523437500e+02
1.117393008798360825e+03,1.969202117919921875e+02
1.117393008798360825e+03,1.969202117919921875e+02
1.118393008798360825e+03,2.079595794677734375e+02
1.119393008798360825e+03,2.142805786132812500e+02
1.120393008798360825e+03,2.158324432373046875e+02
1.121393008798360825e+03,2.141655731201171875e+02
1.122393008798360825e+03,2.106583862304687500e+02
1.123393008798360825e+03,2.062207183837890625e+02
1.124393008798360825e+03,2.013925628662109375e+02
1.125393008798360825e+03,1.964786682128906250e+02
1.125393008798360825e+03,1.964786682128906250e+02
1.125443008799105883e+03,1.960989532470703125e+02
1.125493008799850941e+03,1.957988586425781250e+02
1.125543008804321289e+03,1.955218505859375000e+02
1.125593008801341057e+03,1.952579040527343750e+02
1.125593008801341057e+03,1.952579040527343750e+02
1.125855336979031563e+03,1.941051635742187500e+02
1.126117665156722069e+03,1.934810943603515625e+02
1.126379993364214897e+03,1.937971496582031250e+02
1.126642321512103081e+03,1.952884674072265625e+02
1.126642321512103081e+03,1.952884674072265625e+02
1.126842321515083313e+03,1.971007995605468750e+02
1.126842321515083313e+03,1.971007995605468750e+02
1.127842321515083313e+03,2.078461303710937500e+02
1.128842321515083313e+03,2.141027526855468750e+02
1.129842321515083313e+03,2.157206878662109375e+02
1.130842321515083313e+03,2.141619873046875000e+02
1.131842321515083313e+03,2.107622222900390625e+02
1.132842321515083313e+03,2.064161987304687500e+02
1.133842321515083313e+03,2.016612701416015625e+02
1.134842321515083313e+03,1.968039703369140625e+02
1.134842321515083313e+03,1.968039703369140625e+02
1.134892321515828371e+03,1.964267730712890625e+02
1.134942321516573429e+03,1.961292724609375000e+02
1.134992321521043777e+03,1.958548736572265625e+02
1.135042321518063545e+03,1.955935516357421875e+02
1.135042321518063545e+03,1.955935516357421875e+02
1.135307929411530495e+03,1.944081115722656250e+02
1.135573537304997444e+03,1.936899566650390625e+02
1.135839145258069038e+03,1.938675231933593750e+02
1.136104753091931343e+03,1.952276763916015625e+02
1.136104753091931343e+03,1.952276763916015625e+02
1.136304753094911575e+03,1.969364776611328125e+02
1.136304753094911575e+03,1.969364776611328125e+02
1.137304753094911575e+03,2.075823822021484375e+02
1.138304753094911575e+03,2.139004364013671875e+02
1.139304753094911575e+03,2.156093139648437500e+02
1.140304753094911575e+03,2.141344146728515625e+02
1.141304753094911575e+03,2.108057098388671875e+02
1.142304753094911575e+03,2.065192413330078125e+02
1.143304753094911575e+03,2.018142395019531250e+02
1.144304753094911575e+03,1.969988861083984375e+02
1.144304753094911575e+03,1.969988861083984375e+02
1.144354753095656633e+03,1.966232910156250000e+02
1.144404753096401691e+03,1.963277435302734375e+02
1.144454753100872040e+03,1.960553436279296875e+02
1.144504753097891808e+03,1.957960205078125000e+02
1.144504753097891808e+03,1.957960205078125000e+02
1.144770225241780281e+03,1.946206665039062500e+02
1.145035697385668755e+03,1.939213867187500000e+02
1.145301169559359550e+03,1.941173248291015625e+02
1.145566641673445702e+03,1.954559936523437500e+02
1.145566641673445702e+03,1.954559936523437500e+02
1.145766641676425934e+03,1.971125030517578125e+02
1.145766641676425934e+03,1.971125030517578125e+02
1.146766641676425934e+03,2.073551635742187500e+02
1.147766641676425934e+03,2.134905548095703125e+02
1.148766641676425934e+03,2.151979370117187500e+02
1.149766641676425934e+03,2.138035125732421875e+02
1.150766641676425934e+03,2.105769805908203125e+02
1.151766641676425934e+03,2.063883056640625000e+02
1.152766641676425934e+03,2.017682342529296875e+02
1.153766641676425934e+03,1.970236816406250000e+02
1.153766641676425934e+03,1.970236816406250000e+02
1.153816641677170992e+03,1.966517944335937500e+02
1.153866641677916050e+03,1.963597412109375000e+02
1.153916641682386398e+03,1.960907745361328125e+02
1.153966641679406166e+03,1.958348541259765625e+02
1.153966641679406166e+03,1.958348541259765625e+02
1.154231263205409050e+03,1.946851806640625000e+02
1.154495884731411934e+03,1.940068817138671875e+02
1.154760506287217140e+03,1.941921691894531250e+02
1.155025127783417702e+03,1.954686737060546875e+02
1.155025127783417702e+03,1.954686737060546875e+02
1.155225127786397934e+03,1.970555877685546875e+02
1.155225127786397934e+03,1.970555877685546875e+02
1.156225127786397934e+03,2.070099792480468750e+02
1.157225127786397934e+03,2.130736541748046875e+02
1.158225127786397934e+03,2.148438568115234375e+02
1.159225127786397934e+03,2.135608520507812500e+02
1.160225127786397934e+03,2.104492034912109375e+02
1.161225127786397934e+03,2.063617248535156250e+02
1.162225127786397934e+03,2.018252563476562500e+02
1.163225127786397934e+03,1.971478271484375000e+02
1.163225127786397934e+03,1.971478271484375000e+02
1.163275127787142992e+03,1.967792510986328125e+02
1.163325127787888050e+03,1.964904174804687500e+02
1.163375127792358398e+03,1.962246551513671875e+02
1.163425127789378166e+03,1.959718933105468750e+02
1.163425127789378166e+03,1.959718933105468750e+02
1.163689807817339897e+03,1.948242797851562500e+02
1.163954487845301628e+03,1.940827636718750000e+02
1.164219167873263359e+03,1.941174774169921875e+02
1.164483847901225090e+03,1.952024841308593750e+02
1.164483847901225090e+03,1.952024841308593750e+02
1.164683847904205322e+03,1.966524963378906250e+02
1.164683847904205322e+03,1.966524963378906250e+02
1.165683847904205322e+03,2.065522613525390625e+02
1.166683847904205322e+03,2.127884826660156250e+02
1.167683847904205322e+03,2.147419891357421875e+02
1.168683847904205322e+03,2.136013488769531250e+02
1.169683847904205322e+03,2.105929260253906250e+02
1.170683847904205322e+03,2.065802001953125000e+02
1.171683847904205322e+03,2.020988311767578125e+02
1.172683847904205322e+03,1.974627685546875000e+02
1.172683847904205322e+03,1.974627685546875000e+02
1.172733847904950380e+03,1.970955505371093750e+02
1.172783847905695438e+03,1.968085327148437500e+02
1.172833847910165787e+03,1.965446472167968750e+02
1.172883847907185555e+03,1.962937774658203125e+02
1.172883847907185555e+03,1.962937774658203125e+02
1.173148503586649895e+03,1.951595458984375000e+02
1.173413159266114235e+03,1.944414672851562500e+02
1.173677814975380898e+03,1.944944152832031250e+02
1.173942470625042915e+03,1.955600280761718750e+02
1.173942470625042915e+03,1.955600280761718750e+02
1.174142470628023148e+03,1.969637908935546875e+02
1.174142470628023148e+03,1.969637908935546875e+02
1.175142470628023148e+03,2.065164642333984375e+02
1.176142470628023148e+03,2.125918273925781250e+02
1.177142470628023148e+03,2.145409698486328125e+02
1.178142470628023148e+03,2.134688720703125000e+02
1.179142470628023148e+03,2.105489959716796875e+02
1.180142470628023148e+03,2.066211547851562500e+02
1.181142470628023148e+03,2.022129058837890625e+02
1.182142470628023148e+03,1.976369628906250000e+02
1.182142470628023148e+03,1.976369628906250000e+02
1.182192470628768206e+03,1.972726745605468750e+02
1.182242470629513264e+03,1.969885253906250000e+02
1.182292470633983612e+03,1.967274932861328125e+02
1.182342470631003380e+03,1.964794769287109375e+02
1.182342470631003380e+03,1.964794769287109375e+02
1.182606814637780190e+03,1.953309326171875000e+02
1.182871158644556999e+03,1.945329895019531250e+02
1.183135502681136131e+03,1.944469909667968750e+02
1.183399846658110619e+03,1.953509063720703125e+02
1.183399846658110619e+03,1.953509063720703125e+02
1.183599846661090851e+03,1.966389617919921875e+02
1.183599846661090851e+03,1.966389617919921875e+02
1.184599846661090851e+03,2.060171356201171875e+02
1.185599846661090851e+03,2.121256408691406250e+02
1.186599846661090851e+03,2.141714477539062500e+02
1.187599846661090851e+03,2.132015991210937500e+02
1.188599846661090851e+03,2.103728790283203125e+02
1.189599846661090851e+03,2.065225524902343750e+02
1.190599846661090851e+03,2.021795043945312500e+02
1.191599846661090851e+03,1.976583709716796875e+02
1.191599846661090851e+03,1.976583709716796875e+02
1.191649846661835909e+03,1.972966156005859375e+02
1.191699846662580967e+03,1.970151519775390625e+02
1.191749846667051315e+03,1.967567901611328125e+02
1.191799846664071083e+03,1.965114135742187500e+02
1.191799846664071083e+03,1.965114135742187500e+02
1.192062168762087822e+03,1.953878021240234375e+02
1.192324490860104561e+03,1.946075592041015625e+02
1.192586812928318977e+03,1.945035247802734375e+02
1.192849135056138039e+03,1.953336944580078125e+02
1.192849135056138039e+03,1.953336944580078125e+02
1.193049135059118271e+03,1.965481872558593750e+02
1.193049135059118271e+03,1.965481872558593750e+02
1.194049135059118271e+03,2.056631317138671875e+02
1.195049135059118271e+03,2.117245635986328125e+02
1.196049135059118271e+03,2.138459167480468750e+02
1.197049135059118271e+03,2.129911651611328125e+02
1.198049135059118271e+03,2.102763824462890625e+02
1.199049135059118271e+03,2.065244903564453125e+02
1.200049135059118271e+03,2.022618408203125000e+02
1.201049135059118271e+03,1.978047943115234375e+02
1.201049135059118271e+03,1.978047943115234375e+02
1.201099135059863329e+03,1.974461212158203125e+02
1.201149135060608387e+03,1.971677093505859375e+02
1.201199135065078735e+03,1.969123992919921875e+02
1.201249135062098503e+03,1.966700439453125000e+02
1.201249135062098503e+03,1.966700439453125000e+02
1.201511445716023445e+03,1.955750274658203125e+02
1.201773756369948387e+03,1.948330078125000000e+02
1.202036066994071007e+03,1.947487335205078125e+02
1.202298377677798271e+03,1.955552673339843750e+02
1.202298377677798271e+03,1.955552673339843750e+02
1.202498377680778503e+03,1.967234191894531250e+02
1.202498377680778503e+03,1.967234191894531250e+02
1.203498377680778503e+03,2.055800781250000000e+02
1.204498377680778503e+03,2.115574340820312500e+02
1.205498377680778503e+03,2.137182617187500000e+02
1.206498377680778503e+03,2.129526214599609375e+02
1.207498377680778503e+03,2.103340606689453125e+02
1.208498377680778503e+03,2.066680450439453125e+02
1.209498377680778503e+03,2.024761657714843750e+02
1.210498377680778503e+03,1.980752105712890625e+02
1.210498377680778503e+03,1.980752105712890625e+02
1.210548377681523561e+03,1.977190856933593750e+02
1.210598377682268620e+03,1.974432525634765625e+02
1.210648377686738968e+03,1.971905364990234375e+02
1.210698377683758736e+03,1.969507904052734375e+02
1.210698377683758736e+03,1.969507904052734375e+02
1.210963961258530617e+03,1.958339996337890625e+02
1.211229544833302498e+03,1.950278472900390625e+02
1.211495128408074379e+03,1.948464202880859375e+02
1.211760711982846260e+03,1.955554351806640625e+02
1.211760711982846260e+03,1.955554351806640625e+02
1.211960711985826492e+03,1.966432952880859375e+02
1.211960711985826492e+03,1.966432952880859375e+02
1.212960711985826492e+03,2.053764801025390625e+02
1.213960711985826492e+03,2.113730773925781250e+02
1.214960711985826492e+03,2.135962219238281250e+02
1.215960711985826492e+03,2.128981018066406250e+02
1.216960711985826492e+03,2.103416595458984375e+02
1.217960711985826492e+03,2.067302703857421875e+02
1.218960711985826492e+03,2.025856933593750000e+02
1.219960711985826492e+03,1.982254333496093750e+02
1.219960711985826492e+03,1.982254333496093750e+02
1.220010711986571550e+03,1.978709259033203125e+02
1.220060711987316608e+03,1.975970153808593750e+02
1.220110711991786957e+03,1.973462524414062500e+02
1.220160711988806725e+03,1.971084594726562500e+02
1.220160711988806725e+03,1.971084594726562500e+02
1.220426247343420982e+03,1.960029296875000000e+02
1.220691782698035240e+03,1.952140808105468750e+02
1.220957318052649498e+03,1.950488128662109375e+02
1.221222853407263756e+03,1.957463836669921875e+02
1.221222853407263756e+03,1.957463836669921875e+02
1.221422853410243988e+03,1.967991485595703125e+02
1.221422853410243988e+03,1.967991485595703125e+02
1.222422853410243988e+03,2.051956787109375000e+02
1.223422853410243988e+03,2.110101623535156250e+02
1.224422853410243988e+03,2.132065277099609375e+02
1.225422853410243988e+03,2.125632781982421875e+02
1.226422853410243988e+03,2.100901489257812500e+02
1.227422853410243988e+03,2.065642547607421875e+02
1.228422853410243988e+03,2.024970855712890625e+02
1.229422853410243988e+03,1.982033386230468750e+02
1.229422853410243988e+03,1.982033386230468750e+02
1.229472853410989046e+03,1.978523559570312500e+02
1.229522853411734104e+03,1.975817565917968750e+02
1.229572853416204453e+03,1.973342437744140625e+02
1.229622853413224220e+03,1.970996704101562500e+02
1.229622853413224220e+03,1.970996704101562500e+02
1.229887504383921623e+03,1.960185394287109375e+02
1.230152155354619026e+03,1.952527923583984375e+02
1.230416806295514107e+03,1.950890350341796875e+02
1.230681457296013832e+03,1.957485809326171875e+02
1.230681457296013832e+03,1.957485809326171875e+02
1.230881457298994064e+03,1.967530364990234375e+02
1.230881457298994064e+03,1.967530364990234375e+02
1.231881457298994064e+03,2.049002227783203125e+02
1.232881457298994064e+03,2.106279907226562500e+02
1.233881457298994064e+03,2.128589172363281250e+02
1.234881457298994064e+03,2.123035430908203125e+02
1.235881457298994064e+03,2.099296722412109375e+02
1.236881457298994064e+03,2.064957580566406250e+02
1.237881457298994064e+03,2.025072326660156250e+02
1.238881457298994064e+03,1.982783050537109375e+02
1.238881457298994064e+03,1.982783050537109375e+02
1.238931457299739122e+03,1.979305725097656250e+02
1.238981457300484180e+03,1.976631011962890625e+02
1.239031457304954529e+03,1.974187164306640625e+02
1.239081457301974297e+03,1.971872253417968750e+02
1.239081457301974297e+03,1.971872253417968750e+02
1.239346114680171013e+03,1.961109313964843750e+02
1.239610772058367729e+03,1.953050689697265625e+02
1.239875429436564445e+03,1.950379180908203125e+02
1.240140086814761162e+03,1.955554809570312500e+02
1.240140086814761162e+03,1.955554809570312500e+02
1.240340086817741394e+03,1.964506988525390625e+02
1.240340086817741394e+03,1.964506988525390625e+02
1.241340086817741394e+03,2.044989929199218750e+02
1.242340086817741394e+03,2.103396453857421875e+02
1.243340086817741394e+03,2.127191772460937500e+02
1.244340086817741394e+03,2.122905273437500000e+02
1.245340086817741394e+03,2.100140686035156250e+02
1.246340086817741394e+03,2.066535644531250000e+02
1.247340086817741394e+03,2.027208099365234375e+02
1.248340086817741394e+03,1.985348358154296875e+02
1.248340086817741394e+03,1.985348358154296875e+02
1.248390086818486452e+03,1.981886138916015625e+02
1.248440086819231510e+03,1.979230804443359375e+02
1.248490086823701859e+03,1.976806640625000000e+02
1.248540086820721626e+03,1.974511566162109375e+02
1.248540086820721626e+03,1.974511566162109375e+02
1.248804732725024223e+03,1.963858947753906250e+02
1.249069378629326820e+03,1.955968627929687500e+02
1.249334024503827095e+03,1.953462982177734375e+02
1.249598670437932014e+03,1.958585052490234375e+02
1.249598670437932014e+03,1.958585052490234375e+02
1.249798670440912247e+03,1.967278747558593750e+02
1.249798670440912247e+03,1.967278747558593750e+02
1.250798670440912247e+03,2.044975280761718750e+02
1.251798670440912247e+03,2.101820526123046875e+02
1.252798670440912247e+03,2.125376281738281250e+02
1.253798670440912247e+03,2.121567382812500000e+02
1.254798670440912247e+03,2.099533538818359375e+02
1.255798670440912247e+03,2.066676177978515625e+02
1.256798670440912247e+03,2.028018341064453125e+02
1.257798670440912247e+03,1.986725006103515625e+02
1.257798670440912247e+03,1.986725006103515625e+02
1.257848670441657305e+03,1.983290557861328125e+02
1.257898670442402363e+03,1.980662384033203125e+02
1.257948670446872711e+03,1.978265228271484375e+02
1.257998670443892479e+03,1.975997161865234375e+02
1.257998670443892479e+03,1.975997161865234375e+02
1.258261489227414131e+03,1.965377044677734375e+02
1.258524308010935783e+03,1.957041625976562500e+02
1.258787126764655113e+03,1.953520965576171875e+02
1.259049945577979088e+03,1.957233428955078125e+02
1.259049945577979088e+03,1.957233428955078125e+02
1.259249945580959320e+03,1.964850616455078125e+02
1.259249945580959320e+03,1.964850616455078125e+02
1.260249945580959320e+03,2.040426483154296875e+02
1.261249945580959320e+03,2.097256011962890625e+02
1.262249945580959320e+03,2.121589508056640625e+02
1.263249945580959320e+03,2.118717346191406250e+02
1.264249945580959320e+03,2.097558288574218750e+02
1.265249945580959320e+03,2.065459289550781250e+02
1.266249945580959320e+03,2.027444610595703125e+02
1.267249945580959320e+03,1.986693420410156250e+02
1.267249945580959320e+03,1.986693420410156250e+02
1.267299945581704378e+03,1.983284606933593750e+02
1.267349945582449436e+03,1.980683135986328125e+02
1.267399945586919785e+03,1.978312377929687500e+02
1.267449945583939552e+03,1.976070556640625000e+02
1.267449945583939552e+03,1.976070556640625000e+02
1.267712262466549873e+03,1.965637359619140625e+02
1.267974579349160194e+03,1.957492828369140625e+02
1.268236896231770515e+03,1.953999023437500000e+02
1.268499213114380836e+03,1.957410278320312500e+02
1.268499213114380836e+03,1.957410278320312500e+02
1.268699213117361069e+03,1.964605712890625000e+02
1.268699213117361069e+03,1.964605712890625000e+02
1.269699213117361069e+03,2.037909545898437500e+02
1.270699213117361069e+03,2.093915710449218750e+02
1.271699213117361069e+03,2.118532867431640625e+02
1.272699213117361069e+03,2.116444091796875000e+02
1.273699213117361069e+03,2.096185302734375000e+02
1.274699213117361069e+03,2.064929962158203125e+02
1.275699213117361069e+03,2.027642822265625000e+02
1.276699213117361069e+03,1.987496337890625000e+02
1.276699213117361069e+03,1.987496337890625000e+02
1.276749213118106127e+03,1.984117279052734375e+02
1.276799213118851185e+03,1.981544952392578125e+02
1.276849213123321533e+03,1.979203186035156250e+02
1.276899213120341301e+03,1.976990203857421875e+02
1.276899213120341301e+03,1.976990203857421875e+02
1.277161539986729622e+03,1.966767883300781250e+02
1.277423866853117943e+03,1.958879394531250000e+02
1.277686193749308586e+03,1.955542144775390625e+02
1.277948520585894585e+03,1.958847656250000000e+02
1.277948520585894585e+03,1.958847656250000000e+02
1.278148520588874817e+03,1.965770263671875000e+02
1.278148520588874817e+03,1.965770263671875000e+02
1.279148520588874817e+03,2.037077178955078125e+02
1.280148520588874817e+03,2.092272644042968750e+02
1.281148520588874817e+03,2.117113647460937500e+02
1.282148520588874817e+03,2.115742340087890625e+02
1.283148520588874817e+03,2.096323699951171875e+02
1.284148520588874817e+03,2.065854949951171875e+02
1.285148520588874817e+03,2.029239654541015625e+02
1.286148520588874817e+03,1.989642181396484375e+02
1.286148520588874817e+03,1.989642181396484375e+02
1.286198520589619875e+03,1.986288452148437500e+02
1.286248520590364933e+03,1.983741760253906250e+02
1.286298520594835281e+03,1.981425933837890625e+02
1.286348520591855049e+03,1.979238586425781250e+02
1.286348520591855049e+03,1.979238586425781250e+02
1.286614146873354912e+03,1.968885650634765625e+02
1.286879773154854774e+03,1.960598449707031250e+02
1.287145399466156960e+03,1.956631622314453125e+02
1.287411025717854500e+03,1.959259796142578125e+02
1.287411025717854500e+03,1.959259796142578125e+02
1.287611025720834732e+03,1.965592803955078125e+02
1.287611025720834732e+03,1.965592803955078125e+02
1.288611025720834732e+03,2.035549316406250000e+02
1.289611025720834732e+03,2.090588989257812500e+02
1.290611025720834732e+03,2.115790252685546875e+02
1.291611025720834732e+03,2.114934844970703125e+02
1.292611025720834732e+03,2.096045989990234375e+02
1.293611025720834732e+03,2.066071624755859375e+02
1.294611025720834732e+03,2.029900817871093750e+02
1.295611025720834732e+03,1.990695648193359375e+02
1.295611025720834732e+03,1.990695648193359375e+02
1.295661025721579790e+03,1.987358093261718750e+02
1.295711025722324848e+03,1.984830169677734375e+02
1.295761025726795197e+03,1.982533264160156250e+02
1.295811025723814964e+03,1.980364990234375000e+02
1.295811025723814964e+03,1.980364990234375000e+02
1.296075138941407204e+03,1.970167694091796875e+02
1.296339252158999443e+03,1.962017364501953125e+02
1.296603365346789360e+03,1.958074340820312500e+02
1.296867478594183922e+03,1.960426788330078125e+02
1.296867478594183922e+03,1.960426788330078125e+02
1.297067478597164154e+03,1.966367797851562500e+02
1.297067478597164154e+03,1.966367797851562500e+02
1.298067478597164154e+03,2.033084869384765625e+02
1.299067478597164154e+03,2.086155090332031250e+02
1.300067478597164154e+03,2.110817718505859375e+02
1.301067478597164154e+03,2.110277404785156250e+02
1.302067478597164154e+03,2.092069702148437500e+02
1.303067478597164154e+03,2.062871246337890625e+02
1.304067478597164154e+03,2.027447204589843750e+02
1.305067478597164154e+03,1.988912811279296875e+02
1.305067478597164154e+03,1.988912811279296875e+02
1.305117478597909212e+03,1.985612945556640625e+02
1.305167478598654270e+03,1.983119354248046875e+02
1.305217478603124619e+03,1.980856018066406250e+02
1.305267478600144386e+03,1.978720703125000000e+02
1.305267478600144386e+03,1.978720703125000000e+02
1.305532118961215019e+03,1.968714904785156250e+02
1.305796759322285652e+03,1.960804290771484375e+02
1.306061399653553963e+03,1.957048034667968750e+02
1.306326040044426918e+03,1.959402160644531250e+02
1.306326040044426918e+03,1.959402160644531250e+02
1.306526040047407150e+03,1.965182189941406250e+02
1.306526040047407150e+03,1.965182189941406250e+02
1.307526040047407150e+03,2.030342254638671875e+02
1.308526040047407150e+03,2.082780151367187500e+02
1.309526040047407150e+03,2.107721710205078125e+02
1.310526040047407150e+03,2.107928314208984375e+02
1.311526040047407150e+03,2.090598602294921875e+02
1.312526040047407150e+03,2.062236328125000000e+02
1.313526040047407150e+03,2.027541046142578125e+02
1.314526040047407150e+03,1.989615936279296875e+02
1.314526040047407150e+03,1.989615936279296875e+02
1.314576040048152208e+03,1.986346282958984375e+02
1.314626040048897266e+03,1.983882141113281250e+02
1.314676040053367615e+03,1.981647949218750000e+02
1.314726040050387383e+03,1.979541625976562500e+02
1.314726040050387383e+03,1.979541625976562500e+02
1.314990705713629723e+03,1.969609985351562500e+02
1.315255371376872063e+03,1.961472320556640625e+02
1.315520037040114403e+03,1.957034301757812500e+02
1.315784702703356743e+03,1.958365173339843750e+02
1.315784702703356743e+03,1.958365173339843750e+02
1.315984702706336975e+03,1.963297729492187500e+02
1.315984702706336975e+03,1.963297729492187500e+02
1.316984702706336975e+03,2.027211914062500000e+02
1.317984702706336975e+03,2.080267333984375000e+02
1.318984702706336975e+03,2.106342468261718750e+02
1.319984702706336975e+03,2.107624816894531250e+02
1.320984702706336975e+03,2.091173400878906250e+02
1.321984702706336975e+03,2.063499603271484375e+02
1.322984702706336975e+03,2.029341735839843750e+02
1.323984702706336975e+03,1.991838989257812500e+02
1.323984702706336975e+03,1.991838989257812500e+02
1.324034702707082033e+03,1.988584594726562500e+02
1.324084702707827091e+03,1.986139526367187500e+02
1.324134702712297440e+03,1.983924865722656250e+02
1.324184702709317207e+03,1.981838226318359375e+02
1.324184702709317207e+03,1.981838226318359375e+02
1.324449352100491524e+03,1.971999511718750000e+02
1.324714001491665840e+03,1.963981781005859375e+02
1.324978650823235512e+03,1.959675750732421875e+02
1.325243300274014473e+03,1.961014099121093750e+02
1.325243300274014473e+03,1.961014099121093750e+02
1.325443300276994705e+03,1.965808563232421875e+02
1.325443300276994705e+03,1.965808563232421875e+02
1.326443300276994705e+03,2.027523345947265625e+02
1.327443300276994705e+03,2.079125061035156250e+02
1.328443300276994705e+03,2.104822998046875000e+02
1.329443300276994705e+03,2.106401977539062500e+02
1.330443300276994705e+03,2.090532684326171875e+02
1.331443300276994705e+03,2.063501739501953125e+02
1.332443300276994705e+03,2.029944915771484375e+02
1.333443300276994705e+03,1.992965698242187500e+02
1.333443300276994705e+03,1.992965698242187500e+02
1.333493300277739763e+03,1.989736938476562500e+02
1.333543300278484821e+03,1.987317199707031250e+02
1.333593300282955170e+03,1.985127716064453125e+02
1.333643300279974937e+03,1.983066101074218750e+02
1.333643300279974937e+03,1.983066101074218750e+02
1.333908461168408394e+03,1.973329315185546875e+02
1.334173622056841850e+03,1.965396881103515625e+02
1.334438782915472984e+03,1.961131439208984375e+02
1.334703943833708763e+03,1.962377166748046875e+02
1.334703943833708763e+03,1.962377166748046875e+02
1.334903943836688995e+03,1.966963500976562500e+02
1.334903943836688995e+03,1.966963500976562500e+02
1.335903943836688995e+03,2.026329956054687500e+02
1.336903943836688995e+03,2.076308898925781250e+02
1.337903943836688995e+03,2.101455841064453125e+02
1.338903943836688995e+03,2.103203735351562500e+02
1.339903943836688995e+03,2.087849273681640625e+02
1.340903943836688995e+03,2.061446228027343750e+02
1.341903943836688995e+03,2.028513641357421875e+02
1.342903943836688995e+03,1.992105560302734375e+02
1.342903943836688995e+03,1.992105560302734375e+02
1.342953943837434053e+03,1.988907775878906250e+02
1.343003943838179111e+03,1.986516876220703125e+02
1.343053943842649460e+03,1.984355773925781250e+02
1.343103943839669228e+03,1.982322235107421875e+02
1.343103943839669228e+03,1.982322235107421875e+02
1.343366268262267113e+03,1.972762298583984375e+02
1.343628592684864998e+03,1.964711456298828125e+02
1.343890917137265205e+03,1.959818267822265625e+02
1.344153241530060768e+03,1.959950103759765625e+02
1.344153241530060768e+03,1.959950103759765625e+02
1.344353241533041000e+03,1.963596191406250000e+02
1.344353241533041000e+03,1.963596191406250000e+02
1.345353241533041000e+03,2.021274108886718750e+02
1.346353241533041000e+03,2.071689758300781250e+02
1.347353241533041000e+03,2.097981109619140625e+02
1.348353241533041000e+03,2.100905151367187500e+02
1.349353241533041000e+03,2.086557922363281250e+02
1.350353241533041000e+03,2.060972290039062500e+02
1.351353241533041000e+03,2.028695678710937500e+02
1.352353241533041000e+03,1.992815856933593750e+02
1.352353241533041000e+03,1.992815856933593750e+02
1.352403241533786058e+03,1.989641418457031250e+02
1.352453241534531116e+03,1.987275695800781250e+02
1.352503241539001465e+03,1.985139923095703125e+02
1.352553241536021233e+03,1.983131561279296875e+02
1.352553241536021233e+03,1.983131561279296875e+02
1.352815574154257774e+03,1.973736724853515625e+02
1.353077906772494316e+03,1.965890350341796875e+02
1.353340239450335503e+03,1.961164398193359375e+02
1.353602572008967400e+03,1.961304473876953125e+02
1.353602572008967400e+03,1.961304473876953125e+02
1.353802572011947632e+03,1.964818725585937500e+02
1.353802572011947632e+03,1.964818725585937500e+02
1.354802572011947632e+03,2.020854492187500000e+02
1.355802572011947632e+03,2.070394287109375000e+02
1.356802572011947632e+03,2.096709747314453125e+02
1.357802572011947632e+03,2.100168914794921875e+02
1.358802572011947632e+03,2.086533660888671875e+02
1.359802572011947632e+03,2.061654510498046875e+02
1.360802572011947632e+03,2.030003051757812500e+02
1.361802572011947632e+03,1.994647064208984375e+02
1.361802572011947632e+03,1.994647064208984375e+02
1.361852572012692690e+03,1.991496887207031250e+02
1.361902572013437748e+03,1.989155731201171875e+02
1.361952572017908096e+03,1.987044677734375000e+02
1.362002572014927864e+03,1.985060882568359375e+02
1.362002572014927864e+03,1.985060882568359375e+02
1.362268131300806999e+03,1.975592956542968750e+02
1.362533690586686134e+03,1.967492218017578125e+02
1.362799249902367592e+03,1.962340087890625000e+02
1.363064809158444405e+03,1.961990356445312500e+02
1.363064809158444405e+03,1.961990356445312500e+02
1.363264809161424637e+03,1.965070648193359375e+02
1.363264809161424637e+03,1.965070648193359375e+02
1.364264809161424637e+03,2.019786224365234375e+02
1.365264809161424637e+03,2.068953552246093750e+02
1.366264809161424637e+03,2.095422973632812500e+02
1.367264809161424637e+03,2.099254608154296875e+02
1.368264809161424637e+03,2.086057281494140625e+02
1.369264809161424637e+03,2.061614685058593750e+02
1.370264809161424637e+03,2.030371551513671875e+02
1.371264809161424637e+03,1.995385742187500000e+02
1.371264809161424637e+03,1.995385742187500000e+02
1.371314809162169695e+03,1.992251281738281250e+02
1.371364809162914753e+03,1.989927825927734375e+02
1.371414809167385101e+03,1.987834777832031250e+02
1.371464809164404869e+03,1.985869140625000000e+02
1.371464809164404869e+03,1.985869140625000000e+02
1.371729368373751640e+03,1.976533813476562500e+02
1.371993927583098412e+03,1.968559570312500000e+02
1.372258486732840538e+03,1.963467254638671875e+02
1.372523046001791954e+03,1.962991027832031250e+02
1.372523046001791954e+03,1.962991027832031250e+02
1.372723046004772186e+03,1.965843353271484375e+02
1.372723046004772186e+03,1.965843353271484375e+02
1.373723046004772186e+03,2.018254547119140625e+02
1.374723046004772186e+03,2.065880584716796875e+02
1.375723046004772186e+03,2.091868286132812500e+02
1.376723046004772186e+03,2.095917510986328125e+02
1.377723046004772186e+03,2.083266601562500000e+02
1.378723046004772186e+03,2.059471588134765625e+02
1.379723046004772186e+03,2.028864135742187500e+02
1.380723046004772186e+03,1.994455413818359375e+02
1.380723046004772186e+03,1.994455413818359375e+02
1.380773046005517244e+03,1.991352233886718750e+02
1.380823046006262302e+03,1.989058074951171875e+02
1.380873046010732651e+03,1.986993713378906250e+02
1.380923046007752419e+03,1.985056457519531250e+02
1.380923046007752419e+03,1.985056457519531250e+02
1.381187683328986168e+03,1.975892791748046875e+02
1.381452320650219917e+03,1.968118743896484375e+02
1.381716958001255989e+03,1.963179779052734375e+02
1.381981595292687416e+03,1.962702178955078125e+02
1.381981595292687416e+03,1.962702178955078125e+02
1.382181595295667648e+03,1.965427246093750000e+02
1.382181595295667648e+03,1.965427246093750000e+02
1.383181595295667648e+03,2.016236572265625000e+02
1.384181595295667648e+03,2.062904815673828125e+02
1.385181595295667648e+03,2.088789672851562500e+02
1.386181595295667648e+03,2.093276977539062500e+02
1.387181595295667648e+03,2.081293487548828125e+02
1.388181595295667648e+03,2.058206024169921875e+02
1.389181595295667648e+03,2.028256683349609375e+02
1.390181595295667648e+03,1.994424285888671875e+02
1.390181595295667648e+03,1.994424285888671875e+02
1.390231595296412706e+03,1.991350708007812500e+02
1.390281595297157764e+03,1.989084930419921875e+02
1.390331595301628113e+03,1.987048645019531250e+02
1.390381595298647881e+03,1.985139160156250000e+02
1.390381595298647881e+03,1.985139160156250000e+02
1.390646220579743385e+03,1.976063690185546875e+02
1.390910845860838890e+03,1.968174743652343750e+02
1.391175471171736717e+03,1.962800292968750000e+02
1.391440096423029900e+03,1.961604766845703125e+02
1.391440096423029900e+03,1.961604766845703125e+02
1.391640096426010132e+03,1.963694458007812500e+02
1.391640096426010132e+03,1.963694458007812500e+02
1.392640096426010132e+03,2.013202514648437500e+02
1.393640096426010132e+03,2.060129241943359375e+02
1.394640096426010132e+03,2.086866760253906250e+02
1.395640096426010132e+03,2.092274475097656250e+02
1.396640096426010132e+03,2.081100006103515625e+02
1.397640096426010132e+03,2.058679962158203125e+02
1.398640096426010132e+03,2.029272003173828125e+02
1.399640096426010132e+03,1.995878906250000000e+02
1.399640096426010132e+03,1.995878906250000000e+02
1.399690096426755190e+03,1.992823028564453125e+02
1.399740096427500248e+03,1.990577697753906250e+02
1.399790096431970596e+03,1.988562011718750000e+02
1.399840096428990364e+03,1.986673278808593750e+02
1.399840096428990364e+03,1.986673278808593750e+02
1.400104766979813576e+03,1.977696533203125000e+02
1.400369437530636787e+03,1.969915924072265625e+02
1.400634108081459999e+03,1.964657745361328125e+02
1.400898778632283211e+03,1.963505554199218750e+02
1.400898778632283211e+03,1.963505554199218750e+02
1.401098778635263443e+03,1.965534210205078125e+02
1.401098778635263443e+03,1.965534210205078125e+02
1.402098778635263443e+03,2.013361663818359375e+02
1.403098778635263443e+03,2.059009552001953125e+02
1.404098778635263443e+03,2.085316619873046875e+02
1.405098778635263443e+03,2.090902099609375000e+02
1.406098778635263443e+03,2.080201416015625000e+02
1.407098778635263443e+03,2.058346252441406250e+02
1.408098778635263443e+03,2.029489746093750000e+02
1.409098778635263443e+03,1.996591491699218750e+02
1.409098778635263443e+03,1.996591491699218750e+02
1.409148778636008501e+03,1.993560028076171875e+02
1.409198778636753559e+03,1.991338806152343750e+02
1.409248778641223907e+03,1.989347076416015625e+02
1.409298778638243675e+03,1.987482299804687500e+02
1.409298778638243675e+03,1.987482299804687500e+02
1.409564135089516640e+03,1.978606872558593750e+02
1.409829491540789604e+03,1.970926971435546875e+02
1.410094847962260246e+03,1.965746459960937500e+02
1.410360204443335533e+03,1.964583892822265625e+02
1.410360204443335533e+03,1.964583892822265625e+02
1.410560204446315765e+03,1.966506042480468750e+02
1.410560204446315765e+03,1.966506042480468750e+02
1.411560204446315765e+03,2.012478637695312500e+02
1.412560204446315765e+03,2.056637420654296875e+02
1.413560204446315765e+03,2.082297363281250000e+02
1.414560204446315765e+03,2.087889099121093750e+02
1.415560204446315765e+03,2.077554168701171875e+02
1.416560204446315765e+03,2.056212615966796875e+02
1.417560204446315765e+03,2.027899475097656250e+02
1.418560204446315765e+03,1.995517272949218750e+02
1.418560204446315765e+03,1.995517272949218750e+02
1.418610204447060823e+03,1.992514190673828125e+02
1.418660204447805882e+03,1.990319366455078125e+02
1.418710204452276230e+03,1.988353424072265625e+02
1.418760204449295998e+03,1.986514129638671875e+02
1.418760204449295998e+03,1.986514129638671875e+02
1.419022531703114510e+03,1.977825622558593750e+02
1.419284858956933022e+03,1.970131835937500000e+02
1.419547186151146889e+03,1.964560394287109375e+02
1.419809513464570045e+03,1.962594451904296875e+02
1.419809513464570045e+03,1.962594451904296875e+02
1.420009513467550278e+03,1.963772735595703125e+02
1.420009513467550278e+03,1.963772735595703125e+02
1.421009513467550278e+03,2.007952575683593750e+02
1.422009513467550278e+03,2.052142639160156250e+02
1.423009513467550278e+03,2.078619842529296875e+02
1.424009513467550278e+03,2.085190429687500000e+02
1.425009513467550278e+03,2.075757141113281250e+02
1.426009513467550278e+03,2.055181884765625000e+02
1.427009513467550278e+03,2.027503662109375000e+02
1.428009513467550278e+03,1.995645446777343750e+02
1.428009513467550278e+03,1.995645446777343750e+02
1.428059513468295336e+03,1.992666320800781250e+02
1.428109513469040394e+03,1.990496826171875000e+02
1.428159513473510742e+03,1.988556365966796875e+02
1.428209513470530510e+03,1.986742095947265625e+02
1.428209513470530510e+03,1.986742095947265625e+02
1.428471815332770348e+03,1.978197784423828125e+02
1.428734117195010185e+03,1.970666961669921875e+02
1.428996419116854668e+03,1.965240936279296875e+02
1.429258720919489861e+03,1.963324890136718750e+02
1.429258720919489861e+03,1.963324890136718750e+02
1.429458720922470093e+03,1.964449920654296875e+02
1.429458720922470093e+03,1.964449920654296875e+02
1.430458720922470093e+03,2.007385864257812500e+02
1.431458720922470093e+03,2.050781250000000000e+02
1.432458720922470093e+03,2.077188720703125000e+02
1.433458720922470093e+03,2.084167785644531250e+02
1.434458720922470093e+03,2.075345611572265625e+02
1.435458720922470093e+03,2.055411376953125000e+02
1.436458720922470093e+03,2.028322143554687500e+02
1.437458720922470093e+03,1.996971740722656250e+02
1.437458720922470093e+03,1.996971740722656250e+02
1.437508720923215151e+03,1.994016571044921875e+02
1.437558720923960209e+03,1.991871185302734375e+02
1.437608720928430557e+03,1.989954833984375000e+02
1.437658720925450325e+03,1.988164825439453125e+02
1.437658720925450325e+03,1.988164825439453125e+02
1.437924325779080391e+03,1.979587860107421875e+02
1.438189930632710457e+03,1.971906890869140625e+02
1.438455535486340523e+03,1.966209411621093750e+02
1.438721140339970589e+03,1.963963775634765625e+02
1.438721140339970589e+03,1.963963775634765625e+02
1.438921140342950821e+03,1.964794616699218750e+02
1.438921140342950821e+03,1.964794616699218750e+02
1.439921140342950821e+03,2.006571960449218750e+02
1.440921140342950821e+03,2.049493255615234375e+02
1.441921140342950821e+03,2.075906829833984375e+02
1.442921140342950821e+03,2.083137664794921875e+02
1.443921140342950821e+03,2.074668426513671875e+02
1.444921140342950821e+03,2.055114135742187500e+02
1.445921140342950821e+03,2.028396148681640625e+02
1.446921140342950821e+03,1.997392425537109375e+02
1.446921140342950821e+03,1.997392425537109375e+02
1.446971140343695879e+03,1.994452514648437500e+02
1.447021140344440937e+03,1.992323760986328125e+02
1.447071140348911285e+03,1.990424499511718750e+02
1.447121140345931053e+03,1.988651580810546875e+02
1.447121140345931053e+03,1.988651580810546875e+02
1.447385718867182732e+03,1.980200653076171875e+02
1.447650297388434410e+03,1.972642517089843750e+02
1.447914875909686089e+03,1.967016601562500000e+02
1.448179454430937767e+03,1.964702758789062500e+02
1.448179454430937767e+03,1.964702758789062500e+02
1.448379454433917999e+03,1.965377502441406250e+02
1.448379454433917999e+03,1.965377502441406250e+02
1.449379454433917999e+03,2.005289764404296875e+02
1.450379454433917999e+03,2.046812591552734375e+02
1.451379454433917999e+03,2.072673339843750000e+02
1.452379454433917999e+03,2.079980316162109375e+02
1.453379454433917999e+03,2.071921997070312500e+02
1.454379454433917999e+03,2.052908935546875000e+02
1.455379454433917999e+03,2.026750183105468750e+02
1.456379454433917999e+03,1.996271057128906250e+02
1.456379454433917999e+03,1.996271057128906250e+02
1.456429454434663057e+03,1.993359680175781250e+02
1.456479454435408115e+03,1.991257781982421875e+02
1.456529454439878464e+03,1.989384613037109375e+02
1.456579454436898232e+03,1.987637634277343750e+02
1.456579454436898232e+03,1.987637634277343750e+02
1.456844073250889778e+03,1.979338378906250000e+02
1.457108692064881325e+03,1.971952819824218750e+02
1.457373310819268227e+03,1.966471252441406250e+02
1.457637929692864418e+03,1.964192962646484375e+02
1.457637929692864418e+03,1.964192962646484375e+02
1.457837929695844650e+03,1.964800872802734375e+02
1.457837929695844650e+03,1.964800872802734375e+02
1.458837929695844650e+03,2.003392944335937500e+02
1.459837929695844650e+03,2.043981323242187500e+02
1.460837929695844650e+03,2.069613800048828125e+02
1.461837929695844650e+03,2.077205047607421875e+02
1.462837929695844650e+03,2.069685974121093750e+02
1.463837929695844650e+03,2.051289672851562500e+02
1.464837929695844650e+03,2.025730285644531250e+02
1.465837929695844650e+03,1.995792846679687500e+02
1.465837929695844650e+03,1.995792846679687500e+02
1.465887929696589708e+03,1.992909851074218750e+02
1.465937929697334766e+03,1.990834960937500000e+02
1.465987929701805115e+03,1.988988494873046875e+02
1.466037929698824883e+03,1.987267913818359375e+02
1.466037929698824883e+03,1.987267913818359375e+02
1.466302588954567909e+03,1.979063873291015625e+02
1.466567248210310936e+03,1.971634063720703125e+02
1.466831907495856285e+03,1.965882568359375000e+02
1.467096566721796989e+03,1.963114166259765625e+02
1.467096566721796989e+03,1.963114166259765625e+02
1.467296566724777222e+03,1.963262939453125000e+02
1.467296566724777222e+03,1.963262939453125000e+02
1.468296566724777222e+03,2.000658569335937500e+02
1.469296566724777222e+03,2.041285400390625000e+02
1.470296566724777222e+03,2.067545471191406250e+02
1.471296566724777222e+03,2.075907440185546875e+02
1.472296566724777222e+03,2.069113464355468750e+02
1.473296566724777222e+03,2.051342468261718750e+02
1.474296566724777222e+03,2.026306762695312500e+02
1.475296566724777222e+03,1.996804199218750000e+02
1.475296566724777222e+03,1.996804199218750000e+02
1.475346566725522280e+03,1.993939361572265625e+02
1.475396566726267338e+03,1.991884918212890625e+02
1.475446566730737686e+03,1.990059051513671875e+02
1.475496566727757454e+03,1.988359222412109375e+02
1.475496566727757454e+03,1.988359222412109375e+02
1.475761222645640373e+03,1.980257415771484375e+02
1.476025878563523293e+03,1.972931976318359375e+02
1.476290534451603889e+03,1.967284698486328125e+02
1.476555190399289131e+03,1.964568481445312500e+02
1.476555190399289131e+03,1.964568481445312500e+02
1.476755190402269363e+03,1.964691467285156250e+02
1.476755190402269363e+03,1.964691467285156250e+02
1.477755190402269363e+03,2.000750885009765625e+02
1.478755190402269363e+03,2.040225067138671875e+02
1.479755190402269363e+03,2.066000976562500000e+02
1.480755190402269363e+03,2.074425659179687500e+02
1.481755190402269363e+03,2.067995910644531250e+02
1.482755190402269363e+03,2.050706634521484375e+02
1.483755190402269363e+03,2.026166381835937500e+02
1.484755190402269363e+03,1.997123870849609375e+02
1.484755190402269363e+03,1.997123870849609375e+02
1.484805190403014421e+03,1.994282226562500000e+02
1.484855190403759480e+03,1.992250366210937500e+02
1.484905190408229828e+03,1.990447082519531250e+02
1.484955190405249596e+03,1.988769531250000000e+02
1.484955190405249596e+03,1.988769531250000000e+02
1.485087996095418930e+03,1.984642333984375000e+02
1.485220801785588264e+03,1.980630798339843750e+02
1.485353607490658760e+03,1.976673278808593750e+02
1.485424275651574135e+03,1.974581756591796875e+02
1.485424573883414268e+03,1.974572906494140625e+02
1.485433759942650795e+03,1.974301300048828125e+02
1.485434109792113304e+03,1.974290924072265625e+02
1.485443553641438484e+03,1.974011993408203125e+02
1.485443849727511406e+03,1.974003295898437500e+02
1.485576655432581902e+03,1.970217590332031250e+02
1.485709461137652397e+03,1.966719512939453125e+02
1.485842266783118248e+03,1.963706207275390625e+02
1.485934786602854729e+03,1.961915588378906250e+02
1.485935133561491966e+03,1.961908874511718750e+02
1.486017635926604271e+03,1.960612640380859375e+02
1.486017635926604271e+03,1.960612640380859375e+02
1.486217635929584503e+03,1.959833221435546875e+02
1.486217635929584503e+03,1.959833221435546875e+02
1.487217635929584503e+03,1.994194793701171875e+02
1.488217635929584503e+03,2.033458251953125000e+02
1.489217635929584503e+03,2.059833068847656250e+02
1.490217635929584503e+03,2.069215240478515625e+02
1.491217635929584503e+03,2.063820953369140625e+02
1.492217635929584503e+03,2.047502288818359375e+02
1.493217635929584503e+03,2.023813018798828125e+02
1.494217635929584503e+03,1.995492553710937500e+02
1.494217635929584503e+03,1.995492553710937500e+02
1.494267635930329561e+03,1.992689666748046875e+02
1.494317635931074619e+03,1.990694122314453125e+02
1.494367635935544968e+03,1.988926391601562500e+02
1.494417635932564735e+03,1.987283782958984375e+02
1.494417635932564735e+03,1.987283782958984375e+02
1.494548797354102135e+03,1.983294372558593750e+02
1.494679958775639534e+03,1.979414062500000000e+02
1.494811120197176933e+03,1.975575408935546875e+02
1.494883076325058937e+03,1.973479614257812500e+02
1.494883199736475945e+03,1.973475952148437500e+02
1.494894410029053688e+03,1.973149719238281250e+02
1.494894716784358025e+03,1.973140716552734375e+02
1.494905968174338341e+03,1.972813568115234375e+02
1.494906291857361794e+03,1.972804107666015625e+02
1.494917197600007057e+03,1.972487182617187500e+02
1.494917415007948875e+03,1.972480926513671875e+02
1.495048576429486275e+03,1.968775939941406250e+02
1.495179737880825996e+03,1.965307159423828125e+02
1.495310899272561073e+03,1.962248992919921875e+02
1.495442060723900795e+03,1.959801483154296875e+02
1.495466927304863930e+03,1.959360809326171875e+02
1.495466927304863930e+03,1.959360809326171875e+02
1.495666927307844162e+03,1.957978210449218750e+02
1.495666927307844162e+03,1.957978210449218750e+02
1.496666927307844162e+03,1.990290985107421875e+02
1.497666927307844162e+03,2.029173736572265625e+02
1.498666927307844162e+03,2.056065368652343750e+02
1.499666927307844162e+03,2.066250152587890625e+02
1.500666927307844162e+03,2.061662902832031250e+02
1.501666927307844162e+03,2.046061706542968750e+02
1.502666927307844162e+03,2.022983093261718750e+02
1.503666927307844162e+03,1.995175933837890625e+02
1.503666927307844162e+03,1.995175933837890625e+02
1.503716927308589220e+03,1.992397003173828125e+02
1.503766927309334278e+03,1.990426635742187500e+02
1.503816927313804626e+03,1.988683776855468750e+02
1.503866927310824394e+03,1.987065887451171875e+02
1.503866927310824394e+03,1.987065887451171875e+02
1.503998085975646973e+03,1.983140411376953125e+02
1.504129244640469551e+03,1.979324188232421875e+02
1.504260403290390968e+03,1.975551452636718750e+02
1.504335986778140068e+03,1.973389739990234375e+02
1.504336222514510155e+03,1.973382873535156250e+02
1.504347118809819221e+03,1.973071594238281250e+02
1.504347369089722633e+03,1.973064422607421875e+02
1.504358569964766502e+03,1.972744598388671875e+02
1.504358609095215797e+03,1.972743530273437500e+02
1.504489767774939537e+03,1.969106903076171875e+02
1.504620926424860954e+03,1.965704345703125000e+02
1.504752085074782372e+03,1.962703094482421875e+02
1.504883243724703789e+03,1.960293121337890625e+02
1.504916196629405022e+03,1.959728088378906250e+02
1.504916196629405022e+03,1.959728088378906250e+02
1.505116196632385254e+03,1.958394775390625000e+02
1.505116196632385254e+03,1.958394775390625000e+02
1.506116196632385254e+03,1.989735412597656250e+02
1.507116196632385254e+03,2.027787322998046875e+02
1.508116196632385254e+03,2.054445953369140625e+02
1.509116196632385254e+03,2.064875793457031250e+02
1.510116196632385254e+03,2.060779113769531250e+02
1.511116196632385254e+03,2.045743255615234375e+02
1.512116196632385254e+03,2.023211975097656250e+02
1.513116196632385254e+03,1.995894012451171875e+02
1.513116196632385254e+03,1.995894012451171875e+02
1.513166196633130312e+03,1.993138732910156250e+02
1.513216196633875370e+03,1.991191711425781250e+02
1.513266196638345718e+03,1.989472503662109375e+02
1.513316196635365486e+03,1.987878112792968750e+02
1.513316196635365486e+03,1.987878112792968750e+02
1.513581850454211235e+03,1.980240020751953125e+02
1.513847504273056984e+03,1.973175354003906250e+02
1.514113158121705055e+03,1.967407836914062500e+02
1.514378811910748482e+03,1.964071960449218750e+02
1.514378811910748482e+03,1.964071960449218750e+02
1.514578811913728714e+03,1.963424377441406250e+02
1.514578811913728714e+03,1.963424377441406250e+02
1.515578811913728714e+03,1.994535064697265625e+02
1.516578811913728714e+03,2.031302337646484375e+02
1.517578811913728714e+03,2.056746368408203125e+02
1.518578811913728714e+03,2.066325073242187500e+02
1.519578811913728714e+03,2.061728973388671875e+02
1.520578811913728714e+03,2.046457214355468750e+02
1.521578811913728714e+03,2.023866424560546875e+02
1.522578811913728714e+03,1.996598052978515625e+02
1.522578811913728714e+03,1.996598052978515625e+02
1.522628811914473772e+03,1.993842926025390625e+02
1.522678811915218830e+03,1.991898345947265625e+02
1.522728811919689178e+03,1.990182037353515625e+02
1.522778811916708946e+03,1.988591003417968750e+02
1.522778811916708946e+03,1.988591003417968750e+02
1.523043448820710182e+03,1.981009063720703125e+02
1.523308085724711418e+03,1.974003143310546875e+02
1.523572722598910332e+03,1.968260498046875000e+02
1.523837359532713890e+03,1.964850616455078125e+02
1.523837359532713890e+03,1.964850616455078125e+02
1.524037359535694122e+03,1.964067382812500000e+02
1.524037359535694122e+03,1.964067382812500000e+02
1.525037359535694122e+03,1.993595275878906250e+02
1.526037359535694122e+03,2.029072723388671875e+02
1.527037359535694122e+03,2.053907623291015625e+02
1.528037359535694122e+03,2.063439178466796875e+02
1.529037359535694122e+03,2.059128265380859375e+02
1.530037359535694122e+03,2.044293975830078125e+02
1.531037359535694122e+03,2.022184295654296875e+02
1.532037359535694122e+03,1.995384368896484375e+02
1.532037359535694122e+03,1.995384368896484375e+02
1.532087359536439180e+03,1.992655029296875000e+02
1.532137359537184238e+03,1.990734558105468750e+02
1.532187359541654587e+03,1.989041900634765625e+02
1.532237359538674355e+03,1.987474365234375000e+02
1.532237359538674355e+03,1.987474365234375000e+02
1.532502023771405220e+03,1.980024414062500000e+02
1.532766688004136086e+03,1.973164215087890625e+02
1.533031352236866951e+03,1.967552032470703125e+02
1.533296016469597816e+03,1.964201965332031250e+02
1.533296016469597816e+03,1.964201965332031250e+02
1.533496016472578049e+03,1.963398895263671875e+02
1.533496016472578049e+03,1.963398895263671875e+02
1.534496016472578049e+03,1.991886444091796875e+02
1.535496016472578049e+03,2.026495971679687500e+02
1.536496016472578049e+03,2.051019439697265625e+02
1.537496016472578049e+03,2.060706634521484375e+02
1.538496016472578049e+03,2.056817474365234375e+02
1.539496016472578049e+03,2.042510528564453125e+02
1.540496016472578049e+03,2.020938720703125000e+02
1.541496016472578049e+03,1.994640502929687500e+02
1.541496016472578049e+03,1.994640502929687500e+02
1.542496016472578049e+03,1.965481567382812500e+02
1.543496016472578049e+03,1.934770812988281250e+02
1.544496016472578049e+03,1.903401947021484375e+02
1.545996016472578049e+03,1.856581573486328125e+02
1.548246016472578049e+03,1.789464721679687500e+02
1.551621016472578049e+03,1.698237152099609375e+02
1.556621016472578049e+03,1.583097534179687500e+02
1.561621016472578049e+03,1.485177459716796875e+02
1.566621016472578049e+03,1.401536865234375000e+02
1.571621016472578049e+03,1.329631652832031250e+02
1.576621016472578049e+03,1.267381820678710938e+02
1.581621016472578049e+03,1.213115158081054688e+02
1.586621016472578049e+03,1.165490036010742188e+02
1.591621016472578049e+03,1.123426666259765625e+02
1.596621016472578049e+03,1.086050949096679688e+02
1.601496016472578049e+03,1.053402557373046875e+02
