0.000000000000000000e+00,2.600000000000000000e+01
5.000000074505805969e-02,2.135477142333984375e+02
1.000000014901161194e-01,2.180536193847656250e+02
1.500000059604644775e-01,2.189236450195312500e+02
2.000000029802322388e-01,2.192753295898437500e+02
2.000000029802322388e-01,2.192753295898437500e+02
8.322473317384719849e-01,2.186792297363281250e+02
1.464494660496711731e+00,2.174483337402343750e+02
2.096741989254951477e+00,2.204433135986328125e+02
2.598221734166145325e+00,4.058884582519531250e+02
2.598361447453498840e+00,4.151184387207031250e+02
2.608895972371101379e+00,6.031065673828125000e+02
2.609218314290046692e+00,1.070798706054687500e+03
2.619510844349861145e+00,7.701240844726562500e+02
2.619857266545295715e+00,3.637433837890625000e+03
2.630213454365730286e+00,1.072753540039062500e+03
2.630474045872688293e+00,4.271476074218750000e+03
3.262721493840217590e+00,5.548591918945312500e+02
3.894968703389167786e+00,4.098460998535156250e+02
4.527216151356697083e+00,3.613415222167968750e+02
5.159463599324226379e+00,3.341878356933593750e+02
5.257978633046150208e+00,3.303499145507812500e+02
5.257978633046150208e+00,3.303499145507812500e+02
5.457978636026382446e+00,3.236983337402343750e+02
5.457978636026382446e+00,3.236983337402343750e+02
6.457978636026382446e+00,3.017257080078125000e+02
7.457978636026382446e+00,2.856236877441406250e+02
8.457978636026382446e+00,2.732351074218750000e+02
9.457978636026382446e+00,2.634050903320312500e+02
1.045797863602638245e+01,2.554107666015625000e+02
1.145797863602638245e+01,2.487687530517578125e+02
1.245797863602638245e+01,2.431437683105468750e+02
1.345797863602638245e+01,2.382973327636718750e+02
1.445797863602638245e+01,2.340561981201171875e+02
1.545797863602638245e+01,2.302923126220703125e+02
1.645797863602638245e+01,2.269097747802734375e+02
1.745797863602638245e+01,2.238358459472656250e+02
1.745797863602638245e+01,2.238358459472656250e+02
1.750797863677144051e+01,2.162875213623046875e+02
1.755797863751649857e+01,2.194984436035156250e+02
1.760797864198684692e+01,2.203413848876953125e+02
1.765797863900661469e+01,2.206907043457031250e+02
1.765797863900661469e+01,2.206907043457031250e+02
1.829022876918315887e+01,2.201165161132812500e+02
1.892247889935970306e+01,2.192913970947265625e+02
1.955472908914089203e+01,2.329567108154296875e+02
2.006086526811122894e+01,4.476999816894531250e+02
2.006113825738430023e+01,1.386743896484375000e+03
2.007720290124416351e+01,6.378386230468750000e+02
2.007753263413906097e+01,2.754612792968750000e+03
2.009368835389614105e+01,8.798522949218750000e+02
2.009396205842494965e+01,1.472442260742187500e+03
2.072621212899684906e+01,5.304258422851562500e+02
2.135846219956874847e+01,4.055543212890625000e+02
2.199071227014064789e+01,3.608976440429687500e+02
2.262296257913112640e+01,3.353059082031250000e+02
2.271597968041896820e+01,3.318595275878906250e+02
2.271597968041896820e+01,3.318595275878906250e+02
2.291597968339920044e+01,3.255148010253906250e+02
2.291597968339920044e+01,3.255148010253906250e+02
2.391597968339920044e+01,3.041484375000000000e+02
2.491597968339920044e+01,2.881962890625000000e+02
2.591597968339920044e+01,2.757801513671875000e+02
2.691597968339920044e+01,2.658663330078125000e+02
2.791597968339920044e+01,2.577774047851562500e+02
2.891597968339920044e+01,2.510456237792968750e+02
2.991597968339920044e+01,2.453403930664062500e+02
3.091597968339920044e+01,2.404239654541015625e+02
3.191597968339920044e+01,2.361224060058593750e+02
3.291597968339920044e+01,2.323066406250000000e+02
3.391597968339920044e+01,2.288795623779296875e+02
3.491597968339920044e+01,2.257673645019531250e+02
3.491597968339920044e+01,2.257673645019531250e+02
3.496597968414425850e+01,2.191774749755859375e+02
3.501597968488931656e+01,2.214632720947265625e+02
3.506597968935966492e+01,2.222498168945312500e+02
3.511597968637943268e+01,2.225881500244140625e+02
3.511597968637943268e+01,2.225881500244140625e+02
3.574408139288425446e+01,2.220237731933593750e+02
3.637218309938907623e+01,2.226047058105468750e+02
3.700028480589389801e+01,2.479738769531250000e+02
3.751756717264652252e+01,4.312138977050781250e+02
3.751780416071414948e+01,5.641407470703125000e+02
3.753931476175785065e+01,6.093554077148437500e+02
3.753956414759159088e+01,1.016166442871093750e+03
3.756102730333805084e+01,7.240393676757812500e+02
3.756103636324405670e+01,7.254000244140625000e+02
3.818913818895816803e+01,5.263331909179687500e+02
3.881723977625370026e+01,4.052669372558593750e+02
3.944534160196781158e+01,3.637020874023437500e+02
4.007344295084476471e+01,3.387375183105468750e+02
4.014079333841800690e+01,3.362125244140625000e+02
4.014079333841800690e+01,3.362125244140625000e+02
4.034079334139823914e+01,3.297053833007812500e+02
4.034079334139823914e+01,3.297053833007812500e+02
4.134079334139823914e+01,3.076451721191406250e+02
4.234079334139823914e+01,2.912174072265625000e+02
4.334079334139823914e+01,2.784726257324218750e+02
4.434079334139823914e+01,2.683258361816406250e+02
4.534079334139823914e+01,2.600672302246093750e+02
4.634079334139823914e+01,2.532080993652343750e+02
4.734079334139823914e+01,2.474048156738281250e+02
4.834079334139823914e+01,2.424111480712890625e+02
4.934079334139823914e+01,2.380475921630859375e+02
5.034079334139823914e+01,2.341812744140625000e+02
5.134079334139823914e+01,2.307124633789062500e+02
5.234079334139823914e+01,2.275653991699218750e+02
5.234079334139823914e+01,2.275631561279296875e+02
5.239079334214329720e+01,2.218185729980468750e+02
5.244079334288835526e+01,2.233680267333984375e+02
5.249079334735870361e+01,2.240608215332031250e+02
5.254079334437847137e+01,2.243771667480468750e+02
5.254079334437847137e+01,2.243771667480468750e+02
5.381358532607555389e+01,2.226842803955078125e+02
5.508637730777263641e+01,4.565189819335937500e+02
5.635916917026042938e+01,3.859391784667968750e+02
5.763196127116680145e+01,3.371073913574218750e+02
5.763196127116680145e+01,3.371073913574218750e+02
5.783196127414703369e+01,3.301653747558593750e+02
5.783196127414703369e+01,3.301653747558593750e+02
5.883196127414703369e+01,3.071705627441406250e+02
5.983196127414703369e+01,2.906439819335937500e+02
6.083196127414703369e+01,2.780918579101562500e+02
6.183196127414703369e+01,2.681958007812500000e+02
6.283196127414703369e+01,2.601693115234375000e+02
6.383196127414703369e+01,2.535055084228515625e+02
6.483196127414703369e+01,2.478609161376953125e+02
6.583196127414703369e+01,2.429946136474609375e+02
6.683196127414703369e+01,2.387331085205078125e+02
6.783196127414703369e+01,2.349488525390625000e+02
6.883196127414703369e+01,2.315464324951171875e+02
6.983196127414703369e+01,2.284535980224609375e+02
6.983196127414703369e+01,2.284535980224609375e+02
6.988196127489209175e+01,2.234274444580078125e+02
6.993196127563714981e+01,2.243724060058593750e+02
6.998196128010749817e+01,2.249783020019531250e+02
7.003196127712726593e+01,2.252842559814453125e+02
7.003196127712726593e+01,2.252842559814453125e+02
7.129674859344959259e+01,2.383534545898437500e+02
7.256153590977191925e+01,4.130119934082031250e+02
7.382632334530353546e+01,4.096805419921875000e+02
7.509111054241657257e+01,3.425547180175781250e+02
7.509111054241657257e+01,3.425547180175781250e+02
7.529111054539680481e+01,3.344132385253906250e+02
7.529111054539680481e+01,3.344132385253906250e+02
7.629111054539680481e+01,3.108783874511718750e+02
7.729111054539680481e+01,2.941579589843750000e+02
7.829111054539680481e+01,2.813682250976562500e+02
7.929111054539680481e+01,2.712256774902343750e+02
8.029111054539680481e+01,2.629732055664062500e+02
8.129111054539680481e+01,2.561129760742187500e+02
8.229111054539680481e+01,2.503017578125000000e+02
8.329111054539680481e+01,2.452956542968750000e+02
8.429111054539680481e+01,2.409174804687500000e+02
8.529111054539680481e+01,2.370359649658203125e+02
8.629111054539680481e+01,2.335524444580078125e+02
8.729111054539680481e+01,2.303917846679687500e+02
8.729111054539680481e+01,2.303917846679687500e+02
8.734111054614186287e+01,2.259700317382812500e+02
8.739111054688692093e+01,2.264871215820312500e+02
8.744111055135726929e+01,2.269714813232421875e+02
8.749111054837703705e+01,2.272371215820312500e+02
8.749111054837703705e+01,2.272371215820312500e+02
8.875309346616268158e+01,2.258217468261718750e+02
9.001507638394832611e+01,4.250760192871093750e+02
9.127705930173397064e+01,4.040628967285156250e+02
9.253904221951961517e+01,3.455172424316406250e+02
9.253904221951961517e+01,3.455172424316406250e+02
9.273904222249984741e+01,3.375279235839843750e+02
9.273904222249984741e+01,3.375279235839843750e+02
9.373904222249984741e+01,3.129330139160156250e+02
9.473904222249984741e+01,2.956926269531250000e+02
9.573904222249984741e+01,2.827265319824218750e+02
9.673904222249984741e+01,2.725477600097656250e+02
9.773904222249984741e+01,2.643076782226562500e+02
9.873904222249984741e+01,2.574726257324218750e+02
9.973904222249984741e+01,2.516863098144531250e+02
1.007390422224998474e+02,2.467007293701171875e+02
1.017390422224998474e+02,2.423379364013671875e+02
1.027390422224998474e+02,2.384671783447265625e+02
1.037390422224998474e+02,2.349906158447265625e+02
1.047390422224998474e+02,2.318339538574218750e+02
1.047390422224998474e+02,2.318339538574218750e+02
1.047890422232449055e+02,2.279698638916015625e+02
1.048390422239899635e+02,2.281268005371093750e+02
1.048890422284603119e+02,2.284882354736328125e+02
1.049390422254800797e+02,2.287125701904296875e+02
1.049390422254800797e+02,2.287125701904296875e+02
1.061927107721567154e+02,2.270259552001953125e+02
1.074463793188333511e+02,4.257761230468750000e+02
1.087000481039285660e+02,4.007782897949218750e+02
1.099537164121866226e+02,3.459725341796875000e+02
1.099537164121866226e+02,3.459725341796875000e+02
1.101537164151668549e+02,3.382769470214843750e+02
1.101537164151668549e+02,3.382769470214843750e+02
1.111537164151668549e+02,3.140966491699218750e+02
1.121537164151668549e+02,2.970236511230468750e+02
1.131537164151668549e+02,2.841308593750000000e+02
1.141537164151668549e+02,2.739812316894531250e+02
1.151537164151668549e+02,2.657481689453125000e+02
1.161537164151668549e+02,2.589089050292968750e+02
1.171537164151668549e+02,2.531127319335937500e+02
1.181537164151668549e+02,2.481147155761718750e+02
1.191537164151668549e+02,2.437386016845703125e+02
1.201537164151668549e+02,2.398546295166015625e+02
1.211537164151668549e+02,2.363655090332031250e+02
1.221537164151668549e+02,2.331972198486328125e+02
1.221537164151668549e+02,2.331972198486328125e+02
1.222037164159119129e+02,2.298361358642578125e+02
1.222537164166569710e+02,2.296970977783203125e+02
1.223037164211273193e+02,2.299347534179687500e+02
1.223537164181470871e+02,2.301142883300781250e+02
1.223537164181470871e+02,2.301142883300781250e+02
1.236267439574003220e+02,2.545356292724609375e+02
1.248997714966535568e+02,3.842130737304687500e+02
1.261727991551160812e+02,4.052298278808593750e+02
1.274458265751600266e+02,3.478366088867187500e+02
1.274458265751600266e+02,3.478366088867187500e+02
1.276458265781402588e+02,3.411884765625000000e+02
1.276458265781402588e+02,3.411884765625000000e+02
1.286458265781402588e+02,3.185766906738281250e+02
1.296458265781402588e+02,3.012653503417968750e+02
1.306458265781402588e+02,2.877897338867187500e+02
1.316458265781402588e+02,2.771088562011718750e+02
1.326458265781402588e+02,2.684613342285156250e+02
1.336458265781402588e+02,2.613110046386718750e+02
1.346458265781402588e+02,2.552822723388671875e+02
1.356458265781402588e+02,2.501089324951171875e+02
1.366458265781402588e+02,2.455990600585937500e+02
1.376458265781402588e+02,2.416116790771484375e+02
1.386458265781402588e+02,2.380415802001953125e+02
1.396458265781402588e+02,2.348091125488281250e+02
1.396458265781402588e+02,2.348091125488281250e+02
1.396958265788853168e+02,2.318897094726562500e+02
1.397458265796303749e+02,2.315102081298828125e+02
1.397958265841007233e+02,2.316271514892578125e+02
1.398458265811204910e+02,2.317578277587890625e+02
1.398458265811204910e+02,2.317578277587890625e+02
1.411103504449129105e+02,2.298705596923828125e+02
1.423748743087053299e+02,4.214271240234375000e+02
1.436393980532884598e+02,3.967737121582031250e+02
1.449039220362901688e+02,3.467753601074218750e+02
1.449039220362901688e+02,3.467753601074218750e+02
1.451039220392704010e+02,3.396045837402343750e+02
1.451039220392704010e+02,3.396045837402343750e+02
1.461039220392704010e+02,3.162219238281250000e+02
1.471039220392704010e+02,2.994648742675781250e+02
1.481039220392704010e+02,2.867134399414062500e+02
1.491039220392704010e+02,2.766266784667968750e+02
1.501039220392704010e+02,2.684166564941406250e+02
1.511039220392704010e+02,2.615790405273437500e+02
1.521039220392704010e+02,2.557727813720703125e+02
1.531039220392704010e+02,2.507585449218750000e+02
1.541039220392704010e+02,2.463633117675781250e+02
1.551039220392704010e+02,2.424593048095703125e+02
1.561039220392704010e+02,2.389503784179687500e+02
1.571039220392704010e+02,2.357631988525390625e+02
1.571039220392704010e+02,2.357399291992187500e+02
1.571539220400154591e+02,2.331753082275390625e+02
1.572039220407605171e+02,2.326679382324218750e+02
1.572539220452308655e+02,2.326882019042968750e+02
1.573039220422506332e+02,2.327713470458984375e+02
1.573039220422506332e+02,2.327713470458984375e+02
1.585684310048818588e+02,2.315211486816406250e+02
1.598329399675130844e+02,4.193624572753906250e+02
1.610974489301443100e+02,3.950063476562500000e+02
1.623619578927755356e+02,3.471277465820312500e+02
1.623619578927755356e+02,3.471277465820312500e+02
1.625619578957557678e+02,3.401706542968750000e+02
1.625619578957557678e+02,3.401706542968750000e+02
1.635619578957557678e+02,3.172506408691406250e+02
1.645619578957557678e+02,3.007626037597656250e+02
1.655619578957557678e+02,2.881632995605468750e+02
1.665619578957557678e+02,2.781513061523437500e+02
1.675619578957557678e+02,2.699677734375000000e+02
1.685619578957557678e+02,2.631283264160156250e+02
1.695619578957557678e+02,2.573049621582031250e+02
1.705619578957557678e+02,2.522661895751953125e+02
1.715619578957557678e+02,2.478437194824218750e+02
1.725619578957557678e+02,2.439123535156250000e+02
1.735619578957557678e+02,2.403773651123046875e+02
1.745619578957557678e+02,2.371660614013671875e+02
1.745619578957557678e+02,2.371660614013671875e+02
1.746119578965008259e+02,2.348990325927734375e+02
1.746619578972458839e+02,2.342842864990234375e+02
1.747119579017162323e+02,2.342178192138671875e+02
1.747619578987360001e+02,2.342541046142578125e+02
1.747619578987360001e+02,2.342541046142578125e+02
1.760181914716959000e+02,2.370697784423828125e+02
1.772744250446557999e+02,3.637165832519531250e+02
1.785306584984064102e+02,4.290299072265625000e+02
1.797868921905755997e+02,3.564083557128906250e+02
1.797868921905755997e+02,3.564083557128906250e+02
1.799868921935558319e+02,3.473025207519531250e+02
1.799868921935558319e+02,3.473025207519531250e+02
1.809868921935558319e+02,3.218226318359375000e+02
1.819868921935558319e+02,3.042822570800781250e+02
1.829868921935558319e+02,2.910659484863281250e+02
1.839868921935558319e+02,2.806406860351562500e+02
1.849868921935558319e+02,2.721664428710937500e+02
1.859868921935558319e+02,2.651166687011718750e+02
1.869868921935558319e+02,2.591374816894531250e+02
1.879868921935558319e+02,2.539807128906250000e+02
1.889868921935558319e+02,2.494670104980468750e+02
1.899868921935558319e+02,2.454637908935546875e+02
1.909868921935558319e+02,2.418712463378906250e+02
1.919868921935558319e+02,2.386131439208984375e+02
1.919868921935558319e+02,2.386131439208984375e+02
1.920368921943008900e+02,2.366071777343750000e+02
1.920868921950459480e+02,2.359185180664062500e+02
1.921368921995162964e+02,2.357733001708984375e+02
1.921868921965360641e+02,2.357624359130859375e+02
1.921868921965360641e+02,2.357624359130859375e+02
1.934597367495298386e+02,2.336006927490234375e+02
1.947325813025236130e+02,4.163270263671875000e+02
1.960054258555173874e+02,3.907395935058593750e+02
1.972782704085111618e+02,3.471314697265625000e+02
1.972782704085111618e+02,3.471314697265625000e+02
1.974782704114913940e+02,3.406915588378906250e+02
1.974782704114913940e+02,3.406915588378906250e+02
1.984782704114913940e+02,3.185827026367187500e+02
1.994782704114913940e+02,3.024117126464843750e+02
2.004782704114913940e+02,2.899651184082031250e+02
2.014782704114913940e+02,2.800397033691406250e+02
2.024782704114913940e+02,2.719107666015625000e+02
2.034782704114913940e+02,2.651074829101562500e+02
2.044782704114913940e+02,2.593082275390625000e+02
2.054782704114913940e+02,2.542850494384765625e+02
2.064782704114913940e+02,2.498720092773437500e+02
2.074782704114913940e+02,2.459456939697265625e+02
2.084782704114913940e+02,2.424126586914062500e+02
2.094782704114913940e+02,2.392012176513671875e+02
2.094782704114913940e+02,2.392012176513671875e+02
2.095282704122364521e+02,2.374335937500000000e+02
2.095782704129815102e+02,2.367057647705078125e+02
2.096282704174518585e+02,2.364959716796875000e+02
2.096782704144716263e+02,2.364430236816406250e+02
2.096782704144716263e+02,2.364430236816406250e+02
2.109430752545595169e+02,2.440436553955078125e+02
2.122078800946474075e+02,3.967163696289062500e+02
2.134726851731538773e+02,3.975721740722656250e+02
2.147374897748231888e+02,3.490829772949218750e+02
2.147374897748231888e+02,3.490829772949218750e+02
2.149374897778034210e+02,3.422136230468750000e+02
2.149374897778034210e+02,3.422136230468750000e+02
2.159374897778034210e+02,3.203295898437500000e+02
2.169374897778034210e+02,3.044477539062500000e+02
2.179374897778034210e+02,2.921130371093750000e+02
2.189374897778034210e+02,2.821802978515625000e+02
2.199374897778034210e+02,2.739847106933593750e+02
2.209374897778034210e+02,2.670907897949218750e+02
2.219374897778034210e+02,2.611954040527343750e+02
2.229374897778034210e+02,2.560797119140625000e+02
2.239374897778034210e+02,2.515818939208984375e+02
2.249374897778034210e+02,2.475799102783203125e+02
2.259374897778034210e+02,2.439803924560546875e+02
2.269374897778034210e+02,2.407110290527343750e+02
2.269374897778034210e+02,2.407110290527343750e+02
2.269874897785484791e+02,2.391362762451171875e+02
2.270374897792935371e+02,2.383843841552734375e+02
2.270874897837638855e+02,2.381160736083984375e+02
2.271374897807836533e+02,2.380193481445312500e+02
2.271374897807836533e+02,2.380193481445312500e+02
2.283994749635457993e+02,2.361516113281250000e+02
2.296614601463079453e+02,3.795765686035156250e+02
2.309234452098608017e+02,4.094162597656250000e+02
2.321854305118322372e+02,3.557010498046875000e+02
2.321854305118322372e+02,3.557010498046875000e+02
2.323854305148124695e+02,3.480292358398437500e+02
2.323854305148124695e+02,3.480292358398437500e+02
2.333854305148124695e+02,3.239036254882812500e+02
2.343854305148124695e+02,3.068681030273437500e+02
2.353854305148124695e+02,2.939534606933593750e+02
2.363854305148124695e+02,2.837252502441406250e+02
2.373854305148124695e+02,2.753741760253906250e+02
2.383854305148124695e+02,2.683948059082031250e+02
2.393854305148124695e+02,2.624497680664062500e+02
2.403854305148124695e+02,2.573031311035156250e+02
2.413854305148124695e+02,2.527843017578125000e+02
2.423854305148124695e+02,2.487666625976562500e+02
2.433854305148124695e+02,2.451544799804687500e+02
2.443854305148124695e+02,2.418741912841796875e+02
2.443854305148124695e+02,2.418741912841796875e+02
2.444354305155575275e+02,2.404702606201171875e+02
2.444854305163025856e+02,2.397141876220703125e+02
2.445354305207729340e+02,2.394001007080078125e+02
2.445854305177927017e+02,2.392647857666015625e+02
2.445854305177927017e+02,2.392647857666015625e+02
2.458390872627496719e+02,2.369212188720703125e+02
2.470927440077066422e+02,3.948239135742187500e+02
2.483464006334543228e+02,3.964613952636718750e+02
2.496000574976205826e+02,3.527699279785156250e+02
2.496000574976205826e+02,3.527699279785156250e+02
2.498000575006008148e+02,3.461578674316406250e+02
2.498000575006008148e+02,3.461578674316406250e+02
2.508000575006008148e+02,3.236881713867187500e+02
2.518000575006008148e+02,3.073039855957031250e+02
2.528000575006008148e+02,2.946857299804687500e+02
2.538000575006008148e+02,2.846044921875000000e+02
2.548000575006008148e+02,2.763297424316406250e+02
2.558000575006008148e+02,2.693900756835937500e+02
2.568000575006008148e+02,2.634644165039062500e+02
2.578000575006008148e+02,2.583253479003906250e+02
2.588000575006008148e+02,2.538071136474609375e+02
2.598000575006008148e+02,2.497859802246093750e+02
2.608000575006008148e+02,2.461679992675781250e+02
2.618000575006008148e+02,2.428807373046875000e+02
2.618000575006008148e+02,2.428807373046875000e+02
2.618500575013458729e+02,2.416250457763671875e+02
2.619000575020909309e+02,2.408775329589843750e+02
2.619500575065612793e+02,2.405279388427734375e+02
2.620000575035810471e+02,2.403580932617187500e+02
2.620000575035810471e+02,2.403580932617187500e+02
2.632722917050123215e+02,2.703717651367187500e+02
2.645445259064435959e+02,3.806672363281250000e+02
2.658167601078748703e+02,3.826952209472656250e+02
2.670889943093061447e+02,3.470793457031250000e+02
2.670889943093061447e+02,3.470793457031250000e+02
2.672889943122863770e+02,3.420888977050781250e+02
2.672889943122863770e+02,3.420888977050781250e+02
2.682889943122863770e+02,3.234696655273437500e+02
2.692889943122863770e+02,3.085191955566406250e+02
2.702889943122863770e+02,2.963783874511718750e+02
2.712889943122863770e+02,2.864130554199218750e+02
2.722889943122863770e+02,2.781175842285156250e+02
2.732889943122863770e+02,2.711080322265625000e+02
2.742889943122863770e+02,2.650986938476562500e+02
2.752889943122863770e+02,2.598767395019531250e+02
2.762889943122863770e+02,2.552822265625000000e+02
2.772889943122863770e+02,2.511933135986328125e+02
2.782889943122863770e+02,2.475162048339843750e+02
2.792889943122863770e+02,2.441778717041015625e+02
2.792889943122863770e+02,2.441778717041015625e+02
2.793389943130314350e+02,2.430459136962890625e+02
2.793889943137764931e+02,2.423124694824218750e+02
2.794389943182468414e+02,2.419340667724609375e+02
2.794889943152666092e+02,2.417320251464843750e+02
2.794889943152666092e+02,2.417320251464843750e+02
2.807535104304552078e+02,2.391694793701171875e+02
2.820180265456438065e+02,3.833667907714843750e+02
2.832825426608324051e+02,3.974928283691406250e+02
2.845470587760210037e+02,3.544489440917968750e+02
2.845470587760210037e+02,3.544489440917968750e+02
2.847470587790012360e+02,3.479180603027343750e+02
2.847470587790012360e+02,3.479180603027343750e+02
2.857470587790012360e+02,3.255864868164062500e+02
2.867470587790012360e+02,3.092805480957031250e+02
2.877470587790012360e+02,2.967100524902343750e+02
2.887470587790012360e+02,2.866542663574218750e+02
2.897470587790012360e+02,2.783882446289062500e+02
2.907470587790012360e+02,2.714455871582031250e+02
2.917470587790012360e+02,2.655090637207031250e+02
2.927470587790012360e+02,2.603542480468750000e+02
2.937470587790012360e+02,2.558175048828125000e+02
2.947470587790012360e+02,2.517765960693359375e+02
2.957470587790012360e+02,2.481386108398437500e+02
2.967470587790012360e+02,2.448317718505859375e+02
2.967470587790012360e+02,2.448317718505859375e+02
2.967970587797462940e+02,2.438135833740234375e+02
2.968470587804913521e+02,2.431054534912109375e+02
2.968970587849617004e+02,2.427104644775390625e+02
2.969470587819814682e+02,2.424845123291015625e+02
2.969470587819814682e+02,2.424845123291015625e+02
2.982115845531225204e+02,2.402585449218750000e+02
2.994761103242635727e+02,3.878663024902343750e+02
3.007406359761953354e+02,3.915371093750000000e+02
3.020051618665456772e+02,3.530045776367187500e+02
3.020051618665456772e+02,3.530045776367187500e+02
3.022051618695259094e+02,3.470440673828125000e+02
3.022051618695259094e+02,3.470440673828125000e+02
3.032051618695259094e+02,3.258298339843750000e+02
3.042051618695259094e+02,3.100360107421875000e+02
3.052051618695259094e+02,2.977185668945312500e+02
3.062051618695259094e+02,2.877864685058593750e+02
3.072051618695259094e+02,2.795747680664062500e+02
3.082051618695259094e+02,2.726481628417968750e+02
3.092051618695259094e+02,2.667067871093750000e+02
3.102051618695259094e+02,2.615361328125000000e+02
3.112051618695259094e+02,2.569782714843750000e+02
3.122051618695259094e+02,2.529142608642578125e+02
3.132051618695259094e+02,2.492530517578125000e+02
3.142051618695259094e+02,2.459239044189453125e+02
3.142051618695259094e+02,2.459239044189453125e+02
3.142551618702709675e+02,2.449993591308593750e+02
3.143051618710160255e+02,2.443160247802734375e+02
3.143551618754863739e+02,2.439080810546875000e+02
3.144051618725061417e+02,2.436600646972656250e+02
3.144051618725061417e+02,2.436600646972656250e+02
3.156613662391901016e+02,2.497520141601562500e+02
3.169175706058740616e+02,3.480101318359375000e+02
3.181737752109766006e+02,4.069127807617187500e+02
3.194299793392419815e+02,3.596481628417968750e+02
3.194299793392419815e+02,3.596481628417968750e+02
3.196299793422222137e+02,3.527944946289062500e+02
3.196299793422222137e+02,3.527944946289062500e+02
3.206299793422222137e+02,3.303046264648437500e+02
3.216299793422222137e+02,3.136802062988281250e+02
3.226299793422222137e+02,3.007241516113281250e+02
3.236299793422222137e+02,2.903148803710937500e+02
3.246299793422222137e+02,2.817528076171875000e+02
3.256299793422222137e+02,2.745682373046875000e+02
3.266299793422222137e+02,2.684343872070312500e+02
3.276299793422222137e+02,2.631174926757812500e+02
3.286299793422222137e+02,2.584463500976562500e+02
3.296299793422222137e+02,2.542930297851562500e+02
3.306299793422222137e+02,2.505601654052734375e+02
3.316299793422222137e+02,2.471726531982421875e+02
3.316299793422222137e+02,2.471726531982421875e+02
3.316799793429672718e+02,2.463266143798828125e+02
3.317299793437123299e+02,2.456676177978515625e+02
3.317799793481826782e+02,2.452501831054687500e+02
3.318299793452024460e+02,2.449824371337890625e+02
3.318299793452024460e+02,2.449824371337890625e+02
3.331026604622602463e+02,2.420702972412109375e+02
3.343753415793180466e+02,3.845594177246093750e+02
3.356480228155851364e+02,3.878086853027343750e+02
3.369207038134336472e+02,3.524985351562500000e+02
3.369207038134336472e+02,3.524985351562500000e+02
3.371207038164138794e+02,3.469555969238281250e+02
3.371207038164138794e+02,3.469555969238281250e+02
3.381207038164138794e+02,3.264744262695312500e+02
3.391207038164138794e+02,3.110054626464843750e+02
3.401207038164138794e+02,2.988656005859375000e+02
3.411207038164138794e+02,2.890446777343750000e+02
3.421207038164138794e+02,2.809079895019531250e+02
3.431207038164138794e+02,2.740336914062500000e+02
3.441207038164138794e+02,2.681288757324218750e+02
3.451207038164138794e+02,2.629832763671875000e+02
3.461207038164138794e+02,2.584419555664062500e+02
3.471207038164138794e+02,2.543881988525390625e+02
3.481207038164138794e+02,2.507326354980468750e+02
3.491207038164138794e+02,2.474058532714843750e+02
3.491207038164138794e+02,2.474058532714843750e+02
3.491707038171589375e+02,2.466371917724609375e+02
3.492207038179039955e+02,2.460113372802734375e+02
3.492707038223743439e+02,2.455953979492187500e+02
3.493207038193941116e+02,2.453175354003906250e+02
3.493207038193941116e+02,2.453175354003906250e+02
3.505855251103639603e+02,2.473321075439453125e+02
3.518503464013338089e+02,3.728880615234375000e+02
3.531151676923036575e+02,3.903791198730468750e+02
3.543799889832735062e+02,3.536003112792968750e+02
3.543799889832735062e+02,3.536003112792968750e+02
3.545799889862537384e+02,3.478530883789062500e+02
3.545799889862537384e+02,3.478530883789062500e+02
3.555799889862537384e+02,3.275197448730468750e+02
3.565799889862537384e+02,3.123211364746093750e+02
3.575799889862537384e+02,3.003474426269531250e+02
3.585799889862537384e+02,2.905904846191406250e+02
3.595799889862537384e+02,2.824518432617187500e+02
3.605799889862537384e+02,2.755393676757812500e+02
3.615799889862537384e+02,2.695791625976562500e+02
3.625799889862537384e+02,2.643721618652343750e+02
3.635799889862537384e+02,2.597696228027343750e+02
3.645799889862537384e+02,2.556580047607421875e+02
3.655799889862537384e+02,2.519494171142578125e+02
3.665799889862537384e+02,2.485748596191406250e+02
3.665799889862537384e+02,2.485748596191406250e+02
3.666299889869987965e+02,2.479087982177734375e+02
3.666799889877438545e+02,2.472860565185546875e+02
3.667299889922142029e+02,2.468405609130859375e+02
3.667799889892339706e+02,2.465359497070312500e+02
3.667799889892339706e+02,2.465359497070312500e+02
3.680419760793447495e+02,2.441666870117187500e+02
3.693039631694555283e+02,3.555324096679687500e+02
3.705659501403570175e+02,3.986133728027343750e+02
3.718279373496770859e+02,3.590250244140625000e+02
3.718279373496770859e+02,3.590250244140625000e+02
3.720279373526573181e+02,3.527411499023437500e+02
3.720279373526573181e+02,3.527411499023437500e+02
3.730279373526573181e+02,3.307944641113281250e+02
3.740279373526573181e+02,3.146685791015625000e+02
3.750279373526573181e+02,3.021658935546875000e+02
3.760279373526573181e+02,2.921029357910156250e+02
3.770279373526573181e+02,2.837816162109375000e+02
3.780279373526573181e+02,2.767552185058593750e+02
3.790279373526573181e+02,2.707201843261718750e+02
3.800279373526573181e+02,2.654612426757812500e+02
3.810279373526573181e+02,2.608204956054687500e+02
3.820279373526573181e+02,2.566792297363281250e+02
3.830279373526573181e+02,2.529465026855468750e+02
3.840279373526573181e+02,2.495515441894531250e+02
3.840279373526573181e+02,2.495515441894531250e+02
3.840779373534023762e+02,2.489461669921875000e+02
3.841279373541474342e+02,2.483522186279296875e+02
3.841779373586177826e+02,2.479071502685546875e+02
3.842279373556375504e+02,2.475909118652343750e+02
3.842279373556375504e+02,2.475909118652343750e+02
3.854816061407327652e+02,2.445264892578125000e+02
3.867352749258279800e+02,3.680131225585937500e+02
3.879889437109231949e+02,3.889085693359375000e+02
3.892426124960184097e+02,3.559380187988281250e+02
3.892426124960184097e+02,3.559380187988281250e+02
3.894426124989986420e+02,3.505205993652343750e+02
3.894426124989986420e+02,3.505205993652343750e+02
3.904426124989986420e+02,3.301730346679687500e+02
3.914426124989986420e+02,3.147106933593750000e+02
3.924426124989986420e+02,3.025217895507812500e+02
3.934426124989986420e+02,2.926241455078125000e+02
3.944426124989986420e+02,2.843970642089843750e+02
3.954426124989986420e+02,2.774267883300781250e+02
3.964426124989986420e+02,2.714255676269531250e+02
3.974426124989986420e+02,2.661863403320312500e+02
3.984426124989986420e+02,2.615561828613281250e+02
3.994426124989986420e+02,2.574194946289062500e+02
4.004426124989986420e+02,2.536873931884765625e+02
4.014426124989986420e+02,2.502904968261718750e+02
4.014426124989986420e+02,2.502904968261718750e+02
4.014926124997437000e+02,2.497357482910156250e+02
4.015426125004887581e+02,2.491714172363281250e+02
4.015926125049591064e+02,2.487310028076171875e+02
4.016426125019788742e+02,2.484071197509765625e+02
4.016426125019788742e+02,2.484071197509765625e+02
4.029154401272535324e+02,2.755753784179687500e+02
4.041882677525281906e+02,3.594602050781250000e+02
4.054610951393842697e+02,3.723598327636718750e+02
4.067339230030775070e+02,3.491239929199218750e+02
4.067339230030775070e+02,3.491239929199218750e+02
4.069339230060577393e+02,3.454708557128906250e+02
4.069339230060577393e+02,3.454708557128906250e+02
4.079339230060577393e+02,3.292587890625000000e+02
4.089339230060577393e+02,3.153980102539062500e+02
4.099339230060577393e+02,3.037920532226562500e+02
4.109339230060577393e+02,2.940780029296875000e+02
4.119339230060577393e+02,2.858741455078125000e+02
4.129339230060577393e+02,2.788626098632812500e+02
4.139339230060577393e+02,2.727962646484375000e+02
4.149339230060577393e+02,2.674859924316406250e+02
4.159339230060577393e+02,2.627868347167968750e+02
4.169339230060577393e+02,2.585866088867187500e+02
4.179339230060577393e+02,2.547975463867187500e+02
4.189339230060577393e+02,2.513504028320312500e+02
4.189339230060577393e+02,2.513504028320312500e+02
4.189839230068027973e+02,2.508366699218750000e+02
4.190339230075478554e+02,2.502978057861328125e+02
4.190839230120182037e+02,2.498613281250000000e+02
4.191339230090379715e+02,2.495297241210937500e+02
4.191339230090379715e+02,2.495297241210937500e+02
4.203984471112489700e+02,2.463303680419921875e+02
4.216629712134599686e+02,3.589365844726562500e+02
4.229274951964616776e+02,3.883204650878906250e+02
4.241920194178819656e+02,3.567332458496093750e+02
4.241920194178819656e+02,3.567332458496093750e+02
4.243920194208621979e+02,3.514731140136718750e+02
4.243920194208621979e+02,3.514731140136718750e+02
4.253920194208621979e+02,3.313785400390625000e+02
4.263920194208621979e+02,3.160508117675781250e+02
4.273920194208621979e+02,3.039488830566406250e+02
4.283920194208621979e+02,2.941067504882812500e+02
4.293920194208621979e+02,2.859119567871093750e+02
4.303920194208621979e+02,2.789570617675781250e+02
4.313920194208621979e+02,2.729592895507812500e+02
4.323920194208621979e+02,2.677155151367187500e+02
4.333920194208621979e+02,2.630754699707031250e+02
4.343920194208621979e+02,2.589255981445312500e+02
4.353920194208621979e+02,2.551784362792968750e+02
4.363920194208621979e+02,2.517656097412109375e+02
4.363920194208621979e+02,2.517656097412109375e+02
4.364420194216072559e+02,2.512928771972656250e+02
4.364920194223523140e+02,2.507836151123046875e+02
4.365420194268226624e+02,2.503575592041015625e+02
4.365920194238424301e+02,2.500247497558593750e+02
4.365920194238424301e+02,2.500247497558593750e+02
4.378565444797277451e+02,2.470573730468750000e+02
4.391210695356130600e+02,3.628843688964843750e+02
4.403855944722890854e+02,3.834578857421875000e+02
4.416501196473836899e+02,3.549743041992187500e+02
4.416501196473836899e+02,3.549743041992187500e+02
4.418501196503639221e+02,3.501882019042968750e+02
4.418501196503639221e+02,3.501882019042968750e+02
4.428501196503639221e+02,3.312158813476562500e+02
4.438501196503639221e+02,3.164383544921875000e+02
4.448501196503639221e+02,3.046192321777343750e+02
4.458501196503639221e+02,2.949237365722656250e+02
4.468501196503639221e+02,2.868018798828125000e+02
4.478501196503639221e+02,2.798785705566406250e+02
4.488501196503639221e+02,2.738888854980468750e+02
4.498501196503639221e+02,2.686398315429687500e+02
4.508501196503639221e+02,2.639872131347656250e+02
4.518501196503639221e+02,2.598209838867187500e+02
4.528501196503639221e+02,2.560559082031250000e+02
4.538501196503639221e+02,2.526248168945312500e+02
4.538501196503639221e+02,2.526248168945312500e+02
4.539001196511089802e+02,2.521846771240234375e+02
4.539501196518540382e+02,2.517000274658203125e+02
4.540001196563243866e+02,2.512824096679687500e+02
4.540501196533441544e+02,2.509473724365234375e+02
4.540501196533441544e+02,2.509473724365234375e+02
4.553063287883996964e+02,2.594527282714843750e+02
4.565625379234552383e+02,3.334213867187500000e+02
4.578187470585107803e+02,3.857756042480468750e+02
4.590749561935663223e+02,3.592828674316406250e+02
4.590749561935663223e+02,3.592828674316406250e+02
4.592749561965465546e+02,3.547922058105468750e+02
4.592749561965465546e+02,3.547922058105468750e+02
4.602749561965465546e+02,3.358523864746093750e+02
4.612749561965465546e+02,3.204186706542968750e+02
4.622749561965465546e+02,3.078963012695312500e+02
4.632749561965465546e+02,2.976309204101562500e+02
4.642749561965465546e+02,2.890808105468750000e+02
4.652749561965465546e+02,2.818405151367187500e+02
4.662749561965465546e+02,2.756144409179687500e+02
4.672749561965465546e+02,2.701862792968750000e+02
4.682749561965465546e+02,2.653953857421875000e+02
4.692749561965465546e+02,2.611204528808593750e+02
4.702749561965465546e+02,2.572683410644531250e+02
4.712749561965465546e+02,2.537665100097656250e+02
4.712749561965465546e+02,2.537665100097656250e+02
4.713249561972916126e+02,2.533517608642578125e+02
4.713749561980366707e+02,2.528871459960937500e+02
4.714249562025070190e+02,2.524758911132812500e+02
4.714749561995267868e+02,2.521375122070312500e+02
4.714749561995267868e+02,2.521375122070312500e+02
4.727479848116636276e+02,2.486240692138671875e+02
4.740210134238004684e+02,3.599724426269531250e+02
4.752940420359373093e+02,3.799915771484375000e+02
4.765670706480741501e+02,3.539976806640625000e+02
4.765670706480741501e+02,3.539976806640625000e+02
4.767670706510543823e+02,3.495663146972656250e+02
4.767670706510543823e+02,3.495663146972656250e+02
4.777670706510543823e+02,3.313083496093750000e+02
4.787670706510543823e+02,3.168794250488281250e+02
4.797670706510543823e+02,3.052653198242187500e+02
4.807670706510543823e+02,2.957052612304687500e+02
4.817670706510543823e+02,2.876785583496093750e+02
4.827670706510543823e+02,2.808239746093750000e+02
4.837670706510543823e+02,2.748841857910156250e+02
4.847670706510543823e+02,2.696710205078125000e+02
4.857670706510543823e+02,2.650436706542968750e+02
4.867670706510543823e+02,2.608946838378906250e+02
4.877670706510543823e+02,2.571407775878906250e+02
4.887670706510543823e+02,2.537163391113281250e+02
4.887670706510543823e+02,2.537163391113281250e+02
4.888170706517994404e+02,2.533324890136718750e+02
4.888670706525444984e+02,2.528954925537109375e+02
4.889170706570148468e+02,2.524996337890625000e+02
4.889670706540346146e+02,2.521670837402343750e+02
4.889670706540346146e+02,2.521670837402343750e+02
4.902318625003099442e+02,2.514000396728515625e+02
4.914966543465852737e+02,3.519714660644531250e+02
4.927614460736513138e+02,3.805446472167968750e+02
4.940262380391359329e+02,3.545393981933593750e+02
4.940262380391359329e+02,3.545393981933593750e+02
4.942262380421161652e+02,3.500435180664062500e+02
4.942262380421161652e+02,3.500435180664062500e+02
4.952262380421161652e+02,3.319510803222656250e+02
4.962262380421161652e+02,3.177710571289062500e+02
4.972262380421161652e+02,3.063333129882812500e+02
4.982262380421161652e+02,2.968641967773437500e+02
4.992262380421161652e+02,2.888660278320312500e+02
5.002262380421161652e+02,2.820014038085937500e+02
5.012262380421161652e+02,2.760300903320312500e+02
5.022262380421161652e+02,2.707749938964843750e+02
5.032262380421161652e+02,2.661019897460937500e+02
5.042262380421161652e+02,2.619074096679687500e+02
5.052262380421161652e+02,2.581100463867187500e+02
5.062262380421161652e+02,2.546453247070312500e+02
5.062262380421161652e+02,2.546453247070312500e+02
5.062762380428612232e+02,2.542818908691406250e+02
5.063262380436062813e+02,2.538635253906250000e+02
5.063762380480766296e+02,2.534764251708984375e+02
5.064262380450963974e+02,2.531443939208984375e+02
5.064262380450963974e+02,2.531443939208984375e+02
5.076882215589284897e+02,2.505308990478515625e+02
5.089502050727605820e+02,3.361246337890625000e+02
5.102121884673833847e+02,3.859337463378906250e+02
5.114741721004247665e+02,3.589225463867187500e+02
5.114741721004247665e+02,3.589225463867187500e+02
5.116741721034049988e+02,3.541099243164062500e+02
5.116741721034049988e+02,3.541099243164062500e+02
5.126741721034049988e+02,3.348461303710937500e+02
5.136741721034049988e+02,3.199311828613281250e+02
5.146741721034049988e+02,3.080393981933593750e+02
5.156741721034049988e+02,2.982868652343750000e+02
5.166741721034049988e+02,2.901072082519531250e+02
5.176741721034049988e+02,2.831221618652343750e+02
5.186741721034049988e+02,2.770675659179687500e+02
5.196741721034049988e+02,2.717521972656250000e+02
5.206741721034049988e+02,2.670335693359375000e+02
5.216741721034049988e+02,2.628029785156250000e+02
5.226741721034049988e+02,2.589760437011718750e+02
5.236741721034049988e+02,2.554862670898437500e+02
5.236741721034049988e+02,2.554862670898437500e+02
5.237241721041500568e+02,2.551535491943359375e+02
5.237741721048951149e+02,2.547541198730468750e+02
5.238241721093654633e+02,2.543688964843750000e+02
5.238741721063852310e+02,2.540306701660156250e+02
5.238741721063852310e+02,2.540306701660156250e+02
5.251278565078973770e+02,2.504251861572265625e+02
5.263815409094095230e+02,3.475806274414062500e+02
5.276352251917123795e+02,3.780997009277343750e+02
5.288889097124338150e+02,3.555954895019531250e+02
5.288889097124338150e+02,3.555954895019531250e+02
5.290889097154140472e+02,3.514922180175781250e+02
5.290889097154140472e+02,3.514922180175781250e+02
5.300889097154140472e+02,3.338000183105468750e+02
5.310889097154140472e+02,3.195885925292968750e+02
5.320889097154140472e+02,3.080480346679687500e+02
5.330889097154140472e+02,2.984920349121093750e+02
5.340889097154140472e+02,2.904327087402343750e+02
5.350889097154140472e+02,2.835254821777343750e+02
5.360889097154140472e+02,2.775225524902343750e+02
5.370889097154140472e+02,2.722415466308593750e+02
5.380889097154140472e+02,2.675453796386718750e+02
5.390889097154140472e+02,2.633289489746093750e+02
5.400889097154140472e+02,2.595103454589843750e+02
5.410889097154140472e+02,2.560248107910156250e+02
5.410889097154140472e+02,2.560248107910156250e+02
5.411389097161591053e+02,2.557144470214843750e+02
5.411889097169041634e+02,2.553351745605468750e+02
5.412389097213745117e+02,2.549618377685546875e+02
5.412889097183942795e+02,2.546277465820312500e+02
5.412889097183942795e+02,2.546277465820312500e+02
5.425616530627012253e+02,2.778702697753906250e+02
5.438343964070081711e+02,3.426191101074218750e+02
5.451071396321058273e+02,3.627950134277343750e+02
5.463798830956220627e+02,3.484442138671875000e+02
5.463798830956220627e+02,3.484442138671875000e+02
5.465798830986022949e+02,3.458675231933593750e+02
5.465798830986022949e+02,3.458675231933593750e+02
5.475798830986022949e+02,3.321495971679687500e+02
5.485798830986022949e+02,3.196225585937500000e+02
5.495798830986022949e+02,3.087662353515625000e+02
5.505798830986022949e+02,2.994755249023437500e+02
5.515798830986022949e+02,2.915011901855468750e+02
5.525798830986022949e+02,2.845992126464843750e+02
5.535798830986022949e+02,2.785663757324218750e+02
5.545798830986022949e+02,2.732413024902343750e+02
5.555798830986022949e+02,2.684969482421875000e+02
5.565798830986022949e+02,2.642330932617187500e+02
5.575798830986022949e+02,2.603701477050781250e+02
5.585798830986022949e+02,2.568442077636718750e+02
5.585798830986022949e+02,2.568442077636718750e+02
5.586298830993473530e+02,2.565470886230468750e+02
5.586798831000924110e+02,2.561832275390625000e+02
5.587298831045627594e+02,2.558192138671875000e+02
5.587798831015825272e+02,2.554877471923828125e+02
5.587798831015825272e+02,2.554877471923828125e+02
5.600443977862596512e+02,2.518726806640625000e+02
5.613089124709367752e+02,3.398115844726562500e+02
5.625734271556138992e+02,3.769616394042968750e+02
5.638379418402910233e+02,3.557867126464843750e+02
5.638379418402910233e+02,3.557867126464843750e+02
5.640379418432712555e+02,3.518359985351562500e+02
5.640379418432712555e+02,3.518359985351562500e+02
5.650379418432712555e+02,3.344247131347656250e+02
5.660379418432712555e+02,3.203847961425781250e+02
5.670379418432712555e+02,3.089668579101562500e+02
5.680379418432712555e+02,2.994971923828125000e+02
5.690379418432712555e+02,2.914954833984375000e+02
5.700379418432712555e+02,2.846242370605468750e+02
5.710379418432712555e+02,2.786415100097656250e+02
5.720379418432712555e+02,2.733695068359375000e+02
5.730379418432712555e+02,2.686745300292968750e+02
5.740379418432712555e+02,2.644539794921875000e+02
5.750379418432712555e+02,2.606276550292968750e+02
5.760379418432712555e+02,2.571321105957031250e+02
5.760379418432712555e+02,2.571321105957031250e+02
5.760879418440163136e+02,2.568503417968750000e+02
5.761379418447613716e+02,2.565045166015625000e+02
5.761879418492317200e+02,2.561536254882812500e+02
5.762379418462514877e+02,2.558291168212890625e+02
5.762379418462514877e+02,2.558291168212890625e+02
5.775024849027395248e+02,2.523162384033203125e+02
5.787670279592275620e+02,3.446119079589843750e+02
5.800315710157155991e+02,3.722586059570312500e+02
5.812961140722036362e+02,3.535468139648437500e+02
5.812961140722036362e+02,3.535468139648437500e+02
5.814961140751838684e+02,3.500466613769531250e+02
5.814961140751838684e+02,3.500466613769531250e+02
5.824961140751838684e+02,3.338718872070312500e+02
5.834961140751838684e+02,3.204558715820312500e+02
5.844961140751838684e+02,3.093605346679687500e+02
5.854961140751838684e+02,3.000619201660156250e+02
5.864961140751838684e+02,2.921510314941406250e+02
5.874961140751838684e+02,2.853259277343750000e+02
5.884961140751838684e+02,2.793635253906250000e+02
5.894961140751838684e+02,2.740966796875000000e+02
5.904961140751838684e+02,2.693978271484375000e+02
5.914961140751838684e+02,2.651681213378906250e+02
5.924961140751838684e+02,2.613297729492187500e+02
5.934961140751838684e+02,2.578207397460937500e+02
5.934961140751838684e+02,2.578207397460937500e+02
5.935461140759289265e+02,2.575501098632812500e+02
5.935961140766739845e+02,2.572184143066406250e+02
5.936461140811443329e+02,2.568776855468750000e+02
5.936961140781641006e+02,2.565580444335937500e+02
5.936961140781641006e+02,2.565580444335937500e+02
5.949523059278726578e+02,2.676595764160156250e+02
5.962084977775812149e+02,3.207088623046875000e+02
5.974646895080804825e+02,3.654121704101562500e+02
5.987208814769983292e+02,3.559070739746093750e+02
5.987208814769983292e+02,3.559070739746093750e+02
5.989208814799785614e+02,3.536490783691406250e+02
5.989208814799785614e+02,3.536490783691406250e+02
5.999208814799785614e+02,3.387330322265625000e+02
6.009208814799785614e+02,3.248753356933593750e+02
6.019208814799785614e+02,3.130366210937500000e+02
6.029208814799785614e+02,3.030801086425781250e+02
6.039208814799785614e+02,2.946584472656250000e+02
6.049208814799785614e+02,2.874498596191406250e+02
6.059208814799785614e+02,2.811997985839843750e+02
6.069208814799785614e+02,2.757145996093750000e+02
6.079208814799785614e+02,2.708472900390625000e+02
6.089208814799785614e+02,2.664852600097656250e+02
6.099208814799785614e+02,2.625411682128906250e+02
6.109208814799785614e+02,2.589463195800781250e+02
6.109208814799785614e+02,2.589463195800781250e+02
6.109708814807236195e+02,2.586816101074218750e+02
6.110208814814686775e+02,2.583588256835937500e+02
6.110708814859390259e+02,2.580240478515625000e+02
6.111208814829587936e+02,2.577057800292968750e+02
6.111208814829587936e+02,2.577057800292968750e+02
6.123939303606748581e+02,2.537973480224609375e+02
6.136669792383909225e+02,3.413356018066406250e+02
6.149400281161069870e+02,3.696687316894531250e+02
6.162130769938230515e+02,3.525463256835937500e+02
6.162130769938230515e+02,3.525463256835937500e+02
6.164130769968032837e+02,3.492837219238281250e+02
6.164130769968032837e+02,3.492837219238281250e+02
6.174130769968032837e+02,3.336630554199218750e+02
6.184130769968032837e+02,3.205578308105468750e+02
6.194130769968032837e+02,3.096664428710937500e+02
6.204130769968032837e+02,3.005129699707031250e+02
6.214130769968032837e+02,2.927092285156250000e+02
6.224130769968032837e+02,2.859644165039062500e+02
6.234130769968032837e+02,2.800622863769531250e+02
6.244130769968032837e+02,2.748403320312500000e+02
6.254130769968032837e+02,2.701744995117187500e+02
6.264130769968032837e+02,2.659685668945312500e+02
6.274130769968032837e+02,2.621467895507812500e+02
6.284130769968032837e+02,2.586488037109375000e+02
6.284130769968032837e+02,2.586488037109375000e+02
6.284630769975483418e+02,2.583986511230468750e+02
6.285130769982933998e+02,2.580938720703125000e+02
6.285630770027637482e+02,2.577746887207031250e+02
6.286130769997835159e+02,2.574676818847656250e+02
6.286130769997835159e+02,2.574676818847656250e+02
6.298778867274522781e+02,2.552991638183593750e+02
6.311426964551210403e+02,3.365858764648437500e+02
6.324075063019990921e+02,3.687001037597656250e+02
6.336723159104585648e+02,3.523427124023437500e+02
6.336723159104585648e+02,3.523427124023437500e+02
6.338723159134387970e+02,3.491406555175781250e+02
6.338723159134387970e+02,3.491406555175781250e+02
6.348723159134387970e+02,3.338318786621093750e+02
6.358723159134387970e+02,3.210125732421875000e+02
6.368723159134387970e+02,3.103256835937500000e+02
6.378723159134387970e+02,3.012950744628906250e+02
6.388723159134387970e+02,2.935526123046875000e+02
6.398723159134387970e+02,2.868282165527343750e+02
6.408723159134387970e+02,2.809214172363281250e+02
6.418723159134387970e+02,2.756804504394531250e+02
6.428723159134387970e+02,2.709881286621093750e+02
6.438723159134387970e+02,2.667524414062500000e+02
6.448723159134387970e+02,2.629002380371093750e+02
6.458723159134387970e+02,2.593726501464843750e+02
6.458723159134387970e+02,2.593726501464843750e+02
6.459223159141838551e+02,2.591312866210937500e+02
6.459723159149289131e+02,2.588384094238281250e+02
6.460223159193992615e+02,2.585259094238281250e+02
6.460723159164190292e+02,2.582203369140625000e+02
6.460723159164190292e+02,2.582203369140625000e+02
6.473342903703451157e+02,2.556787414550781250e+02
6.485962648242712021e+02,3.224900512695312500e+02
6.498582391589879990e+02,3.717941894531250000e+02
6.511202137321233749e+02,3.557827148437500000e+02
6.511202137321233749e+02,3.557827148437500000e+02
6.513202137351036072e+02,3.524360046386718750e+02
6.513202137351036072e+02,3.524360046386718750e+02
6.523202137351036072e+02,3.363704223632812500e+02
6.533202137351036072e+02,3.230302429199218750e+02
6.543202137351036072e+02,3.119866333007812500e+02
6.553202137351036072e+02,3.027085876464843750e+02
6.563202137351036072e+02,2.947918701171875000e+02
6.573202137351036072e+02,2.879421386718750000e+02
6.583202137351036072e+02,2.819428405761718750e+02
6.593202137351036072e+02,2.766314697265625000e+02
6.603202137351036072e+02,2.718838806152343750e+02
6.613202137351036072e+02,2.676035156250000000e+02
6.623202137351036072e+02,2.637141418457031250e+02
6.633202137351036072e+02,2.601549072265625000e+02
6.633202137351036072e+02,2.601549072265625000e+02
6.633702137358486652e+02,2.599225463867187500e+02
6.634202137365937233e+02,2.596395568847656250e+02
6.634702137410640717e+02,2.593350524902343750e+02
6.635202137380838394e+02,2.590340576171875000e+02
6.635202137380838394e+02,2.590340576171875000e+02
6.647739405781030655e+02,2.550974121093750000e+02
6.660276674181222916e+02,3.308827514648437500e+02
6.672813941389322281e+02,3.667099914550781250e+02
6.685351210981607437e+02,3.529963989257812500e+02
6.685351210981607437e+02,3.529963989257812500e+02
6.687351211011409760e+02,3.501038208007812500e+02
6.687351211011409760e+02,3.501038208007812500e+02
6.697351211011409760e+02,3.352319030761718750e+02
6.707351211011409760e+02,3.224683532714843750e+02
6.717351211011409760e+02,3.117379150390625000e+02
6.727351211011409760e+02,3.026535644531250000e+02
6.737351211011409760e+02,2.948677368164062500e+02
6.747351211011409760e+02,2.881105957031250000e+02
6.757351211011409760e+02,2.821780090332031250e+02
6.767351211011409760e+02,2.769149169921875000e+02
6.777351211011409760e+02,2.722020568847656250e+02
6.787351211011409760e+02,2.679464416503906250e+02
6.797351211011409760e+02,2.640744018554687500e+02
6.807351211011409760e+02,2.605270080566406250e+02
6.807351211011409760e+02,2.605270080566406250e+02
6.807851211018860340e+02,2.603014221191406250e+02
6.808351211026310921e+02,2.600288391113281250e+02
6.808851211071014404e+02,2.597340393066406250e+02
6.809351211041212082e+02,2.594400024414062500e+02
6.809351211041212082e+02,2.594400024414062500e+02
6.822079605311155319e+02,2.748740539550781250e+02
6.834807999581098557e+02,3.289840087890625000e+02
6.847536395043134689e+02,3.557727355957031250e+02
6.860264788120985031e+02,3.467002563476562500e+02
6.860264788120985031e+02,3.467002563476562500e+02
6.862264788150787354e+02,3.447830200195312500e+02
6.862264788150787354e+02,3.447830200195312500e+02
6.872264788150787354e+02,3.330602722167968750e+02
6.882264788150787354e+02,3.218426513671875000e+02
6.892264788150787354e+02,3.118359680175781250e+02
6.902264788150787354e+02,3.030908508300781250e+02
6.912264788150787354e+02,2.954614257812500000e+02
6.922264788150787354e+02,2.887702636718750000e+02
6.932264788150787354e+02,2.828573303222656250e+02
6.942264788150787354e+02,2.775899963378906250e+02
6.952264788150787354e+02,2.728609008789062500e+02
6.962264788150787354e+02,2.685834350585937500e+02
6.972264788150787354e+02,2.646876220703125000e+02
6.982264788150787354e+02,2.611163940429687500e+02
6.982264788150787354e+02,2.611163940429687500e+02
6.982764788158237934e+02,2.608950195312500000e+02
6.983264788165688515e+02,2.606300048828125000e+02
6.983764788210391998e+02,2.603425292968750000e+02
6.984264788180589676e+02,2.600534667968750000e+02
6.984264788180589676e+02,2.600534667968750000e+02
6.996909932643175125e+02,2.562301635742187500e+02
7.009555077105760574e+02,3.244107666015625000e+02
7.022200223952531815e+02,3.650381164550781250e+02
7.034845366030931473e+02,3.526812744140625000e+02
7.034845366030931473e+02,3.526812744140625000e+02
7.036845366060733795e+02,3.499515991210937500e+02
7.036845366060733795e+02,3.499515991210937500e+02
7.046845366060733795e+02,3.354027709960937500e+02
7.056845366060733795e+02,3.228398132324218750e+02
7.066845366060733795e+02,3.122565612792968750e+02
7.076845366060733795e+02,3.032800903320312500e+02
7.086845366060733795e+02,2.955707092285156250e+02
7.096845366060733795e+02,2.888658447265625000e+02
7.106845366060733795e+02,2.829675598144531250e+02
7.116845366060733795e+02,2.777256774902343750e+02
7.126845366060733795e+02,2.730246276855468750e+02
7.136845366060733795e+02,2.687739562988281250e+02
7.146845366060733795e+02,2.649020690917968750e+02
7.156845366060733795e+02,2.613513488769531250e+02
7.156845366060733795e+02,2.613513488769531250e+02
7.157345366068184376e+02,2.611358642578125000e+02
7.157845366075634956e+02,2.608800659179687500e+02
7.158345366120338440e+02,2.606017761230468750e+02
7.158845366090536118e+02,2.603200073242187500e+02
7.158845366090536118e+02,2.603200073242187500e+02
7.171490747779607773e+02,2.564836120605468750e+02
7.184136129468679428e+02,3.293415832519531250e+02
7.196781512349843979e+02,3.609903259277343750e+02
7.209426892846822739e+02,3.502579956054687500e+02
7.209426892846822739e+02,3.502579956054687500e+02
7.211426892876625061e+02,3.478959960937500000e+02
7.211426892876625061e+02,3.478959960937500000e+02
7.221426892876625061e+02,3.345672607421875000e+02
7.231426892876625061e+02,3.226569213867187500e+02
7.241426892876625061e+02,3.124195861816406250e+02
7.251426892876625061e+02,3.036318359375000000e+02
7.261426892876625061e+02,2.960281372070312500e+02
7.271426892876625061e+02,2.893826904296875000e+02
7.281426892876625061e+02,2.835167236328125000e+02
7.291426892876625061e+02,2.782906188964843750e+02
7.301426892876625061e+02,2.735949401855468750e+02
7.311426892876625061e+02,2.693431091308593750e+02
7.321426892876625061e+02,2.654659118652343750e+02
7.331426892876625061e+02,2.619073486328125000e+02
7.331426892876625061e+02,2.619073486328125000e+02
7.331926892884075642e+02,2.616956481933593750e+02
7.332426892891526222e+02,2.614466857910156250e+02
7.332926892936229706e+02,2.611754760742187500e+02
7.333426892906427383e+02,2.608992004394531250e+02
7.333426892906427383e+02,2.608992004394531250e+02
7.345988673120737076e+02,2.720535583496093750e+02
7.358550453335046768e+02,3.132225036621093750e+02
7.371112234741449356e+02,3.479110412597656250e+02
7.383674013763666153e+02,3.500297851562500000e+02
7.383674013763666153e+02,3.500297851562500000e+02
7.385674013793468475e+02,3.495204772949218750e+02
7.385674013793468475e+02,3.495204772949218750e+02
7.395674013793468475e+02,3.387229003906250000e+02
7.405674013793468475e+02,3.268685607910156250e+02
7.415674013793468475e+02,3.160801086425781250e+02
7.425674013793468475e+02,3.067027893066406250e+02
7.435674013793468475e+02,2.986057128906250000e+02
7.445674013793468475e+02,2.915736999511718750e+02
7.455674013793468475e+02,2.854095458984375000e+02
7.465674013793468475e+02,2.799526062011718750e+02
7.475674013793468475e+02,2.750762023925781250e+02
7.485674013793468475e+02,2.706809082031250000e+02
7.495674013793468475e+02,2.666880493164062500e+02
7.505674013793468475e+02,2.630349731445312500e+02
7.505674013793468475e+02,2.630349731445312500e+02
7.506174013800919056e+02,2.628221435546875000e+02
7.506674013808369637e+02,2.625748291015625000e+02
7.507174013853073120e+02,2.623057556152343750e+02
7.507674013823270798e+02,2.620303344726562500e+02
7.507674013823270798e+02,2.620303344726562500e+02
7.520405242890119553e+02,2.579134826660156250e+02
7.533136471956968307e+02,3.262384643554687500e+02
7.545867699831724167e+02,3.589000244140625000e+02
7.558598930090665817e+02,3.492533874511718750e+02
7.558598930090665817e+02,3.492533874511718750e+02
7.560598930120468140e+02,3.470532836914062500e+02
7.560598930120468140e+02,3.470532836914062500e+02
7.570598930120468140e+02,3.341487121582031250e+02
7.580598930120468140e+02,3.225116577148437500e+02
7.590598930120468140e+02,3.124734802246093750e+02
7.600598930120468140e+02,3.038368835449218750e+02
7.610598930120468140e+02,2.963492736816406250e+02
7.620598930120468140e+02,2.897933044433593750e+02
7.630598930120468140e+02,2.839961547851562500e+02
7.640598930120468140e+02,2.788226928710937500e+02
7.650598930120468140e+02,2.741669311523437500e+02
7.660598930120468140e+02,2.699449462890625000e+02
7.670598930120468140e+02,2.660896301269531250e+02
7.680598930120468140e+02,2.625467224121093750e+02
7.680598930120468140e+02,2.625467224121093750e+02
7.681098930127918720e+02,2.623428344726562500e+02
7.681598930135369301e+02,2.621073608398437500e+02
7.682098930180072784e+02,2.618507385253906250e+02
7.682598930150270462e+02,2.615867004394531250e+02
7.682598930150270462e+02,2.615867004394531250e+02
7.695247067958116531e+02,2.585365905761718750e+02
7.707895205765962601e+02,3.232041625976562500e+02
7.720543342381715775e+02,3.571973876953125000e+02
7.733191481381654739e+02,3.485260314941406250e+02
7.733191481381654739e+02,3.485260314941406250e+02
7.735191481411457062e+02,3.464474487304687500e+02
7.735191481411457062e+02,3.464474487304687500e+02
7.745191481411457062e+02,3.339773254394531250e+02
7.755191481411457062e+02,3.226642456054687500e+02
7.765191481411457062e+02,3.128487854003906250e+02
7.775191481411457062e+02,3.043518371582031250e+02
7.785191481411457062e+02,2.969434509277343750e+02
7.795191481411457062e+02,2.904259338378906250e+02
7.805191481411457062e+02,2.846411743164062500e+02
7.815191481411457062e+02,2.794641723632812500e+02
7.825191481411457062e+02,2.747955322265625000e+02
7.835191481411457062e+02,2.705555725097656250e+02
7.845191481411457062e+02,2.666798706054687500e+02
7.855191481411457062e+02,2.631158142089843750e+02
7.855191481411457062e+02,2.631158142089843750e+02
7.855691481418907642e+02,2.629137268066406250e+02
7.856191481426358223e+02,2.626825561523437500e+02
7.856691481471061707e+02,2.624309387207031250e+02
7.857191481441259384e+02,2.621711425781250000e+02
7.857191481441259384e+02,2.621711425781250000e+02
7.869811323732137680e+02,2.602650451660156250e+02
7.882431166023015976e+02,3.112538452148437500e+02
7.895051009505987167e+02,3.581927490234375000e+02
7.907670850604772568e+02,3.508885498046875000e+02
7.907670850604772568e+02,3.508885498046875000e+02
7.909670850634574890e+02,3.488483581542968750e+02
7.909670850634574890e+02,3.488483581542968750e+02
7.919670850634574890e+02,3.361069946289062500e+02
7.929670850634574890e+02,3.245104064941406250e+02
7.939670850634574890e+02,3.144469909667968750e+02
7.949670850634574890e+02,3.057477416992187500e+02
7.959670850634574890e+02,2.981802673339843750e+02
7.969670850634574890e+02,2.915393371582031250e+02
7.979670850634574890e+02,2.856584472656250000e+02
7.989670850634574890e+02,2.804054565429687500e+02
7.999670850634574890e+02,2.756756591796875000e+02
8.009670850634574890e+02,2.713854064941406250e+02
8.019670850634574890e+02,2.674674682617187500e+02
8.029670850634574890e+02,2.638673095703125000e+02
8.029670850634574890e+02,2.638673095703125000e+02
8.030170850642025471e+02,2.636645202636718750e+02
8.030670850649476051e+02,2.634372863769531250e+02
8.031170850694179535e+02,2.631898193359375000e+02
8.031670850664377213e+02,2.629326171875000000e+02
8.031670850664377213e+02,2.629326171875000000e+02
8.044207661300897598e+02,2.588333435058593750e+02
8.056744471937417984e+02,3.184867858886718750e+02
8.069281283766031265e+02,3.548232727050781250e+02
8.081818093210458755e+02,3.485369567871093750e+02
8.081818093210458755e+02,3.485369567871093750e+02
8.083818093240261078e+02,3.467684936523437500e+02
8.083818093240261078e+02,3.467684936523437500e+02
8.093818093240261078e+02,3.348678894042968750e+02
8.103818093240261078e+02,3.237226562500000000e+02
8.113818093240261078e+02,3.139389953613281250e+02
8.123818093240261078e+02,3.054362792968750000e+02
8.133818093240261078e+02,2.980152893066406250e+02
8.143818093240261078e+02,2.914856872558593750e+02
8.153818093240261078e+02,2.856896972656250000e+02
8.163818093240261078e+02,2.805013732910156250e+02
8.173818093240261078e+02,2.758205871582031250e+02
8.183818093240261078e+02,2.715673828125000000e+02
8.193818093240261078e+02,2.676772460937500000e+02
8.203818093240261078e+02,2.640978088378906250e+02
8.203818093240261078e+02,2.640978088378906250e+02
8.204318093247711658e+02,2.639017028808593750e+02
8.204818093255162239e+02,2.636812744140625000e+02
8.205318093299865723e+02,2.634408264160156250e+02
8.205818093270063400e+02,2.631898803710937500e+02
8.205818093270063400e+02,2.631898803710937500e+02
8.218545657843351364e+02,2.713276062011718750e+02
8.231273222416639328e+02,3.191755981445312500e+02
8.244000788182020187e+02,3.480663146972656250e+02
8.256728351563215256e+02,3.434633483886718750e+02
8.256728351563215256e+02,3.434633483886718750e+02
8.258728351593017578e+02,3.421631469726562500e+02
8.258728351593017578e+02,3.421631469726562500e+02
8.268728351593017578e+02,3.323877563476562500e+02
8.278728351593017578e+02,3.225236511230468750e+02
8.288728351593017578e+02,3.134535217285156250e+02
8.298728351593017578e+02,3.053467712402343750e+02
8.308728351593017578e+02,2.981476745605468750e+02
8.318728351593017578e+02,2.917424011230468750e+02
8.328728351593017578e+02,2.860148010253906250e+02
8.338728351593017578e+02,2.808620300292968750e+02
8.348728351593017578e+02,2.761973571777343750e+02
8.358728351593017578e+02,2.719487304687500000e+02
8.368728351593017578e+02,2.680564880371093750e+02
8.378728351593017578e+02,2.644710998535156250e+02
8.378728351593017578e+02,2.644710998535156250e+02
8.379228351600468159e+02,2.642766113281250000e+02
8.379728351607918739e+02,2.640599365234375000e+02
8.380228351652622223e+02,2.638241882324218750e+02
8.380728351622819901e+02,2.635777587890625000e+02
8.380728351622819901e+02,2.635777587890625000e+02
8.393373493701219559e+02,2.597297668457031250e+02
8.406018635779619217e+02,3.128445434570312500e+02
8.418663777858018875e+02,3.530222167968750000e+02
8.431308919936418533e+02,3.479069824218750000e+02
8.431308919936418533e+02,3.479069824218750000e+02
8.433308919966220856e+02,3.462771911621093750e+02
8.433308919966220856e+02,3.462771911621093750e+02
8.443308919966220856e+02,3.346755676269531250e+02
8.453308919966220856e+02,3.237342224121093750e+02
8.463308919966220856e+02,3.141107482910156250e+02
8.473308919966220856e+02,3.057319335937500000e+02
8.483308919966220856e+02,2.984036865234375000e+02
8.493308919966220856e+02,2.919417724609375000e+02
8.503308919966220856e+02,2.861942749023437500e+02
8.513308919966220856e+02,2.810400390625000000e+02
8.523308919966220856e+02,2.763825683593750000e+02
8.533308919966220856e+02,2.721446228027343750e+02
8.543308919966220856e+02,2.682637634277343750e+02
8.553308919966220856e+02,2.646890563964843750e+02
8.553308919966220856e+02,2.646890563964843750e+02
8.553808919973671436e+02,2.644967956542968750e+02
8.554308919981122017e+02,2.642843322753906250e+02
8.554808920025825500e+02,2.640538635253906250e+02
8.555308919996023178e+02,2.638125915527343750e+02
8.555308919996023178e+02,2.638125915527343750e+02
8.567954015582799911e+02,2.598079528808593750e+02
8.580599111169576645e+02,3.170891113281250000e+02
8.593244205564260483e+02,3.498703918457031250e+02
8.605889302343130112e+02,3.455895080566406250e+02
8.605889302343130112e+02,3.455895080566406250e+02
8.607889302372932434e+02,3.442161865234375000e+02
8.607889302372932434e+02,3.442161865234375000e+02
8.617889302372932434e+02,3.337003173828125000e+02
8.627889302372932434e+02,3.233929138183593750e+02
8.637889302372932434e+02,3.141206665039062500e+02
8.647889302372932434e+02,3.059397277832031250e+02
8.657889302372932434e+02,2.987262878417968750e+02
8.667889302372932434e+02,2.923322753906250000e+02
8.677889302372932434e+02,2.866248474121093750e+02
8.687889302372932434e+02,2.814932861328125000e+02
8.697889302372932434e+02,2.768473510742187500e+02
8.707889302372932434e+02,2.726136169433593750e+02
8.717889302372932434e+02,2.687320861816406250e+02
8.727889302372932434e+02,2.651535644531250000e+02
8.727889302372932434e+02,2.651535644531250000e+02
8.728389302380383015e+02,2.649625854492187500e+02
8.728889302387833595e+02,2.647531738281250000e+02
8.729389302432537079e+02,2.645267639160156250e+02
8.729889302402734756e+02,2.642895507812500000e+02
8.729889302402734756e+02,2.642895507812500000e+02
8.742450955063104630e+02,2.737757263183593750e+02
8.755012607723474503e+02,3.069643249511718750e+02
8.767574260383844376e+02,3.361348266601562500e+02
8.780135913044214249e+02,3.434180603027343750e+02
8.780135913044214249e+02,3.434180603027343750e+02
8.782135913074016571e+02,3.438648071289062500e+02
8.782135913074016571e+02,3.438648071289062500e+02
8.792135913074016571e+02,3.365442504882812500e+02
8.802135913074016571e+02,3.267953186035156250e+02
8.812135913074016571e+02,3.172705688476562500e+02
8.822135913074016571e+02,3.086727294921875000e+02
8.832135913074016571e+02,3.010685119628906250e+02
8.842135913074016571e+02,2.943514404296875000e+02
8.852135913074016571e+02,2.883868103027343750e+02
8.862135913074016571e+02,2.830518493652343750e+02
8.872135913074016571e+02,2.782441406250000000e+02
8.882135913074016571e+02,2.738803100585937500e+02
8.892135913074016571e+02,2.698928222656250000e+02
8.902135913074016571e+02,2.662268066406250000e+02
8.902135913074016571e+02,2.662268066406250000e+02
8.902635913081467152e+02,2.660327148437500000e+02
8.903135913088917732e+02,2.658218383789062500e+02
8.903635913133621216e+02,2.655948791503906250e+02
8.904135913103818893e+02,2.653572998046875000e+02
8.904135913103818893e+02,2.653572998046875000e+02
8.916866858452558517e+02,2.611791992187500000e+02
8.929597803801298141e+02,3.147666931152343750e+02
8.942328750342130661e+02,3.479653015136718750e+02
8.955059694498777390e+02,3.444933471679687500e+02
8.955059694498777390e+02,3.444933471679687500e+02
8.957059694528579712e+02,3.432460021972656250e+02
8.957059694528579712e+02,3.432460021972656250e+02
8.967059694528579712e+02,3.330990600585937500e+02
8.977059694528579712e+02,3.230468444824218750e+02
8.987059694528579712e+02,3.139705505371093750e+02
8.997059694528579712e+02,3.059442443847656250e+02
9.007059694528579712e+02,2.988532714843750000e+02
9.017059694528579712e+02,2.925560913085937500e+02
9.027059694528579712e+02,2.869250183105468750e+02
9.037059694528579712e+02,2.818535156250000000e+02
9.047059694528579712e+02,2.772544860839843750e+02
9.057059694528579712e+02,2.730570983886718750e+02
9.067059694528579712e+02,2.692034606933593750e+02
9.077059694528579712e+02,2.656459960937500000e+02
9.077059694528579712e+02,2.656459960937500000e+02
9.077559694536030293e+02,2.654585266113281250e+02
9.078059694543480873e+02,2.652558898925781250e+02
9.078559694588184357e+02,2.650381774902343750e+02
9.079059694558382034e+02,2.648099975585937500e+02
9.079059694558382034e+02,2.648099975585937500e+02
9.091707617789506912e+02,2.612951660156250000e+02
9.104355541020631790e+02,3.123679504394531250e+02
9.117003463059663773e+02,3.461211853027343750e+02
9.129651387482881546e+02,3.435190429687500000e+02
9.129651387482881546e+02,3.435190429687500000e+02
9.131651387512683868e+02,3.423959045410156250e+02
9.131651387512683868e+02,3.423959045410156250e+02
9.141651387512683868e+02,3.327059936523437500e+02
9.151651387512683868e+02,3.229852294921875000e+02
9.161651387512683868e+02,3.141366271972656250e+02
9.171651387512683868e+02,3.062576904296875000e+02
9.181651387512683868e+02,2.992563781738281250e+02
9.191651387512683868e+02,2.930095520019531250e+02
9.201651387512683868e+02,2.874030761718750000e+02
9.211651387512683868e+02,2.823396301269531250e+02
9.221651387512683868e+02,2.777383422851562500e+02
9.231651387512683868e+02,2.735325012207031250e+02
9.241651387512683868e+02,2.696668090820312500e+02
9.251651387512683868e+02,2.660954284667968750e+02
9.251651387512683868e+02,2.660954284667968750e+02
9.252151387520134449e+02,2.659062194824218750e+02
9.252651387527585030e+02,2.657051696777343750e+02
9.253151387572288513e+02,2.654903259277343750e+02
9.253651387542486191e+02,2.652649841308593750e+02
9.253651387542486191e+02,2.652649841308593750e+02
9.259961350411176682e+02,2.628512878417968750e+02
9.266271313279867172e+02,2.623606872558593750e+02
9.272581276744604111e+02,2.717112426757812500e+02
9.277467460483312607e+02,2.940155944824218750e+02
9.277469930499792099e+02,2.940268859863281250e+02
9.277705638259649277e+02,2.951441345214843750e+02
9.277709078639745712e+02,2.951604309082031250e+02
9.277948472350835800e+02,2.963449707031250000e+02
9.277951752990484238e+02,2.963612060546875000e+02
9.278195848315954208e+02,2.976304321289062500e+02
9.278197541087865829e+02,2.976392211914062500e+02
9.284507505744695663e+02,3.336843872070312500e+02
9.290817468017339706e+02,3.501134643554687500e+02
9.297127430289983749e+02,3.524320373535156250e+02
9.303437392562627792e+02,3.485208435058593750e+02
9.304131090492010117e+02,3.480277099609375000e+02
9.304131090492010117e+02,3.480277099609375000e+02
9.306131090521812439e+02,3.462806701660156250e+02
9.306131090521812439e+02,3.462806701660156250e+02
9.316131090521812439e+02,3.359378967285156250e+02
9.326131090521812439e+02,3.258897705078125000e+02
9.336131090521812439e+02,3.167192382812500000e+02
9.346131090521812439e+02,3.085328369140625000e+02
9.356131090521812439e+02,3.012621765136718750e+02
9.366131090521812439e+02,2.947898864746093750e+02
9.376131090521812439e+02,2.889976806640625000e+02
9.386131090521812439e+02,2.837813415527343750e+02
9.396131090521812439e+02,2.790533752441406250e+02
9.406131090521812439e+02,2.747414550781250000e+02
9.416131090521812439e+02,2.707860107421875000e+02
9.426131090521812439e+02,2.671377868652343750e+02
9.426131090521812439e+02,2.671377868652343750e+02
9.426631090529263020e+02,2.669484252929687500e+02
9.427131090536713600e+02,2.667468566894531250e+02
9.427631090581417084e+02,2.665317687988281250e+02
9.428131090551614761e+02,2.663062438964843750e+02
9.428131090551614761e+02,2.663062438964843750e+02
9.434400999099016190e+02,2.638262634277343750e+02
9.440670907646417618e+02,2.617249450683593750e+02
9.446940816789865494e+02,2.620353698730468750e+02
9.452207130342721939e+02,2.903110961914062500e+02
9.452209912687540054e+02,2.903260498046875000e+02
9.452309237867593765e+02,2.908708801269531250e+02
9.452312535196542740e+02,2.908889770507812500e+02
9.452412501722574234e+02,2.914496765136718750e+02
9.452415179163217545e+02,2.914647216796875000e+02
9.458685087114572525e+02,3.395779113769531250e+02
9.464954997450113297e+02,3.549192504882812500e+02
9.471224905401468277e+02,3.539735107421875000e+02
9.477494813352823257e+02,3.480300903320312500e+02
9.478290358930826187e+02,3.472177429199218750e+02
9.478290358930826187e+02,3.472177429199218750e+02
9.480290358960628510e+02,3.450137939453125000e+02
9.480290358960628510e+02,3.450137939453125000e+02
9.490290358960628510e+02,3.342268981933593750e+02
9.500290358960628510e+02,3.243431091308593750e+02
9.510290358960628510e+02,3.154739990234375000e+02
9.520290358960628510e+02,3.075746765136718750e+02
9.530290358960628510e+02,3.005402221679687500e+02
9.540290358960628510e+02,2.942530212402343750e+02
9.550290358960628510e+02,2.886036987304687500e+02
9.560290358960628510e+02,2.834975891113281250e+02
9.570290358960628510e+02,2.788550109863281250e+02
9.580290358960628510e+02,2.746096801757812500e+02
9.590290358960628510e+02,2.707064819335937500e+02
9.600290358960628510e+02,2.670995178222656250e+02
9.600290358960628510e+02,2.670995178222656250e+02
9.600790358968079090e+02,2.669129943847656250e+02
9.601290358975529671e+02,2.667154541015625000e+02
9.601790359020233154e+02,2.665053405761718750e+02
9.602290358990430832e+02,2.662851562500000000e+02
9.602290358990430832e+02,2.662851562500000000e+02
9.608654001802206039e+02,2.639211425781250000e+02
9.615017644613981247e+02,2.660890502929687500e+02
9.621381286829710007e+02,2.821310729980468750e+02
9.626170752495527267e+02,3.042737731933593750e+02
9.626172240227460861e+02,3.042806396484375000e+02
9.626458762139081955e+02,3.056440429687500000e+02
9.626461353749036789e+02,3.056564025878906250e+02
9.626747653931379318e+02,3.070578308105468750e+02
9.626749752014875412e+02,3.070680847167968750e+02
9.633113394230604172e+02,3.329898376464843750e+02
9.639477036446332932e+02,3.442232360839843750e+02
9.645840678662061691e+02,3.459667358398437500e+02
9.652204323261976242e+02,3.430667724609375000e+02
9.653199501484632492e+02,3.425195007324218750e+02
9.653199501484632492e+02,3.425195007324218750e+02
9.655199501514434814e+02,3.411521911621093750e+02
9.655199501514434814e+02,3.411521911621093750e+02
9.665199501514434814e+02,3.323484802246093750e+02
9.675199501514434814e+02,3.234306335449218750e+02
9.685199501514434814e+02,3.150766906738281250e+02
9.695199501514434814e+02,3.074737854003906250e+02
9.705199501514434814e+02,3.006174621582031250e+02
9.715199501514434814e+02,2.944391479492187500e+02
9.725199501514434814e+02,2.888560180664062500e+02
9.735199501514434814e+02,2.837889709472656250e+02
9.745199501514434814e+02,2.791679992675781250e+02
9.755199501514434814e+02,2.749329833984375000e+02
9.765199501514434814e+02,2.710327758789062500e+02
9.775199501514434814e+02,2.674241638183593750e+02
9.775199501514434814e+02,2.674241638183593750e+02
9.775699501521885395e+02,2.672382507324218750e+02
9.776199501529335976e+02,2.670423278808593750e+02
9.776699501574039459e+02,2.668347778320312500e+02
9.777199501544237137e+02,2.666175231933593750e+02
9.777199501544237137e+02,2.666175231933593750e+02
9.789844728261232376e+02,2.627659301757812500e+02
9.802489954978227615e+02,3.037531127929687500e+02
9.815135182887315750e+02,3.419119567871093750e+02
9.827780408412218094e+02,3.423659362792968750e+02
9.827780408412218094e+02,3.423659362792968750e+02
9.829780408442020416e+02,3.416483459472656250e+02
9.829780408442020416e+02,3.416483459472656250e+02
9.839780408442020416e+02,3.328577880859375000e+02
9.849780408442020416e+02,3.235779418945312500e+02
9.859780408442020416e+02,3.149804382324218750e+02
9.869780408442020416e+02,3.072623291015625000e+02
9.879780408442020416e+02,3.003709106445312500e+02
9.889780408442020416e+02,2.942008361816406250e+02
9.899780408442020416e+02,2.886472473144531250e+02
9.909780408442020416e+02,2.836187438964843750e+02
9.919780408442020416e+02,2.790385742187500000e+02
9.929780408442020416e+02,2.748429870605468750e+02
9.939780408442020416e+02,2.709791870117187500e+02
9.949780408442020416e+02,2.674031372070312500e+02
9.949780408442020416e+02,2.674031372070312500e+02
9.950280408449470997e+02,2.672194519042968750e+02
9.950780408456921577e+02,2.670267944335937500e+02
9.951280408501625061e+02,2.668233337402343750e+02
9.951780408471822739e+02,2.666106262207031250e+02
9.951780408471822739e+02,2.666106262207031250e+02
9.964425194114446640e+02,2.625495300292968750e+02
9.977069979757070541e+02,3.075761413574218750e+02
9.989714764207601547e+02,3.393526306152343750e+02
1.000235955104231834e+03,3.400533142089843750e+02
1.000235955104231834e+03,3.400533142089843750e+02
1.000435955107212067e+03,3.395020141601562500e+02
1.000435955107212067e+03,3.395020141601562500e+02
1.001435955107212067e+03,3.316601257324218750e+02
1.002435955107212067e+03,3.229841613769531250e+02
1.003435955107212067e+03,3.147381896972656250e+02
1.004435955107212067e+03,3.072281188964843750e+02
1.005435955107212067e+03,3.004653930664062500e+02
1.006435955107212067e+03,2.943783569335937500e+02
1.007435955107212067e+03,2.888799438476562500e+02
1.008435955107212067e+03,2.838885192871093750e+02
1.009435955107212067e+03,2.793331909179687500e+02
1.010435955107212067e+03,2.751539611816406250e+02
1.011435955107212067e+03,2.713003845214843750e+02
1.012435955107212067e+03,2.677301940917968750e+02
1.012435955107212067e+03,2.677301940917968750e+02
1.012485955107957125e+03,2.675473327636718750e+02
1.012535955108702183e+03,2.673563537597656250e+02
1.012585955113172531e+03,2.671553955078125000e+02
1.012635955110192299e+03,2.669455566406250000e+02
1.012635955110192299e+03,2.669455566406250000e+02
1.013891160979866982e+03,2.740083618164062500e+02
1.015146366849541664e+03,3.000944213867187500e+02
1.016401572480797768e+03,3.258073425292968750e+02
1.017656778588891029e+03,3.354118041992187500e+02
1.017656778588891029e+03,3.354118041992187500e+02
1.017856778591871262e+03,3.363921508789062500e+02
1.017856778591871262e+03,3.363921508789062500e+02
1.018856778591871262e+03,3.319978332519531250e+02
1.019856778591871262e+03,3.243499450683593750e+02
1.020856778591871262e+03,3.162195739746093750e+02
1.021856778591871262e+03,3.085514221191406250e+02
1.022856778591871262e+03,3.015813598632812500e+02
1.023856778591871262e+03,2.953062133789062500e+02
1.024856778591871262e+03,2.896538696289062500e+02
1.025856778591871262e+03,2.845409851074218750e+02
1.026856778591871262e+03,2.798908081054687500e+02
1.027856778591871262e+03,2.756373901367187500e+02
1.028856778591871262e+03,2.717254333496093750e+02
1.029856778591871262e+03,2.681088256835937500e+02
1.029856778591871262e+03,2.681088256835937500e+02
1.029906778592616320e+03,2.679241333007812500e+02
1.029956778593361378e+03,2.677321472167968750e+02
1.030006778597831726e+03,2.675309448242187500e+02
1.030056778594851494e+03,2.673213500976562500e+02
1.030056778594851494e+03,2.673213500976562500e+02
1.031329874441027641e+03,2.631965026855468750e+02
1.032602970287203789e+03,3.048145751953125000e+02
1.033876065894961357e+03,3.372394714355468750e+02
1.035149161979556084e+03,3.385431518554687500e+02
1.035149161979556084e+03,3.385431518554687500e+02
1.035349161982536316e+03,3.380786743164062500e+02
1.035349161982536316e+03,3.380786743164062500e+02
1.036349161982536316e+03,3.305141296386718750e+02
1.037349161982536316e+03,3.220613708496093750e+02
1.038349161982536316e+03,3.140071105957031250e+02
1.039349161982536316e+03,3.066594238281250000e+02
1.040349161982536316e+03,3.000317382812500000e+02
1.041349161982536316e+03,2.940558776855468750e+02
1.042349161982536316e+03,2.886486816406250000e+02
1.043349161982536316e+03,2.837320556640625000e+02
1.044349161982536316e+03,2.792380371093750000e+02
1.045349161982536316e+03,2.751090393066406250e+02
1.046349161982536316e+03,2.712966918945312500e+02
1.047349161982536316e+03,2.677603149414062500e+02
1.047349161982536316e+03,2.677603149414062500e+02
1.047399161983281374e+03,2.675800170898437500e+02
1.047449161984026432e+03,2.673931579589843750e+02
1.047499161988496780e+03,2.671978454589843750e+02
1.047549161985516548e+03,2.669945373535156250e+02
1.047549161985516548e+03,2.669945373535156250e+02
1.048813952401280403e+03,2.633023681640625000e+02
1.050078742817044258e+03,3.039736022949218750e+02
1.051343533113598824e+03,3.353856506347656250e+02
1.052608323648571968e+03,3.373295288085937500e+02
1.052608323648571968e+03,3.373295288085937500e+02
1.052808323651552200e+03,3.369881591796875000e+02
1.052808323651552200e+03,3.369881591796875000e+02
1.053808323651552200e+03,3.299631042480468750e+02
1.054808323651552200e+03,3.218925781250000000e+02
1.055808323651552200e+03,3.140926513671875000e+02
1.056808323651552200e+03,3.069084777832031250e+02
1.057808323651552200e+03,3.003825988769531250e+02
1.058808323651552200e+03,2.944674682617187500e+02
1.059808323651552200e+03,2.890939636230468750e+02
1.060808323651552200e+03,2.841933898925781250e+02
1.061808323651552200e+03,2.797040100097656250e+02
1.062808323651552200e+03,2.755723876953125000e+02
1.063808323651552200e+03,2.717528076171875000e+02
1.064808323651552200e+03,2.682064208984375000e+02
1.064808323651552200e+03,2.682394104003906250e+02
1.064858323652297258e+03,2.680560913085937500e+02
1.064908323653042316e+03,2.678672790527343750e+02
1.064958323657512665e+03,2.676684875488281250e+02
1.065008323654532433e+03,2.674575195312500000e+02
1.065008323654532433e+03,2.674575195312500000e+02
1.066270340070128441e+03,2.684125671386718750e+02
1.067532356485724449e+03,3.016973266601562500e+02
1.068794372782111168e+03,3.299171752929687500e+02
1.070056389316916466e+03,3.327584533691406250e+02
1.070056389316916466e+03,3.327584533691406250e+02
1.070256389319896698e+03,3.326425781250000000e+02
1.070256389319896698e+03,3.326425781250000000e+02
1.071256389319896698e+03,3.268696289062500000e+02
1.072256389319896698e+03,3.196752624511718750e+02
1.073256389319896698e+03,3.124241943359375000e+02
1.074256389319896698e+03,3.055808410644531250e+02
1.075256389319896698e+03,2.992728271484375000e+02
1.076256389319896698e+03,2.935028381347656250e+02
1.077256389319896698e+03,2.882303466796875000e+02
1.078256389319896698e+03,2.834029541015625000e+02
1.079256389319896698e+03,2.789686279296875000e+02
1.080256389319896698e+03,2.748797607421875000e+02
1.081256389319896698e+03,2.710943603515625000e+02
1.082256389319896698e+03,2.675759277343750000e+02
1.082256389319896698e+03,2.675759277343750000e+02
1.082306389320641756e+03,2.673983459472656250e+02
1.082356389321386814e+03,2.672157592773437500e+02
1.082406389325857162e+03,2.670260314941406250e+02
1.082456389322876930e+03,2.668289489746093750e+02
1.082456389322876930e+03,2.668289489746093750e+02
1.083712305799126625e+03,2.627691955566406250e+02
1.084968222275376320e+03,2.997457885742187500e+02
1.086224138632416725e+03,3.322939758300781250e+02
1.087480055227875710e+03,3.358578186035156250e+02
1.087480055227875710e+03,3.358578186035156250e+02
1.087680055230855942e+03,3.357557067871093750e+02
1.087680055230855942e+03,3.357557067871093750e+02
1.088680055230855942e+03,3.293328857421875000e+02
1.089680055230855942e+03,3.215433654785156250e+02
1.090680055230855942e+03,3.138791503906250000e+02
1.091680055230855942e+03,3.067683715820312500e+02
1.092680055230855942e+03,3.002881774902343750e+02
1.093680055230855942e+03,2.944046325683593750e+02
1.094680055230855942e+03,2.890538635253906250e+02
1.095680055230855942e+03,2.841694641113281250e+02
1.096680055230855942e+03,2.796908569335937500e+02
1.097680055230855942e+03,2.755654296875000000e+02
1.098680055230855942e+03,2.717481384277343750e+02
1.099680055230855942e+03,2.682007751464843750e+02
1.099680055230855942e+03,2.682007751464843750e+02
1.099730055231601000e+03,2.680220336914062500e+02
1.099780055232346058e+03,2.678388366699218750e+02
1.099830055236816406e+03,2.676491088867187500e+02
1.099880055233836174e+03,2.674524230957031250e+02
1.099880055233836174e+03,2.674524230957031250e+02
1.101152830168604851e+03,2.661772766113281250e+02
1.102425605103373528e+03,2.959339599609375000e+02
1.103698380038142204e+03,3.309825439453125000e+02
1.104971154972910881e+03,3.356559143066406250e+02
1.104971154972910881e+03,3.356559143066406250e+02
1.105171154975891113e+03,3.356988830566406250e+02
1.105171154975891113e+03,3.356988830566406250e+02
1.106171154975891113e+03,3.297348022460937500e+02
1.107171154975891113e+03,3.221954650878906250e+02
1.108171154975891113e+03,3.146413269042968750e+02
1.109171154975891113e+03,3.075620117187500000e+02
1.110171154975891113e+03,3.010742187500000000e+02
1.111171154975891113e+03,2.951656188964843750e+02
1.112171154975891113e+03,2.897832031250000000e+02
1.113171154975891113e+03,2.848656616210937500e+02
1.114171154975891113e+03,2.803547363281250000e+02
1.115171154975891113e+03,2.761986389160156250e+02
1.116171154975891113e+03,2.723526611328125000e+02
1.117171154975891113e+03,2.687785034179687500e+02
1.117171154975891113e+03,2.687785034179687500e+02
1.117221154976636171e+03,2.685986633300781250e+02
1.117271154977381229e+03,2.684149169921875000e+02
1.117321154981851578e+03,2.682251892089843750e+02
1.117371154978871346e+03,2.680289001464843750e+02
1.117371154978871346e+03,2.680289001464843750e+02
1.118635675147175789e+03,2.644551391601562500e+02
1.119900195315480232e+03,3.001057434082031250e+02
1.121164715483784676e+03,3.306307067871093750e+02
1.122429235652089119e+03,3.343081665039062500e+02
1.122429235652089119e+03,3.343081665039062500e+02
1.122629235655069351e+03,3.342703247070312500e+02
1.122629235655069351e+03,3.342703247070312500e+02
1.123629235655069351e+03,3.283805541992187500e+02
1.124629235655069351e+03,3.210611267089843750e+02
1.125629235655069351e+03,3.137561340332031250e+02
1.126629235655069351e+03,3.069033508300781250e+02
1.127629235655069351e+03,3.006022338867187500e+02
1.128629235655069351e+03,2.948402709960937500e+02
1.129629235655069351e+03,2.895703735351562500e+02
1.130629235655069351e+03,2.847382812500000000e+02
1.131629235655069351e+03,2.802919616699218750e+02
1.132629235655069351e+03,2.761846923828125000e+02
1.133629235655069351e+03,2.723756713867187500e+02
1.134629235655069351e+03,2.688294677734375000e+02
1.134629235655069351e+03,2.688294677734375000e+02
1.134679235655814409e+03,2.686512451171875000e+02
1.134729235656559467e+03,2.684695739746093750e+02
1.134779235661029816e+03,2.682824096679687500e+02
1.134829235658049583e+03,2.680891418457031250e+02
1.134829235658049583e+03,2.680891418457031250e+02
1.136093767151236534e+03,2.640153198242187500e+02
1.137358298644423485e+03,2.977604064941406250e+02
1.138622830256819725e+03,3.293132019042968750e+02
1.139887361630797386e+03,3.337220764160156250e+02
1.139887361630797386e+03,3.337220764160156250e+02
1.140087361633777618e+03,3.337816467285156250e+02
1.140087361633777618e+03,3.337816467285156250e+02
1.141087361633777618e+03,3.280512695312500000e+02
1.142087361633777618e+03,3.207638244628906250e+02
1.143087361633777618e+03,3.134600219726562500e+02
1.144087361633777618e+03,3.066107482910156250e+02
1.145087361633777618e+03,3.003225402832031250e+02
1.146087361633777618e+03,2.945811462402343750e+02
1.147087361633777618e+03,2.893361816406250000e+02
1.148087361633777618e+03,2.845305786132812500e+02
1.149087361633777618e+03,2.801103820800781250e+02
1.150087361633777618e+03,2.760277709960937500e+02
1.151087361633777618e+03,2.722413024902343750e+02
1.152087361633777618e+03,2.687153930664062500e+02
1.152087361633777618e+03,2.687153930664062500e+02
1.152137361634522676e+03,2.685383605957031250e+02
1.152187361635267735e+03,2.683583068847656250e+02
1.152237361639738083e+03,2.681733093261718750e+02
1.152287361636757851e+03,2.679825744628906250e+02
1.152287361636757851e+03,2.679825744628906250e+02
1.153540995970368385e+03,2.734364624023437500e+02
1.154794630303978920e+03,2.944811401367187500e+02
1.156048264518380165e+03,3.175789184570312500e+02
1.157301898971199989e+03,3.293438110351562500e+02
1.157301898971199989e+03,3.293438110351562500e+02
1.157501898974180222e+03,3.307904663085937500e+02
1.157501898974180222e+03,3.307904663085937500e+02
1.158501898974180222e+03,3.288214416503906250e+02
1.159501898974180222e+03,3.229013366699218750e+02
1.160501898974180222e+03,3.159027404785156250e+02
1.161501898974180222e+03,3.089713134765625000e+02
1.162501898974180222e+03,3.024866333007812500e+02
1.163501898974180222e+03,2.965344238281250000e+02
1.164501898974180222e+03,2.910968627929687500e+02
1.165501898974180222e+03,2.861245117187500000e+02
1.166501898974180222e+03,2.815625610351562500e+02
1.167501898974180222e+03,2.773598327636718750e+02
1.168501898974180222e+03,2.734712219238281250e+02
1.169501898974180222e+03,2.698579101562500000e+02
1.169501898974180222e+03,2.698579101562500000e+02
1.169551898974925280e+03,2.696767272949218750e+02
1.169601898975670338e+03,2.694928588867187500e+02
1.169651898980140686e+03,2.693045043945312500e+02
1.169701898977160454e+03,2.691108703613281250e+02
1.169701898977160454e+03,2.691108703613281250e+02
1.170974987909197807e+03,2.650395202636718750e+02
1.172248076841235161e+03,2.992256469726562500e+02
1.173521165773272514e+03,3.274220275878906250e+02
1.174794254705309868e+03,3.320623474121093750e+02
1.174794254705309868e+03,3.320623474121093750e+02
1.174994254708290100e+03,3.322395935058593750e+02
1.174994254708290100e+03,3.322395935058593750e+02
1.175994254708290100e+03,3.273229370117187500e+02
1.176994254708290100e+03,3.206262207031250000e+02
1.177994254708290100e+03,3.137019348144531250e+02
1.178994254708290100e+03,3.070916748046875000e+02
1.179994254708290100e+03,3.009547119140625000e+02
1.180994254708290100e+03,2.953096008300781250e+02
1.181994254708290100e+03,2.901255493164062500e+02
1.182994254708290100e+03,2.853574523925781250e+02
1.183994254708290100e+03,2.809589233398437500e+02
1.184994254708290100e+03,2.768869628906250000e+02
1.185994254708290100e+03,2.731034851074218750e+02
1.186994254708290100e+03,2.695751342773437500e+02
1.186994254708290100e+03,2.695751342773437500e+02
1.187044254709035158e+03,2.693982849121093750e+02
1.187094254709780216e+03,2.692190856933593750e+02
1.187144254714250565e+03,2.690357971191406250e+02
1.187194254711270332e+03,2.688475646972656250e+02
1.187194254711270332e+03,2.688475646972656250e+02
1.188459035232663155e+03,2.649634094238281250e+02
1.189723815754055977e+03,2.940283203125000000e+02
1.190988596037030220e+03,3.260877380371093750e+02
1.192253376796841621e+03,3.320341796875000000e+02
1.192253376796841621e+03,3.320341796875000000e+02
1.192453376799821854e+03,3.323381652832031250e+02
1.192453376799821854e+03,3.323381652832031250e+02
1.193453376799821854e+03,3.274287414550781250e+02
1.194453376799821854e+03,3.206713256835937500e+02
1.195453376799821854e+03,3.137177734375000000e+02
1.196453376799821854e+03,3.071053161621093750e+02
1.197453376799821854e+03,3.009793395996093750e+02
1.198453376799821854e+03,2.953497924804687500e+02
1.199453376799821854e+03,2.901819152832031250e+02
1.200453376799821854e+03,2.854288635253906250e+02
1.201453376799821854e+03,2.810436096191406250e+02
1.202453376799821854e+03,2.769831542968750000e+02
1.203453376799821854e+03,2.732093505859375000e+02
1.204453376799821854e+03,2.696890869140625000e+02
1.204453376799821854e+03,2.696890869140625000e+02
1.204503376800566912e+03,2.695127868652343750e+02
1.204553376801311970e+03,2.693344116210937500e+02
1.204603376805782318e+03,2.691523437500000000e+02
1.204653376802802086e+03,2.689656982421875000e+02
1.204653376802802086e+03,2.689656982421875000e+02
1.205915366157889366e+03,2.728524169921875000e+02
1.207177355512976646e+03,2.974295654296875000e+02
1.208439344868063927e+03,3.212604370117187500e+02
1.209701334223151207e+03,3.274208068847656250e+02
1.209701334223151207e+03,3.274208068847656250e+02
1.209901334226131439e+03,3.279555358886718750e+02
1.209901334226131439e+03,3.279555358886718750e+02
1.210901334226131439e+03,3.248137512207031250e+02
1.211901334226131439e+03,3.193072814941406250e+02
1.212901334226131439e+03,3.131093139648437500e+02
1.213901334226131439e+03,3.069365539550781250e+02
1.214901334226131439e+03,3.010656127929687500e+02
1.215901334226131439e+03,2.955839538574218750e+02
1.216901334226131439e+03,2.905006408691406250e+02
1.217901334226131439e+03,2.857940368652343750e+02
1.218901334226131439e+03,2.814319763183593750e+02
1.219901334226131439e+03,2.773804016113281250e+02
1.220901334226131439e+03,2.736067810058593750e+02
1.221901334226131439e+03,2.700813903808593750e+02
1.221901334226131439e+03,2.700813903808593750e+02
1.221951334226876497e+03,2.699049072265625000e+02
1.222001334227621555e+03,2.697266235351562500e+02
1.222051334232091904e+03,2.695449829101562500e+02
1.222101334229111671e+03,2.693591308593750000e+02
1.222101334229111671e+03,2.693591308593750000e+02
1.223357170358300209e+03,2.652993774414062500e+02
1.224613006487488747e+03,2.941496582031250000e+02
1.225868842735886574e+03,3.235171813964843750e+02
1.227124678745865822e+03,3.299682922363281250e+02
1.227124678745865822e+03,3.299682922363281250e+02
1.227324678748846054e+03,3.304199829101562500e+02
1.227324678748846054e+03,3.304199829101562500e+02
1.228324678748846054e+03,3.262952575683593750e+02
1.229324678748846054e+03,3.200795288085937500e+02
1.230324678748846054e+03,3.134730834960937500e+02
1.231324678748846054e+03,3.070863647460937500e+02
1.232324678748846054e+03,3.011128234863281250e+02
1.233324678748846054e+03,2.955897827148437500e+02
1.234324678748846054e+03,2.904979248046875000e+02
1.235324678748846054e+03,2.857997436523437500e+02
1.236324678748846054e+03,2.814541625976562500e+02
1.237324678748846054e+03,2.774220886230468750e+02
1.238324678748846054e+03,2.736682739257812500e+02
1.239324678748846054e+03,2.701615600585937500e+02
1.239324678748846054e+03,2.701615600585937500e+02
1.239374678749591112e+03,2.699861145019531250e+02
1.239424678750336170e+03,2.698090820312500000e+02
1.239474678754806519e+03,2.696290588378906250e+02
1.239524678751826286e+03,2.694450988769531250e+02
1.239524678751826286e+03,2.694450988769531250e+02
1.240797490522265434e+03,2.669644775390625000e+02
1.242070302292704582e+03,2.913687133789062500e+02
1.243343113943934441e+03,3.223822021484375000e+02
1.244615925833582878e+03,3.295716857910156250e+02
1.244615925833582878e+03,3.295716857910156250e+02
1.244815925836563110e+03,3.301093139648437500e+02
1.244815925836563110e+03,3.301093139648437500e+02
1.245815925836563110e+03,3.262642211914062500e+02
1.246815925836563110e+03,3.202387695312500000e+02
1.247815925836563110e+03,3.137507629394531250e+02
1.248815925836563110e+03,3.074315795898437500e+02
1.249815925836563110e+03,3.014935607910156250e+02
1.250815925836563110e+03,2.959873962402343750e+02
1.251815925836563110e+03,2.909019775390625000e+02
1.252815925836563110e+03,2.862045593261718750e+02
1.253815925836563110e+03,2.818566284179687500e+02
1.254815925836563110e+03,2.778205261230468750e+02
1.255815925836563110e+03,2.740617065429687500e+02
1.256815925836563110e+03,2.705494689941406250e+02
1.256815925836563110e+03,2.705494689941406250e+02
1.256865925837308168e+03,2.703738098144531250e+02
1.256915925838053226e+03,2.701968078613281250e+02
1.256965925842523575e+03,2.700170593261718750e+02
1.257015925839543343e+03,2.698337402343750000e+02
1.257015925839543343e+03,2.698337402343750000e+02
1.258280458047986031e+03,2.665003662109375000e+02
1.259544990256428719e+03,2.941653442382812500e+02
1.260809522345662117e+03,3.217742004394531250e+02
1.262074054673314095e+03,3.281326904296875000e+02
1.262074054673314095e+03,3.281326904296875000e+02
1.262274054676294327e+03,3.286083984375000000e+02
1.262274054676294327e+03,3.286083984375000000e+02
1.263274054676294327e+03,3.249396057128906250e+02
1.264274054676294327e+03,3.191912841796875000e+02
1.265274054676294327e+03,3.129697265625000000e+02
1.266274054676294327e+03,3.068743896484375000e+02
1.267274054676294327e+03,3.011135253906250000e+02
1.268274054676294327e+03,2.957434997558593750e+02
1.269274054676294327e+03,2.907613830566406250e+02
1.270274054676294327e+03,2.861419067382812500e+02
1.271274054676294327e+03,2.818528137207031250e+02
1.272274054676294327e+03,2.778612365722656250e+02
1.273274054676294327e+03,2.741362304687500000e+02
1.274274054676294327e+03,2.706497497558593750e+02
1.274274054676294327e+03,2.706497497558593750e+02
1.274324054677039385e+03,2.704754333496093750e+02
1.274374054677784443e+03,2.702999267578125000e+02
1.274424054682254791e+03,2.701219482421875000e+02
1.274474054679274559e+03,2.699406433105468750e+02
1.274474054679274559e+03,2.699406433105468750e+02
1.275738574489951134e+03,2.659234924316406250e+02
1.277003094300627708e+03,2.924201965332031250e+02
1.278267614230513573e+03,3.205990295410156250e+02
1.279532133921980858e+03,3.275609436035156250e+02
1.279532133921980858e+03,3.275609436035156250e+02
1.279732133924961090e+03,3.281241455078125000e+02
1.279732133924961090e+03,3.281241455078125000e+02
1.280732133924961090e+03,3.246171264648437500e+02
1.281732133924961090e+03,3.188969726562500000e+02
1.282732133924961090e+03,3.126669311523437500e+02
1.283732133924961090e+03,3.065657348632812500e+02
1.284732133924961090e+03,3.008111572265625000e+02
1.285732133924961090e+03,2.954581604003906250e+02
1.286732133924961090e+03,2.904999694824218750e+02
1.287732133924961090e+03,2.859077453613281250e+02
1.288732133924961090e+03,2.816467285156250000e+02
1.289732133924961090e+03,2.776824035644531250e+02
1.290732133924961090e+03,2.739829406738281250e+02
1.291732133924961090e+03,2.705198364257812500e+02
1.291732133924961090e+03,2.705198364257812500e+02
1.291782133925706148e+03,2.703467407226562500e+02
1.291832133926451206e+03,2.701726074218750000e+02
1.291882133930921555e+03,2.699963073730468750e+02
1.291932133927941322e+03,2.698169250488281250e+02
1.291932133927941322e+03,2.698169250488281250e+02
1.293185827508568764e+03,2.738900451660156250e+02
1.294439521089196205e+03,2.907996520996093750e+02
1.295693214669823647e+03,3.107458190917968750e+02
1.296946908250451088e+03,3.230025329589843750e+02
1.296946908250451088e+03,3.230025329589843750e+02
1.297146908253431320e+03,3.246490783691406250e+02
1.297146908253431320e+03,3.246490783691406250e+02
1.298146908253431320e+03,3.246285705566406250e+02
1.299146908253431320e+03,3.203898925781250000e+02
1.300146908253431320e+03,3.146208801269531250e+02
1.301146908253431320e+03,3.085598144531250000e+02
1.302146908253431320e+03,3.026953735351562500e+02
1.303146908253431320e+03,2.971922607421875000e+02
1.304146908253431320e+03,2.920846557617187500e+02
1.305146908253431320e+03,2.873573303222656250e+02
1.306146908253431320e+03,2.829783020019531250e+02
1.307146908253431320e+03,2.789121704101562500e+02
1.308146908253431320e+03,2.751249694824218750e+02
1.309146908253431320e+03,2.715859985351562500e+02
1.309146908253431320e+03,2.715859985351562500e+02
1.309196908254176378e+03,2.714092407226562500e+02
1.309246908254921436e+03,2.712316589355468750e+02
1.309296908259391785e+03,2.710521850585937500e+02
1.309346908256411552e+03,2.708699035644531250e+02
1.309346908256411552e+03,2.708699035644531250e+02
1.310620008632540703e+03,2.668960266113281250e+02
1.311893109008669853e+03,2.934283752441406250e+02
1.313166209146380424e+03,3.192397460937500000e+02
1.314439309760928154e+03,3.262066955566406250e+02
1.314439309760928154e+03,3.262066955566406250e+02
1.314639309763908386e+03,3.268276672363281250e+02
1.314639309763908386e+03,3.268276672363281250e+02
1.315639309763908386e+03,3.239275207519531250e+02
1.316639309763908386e+03,3.187083129882812500e+02
1.317639309763908386e+03,3.128280639648437500e+02
1.318639309763908386e+03,3.069609680175781250e+02
1.319639309763908386e+03,3.013619079589843750e+02
1.320639309763908386e+03,2.961122436523437500e+02
1.321639309763908386e+03,2.912224426269531250e+02
1.322639309763908386e+03,2.866748352050781250e+02
1.323639309763908386e+03,2.824419250488281250e+02
1.324639309763908386e+03,2.784940795898437500e+02
1.325639309763908386e+03,2.748028259277343750e+02
1.326639309763908386e+03,2.713419189453125000e+02
1.326639309763908386e+03,2.713419189453125000e+02
1.326689309764653444e+03,2.711690673828125000e+02
1.326739309765398502e+03,2.709955749511718750e+02
1.326789309769868851e+03,2.708203430175781250e+02
1.326839309766888618e+03,2.706425476074218750e+02
1.326839309766888618e+03,2.706425476074218750e+02
1.328104132011532784e+03,2.667819519042968750e+02
1.329368954256176949e+03,2.896699829101562500e+02
1.330633776500821114e+03,3.177809753417968750e+02
1.331898598745465279e+03,3.258630065917968750e+02
1.331898598745465279e+03,3.258630065917968750e+02
1.332098598748445511e+03,3.266156616210937500e+02
1.332098598748445511e+03,3.266156616210937500e+02
1.333098598748445511e+03,3.238374633789062500e+02
1.334098598748445511e+03,3.186233825683593750e+02
1.335098598748445511e+03,3.127433471679687500e+02
1.336098598748445511e+03,3.068873291015625000e+02
1.337098598748445511e+03,3.013067016601562500e+02
1.338098598748445511e+03,2.960783386230468750e+02
1.339098598748445511e+03,2.912099609375000000e+02
1.340098598748445511e+03,2.866825256347656250e+02
1.341098598748445511e+03,2.824679565429687500e+02
1.342098598748445511e+03,2.785363769531250000e+02
1.343098598748445511e+03,2.748593139648437500e+02
1.344098598748445511e+03,2.714107055664062500e+02
1.344098598748445511e+03,2.714107055664062500e+02
1.344148598749190569e+03,2.712385253906250000e+02
1.344198598749935627e+03,2.710657653808593750e+02
1.344248598754405975e+03,2.708915100097656250e+02
1.344298598751425743e+03,2.707149353027343750e+02
1.344298598751425743e+03,2.707149353027343750e+02
1.345560606107115746e+03,2.754723815917968750e+02
1.346822613462805748e+03,2.937733154296875000e+02
1.348084620937705040e+03,3.123494262695312500e+02
1.349346628174185753e+03,3.205205078125000000e+02
1.349346628174185753e+03,3.205205078125000000e+02
1.349546628177165985e+03,3.215238342285156250e+02
1.349546628177165985e+03,3.215238342285156250e+02
1.350546628177165985e+03,3.208346557617187500e+02
1.351546628177165985e+03,3.171071777343750000e+02
1.352546628177165985e+03,3.121140136718750000e+02
1.353546628177165985e+03,3.067631225585937500e+02
1.354546628177165985e+03,3.014677124023437500e+02
1.355546628177165985e+03,2.963994750976562500e+02
1.356546628177165985e+03,2.916189575195312500e+02
1.357546628177165985e+03,2.871368408203125000e+02
1.358546628177165985e+03,2.829421997070312500e+02
1.359546628177165985e+03,2.790153808593750000e+02
1.360546628177165985e+03,2.753340148925781250e+02
1.361546628177165985e+03,2.718758239746093750e+02
1.361546628177165985e+03,2.718758239746093750e+02
1.361596628177911043e+03,2.717031860351562500e+02
1.361646628178656101e+03,2.715300598144531250e+02
1.361696628183126450e+03,2.713556213378906250e+02
1.361746628180146217e+03,2.711790466308593750e+02
1.361746628180146217e+03,2.711790466308593750e+02
1.363002760782837868e+03,2.672031555175781250e+02
1.364258893385529518e+03,2.896906433105468750e+02
1.365515025988221169e+03,3.156818542480468750e+02
1.366771158590912819e+03,3.240086059570312500e+02
1.366771158590912819e+03,3.240086059570312500e+02
1.366971158593893051e+03,3.248591918945312500e+02
1.366971158593893051e+03,3.248591918945312500e+02
1.367971158593893051e+03,3.227256469726562500e+02
1.368971158593893051e+03,3.180007324218750000e+02
1.369971158593893051e+03,3.124533691406250000e+02
1.370971158593893051e+03,3.068222045898437500e+02
1.371971158593893051e+03,3.013970336914062500e+02
1.372971158593893051e+03,2.962789611816406250e+02
1.373971158593893051e+03,2.914903259277343750e+02
1.374971158593893051e+03,2.870211486816406250e+02
1.375971158593893051e+03,2.828493041992187500e+02
1.376971158593893051e+03,2.789489440917968750e+02
1.377971158593893051e+03,2.752944641113281250e+02
1.378971158593893051e+03,2.718617858886718750e+02
1.378971158593893051e+03,2.718617858886718750e+02
1.379021158594638109e+03,2.716904602050781250e+02
1.379071158595383167e+03,2.715187683105468750e+02
1.379121158599853516e+03,2.713458862304687500e+02
1.379171158596873283e+03,2.711710815429687500e+02
1.379171158596873283e+03,2.711710815429687500e+02
1.380443974420428276e+03,2.680225524902343750e+02
1.381716790243983269e+03,2.876824645996093750e+02
1.382989606186747551e+03,3.148049011230468750e+02
1.384262421891093254e+03,3.236682434082031250e+02
1.384262421891093254e+03,3.236682434082031250e+02
1.384462421894073486e+03,3.245736999511718750e+02
1.384462421894073486e+03,3.245736999511718750e+02
1.385462421894073486e+03,3.225997314453125000e+02
1.386462421894073486e+03,3.179976501464843750e+02
1.387462421894073486e+03,3.125437622070312500e+02
1.388462421894073486e+03,3.069787292480468750e+02
1.389462421894073486e+03,3.015980529785156250e+02
1.390462421894073486e+03,2.965092163085937500e+02
1.391462421894073486e+03,2.917397155761718750e+02
1.392462421894073486e+03,2.872831726074218750e+02
1.393462421894073486e+03,2.831196594238281250e+02
1.394462421894073486e+03,2.792247619628906250e+02
1.395462421894073486e+03,2.755736694335937500e+02
1.396462421894073486e+03,2.721429138183593750e+02
1.396462421894073486e+03,2.721429138183593750e+02
1.396512421894818544e+03,2.719716796875000000e+02
1.396562421895563602e+03,2.718002014160156250e+02
1.396612421900033951e+03,2.716276550292968750e+02
1.396662421897053719e+03,2.714533691406250000e+02
1.396662421897053719e+03,2.714533691406250000e+02
1.397926884844899178e+03,2.683895874023437500e+02
1.399191347792744637e+03,2.895856933593750000e+02
1.400455810979008675e+03,3.140964050292968750e+02
1.401720273688435555e+03,3.222015075683593750e+02
1.401720273688435555e+03,3.222015075683593750e+02
1.401920273691415787e+03,3.230460815429687500e+02
1.401920273691415787e+03,3.230460815429687500e+02
1.402920273691415787e+03,3.212774963378906250e+02
1.403920273691415787e+03,3.169873962402343750e+02
1.404920273691415787e+03,3.118194580078125000e+02
1.405920273691415787e+03,3.064838256835937500e+02
1.406920273691415787e+03,3.012779235839843750e+02
1.407920273691415787e+03,2.963194580078125000e+02
1.408920273691415787e+03,2.916463623046875000e+02
1.409920273691415787e+03,2.872610473632812500e+02
1.410920273691415787e+03,2.831501770019531250e+02
1.411920273691415787e+03,2.792943420410156250e+02
1.412920273691415787e+03,2.756722717285156250e+02
1.413920273691415787e+03,2.722631530761718750e+02
1.413920273691415787e+03,2.722631530761718750e+02
1.413970273692160845e+03,2.720930175781250000e+02
1.414020273692905903e+03,2.719226989746093750e+02
1.414070273697376251e+03,2.717514343261718750e+02
1.414120273694396019e+03,2.715785827636718750e+02
1.414120273694396019e+03,2.715785827636718750e+02
1.415384792909026146e+03,2.676413269042968750e+02
1.416649312123656273e+03,2.883232727050781250e+02
1.417913831099867821e+03,3.131046447753906250e+02
1.419178350552916527e+03,3.216637573242187500e+02
1.419178350552916527e+03,3.216637573242187500e+02
1.419378350555896759e+03,3.225787658691406250e+02
1.419378350555896759e+03,3.225787658691406250e+02
1.420378350555896759e+03,3.209433898925781250e+02
1.421378350555896759e+03,3.166614379882812500e+02
1.422378350555896759e+03,3.114676818847656250e+02
1.423378350555896759e+03,3.061128234863281250e+02
1.424378350555896759e+03,3.009042968750000000e+02
1.425378350555896759e+03,2.959578247070312500e+02
1.426378350555896759e+03,2.913065490722656250e+02
1.427378350555896759e+03,2.869483947753906250e+02
1.428378350555896759e+03,2.828668823242187500e+02
1.429378350555896759e+03,2.790404663085937500e+02
1.430378350555896759e+03,2.754465942382812500e+02
1.431378350555896759e+03,2.720637817382812500e+02
1.431378350555896759e+03,2.720637817382812500e+02
1.431428350556641817e+03,2.718949890136718750e+02
1.431478350557386875e+03,2.717260742187500000e+02
1.431528350561857224e+03,2.715563964843750000e+02
1.431578350558876991e+03,2.713852844238281250e+02
1.431578350558876991e+03,2.713852844238281250e+02
1.432831991806626320e+03,2.734980163574218750e+02
1.434085633054375648e+03,2.872261962890625000e+02
1.435339274421334267e+03,3.061463317871093750e+02
1.436592915549874306e+03,3.178438415527343750e+02
1.436592915549874306e+03,3.178438415527343750e+02
1.436792915552854538e+03,3.194506225585937500e+02
1.436792915552854538e+03,3.194506225585937500e+02
1.437792915552854538e+03,3.204663085937500000e+02
1.438792915552854538e+03,3.174822387695312500e+02
1.439792915552854538e+03,3.127866516113281250e+02
1.440792915552854538e+03,3.075597839355468750e+02
1.441792915552854538e+03,3.023278198242187500e+02
1.442792915552854538e+03,2.973038330078125000e+02
1.443792915552854538e+03,2.925614929199218750e+02
1.444792915552854538e+03,2.881146240234375000e+02
1.445792915552854538e+03,2.839521789550781250e+02
1.446792915552854538e+03,2.800537719726562500e+02
1.447792915552854538e+03,2.763964538574218750e+02
1.448792915552854538e+03,2.729577636718750000e+02
1.448792915552854538e+03,2.729577636718750000e+02
1.448842915553599596e+03,2.727862243652343750e+02
1.448892915554344654e+03,2.726146545410156250e+02
1.448942915558815002e+03,2.724424438476562500e+02
1.448992915555834770e+03,2.722690124511718750e+02
1.448992915555834770e+03,2.722690124511718750e+02
1.450266038581728935e+03,2.684421997070312500e+02
1.451539161607623100e+03,2.889855957031250000e+02
1.452812284871935844e+03,3.120155334472656250e+02
1.454085407659411430e+03,3.204430847167968750e+02
1.454085407659411430e+03,3.204430847167968750e+02
1.454285407662391663e+03,3.213769226074218750e+02
1.454285407662391663e+03,3.213769226074218750e+02
1.455285407662391663e+03,3.201899719238281250e+02
1.456285407662391663e+03,3.163315734863281250e+02
1.457285407662391663e+03,3.114584045410156250e+02
1.458285407662391663e+03,3.063310241699218750e+02
1.459285407662391663e+03,3.012809143066406250e+02
1.460285407662391663e+03,2.964442749023437500e+02
1.461285407662391663e+03,2.918689880371093750e+02
1.462285407662391663e+03,2.875631713867187500e+02
1.463285407662391663e+03,2.835171813964843750e+02
1.464285407662391663e+03,2.797141723632812500e+02
1.465285407662391663e+03,2.761349792480468750e+02
1.466285407662391663e+03,2.727603759765625000e+02
1.466285407662391663e+03,2.727603759765625000e+02
1.466335407663136721e+03,2.725920410156250000e+02
1.466385407663881779e+03,2.724236755371093750e+02
1.466435407668352127e+03,2.722547607421875000e+02
1.466485407665371895e+03,2.720847167968750000e+02
1.466485407665371895e+03,2.720847167968750000e+02
1.467750227525830269e+03,2.682678833007812500e+02
1.469015047386288643e+03,2.862589111328125000e+02
1.470279867246747017e+03,3.105368957519531250e+02
1.471544687107205391e+03,3.198551635742187500e+02
1.471544687107205391e+03,3.198551635742187500e+02
1.471744687110185623e+03,3.209109497070312500e+02
1.471744687110185623e+03,3.209109497070312500e+02
1.472744687110185623e+03,3.199208374023437500e+02
1.473744687110185623e+03,3.161235351562500000e+02
1.474744687110185623e+03,3.112793273925781250e+02
1.475744687110185623e+03,3.061764221191406250e+02
1.476744687110185623e+03,3.011513366699218750e+02
1.477744687110185623e+03,2.963399047851562500e+02
1.478744687110185623e+03,2.917890625000000000e+02
1.479744687110185623e+03,2.875061035156250000e+02
1.480744687110185623e+03,2.834810485839843750e+02
1.481744687110185623e+03,2.796969299316406250e+02
1.482744687110185623e+03,2.761344909667968750e+02
1.483744687110185623e+03,2.727745971679687500e+02
1.483744687110185623e+03,2.727745971679687500e+02
1.483794687110930681e+03,2.726069946289062500e+02
1.483844687111675739e+03,2.724394226074218750e+02
1.483894687116146088e+03,2.722714233398437500e+02
1.483944687113165855e+03,2.721023864746093750e+02
1.483944687113165855e+03,2.721023864746093750e+02
1.485206710800528526e+03,2.764375000000000000e+02
1.486468734487891197e+03,2.905762329101562500e+02
1.487730758413672447e+03,3.053912048339843750e+02
1.488992781862616539e+03,3.143669738769531250e+02
1.488992781862616539e+03,3.143669738769531250e+02
1.489192781865596771e+03,3.156067810058593750e+02
1.489192781865596771e+03,3.156067810058593750e+02
1.490192781865596771e+03,3.166680297851562500e+02
1.491192781865596771e+03,3.144315490722656250e+02
1.492192781865596771e+03,3.105535583496093750e+02
1.493192781865596771e+03,3.060131225585937500e+02
1.494192781865596771e+03,3.013093261718750000e+02
1.495192781865596771e+03,2.966791381835937500e+02
1.496192781865596771e+03,2.922277221679687500e+02
1.497192781865596771e+03,2.879959106445312500e+02
1.498192781865596771e+03,2.839931640625000000e+02
1.499192781865596771e+03,2.802141418457031250e+02
1.500192781865596771e+03,2.766466369628906250e+02
1.501192781865596771e+03,2.732758483886718750e+02
1.501192781865596771e+03,2.732758483886718750e+02
1.501242781866341829e+03,2.731076965332031250e+02
1.501292781867086887e+03,2.729396057128906250e+02
1.501342781871557236e+03,2.727711486816406250e+02
1.501392781868577003e+03,2.726017761230468750e+02
1.501392781868577003e+03,2.726017761230468750e+02
1.502648891225457191e+03,2.687322998046875000e+02
1.503905000582337379e+03,2.860918884277343750e+02
1.505161110058426857e+03,3.088212890625000000e+02
1.506417219296097755e+03,3.182299804687500000e+02
1.506417219296097755e+03,3.182299804687500000e+02
1.506617219299077988e+03,3.193470764160156250e+02
1.506617219299077988e+03,3.193470764160156250e+02
1.507617219299077988e+03,3.188563537597656250e+02
1.508617219299077988e+03,3.154775695800781250e+02
1.509617219299077988e+03,3.109379272460937500e+02
1.510617219299077988e+03,3.060507507324218750e+02
1.511617219299077988e+03,3.011795654296875000e+02
1.512617219299077988e+03,2.964796752929687500e+02
1.513617219299077988e+03,2.920107421875000000e+02
1.514617219299077988e+03,2.877885437011718750e+02
1.515617219299077988e+03,2.838087768554687500e+02
1.516617219299077988e+03,2.800584106445312500e+02
1.517617219299077988e+03,2.765209960937500000e+02
1.518617219299077988e+03,2.731795043945312500e+02
1.518617219299077988e+03,2.731795043945312500e+02
1.518667219299823046e+03,2.730128173828125000e+02
1.518717219300568104e+03,2.728462524414062500e+02
1.518767219305038452e+03,2.726793823242187500e+02
1.518817219302058220e+03,2.725117187500000000e+02
1.518817219302058220e+03,2.725117187500000000e+02
1.520090067431330681e+03,2.691522521972656250e+02
1.521362915560603142e+03,2.848078918457031250e+02
1.522635763689875603e+03,3.081269226074218750e+02
1.523908611819148064e+03,3.178683166503906250e+02
1.523908611819148064e+03,3.178683166503906250e+02
1.524108611822128296e+03,3.190141296386718750e+02
1.524108611822128296e+03,3.190141296386718750e+02
1.525108611822128296e+03,3.186160583496093750e+02
1.526108611822128296e+03,3.153219299316406250e+02
1.527108611822128296e+03,3.108587646484375000e+02
1.528108611822128296e+03,3.060347595214843750e+02
1.529108611822128296e+03,3.012129211425781250e+02
1.530108611822128296e+03,2.965507202148437500e+02
1.531108611822128296e+03,2.921107177734375000e+02
1.532108611822128296e+03,2.879109802246093750e+02
1.533108611822128296e+03,2.839489135742187500e+02
1.534108611822128296e+03,2.802126770019531250e+02
1.535108611822128296e+03,2.766866149902343750e+02
1.536108611822128296e+03,2.733542480468750000e+02
1.536108611822128296e+03,2.733542480468750000e+02
1.536158611822873354e+03,2.731880187988281250e+02
1.536208611823618412e+03,2.730219421386718750e+02
1.536258611828088760e+03,2.728556518554687500e+02
1.536308611825108528e+03,2.726886291503906250e+02
1.536308611825108528e+03,2.726886291503906250e+02
1.537573140814900398e+03,2.701028137207031250e+02
1.538837669804692268e+03,2.862915344238281250e+02
1.540102198794484138e+03,3.073280334472656250e+02
1.541366727784276009e+03,3.163055725097656250e+02
1.541366727784276009e+03,3.163055725097656250e+02
1.541566727787256241e+03,3.173846435546875000e+02
1.541566727787256241e+03,3.173846435546875000e+02
1.542566727787256241e+03,3.172120971679687500e+02
1.543566727787256241e+03,3.142734069824218750e+02
1.544566727787256241e+03,3.101318664550781250e+02
1.545566727787256241e+03,3.055587463378906250e+02
1.546566727787256241e+03,3.009221191406250000e+02
1.547566727787256241e+03,2.963938293457031250e+02
1.548566727787256241e+03,2.920500183105468750e+02
1.549566727787256241e+03,2.879193725585937500e+02
1.550566727787256241e+03,2.840070495605468750e+02
1.551566727787256241e+03,2.803066406250000000e+02
1.552566727787256241e+03,2.768065185546875000e+02
1.553566727787256241e+03,2.734928588867187500e+02
1.553566727787256241e+03,2.734928588867187500e+02
1.553616727788001299e+03,2.733275756835937500e+02
1.553666727788746357e+03,2.731624450683593750e+02
1.553716727793216705e+03,2.729971313476562500e+02
1.553766727790236473e+03,2.728311767578125000e+02
1.553766727790236473e+03,2.728311767578125000e+02
1.555031316503882408e+03,2.689952697753906250e+02
1.556295905217528343e+03,2.849914855957031250e+02
1.557560494050383568e+03,3.065614624023437500e+02
1.558825082644820213e+03,3.159813842773437500e+02
1.558825082644820213e+03,3.159813842773437500e+02
1.559025082647800446e+03,3.171229858398437500e+02
1.559025082647800446e+03,3.171229858398437500e+02
1.560025082647800446e+03,3.170087585449218750e+02
1.561025082647800446e+03,3.140124511718750000e+02
1.562025082647800446e+03,3.097975769042968750e+02
1.563025082647800446e+03,3.051734619140625000e+02
1.564025082647800446e+03,3.005137634277343750e+02
1.565025082647800446e+03,2.959847412109375000e+02
1.566025082647800446e+03,2.916551208496093750e+02
1.567025082647800446e+03,2.875474243164062500e+02
1.568025082647800446e+03,2.836624450683593750e+02
1.569025082647800446e+03,2.799909667968750000e+02
1.570025082647800446e+03,2.765194702148437500e+02
1.571025082647800446e+03,2.732331848144531250e+02
1.571025082647800446e+03,2.732331848144531250e+02
1.571075082648545504e+03,2.730692749023437500e+02
1.571125082649290562e+03,2.729055480957031250e+02
1.571175082653760910e+03,2.727416687011718750e+02
1.571225082650780678e+03,2.725772705078125000e+02
1.571225082650780678e+03,2.725772705078125000e+02
1.572478752151131630e+03,2.727738342285156250e+02
1.573732421651482582e+03,2.839414978027343750e+02
1.574986091151833534e+03,3.019015808105468750e+02
1.576239760652184486e+03,3.130620117187500000e+02
1.576239760652184486e+03,3.130620117187500000e+02
1.576439760655164719e+03,3.146090698242187500e+02
1.576439760655164719e+03,3.146090698242187500e+02
1.577439760655164719e+03,3.163108825683593750e+02
1.578439760655164719e+03,3.143375244140625000e+02
1.579439760655164719e+03,3.105933837890625000e+02
1.580439760655164719e+03,3.061489562988281250e+02
1.581439760655164719e+03,3.015317382812500000e+02
1.582439760655164719e+03,2.969850463867187500e+02
1.583439760655164719e+03,2.926137695312500000e+02
1.584439760655164719e+03,2.884570007324218750e+02
1.585439760655164719e+03,2.845227050781250000e+02
1.586439760655164719e+03,2.808046569824218750e+02
1.587439760655164719e+03,2.772904052734375000e+02
1.588439760655164719e+03,2.739652404785156250e+02
1.588439760655164719e+03,2.739652404785156250e+02
1.588489760655909777e+03,2.737993774414062500e+02
1.588539760656654835e+03,2.736337585449218750e+02
1.588589760661125183e+03,2.734680786132812500e+02
1.588639760658144951e+03,2.733019409179687500e+02
1.588639760658144951e+03,2.733019409179687500e+02
1.589912887498736382e+03,2.696360778808593750e+02
1.591186014339327812e+03,2.853677062988281250e+02
1.592459141179919243e+03,3.056170959472656250e+02
1.593732268020510674e+03,3.148415527343750000e+02
1.593732268020510674e+03,3.148415527343750000e+02
1.593932268023490906e+03,3.159787292480468750e+02
1.593932268023490906e+03,3.159787292480468750e+02
1.594932268023490906e+03,3.161916503906250000e+02
1.595932268023490906e+03,3.135528564453125000e+02
1.596932268023490906e+03,3.096316223144531250e+02
1.597932268023490906e+03,3.052280578613281250e+02
1.598932268023490906e+03,3.007287292480468750e+02
1.599932268023490906e+03,2.963150024414062500e+02
1.600932268023490906e+03,2.920679321289062500e+02
1.601932268023490906e+03,2.880192260742187500e+02
1.602932268023490906e+03,2.841762084960937500e+02
1.603932268023490906e+03,2.805342407226562500e+02
1.604932268023490906e+03,2.770831298828125000e+02
1.605932268023490906e+03,2.738103637695312500e+02
1.605932268023490906e+03,2.738103637695312500e+02
1.605982268024235964e+03,2.736471252441406250e+02
1.606032268024981022e+03,2.734841308593750000e+02
1.606082268029451370e+03,2.733211059570312500e+02
1.606132268026471138e+03,2.731576843261718750e+02
1.606132268026471138e+03,2.731576843261718750e+02
1.607397088244557381e+03,2.694179382324218750e+02
1.608661908462643623e+03,2.833993835449218750e+02
1.609926728561520576e+03,3.042274780273437500e+02
1.611191548898816109e+03,3.141114807128906250e+02
1.611191548898816109e+03,3.141114807128906250e+02
1.611391548901796341e+03,3.153507690429687500e+02
1.611391548901796341e+03,3.153507690429687500e+02
1.612391548901796341e+03,3.157901916503906250e+02
1.613391548901796341e+03,3.132482910156250000e+02
1.614391548901796341e+03,3.093770446777343750e+02
1.615391548901796341e+03,3.050081787109375000e+02
1.616391548901796341e+03,3.005386962890625000e+02
1.617391548901796341e+03,2.961527709960937500e+02
1.618391548901796341e+03,2.919319763183593750e+02
1.619391548901796341e+03,2.879078369140625000e+02
1.620391548901796341e+03,2.840874938964843750e+02
1.621391548901796341e+03,2.804661865234375000e+02
1.622391548901796341e+03,2.770336914062500000e+02
1.623391548901796341e+03,2.737775573730468750e+02
1.623391548901796341e+03,2.737775573730468750e+02
1.623441548902541399e+03,2.736151428222656250e+02
1.623491548903286457e+03,2.734530029296875000e+02
1.623541548907756805e+03,2.732908630371093750e+02
1.623591548904776573e+03,2.731283874511718750e+02
1.623591548904776573e+03,2.731283874511718750e+02
1.624853570327162743e+03,2.762793579101562500e+02
1.626115591749548912e+03,2.874765319824218750e+02
1.627377613291144371e+03,2.999765319824218750e+02
1.628639634594321251e+03,3.090261840820312500e+02
1.628639634594321251e+03,3.090261840820312500e+02
1.628839634597301483e+03,3.103426208496093750e+02
1.628839634597301483e+03,3.103426208496093750e+02
1.629839634597301483e+03,3.125182800292968750e+02
1.630839634597301483e+03,3.114421081542968750e+02
1.631839634597301483e+03,3.085357971191406250e+02
1.632839634597301483e+03,3.047547912597656250e+02
1.633839634597301483e+03,3.006342163085937500e+02
1.634839634597301483e+03,2.964526062011718750e+02
1.635839634597301483e+03,2.923489990234375000e+02
1.636839634597301483e+03,2.883892211914062500e+02
1.637839634597301483e+03,2.846008605957031250e+02
1.638839634597301483e+03,2.809916687011718750e+02
1.639839634597301483e+03,2.775592346191406250e+02
1.640839634597301483e+03,2.742958679199218750e+02
1.640839634597301483e+03,2.742958679199218750e+02
1.640889634598046541e+03,2.741330871582031250e+02
1.640939634598791599e+03,2.739705505371093750e+02
1.640989634603261948e+03,2.738080444335937500e+02
1.641039634600281715e+03,2.736452941894531250e+02
1.641039634600281715e+03,2.736452941894531250e+02
1.642295828953385353e+03,2.698999328613281250e+02
1.643552023306488991e+03,2.831986694335937500e+02
1.644808217659592628e+03,3.028223876953125000e+02
1.646064412012696266e+03,3.126921386718750000e+02
1.646064412012696266e+03,3.126921386718750000e+02
1.646264412015676498e+03,3.139676513671875000e+02
1.646264412015676498e+03,3.139676513671875000e+02
1.647264412015676498e+03,3.147914428710937500e+02
1.648264412015676498e+03,3.126037597656250000e+02
1.649264412015676498e+03,3.090071105957031250e+02
1.650264412015676498e+03,3.048415527343750000e+02
1.651264412015676498e+03,3.005217895507812500e+02
1.652264412015676498e+03,2.962469177246093750e+02
1.653264412015676498e+03,2.921092529296875000e+02
1.654264412015676498e+03,2.881477966308593750e+02
1.655264412015676498e+03,2.843749694824218750e+02
1.656264412015676498e+03,2.807897949218750000e+02
1.657264412015676498e+03,2.773847045898437500e+02
1.658264412015676498e+03,2.741492919921875000e+02
1.658264412015676498e+03,2.741492919921875000e+02
1.658314412016421556e+03,2.739879150390625000e+02
1.658364412017166615e+03,2.738268127441406250e+02
1.658414412021636963e+03,2.736657714843750000e+02
1.658464412018656731e+03,2.735045166015625000e+02
1.658464412018656731e+03,2.735045166015625000e+02
1.659737231180071831e+03,2.700651245117187500e+02
1.661010050341486931e+03,2.822907104492187500e+02
1.662282869622111320e+03,3.022363891601562500e+02
1.663555688664317131e+03,3.123292846679687500e+02
1.663555688664317131e+03,3.123292846679687500e+02
1.663755688667297363e+03,3.136193542480468750e+02
1.663755688667297363e+03,3.136193542480468750e+02
1.664755688667297363e+03,3.144983825683593750e+02
1.665755688667297363e+03,3.123682861328125000e+02
1.666755688667297363e+03,3.088298645019531250e+02
1.667755688667297363e+03,3.047175292968750000e+02
1.668755688667297363e+03,3.004432983398437500e+02
1.669755688667297363e+03,2.962064514160156250e+02
1.670755688667297363e+03,2.921003112792968750e+02
1.671755688667297363e+03,2.881652221679687500e+02
1.672755688667297363e+03,2.844146118164062500e+02
1.673755688667297363e+03,2.808482360839843750e+02
1.674755688667297363e+03,2.774591979980468750e+02
1.675755688667297363e+03,2.742374267578125000e+02
1.675755688667297363e+03,2.742374267578125000e+02
1.675805688668042421e+03,2.740767211914062500e+02
1.675855688668787479e+03,2.739163208007812500e+02
1.675905688673257828e+03,2.737559814453125000e+02
1.675955688670277596e+03,2.735954895019531250e+02
1.675955688670277596e+03,2.735954895019531250e+02
1.677220186904072762e+03,2.714690856933593750e+02
1.678484685137867928e+03,2.836511840820312500e+02
1.679749183371663094e+03,3.013215942382812500e+02
1.681013681605458260e+03,3.106037292480468750e+02
1.681013681605458260e+03,3.106037292480468750e+02
1.681213681608438492e+03,3.118201293945312500e+02
1.681213681608438492e+03,3.118201293945312500e+02
1.682213681608438492e+03,3.129562683105468750e+02
1.683213681608438492e+03,3.112369384765625000e+02
1.684213681608438492e+03,3.080682678222656250e+02
1.685213681608438492e+03,3.042399291992187500e+02
1.686213681608438492e+03,3.001711120605468750e+02
1.687213681608438492e+03,2.960791931152343750e+02
1.688213681608438492e+03,2.920744628906250000e+02
1.689213681608438492e+03,2.882100830078125000e+02
1.690213681608438492e+03,2.845086975097656250e+02
1.691213681608438492e+03,2.809765625000000000e+02
1.692213681608438492e+03,2.776112060546875000e+02
1.693213681608438492e+03,2.744057312011718750e+02
1.693213681608438492e+03,2.744057312011718750e+02
1.693263681609183550e+03,2.742458190917968750e+02
1.693313681609928608e+03,2.740862121582031250e+02
1.693363681614398956e+03,2.739266967773437500e+02
1.693413681611418724e+03,2.737670288085937500e+02
1.693413681611418724e+03,2.737670288085937500e+02
1.694677939519286156e+03,2.700447998046875000e+02
1.695942197427153587e+03,2.822745971679687500e+02
1.697206455335021019e+03,3.008307189941406250e+02
1.698470713242888451e+03,3.105769042968750000e+02
1.698470713242888451e+03,3.105769042968750000e+02
1.698670713245868683e+03,3.118508605957031250e+02
1.698670713245868683e+03,3.118508605957031250e+02
1.699670713245868683e+03,3.129494018554687500e+02
1.700670713245868683e+03,3.110834045410156250e+02
1.701670713245868683e+03,3.077770385742187500e+02
1.702670713245868683e+03,3.038552551269531250e+02
1.703670713245868683e+03,2.997364196777343750e+02
1.704670713245868683e+03,2.956271362304687500e+02
1.705670713245868683e+03,2.916267089843750000e+02
1.706670713245868683e+03,2.877797851562500000e+02
1.707670713245868683e+03,2.841031188964843750e+02
1.708670713245868683e+03,2.805990905761718750e+02
1.709670713245868683e+03,2.772628173828125000e+02
1.710670713245868683e+03,2.740859375000000000e+02
1.710670713245868683e+03,2.740859375000000000e+02
1.710720713246613741e+03,2.739274597167968750e+02
1.710770713247358799e+03,2.737692565917968750e+02
1.710820713251829147e+03,2.736112060546875000e+02
1.710870713248848915e+03,2.734530334472656250e+02
1.710870713248848915e+03,2.734530334472656250e+02
1.712124392166733742e+03,2.720355834960937500e+02
1.713378071084618568e+03,2.812054443359375000e+02
1.714631749883294106e+03,2.978134155273437500e+02
1.715885428920388222e+03,3.084433288574218750e+02
1.715885428920388222e+03,3.084433288574218750e+02
1.716085428923368454e+03,3.099340209960937500e+02
1.716085428923368454e+03,3.099340209960937500e+02
1.717085428923368454e+03,3.121700134277343750e+02
1.718085428923368454e+03,3.110507202148437500e+02
1.719085428923368454e+03,3.081532897949218750e+02
1.720085428923368454e+03,3.044321289062500000e+02
1.721085428923368454e+03,3.003998718261718750e+02
1.722085428923368454e+03,2.963181762695312500e+02
1.723085428923368454e+03,2.923157958984375000e+02
1.724085428923368454e+03,2.884528503417968750e+02
1.725085428923368454e+03,2.847540588378906250e+02
1.726085428923368454e+03,2.812257995605468750e+02
1.727085428923368454e+03,2.778652038574218750e+02
1.728085428923368454e+03,2.746648254394531250e+02
1.728085428923368454e+03,2.746648254394531250e+02
1.728135428924113512e+03,2.745051879882812500e+02
1.728185428924858570e+03,2.743458557128906250e+02
1.728235428929328918e+03,2.741866760253906250e+02
1.728285428926348686e+03,2.740274963378906250e+02
1.728285428926348686e+03,2.740274963378906250e+02
1.729558541223406792e+03,2.705211181640625000e+02
1.730831653520464897e+03,2.824928894042968750e+02
1.732104765817523003e+03,2.999822692871093750e+02
1.733377878114581108e+03,3.094643554687500000e+02
1.733377878114581108e+03,3.094643554687500000e+02
1.733577878117561340e+03,3.107138977050781250e+02
1.733577878117561340e+03,3.107138977050781250e+02
1.734577878117561340e+03,3.120420837402343750e+02
1.735577878117561340e+03,3.104834594726562500e+02
1.736577878117561340e+03,3.074537048339843750e+02
1.737577878117561340e+03,3.037516784667968750e+02
1.738577878117561340e+03,2.997988586425781250e+02
1.739577878117561340e+03,2.958124694824218750e+02
1.740577878117561340e+03,2.919023132324218750e+02
1.741577878117561340e+03,2.881215820312500000e+02
1.742577878117561340e+03,2.844934387207031250e+02
1.743577878117561340e+03,2.810248718261718750e+02
1.744577878117561340e+03,2.777143554687500000e+02
1.745577878117561340e+03,2.745559692382812500e+02
1.745577878117561340e+03,2.745559692382812500e+02
1.745627878118306398e+03,2.743984069824218750e+02
1.745677878119051456e+03,2.742411499023437500e+02
1.745727878123521805e+03,2.740840454101562500e+02
1.745777878120541573e+03,2.739269409179687500e+02
1.745777878120541573e+03,2.739269409179687500e+02
1.747042682722210884e+03,2.702844543457031250e+02
1.748307487323880196e+03,2.809823913574218750e+02
1.749572291687130928e+03,2.987365722656250000e+02
1.750837096527218819e+03,3.087197570800781250e+02
1.750837096527218819e+03,3.087197570800781250e+02
1.751037096530199051e+03,3.100543518066406250e+02
1.751037096530199051e+03,3.100543518066406250e+02
1.752037096530199051e+03,3.116020812988281250e+02
1.753037096530199051e+03,3.101433715820312500e+02
1.754037096530199051e+03,3.071624145507812500e+02
1.755037096530199051e+03,3.034912414550781250e+02
1.756037096530199051e+03,2.995643005371093750e+02
1.757037096530199051e+03,2.956028442382812500e+02
1.758037096530199051e+03,2.917173461914062500e+02
1.759037096530199051e+03,2.879607238769531250e+02
1.760037096530199051e+03,2.843555908203125000e+02
1.761037096530199051e+03,2.809086608886718750e+02
1.762037096530199051e+03,2.776181335449218750e+02
1.763037096530199051e+03,2.744779357910156250e+02
1.763037096530199051e+03,2.744779357910156250e+02
1.763087096530944109e+03,2.743212890625000000e+02
1.763137096531689167e+03,2.741649169921875000e+02
1.763187096536159515e+03,2.740087585449218750e+02
1.763237096533179283e+03,2.738526306152343750e+02
1.763237096533179283e+03,2.738526306152343750e+02
1.764499067172408104e+03,2.757940063476562500e+02
1.765761037811636925e+03,2.847275085449218750e+02
1.767023008331656456e+03,2.956547851562500000e+02
1.768284979090094566e+03,3.043584289550781250e+02
1.768284979090094566e+03,3.043584289550781250e+02
1.768484979093074799e+03,3.056570434570312500e+02
1.768484979093074799e+03,3.056570434570312500e+02
1.769484979093074799e+03,3.084789428710937500e+02
1.770484979093074799e+03,3.082736816406250000e+02
1.771484979093074799e+03,3.061871337890625000e+02
1.772484979093074799e+03,3.030927429199218750e+02
1.773484979093074799e+03,2.995245971679687500e+02
1.774484979093074799e+03,2.957830200195312500e+02
1.775484979093074799e+03,2.920304565429687500e+02
1.776484979093074799e+03,2.883523559570312500e+02
1.777484979093074799e+03,2.847915039062500000e+02
1.778484979093074799e+03,2.813672180175781250e+02
1.779484979093074799e+03,2.780856323242187500e+02
1.780484979093074799e+03,2.749458312988281250e+02
1.780484979093074799e+03,2.749458312988281250e+02
1.780534979093819857e+03,2.747891845703125000e+02
1.780584979094564915e+03,2.746328125000000000e+02
1.780634979099035263e+03,2.744766540527343750e+02
1.780684979096055031e+03,2.743204956054687500e+02
1.780684979096055031e+03,2.743204956054687500e+02
1.781941186204552650e+03,2.707098693847656250e+02
1.783197393313050270e+03,2.807611999511718750e+02
1.784453600302338600e+03,2.975295104980468750e+02
1.785709807530045509e+03,3.074157104492187500e+02
1.785709807530045509e+03,3.074157104492187500e+02
1.785909807533025742e+03,3.087672119140625000e+02
1.785909807533025742e+03,3.087672119140625000e+02
1.786909807533025742e+03,3.106088867187500000e+02
1.787909807533025742e+03,3.094541931152343750e+02
1.788909807533025742e+03,3.067261047363281250e+02
1.789909807533025742e+03,3.032511901855468750e+02
1.790909807533025742e+03,2.994735107421875000e+02
1.791909807533025742e+03,2.956253051757812500e+02
1.792909807533025742e+03,2.918260498046875000e+02
1.793909807533025742e+03,2.881354675292968750e+02
1.794909807533025742e+03,2.845812377929687500e+02
1.795909807533025742e+03,2.811736450195312500e+02
1.796909807533025742e+03,2.779136047363281250e+02
1.797909807533025742e+03,2.747970581054687500e+02
1.797909807533025742e+03,2.747970581054687500e+02
1.797959807533770800e+03,2.746415710449218750e+02
1.798009807534515858e+03,2.744863891601562500e+02
1.798059807538986206e+03,2.743314208984375000e+02
1.798109807536005974e+03,2.741764831542968750e+02
1.798109807536005974e+03,2.741764831542968750e+02
1.799382633253931999e+03,2.707367858886718750e+02
1.800655458971858025e+03,2.801153564453125000e+02
1.801928284689784050e+03,2.970362854003906250e+02
1.803201110407710075e+03,3.070645141601562500e+02
1.803201110407710075e+03,3.070645141601562500e+02
1.803401110410690308e+03,3.084200744628906250e+02
1.803401110410690308e+03,3.084200744628906250e+02
1.804401110410690308e+03,3.102955017089843750e+02
1.805401110410690308e+03,3.091846313476562500e+02
1.806401110410690308e+03,3.065040893554687500e+02
1.807401110410690308e+03,3.030747375488281250e+02
1.808401110410690308e+03,2.993378601074218750e+02
1.809401110410690308e+03,2.955251770019531250e+02
1.810401110410690308e+03,2.917566833496093750e+02
1.811401110410690308e+03,2.880928039550781250e+02
1.812401110410690308e+03,2.845617980957031250e+02
1.813401110410690308e+03,2.811744995117187500e+02
1.814401110410690308e+03,2.779322204589843750e+02
1.815401110410690308e+03,2.748311767578125000e+02
1.815401110410690308e+03,2.748311767578125000e+02
1.815451110411435366e+03,2.746764831542968750e+02
1.815501110412180424e+03,2.745220642089843750e+02
1.815551110416650772e+03,2.743678588867187500e+02
1.815601110413670540e+03,2.742137451171875000e+02
1.815601110413670540e+03,2.742137451171875000e+02
1.816865633323788643e+03,2.727544555664062500e+02
1.818130156233906746e+03,2.817812194824218750e+02
1.819394679263234138e+03,2.960317687988281250e+02
1.820659202054142952e+03,3.051000061035156250e+02
1.820659202054142952e+03,3.051000061035156250e+02
1.820859202057123184e+03,3.063672180175781250e+02
1.820859202057123184e+03,3.063672180175781250e+02
1.821859202057123184e+03,3.085543823242187500e+02
1.822859202057123184e+03,3.079315185546875000e+02
1.823859202057123184e+03,3.056816711425781250e+02
1.824859202057123184e+03,3.025766296386718750e+02
1.825859202057123184e+03,2.990697937011718750e+02
1.826859202057123184e+03,2.954164428710937500e+02
1.827859202057123184e+03,2.917572631835937500e+02
1.828859202057123184e+03,2.881680297851562500e+02
1.829859202057123184e+03,2.846878051757812500e+02
1.830859202057123184e+03,2.813348388671875000e+02
1.831859202057123184e+03,2.781155090332031250e+02
1.832859202057123184e+03,2.750296020507812500e+02
1.832859202057123184e+03,2.750296020507812500e+02
1.832909202057868242e+03,2.748756408691406250e+02
1.832959202058613300e+03,2.747219543457031250e+02
1.833009202063083649e+03,2.745684509277343750e+02
1.833059202060103416e+03,2.744150695800781250e+02
1.833059202060103416e+03,2.744150695800781250e+02
1.833690225228667259e+03,2.724675903320312500e+02
1.834321248397231102e+03,2.705858154296875000e+02
1.834952271565794945e+03,2.695017395019531250e+02
1.835462894782423973e+03,2.720538940429687500e+02
1.835463152989745140e+03,2.720551757812500000e+02
1.835473140582442284e+03,2.721064758300781250e+02
1.835473486766219139e+03,2.721082458496093750e+02
1.835483381375670433e+03,2.721604919433593750e+02
1.835483704909682274e+03,2.721622009277343750e+02
1.835493753299117088e+03,2.722166748046875000e+02
1.835493899449706078e+03,2.722174682617187500e+02
1.836124922618269920e+03,2.826141357421875000e+02
1.836755945786833763e+03,2.939295349121093750e+02
1.837386968955397606e+03,3.023794555664062500e+02
1.838017991885542870e+03,3.074476623535156250e+02
1.838107387408614159e+03,3.080975952148437500e+02
1.838107387408614159e+03,3.080975952148437500e+02
1.838307387411594391e+03,3.092337951660156250e+02
1.838307387411594391e+03,3.092337951660156250e+02
1.839307387411594391e+03,3.102767333984375000e+02
1.840307387411594391e+03,3.088004150390625000e+02
1.841307387411594391e+03,3.060155944824218750e+02
1.842307387411594391e+03,3.025946960449218750e+02
1.843307387411594391e+03,2.989071350097656250e+02
1.844307387411594391e+03,2.951542053222656250e+02
1.845307387411594391e+03,2.914440612792968750e+02
1.846307387411594391e+03,2.878331298828125000e+02
1.847307387411594391e+03,2.843487548828125000e+02
1.848307387411594391e+03,2.810020141601562500e+02
1.849307387411594391e+03,2.777948303222656250e+02
1.850307387411594391e+03,2.747241821289062500e+02
1.850307387411594391e+03,2.747241821289062500e+02
1.850357387412339449e+03,2.745709838867187500e+02
1.850407387413084507e+03,2.744180603027343750e+02
1.850457387417554855e+03,2.742653503417968750e+02
1.850507387414574623e+03,2.741127624511718750e+02
1.850507387414574623e+03,2.741127624511718750e+02
1.851134220495820045e+03,2.722125854492187500e+02
1.851761053577065468e+03,2.708125000000000000e+02
1.852387886539101601e+03,2.714600524902343750e+02
1.852886535659432411e+03,2.742795104980468750e+02
1.852886663928627968e+03,2.742802124023437500e+02
1.852912066236138344e+03,2.744300842285156250e+02
1.852912373557686806e+03,2.744318847656250000e+02
1.852937285676598549e+03,2.745850219726562500e+02
1.852937608972191811e+03,2.745870056152343750e+02
1.852962130323052406e+03,2.747438964843750000e+02
1.852962345615029335e+03,2.747452697753906250e+02
1.853589178577065468e+03,2.824634399414062500e+02
1.854216011777520180e+03,2.916682128906250000e+02
1.854842844739556313e+03,2.997160339355468750e+02
1.855469677701592445e+03,3.053468627929687500e+02
1.855522052064538002e+03,3.057997131347656250e+02
1.855522052064538002e+03,3.057997131347656250e+02
1.855722052067518234e+03,3.072568359375000000e+02
1.855722052067518234e+03,3.072568359375000000e+02
1.856722052067518234e+03,3.095217895507812500e+02
1.857722052067518234e+03,3.087593688964843750e+02
1.858722052067518234e+03,3.063496704101562500e+02
1.859722052067518234e+03,3.031140136718750000e+02
1.860722052067518234e+03,2.995116882324218750e+02
1.861722052067518234e+03,2.957922668457031250e+02
1.862722052067518234e+03,2.920890502929687500e+02
1.863722052067518234e+03,2.884713745117187500e+02
1.864722052067518234e+03,2.849733276367187500e+02
1.865722052067518234e+03,2.816095886230468750e+02
1.866722052067518234e+03,2.783839721679687500e+02
1.867722052067518234e+03,2.752945556640625000e+02
1.867722052067518234e+03,2.752945556640625000e+02
1.867772052068263292e+03,2.751404113769531250e+02
1.867822052069008350e+03,2.749865722656250000e+02
1.867872052073478699e+03,2.748329772949218750e+02
1.867922052070498466e+03,2.746795043945312500e+02
1.867922052070498466e+03,2.746795043945312500e+02
1.868558611020445824e+03,2.727211914062500000e+02
1.869195169970393181e+03,2.709051208496093750e+02
1.869831728860735893e+03,2.706315307617187500e+02
1.870331141874194145e+03,2.734791564941406250e+02
1.870331389829516411e+03,2.734805603027343750e+02
1.870346155092120171e+03,2.735675659179687500e+02
1.870346394225955009e+03,2.735689697265625000e+02
1.870982952997088432e+03,2.827885742187500000e+02
1.871619512006640434e+03,2.929256286621093750e+02
1.872256070777773857e+03,3.008370666503906250e+02
1.872775823280215263e+03,3.052938232421875000e+02
1.872776080295443535e+03,3.052960510253906250e+02
1.873014523670077324e+03,3.069228210449218750e+02
1.873014523670077324e+03,3.069228210449218750e+02
1.873214523673057556e+03,3.080149841308593750e+02
1.873214523673057556e+03,3.080149841308593750e+02
1.874214523673057556e+03,3.093150024414062500e+02
1.875214523673057556e+03,3.081821289062500000e+02
1.876214523673057556e+03,3.056936340332031250e+02
1.877214523673057556e+03,3.024994506835937500e+02
1.878214523673057556e+03,2.989787902832031250e+02
1.879214523673057556e+03,2.953474426269531250e+02
1.880214523673057556e+03,2.917257385253906250e+02
1.881214523673057556e+03,2.881791687011718750e+02
1.882214523673057556e+03,2.847415161132812500e+02
1.883214523673057556e+03,2.814284973144531250e+02
1.884214523673057556e+03,2.782454223632812500e+02
1.885214523673057556e+03,2.751915588378906250e+02
1.885214523673057556e+03,2.751915588378906250e+02
1.885264523673802614e+03,2.750391845703125000e+02
1.885314523674547672e+03,2.748871154785156250e+02
1.885364523679018021e+03,2.747352600097656250e+02
1.885414523676037788e+03,2.745835571289062500e+02
1.885414523676037788e+03,2.745835571289062500e+02
1.886679356053471565e+03,2.710363464355468750e+02
1.887944188430905342e+03,2.790976562500000000e+02
1.889209020689129829e+03,2.940761718750000000e+02
1.890473853185772896e+03,3.037805175781250000e+02
1.890473853185772896e+03,3.037805175781250000e+02
1.890673853188753128e+03,3.051375427246093750e+02
1.890673853188753128e+03,3.051375427246093750e+02
1.891673853188753128e+03,3.074957580566406250e+02
1.892673853188753128e+03,3.069436340332031250e+02
1.893673853188753128e+03,3.047583923339843750e+02
1.894673853188753128e+03,3.017359619140625000e+02
1.895673853188753128e+03,2.983270263671875000e+02
1.896673853188753128e+03,2.947785949707031250e+02
1.897673853188753128e+03,2.912243041992187500e+02
1.898673853188753128e+03,2.877353820800781250e+02
1.899673853188753128e+03,2.843482666015625000e+02
1.900673853188753128e+03,2.810800476074218750e+02
1.901673853188753128e+03,2.779368591308593750e+02
1.902673853188753128e+03,2.749186096191406250e+02
1.902673853188753128e+03,2.749186096191406250e+02
1.902723853189498186e+03,2.747680053710937500e+02
1.902773853190243244e+03,2.746177062988281250e+02
1.902823853194713593e+03,2.744676208496093750e+02
1.902873853191733360e+03,2.743176574707031250e+02
1.902873853191733360e+03,2.743176574707031250e+02
1.904138327702879906e+03,2.744006347656250000e+02
1.905402802214026451e+03,2.804647521972656250e+02
1.906667276844382286e+03,2.903089294433593750e+02
1.907931751236319542e+03,2.999838562011718750e+02
1.907931751236319542e+03,2.999838562011718750e+02
1.908131751239299774e+03,3.014809570312500000e+02
1.908131751239299774e+03,3.014809570312500000e+02
1.909131751239299774e+03,3.054159545898437500e+02
1.910131751239299774e+03,3.060699768066406250e+02
1.911131751239299774e+03,3.045918579101562500e+02
1.912131751239299774e+03,3.019356689453125000e+02
1.913131751239299774e+03,2.987002258300781250e+02
1.914131751239299774e+03,2.952247314453125000e+02
1.915131751239299774e+03,2.916932373046875000e+02
1.916131751239299774e+03,2.882030334472656250e+02
1.917131751239299774e+03,2.848038940429687500e+02
1.918131751239299774e+03,2.815194091796875000e+02
1.919131751239299774e+03,2.783589172363281250e+02
1.920131751239299774e+03,2.753238220214843750e+02
1.920131751239299774e+03,2.753238220214843750e+02
1.920181751240044832e+03,2.751723937988281250e+02
1.920231751240789890e+03,2.750212402343750000e+02
1.920281751245260239e+03,2.748703308105468750e+02
1.920331751242280006e+03,2.747195739746093750e+02
1.920331751242280006e+03,2.747195739746093750e+02
1.921587907209992409e+03,2.712344970703125000e+02
1.922844063177704811e+03,2.787120056152343750e+02
1.924100219383835793e+03,2.928678588867187500e+02
1.925356375113129616e+03,3.024252624511718750e+02
1.925356375113129616e+03,3.024252624511718750e+02
1.925556375116109848e+03,3.037864379882812500e+02
1.925556375116109848e+03,3.037864379882812500e+02
1.926556375116109848e+03,3.063705139160156250e+02
1.927556375116109848e+03,3.060833435058593750e+02
1.928556375116109848e+03,3.041354980468750000e+02
1.929556375116109848e+03,3.013073120117187500e+02
1.930556375116109848e+03,2.980520324707031250e+02
1.931556375116109848e+03,2.946239624023437500e+02
1.932556375116109848e+03,2.911639404296875000e+02
1.933556375116109848e+03,2.877491760253906250e+02
1.934556375116109848e+03,2.844208068847656250e+02
1.935556375116109848e+03,2.811994323730468750e+02
1.936556375116109848e+03,2.780938720703125000e+02
1.937556375116109848e+03,2.751060180664062500e+02
1.937556375116109848e+03,2.751060180664062500e+02
1.937606375116854906e+03,2.749569091796875000e+02
1.937656375117599964e+03,2.748080749511718750e+02
1.937706375122070312e+03,2.746594848632812500e+02
1.937756375119090080e+03,2.745110473632812500e+02
1.937756375119090080e+03,2.745110473632812500e+02
1.939029210135340691e+03,2.711275634765625000e+02
1.940302045151591301e+03,2.782839965820312500e+02
1.941574880167841911e+03,2.924739990234375000e+02
1.942847715184092522e+03,3.020883178710937500e+02
1.942847715184092522e+03,3.020883178710937500e+02
1.943047715187072754e+03,3.034419250488281250e+02
1.943047715187072754e+03,3.034419250488281250e+02
1.944047715187072754e+03,3.060358886718750000e+02
1.945047715187072754e+03,3.057807312011718750e+02
1.946047715187072754e+03,3.038725585937500000e+02
1.947047715187072754e+03,3.010843505859375000e+02
1.948047715187072754e+03,2.978664245605468750e+02
1.949047715187072754e+03,2.944722290039062500e+02
1.950047715187072754e+03,2.910426635742187500e+02
1.951047715187072754e+03,2.876551818847656250e+02
1.952047715187072754e+03,2.843512573242187500e+02
1.953047715187072754e+03,2.811517639160156250e+02
1.954047715187072754e+03,2.780657348632812500e+02
1.955047715187072754e+03,2.750952758789062500e+02
1.955047715187072754e+03,2.750952758789062500e+02
1.955097715187817812e+03,2.749470520019531250e+02
1.955147715188562870e+03,2.747990722656250000e+02
1.955197715193033218e+03,2.746513366699218750e+02
1.955247715190052986e+03,2.745037536621093750e+02
1.955247715190052986e+03,2.745037536621093750e+02
1.956512146785855293e+03,2.735701599121093750e+02
1.957776578381657600e+03,2.801855163574218750e+02
1.959041009858250618e+03,2.913339233398437500e+02
1.960305441573262215e+03,2.998634033203125000e+02
1.960305441573262215e+03,2.998634033203125000e+02
1.960505441576242447e+03,3.011175231933593750e+02
1.960505441576242447e+03,3.011175231933593750e+02
1.961505441576242447e+03,3.040928649902343750e+02
1.962505441576242447e+03,3.044152526855468750e+02
1.963505441576242447e+03,3.030076293945312500e+02
1.964505441576242447e+03,3.005898132324218750e+02
1.965505441576242447e+03,2.976297912597656250e+02
1.966505441576242447e+03,2.944106750488281250e+02
1.967505441576242447e+03,2.910985412597656250e+02
1.968505441576242447e+03,2.877890930175781250e+02
1.969505441576242447e+03,2.845365295410156250e+02
1.970505441576242447e+03,2.813703002929687500e+02
1.971505441576242447e+03,2.783052368164062500e+02
1.972505441576242447e+03,2.753474731445312500e+02
1.972505441576242447e+03,2.753474731445312500e+02
1.972555441576987505e+03,2.751998596191406250e+02
1.972605441577732563e+03,2.750524597167968750e+02
1.972655441582202911e+03,2.749053344726562500e+02
1.972705441579222679e+03,2.747583312988281250e+02
1.972705441579222679e+03,2.747583312988281250e+02
1.973967383727431297e+03,2.712960510253906250e+02
1.975229325875639915e+03,2.780951232910156250e+02
1.976491268023848534e+03,2.914095764160156250e+02
1.977753210172057152e+03,3.007071228027343750e+02
1.977753210172057152e+03,3.007071228027343750e+02
1.977953210175037384e+03,3.020383300781250000e+02
1.977953210175037384e+03,3.020383300781250000e+02
1.978953210175037384e+03,3.047399902343750000e+02
1.979953210175037384e+03,3.046616516113281250e+02
1.980953210175037384e+03,3.029310913085937500e+02
1.981953210175037384e+03,3.003003234863281250e+02
1.982953210175037384e+03,2.972164611816406250e+02
1.983953210175037384e+03,2.939350891113281250e+02
1.984953210175037384e+03,2.906002807617187500e+02
1.985953210175037384e+03,2.872926025390625000e+02
1.986953210175037384e+03,2.840560913085937500e+02
1.987953210175037384e+03,2.809138183593750000e+02
1.988953210175037384e+03,2.778765258789062500e+02
1.989953210175037384e+03,2.749478454589843750e+02
1.989953210175037384e+03,2.749478454589843750e+02
1.990003210175782442e+03,2.748016967773437500e+02
1.990053210176527500e+03,2.746557922363281250e+02
1.990103210180997849e+03,2.745101013183593750e+02
1.990153210178017616e+03,2.743645935058593750e+02
1.990153210178017616e+03,2.743645935058593750e+02
1.991406880393624306e+03,2.716513977050781250e+02
1.992660550609230995e+03,2.770861511230468750e+02
1.993914220824837685e+03,2.898534851074218750e+02
1.995167891040444374e+03,2.994449157714843750e+02
1.995167891040444374e+03,2.994449157714843750e+02
1.995367891043424606e+03,3.008500061035156250e+02
1.995367891043424606e+03,3.008500061035156250e+02
1.996367891043424606e+03,3.039976806640625000e+02
1.997367891043424606e+03,3.042873840332031250e+02
1.998367891043424606e+03,3.028176269531250000e+02
1.999367891043424606e+03,3.003580017089843750e+02
2.000367891043424606e+03,2.973818054199218750e+02
2.001367891043424606e+03,2.941663513183593750e+02
2.002367891043424606e+03,2.908710021972656250e+02
2.003367891043424606e+03,2.875861816406250000e+02
2.004367891043424606e+03,2.843622131347656250e+02
2.005367891043424606e+03,2.812260437011718750e+02
2.006367891043424606e+03,2.781907958984375000e+02
2.007367891043424606e+03,2.752615966796875000e+02
2.007367891043424606e+03,2.752615966796875000e+02
2.007417891044169664e+03,2.751153869628906250e+02
2.007467891044914722e+03,2.749694519042968750e+02
2.007517891049385071e+03,2.748237304687500000e+02
2.007567891046404839e+03,2.746781921386718750e+02
2.007567891046404839e+03,2.746781921386718750e+02
2.008841031596064568e+03,2.715524902343750000e+02
2.010114172145724297e+03,2.781771545410156250e+02
2.011387312576174736e+03,2.907281494140625000e+02
2.012660453245043755e+03,2.996641540527343750e+02
2.012660453245043755e+03,2.996641540527343750e+02
2.012860453248023987e+03,3.009420471191406250e+02
2.012860453248023987e+03,3.009420471191406250e+02
2.013860453248023987e+03,3.037107238769531250e+02
2.014860453248023987e+03,3.038430786132812500e+02
2.015860453248023987e+03,3.023480529785156250e+02
2.016860453248023987e+03,2.999273376464843750e+02
2.017860453248023987e+03,2.970146179199218750e+02
2.018860453248023987e+03,2.938671569824218750e+02
2.019860453248023987e+03,2.906353759765625000e+02
2.020860453248023987e+03,2.874065246582031250e+02
2.021860453248023987e+03,2.842304382324218750e+02
2.022860453248023987e+03,2.811346740722656250e+02
2.023860453248023987e+03,2.781333312988281250e+02
2.024860453248023987e+03,2.752325439453125000e+02
2.024860453248023987e+03,2.752325439453125000e+02
2.024910453248769045e+03,2.750877380371093750e+02
2.024960453249514103e+03,2.749432067871093750e+02
2.025010453253984451e+03,2.747988586425781250e+02
2.025060453251004219e+03,2.746547241210937500e+02
2.025060453251004219e+03,2.746547241210937500e+02
2.026325267985463142e+03,2.712552795410156250e+02
2.027590082719922066e+03,2.772262268066406250e+02
2.028854897573590279e+03,2.897922058105468750e+02
2.030119712188839912e+03,2.990086975097656250e+02
2.030119712188839912e+03,2.990086975097656250e+02
2.030319712191820145e+03,3.003423156738281250e+02
2.030319712191820145e+03,3.003423156738281250e+02
2.031319712191820145e+03,3.032850341796875000e+02
2.032319712191820145e+03,3.034984436035156250e+02
2.033319712191820145e+03,3.020359497070312500e+02
2.034319712191820145e+03,2.996303710937500000e+02
2.035319712191820145e+03,2.967300109863281250e+02
2.036319712191820145e+03,2.935971984863281250e+02
2.037319712191820145e+03,2.903830871582031250e+02
2.038319712191820145e+03,2.871740722656250000e+02
2.039319712191820145e+03,2.840188903808593750e+02
2.040319712191820145e+03,2.809441223144531250e+02
2.041319712191820145e+03,2.779632568359375000e+02
2.042319712191820145e+03,2.750819091796875000e+02
2.042319712191820145e+03,2.750819091796875000e+02
2.042369712192565203e+03,2.749380798339843750e+02
2.042419712193310261e+03,2.747945251464843750e+02
2.042469712197780609e+03,2.746511535644531250e+02
2.042519712194800377e+03,2.745079650878906250e+02
2.042519712194800377e+03,2.745079650878906250e+02
2.043784145221114159e+03,2.740614013671875000e+02
2.045048578247427940e+03,2.786959228515625000e+02
2.046313011392951012e+03,2.869758300781250000e+02
2.047577444300055504e+03,2.957484741210937500e+02
2.047577444300055504e+03,2.957484741210937500e+02
2.047777444303035736e+03,2.971272583007812500e+02
2.047777444303035736e+03,2.971272583007812500e+02
2.048777444303035736e+03,3.012714233398437500e+02
2.049777444303035736e+03,3.025318298339843750e+02
2.050777444303035736e+03,3.017380981445312500e+02
2.051777444303035736e+03,2.997062072753906250e+02
2.052777444303035736e+03,2.969983520507812500e+02
2.053777444303035736e+03,2.939569396972656250e+02
2.054777444303035736e+03,2.907803649902343750e+02
2.055777444303035736e+03,2.875810546875000000e+02
2.056777444303035736e+03,2.844217224121093750e+02
2.057777444303035736e+03,2.813363037109375000e+02
2.058777444303035736e+03,2.783452148437500000e+02
2.059777444303035736e+03,2.754530944824218750e+02
2.059777444303035736e+03,2.754530944824218750e+02
2.059827444303780794e+03,2.753085937500000000e+02
2.059877444304525852e+03,2.751643371582031250e+02
2.059927444308996201e+03,2.750203247070312500e+02
2.059977444306015968e+03,2.748764648437500000e+02
2.059977444306015968e+03,2.748764648437500000e+02
2.061233642593026161e+03,2.715447387695312500e+02
2.062489840880036354e+03,2.770163574218750000e+02
2.063746039286255836e+03,2.888424987792968750e+02
2.065002237454056740e+03,2.978391418457031250e+02
2.065002237454056740e+03,2.978391418457031250e+02
2.065202237457036972e+03,2.991615295410156250e+02
2.065202237457036972e+03,2.991615295410156250e+02
2.066202237457036972e+03,3.022532348632812500e+02
2.067202237457036972e+03,3.026804809570312500e+02
2.068202237457036972e+03,3.014266052246093750e+02
2.069202237457036972e+03,2.991999816894531250e+02
2.070202237457036972e+03,2.964452209472656250e+02
2.071202237457036972e+03,2.934282836914062500e+02
2.072202237457036972e+03,2.903056640625000000e+02
2.073202237457036972e+03,2.871689147949218750e+02
2.074202237457036972e+03,2.840710449218750000e+02
2.075202237457036972e+03,2.810419616699218750e+02
2.076202237457036972e+03,2.780977172851562500e+02
2.077202237457036972e+03,2.752459716796875000e+02
2.077202237457036972e+03,2.752459716796875000e+02
2.077252237457782030e+03,2.751036071777343750e+02
2.077302237458527088e+03,2.749614868164062500e+02
2.077352237462997437e+03,2.748195800781250000e+02
2.077402237460017204e+03,2.746778259277343750e+02
2.077402237460017204e+03,2.746778259277343750e+02
2.078675067350268364e+03,2.713848571777343750e+02
2.079947897240519524e+03,2.766753845214843750e+02
2.081220727011561394e+03,2.885174560546875000e+02
2.082493557021021843e+03,2.975473937988281250e+02
2.082493557021021843e+03,2.975473937988281250e+02
2.082693557024002075e+03,2.988590087890625000e+02
2.082693557024002075e+03,2.988590087890625000e+02
2.083693557024002075e+03,3.019444580078125000e+02
2.084693557024002075e+03,3.023894348144531250e+02
2.085693557024002075e+03,3.011629943847656250e+02
2.086693557024002075e+03,2.989666442871093750e+02
2.087693557024002075e+03,2.962420959472656250e+02
2.088693557024002075e+03,2.932541198730468750e+02
2.089693557024002075e+03,2.901587829589843750e+02
2.090693557024002075e+03,2.870474243164062500e+02
2.091693557024002075e+03,2.839730224609375000e+02
2.092693557024002075e+03,2.809654541015625000e+02
2.093693557024002075e+03,2.780408325195312500e+02
2.094693557024002075e+03,2.752068786621093750e+02
2.094693557024002075e+03,2.752068786621093750e+02
2.094743557024747133e+03,2.750653991699218750e+02
2.094793557025492191e+03,2.749241638183593750e+02
2.094843557029962540e+03,2.747831115722656250e+02
2.094893557026982307e+03,2.746422424316406250e+02
2.094893557026982307e+03,2.746422424316406250e+02
2.096158082321286201e+03,2.739849243164062500e+02
2.097422607615590096e+03,2.788799438476562500e+02
2.098687132790684700e+03,2.874175720214843750e+02
2.099951658204197884e+03,2.951472778320312500e+02
2.099951658204197884e+03,2.951472778320312500e+02
2.100151658207178116e+03,2.963293151855468750e+02
2.100151658207178116e+03,2.963293151855468750e+02
2.101151658207178116e+03,2.997932434082031250e+02
2.102151658207178116e+03,3.008734741210937500e+02
2.103151658207178116e+03,3.002097778320312500e+02
2.104151658207178116e+03,2.984324340820312500e+02
2.105151658207178116e+03,2.959996643066406250e+02
2.106151658207178116e+03,2.932090454101562500e+02
2.107151658207178116e+03,2.902453002929687500e+02
2.108151658207178116e+03,2.872207031250000000e+02
2.109151658207178116e+03,2.842026977539062500e+02
2.110151658207178116e+03,2.812310791015625000e+02
2.111151658207178116e+03,2.783285522460937500e+02
2.112151658207178116e+03,2.755100708007812500e+02
2.112151658207178116e+03,2.755100708007812500e+02
2.112201658207923174e+03,2.753692321777343750e+02
2.112251658208668232e+03,2.752286071777343750e+02
2.112301658213138580e+03,2.750881347656250000e+02
2.112351658210158348e+03,2.749478454589843750e+02
2.112351658210158348e+03,2.749478454589843750e+02
2.113613620743155479e+03,2.716261901855468750e+02
2.114875583276152611e+03,2.765604858398437500e+02
2.116137545928359032e+03,2.876678466796875000e+02
2.117399508342146873e+03,2.963738708496093750e+02
2.117399508342146873e+03,2.963738708496093750e+02
2.117599508345127106e+03,2.976575927734375000e+02
2.117599508345127106e+03,2.976575927734375000e+02
2.118599508345127106e+03,3.007963867187500000e+02
2.119599508345127106e+03,3.013723449707031250e+02
2.120599508345127106e+03,3.002921142578125000e+02
2.121599508345127106e+03,2.982328796386718750e+02
2.122599508345127106e+03,2.956292114257812500e+02
2.123599508345127106e+03,2.927452087402343750e+02
2.124599508345127106e+03,2.897385559082031250e+02
2.125599508345127106e+03,2.867026672363281250e+02
2.126599508345127106e+03,2.836925354003906250e+02
2.127599508345127106e+03,2.807398376464843750e+02
2.128599508345127106e+03,2.778623046875000000e+02
2.129599508345127106e+03,2.750688171386718750e+02
2.129599508345127106e+03,2.750688171386718750e+02
2.129649508345872164e+03,2.749293518066406250e+02
2.129699508346617222e+03,2.747901000976562500e+02
2.129749508351087570e+03,2.746510314941406250e+02
2.129799508348107338e+03,2.745121459960937500e+02
2.129799508348107338e+03,2.745121459960937500e+02
2.131053177610039711e+03,2.716123657226562500e+02
2.132306846871972084e+03,2.755670776367187500e+02
2.133560516133904457e+03,2.863384399414062500e+02
2.134814185395836830e+03,2.952710571289062500e+02
2.134814185395836830e+03,2.952710571289062500e+02
2.135014185398817062e+03,2.966110534667968750e+02
2.135014185398817062e+03,2.966110534667968750e+02
2.136014185398817062e+03,3.000741271972656250e+02
2.137014185398817062e+03,3.009265441894531250e+02
2.138014185398817062e+03,3.000548400878906250e+02
2.139014185398817062e+03,2.981432495117187500e+02
2.140014185398817062e+03,2.956407165527343750e+02
2.141014185398817062e+03,2.928249816894531250e+02
2.142014185398817062e+03,2.898641967773437500e+02
2.143014185398817062e+03,2.868591613769531250e+02
2.144014185398817062e+03,2.838699035644531250e+02
2.145014185398817062e+03,2.809313964843750000e+02
2.146014185398817062e+03,2.780634460449218750e+02
2.147014185398817062e+03,2.752791137695312500e+02
2.147014185398817062e+03,2.752791137695312500e+02
2.147064185399562120e+03,2.751399841308593750e+02
2.147114185400307178e+03,2.750010375976562500e+02
2.147164185404777527e+03,2.748623046875000000e+02
2.147214185401797295e+03,2.747237243652343750e+02
2.147214185401797295e+03,2.747237243652343750e+02
2.148487322136759758e+03,2.717760925292968750e+02
2.149760458871722221e+03,2.765684204101562500e+02
2.151033595725893974e+03,2.869865417480468750e+02
2.152306732341647148e+03,2.953113403320312500e+02
2.152306732341647148e+03,2.953113403320312500e+02
2.152506732344627380e+03,2.965360717773437500e+02
2.152506732344627380e+03,2.965360717773437500e+02
2.153506732344627380e+03,2.996981201171875000e+02
2.154506732344627380e+03,3.004566650390625000e+02
2.155506732344627380e+03,2.996004028320312500e+02
2.156506732344627380e+03,2.977498474121093750e+02
2.157506732344627380e+03,2.953208312988281250e+02
2.158506732344627380e+03,2.925760803222656250e+02
2.159506732344627380e+03,2.896781005859375000e+02
2.160506732344627380e+03,2.867263793945312500e+02
2.161506732344627380e+03,2.837814636230468750e+02
2.162506732344627380e+03,2.808795776367187500e+02
2.163506732344627380e+03,2.780417480468750000e+02
2.164506732344627380e+03,2.752822265625000000e+02
2.164506732344627380e+03,2.752822265625000000e+02
2.164556732345372438e+03,2.751443176269531250e+02
2.164606732346117496e+03,2.750065917968750000e+02
2.164656732350587845e+03,2.748690795898437500e+02
2.164706732347607613e+03,2.747316894531250000e+02
2.164706732347607613e+03,2.747316894531250000e+02
2.165971518829464912e+03,2.714675598144531250e+02
2.167236305311322212e+03,2.757730407714843750e+02
2.168501091554760933e+03,2.862004699707031250e+02
2.169765878275036812e+03,2.947500915527343750e+02
2.169765878275036812e+03,2.947500915527343750e+02
2.169965878278017044e+03,2.960212402343750000e+02
2.169965878278017044e+03,2.960212402343750000e+02
2.170965878278017044e+03,2.993271484375000000e+02
2.171965878278017044e+03,3.001446838378906250e+02
2.172965878278017044e+03,2.993030395507812500e+02
2.173965878278017044e+03,2.974529724121093750e+02
2.174965878278017044e+03,2.950248718261718750e+02
2.175965878278017044e+03,2.922862854003906250e+02
2.176965878278017044e+03,2.893999633789062500e+02
2.177965878278017044e+03,2.864640808105468750e+02
2.178965878278017044e+03,2.835375061035156250e+02
2.179965878278017044e+03,2.806551818847656250e+02
2.180965878278017044e+03,2.778371582031250000e+02
2.181965878278017044e+03,2.750969543457031250e+02
2.181965878278017044e+03,2.750969543457031250e+02
2.182015878278762102e+03,2.749600219726562500e+02
2.182065878279507160e+03,2.748232727050781250e+02
2.182115878283977509e+03,2.746867065429687500e+02
2.182165878280997276e+03,2.745502929687500000e+02
2.182165878280997276e+03,2.745502929687500000e+02
2.183430340275168419e+03,2.735091552734375000e+02
2.184694802269339561e+03,2.769692077636718750e+02
2.185959264263510704e+03,2.843442993164062500e+02
2.187223726257681847e+03,2.922821044921875000e+02
2.187223726257681847e+03,2.922821044921875000e+02
2.187423726260662079e+03,2.935332641601562500e+02
2.187423726260662079e+03,2.935332641601562500e+02
2.188423726260662079e+03,2.975850219726562500e+02
2.189423726260662079e+03,2.991599121093750000e+02
2.190423726260662079e+03,2.988481140136718750e+02
2.191423726260662079e+03,2.973186950683593750e+02
2.192423726260662079e+03,2.950712585449218750e+02
2.193423726260662079e+03,2.924300231933593750e+02
2.194423726260662079e+03,2.895939331054687500e+02
2.195423726260662079e+03,2.866822509765625000e+02
2.196423726260662079e+03,2.837658386230468750e+02
2.197423726260662079e+03,2.808861083984375000e+02
2.198423726260662079e+03,2.780694274902343750e+02
2.199423726260662079e+03,2.753262634277343750e+02
2.199423726260662079e+03,2.753262634277343750e+02
2.199473726261407137e+03,2.751891784667968750e+02
2.199523726262152195e+03,2.750522766113281250e+02
2.199573726266622543e+03,2.749155578613281250e+02
2.199623726263642311e+03,2.747789916992187500e+02
2.199623726263642311e+03,2.747789916992187500e+02
2.200879943266510963e+03,2.716013488769531250e+02
2.202136160269379616e+03,2.754777832031250000e+02
2.203392377272248268e+03,2.852742309570312500e+02
2.204648594275116920e+03,2.935853881835937500e+02
2.204648594275116920e+03,2.935853881835937500e+02
2.204848594278097153e+03,2.948386230468750000e+02
2.204848594278097153e+03,2.948386230468750000e+02
2.205848594278097153e+03,2.982442626953125000e+02
2.206848594278097153e+03,2.992402343750000000e+02
2.207848594278097153e+03,2.985883483886718750e+02
2.208848594278097153e+03,2.969097290039062500e+02
2.209848594278097153e+03,2.946260986328125000e+02
2.210848594278097153e+03,2.920053710937500000e+02
2.211848594278097153e+03,2.892139282226562500e+02
2.212848594278097153e+03,2.863541870117187500e+02
2.213848594278097153e+03,2.834888610839843750e+02
2.214848594278097153e+03,2.806560668945312500e+02
2.215848594278097153e+03,2.778783874511718750e+02
2.216848594278097153e+03,2.751711730957031250e+02
2.216848594278097153e+03,2.751711730957031250e+02
2.217848594278097153e+03,2.725362854003906250e+02
2.218848594278097153e+03,2.699786376953125000e+02
2.219848594278097153e+03,2.674986267089843750e+02
2.221348594278097153e+03,2.639479064941406250e+02
2.223598594278097153e+03,2.589733276367187500e+02
2.226973594278097153e+03,2.521971435546875000e+02
2.231973594278097153e+03,2.433764953613281250e+02
2.236973594278097153e+03,2.355475006103515625e+02
2.241973594278097153e+03,2.285352020263671875e+02
2.246973594278097153e+03,2.222038726806640625e+02
2.251973594278097153e+03,2.164470672607421875e+02
2.256973594278097153e+03,2.111800994873046875e+02
2.261973594278097153e+03,2.063346862792968750e+02
2.266973594278097153e+03,2.018550872802734375e+02
2.271973594278097153e+03,1.976952514648437500e+02
2.276848594278097153e+03,1.939076080322265625e+02
