1.860578670058113948e+00,5.696202119064152924e+01,0.000000000000000000e+00
1.186057867005811417e+01,2.559742993461136678e+02,0.000000000000000000e+00
1.674421443495637263e+01,3.531646472715080449e+02,0.000000000000000000e+00
1.693036094658427970e+01,3.583319792288665440e+02,0.000000000000000000e+00
1.711650745821218678e+01,3.634993111862249862e+02,0.000000000000000000e+00
1.730265396984009385e+01,3.686666431435834852e+02,0.000000000000000000e+00
1.748880048146800092e+01,3.738339751009419274e+02,0.000000000000000000e+00
1.767494699309590800e+01,3.790013070583004264e+02,0.000000000000000000e+00
1.786109350472381507e+01,3.841686390156588686e+02,0.000000000000000000e+00
1.804724001635172215e+01,3.893359709730173677e+02,0.000000000000000000e+00
1.823338652797962922e+01,3.945033029303758099e+02,0.000000000000000000e+00
1.841953303960753630e+01,3.996706348877343089e+02,0.000000000000000000e+00
1.860567955123544337e+01,4.048379668450927511e+02,0.000000000000000000e+00
1.879182606286335044e+01,4.100052988024512501e+02,0.000000000000000000e+00
1.897797257449125752e+01,4.151726307598096923e+02,0.000000000000000000e+00
1.916411908611916459e+01,4.203399627171681914e+02,0.000000000000000000e+00
1.935026559774707167e+01,4.255072946745266336e+02,0.000000000000000000e+00
1.953641210937497874e+01,4.306746266318851326e+02,0.000000000000000000e+00
1.972255862100288581e+01,4.358419585892436316e+02,0.000000000000000000e+00
1.990870513263079289e+01,4.410092905466020738e+02,0.000000000000000000e+00
2.009485164425869996e+01,4.461766225039605160e+02,0.000000000000000000e+00
2.028099815588660704e+01,4.513439544613190151e+02,0.000000000000000000e+00
2.046714466751451411e+01,4.565112864186775141e+02,0.000000000000000000e+00
2.065329117914242119e+01,4.616786183760359563e+02,0.000000000000000000e+00
2.083943769077032826e+01,4.668459503333944554e+02,0.000000000000000000e+00
2.102558420239823533e+01,4.720132822907528976e+02,0.000000000000000000e+00
2.121173071402614241e+01,4.771806142481113966e+02,0.000000000000000000e+00
2.139787722565404948e+01,4.823479462054698388e+02,0.000000000000000000e+00
2.158402373728195656e+01,4.875152781628283378e+02,0.000000000000000000e+00
2.177017024890986363e+01,4.926826101201868369e+02,0.000000000000000000e+00
2.195631676053777070e+01,4.978499420775452791e+02,0.000000000000000000e+00
2.214246327216567778e+01,5.030172740349037213e+02,0.000000000000000000e+00
2.232860978379358485e+01,5.081846059922622203e+02,0.000000000000000000e+00
2.251475629542149193e+01,5.133519379496207193e+02,0.000000000000000000e+00
2.270090280704939900e+01,5.185192699069791615e+02,0.000000000000000000e+00
2.288704931867730608e+01,5.236866018643376037e+02,0.000000000000000000e+00
2.307319583030521315e+01,5.288539338216960459e+02,0.000000000000000000e+00
2.325934234193312022e+01,5.340212657790546018e+02,0.000000000000000000e+00
2.344548885356102730e+01,5.391885977364130440e+02,0.000000000000000000e+00
2.363163536518893437e+01,5.443559296937714862e+02,0.000000000000000000e+00
2.381778187681684145e+01,5.495232616511300421e+02,0.000000000000000000e+00
2.400392838844474852e+01,5.546905936084884843e+02,0.000000000000000000e+00
2.419007490007265559e+01,5.598579255658469265e+02,0.000000000000000000e+00
2.437622141170056267e+01,5.650252575232054824e+02,0.000000000000000000e+00
2.456236792332846974e+01,5.701925894805639246e+02,0.000000000000000000e+00
2.474851443495637682e+01,5.753599214379223667e+02,0.000000000000000000e+00
2.493466094658428389e+01,5.805272533952808089e+02,0.000000000000000000e+00
2.512080745821219097e+01,5.856945853526392511e+02,0.000000000000000000e+00
2.530695396984009804e+01,5.908619173099978070e+02,0.000000000000000000e+00
2.549310048146800511e+01,5.960292492673562492e+02,0.000000000000000000e+00
2.567924699309591219e+01,6.011965812247146914e+02,0.000000000000000000e+00
2.586539350472381926e+01,6.063639131820732473e+02,0.000000000000000000e+00
2.604654001635167759e+01,6.113924476967017654e+02,0.000000000000000000e+00
3.604654001635167759e+01,7.712819794245014009e+02,0.000000000000000000e+00
3.720930232558147566e+01,7.898733315378501629e+02,0.000000000000000000e+00
3.732103136809600841e+01,7.926859758758280350e+02,0.000000000000000000e+00
3.743276041061054116e+01,7.954986202138059070e+02,0.000000000000000000e+00
3.754448945312507391e+01,7.983112645517837791e+02,0.000000000000000000e+00
3.765621849563960666e+01,8.011239088897616512e+02,0.000000000000000000e+00
3.776794753815413941e+01,8.039365532277395232e+02,0.000000000000000000e+00
3.787967658066867216e+01,8.067491975657173953e+02,0.000000000000000000e+00
3.799140562318320491e+01,8.095618419036952673e+02,0.000000000000000000e+00
3.810313466569773766e+01,8.123744862416731394e+02,0.000000000000000000e+00
3.821486370821227041e+01,8.151871305796510114e+02,0.000000000000000000e+00
3.832659275072680316e+01,8.179997749176288835e+02,0.000000000000000000e+00
3.843832179324133591e+01,8.208124192556067555e+02,0.000000000000000000e+00
3.855005083575586866e+01,8.236250635935846276e+02,0.000000000000000000e+00
3.866177987827040141e+01,8.264377079315624997e+02,0.000000000000000000e+00
3.877350892078493416e+01,8.292503522695403717e+02,0.000000000000000000e+00
3.888523796329946691e+01,8.320629966075182438e+02,0.000000000000000000e+00
3.899696700581399966e+01,8.348756409454961158e+02,0.000000000000000000e+00
3.910869604832853241e+01,8.376882852834739879e+02,0.000000000000000000e+00
3.922042509084306516e+01,8.405009296214518599e+02,0.000000000000000000e+00
3.933215413335759791e+01,8.433135739594297320e+02,0.000000000000000000e+00
3.944388317587213066e+01,8.461262182974076040e+02,0.000000000000000000e+00
3.955561221838666341e+01,8.489388626353854761e+02,0.000000000000000000e+00
3.966734126090119616e+01,8.517515069733633482e+02,0.000000000000000000e+00
3.977907030341572892e+01,8.545641513113412202e+02,0.000000000000000000e+00
3.989079934593026167e+01,8.573767956493190923e+02,0.000000000000000000e+00
4.000252838844479442e+01,8.601894399872969643e+02,0.000000000000000000e+00
4.011425743095932717e+01,8.630020843252748364e+02,0.000000000000000000e+00
4.022598647347385992e+01,8.658147286632527084e+02,0.000000000000000000e+00
4.033771551598839267e+01,8.686273730012305805e+02,0.000000000000000000e+00
4.044944455850292542e+01,8.714400173392084525e+02,0.000000000000000000e+00
4.056117360101745817e+01,8.742526616771864383e+02,0.000000000000000000e+00
4.067290264353199092e+01,8.770653060151643103e+02,0.000000000000000000e+00
4.078463168604652367e+01,8.798779503531421824e+02,0.000000000000000000e+00
4.089636072856105642e+01,8.826905946911200544e+02,0.000000000000000000e+00
4.100808977107558917e+01,8.855032390290979265e+02,0.000000000000000000e+00
4.111981881359012192e+01,8.883158833670757986e+02,0.000000000000000000e+00
4.123154785610465467e+01,8.911285277050536706e+02,0.000000000000000000e+00
4.134327689861918742e+01,8.939411720430315427e+02,0.000000000000000000e+00
4.145500594113372017e+01,8.967538163810094147e+02,0.000000000000000000e+00
4.156673498364825292e+01,8.995664607189872868e+02,0.000000000000000000e+00
4.167846402616278567e+01,9.023791050569651588e+02,0.000000000000000000e+00
4.179019306867731842e+01,9.051917493949430309e+02,0.000000000000000000e+00
4.190192211119185117e+01,9.080043937329209029e+02,0.000000000000000000e+00
4.201365115370638392e+01,9.108170380708987750e+02,0.000000000000000000e+00
4.212538019622091667e+01,9.136296824088766471e+02,0.000000000000000000e+00
4.223710923873544942e+01,9.164423267468545191e+02,0.000000000000000000e+00
4.234883828124998217e+01,9.192549710848323912e+02,0.000000000000000000e+00
4.246056732376451492e+01,9.220676154228102632e+02,0.000000000000000000e+00
4.257229636627904767e+01,9.248802597607881353e+02,0.000000000000000000e+00
4.268402540879358043e+01,9.276929040987660073e+02,0.000000000000000000e+00
4.279075445130818167e+01,9.303796794471491012e+02,0.000000000000000000e+00
4.290248349382271442e+01,9.331163075461952303e+02,0.000000000000000000e+00
4.301421253633724717e+01,9.358529356452413595e+02,0.000000000000000000e+00
4.312594157885177992e+01,9.385895637442876023e+02,0.000000000000000000e+00
4.323767062136631267e+01,9.413261918433337314e+02,0.000000000000000000e+00
4.334939966388084542e+01,9.440628199423798605e+02,0.000000000000000000e+00
4.346112870639537817e+01,9.467994480414259897e+02,0.000000000000000000e+00
4.357285774890991092e+01,9.495360761404721188e+02,0.000000000000000000e+00
4.368458679142444367e+01,9.522727042395183616e+02,0.000000000000000000e+00
4.379631583393897643e+01,9.550093323385644908e+02,0.000000000000000000e+00
4.390804487645350918e+01,9.577459604376106199e+02,0.000000000000000000e+00
4.401977391896804193e+01,9.604825885366567491e+02,0.000000000000000000e+00
4.413150296148257468e+01,9.632192166357028782e+02,0.000000000000000000e+00
4.424323200399710743e+01,9.659558447347490073e+02,0.000000000000000000e+00
4.435496104651164018e+01,9.686924728337952502e+02,0.000000000000000000e+00
4.446669008902617293e+01,9.714291009328413793e+02,0.000000000000000000e+00
4.457841913154070568e+01,9.741657290318875084e+02,0.000000000000000000e+00
4.469014817405523843e+01,9.769023571309336376e+02,0.000000000000000000e+00
4.480187721656977118e+01,9.796389852299797667e+02,0.000000000000000000e+00
4.491360625908430393e+01,9.823756133290260095e+02,0.000000000000000000e+00
4.502533530159883668e+01,9.851122414280721387e+02,0.000000000000000000e+00
4.513706434411336943e+01,9.878488695271182678e+02,0.000000000000000000e+00
4.524879338662790218e+01,9.905854976261643969e+02,0.000000000000000000e+00
4.536052242914243493e+01,9.933221257252105261e+02,0.000000000000000000e+00
4.547225147165696768e+01,9.960587538242566552e+02,0.000000000000000000e+00
4.558398051417150043e+01,9.987953819233028980e+02,0.000000000000000000e+00
4.569570955668603318e+01,1.001532010022349027e+03,0.000000000000000000e+00
4.580743859920056593e+01,1.004268638121395156e+03,0.000000000000000000e+00
4.591916764171509868e+01,1.007005266220441285e+03,0.000000000000000000e+00
4.603089668422963143e+01,1.009741894319487528e+03,0.000000000000000000e+00
4.614262572674416418e+01,1.012478522418533657e+03,0.000000000000000000e+00
4.625435476925869693e+01,1.015215150517579787e+03,0.000000000000000000e+00
4.636608381177322968e+01,1.017951778616625916e+03,0.000000000000000000e+00
4.647781285428776243e+01,1.020688406715672045e+03,0.000000000000000000e+00
4.658954189680229518e+01,1.023425034814718174e+03,0.000000000000000000e+00
4.670127093931682793e+01,1.026161662913764303e+03,0.000000000000000000e+00
4.681299998183136069e+01,1.028898291012810432e+03,0.000000000000000000e+00
4.692472902434589344e+01,1.031634919111856561e+03,0.000000000000000000e+00
4.703645806686042619e+01,1.034371547210902918e+03,0.000000000000000000e+00
4.714818710937495894e+01,1.037108175309949047e+03,0.000000000000000000e+00
4.725991615188949169e+01,1.039844803408995176e+03,0.000000000000000000e+00
4.737164519440402444e+01,1.042581431508041305e+03,0.000000000000000000e+00
4.748337423691855719e+01,1.045318059607087434e+03,0.000000000000000000e+00
4.759510327943308994e+01,1.048054687706133564e+03,0.000000000000000000e+00
4.770683232194762269e+01,1.050791315805179693e+03,0.000000000000000000e+00
4.781856136446215544e+01,1.053527943904225822e+03,0.000000000000000000e+00
4.793029040697668819e+01,1.056264572003271951e+03,0.000000000000000000e+00
4.804201944949122094e+01,1.059001200102318307e+03,0.000000000000000000e+00
4.815374849200575369e+01,1.061737828201364209e+03,0.000000000000000000e+00
4.826547753452028644e+01,1.064474456300410566e+03,0.000000000000000000e+00
4.837220657703489479e+01,1.067088617221835875e+03,0.000000000000000000e+00
4.855835308866279831e+01,1.067696538117031878e+03,0.000000000000000000e+00
4.874449960029070184e+01,1.068304459012227653e+03,0.000000000000000000e+00
4.893064611191860536e+01,1.068912379907423656e+03,0.000000000000000000e+00
4.911679262354650888e+01,1.069520300802619431e+03,0.000000000000000000e+00
4.930293913517441240e+01,1.070128221697815434e+03,0.000000000000000000e+00
4.948908564680231592e+01,1.070736142593011209e+03,0.000000000000000000e+00
4.967523215843021944e+01,1.071344063488207212e+03,0.000000000000000000e+00
4.986137867005812296e+01,1.071951984383402987e+03,0.000000000000000000e+00
5.004752518168602649e+01,1.072559905278598990e+03,0.000000000000000000e+00
5.023367169331393001e+01,1.073167826173794765e+03,0.000000000000000000e+00
5.041981820494183353e+01,1.073775747068990768e+03,0.000000000000000000e+00
5.060596471656973705e+01,1.074383667964186770e+03,0.000000000000000000e+00
5.079211122819764057e+01,1.074991588859382546e+03,0.000000000000000000e+00
5.097825773982554409e+01,1.075599509754578548e+03,0.000000000000000000e+00
5.116440425145344761e+01,1.076207430649774324e+03,0.000000000000000000e+00
5.135055076308135114e+01,1.076815351544970326e+03,0.000000000000000000e+00
5.153669727470925466e+01,1.077423272440166102e+03,0.000000000000000000e+00
5.172284378633715818e+01,1.078031193335362104e+03,0.000000000000000000e+00
5.190899029796506170e+01,1.078639114230557880e+03,0.000000000000000000e+00
5.209513680959296522e+01,1.079247035125753882e+03,0.000000000000000000e+00
5.228128332122086874e+01,1.079854956020949658e+03,0.000000000000000000e+00
5.246742983284877226e+01,1.080462876916145660e+03,0.000000000000000000e+00
5.265357634447667579e+01,1.081070797811341663e+03,0.000000000000000000e+00
5.283972285610457931e+01,1.081678718706537438e+03,0.000000000000000000e+00
5.302586936773248283e+01,1.082286639601733441e+03,0.000000000000000000e+00
5.321201587936038635e+01,1.082894560496929216e+03,0.000000000000000000e+00
5.339816239098828987e+01,1.083502481392125219e+03,0.000000000000000000e+00
5.358430890261619339e+01,1.084110402287320994e+03,0.000000000000000000e+00
5.377045541424409691e+01,1.084718323182516997e+03,0.000000000000000000e+00
5.395660192587200044e+01,1.085326244077712772e+03,0.000000000000000000e+00
5.414274843749990396e+01,1.085934164972908775e+03,0.000000000000000000e+00
5.432889494912780748e+01,1.086542085868104550e+03,0.000000000000000000e+00
5.451504146075571100e+01,1.087150006763300553e+03,0.000000000000000000e+00
5.470118797238361452e+01,1.087757927658496556e+03,0.000000000000000000e+00
5.488733448401151804e+01,1.088365848553692331e+03,0.000000000000000000e+00
5.507348099563942156e+01,1.088973769448888333e+03,0.000000000000000000e+00
5.525962750726732509e+01,1.089581690344084109e+03,0.000000000000000000e+00
5.544577401889522861e+01,1.090189611239280111e+03,0.000000000000000000e+00
5.563192053052313213e+01,1.090797532134475887e+03,0.000000000000000000e+00
5.581806704215103565e+01,1.091405453029671889e+03,0.000000000000000000e+00
5.600421355377893917e+01,1.092013373924867665e+03,0.000000000000000000e+00
5.619036006540684269e+01,1.092621294820063667e+03,0.000000000000000000e+00
5.637650657703474621e+01,1.093229215715259443e+03,0.000000000000000000e+00
5.656265308866264974e+01,1.093837136610455445e+03,0.000000000000000000e+00
5.674879960029055326e+01,1.094445057505651448e+03,0.000000000000000000e+00
5.693494611191845678e+01,1.095052978400847223e+03,0.000000000000000000e+00
5.712109262354636030e+01,1.095660899296043226e+03,0.000000000000000000e+00
5.730723913517426382e+01,1.096268820191239001e+03,0.000000000000000000e+00
5.749338564680216734e+01,1.096876741086435004e+03,0.000000000000000000e+00
5.767453215843019620e+01,1.097468332884462598e+03,0.000000000000000000e+00
5.782346709665694107e+01,1.096480328383334381e+03,0.000000000000000000e+00
5.797240203488368593e+01,1.095492323882205937e+03,0.000000000000000000e+00
5.812133697311043079e+01,1.094504319381077721e+03,0.000000000000000000e+00
5.827027191133717565e+01,1.093516314879949277e+03,0.000000000000000000e+00
5.841920684956392051e+01,1.092528310378821061e+03,0.000000000000000000e+00
5.856814178779066538e+01,1.091540305877692617e+03,0.000000000000000000e+00
5.871707672601741024e+01,1.090552301376564401e+03,0.000000000000000000e+00
5.886601166424415510e+01,1.089564296875435957e+03,0.000000000000000000e+00
5.901494660247089996e+01,1.088576292374307741e+03,0.000000000000000000e+00
5.916388154069764482e+01,1.087588287873179297e+03,0.000000000000000000e+00
5.931281647892438968e+01,1.086600283372051081e+03,0.000000000000000000e+00
5.946175141715113455e+01,1.085612278870922637e+03,0.000000000000000000e+00
5.961068635537787941e+01,1.084624274369794421e+03,0.000000000000000000e+00
5.975962129360462427e+01,1.083636269868665977e+03,0.000000000000000000e+00
5.990855623183136913e+01,1.082648265367537761e+03,0.000000000000000000e+00
6.005749117005811399e+01,1.081660260866409317e+03,0.000000000000000000e+00
6.020642610828485886e+01,1.080672256365281100e+03,0.000000000000000000e+00
6.035536104651160372e+01,1.079684251864152657e+03,0.000000000000000000e+00
6.050429598473834858e+01,1.078696247363024440e+03,0.000000000000000000e+00
6.065323092296509344e+01,1.077708242861895997e+03,0.000000000000000000e+00
6.080216586119183830e+01,1.076720238360767780e+03,0.000000000000000000e+00
6.095110079941858316e+01,1.075732233859639337e+03,0.000000000000000000e+00
6.110003573764532803e+01,1.074744229358511120e+03,0.000000000000000000e+00
6.124897067587207289e+01,1.073756224857382676e+03,0.000000000000000000e+00
6.139790561409881775e+01,1.072768220356254460e+03,0.000000000000000000e+00
6.154684055232556261e+01,1.071780215855126016e+03,0.000000000000000000e+00
6.169577549055230747e+01,1.070792211353997800e+03,0.000000000000000000e+00
6.184471042877905234e+01,1.069804206852869356e+03,0.000000000000000000e+00
6.199364536700579720e+01,1.068816202351741140e+03,0.000000000000000000e+00
6.214258030523254206e+01,1.067828197850612696e+03,0.000000000000000000e+00
6.229151524345928692e+01,1.066840193349484480e+03,0.000000000000000000e+00
6.244045018168603178e+01,1.065852188848356036e+03,0.000000000000000000e+00
6.258938511991277664e+01,1.064864184347227820e+03,0.000000000000000000e+00
6.273832005813952151e+01,1.063876179846099376e+03,0.000000000000000000e+00
6.288725499636626637e+01,1.062888175344971160e+03,0.000000000000000000e+00
6.303618993459301123e+01,1.061900170843842716e+03,0.000000000000000000e+00
6.318512487281975609e+01,1.060912166342714499e+03,0.000000000000000000e+00
6.333405981104650095e+01,1.059924161841586056e+03,0.000000000000000000e+00
6.348299474927324582e+01,1.058936157340457839e+03,0.000000000000000000e+00
6.363192968749999068e+01,1.057948152839329396e+03,0.000000000000000000e+00
6.378086462572673554e+01,1.056960148338201179e+03,0.000000000000000000e+00
6.392979956395348040e+01,1.055972143837072736e+03,0.000000000000000000e+00
6.407873450218022526e+01,1.054984139335944519e+03,0.000000000000000000e+00
6.422766944040697012e+01,1.053996134834816075e+03,0.000000000000000000e+00
6.437660437863371499e+01,1.053008130333687859e+03,0.000000000000000000e+00
6.452553931686045985e+01,1.052020125832559415e+03,0.000000000000000000e+00
6.467447425508720471e+01,1.051032121331431199e+03,0.000000000000000000e+00
6.482340919331394957e+01,1.050044116830302755e+03,0.000000000000000000e+00
6.497234413154069443e+01,1.049056112329174539e+03,0.000000000000000000e+00
6.511627906976738700e+01,1.048101276824955221e+03,0.000000000000000000e+00
6.519079937772524147e+01,1.046580248500828930e+03,0.000000000000000000e+00
6.526531968568309594e+01,1.045059220176702638e+03,0.000000000000000000e+00
6.533983999364095041e+01,1.043538191852576347e+03,0.000000000000000000e+00
6.541436030159880488e+01,1.042017163528450055e+03,0.000000000000000000e+00
6.548888060955665935e+01,1.040496135204323537e+03,0.000000000000000000e+00
6.556340091751451382e+01,1.038975106880197245e+03,0.000000000000000000e+00
6.563792122547236829e+01,1.037454078556070954e+03,0.000000000000000000e+00
6.571244153343022276e+01,1.035933050231944662e+03,0.000000000000000000e+00
6.578696184138807723e+01,1.034412021907818371e+03,0.000000000000000000e+00
6.586148214934593170e+01,1.032890993583692079e+03,0.000000000000000000e+00
6.593600245730378617e+01,1.031369965259565788e+03,0.000000000000000000e+00
6.601052276526164064e+01,1.029848936935439497e+03,0.000000000000000000e+00
6.608504307321949511e+01,1.028327908611312978e+03,0.000000000000000000e+00
6.615956338117734958e+01,1.026806880287186686e+03,0.000000000000000000e+00
6.623408368913520405e+01,1.025285851963060395e+03,0.000000000000000000e+00
6.630860399709305852e+01,1.023764823638934104e+03,0.000000000000000000e+00
6.638312430505091299e+01,1.022243795314807812e+03,0.000000000000000000e+00
6.645764461300876746e+01,1.020722766990681521e+03,0.000000000000000000e+00
6.653216492096662193e+01,1.019201738666555229e+03,0.000000000000000000e+00
6.660668522892447641e+01,1.017680710342428824e+03,0.000000000000000000e+00
6.668120553688233088e+01,1.016159682018302533e+03,0.000000000000000000e+00
6.675572584484018535e+01,1.014638653694176242e+03,0.000000000000000000e+00
6.683024615279803982e+01,1.013117625370049950e+03,0.000000000000000000e+00
6.690476646075589429e+01,1.011596597045923545e+03,0.000000000000000000e+00
6.697928676871374876e+01,1.010075568721797254e+03,0.000000000000000000e+00
6.705380707667160323e+01,1.008554540397670962e+03,0.000000000000000000e+00
6.712832738462945770e+01,1.007033512073544671e+03,0.000000000000000000e+00
6.720284769258731217e+01,1.005512483749418379e+03,0.000000000000000000e+00
6.727736800054516664e+01,1.003991455425291974e+03,0.000000000000000000e+00
6.735188830850302111e+01,1.002470427101165683e+03,0.000000000000000000e+00
6.742640861646087558e+01,1.000949398777039391e+03,0.000000000000000000e+00
6.750092892441873005e+01,9.994283704529131001e+02,0.000000000000000000e+00
6.757544923237658452e+01,9.979073421287866950e+02,0.000000000000000000e+00
6.764996954033443899e+01,9.963863138046604035e+02,0.000000000000000000e+00
6.772448984829229346e+01,9.948652854805341121e+02,0.000000000000000000e+00
6.779901015625014793e+01,9.933442571564078207e+02,0.000000000000000000e+00
6.787353046420800240e+01,9.918232288322814156e+02,0.000000000000000000e+00
6.794805077216585687e+01,9.903022005081551242e+02,0.000000000000000000e+00
6.802257108012371134e+01,9.887811721840288328e+02,0.000000000000000000e+00
6.809709138808156581e+01,9.872601438599025414e+02,0.000000000000000000e+00
6.817161169603942028e+01,9.857391155357761363e+02,0.000000000000000000e+00
6.824613200399727475e+01,9.842180872116498449e+02,0.000000000000000000e+00
6.832065231195512922e+01,9.826970588875235535e+02,0.000000000000000000e+00
6.839517261991298369e+01,9.811760305633972621e+02,0.000000000000000000e+00
6.846969292787083816e+01,9.796550022392709707e+02,0.000000000000000000e+00
6.854421323582869263e+01,9.781339739151445656e+02,0.000000000000000000e+00
6.861873354378654710e+01,9.766129455910182742e+02,0.000000000000000000e+00
6.869325385174440157e+01,9.750919172668919828e+02,0.000000000000000000e+00
6.876777415970225604e+01,9.735708889427656914e+02,0.000000000000000000e+00
6.883729446765985927e+01,9.721519152374328314e+02,0.000000000000000000e+00
6.894902067132991874e+01,9.694913062165912834e+02,0.000000000000000000e+00
6.906074687499997822e+01,9.668306971957497353e+02,0.000000000000000000e+00
6.917247307867003769e+01,9.641700881749081873e+02,0.000000000000000000e+00
6.928419928234009717e+01,9.615094791540666392e+02,0.000000000000000000e+00
6.939592548601015665e+01,9.588488701332250912e+02,0.000000000000000000e+00
6.950765168968021612e+01,9.561882611123835431e+02,0.000000000000000000e+00
6.961937789335027560e+01,9.535276520915419951e+02,0.000000000000000000e+00
6.973110409702033508e+01,9.508670430707004471e+02,0.000000000000000000e+00
6.984283030069039455e+01,9.482064340498588990e+02,0.000000000000000000e+00
6.995455650436045403e+01,9.455458250290173510e+02,0.000000000000000000e+00
7.006628270803051350e+01,9.428852160081758029e+02,0.000000000000000000e+00
7.017800891170057298e+01,9.402246069873342549e+02,0.000000000000000000e+00
7.028973511537063246e+01,9.375639979664927068e+02,0.000000000000000000e+00
7.040146131904069193e+01,9.349033889456511588e+02,0.000000000000000000e+00
7.051318752271075141e+01,9.322427799248096107e+02,0.000000000000000000e+00
7.062491372638081089e+01,9.295821709039680627e+02,0.000000000000000000e+00
7.073663993005087036e+01,9.269215618831265147e+02,0.000000000000000000e+00
7.084836613372092984e+01,9.242609528622849666e+02,0.000000000000000000e+00
7.096009233739098931e+01,9.216003438414434186e+02,0.000000000000000000e+00
7.107181854106104879e+01,9.189397348206018705e+02,0.000000000000000000e+00
7.118354474473110827e+01,9.162791257997603225e+02,0.000000000000000000e+00
7.129527094840116774e+01,9.136185167789187744e+02,0.000000000000000000e+00
7.140699715207122722e+01,9.109579077580772264e+02,0.000000000000000000e+00
7.151872335574128670e+01,9.082972987372356783e+02,0.000000000000000000e+00
7.163044955941134617e+01,9.056366897163941303e+02,0.000000000000000000e+00
7.174217576308140565e+01,9.029760806955525823e+02,0.000000000000000000e+00
7.185390196675146512e+01,9.003154716747110342e+02,0.000000000000000000e+00
7.196562817042152460e+01,8.976548626538694862e+02,0.000000000000000000e+00
7.207735437409158408e+01,8.949942536330279381e+02,0.000000000000000000e+00
7.218908057776164355e+01,8.923336446121863901e+02,0.000000000000000000e+00
7.230080678143170303e+01,8.896730355913448420e+02,0.000000000000000000e+00
7.241253298510176251e+01,8.870124265705032940e+02,0.000000000000000000e+00
7.252425918877182198e+01,8.843518175496617459e+02,0.000000000000000000e+00
7.263598539244188146e+01,8.816912085288201979e+02,0.000000000000000000e+00
7.274771159611194093e+01,8.790305995079786499e+02,0.000000000000000000e+00
7.285943779978200041e+01,8.763699904871371018e+02,0.000000000000000000e+00
7.297116400345205989e+01,8.737093814662955538e+02,0.000000000000000000e+00
7.308289020712211936e+01,8.710487724454540057e+02,0.000000000000000000e+00
7.319461641079217884e+01,8.683881634246124577e+02,0.000000000000000000e+00
7.330634261446223832e+01,8.657275544037709096e+02,0.000000000000000000e+00
7.341806881813229779e+01,8.630669453829293616e+02,0.000000000000000000e+00
7.352979502180235727e+01,8.604063363620878135e+02,0.000000000000000000e+00
7.364152122547241675e+01,8.577457273412462655e+02,0.000000000000000000e+00
7.375324742914247622e+01,8.550851183204047175e+02,0.000000000000000000e+00
7.386497363281253570e+01,8.524245092995631694e+02,0.000000000000000000e+00
7.397669983648259517e+01,8.497639002787216214e+02,0.000000000000000000e+00
7.408842604015265465e+01,8.471032912578800733e+02,0.000000000000000000e+00
7.420015224382271413e+01,8.444426822370385253e+02,0.000000000000000000e+00
7.431187844749277360e+01,8.417820732161969772e+02,0.000000000000000000e+00
7.441860465116268131e+01,8.392405324592687066e+02,0.000000000000000000e+00
7.456754242823390655e+01,8.368085194035859331e+02,0.000000000000000000e+00
7.471648020530513179e+01,8.343765063479031596e+02,0.000000000000000000e+00
7.486541798237635703e+01,8.319444932922203861e+02,0.000000000000000000e+00
7.501435575944758227e+01,8.295124802365376127e+02,0.000000000000000000e+00
7.516329353651880751e+01,8.270804671808548392e+02,0.000000000000000000e+00
7.531223131359003276e+01,8.246484541251720657e+02,0.000000000000000000e+00
7.546116909066125800e+01,8.222164410694892922e+02,0.000000000000000000e+00
7.561010686773248324e+01,8.197844280138065187e+02,0.000000000000000000e+00
7.575904464480370848e+01,8.173524149581237452e+02,0.000000000000000000e+00
7.590798242187493372e+01,8.149204019024408581e+02,0.000000000000000000e+00
7.605692019894615896e+01,8.124883888467580846e+02,0.000000000000000000e+00
7.620585797601738420e+01,8.100563757910753111e+02,0.000000000000000000e+00
7.635479575308860944e+01,8.076243627353925376e+02,0.000000000000000000e+00
7.650373353015983469e+01,8.051923496797097641e+02,0.000000000000000000e+00
7.665267130723105993e+01,8.027603366240269906e+02,0.000000000000000000e+00
7.680160908430228517e+01,8.003283235683442172e+02,0.000000000000000000e+00
7.695054686137351041e+01,7.978963105126614437e+02,0.000000000000000000e+00
7.709948463844473565e+01,7.954642974569786702e+02,0.000000000000000000e+00
7.724842241551596089e+01,7.930322844012958967e+02,0.000000000000000000e+00
7.739736019258718613e+01,7.906002713456131232e+02,0.000000000000000000e+00
7.754629796965841138e+01,7.881682582899303497e+02,0.000000000000000000e+00
7.769523574672963662e+01,7.857362452342475763e+02,0.000000000000000000e+00
7.784417352380086186e+01,7.833042321785648028e+02,0.000000000000000000e+00
7.799311130087208710e+01,7.808722191228820293e+02,0.000000000000000000e+00
7.814204907794331234e+01,7.784402060671992558e+02,0.000000000000000000e+00
7.829098685501453758e+01,7.760081930115164823e+02,0.000000000000000000e+00
7.843992463208576282e+01,7.735761799558337088e+02,0.000000000000000000e+00
7.858886240915698806e+01,7.711441669001508217e+02,0.000000000000000000e+00
7.873780018622821331e+01,7.687121538444680482e+02,0.000000000000000000e+00
7.888673796329943855e+01,7.662801407887852747e+02,0.000000000000000000e+00
7.903567574037066379e+01,7.638481277331025012e+02,0.000000000000000000e+00
7.918461351744188903e+01,7.614161146774197277e+02,0.000000000000000000e+00
7.933355129451311427e+01,7.589841016217369543e+02,0.000000000000000000e+00
7.948248907158433951e+01,7.565520885660541808e+02,0.000000000000000000e+00
7.963142684865556475e+01,7.541200755103714073e+02,0.000000000000000000e+00
7.978036462572679000e+01,7.516880624546886338e+02,0.000000000000000000e+00
7.992930240279801524e+01,7.492560493990058603e+02,0.000000000000000000e+00
8.007824017986924048e+01,7.468240363433230868e+02,0.000000000000000000e+00
8.022717795694046572e+01,7.443920232876403134e+02,0.000000000000000000e+00
8.037611573401169096e+01,7.419600102319575399e+02,0.000000000000000000e+00
8.052505351108291620e+01,7.395279971762747664e+02,0.000000000000000000e+00
8.067399128815414144e+01,7.370959841205919929e+02,0.000000000000000000e+00
8.082292906522536668e+01,7.346639710649092194e+02,0.000000000000000000e+00
8.097186684229659193e+01,7.322319580092264459e+02,0.000000000000000000e+00
8.112080461936781717e+01,7.297999449535436725e+02,0.000000000000000000e+00
8.126974239643904241e+01,7.273679318978608990e+02,0.000000000000000000e+00
8.141868017351026765e+01,7.249359188421781255e+02,0.000000000000000000e+00
8.156761795058149289e+01,7.225039057864953520e+02,0.000000000000000000e+00
8.171655572765271813e+01,7.200718927308124648e+02,0.000000000000000000e+00
8.186049350472389108e+01,7.177215249468509910e+02,0.000000000000000000e+00
8.200943128179511632e+01,7.158215152000963144e+02,0.000000000000000000e+00
8.215836905886634156e+01,7.139215054533417515e+02,0.000000000000000000e+00
8.230730683593756680e+01,7.120214957065870749e+02,0.000000000000000000e+00
8.245624461300879204e+01,7.101214859598325120e+02,0.000000000000000000e+00
8.260518239008001729e+01,7.082214762130778354e+02,0.000000000000000000e+00
8.275412016715124253e+01,7.063214664663232725e+02,0.000000000000000000e+00
8.290305794422246777e+01,7.044214567195685959e+02,0.000000000000000000e+00
8.305199572129369301e+01,7.025214469728139193e+02,0.000000000000000000e+00
8.320093349836491825e+01,7.006214372260593564e+02,0.000000000000000000e+00
8.334987127543614349e+01,6.987214274793046798e+02,0.000000000000000000e+00
8.349880905250736873e+01,6.968214177325501169e+02,0.000000000000000000e+00
8.364774682957859397e+01,6.949214079857954403e+02,0.000000000000000000e+00
8.379668460664981922e+01,6.930213982390408773e+02,0.000000000000000000e+00
8.394562238372104446e+01,6.911213884922862007e+02,0.000000000000000000e+00
8.409456016079226970e+01,6.892213787455316378e+02,0.000000000000000000e+00
8.424349793786349494e+01,6.873213689987769612e+02,0.000000000000000000e+00
8.439243571493472018e+01,6.854213592520222846e+02,0.000000000000000000e+00
8.454137349200594542e+01,6.835213495052677217e+02,0.000000000000000000e+00
8.469031126907717066e+01,6.816213397585130451e+02,0.000000000000000000e+00
8.483924904614839591e+01,6.797213300117584822e+02,0.000000000000000000e+00
8.498818682321962115e+01,6.778213202650038056e+02,0.000000000000000000e+00
8.513712460029084639e+01,6.759213105182492427e+02,0.000000000000000000e+00
8.528606237736207163e+01,6.740213007714945661e+02,0.000000000000000000e+00
8.543500015443329687e+01,6.721212910247400032e+02,0.000000000000000000e+00
8.558393793150452211e+01,6.702212812779853266e+02,0.000000000000000000e+00
8.573287570857574735e+01,6.683212715312306500e+02,0.000000000000000000e+00
8.588181348564697259e+01,6.664212617844760871e+02,0.000000000000000000e+00
8.603075126271819784e+01,6.645212520377214105e+02,0.000000000000000000e+00
8.617968903978942308e+01,6.626212422909668476e+02,0.000000000000000000e+00
8.632862681686064832e+01,6.607212325442121710e+02,0.000000000000000000e+00
8.647756459393187356e+01,6.588212227974576081e+02,0.000000000000000000e+00
8.662650237100309880e+01,6.569212130507029315e+02,0.000000000000000000e+00
8.677544014807432404e+01,6.550212033039482549e+02,0.000000000000000000e+00
8.692437792514554928e+01,6.531211935571936920e+02,0.000000000000000000e+00
8.707331570221677453e+01,6.512211838104390154e+02,0.000000000000000000e+00
8.722225347928799977e+01,6.493211740636844524e+02,0.000000000000000000e+00
8.737119125635922501e+01,6.474211643169297759e+02,0.000000000000000000e+00
8.752012903343045025e+01,6.455211545701752129e+02,0.000000000000000000e+00
8.766906681050167549e+01,6.436211448234205363e+02,0.000000000000000000e+00
8.781800458757290073e+01,6.417211350766658597e+02,0.000000000000000000e+00
8.796694236464412597e+01,6.398211253299112968e+02,0.000000000000000000e+00
8.811588014171535121e+01,6.379211155831566202e+02,0.000000000000000000e+00
8.826481791878657646e+01,6.360211058364020573e+02,0.000000000000000000e+00
8.841375569585780170e+01,6.341210960896473807e+02,0.000000000000000000e+00
8.856269347292902694e+01,6.322210863428928178e+02,0.000000000000000000e+00
8.871163125000025218e+01,6.303210765961381412e+02,0.000000000000000000e+00
8.886056902707147742e+01,6.284210668493835783e+02,0.000000000000000000e+00
8.900950680414270266e+01,6.265210571026289017e+02,0.000000000000000000e+00
8.915844458121392790e+01,6.246210473558742251e+02,0.000000000000000000e+00
8.930238235828483084e+01,6.227848229624477199e+02,0.000000000000000000e+00
8.937689982739820493e+01,6.205032803594642701e+02,0.000000000000000000e+00
8.945141729651157902e+01,6.182217377564809340e+02,0.000000000000000000e+00
8.952593476562495312e+01,6.159401951534974842e+02,0.000000000000000000e+00
8.960045223473832721e+01,6.136586525505140344e+02,0.000000000000000000e+00
8.967496970385170130e+01,6.113771099475305846e+02,0.000000000000000000e+00
8.974948717296507539e+01,6.090955673445472485e+02,0.000000000000000000e+00
8.982400464207844948e+01,6.068140247415637987e+02,0.000000000000000000e+00
8.989852211119182357e+01,6.045324821385803489e+02,0.000000000000000000e+00
8.997303958030519766e+01,6.022509395355970128e+02,0.000000000000000000e+00
9.004755704941857175e+01,5.999693969326135630e+02,0.000000000000000000e+00
9.012207451853194584e+01,5.976878543296301132e+02,0.000000000000000000e+00
9.019659198764531993e+01,5.954063117266467771e+02,0.000000000000000000e+00
9.027110945675869402e+01,5.931247691236633273e+02,0.000000000000000000e+00
9.034562692587206811e+01,5.908432265206798775e+02,0.000000000000000000e+00
9.042014439498544220e+01,5.885616839176964277e+02,0.000000000000000000e+00
9.049466186409881630e+01,5.862801413147130916e+02,0.000000000000000000e+00
9.056917933321219039e+01,5.839985987117296418e+02,0.000000000000000000e+00
9.064369680232556448e+01,5.817170561087461920e+02,0.000000000000000000e+00
9.071821427143893857e+01,5.794355135057628559e+02,0.000000000000000000e+00
9.079273174055231266e+01,5.771539709027794061e+02,0.000000000000000000e+00
9.086724920966568675e+01,5.748724282997959563e+02,0.000000000000000000e+00
9.094176667877906084e+01,5.725908856968126202e+02,0.000000000000000000e+00
9.101628414789243493e+01,5.703093430938291704e+02,0.000000000000000000e+00
9.109080161700580902e+01,5.680278004908457206e+02,0.000000000000000000e+00
9.116531908611918311e+01,5.657462578878622708e+02,0.000000000000000000e+00
9.123983655523255720e+01,5.634647152848789347e+02,0.000000000000000000e+00
9.131435402434593129e+01,5.611831726818954849e+02,0.000000000000000000e+00
9.138887149345930538e+01,5.589016300789120351e+02,0.000000000000000000e+00
9.146338896257267947e+01,5.566200874759286990e+02,0.000000000000000000e+00
9.153790643168605357e+01,5.543385448729452492e+02,0.000000000000000000e+00
9.161242390079942766e+01,5.520570022699617994e+02,0.000000000000000000e+00
9.168694136991280175e+01,5.497754596669783496e+02,0.000000000000000000e+00
9.176145883902617584e+01,5.474939170639950135e+02,0.000000000000000000e+00
9.183597630813954993e+01,5.452123744610115637e+02,0.000000000000000000e+00
9.191049377725292402e+01,5.429308318580281139e+02,0.000000000000000000e+00
9.198501124636629811e+01,5.406492892550447777e+02,0.000000000000000000e+00
9.205952871547967220e+01,5.383677466520613279e+02,0.000000000000000000e+00
9.213404618459304629e+01,5.360862040490778782e+02,0.000000000000000000e+00
9.220856365370642038e+01,5.338046614460945420e+02,0.000000000000000000e+00
9.228308112281979447e+01,5.315231188431110922e+02,0.000000000000000000e+00
9.235759859193316856e+01,5.292415762401276424e+02,0.000000000000000000e+00
9.243211606104654265e+01,5.269600336371443063e+02,0.000000000000000000e+00
9.250663353015991675e+01,5.246784910341608565e+02,0.000000000000000000e+00
9.258115099927329084e+01,5.223969484311774067e+02,0.000000000000000000e+00
9.265566846838666493e+01,5.201154058281939569e+02,0.000000000000000000e+00
9.273018593750003902e+01,5.178338632252106208e+02,0.000000000000000000e+00
9.280470340661341311e+01,5.155523206222271710e+02,0.000000000000000000e+00
9.287922087572678720e+01,5.132707780192437212e+02,0.000000000000000000e+00
9.295373834484016129e+01,5.109892354162603283e+02,0.000000000000000000e+00
9.302325581395342624e+01,5.088607805811640787e+02,0.000000000000000000e+00
9.320940232558133687e+01,5.057451841815378089e+02,0.000000000000000000e+00
9.339554883720924749e+01,5.026295877819115390e+02,0.000000000000000000e+00
9.358169534883715812e+01,4.995139913822852691e+02,0.000000000000000000e+00
9.376784186046506875e+01,4.963983949826589424e+02,0.000000000000000000e+00
9.395398837209297938e+01,4.932827985830326725e+02,0.000000000000000000e+00
9.414013488372089000e+01,4.901672021834064026e+02,0.000000000000000000e+00
9.432628139534880063e+01,4.870516057837801327e+02,0.000000000000000000e+00
9.451242790697671126e+01,4.839360093841538628e+02,0.000000000000000000e+00
9.469857441860462188e+01,4.808204129845275929e+02,0.000000000000000000e+00
9.488472093023253251e+01,4.777048165849012662e+02,0.000000000000000000e+00
9.507086744186044314e+01,4.745892201852749963e+02,0.000000000000000000e+00
9.525701395348835376e+01,4.714736237856487264e+02,0.000000000000000000e+00
9.544316046511626439e+01,4.683580273860224565e+02,0.000000000000000000e+00
9.562930697674417502e+01,4.652424309863961867e+02,0.000000000000000000e+00
9.581545348837208564e+01,4.621268345867699168e+02,0.000000000000000000e+00
9.600159999999999627e+01,4.590112381871435900e+02,0.000000000000000000e+00
9.618774651162790690e+01,4.558956417875173202e+02,0.000000000000000000e+00
9.637389302325581752e+01,4.527800453878910503e+02,0.000000000000000000e+00
9.656003953488372815e+01,4.496644489882647804e+02,0.000000000000000000e+00
9.674618604651163878e+01,4.465488525886385105e+02,0.000000000000000000e+00
9.693233255813954941e+01,4.434332561890122406e+02,0.000000000000000000e+00
9.711847906976746003e+01,4.403176597893859707e+02,0.000000000000000000e+00
9.730462558139537066e+01,4.372020633897596440e+02,0.000000000000000000e+00
9.749077209302328129e+01,4.340864669901333741e+02,0.000000000000000000e+00
9.767691860465119191e+01,4.309708705905071042e+02,0.000000000000000000e+00
9.786306511627910254e+01,4.278552741908808343e+02,0.000000000000000000e+00
9.804921162790701317e+01,4.247396777912545645e+02,0.000000000000000000e+00
9.823535813953492379e+01,4.216240813916282377e+02,0.000000000000000000e+00
9.842150465116283442e+01,4.185084849920019678e+02,0.000000000000000000e+00
9.860765116279074505e+01,4.153928885923756980e+02,0.000000000000000000e+00
9.879379767441865567e+01,4.122772921927494281e+02,0.000000000000000000e+00
9.897994418604656630e+01,4.091616957931231582e+02,0.000000000000000000e+00
9.916609069767447693e+01,4.060460993934968883e+02,0.000000000000000000e+00
9.935223720930238755e+01,4.029305029938706184e+02,0.000000000000000000e+00
9.953838372093029818e+01,3.998149065942442917e+02,0.000000000000000000e+00
9.972453023255820881e+01,3.966993101946180218e+02,0.000000000000000000e+00
9.991067674418611944e+01,3.935837137949917519e+02,0.000000000000000000e+00
1.000968232558140301e+02,3.904681173953654820e+02,0.000000000000000000e+00
1.002829697674419407e+02,3.873525209957392121e+02,0.000000000000000000e+00
1.004691162790698513e+02,3.842369245961128854e+02,0.000000000000000000e+00
1.006552627906977619e+02,3.811213281964866155e+02,0.000000000000000000e+00
1.008414093023256726e+02,3.780057317968603456e+02,0.000000000000000000e+00
1.010275558139535832e+02,3.748901353972340758e+02,0.000000000000000000e+00
1.012137023255814938e+02,3.717745389976078059e+02,0.000000000000000000e+00
1.013998488372094045e+02,3.686589425979815360e+02,0.000000000000000000e+00
1.015859953488373151e+02,3.655433461983552661e+02,0.000000000000000000e+00
1.017721418604652257e+02,3.624277497987289962e+02,0.000000000000000000e+00
1.019582883720931363e+02,3.593121533991027263e+02,0.000000000000000000e+00
1.021444348837210470e+02,3.561965569994763996e+02,0.000000000000000000e+00
1.023255813953487205e+02,3.531646472715080449e+02,0.000000000000000000e+00
1.123255813953487205e+02,2.340994113936156964e+02,0.000000000000000000e+00
1.134884856468022747e+02,2.202532644933435506e+02,0.000000000000000000e+00
1.234884856468022747e+02,1.473551219446400182e+02,0.000000000000000000e+00
1.265116846838663065e+02,1.253165625089402937e+02,0.000000000000000000e+00
1.365116846838662923e+02,1.026372777080468666e+02,0.000000000000000000e+00
1.432558991188226685e+02,8.734188171517963895e+01,0.000000000000000000e+00
1.532558991188226685e+02,8.263149622975707587e+01,0.000000000000000000e+00
1.632558991188226685e+02,7.792111074433449858e+01,0.000000000000000000e+00
1.674418604651162354e+02,7.594936158752238953e+01,0.000000000000000000e+00
1.774418604651162354e+02,1.201736958731000868e+02,0.000000000000000000e+00
1.786047647165698038e+02,1.253165625089402937e+02,0.000000000000000000e+00
1.786420734511264925e+02,1.268396320811678351e+02,0.000000000000000000e+00
1.786793821856831812e+02,1.283627016533953906e+02,0.000000000000000000e+00
1.787166909202398699e+02,1.298857712256229320e+02,0.000000000000000000e+00
1.787539996547965586e+02,1.314088407978504733e+02,0.000000000000000000e+00
1.787913083893532473e+02,1.329319103700780147e+02,0.000000000000000000e+00
1.788286171239099360e+02,1.344549799423055561e+02,0.000000000000000000e+00
1.788659258584666247e+02,1.359780495145330974e+02,0.000000000000000000e+00
1.789032345930233134e+02,1.375011190867606388e+02,0.000000000000000000e+00
1.789405433275800021e+02,1.390241886589881801e+02,0.000000000000000000e+00
1.789778520621366908e+02,1.405472582312157215e+02,0.000000000000000000e+00
1.790151607966933796e+02,1.420703278034432628e+02,0.000000000000000000e+00
1.790524695312500683e+02,1.435933973756708042e+02,0.000000000000000000e+00
1.790897782658067570e+02,1.451164669478983456e+02,0.000000000000000000e+00
1.791270870003634457e+02,1.466395365201258869e+02,0.000000000000000000e+00
1.791643957349201344e+02,1.481626060923534283e+02,0.000000000000000000e+00
1.792017044694768231e+02,1.496856756645809696e+02,0.000000000000000000e+00
1.792390132040335118e+02,1.512087452368085110e+02,0.000000000000000000e+00
1.792763219385902005e+02,1.527318148090360523e+02,0.000000000000000000e+00
1.793136306731468892e+02,1.542548843812635937e+02,0.000000000000000000e+00
1.793509394077035779e+02,1.557779539534911351e+02,0.000000000000000000e+00
1.793882481422602666e+02,1.573010235257186764e+02,0.000000000000000000e+00
1.794255568768169553e+02,1.588240930979462178e+02,0.000000000000000000e+00
1.794628656113736440e+02,1.603471626701737591e+02,0.000000000000000000e+00
1.795001743459303327e+02,1.618702322424013005e+02,0.000000000000000000e+00
1.795374830804870214e+02,1.633933018146288418e+02,0.000000000000000000e+00
1.795747918150437101e+02,1.649163713868563832e+02,0.000000000000000000e+00
1.796121005496003988e+02,1.664394409590839246e+02,0.000000000000000000e+00
1.796494092841570875e+02,1.679625105313114659e+02,0.000000000000000000e+00
1.796867180187137762e+02,1.694855801035390073e+02,0.000000000000000000e+00
1.797240267532704650e+02,1.710086496757665770e+02,0.000000000000000000e+00
1.797613354878271537e+02,1.725317192479941184e+02,0.000000000000000000e+00
1.797986442223838424e+02,1.740547888202216598e+02,0.000000000000000000e+00
1.798359529569405311e+02,1.755778583924492011e+02,0.000000000000000000e+00
1.798732616914972198e+02,1.771009279646767425e+02,0.000000000000000000e+00
1.799105704260539085e+02,1.786239975369042838e+02,0.000000000000000000e+00
1.799478791606105972e+02,1.801470671091318252e+02,0.000000000000000000e+00
1.799851878951672859e+02,1.816701366813593665e+02,0.000000000000000000e+00
1.800224966297239746e+02,1.831932062535869079e+02,0.000000000000000000e+00
1.800598053642806633e+02,1.847162758258144493e+02,0.000000000000000000e+00
1.800971140988373520e+02,1.862393453980419906e+02,0.000000000000000000e+00
1.801344228333940407e+02,1.877624149702695320e+02,0.000000000000000000e+00
1.801717315679507294e+02,1.892854845424970733e+02,0.000000000000000000e+00
1.802090403025074181e+02,1.908085541147246147e+02,0.000000000000000000e+00
1.802463490370641068e+02,1.923316236869521560e+02,0.000000000000000000e+00
1.802836577716207955e+02,1.938546932591796974e+02,0.000000000000000000e+00
1.803209665061774842e+02,1.953777628314072672e+02,0.000000000000000000e+00
1.803582752407341729e+02,1.969008324036348085e+02,0.000000000000000000e+00
1.803955839752908616e+02,1.984239019758623499e+02,0.000000000000000000e+00
1.804328927098475503e+02,1.999469715480898913e+02,0.000000000000000000e+00
1.804652014444040162e+02,2.012659240964632374e+02,0.000000000000000000e+00
1.805769276480740757e+02,2.035464461143274093e+02,0.000000000000000000e+00
1.806886538517441352e+02,2.058269681321915812e+02,0.000000000000000000e+00
1.808003800554141947e+02,2.081074901500557530e+02,0.000000000000000000e+00
1.809121062590842541e+02,2.103880121679198965e+02,0.000000000000000000e+00
1.810238324627543136e+02,2.126685341857840683e+02,0.000000000000000000e+00
1.811355586664243731e+02,2.149490562036482402e+02,0.000000000000000000e+00
1.812472848700944326e+02,2.172295782215124120e+02,0.000000000000000000e+00
1.813590110737644920e+02,2.195101002393765839e+02,0.000000000000000000e+00
1.814707372774345515e+02,2.217906222572407557e+02,0.000000000000000000e+00
1.815824634811046110e+02,2.240711442751049276e+02,0.000000000000000000e+00
1.816941896847746705e+02,2.263516662929690710e+02,0.000000000000000000e+00
1.818059158884447299e+02,2.286321883108332429e+02,0.000000000000000000e+00
1.819176420921147894e+02,2.309127103286974148e+02,0.000000000000000000e+00
1.820293682957848489e+02,2.331932323465615866e+02,0.000000000000000000e+00
1.821410944994549084e+02,2.354737543644257585e+02,0.000000000000000000e+00
1.822528207031249678e+02,2.377542763822899303e+02,0.000000000000000000e+00
1.823645469067950273e+02,2.400347984001541022e+02,0.000000000000000000e+00
1.824762731104650868e+02,2.423153204180182456e+02,0.000000000000000000e+00
1.825879993141351463e+02,2.445958424358824459e+02,0.000000000000000000e+00
1.826997255178052058e+02,2.468763644537465893e+02,0.000000000000000000e+00
1.828114517214752652e+02,2.491568864716107612e+02,0.000000000000000000e+00
1.829231779251453247e+02,2.514374084894749330e+02,0.000000000000000000e+00
1.830349041288153842e+02,2.537179305073391049e+02,0.000000000000000000e+00
1.831466303324854437e+02,2.559984525252032768e+02,0.000000000000000000e+00
1.832583565361555031e+02,2.582789745430674202e+02,0.000000000000000000e+00
1.833700827398255626e+02,2.605594965609316205e+02,0.000000000000000000e+00
1.834818089434956221e+02,2.628400185787957639e+02,0.000000000000000000e+00
1.835935351471656816e+02,2.651205405966599642e+02,0.000000000000000000e+00
1.837052613508357410e+02,2.674010626145241076e+02,0.000000000000000000e+00
1.838169875545058005e+02,2.696815846323883079e+02,0.000000000000000000e+00
1.839287137581758600e+02,2.719621066502524513e+02,0.000000000000000000e+00
1.840404399618459195e+02,2.742426286681165948e+02,0.000000000000000000e+00
1.841521661655159789e+02,2.765231506859807951e+02,0.000000000000000000e+00
1.842638923691860384e+02,2.788036727038449385e+02,0.000000000000000000e+00
1.843756185728560979e+02,2.810841947217091388e+02,0.000000000000000000e+00
1.844873447765261574e+02,2.833647167395732822e+02,0.000000000000000000e+00
1.845990709801962169e+02,2.856452387574374825e+02,0.000000000000000000e+00
1.847107971838662763e+02,2.879257607753016259e+02,0.000000000000000000e+00
1.848225233875363358e+02,2.902062827931657694e+02,0.000000000000000000e+00
1.849342495912063953e+02,2.924868048110299696e+02,0.000000000000000000e+00
1.850459757948764548e+02,2.947673268288941131e+02,0.000000000000000000e+00
1.851577019985465142e+02,2.970478488467583134e+02,0.000000000000000000e+00
1.852694282022165737e+02,2.993283708646224568e+02,0.000000000000000000e+00
1.853811544058866332e+02,3.016088928824866571e+02,0.000000000000000000e+00
1.854928806095566927e+02,3.038894149003508005e+02,0.000000000000000000e+00
1.856046068132267521e+02,3.061699369182149439e+02,0.000000000000000000e+00
1.857163330168968116e+02,3.084504589360791442e+02,0.000000000000000000e+00
1.858280592205668711e+02,3.107309809539432877e+02,0.000000000000000000e+00
1.859397854242369306e+02,3.130115029718074879e+02,0.000000000000000000e+00
1.860465116279068525e+02,3.151899664777462817e+02,0.000000000000000000e+00
1.861954494049780635e+02,3.183819805329458745e+02,0.000000000000000000e+00
1.863443871820492745e+02,3.215739945881454105e+02,0.000000000000000000e+00
1.864933249591204856e+02,3.247660086433450033e+02,0.000000000000000000e+00
1.866422627361916966e+02,3.279580226985445961e+02,0.000000000000000000e+00
1.867912005132629076e+02,3.311500367537441321e+02,0.000000000000000000e+00
1.869401382903341187e+02,3.343420508089437249e+02,0.000000000000000000e+00
1.870890760674053297e+02,3.375340648641432608e+02,0.000000000000000000e+00
1.872380138444765407e+02,3.407260789193428536e+02,0.000000000000000000e+00
1.873869516215477518e+02,3.439180929745424464e+02,0.000000000000000000e+00
1.875358893986189628e+02,3.471101070297419824e+02,0.000000000000000000e+00
1.876848271756901738e+02,3.503021210849415752e+02,0.000000000000000000e+00
1.878337649527613848e+02,3.534941351401411680e+02,0.000000000000000000e+00
1.879827027298325959e+02,3.566861491953407040e+02,0.000000000000000000e+00
1.881316405069038069e+02,3.598781632505402968e+02,0.000000000000000000e+00
1.882805782839750179e+02,3.630701773057398896e+02,0.000000000000000000e+00
1.884295160610462290e+02,3.662621913609394255e+02,0.000000000000000000e+00
1.885784538381174400e+02,3.694542054161390183e+02,0.000000000000000000e+00
1.887273916151886510e+02,3.726462194713386111e+02,0.000000000000000000e+00
1.888763293922598621e+02,3.758382335265381471e+02,0.000000000000000000e+00
1.890252671693310731e+02,3.790302475817377399e+02,0.000000000000000000e+00
1.891742049464022841e+02,3.822222616369373327e+02,0.000000000000000000e+00
1.893231427234734952e+02,3.854142756921368687e+02,0.000000000000000000e+00
1.894720805005447062e+02,3.886062897473364615e+02,0.000000000000000000e+00
1.896210182776159172e+02,3.917983038025359974e+02,0.000000000000000000e+00
1.897699560546871282e+02,3.949903178577355902e+02,0.000000000000000000e+00
1.899188938317583393e+02,3.981823319129351830e+02,0.000000000000000000e+00
1.900678316088295503e+02,4.013743459681347758e+02,0.000000000000000000e+00
1.902167693859007613e+02,4.045663600233343118e+02,0.000000000000000000e+00
1.903657071629719724e+02,4.077583740785339046e+02,0.000000000000000000e+00
1.905146449400431834e+02,4.109503881337334406e+02,0.000000000000000000e+00
1.906635827171143944e+02,4.141424021889330334e+02,0.000000000000000000e+00
1.908125204941856055e+02,4.173344162441326262e+02,0.000000000000000000e+00
1.909614582712568165e+02,4.205264302993321621e+02,0.000000000000000000e+00
1.911103960483280275e+02,4.237184443545317549e+02,0.000000000000000000e+00
1.912593338253992385e+02,4.269104584097312909e+02,0.000000000000000000e+00
1.914082716024704496e+02,4.301024724649308837e+02,0.000000000000000000e+00
1.915572093795416606e+02,4.332944865201304765e+02,0.000000000000000000e+00
1.917061471566128716e+02,4.364865005753300693e+02,0.000000000000000000e+00
1.918550849336840827e+02,4.396785146305296053e+02,0.000000000000000000e+00
1.920040227107552937e+02,4.428705286857291981e+02,0.000000000000000000e+00
1.921529604878265047e+02,4.460625427409287340e+02,0.000000000000000000e+00
1.923018982648977158e+02,4.492545567961283268e+02,0.000000000000000000e+00
1.924508360419689268e+02,4.524465708513279196e+02,0.000000000000000000e+00
1.925997738190401378e+02,4.556385849065275124e+02,0.000000000000000000e+00
1.927487115961113489e+02,4.588305989617270484e+02,0.000000000000000000e+00
1.928976493731825599e+02,4.620226130169265844e+02,0.000000000000000000e+00
1.930465871502537709e+02,4.652146270721261772e+02,0.000000000000000000e+00
1.931955249273249819e+02,4.684066411273257700e+02,0.000000000000000000e+00
1.933444627043961930e+02,4.715986551825253628e+02,0.000000000000000000e+00
1.934884004814679201e+02,4.746835099220147072e+02,0.000000000000000000e+00
1.936745469930958450e+02,4.786349942913906830e+02,0.000000000000000000e+00
1.938606935047237698e+02,4.825864786607666019e+02,0.000000000000000000e+00
1.940468400163516947e+02,4.865379630301425777e+02,0.000000000000000000e+00
1.942329865279796195e+02,4.904894473995184967e+02,0.000000000000000000e+00
1.944191330396075443e+02,4.944409317688944725e+02,0.000000000000000000e+00
1.946052795512354692e+02,4.983924161382703915e+02,0.000000000000000000e+00
1.947914260628633940e+02,5.023439005076463673e+02,0.000000000000000000e+00
1.949775725744913188e+02,5.062953848770223431e+02,0.000000000000000000e+00
1.951637190861192437e+02,5.102468692463982620e+02,0.000000000000000000e+00
1.953498655977471685e+02,5.141983536157741810e+02,0.000000000000000000e+00
1.955360121093750934e+02,5.181498379851501568e+02,0.000000000000000000e+00
1.957221586210030182e+02,5.221013223545261326e+02,0.000000000000000000e+00
1.959083051326309430e+02,5.260528067239021084e+02,0.000000000000000000e+00
1.960944516442588679e+02,5.300042910932779705e+02,0.000000000000000000e+00
1.962805981558867927e+02,5.339557754626539463e+02,0.000000000000000000e+00
1.964667446675147175e+02,5.379072598320299221e+02,0.000000000000000000e+00
1.966528911791426424e+02,5.418587442014058979e+02,0.000000000000000000e+00
1.968390376907705672e+02,5.458102285707818737e+02,0.000000000000000000e+00
1.970251842023984921e+02,5.497617129401577358e+02,0.000000000000000000e+00
1.972113307140264169e+02,5.537131973095337116e+02,0.000000000000000000e+00
1.973974772256543417e+02,5.576646816789096874e+02,0.000000000000000000e+00
1.975836237372822666e+02,5.616161660482856632e+02,0.000000000000000000e+00
1.977697702489101914e+02,5.655676504176615254e+02,0.000000000000000000e+00
1.979559167605381163e+02,5.695191347870375012e+02,0.000000000000000000e+00
1.981420632721660411e+02,5.734706191564134770e+02,0.000000000000000000e+00
1.983282097837939659e+02,5.774221035257894528e+02,0.000000000000000000e+00
1.985143562954218908e+02,5.813735878951654286e+02,0.000000000000000000e+00
1.987005028070498156e+02,5.853250722645412907e+02,0.000000000000000000e+00
1.988866493186777404e+02,5.892765566339172665e+02,0.000000000000000000e+00
1.990727958303056653e+02,5.932280410032932423e+02,0.000000000000000000e+00
1.992589423419335901e+02,5.971795253726692181e+02,0.000000000000000000e+00
1.994450888535615150e+02,6.011310097420450802e+02,0.000000000000000000e+00
1.996312353651894398e+02,6.050824941114210560e+02,0.000000000000000000e+00
1.998173818768173646e+02,6.090339784807970318e+02,0.000000000000000000e+00
2.000035283884452895e+02,6.129854628501730076e+02,0.000000000000000000e+00
2.001896749000732143e+02,6.169369472195489834e+02,0.000000000000000000e+00
2.003758214117011391e+02,6.208884315889249592e+02,0.000000000000000000e+00
2.005619679233290640e+02,6.248399159583008213e+02,0.000000000000000000e+00
2.007481144349569888e+02,6.287914003276767971e+02,0.000000000000000000e+00
2.009342609465849137e+02,6.327428846970527729e+02,0.000000000000000000e+00
2.011204074582128385e+02,6.366943690664286351e+02,0.000000000000000000e+00
2.013065539698407633e+02,6.406458534358046109e+02,0.000000000000000000e+00
2.014927004814686882e+02,6.445973378051805867e+02,0.000000000000000000e+00
2.016788469930966130e+02,6.485488221745565625e+02,0.000000000000000000e+00
2.018649935047245378e+02,6.525003065439325383e+02,0.000000000000000000e+00
2.020511400163524627e+02,6.564517909133085141e+02,0.000000000000000000e+00
2.022372865279803875e+02,6.604032752826843762e+02,0.000000000000000000e+00
2.024234330396083124e+02,6.643547596520603520e+02,0.000000000000000000e+00
2.026095795512362372e+02,6.683062440214363278e+02,0.000000000000000000e+00
2.027907260628634845e+02,6.721515892981332172e+02,0.000000000000000000e+00
2.029024551053780101e+02,6.744321112640880074e+02,0.000000000000000000e+00
2.030141841478925357e+02,6.767126332300429112e+02,0.000000000000000000e+00
2.031259131904070614e+02,6.789931551959977014e+02,0.000000000000000000e+00
2.032376422329215870e+02,6.812736771619524916e+02,0.000000000000000000e+00
2.033493712754361127e+02,6.835541991279073955e+02,0.000000000000000000e+00
2.034611003179506383e+02,6.858347210938621856e+02,0.000000000000000000e+00
2.035728293604651640e+02,6.881152430598169758e+02,0.000000000000000000e+00
2.036845584029796896e+02,6.903957650257718797e+02,0.000000000000000000e+00
2.037962874454942153e+02,6.926762869917266698e+02,0.000000000000000000e+00
2.039080164880087409e+02,6.949568089576814600e+02,0.000000000000000000e+00
2.040197455305232666e+02,6.972373309236363639e+02,0.000000000000000000e+00
2.041314745730377922e+02,6.995178528895911541e+02,0.000000000000000000e+00
2.042432036155523178e+02,7.017983748555459442e+02,0.000000000000000000e+00
2.043549326580668435e+02,7.040788968215008481e+02,0.000000000000000000e+00
2.044666617005813691e+02,7.063594187874556383e+02,0.000000000000000000e+00
2.045783907430958948e+02,7.086399407534104284e+02,0.000000000000000000e+00
2.046901197856104204e+02,7.109204627193652186e+02,0.000000000000000000e+00
2.048018488281249461e+02,7.132009846853201225e+02,0.000000000000000000e+00
2.049135778706394717e+02,7.154815066512749127e+02,0.000000000000000000e+00
2.050253069131539974e+02,7.177620286172297028e+02,0.000000000000000000e+00
2.051370359556685230e+02,7.200425505831846067e+02,0.000000000000000000e+00
2.052487649981830486e+02,7.223230725491393969e+02,0.000000000000000000e+00
2.053604940406975743e+02,7.246035945150941870e+02,0.000000000000000000e+00
2.054722230832120999e+02,7.268841164810490909e+02,0.000000000000000000e+00
2.055839521257266256e+02,7.291646384470038811e+02,0.000000000000000000e+00
2.056956811682411512e+02,7.314451604129586713e+02,0.000000000000000000e+00
2.058074102107556769e+02,7.337256823789135751e+02,0.000000000000000000e+00
2.059191392532702025e+02,7.360062043448683653e+02,0.000000000000000000e+00
2.060308682957847282e+02,7.382867263108231555e+02,0.000000000000000000e+00
2.061425973382992538e+02,7.405672482767780593e+02,0.000000000000000000e+00
2.062543263808137795e+02,7.428477702427328495e+02,0.000000000000000000e+00
2.063660554233283051e+02,7.451282922086876397e+02,0.000000000000000000e+00
2.064777844658428307e+02,7.474088141746425435e+02,0.000000000000000000e+00
2.065895135083573564e+02,7.496893361405973337e+02,0.000000000000000000e+00
2.067012425508718820e+02,7.519698581065521239e+02,0.000000000000000000e+00
2.068129715933864077e+02,7.542503800725069141e+02,0.000000000000000000e+00
2.069247006359009333e+02,7.565309020384618179e+02,0.000000000000000000e+00
2.070364296784154590e+02,7.588114240044166081e+02,0.000000000000000000e+00
2.071481587209299846e+02,7.610919459703713983e+02,0.000000000000000000e+00
2.072598877634445103e+02,7.633724679363263022e+02,0.000000000000000000e+00
2.073716168059590359e+02,7.656529899022810923e+02,0.000000000000000000e+00
2.074833458484735615e+02,7.679335118682358825e+02,0.000000000000000000e+00
2.075950748909880872e+02,7.702140338341907864e+02,0.000000000000000000e+00
2.077068039335026128e+02,7.724945558001455765e+02,0.000000000000000000e+00
2.078185329760171385e+02,7.747750777661003667e+02,0.000000000000000000e+00
2.079302620185316641e+02,7.770555997320552706e+02,0.000000000000000000e+00
2.080419910610461898e+02,7.793361216980100608e+02,0.000000000000000000e+00
2.081537201035607154e+02,7.816166436639648509e+02,0.000000000000000000e+00
2.082654491460752411e+02,7.838971656299197548e+02,0.000000000000000000e+00
2.083721781885901976e+02,7.860756316794165741e+02,0.000000000000000000e+00
2.084466956577035717e+02,7.879008727245187629e+02,0.000000000000000000e+00
2.085212131268169458e+02,7.897261137696209516e+02,0.000000000000000000e+00
2.085957305959303199e+02,7.915513548147231404e+02,0.000000000000000000e+00
2.086702480650436939e+02,7.933765958598253292e+02,0.000000000000000000e+00
2.087447655341570680e+02,7.952018369049276316e+02,0.000000000000000000e+00
2.088192830032704421e+02,7.970270779500298204e+02,0.000000000000000000e+00
2.088938004723838162e+02,7.988523189951320091e+02,0.000000000000000000e+00
2.089683179414971903e+02,8.006775600402341979e+02,0.000000000000000000e+00
2.090428354106105644e+02,8.025028010853363867e+02,0.000000000000000000e+00
2.091173528797239385e+02,8.043280421304385754e+02,0.000000000000000000e+00
2.091918703488373126e+02,8.061532831755407642e+02,0.000000000000000000e+00
2.092663878179506867e+02,8.079785242206429530e+02,0.000000000000000000e+00
2.093409052870640608e+02,8.098037652657451417e+02,0.000000000000000000e+00
2.094154227561774348e+02,8.116290063108474442e+02,0.000000000000000000e+00
2.094899402252908089e+02,8.134542473559496329e+02,0.000000000000000000e+00
2.095644576944041830e+02,8.152794884010518217e+02,0.000000000000000000e+00
2.096389751635175571e+02,8.171047294461540105e+02,0.000000000000000000e+00
2.097134926326309312e+02,8.189299704912561992e+02,0.000000000000000000e+00
2.097880101017443053e+02,8.207552115363583880e+02,0.000000000000000000e+00
2.098625275708576794e+02,8.225804525814605768e+02,0.000000000000000000e+00
2.099370450399710535e+02,8.244056936265627655e+02,0.000000000000000000e+00
2.100115625090844276e+02,8.262309346716649543e+02,0.000000000000000000e+00
2.100860799781978017e+02,8.280561757167672567e+02,0.000000000000000000e+00
2.101605974473111758e+02,8.298814167618694455e+02,0.000000000000000000e+00
2.102351149164245498e+02,8.317066578069716343e+02,0.000000000000000000e+00
2.103096323855379239e+02,8.335318988520738230e+02,0.000000000000000000e+00
2.103841498546512980e+02,8.353571398971760118e+02,0.000000000000000000e+00
2.104586673237646721e+02,8.371823809422782006e+02,0.000000000000000000e+00
2.105331847928780462e+02,8.390076219873803893e+02,0.000000000000000000e+00
2.106077022619914203e+02,8.408328630324825781e+02,0.000000000000000000e+00
2.106822197311047944e+02,8.426581040775847669e+02,0.000000000000000000e+00
2.107567372002181685e+02,8.444833451226870693e+02,0.000000000000000000e+00
2.108312546693315426e+02,8.463085861677892581e+02,0.000000000000000000e+00
2.109057721384449167e+02,8.481338272128914468e+02,0.000000000000000000e+00
2.109802896075582908e+02,8.499590682579936356e+02,0.000000000000000000e+00
2.110548070766716648e+02,8.517843093030958244e+02,0.000000000000000000e+00
2.111293245457850389e+02,8.536095503481980131e+02,0.000000000000000000e+00
2.112038420148984130e+02,8.554347913933002019e+02,0.000000000000000000e+00
2.112783594840117871e+02,8.572600324384023907e+02,0.000000000000000000e+00
2.113528769531251612e+02,8.590852734835045794e+02,0.000000000000000000e+00
2.114273944222385353e+02,8.609105145286068819e+02,0.000000000000000000e+00
2.115019118913519094e+02,8.627357555737090706e+02,0.000000000000000000e+00
2.115764293604652835e+02,8.645609966188112594e+02,0.000000000000000000e+00
2.116509468295786576e+02,8.663862376639134482e+02,0.000000000000000000e+00
2.117254642986920317e+02,8.682114787090156369e+02,0.000000000000000000e+00
2.117999817678054058e+02,8.700367197541178257e+02,0.000000000000000000e+00
2.118744992369187798e+02,8.718619607992200145e+02,0.000000000000000000e+00
2.119490167060321539e+02,8.736872018443222032e+02,0.000000000000000000e+00
2.120235341751455280e+02,8.755124428894243920e+02,0.000000000000000000e+00
2.120930516442587930e+02,8.772152132530301287e+02,0.000000000000000000e+00
2.121675719522166332e+02,8.791164986581877656e+02,0.000000000000000000e+00
2.122420922601744735e+02,8.810177840633452888e+02,0.000000000000000000e+00
2.123166125681323138e+02,8.829190694685029257e+02,0.000000000000000000e+00
2.123911328760901540e+02,8.848203548736605626e+02,0.000000000000000000e+00
2.124656531840479943e+02,8.867216402788180858e+02,0.000000000000000000e+00
2.125401734920058345e+02,8.886229256839757227e+02,0.000000000000000000e+00
2.126146937999636748e+02,8.905242110891333596e+02,0.000000000000000000e+00
2.126892141079215151e+02,8.924254964942909965e+02,0.000000000000000000e+00
2.127637344158793553e+02,8.943267818994485197e+02,0.000000000000000000e+00
2.128382547238371956e+02,8.962280673046061565e+02,0.000000000000000000e+00
2.129127750317950358e+02,8.981293527097637934e+02,0.000000000000000000e+00
2.129872953397528761e+02,9.000306381149213166e+02,0.000000000000000000e+00
2.130618156477107163e+02,9.019319235200789535e+02,0.000000000000000000e+00
2.131363359556685566e+02,9.038332089252365904e+02,0.000000000000000000e+00
2.132108562636263969e+02,9.057344943303941136e+02,0.000000000000000000e+00
2.132853765715842371e+02,9.076357797355517505e+02,0.000000000000000000e+00
2.133598968795420774e+02,9.095370651407093874e+02,0.000000000000000000e+00
2.134344171874999176e+02,9.114383505458669106e+02,0.000000000000000000e+00
2.135089374954577579e+02,9.133396359510245475e+02,0.000000000000000000e+00
2.135834578034155982e+02,9.152409213561821844e+02,0.000000000000000000e+00
2.136579781113734384e+02,9.171422067613398212e+02,0.000000000000000000e+00
2.137324984193312787e+02,9.190434921664973444e+02,0.000000000000000000e+00
2.138070187272891189e+02,9.209447775716549813e+02,0.000000000000000000e+00
2.138815390352469592e+02,9.228460629768126182e+02,0.000000000000000000e+00
2.139560593432047995e+02,9.247473483819701414e+02,0.000000000000000000e+00
2.140305796511626397e+02,9.266486337871277783e+02,0.000000000000000000e+00
2.141050999591204800e+02,9.285499191922854152e+02,0.000000000000000000e+00
2.141796202670783202e+02,9.304512045974429384e+02,0.000000000000000000e+00
2.142541405750361605e+02,9.323524900026005753e+02,0.000000000000000000e+00
2.143286608829940008e+02,9.342537754077582122e+02,0.000000000000000000e+00
2.144031811909518410e+02,9.361550608129157354e+02,0.000000000000000000e+00
2.144777014989096813e+02,9.380563462180733723e+02,0.000000000000000000e+00
2.145522218068675215e+02,9.399576316232310091e+02,0.000000000000000000e+00
2.146267421148253618e+02,9.418589170283885323e+02,0.000000000000000000e+00
2.147012624227832021e+02,9.437602024335461692e+02,0.000000000000000000e+00
2.147757827307410423e+02,9.456614878387038061e+02,0.000000000000000000e+00
2.148503030386988826e+02,9.475627732438613293e+02,0.000000000000000000e+00
2.149248233466567228e+02,9.494640586490189662e+02,0.000000000000000000e+00
2.149993436546145631e+02,9.513653440541766031e+02,0.000000000000000000e+00
2.150738639625724034e+02,9.532666294593342400e+02,0.000000000000000000e+00
2.151483842705302436e+02,9.551679148644917632e+02,0.000000000000000000e+00
2.152229045784880839e+02,9.570692002696494001e+02,0.000000000000000000e+00
2.152974248864459241e+02,9.589704856748070370e+02,0.000000000000000000e+00
2.153719451944037644e+02,9.608717710799645602e+02,0.000000000000000000e+00
2.154464655023616046e+02,9.627730564851221970e+02,0.000000000000000000e+00
2.155209858103194449e+02,9.646743418902798339e+02,0.000000000000000000e+00
2.155955061182772852e+02,9.665756272954374708e+02,0.000000000000000000e+00
2.156700264262351254e+02,9.684769127005949940e+02,0.000000000000000000e+00
2.157445467341929657e+02,9.703781981057526309e+02,0.000000000000000000e+00
2.158140670421511231e+02,9.721519152374328314e+02,0.000000000000000000e+00
2.258140670421511231e+02,9.993671463971146522e+02,0.000000000000000000e+00
2.269768293513807862e+02,1.002531630900059668e+03,0.000000000000000000e+00
2.271257671284519972e+02,1.000631621153305218e+03,0.000000000000000000e+00
2.272747049055232083e+02,9.987316114065507691e+02,0.000000000000000000e+00
2.274236426825944193e+02,9.968316016597963198e+02,0.000000000000000000e+00
2.275725804596656303e+02,9.949315919130418706e+02,0.000000000000000000e+00
2.277215182367368413e+02,9.930315821662875351e+02,0.000000000000000000e+00
2.278704560138080524e+02,9.911315724195330858e+02,0.000000000000000000e+00
2.280193937908792634e+02,9.892315626727786366e+02,0.000000000000000000e+00
2.281683315679504744e+02,9.873315529260241874e+02,0.000000000000000000e+00
2.283172693450216855e+02,9.854315431792697382e+02,0.000000000000000000e+00
2.284662071220928965e+02,9.835315334325152890e+02,0.000000000000000000e+00
2.286151448991641075e+02,9.816315236857608397e+02,0.000000000000000000e+00
2.287640826762353186e+02,9.797315139390063905e+02,0.000000000000000000e+00
2.289130204533065296e+02,9.778315041922519413e+02,0.000000000000000000e+00
2.290619582303777406e+02,9.759314944454974921e+02,0.000000000000000000e+00
2.292108960074489517e+02,9.740314846987431565e+02,0.000000000000000000e+00
2.293598337845201627e+02,9.721314749519887073e+02,0.000000000000000000e+00
2.295087715615913737e+02,9.702314652052342581e+02,0.000000000000000000e+00
2.296577093386625847e+02,9.683314554584798088e+02,0.000000000000000000e+00
2.298066471157337958e+02,9.664314457117253596e+02,0.000000000000000000e+00
2.299555848928050068e+02,9.645314359649709104e+02,0.000000000000000000e+00
2.301045226698762178e+02,9.626314262182164612e+02,0.000000000000000000e+00
2.302534604469474289e+02,9.607314164714620119e+02,0.000000000000000000e+00
2.304023982240186399e+02,9.588314067247075627e+02,0.000000000000000000e+00
2.305513360010898509e+02,9.569313969779532272e+02,0.000000000000000000e+00
2.307002737781610620e+02,9.550313872311987780e+02,0.000000000000000000e+00
2.308492115552322730e+02,9.531313774844443287e+02,0.000000000000000000e+00
2.309981493323034840e+02,9.512313677376898795e+02,0.000000000000000000e+00
2.311470871093746950e+02,9.493313579909354303e+02,0.000000000000000000e+00
2.312960248864459061e+02,9.474313482441809811e+02,0.000000000000000000e+00
2.314449626635171171e+02,9.455313384974265318e+02,0.000000000000000000e+00
2.315939004405883281e+02,9.436313287506720826e+02,0.000000000000000000e+00
2.317428382176595392e+02,9.417313190039176334e+02,0.000000000000000000e+00
2.318917759947307502e+02,9.398313092571631842e+02,0.000000000000000000e+00
2.320407137718019612e+02,9.379312995104087349e+02,0.000000000000000000e+00
2.321896515488731723e+02,9.360312897636543994e+02,0.000000000000000000e+00
2.323385893259443833e+02,9.341312800168999502e+02,0.000000000000000000e+00
2.324875271030155943e+02,9.322312702701455009e+02,0.000000000000000000e+00
2.326364648800868054e+02,9.303312605233910517e+02,0.000000000000000000e+00
2.327854026571580164e+02,9.284312507766366025e+02,0.000000000000000000e+00
2.329343404342292274e+02,9.265312410298821533e+02,0.000000000000000000e+00
2.330832782113004384e+02,9.246312312831277040e+02,0.000000000000000000e+00
2.332322159883716495e+02,9.227312215363732548e+02,0.000000000000000000e+00
2.333811537654428605e+02,9.208312117896189193e+02,0.000000000000000000e+00
2.335300915425140715e+02,9.189312020428644701e+02,0.000000000000000000e+00
2.336790293195852826e+02,9.170311922961100208e+02,0.000000000000000000e+00
2.338279670966564936e+02,9.151311825493555716e+02,0.000000000000000000e+00
2.339769048737277046e+02,9.132311728026011224e+02,0.000000000000000000e+00
2.341258426507989157e+02,9.113311630558466732e+02,0.000000000000000000e+00
2.342747804278701267e+02,9.094311533090922239e+02,0.000000000000000000e+00
2.344187182049417402e+02,9.075949289156566238e+02,0.000000000000000000e+00
2.344932356740551143e+02,9.053133863126731740e+02,0.000000000000000000e+00
2.345677531431684884e+02,9.030318437096898379e+02,0.000000000000000000e+00
2.346422706122818624e+02,9.007503011067063881e+02,0.000000000000000000e+00
2.347167880813952365e+02,8.984687585037229383e+02,0.000000000000000000e+00
2.347913055505086106e+02,8.961872159007396021e+02,0.000000000000000000e+00
2.348658230196219847e+02,8.939056732977561524e+02,0.000000000000000000e+00
2.349403404887353588e+02,8.916241306947727026e+02,0.000000000000000000e+00
2.350148579578487329e+02,8.893425880917892528e+02,0.000000000000000000e+00
2.350893754269621070e+02,8.870610454888059166e+02,0.000000000000000000e+00
2.351638928960754811e+02,8.847795028858224669e+02,0.000000000000000000e+00
2.352384103651888552e+02,8.824979602828390171e+02,0.000000000000000000e+00
2.353129278343022293e+02,8.802164176798556809e+02,0.000000000000000000e+00
2.353874453034156033e+02,8.779348750768722311e+02,0.000000000000000000e+00
2.354619627725289774e+02,8.756533324738887814e+02,0.000000000000000000e+00
2.355364802416423515e+02,8.733717898709054452e+02,0.000000000000000000e+00
2.356109977107557256e+02,8.710902472679219954e+02,0.000000000000000000e+00
2.356855151798690997e+02,8.688087046649385456e+02,0.000000000000000000e+00
2.357600326489824738e+02,8.665271620619552095e+02,0.000000000000000000e+00
2.358345501180958479e+02,8.642456194589717597e+02,0.000000000000000000e+00
2.359090675872092220e+02,8.619640768559883099e+02,0.000000000000000000e+00
2.359835850563225961e+02,8.596825342530048601e+02,0.000000000000000000e+00
2.360581025254359702e+02,8.574009916500215240e+02,0.000000000000000000e+00
2.361326199945493443e+02,8.551194490470380742e+02,0.000000000000000000e+00
2.362071374636627183e+02,8.528379064440546244e+02,0.000000000000000000e+00
2.362816549327760924e+02,8.505563638410712883e+02,0.000000000000000000e+00
2.363561724018894665e+02,8.482748212380878385e+02,0.000000000000000000e+00
2.364306898710028406e+02,8.459932786351043887e+02,0.000000000000000000e+00
2.365052073401162147e+02,8.437117360321210526e+02,0.000000000000000000e+00
2.365797248092295888e+02,8.414301934291376028e+02,0.000000000000000000e+00
2.366542422783429629e+02,8.391486508261541530e+02,0.000000000000000000e+00
2.367287597474563370e+02,8.368671082231708169e+02,0.000000000000000000e+00
2.368032772165697111e+02,8.345855656201873671e+02,0.000000000000000000e+00
2.368777946856830852e+02,8.323040230172039173e+02,0.000000000000000000e+00
2.369523121547964593e+02,8.300224804142205812e+02,0.000000000000000000e+00
2.370268296239098333e+02,8.277409378112371314e+02,0.000000000000000000e+00
2.371013470930232074e+02,8.254593952082536816e+02,0.000000000000000000e+00
2.371758645621365815e+02,8.231778526052703455e+02,0.000000000000000000e+00
2.372503820312499556e+02,8.208963100022868957e+02,0.000000000000000000e+00
2.373248995003633297e+02,8.186147673993034459e+02,0.000000000000000000e+00
2.373994169694767038e+02,8.163332247963199961e+02,0.000000000000000000e+00
2.374739344385900779e+02,8.140516821933366600e+02,0.000000000000000000e+00
2.375484519077034520e+02,8.117701395903532102e+02,0.000000000000000000e+00
2.376229693768168261e+02,8.094885969873697604e+02,0.000000000000000000e+00
2.376974868459302002e+02,8.072070543843864243e+02,0.000000000000000000e+00
2.377720043150435743e+02,8.049255117814029745e+02,0.000000000000000000e+00
2.378465217841569483e+02,8.026439691784195247e+02,0.000000000000000000e+00
2.379210392532703224e+02,8.003624265754360749e+02,0.000000000000000000e+00
2.379955567223836965e+02,7.980808839724527388e+02,0.000000000000000000e+00
2.380700741914970706e+02,7.957993413694692890e+02,0.000000000000000000e+00
2.381395916606103356e+02,7.936708865343730395e+02,0.000000000000000000e+00
2.481395916606103356e+02,6.624542299467084376e+02,0.000000000000000000e+00
2.511627906976744953e+02,6.227848229624477199e+02,0.000000000000000000e+00
2.512745197401890209e+02,6.193640400135154778e+02,0.000000000000000000e+00
2.513862487827035466e+02,6.159432570645832357e+02,0.000000000000000000e+00
2.514979778252180722e+02,6.125224741156509936e+02,0.000000000000000000e+00
2.516097068677325979e+02,6.091016911667186378e+02,0.000000000000000000e+00
2.517214359102471235e+02,6.056809082177863957e+02,0.000000000000000000e+00
2.518331649527616491e+02,6.022601252688541535e+02,0.000000000000000000e+00
2.519448939952761748e+02,5.988393423199219114e+02,0.000000000000000000e+00
2.520566230377907004e+02,5.954185593709896693e+02,0.000000000000000000e+00
2.521683520803052261e+02,5.919977764220574272e+02,0.000000000000000000e+00
2.522800811228197517e+02,5.885769934731250714e+02,0.000000000000000000e+00
2.523918101653342774e+02,5.851562105241928293e+02,0.000000000000000000e+00
2.525035392078488030e+02,5.817354275752605872e+02,0.000000000000000000e+00
2.526152682503633287e+02,5.783146446263283451e+02,0.000000000000000000e+00
2.527269972928778543e+02,5.748938616773961030e+02,0.000000000000000000e+00
2.528387263353923800e+02,5.714730787284638609e+02,0.000000000000000000e+00
2.529504553779069056e+02,5.680522957795316188e+02,0.000000000000000000e+00
2.530621844204214312e+02,5.646315128305992630e+02,0.000000000000000000e+00
2.531739134629359569e+02,5.612107298816670209e+02,0.000000000000000000e+00
2.532856425054504825e+02,5.577899469327347788e+02,0.000000000000000000e+00
2.533973715479650082e+02,5.543691639838025367e+02,0.000000000000000000e+00
2.535091005904795338e+02,5.509483810348702946e+02,0.000000000000000000e+00
2.536208296329940595e+02,5.475275980859380525e+02,0.000000000000000000e+00
2.537325586755085851e+02,5.441068151370056967e+02,0.000000000000000000e+00
2.538442877180231108e+02,5.406860321880734546e+02,0.000000000000000000e+00
2.539560167605376364e+02,5.372652492391412125e+02,0.000000000000000000e+00
2.540677458030521620e+02,5.338444662902089703e+02,0.000000000000000000e+00
2.541794748455666877e+02,5.304236833412767282e+02,0.000000000000000000e+00
2.542912038880812133e+02,5.270029003923444861e+02,0.000000000000000000e+00
2.544029329305957390e+02,5.235821174434122440e+02,0.000000000000000000e+00
2.545146619731102646e+02,5.201613344944798882e+02,0.000000000000000000e+00
2.546263910156247903e+02,5.167405515455476461e+02,0.000000000000000000e+00
2.547381200581393159e+02,5.133197685966154040e+02,0.000000000000000000e+00
2.548498491006538416e+02,5.098989856476831619e+02,0.000000000000000000e+00
2.549615781431683672e+02,5.064782026987509198e+02,0.000000000000000000e+00
2.550733071856828929e+02,5.030574197498186209e+02,0.000000000000000000e+00
2.551850362281974185e+02,4.996366368008863788e+02,0.000000000000000000e+00
2.552967652707119441e+02,4.962158538519541366e+02,0.000000000000000000e+00
2.554084943132264698e+02,4.927950709030218377e+02,0.000000000000000000e+00
2.555202233557409954e+02,4.893742879540895956e+02,0.000000000000000000e+00
2.556319523982555211e+02,4.859535050051573535e+02,0.000000000000000000e+00
2.557436814407700467e+02,4.825327220562251114e+02,0.000000000000000000e+00
2.558554104832845724e+02,4.791119391072928124e+02,0.000000000000000000e+00
2.559671395257990980e+02,4.756911561583605703e+02,0.000000000000000000e+00
2.560788685683136237e+02,4.722703732094282714e+02,0.000000000000000000e+00
2.561905976108281493e+02,4.688495902604960293e+02,0.000000000000000000e+00
2.563023266533426749e+02,4.654288073115637872e+02,0.000000000000000000e+00
2.564140556958572006e+02,4.620080243626315450e+02,0.000000000000000000e+00
2.565257847383717262e+02,4.585872414136993029e+02,0.000000000000000000e+00
2.566375137808862519e+02,4.551664584647670040e+02,0.000000000000000000e+00
2.567442428234011800e+02,4.518987593905225708e+02,0.000000000000000000e+00
2.667442428234011800e+02,3.260280395105186244e+02,0.000000000000000000e+00
2.679070051326307293e+02,3.113922666193126929e+02,0.000000000000000000e+00
2.779070051326307293e+02,2.195413967643029309e+02,0.000000000000000000e+00
2.827907828397527510e+02,1.746834737065366596e+02,0.000000000000000000e+00
2.927907828397527510e+02,1.321596344656410338e+02,0.000000000000000000e+00
3.027907828397527510e+02,8.963579522474537953e+01,0.000000000000000000e+00
3.051163074582121908e+02,7.974677172213394272e+01,0.000000000000000000e+00
3.151163074582121908e+02,6.545886036410308861e+01,0.000000000000000000e+00
3.237209586210029215e+02,5.316461105602998316e+01,0.000000000000000000e+00
3.337209586210029215e+02,8.037968360541798063e+01,0.000000000000000000e+00
3.404651730559593261e+02,9.873411211901481010e+01,0.000000000000000000e+00
3.406141108330305656e+02,1.014701249946677564e+02,0.000000000000000000e+00
3.407630486101018050e+02,1.042061378703206884e+02,0.000000000000000000e+00
3.409119863871730445e+02,1.069421507459736347e+02,0.000000000000000000e+00
3.410609241642442839e+02,1.096781636216265809e+02,0.000000000000000000e+00
3.412098619413155234e+02,1.124141764972795130e+02,0.000000000000000000e+00
3.413587997183867628e+02,1.151501893729324593e+02,0.000000000000000000e+00
3.415077374954580023e+02,1.178862022485854055e+02,0.000000000000000000e+00
3.416566752725292417e+02,1.206222151242383518e+02,0.000000000000000000e+00
3.418056130496004812e+02,1.233582279998912838e+02,0.000000000000000000e+00
3.419545508266717206e+02,1.260942408755442301e+02,0.000000000000000000e+00
3.421034886037429601e+02,1.288302537511971764e+02,0.000000000000000000e+00
3.422524263808141995e+02,1.315662666268501084e+02,0.000000000000000000e+00
3.424013641578854390e+02,1.343022795025030405e+02,0.000000000000000000e+00
3.425503019349566785e+02,1.370382923781560010e+02,0.000000000000000000e+00
3.426992397120279179e+02,1.397743052538089330e+02,0.000000000000000000e+00
3.428481774890991574e+02,1.425103181294618935e+02,0.000000000000000000e+00
3.429971152661703968e+02,1.452463310051148255e+02,0.000000000000000000e+00
3.431460530432416363e+02,1.479823438807677576e+02,0.000000000000000000e+00
3.432949908203128757e+02,1.507183567564206896e+02,0.000000000000000000e+00
3.434439285973841152e+02,1.534543696320736501e+02,0.000000000000000000e+00
3.435928663744553546e+02,1.561903825077265822e+02,0.000000000000000000e+00
3.437418041515265941e+02,1.589263953833795426e+02,0.000000000000000000e+00
3.438907419285978335e+02,1.616624082590324747e+02,0.000000000000000000e+00
3.440396797056690730e+02,1.643984211346854067e+02,0.000000000000000000e+00
3.441886174827403124e+02,1.671344340103383388e+02,0.000000000000000000e+00
3.443375552598115519e+02,1.698704468859912993e+02,0.000000000000000000e+00
3.444864930368827913e+02,1.726064597616442313e+02,0.000000000000000000e+00
3.446354308139540308e+02,1.753424726372971918e+02,0.000000000000000000e+00
3.447843685910252702e+02,1.780784855129501238e+02,0.000000000000000000e+00
3.449333063680965097e+02,1.808144983886030559e+02,0.000000000000000000e+00
3.450822441451677491e+02,1.835505112642559880e+02,0.000000000000000000e+00
3.452311819222389886e+02,1.862865241399089484e+02,0.000000000000000000e+00
3.453801196993102280e+02,1.890225370155619089e+02,0.000000000000000000e+00
3.455290574763814675e+02,1.917585498912148410e+02,0.000000000000000000e+00
3.456779952534527069e+02,1.944945627668677730e+02,0.000000000000000000e+00
3.458269330305239464e+02,1.972305756425207051e+02,0.000000000000000000e+00
3.459758708075951859e+02,1.999665885181736371e+02,0.000000000000000000e+00
3.461248085846664253e+02,2.027026013938265976e+02,0.000000000000000000e+00
3.462737463617376648e+02,2.054386142694795581e+02,0.000000000000000000e+00
3.464226841388089042e+02,2.081746271451324901e+02,0.000000000000000000e+00
3.465716219158801437e+02,2.109106400207854222e+02,0.000000000000000000e+00
3.467205596929513831e+02,2.136466528964383542e+02,0.000000000000000000e+00
3.468694974700226226e+02,2.163826657720912863e+02,0.000000000000000000e+00
3.470184352470938620e+02,2.191186786477442467e+02,0.000000000000000000e+00
3.471673730241651015e+02,2.218546915233972072e+02,0.000000000000000000e+00
3.473163108012363409e+02,2.245907043990501393e+02,0.000000000000000000e+00
3.474652485783075804e+02,2.273267172747030713e+02,0.000000000000000000e+00
3.476141863553788198e+02,2.300627301503560034e+02,0.000000000000000000e+00
3.477631241324500593e+02,2.327987430260089639e+02,0.000000000000000000e+00
3.479070619095203938e+02,2.354429050317902750e+02,0.000000000000000000e+00
3.479815793786337395e+02,2.381807607971797154e+02,0.000000000000000000e+00
3.480560968477470851e+02,2.409186165625691842e+02,0.000000000000000000e+00
3.481306143168604308e+02,2.436564723279586246e+02,0.000000000000000000e+00
3.482051317859737765e+02,2.463943280933480651e+02,0.000000000000000000e+00
3.482796492550871221e+02,2.491321838587375339e+02,0.000000000000000000e+00
3.483541667242004678e+02,2.518700396241269743e+02,0.000000000000000000e+00
3.484286841933138135e+02,2.546078953895164148e+02,0.000000000000000000e+00
3.485032016624271591e+02,2.573457511549058836e+02,0.000000000000000000e+00
3.485777191315405048e+02,2.600836069202953240e+02,0.000000000000000000e+00
3.486522366006538505e+02,2.628214626856847644e+02,0.000000000000000000e+00
3.487267540697671961e+02,2.655593184510742049e+02,0.000000000000000000e+00
3.488012715388805418e+02,2.682971742164636453e+02,0.000000000000000000e+00
3.488757890079938875e+02,2.710350299818531425e+02,0.000000000000000000e+00
3.489503064771072331e+02,2.737728857472425830e+02,0.000000000000000000e+00
3.490248239462205788e+02,2.765107415126320234e+02,0.000000000000000000e+00
3.490993414153339245e+02,2.792485972780214638e+02,0.000000000000000000e+00
3.491738588844472702e+02,2.819864530434109042e+02,0.000000000000000000e+00
3.492483763535606158e+02,2.847243088088004015e+02,0.000000000000000000e+00
3.493228938226739615e+02,2.874621645741898419e+02,0.000000000000000000e+00
3.493974112917873072e+02,2.902000203395792823e+02,0.000000000000000000e+00
3.494719287609006528e+02,2.929378761049687228e+02,0.000000000000000000e+00
3.495464462300139985e+02,2.956757318703581632e+02,0.000000000000000000e+00
3.496209636991273442e+02,2.984135876357476036e+02,0.000000000000000000e+00
3.496954811682406898e+02,3.011514434011370440e+02,0.000000000000000000e+00
3.497699986373540355e+02,3.038892991665265413e+02,0.000000000000000000e+00
3.498445161064673812e+02,3.066271549319159817e+02,0.000000000000000000e+00
3.499190335755807268e+02,3.093650106973054221e+02,0.000000000000000000e+00
3.499935510446940725e+02,3.121028664626948625e+02,0.000000000000000000e+00
3.500680685138074182e+02,3.148407222280843598e+02,0.000000000000000000e+00
3.501425859829207639e+02,3.175785779934738002e+02,0.000000000000000000e+00
3.502171034520341095e+02,3.203164337588632407e+02,0.000000000000000000e+00
3.502916209211474552e+02,3.230542895242526811e+02,0.000000000000000000e+00
3.503661383902608009e+02,3.257921452896421215e+02,0.000000000000000000e+00
3.504406558593741465e+02,3.285300010550315619e+02,0.000000000000000000e+00
3.505151733284874922e+02,3.312678568204210023e+02,0.000000000000000000e+00
3.505896907976008379e+02,3.340057125858104996e+02,0.000000000000000000e+00
3.506642082667141835e+02,3.367435683511999400e+02,0.000000000000000000e+00
3.507387257358275292e+02,3.394814241165893804e+02,0.000000000000000000e+00
3.508132432049408749e+02,3.422192798819788209e+02,0.000000000000000000e+00
3.508877606740542205e+02,3.449571356473682613e+02,0.000000000000000000e+00
3.509622781431675662e+02,3.476949914127577586e+02,0.000000000000000000e+00
3.510367956122809119e+02,3.504328471781471990e+02,0.000000000000000000e+00
3.511113130813942576e+02,3.531707029435366394e+02,0.000000000000000000e+00
3.511858305505076032e+02,3.559085587089260798e+02,0.000000000000000000e+00
3.512603480196209489e+02,3.586464144743155202e+02,0.000000000000000000e+00
3.513348654887342946e+02,3.613842702397049607e+02,0.000000000000000000e+00
3.514093829578476402e+02,3.641221260050944011e+02,0.000000000000000000e+00
3.514839004269609859e+02,3.668599817704838415e+02,0.000000000000000000e+00
3.515584178960743316e+02,3.695978375358733388e+02,0.000000000000000000e+00
3.516279353651888755e+02,3.721519876683883581e+02,0.000000000000000000e+00
3.518140818768167719e+02,3.755715459650101025e+02,0.000000000000000000e+00
3.520002283884446683e+02,3.789911042616318468e+02,0.000000000000000000e+00
3.521863749000725647e+02,3.824106625582535344e+02,0.000000000000000000e+00
3.523725214117004612e+02,3.858302208548752787e+02,0.000000000000000000e+00
3.525586679233283576e+02,3.892497791514970231e+02,0.000000000000000000e+00
3.527448144349562540e+02,3.926693374481187675e+02,0.000000000000000000e+00
3.529309609465841504e+02,3.960888957447405119e+02,0.000000000000000000e+00
3.531171074582120468e+02,3.995084540413621994e+02,0.000000000000000000e+00
3.533032539698399432e+02,4.029280123379839438e+02,0.000000000000000000e+00
3.534894004814678397e+02,4.063475706346056882e+02,0.000000000000000000e+00
3.536755469930957361e+02,4.097671289312274325e+02,0.000000000000000000e+00
3.538616935047236325e+02,4.131866872278491201e+02,0.000000000000000000e+00
3.540478400163515289e+02,4.166062455244708644e+02,0.000000000000000000e+00
3.542339865279794253e+02,4.200258038210926088e+02,0.000000000000000000e+00
3.544201330396073217e+02,4.234453621177143532e+02,0.000000000000000000e+00
3.546062795512352182e+02,4.268649204143360976e+02,0.000000000000000000e+00
3.547924260628631146e+02,4.302844787109577851e+02,0.000000000000000000e+00
3.549785725744910110e+02,4.337040370075795295e+02,0.000000000000000000e+00
3.551647190861189074e+02,4.371235953042012738e+02,0.000000000000000000e+00
3.553508655977468038e+02,4.405431536008230182e+02,0.000000000000000000e+00
3.555370121093747002e+02,4.439627118974447058e+02,0.000000000000000000e+00
3.557231586210025966e+02,4.473822701940664501e+02,0.000000000000000000e+00
3.559093051326304931e+02,4.508018284906881945e+02,0.000000000000000000e+00
3.560954516442583895e+02,4.542213867873099389e+02,0.000000000000000000e+00
3.562815981558862859e+02,4.576409450839316833e+02,0.000000000000000000e+00
3.564677446675141823e+02,4.610605033805534276e+02,0.000000000000000000e+00
3.566538911791420787e+02,4.644800616771751152e+02,0.000000000000000000e+00
3.568400376907699751e+02,4.678996199737968595e+02,0.000000000000000000e+00
3.570261842023978716e+02,4.713191782704186039e+02,0.000000000000000000e+00
3.572123307140257680e+02,4.747387365670402914e+02,0.000000000000000000e+00
3.573984772256536644e+02,4.781582948636620358e+02,0.000000000000000000e+00
3.575846237372815608e+02,4.815778531602837802e+02,0.000000000000000000e+00
3.577707702489094572e+02,4.849974114569055246e+02,0.000000000000000000e+00
3.579569167605373536e+02,4.884169697535272689e+02,0.000000000000000000e+00
3.581430632721652501e+02,4.918365280501490133e+02,0.000000000000000000e+00
3.583292097837931465e+02,4.952560863467707009e+02,0.000000000000000000e+00
3.585153562954210429e+02,4.986756446433924452e+02,0.000000000000000000e+00
3.587015028070489393e+02,5.020952029400141896e+02,0.000000000000000000e+00
3.588876493186768357e+02,5.055147612366358771e+02,0.000000000000000000e+00
3.590737958303047321e+02,5.089343195332576215e+02,0.000000000000000000e+00
3.592599423419326286e+02,5.123538778298793659e+02,0.000000000000000000e+00
3.594460888535605250e+02,5.157734361265011103e+02,0.000000000000000000e+00
3.596322353651884214e+02,5.191929944231228546e+02,0.000000000000000000e+00
3.598183818768163178e+02,5.226125527197445990e+02,0.000000000000000000e+00
3.600045283884442142e+02,5.260321110163663434e+02,0.000000000000000000e+00
3.601906749000721106e+02,5.294516693129880878e+02,0.000000000000000000e+00
3.603768214117000070e+02,5.328712276096098321e+02,0.000000000000000000e+00
3.605629679233279035e+02,5.362907859062315765e+02,0.000000000000000000e+00
3.607491144349557999e+02,5.397103442028532072e+02,0.000000000000000000e+00
3.609302609465841556e+02,5.430380512403135072e+02,0.000000000000000000e+00
3.610047812545420243e+02,5.453195908253720745e+02,0.000000000000000000e+00
3.610793015624998930e+02,5.476011304104306419e+02,0.000000000000000000e+00
3.611538218704577616e+02,5.498826699954890955e+02,0.000000000000000000e+00
3.612283421784156303e+02,5.521642095805476629e+02,0.000000000000000000e+00
3.613028624863734990e+02,5.544457491656062302e+02,0.000000000000000000e+00
3.613773827943313677e+02,5.567272887506647976e+02,0.000000000000000000e+00
3.614519031022892364e+02,5.590088283357233649e+02,0.000000000000000000e+00
3.615264234102471050e+02,5.612903679207819323e+02,0.000000000000000000e+00
3.616009437182049737e+02,5.635719075058403860e+02,0.000000000000000000e+00
3.616754640261628424e+02,5.658534470908989533e+02,0.000000000000000000e+00
3.617499843341207111e+02,5.681349866759575207e+02,0.000000000000000000e+00
3.618245046420785798e+02,5.704165262610160880e+02,0.000000000000000000e+00
3.618990249500364484e+02,5.726980658460746554e+02,0.000000000000000000e+00
3.619735452579943171e+02,5.749796054311331091e+02,0.000000000000000000e+00
3.620480655659521858e+02,5.772611450161916764e+02,0.000000000000000000e+00
3.621225858739100545e+02,5.795426846012502438e+02,0.000000000000000000e+00
3.621971061818679232e+02,5.818242241863088111e+02,0.000000000000000000e+00
3.622716264898257919e+02,5.841057637713673785e+02,0.000000000000000000e+00
3.623461467977836605e+02,5.863873033564259458e+02,0.000000000000000000e+00
3.624206671057415292e+02,5.886688429414843995e+02,0.000000000000000000e+00
3.624951874136993979e+02,5.909503825265429668e+02,0.000000000000000000e+00
3.625697077216572666e+02,5.932319221116015342e+02,0.000000000000000000e+00
3.626442280296151353e+02,5.955134616966601016e+02,0.000000000000000000e+00
3.627187483375730039e+02,5.977950012817186689e+02,0.000000000000000000e+00
3.627932686455308726e+02,6.000765408667771226e+02,0.000000000000000000e+00
3.628677889534887413e+02,6.023580804518356899e+02,0.000000000000000000e+00
3.629423092614466100e+02,6.046396200368942573e+02,0.000000000000000000e+00
3.630168295694044787e+02,6.069211596219528246e+02,0.000000000000000000e+00
3.630913498773623473e+02,6.092026992070113920e+02,0.000000000000000000e+00
3.631658701853202160e+02,6.114842387920698457e+02,0.000000000000000000e+00
3.632403904932780847e+02,6.137657783771284130e+02,0.000000000000000000e+00
3.633149108012359534e+02,6.160473179621869804e+02,0.000000000000000000e+00
3.633894311091938221e+02,6.183288575472455477e+02,0.000000000000000000e+00
3.634639514171516907e+02,6.206103971323041151e+02,0.000000000000000000e+00
3.635384717251095594e+02,6.228919367173626824e+02,0.000000000000000000e+00
3.636129920330674281e+02,6.251734763024211361e+02,0.000000000000000000e+00
3.636875123410252968e+02,6.274550158874797035e+02,0.000000000000000000e+00
3.637620326489831655e+02,6.297365554725382708e+02,0.000000000000000000e+00
3.638365529569410342e+02,6.320180950575968382e+02,0.000000000000000000e+00
3.639110732648989028e+02,6.342996346426554055e+02,0.000000000000000000e+00
3.639855935728567715e+02,6.365811742277139729e+02,0.000000000000000000e+00
3.640601138808146402e+02,6.388627138127724265e+02,0.000000000000000000e+00
3.641346341887725089e+02,6.411442533978309939e+02,0.000000000000000000e+00
3.642091544967303776e+02,6.434257929828895612e+02,0.000000000000000000e+00
3.642836748046882462e+02,6.457073325679481286e+02,0.000000000000000000e+00
3.643581951126461149e+02,6.479888721530066960e+02,0.000000000000000000e+00
3.644327154206039836e+02,6.502704117380651496e+02,0.000000000000000000e+00
3.645072357285618523e+02,6.525519513231237170e+02,0.000000000000000000e+00
3.645817560365197210e+02,6.548334909081822843e+02,0.000000000000000000e+00
3.646512763444767415e+02,6.569619487596860381e+02,0.000000000000000000e+00
3.647257938135901441e+02,6.590913908433764163e+02,0.000000000000000000e+00
3.648003112827035466e+02,6.612208329270667946e+02,0.000000000000000000e+00
3.648748287518169491e+02,6.633502750107571728e+02,0.000000000000000000e+00
3.649493462209303516e+02,6.654797170944476647e+02,0.000000000000000000e+00
3.650238636900437541e+02,6.676091591781380430e+02,0.000000000000000000e+00
3.650983811591571566e+02,6.697386012618284212e+02,0.000000000000000000e+00
3.651728986282705591e+02,6.718680433455187995e+02,0.000000000000000000e+00
3.652474160973839616e+02,6.739974854292091777e+02,0.000000000000000000e+00
3.653219335664973642e+02,6.761269275128995559e+02,0.000000000000000000e+00
3.653964510356107667e+02,6.782563695965900479e+02,0.000000000000000000e+00
3.654709685047241692e+02,6.803858116802804261e+02,0.000000000000000000e+00
3.655454859738375717e+02,6.825152537639708044e+02,0.000000000000000000e+00
3.656200034429509742e+02,6.846446958476611826e+02,0.000000000000000000e+00
3.656945209120643767e+02,6.867741379313515608e+02,0.000000000000000000e+00
3.657690383811777792e+02,6.889035800150419391e+02,0.000000000000000000e+00
3.658435558502911817e+02,6.910330220987324310e+02,0.000000000000000000e+00
3.659180733194045843e+02,6.931624641824228092e+02,0.000000000000000000e+00
3.659925907885179868e+02,6.952919062661131875e+02,0.000000000000000000e+00
3.660671082576313893e+02,6.974213483498035657e+02,0.000000000000000000e+00
3.661416257267447918e+02,6.995507904334939440e+02,0.000000000000000000e+00
3.662161431958581943e+02,7.016802325171843222e+02,0.000000000000000000e+00
3.662906606649715968e+02,7.038096746008748141e+02,0.000000000000000000e+00
3.663651781340849993e+02,7.059391166845651924e+02,0.000000000000000000e+00
3.664396956031984018e+02,7.080685587682555706e+02,0.000000000000000000e+00
3.665142130723118044e+02,7.101980008519459489e+02,0.000000000000000000e+00
3.665887305414252069e+02,7.123274429356363271e+02,0.000000000000000000e+00
3.666632480105386094e+02,7.144568850193267053e+02,0.000000000000000000e+00
3.667377654796520119e+02,7.165863271030171973e+02,0.000000000000000000e+00
3.668122829487654144e+02,7.187157691867075755e+02,0.000000000000000000e+00
3.668868004178788169e+02,7.208452112703979537e+02,0.000000000000000000e+00
3.669613178869922194e+02,7.229746533540883320e+02,0.000000000000000000e+00
3.670358353561056219e+02,7.251040954377787102e+02,0.000000000000000000e+00
3.671103528252190245e+02,7.272335375214690885e+02,0.000000000000000000e+00
3.671848702943324270e+02,7.293629796051595804e+02,0.000000000000000000e+00
3.672593877634458295e+02,7.314924216888499586e+02,0.000000000000000000e+00
3.673339052325592320e+02,7.336218637725403369e+02,0.000000000000000000e+00
3.674084227016726345e+02,7.357513058562307151e+02,0.000000000000000000e+00
3.674829401707860370e+02,7.378807479399210933e+02,0.000000000000000000e+00
3.675574576398994395e+02,7.400101900236114716e+02,0.000000000000000000e+00
3.676319751090128420e+02,7.421396321073018498e+02,0.000000000000000000e+00
3.677064925781262446e+02,7.442690741909923418e+02,0.000000000000000000e+00
3.677810100472396471e+02,7.463985162746827200e+02,0.000000000000000000e+00
3.678555275163530496e+02,7.485279583583730982e+02,0.000000000000000000e+00
3.679300449854664521e+02,7.506574004420634765e+02,0.000000000000000000e+00
3.680045624545798546e+02,7.527868425257538547e+02,0.000000000000000000e+00
3.680790799236932571e+02,7.549162846094443466e+02,0.000000000000000000e+00
3.681535973928066596e+02,7.570457266931347249e+02,0.000000000000000000e+00
3.682281148619200621e+02,7.591751687768251031e+02,0.000000000000000000e+00
3.683026323310334647e+02,7.613046108605154814e+02,0.000000000000000000e+00
3.683721498001455075e+02,7.632911708717465444e+02,0.000000000000000000e+00
3.685210875772167469e+02,7.647351765397693271e+02,0.000000000000000000e+00
3.686700253542879864e+02,7.661791822077919960e+02,0.000000000000000000e+00
3.688189631313592258e+02,7.676231878758147786e+02,0.000000000000000000e+00
3.689679009084304653e+02,7.690671935438375613e+02,0.000000000000000000e+00
3.691168386855017047e+02,7.705111992118602302e+02,0.000000000000000000e+00
3.692657764625729442e+02,7.719552048798830128e+02,0.000000000000000000e+00
3.694147142396441836e+02,7.733992105479056818e+02,0.000000000000000000e+00
3.695636520167154231e+02,7.748432162159284644e+02,0.000000000000000000e+00
3.697125897937866625e+02,7.762872218839512470e+02,0.000000000000000000e+00
3.698615275708579020e+02,7.777312275519739160e+02,0.000000000000000000e+00
3.700104653479291414e+02,7.791752332199966986e+02,0.000000000000000000e+00
3.701594031250003809e+02,7.806192388880194812e+02,0.000000000000000000e+00
3.703083409020716203e+02,7.820632445560421502e+02,0.000000000000000000e+00
3.704572786791428598e+02,7.835072502240649328e+02,0.000000000000000000e+00
3.706062164562140993e+02,7.849512558920876018e+02,0.000000000000000000e+00
3.707551542332853387e+02,7.863952615601103844e+02,0.000000000000000000e+00
3.709040920103565782e+02,7.878392672281331670e+02,0.000000000000000000e+00
3.710530297874278176e+02,7.892832728961558360e+02,0.000000000000000000e+00
3.712019675644990571e+02,7.907272785641786186e+02,0.000000000000000000e+00
3.713509053415702965e+02,7.921712842322014012e+02,0.000000000000000000e+00
3.714998431186415360e+02,7.936152899002240702e+02,0.000000000000000000e+00
3.716487808957127754e+02,7.950592955682468528e+02,0.000000000000000000e+00
3.717977186727840149e+02,7.965033012362696354e+02,0.000000000000000000e+00
3.719466564498552543e+02,7.979473069042923044e+02,0.000000000000000000e+00
3.720955942269264938e+02,7.993913125723150870e+02,0.000000000000000000e+00
3.722445320039977332e+02,8.008353182403377559e+02,0.000000000000000000e+00
3.723934697810689727e+02,8.022793239083605386e+02,0.000000000000000000e+00
3.725424075581402121e+02,8.037233295763833212e+02,0.000000000000000000e+00
3.726913453352114516e+02,8.051673352444059901e+02,0.000000000000000000e+00
3.728402831122826910e+02,8.066113409124287728e+02,0.000000000000000000e+00
3.729892208893539305e+02,8.080553465804515554e+02,0.000000000000000000e+00
3.731381586664251699e+02,8.094993522484742243e+02,0.000000000000000000e+00
3.732870964434964094e+02,8.109433579164970070e+02,0.000000000000000000e+00
3.734360342205676488e+02,8.123873635845197896e+02,0.000000000000000000e+00
3.735849719976388883e+02,8.138313692525424585e+02,0.000000000000000000e+00
3.737339097747101277e+02,8.152753749205652412e+02,0.000000000000000000e+00
3.738828475517813672e+02,8.167193805885879101e+02,0.000000000000000000e+00
3.740317853288526067e+02,8.181633862566106927e+02,0.000000000000000000e+00
3.741807231059238461e+02,8.196073919246334754e+02,0.000000000000000000e+00
3.743296608829950856e+02,8.210513975926561443e+02,0.000000000000000000e+00
3.744785986600663250e+02,8.224954032606789269e+02,0.000000000000000000e+00
3.746275364371375645e+02,8.239394089287015959e+02,0.000000000000000000e+00
3.747764742142088039e+02,8.253834145967243785e+02,0.000000000000000000e+00
3.749254119912800434e+02,8.268274202647471611e+02,0.000000000000000000e+00
3.750743497683512828e+02,8.282714259327698301e+02,0.000000000000000000e+00
3.752232875454225223e+02,8.297154316007926127e+02,0.000000000000000000e+00
3.753722253224937617e+02,8.311594372688153953e+02,0.000000000000000000e+00
3.755211630995650012e+02,8.326034429368380643e+02,0.000000000000000000e+00
3.756701008766362406e+02,8.340474486048608469e+02,0.000000000000000000e+00
3.758140386537065751e+02,8.354429774627458301e+02,0.000000000000000000e+00
3.759257648573766346e+02,8.364312030905202846e+02,0.000000000000000000e+00
3.760374910610466941e+02,8.374194287182947392e+02,0.000000000000000000e+00
3.761492172647167536e+02,8.384076543460690800e+02,0.000000000000000000e+00
3.762609434683868130e+02,8.393958799738435346e+02,0.000000000000000000e+00
3.763726696720568725e+02,8.403841056016179891e+02,0.000000000000000000e+00
3.764843958757269320e+02,8.413723312293924437e+02,0.000000000000000000e+00
3.765961220793969915e+02,8.423605568571667845e+02,0.000000000000000000e+00
3.767078482830670509e+02,8.433487824849412391e+02,0.000000000000000000e+00
3.768195744867371104e+02,8.443370081127156936e+02,0.000000000000000000e+00
3.769313006904071699e+02,8.453252337404901482e+02,0.000000000000000000e+00
3.770430268940772294e+02,8.463134593682646027e+02,0.000000000000000000e+00
3.771547530977472888e+02,8.473016849960389436e+02,0.000000000000000000e+00
3.772664793014173483e+02,8.482899106238133982e+02,0.000000000000000000e+00
3.773782055050874078e+02,8.492781362515878527e+02,0.000000000000000000e+00
3.774899317087574673e+02,8.502663618793623073e+02,0.000000000000000000e+00
3.776016579124275268e+02,8.512545875071366481e+02,0.000000000000000000e+00
3.777133841160975862e+02,8.522428131349111027e+02,0.000000000000000000e+00
3.778251103197676457e+02,8.532310387626855572e+02,0.000000000000000000e+00
3.779368365234377052e+02,8.542192643904600118e+02,0.000000000000000000e+00
3.780485627271077647e+02,8.552074900182344663e+02,0.000000000000000000e+00
3.781602889307778241e+02,8.561957156460088072e+02,0.000000000000000000e+00
3.782720151344478836e+02,8.571839412737832617e+02,0.000000000000000000e+00
3.783837413381179431e+02,8.581721669015577163e+02,0.000000000000000000e+00
3.784954675417880026e+02,8.591603925293321709e+02,0.000000000000000000e+00
3.786071937454580620e+02,8.601486181571065117e+02,0.000000000000000000e+00
3.787189199491281215e+02,8.611368437848809663e+02,0.000000000000000000e+00
3.788306461527981810e+02,8.621250694126554208e+02,0.000000000000000000e+00
3.789423723564682405e+02,8.631132950404298754e+02,0.000000000000000000e+00
3.790540985601382999e+02,8.641015206682043299e+02,0.000000000000000000e+00
3.791658247638083594e+02,8.650897462959786708e+02,0.000000000000000000e+00
3.792775509674784189e+02,8.660779719237531253e+02,0.000000000000000000e+00
3.793892771711484784e+02,8.670661975515275799e+02,0.000000000000000000e+00
3.795010033748185378e+02,8.680544231793020344e+02,0.000000000000000000e+00
3.796127295784885973e+02,8.690426488070763753e+02,0.000000000000000000e+00
3.797244557821586568e+02,8.700308744348508299e+02,0.000000000000000000e+00
3.798361819858287163e+02,8.710191000626252844e+02,0.000000000000000000e+00
3.799479081894987758e+02,8.720073256903997390e+02,0.000000000000000000e+00
3.800596343931688352e+02,8.729955513181741935e+02,0.000000000000000000e+00
3.801713605968388947e+02,8.739837769459485344e+02,0.000000000000000000e+00
3.802830868005089542e+02,8.749720025737229889e+02,0.000000000000000000e+00
3.803948130041790137e+02,8.759602282014974435e+02,0.000000000000000000e+00
3.805065392078490731e+02,8.769484538292718980e+02,0.000000000000000000e+00
3.806182654115191326e+02,8.779366794570462389e+02,0.000000000000000000e+00
3.807299916151891921e+02,8.789249050848206934e+02,0.000000000000000000e+00
3.808417178188592516e+02,8.799131307125951480e+02,0.000000000000000000e+00
3.809534440225293110e+02,8.809013563403696025e+02,0.000000000000000000e+00
3.810651702261993705e+02,8.818895819681440571e+02,0.000000000000000000e+00
3.811768964298694300e+02,8.828778075959183980e+02,0.000000000000000000e+00
3.812886226335394895e+02,8.838660332236928525e+02,0.000000000000000000e+00
3.813953488372092693e+02,8.848100335222532067e+02,0.000000000000000000e+00
3.815814953488371657e+02,8.835941859342705129e+02,0.000000000000000000e+00
3.817676418604650621e+02,8.823783383462878191e+02,0.000000000000000000e+00
3.819537883720929585e+02,8.811624907583050117e+02,0.000000000000000000e+00
3.821399348837208549e+02,8.799466431703223179e+02,0.000000000000000000e+00
3.823260813953487514e+02,8.787307955823396242e+02,0.000000000000000000e+00
3.825122279069766478e+02,8.775149479943569304e+02,0.000000000000000000e+00
3.826983744186045442e+02,8.762991004063741229e+02,0.000000000000000000e+00
3.828845209302324406e+02,8.750832528183914292e+02,0.000000000000000000e+00
3.830706674418603370e+02,8.738674052304087354e+02,0.000000000000000000e+00
3.832568139534882334e+02,8.726515576424260416e+02,0.000000000000000000e+00
3.834429604651161299e+02,8.714357100544432342e+02,0.000000000000000000e+00
3.836291069767440263e+02,8.702198624664605404e+02,0.000000000000000000e+00
3.838152534883719227e+02,8.690040148784778467e+02,0.000000000000000000e+00
3.840013999999998191e+02,8.677881672904951529e+02,0.000000000000000000e+00
3.841875465116277155e+02,8.665723197025124591e+02,0.000000000000000000e+00
3.843736930232556119e+02,8.653564721145296517e+02,0.000000000000000000e+00
3.845598395348835083e+02,8.641406245265469579e+02,0.000000000000000000e+00
3.847459860465114048e+02,8.629247769385642641e+02,0.000000000000000000e+00
3.849321325581393012e+02,8.617089293505815704e+02,0.000000000000000000e+00
3.851182790697671976e+02,8.604930817625987629e+02,0.000000000000000000e+00
3.853044255813950940e+02,8.592772341746160691e+02,0.000000000000000000e+00
3.854905720930229904e+02,8.580613865866333754e+02,0.000000000000000000e+00
3.856767186046508868e+02,8.568455389986506816e+02,0.000000000000000000e+00
3.858628651162787833e+02,8.556296914106679878e+02,0.000000000000000000e+00
3.860490116279066797e+02,8.544138438226851804e+02,0.000000000000000000e+00
3.862351581395345761e+02,8.531979962347024866e+02,0.000000000000000000e+00
3.864213046511624725e+02,8.519821486467197929e+02,0.000000000000000000e+00
3.866074511627903689e+02,8.507663010587370991e+02,0.000000000000000000e+00
3.867935976744182653e+02,8.495504534707542916e+02,0.000000000000000000e+00
3.869797441860461618e+02,8.483346058827715979e+02,0.000000000000000000e+00
3.871658906976740582e+02,8.471187582947889041e+02,0.000000000000000000e+00
3.873520372093019546e+02,8.459029107068062103e+02,0.000000000000000000e+00
3.875381837209298510e+02,8.446870631188235166e+02,0.000000000000000000e+00
3.877243302325577474e+02,8.434712155308407091e+02,0.000000000000000000e+00
3.879104767441856438e+02,8.422553679428580153e+02,0.000000000000000000e+00
3.880966232558135403e+02,8.410395203548753216e+02,0.000000000000000000e+00
3.882827697674414367e+02,8.398236727668926278e+02,0.000000000000000000e+00
3.884689162790693331e+02,8.386078251789098204e+02,0.000000000000000000e+00
3.886550627906972295e+02,8.373919775909271266e+02,0.000000000000000000e+00
3.888412093023251259e+02,8.361761300029444328e+02,0.000000000000000000e+00
3.890273558139530223e+02,8.349602824149617391e+02,0.000000000000000000e+00
3.892135023255809188e+02,8.337444348269789316e+02,0.000000000000000000e+00
3.893996488372088152e+02,8.325285872389962378e+02,0.000000000000000000e+00
3.895857953488367116e+02,8.313127396510135441e+02,0.000000000000000000e+00
3.897719418604646080e+02,8.300968920630308503e+02,0.000000000000000000e+00
3.899580883720925044e+02,8.288810444750481565e+02,0.000000000000000000e+00
3.901442348837204008e+02,8.276651968870653491e+02,0.000000000000000000e+00
3.903303813953482972e+02,8.264493492990826553e+02,0.000000000000000000e+00
3.905165279069761937e+02,8.252335017110999615e+02,0.000000000000000000e+00
3.906976744186045494e+02,8.240503124731781099e+02,0.000000000000000000e+00
3.908838209302324458e+02,8.211626918444920875e+02,0.000000000000000000e+00
3.910699674418603422e+02,8.182750712158059514e+02,0.000000000000000000e+00
3.912561139534882386e+02,8.153874505871199290e+02,0.000000000000000000e+00
3.914422604651161350e+02,8.124998299584339065e+02,0.000000000000000000e+00
3.916284069767440315e+02,8.096122093297478841e+02,0.000000000000000000e+00
3.918145534883719279e+02,8.067245887010617480e+02,0.000000000000000000e+00
3.920006999999998243e+02,8.038369680723757256e+02,0.000000000000000000e+00
3.921868465116277207e+02,8.009493474436897031e+02,0.000000000000000000e+00
3.923729930232556171e+02,7.980617268150035670e+02,0.000000000000000000e+00
3.925591395348835135e+02,7.951741061863175446e+02,0.000000000000000000e+00
3.927452860465114099e+02,7.922864855576315222e+02,0.000000000000000000e+00
3.929314325581393064e+02,7.893988649289454997e+02,0.000000000000000000e+00
3.931175790697672028e+02,7.865112443002593636e+02,0.000000000000000000e+00
3.933037255813950992e+02,7.836236236715733412e+02,0.000000000000000000e+00
3.934898720930229956e+02,7.807360030428873188e+02,0.000000000000000000e+00
3.936760186046508920e+02,7.778483824142012963e+02,0.000000000000000000e+00
3.938621651162787884e+02,7.749607617855151602e+02,0.000000000000000000e+00
3.940483116279066849e+02,7.720731411568291378e+02,0.000000000000000000e+00
3.942344581395345813e+02,7.691855205281431154e+02,0.000000000000000000e+00
3.944206046511624777e+02,7.662978998994569793e+02,0.000000000000000000e+00
3.946067511627903741e+02,7.634102792707709568e+02,0.000000000000000000e+00
3.947928976744182705e+02,7.605226586420849344e+02,0.000000000000000000e+00
3.949790441860461669e+02,7.576350380133989120e+02,0.000000000000000000e+00
3.951651906976740634e+02,7.547474173847127759e+02,0.000000000000000000e+00
3.953513372093019598e+02,7.518597967560267534e+02,0.000000000000000000e+00
3.955374837209298562e+02,7.489721761273407310e+02,0.000000000000000000e+00
3.957236302325577526e+02,7.460845554986547086e+02,0.000000000000000000e+00
3.959097767441856490e+02,7.431969348699685725e+02,0.000000000000000000e+00
3.960959232558135454e+02,7.403093142412825500e+02,0.000000000000000000e+00
3.962820697674414419e+02,7.374216936125965276e+02,0.000000000000000000e+00
3.964682162790693383e+02,7.345340729839103915e+02,0.000000000000000000e+00
3.966543627906972347e+02,7.316464523552243691e+02,0.000000000000000000e+00
3.968405093023251311e+02,7.287588317265383466e+02,0.000000000000000000e+00
3.970266558139530275e+02,7.258712110978522105e+02,0.000000000000000000e+00
3.972128023255809239e+02,7.229835904691661881e+02,0.000000000000000000e+00
3.973989488372088204e+02,7.200959698404801657e+02,0.000000000000000000e+00
3.975850953488367168e+02,7.172083492117941432e+02,0.000000000000000000e+00
3.977712418604646132e+02,7.143207285831081208e+02,0.000000000000000000e+00
3.979573883720925096e+02,7.114331079544219847e+02,0.000000000000000000e+00
3.981435348837204060e+02,7.085454873257359623e+02,0.000000000000000000e+00
3.983296813953483024e+02,7.056578666970499398e+02,0.000000000000000000e+00
3.985158279069761988e+02,7.027702460683638037e+02,0.000000000000000000e+00
3.987019744186040953e+02,6.998826254396777813e+02,0.000000000000000000e+00
3.988881209302319917e+02,6.969950048109917589e+02,0.000000000000000000e+00
3.990742674418598881e+02,6.941073841823056227e+02,0.000000000000000000e+00
3.992604139534877845e+02,6.912197635536196003e+02,0.000000000000000000e+00
3.994465604651156809e+02,6.883321429249335779e+02,0.000000000000000000e+00
3.996327069767435773e+02,6.854445222962475555e+02,0.000000000000000000e+00
3.998188534883714738e+02,6.825569016675615330e+02,0.000000000000000000e+00
3.999999999999998863e+02,6.797468441530894552e+02,0.000000000000000000e+00
4.001861465116277827e+02,6.764792639061702175e+02,0.000000000000000000e+00
4.003722930232556791e+02,6.732116836592508662e+02,0.000000000000000000e+00
4.005584395348835756e+02,6.699441034123316285e+02,0.000000000000000000e+00
4.007445860465114720e+02,6.666765231654123909e+02,0.000000000000000000e+00
4.009307325581393684e+02,6.634089429184930395e+02,0.000000000000000000e+00
4.011168790697672648e+02,6.601413626715738019e+02,0.000000000000000000e+00
4.013030255813951612e+02,6.568737824246544506e+02,0.000000000000000000e+00
4.014891720930230576e+02,6.536062021777352129e+02,0.000000000000000000e+00
4.016753186046509541e+02,6.503386219308159752e+02,0.000000000000000000e+00
4.018614651162788505e+02,6.470710416838966239e+02,0.000000000000000000e+00
4.020476116279067469e+02,6.438034614369773863e+02,0.000000000000000000e+00
4.022337581395346433e+02,6.405358811900581486e+02,0.000000000000000000e+00
4.024199046511625397e+02,6.372683009431387973e+02,0.000000000000000000e+00
4.026060511627904361e+02,6.340007206962195596e+02,0.000000000000000000e+00
4.027921976744183326e+02,6.307331404493003220e+02,0.000000000000000000e+00
4.029783441860462290e+02,6.274655602023809706e+02,0.000000000000000000e+00
4.031644906976741254e+02,6.241979799554617330e+02,0.000000000000000000e+00
4.033506372093020218e+02,6.209303997085423816e+02,0.000000000000000000e+00
4.035367837209299182e+02,6.176628194616231440e+02,0.000000000000000000e+00
4.037229302325578146e+02,6.143952392147039063e+02,0.000000000000000000e+00
4.039090767441857110e+02,6.111276589677845550e+02,0.000000000000000000e+00
4.040952232558136075e+02,6.078600787208653173e+02,0.000000000000000000e+00
4.042813697674415039e+02,6.045924984739460797e+02,0.000000000000000000e+00
4.044675162790694003e+02,6.013249182270267283e+02,0.000000000000000000e+00
4.046536627906972967e+02,5.980573379801074907e+02,0.000000000000000000e+00
4.048398093023251931e+02,5.947897577331882530e+02,0.000000000000000000e+00
4.050259558139530895e+02,5.915221774862689017e+02,0.000000000000000000e+00
4.052121023255809860e+02,5.882545972393496641e+02,0.000000000000000000e+00
4.053982488372088824e+02,5.849870169924304264e+02,0.000000000000000000e+00
4.055843953488367788e+02,5.817194367455110751e+02,0.000000000000000000e+00
4.057705418604646752e+02,5.784518564985918374e+02,0.000000000000000000e+00
4.059566883720925716e+02,5.751842762516724861e+02,0.000000000000000000e+00
4.061428348837204680e+02,5.719166960047532484e+02,0.000000000000000000e+00
4.063289813953483645e+02,5.686491157578340108e+02,0.000000000000000000e+00
4.065151279069762609e+02,5.653815355109146594e+02,0.000000000000000000e+00
4.067012744186041573e+02,5.621139552639954218e+02,0.000000000000000000e+00
4.068874209302320537e+02,5.588463750170761841e+02,0.000000000000000000e+00
4.070735674418599501e+02,5.555787947701568328e+02,0.000000000000000000e+00
4.072597139534878465e+02,5.523112145232375951e+02,0.000000000000000000e+00
4.074458604651157430e+02,5.490436342763182438e+02,0.000000000000000000e+00
4.076320069767436394e+02,5.457760540293990061e+02,0.000000000000000000e+00
4.078181534883715358e+02,5.425084737824797685e+02,0.000000000000000000e+00
4.080042999999994322e+02,5.392408935355604171e+02,0.000000000000000000e+00
4.081904465116273286e+02,5.359733132886411795e+02,0.000000000000000000e+00
4.083765930232552250e+02,5.327057330417219418e+02,0.000000000000000000e+00
4.085627395348831215e+02,5.294381527948025905e+02,0.000000000000000000e+00
4.087488860465110179e+02,5.261705725478833529e+02,0.000000000000000000e+00
4.089350325581389143e+02,5.229029923009641152e+02,0.000000000000000000e+00
4.091211790697668107e+02,5.196354120540447639e+02,0.000000000000000000e+00
4.093023255813954506e+02,5.164556008503876683e+02,0.000000000000000000e+00
4.093396371547966055e+02,5.141709969592050129e+02,0.000000000000000000e+00
4.093769487281977604e+02,5.118863930680223007e+02,0.000000000000000000e+00
4.094142603015989152e+02,5.096017891768396453e+02,0.000000000000000000e+00
4.094515718750000701e+02,5.073171852856569899e+02,0.000000000000000000e+00
4.094888834484012250e+02,5.050325813944743345e+02,0.000000000000000000e+00
4.095261950218023799e+02,5.027479775032916223e+02,0.000000000000000000e+00
4.095635065952035347e+02,5.004633736121089669e+02,0.000000000000000000e+00
4.096008181686046896e+02,4.981787697209263115e+02,0.000000000000000000e+00
4.096381297420058445e+02,4.958941658297436561e+02,0.000000000000000000e+00
4.096754413154069994e+02,4.936095619385609439e+02,0.000000000000000000e+00
4.097127528888081542e+02,4.913249580473782885e+02,0.000000000000000000e+00
4.097500644622093091e+02,4.890403541561956331e+02,0.000000000000000000e+00
4.097873760356104640e+02,4.867557502650129777e+02,0.000000000000000000e+00
4.098246876090116189e+02,4.844711463738302655e+02,0.000000000000000000e+00
4.098619991824127737e+02,4.821865424826476101e+02,0.000000000000000000e+00
4.098993107558139286e+02,4.799019385914649547e+02,0.000000000000000000e+00
4.099366223292150835e+02,4.776173347002822993e+02,0.000000000000000000e+00
4.099739339026162384e+02,4.753327308090995871e+02,0.000000000000000000e+00
4.100112454760173932e+02,4.730481269179169317e+02,0.000000000000000000e+00
4.100485570494185481e+02,4.707635230267342763e+02,0.000000000000000000e+00
4.100858686228197030e+02,4.684789191355515641e+02,0.000000000000000000e+00
4.101231801962208579e+02,4.661943152443689087e+02,0.000000000000000000e+00
4.101604917696220127e+02,4.639097113531862533e+02,0.000000000000000000e+00
4.101978033430231676e+02,4.616251074620035979e+02,0.000000000000000000e+00
4.102351149164243225e+02,4.593405035708208857e+02,0.000000000000000000e+00
4.102724264898254773e+02,4.570558996796382303e+02,0.000000000000000000e+00
4.103097380632266322e+02,4.547712957884555749e+02,0.000000000000000000e+00
4.103470496366277871e+02,4.524866918972729195e+02,0.000000000000000000e+00
4.103843612100289420e+02,4.502020880060902073e+02,0.000000000000000000e+00
4.104216727834300968e+02,4.479174841149075519e+02,0.000000000000000000e+00
4.104589843568312517e+02,4.456328802237248965e+02,0.000000000000000000e+00
4.104962959302324066e+02,4.433482763325422411e+02,0.000000000000000000e+00
4.105336075036335615e+02,4.410636724413595289e+02,0.000000000000000000e+00
4.105709190770347163e+02,4.387790685501768735e+02,0.000000000000000000e+00
4.106082306504358712e+02,4.364944646589942181e+02,0.000000000000000000e+00
4.106455422238370261e+02,4.342098607678115059e+02,0.000000000000000000e+00
4.106828537972381810e+02,4.319252568766288505e+02,0.000000000000000000e+00
4.107201653706393358e+02,4.296406529854461951e+02,0.000000000000000000e+00
4.107574769440404907e+02,4.273560490942635397e+02,0.000000000000000000e+00
4.107947885174416456e+02,4.250714452030808843e+02,0.000000000000000000e+00
4.108321000908428005e+02,4.227868413118981721e+02,0.000000000000000000e+00
4.108694116642439553e+02,4.205022374207155167e+02,0.000000000000000000e+00
4.109067232376451102e+02,4.182176335295328613e+02,0.000000000000000000e+00
4.109440348110462651e+02,4.159330296383501491e+02,0.000000000000000000e+00
4.109813463844474200e+02,4.136484257471674937e+02,0.000000000000000000e+00
4.110186579578485748e+02,4.113638218559848383e+02,0.000000000000000000e+00
4.110559695312497297e+02,4.090792179648021829e+02,0.000000000000000000e+00
4.110932811046508846e+02,4.067946140736195275e+02,0.000000000000000000e+00
4.111305926780520394e+02,4.045100101824368153e+02,0.000000000000000000e+00
4.111629042514532557e+02,4.025315584691041408e+02,0.000000000000000000e+00
4.111629042514532557e+02,4.025315584691041408e+02,0.000000000000000000e+00
4.113118391896800290e+02,4.006315486980167293e+02,0.000000000000000000e+00
4.114607741279068023e+02,3.987315389269293746e+02,0.000000000000000000e+00
4.116097090661335756e+02,3.968315291558419631e+02,0.000000000000000000e+00
4.117586440043603488e+02,3.949315193847545515e+02,0.000000000000000000e+00
4.119075789425871221e+02,3.930315096136671400e+02,0.000000000000000000e+00
4.120565138808138954e+02,3.911314998425797853e+02,0.000000000000000000e+00
4.122054488190406687e+02,3.892314900714923738e+02,0.000000000000000000e+00
4.123543837572674420e+02,3.873314803004049622e+02,0.000000000000000000e+00
4.125033186954942153e+02,3.854314705293175507e+02,0.000000000000000000e+00
4.126522536337209885e+02,3.835314607582301960e+02,0.000000000000000000e+00
4.128011885719477618e+02,3.816314509871427845e+02,0.000000000000000000e+00
4.129501235101745351e+02,3.797314412160553729e+02,0.000000000000000000e+00
4.130990584484013084e+02,3.778314314449680182e+02,0.000000000000000000e+00
4.132479933866280817e+02,3.759314216738806067e+02,0.000000000000000000e+00
4.133969283248548550e+02,3.740314119027931952e+02,0.000000000000000000e+00
4.135458632630816282e+02,3.721314021317057836e+02,0.000000000000000000e+00
4.136947982013084015e+02,3.702313923606184289e+02,0.000000000000000000e+00
4.138437331395351748e+02,3.683313825895310174e+02,0.000000000000000000e+00
4.139926680777619481e+02,3.664313728184436059e+02,0.000000000000000000e+00
4.141416030159887214e+02,3.645313630473561943e+02,0.000000000000000000e+00
4.142905379542154947e+02,3.626313532762688396e+02,0.000000000000000000e+00
4.144394728924422679e+02,3.607313435051814281e+02,0.000000000000000000e+00
4.145884078306690412e+02,3.588313337340940166e+02,0.000000000000000000e+00
4.147373427688958145e+02,3.569313239630066619e+02,0.000000000000000000e+00
4.148862777071225878e+02,3.550313141919192503e+02,0.000000000000000000e+00
4.150352126453493611e+02,3.531313044208318388e+02,0.000000000000000000e+00
4.151841475835761344e+02,3.512312946497444273e+02,0.000000000000000000e+00
4.153330825218029076e+02,3.493312848786570726e+02,0.000000000000000000e+00
4.154820174600296809e+02,3.474312751075696610e+02,0.000000000000000000e+00
4.156309523982564542e+02,3.455312653364822495e+02,0.000000000000000000e+00
4.157798873364832275e+02,3.436312555653948948e+02,0.000000000000000000e+00
4.159288222747100008e+02,3.417312457943074833e+02,0.000000000000000000e+00
4.160777572129367741e+02,3.398312360232200717e+02,0.000000000000000000e+00
4.162266921511635474e+02,3.379312262521326602e+02,0.000000000000000000e+00
4.163756270893903206e+02,3.360312164810452487e+02,0.000000000000000000e+00
4.165245620276170939e+02,3.341312067099578940e+02,0.000000000000000000e+00
4.166734969658438672e+02,3.322311969388704824e+02,0.000000000000000000e+00
4.168224319040706405e+02,3.303311871677830709e+02,0.000000000000000000e+00
4.169713668422974138e+02,3.284311773966957162e+02,0.000000000000000000e+00
4.171203017805241871e+02,3.265311676256083047e+02,0.000000000000000000e+00
4.172692367187509603e+02,3.246311578545208931e+02,0.000000000000000000e+00
4.174181716569777336e+02,3.227311480834334816e+02,0.000000000000000000e+00
4.175671065952045069e+02,3.208311383123461269e+02,0.000000000000000000e+00
4.177160415334312802e+02,3.189311285412587154e+02,0.000000000000000000e+00
4.178649764716580535e+02,3.170311187701713038e+02,0.000000000000000000e+00
4.180139114098848268e+02,3.151311089990839491e+02,0.000000000000000000e+00
4.181628463481116000e+02,3.132310992279965376e+02,0.000000000000000000e+00
4.183117812863383733e+02,3.113310894569091261e+02,0.000000000000000000e+00
4.184607162245651466e+02,3.094310796858217145e+02,0.000000000000000000e+00
4.186046511627907307e+02,3.075948564847010971e+02,0.000000000000000000e+00
4.286046511627907307e+02,2.288658096013454610e+02,0.000000000000000000e+00
4.316279921420783694e+02,2.050633342310747764e+02,0.000000000000000000e+00
4.416279921420783694e+02,1.370251914456422355e+02,0.000000000000000000e+00
4.427907544513082030e+02,1.291139726435523869e+02,0.000000000000000000e+00
4.527907544513082030e+02,9.736293931645883504e+01,0.000000000000000000e+00
4.595349688862645507e+02,7.594936158752238953e+01,0.000000000000000000e+00
4.695349688862645507e+02,7.254750635723408436e+01,0.000000000000000000e+00
4.795349688862645507e+02,6.914565112694577920e+01,0.000000000000000000e+00
4.818604935047238769e+02,6.835454131829877156e+01,0.000000000000000000e+00
4.918604935047238769e+02,1.150087995626967370e+02,0.000000000000000000e+00
4.948838344840115155e+02,1.291139726435523869e+02,0.000000000000000000e+00
4.950327694222382888e+02,1.316219820623659587e+02,0.000000000000000000e+00
4.951817043604650621e+02,1.341299914811795020e+02,0.000000000000000000e+00
4.953306392986918354e+02,1.366380008999930737e+02,0.000000000000000000e+00
4.954795742369186087e+02,1.391460103188066455e+02,0.000000000000000000e+00
4.956285091751453820e+02,1.416540197376202173e+02,0.000000000000000000e+00
4.957774441133721552e+02,1.441620291564337606e+02,0.000000000000000000e+00
4.959263790515989285e+02,1.466700385752473323e+02,0.000000000000000000e+00
4.960753139898257018e+02,1.491780479940609041e+02,0.000000000000000000e+00
4.962242489280524751e+02,1.516860574128744474e+02,0.000000000000000000e+00
4.963731838662792484e+02,1.541940668316880192e+02,0.000000000000000000e+00
4.965221188045060217e+02,1.567020762505015909e+02,0.000000000000000000e+00
4.966710537427327949e+02,1.592100856693151343e+02,0.000000000000000000e+00
4.968199886809595682e+02,1.617180950881287060e+02,0.000000000000000000e+00
4.969689236191863415e+02,1.642261045069422778e+02,0.000000000000000000e+00
4.971178585574131148e+02,1.667341139257558211e+02,0.000000000000000000e+00
4.972667934956398881e+02,1.692421233445693929e+02,0.000000000000000000e+00
4.974157284338666614e+02,1.717501327633829646e+02,0.000000000000000000e+00
4.975646633720934346e+02,1.742581421821965364e+02,0.000000000000000000e+00
4.977135983103202079e+02,1.767661516010100797e+02,0.000000000000000000e+00
4.978625332485469812e+02,1.792741610198236515e+02,0.000000000000000000e+00
4.980114681867737545e+02,1.817821704386372232e+02,0.000000000000000000e+00
4.981604031250005278e+02,1.842901798574507666e+02,0.000000000000000000e+00
4.983093380632273011e+02,1.867981892762643383e+02,0.000000000000000000e+00
4.984582730014540743e+02,1.893061986950779101e+02,0.000000000000000000e+00
4.986072079396808476e+02,1.918142081138914818e+02,0.000000000000000000e+00
4.987561428779076209e+02,1.943222175327050252e+02,0.000000000000000000e+00
4.989050778161343942e+02,1.968302269515185969e+02,0.000000000000000000e+00
4.990540127543611675e+02,1.993382363703321403e+02,0.000000000000000000e+00
4.992029476925879408e+02,2.018462457891457120e+02,0.000000000000000000e+00
4.993518826308147140e+02,2.043542552079592838e+02,0.000000000000000000e+00
4.995008175690414873e+02,2.068622646267728555e+02,0.000000000000000000e+00
4.996497525072682606e+02,2.093702740455864273e+02,0.000000000000000000e+00
4.997986874454950339e+02,2.118782834643999706e+02,0.000000000000000000e+00
4.999476223837218072e+02,2.143862928832135424e+02,0.000000000000000000e+00
5.000965573219485805e+02,2.168943023020270857e+02,0.000000000000000000e+00
5.002454922601753537e+02,2.194023117208406575e+02,0.000000000000000000e+00
5.003944271984021270e+02,2.219103211396542292e+02,0.000000000000000000e+00
5.005433621366289003e+02,2.244183305584678010e+02,0.000000000000000000e+00
5.006922970748556736e+02,2.269263399772813727e+02,0.000000000000000000e+00
5.008412320130824469e+02,2.294343493960949161e+02,0.000000000000000000e+00
5.009901669513092202e+02,2.319423588149084594e+02,0.000000000000000000e+00
5.011391018895359935e+02,2.344503682337220312e+02,0.000000000000000000e+00
5.012880368277627667e+02,2.369583776525356029e+02,0.000000000000000000e+00
5.014369717659895400e+02,2.394663870713491747e+02,0.000000000000000000e+00
5.015859067042163133e+02,2.419743964901627464e+02,0.000000000000000000e+00
5.017348416424430866e+02,2.444824059089762898e+02,0.000000000000000000e+00
5.018837765806698599e+02,2.469904153277898615e+02,0.000000000000000000e+00
5.020327115188966332e+02,2.494984247466034049e+02,0.000000000000000000e+00
5.021816464571234064e+02,2.520064341654169766e+02,0.000000000000000000e+00
5.023255813953489906e+02,2.544302454286711281e+02,0.000000000000000000e+00
5.024373104378635162e+02,2.580790828940658344e+02,0.000000000000000000e+00
5.025490394803780418e+02,2.617279203594605974e+02,0.000000000000000000e+00
5.026607685228925675e+02,2.653767578248553036e+02,0.000000000000000000e+00
5.027724975654070931e+02,2.690255952902500667e+02,0.000000000000000000e+00
5.028842266079216188e+02,2.726744327556447729e+02,0.000000000000000000e+00
5.029959556504361444e+02,2.763232702210394791e+02,0.000000000000000000e+00
5.031076846929506701e+02,2.799721076864342422e+02,0.000000000000000000e+00
5.032194137354651957e+02,2.836209451518289484e+02,0.000000000000000000e+00
5.033311427779797214e+02,2.872697826172236546e+02,0.000000000000000000e+00
5.034428718204942470e+02,2.909186200826184177e+02,0.000000000000000000e+00
5.035546008630087726e+02,2.945674575480131239e+02,0.000000000000000000e+00
5.036663299055232983e+02,2.982162950134078869e+02,0.000000000000000000e+00
5.037780589480378239e+02,3.018651324788025931e+02,0.000000000000000000e+00
5.038897879905523496e+02,3.055139699441973562e+02,0.000000000000000000e+00
5.040015170330668752e+02,3.091628074095920624e+02,0.000000000000000000e+00
5.041132460755814009e+02,3.128116448749867686e+02,0.000000000000000000e+00
5.042249751180959265e+02,3.164604823403815317e+02,0.000000000000000000e+00
5.043367041606104522e+02,3.201093198057762379e+02,0.000000000000000000e+00
5.044484332031249778e+02,3.237581572711709441e+02,0.000000000000000000e+00
5.045601622456395035e+02,3.274069947365657072e+02,0.000000000000000000e+00
5.046718912881540291e+02,3.310558322019604134e+02,0.000000000000000000e+00
5.047836203306685547e+02,3.347046696673551196e+02,0.000000000000000000e+00
5.048953493731830804e+02,3.383535071327498827e+02,0.000000000000000000e+00
5.050070784156976060e+02,3.420023445981445889e+02,0.000000000000000000e+00
5.051188074582121317e+02,3.456511820635393519e+02,0.000000000000000000e+00
5.052305365007266573e+02,3.493000195289340581e+02,0.000000000000000000e+00
5.053422655432411830e+02,3.529488569943288212e+02,0.000000000000000000e+00
5.054539945857557086e+02,3.565976944597235274e+02,0.000000000000000000e+00
5.055657236282702343e+02,3.602465319251182336e+02,0.000000000000000000e+00
5.056774526707847599e+02,3.638953693905129967e+02,0.000000000000000000e+00
5.057891817132992855e+02,3.675442068559077029e+02,0.000000000000000000e+00
5.059009107558138112e+02,3.711930443213024091e+02,0.000000000000000000e+00
5.060126397983283368e+02,3.748418817866971722e+02,0.000000000000000000e+00
5.061243688408428625e+02,3.784907192520918784e+02,0.000000000000000000e+00
5.062360978833573881e+02,3.821395567174866414e+02,0.000000000000000000e+00
5.063478269258719138e+02,3.857883941828813477e+02,0.000000000000000000e+00
5.064595559683864394e+02,3.894372316482761107e+02,0.000000000000000000e+00
5.065712850109009651e+02,3.930860691136708169e+02,0.000000000000000000e+00
5.066830140534154907e+02,3.967349065790655231e+02,0.000000000000000000e+00
5.067947430959300164e+02,4.003837440444602862e+02,0.000000000000000000e+00
5.069064721384445420e+02,4.040325815098549924e+02,0.000000000000000000e+00
5.070182011809590676e+02,4.076814189752496986e+02,0.000000000000000000e+00
5.071299302234735933e+02,4.113302564406444617e+02,0.000000000000000000e+00
5.072416592659881189e+02,4.149790939060391679e+02,0.000000000000000000e+00
5.073533883085026446e+02,4.186279313714338741e+02,0.000000000000000000e+00
5.074651173510171702e+02,4.222767688368286372e+02,0.000000000000000000e+00
5.075768463935316959e+02,4.259256063022234002e+02,0.000000000000000000e+00
5.076885754360462215e+02,4.295744437676180496e+02,0.000000000000000000e+00
5.078003044785607472e+02,4.332232812330128127e+02,0.000000000000000000e+00
5.079070335210755616e+02,4.367088291282535124e+02,0.000000000000000000e+00
5.080187625635900872e+02,4.392934218496023959e+02,0.000000000000000000e+00
5.081304916061046129e+02,4.418780145709512794e+02,0.000000000000000000e+00
5.082422206486191385e+02,4.444626072923001630e+02,0.000000000000000000e+00
5.083539496911336641e+02,4.470472000136491033e+02,0.000000000000000000e+00
5.084656787336481898e+02,4.496317927349979868e+02,0.000000000000000000e+00
5.085774077761627154e+02,4.522163854563468703e+02,0.000000000000000000e+00
5.086891368186772411e+02,4.548009781776957539e+02,0.000000000000000000e+00
5.088008658611917667e+02,4.573855708990446374e+02,0.000000000000000000e+00
5.089125949037062924e+02,4.599701636203935209e+02,0.000000000000000000e+00
5.090243239462208180e+02,4.625547563417424612e+02,0.000000000000000000e+00
5.091360529887353437e+02,4.651393490630913448e+02,0.000000000000000000e+00
5.092477820312498693e+02,4.677239417844402283e+02,0.000000000000000000e+00
5.093595110737643950e+02,4.703085345057891118e+02,0.000000000000000000e+00
5.094712401162789206e+02,4.728931272271379953e+02,0.000000000000000000e+00
5.095829691587934462e+02,4.754777199484868788e+02,0.000000000000000000e+00
5.096946982013079719e+02,4.780623126698358192e+02,0.000000000000000000e+00
5.098064272438224975e+02,4.806469053911847027e+02,0.000000000000000000e+00
5.099181562863370232e+02,4.832314981125335862e+02,0.000000000000000000e+00
5.100298853288515488e+02,4.858160908338824697e+02,0.000000000000000000e+00
5.101416143713660745e+02,4.884006835552313532e+02,0.000000000000000000e+00
5.102533434138806001e+02,4.909852762765802368e+02,0.000000000000000000e+00
5.103650724563951258e+02,4.935698689979291771e+02,0.000000000000000000e+00
5.104768014989096514e+02,4.961544617192780606e+02,0.000000000000000000e+00
5.105885305414241770e+02,4.987390544406269441e+02,0.000000000000000000e+00
5.107002595839387027e+02,5.013236471619758277e+02,0.000000000000000000e+00
5.108119886264532283e+02,5.039082398833247112e+02,0.000000000000000000e+00
5.109237176689677540e+02,5.064928326046735947e+02,0.000000000000000000e+00
5.110354467114822796e+02,5.090774253260225350e+02,0.000000000000000000e+00
5.111471757539968053e+02,5.116620180473714186e+02,0.000000000000000000e+00
5.112589047965113309e+02,5.142466107687203021e+02,0.000000000000000000e+00
5.113706338390258566e+02,5.168312034900691287e+02,0.000000000000000000e+00
5.114823628815403822e+02,5.194157962114180691e+02,0.000000000000000000e+00
5.115940919240549078e+02,5.220003889327670095e+02,0.000000000000000000e+00
5.117058209665694335e+02,5.245849816541158361e+02,0.000000000000000000e+00
5.118175500090839591e+02,5.271695743754647765e+02,0.000000000000000000e+00
5.119292790515984848e+02,5.297541670968136032e+02,0.000000000000000000e+00
5.120410080941130673e+02,5.323387598181639078e+02,0.000000000000000000e+00
5.121527371366275929e+02,5.349233525395127344e+02,0.000000000000000000e+00
5.122644661791421186e+02,5.375079452608616748e+02,0.000000000000000000e+00
5.123761952216566442e+02,5.400925379822105015e+02,0.000000000000000000e+00
5.124879242641711699e+02,5.426771307035594418e+02,0.000000000000000000e+00
5.125996533066856955e+02,5.452617234249082685e+02,0.000000000000000000e+00
5.127113823492002211e+02,5.478463161462572089e+02,0.000000000000000000e+00
5.128231113917147468e+02,5.504309088676061492e+02,0.000000000000000000e+00
5.129348404342292724e+02,5.530155015889549759e+02,0.000000000000000000e+00
5.130465694767437981e+02,5.556000943103039162e+02,0.000000000000000000e+00
5.131582985192583237e+02,5.581846870316527429e+02,0.000000000000000000e+00
5.132700275617728494e+02,5.607692797530016833e+02,0.000000000000000000e+00
5.133817566042873750e+02,5.633538724743505099e+02,0.000000000000000000e+00
5.134884856468023600e+02,5.658228017718060983e+02,0.000000000000000000e+00
5.135630031159157625e+02,5.687888054150068911e+02,0.000000000000000000e+00
5.136375205850291650e+02,5.717548090582075702e+02,0.000000000000000000e+00
5.137120380541425675e+02,5.747208127014083630e+02,0.000000000000000000e+00
5.137865555232559700e+02,5.776868163446090421e+02,0.000000000000000000e+00
5.138610729923693725e+02,5.806528199878098349e+02,0.000000000000000000e+00
5.139355904614827750e+02,5.836188236310106277e+02,0.000000000000000000e+00
5.140101079305961775e+02,5.865848272742113068e+02,0.000000000000000000e+00
5.140846253997095801e+02,5.895508309174120996e+02,0.000000000000000000e+00
5.141591428688229826e+02,5.925168345606127787e+02,0.000000000000000000e+00
5.142336603379363851e+02,5.954828382038135715e+02,0.000000000000000000e+00
5.143081778070497876e+02,5.984488418470143642e+02,0.000000000000000000e+00
5.143826952761631901e+02,6.014148454902150434e+02,0.000000000000000000e+00
5.144572127452765926e+02,6.043808491334158361e+02,0.000000000000000000e+00
5.145317302143899951e+02,6.073468527766166289e+02,0.000000000000000000e+00
5.146062476835033976e+02,6.103128564198173081e+02,0.000000000000000000e+00
5.146807651526168002e+02,6.132788600630181008e+02,0.000000000000000000e+00
5.147552826217302027e+02,6.162448637062187800e+02,0.000000000000000000e+00
5.148298000908436052e+02,6.192108673494195727e+02,0.000000000000000000e+00
5.149043175599570077e+02,6.221768709926203655e+02,0.000000000000000000e+00
5.149788350290704102e+02,6.251428746358210446e+02,0.000000000000000000e+00
5.150533524981838127e+02,6.281088782790218374e+02,0.000000000000000000e+00
5.151278699672972152e+02,6.310748819222226302e+02,0.000000000000000000e+00
5.152023874364106177e+02,6.340408855654233093e+02,0.000000000000000000e+00
5.152769049055240203e+02,6.370068892086241021e+02,0.000000000000000000e+00
5.153514223746374228e+02,6.399728928518247812e+02,0.000000000000000000e+00
5.154259398437508253e+02,6.429388964950255740e+02,0.000000000000000000e+00
5.155004573128642278e+02,6.459049001382263668e+02,0.000000000000000000e+00
5.155749747819776303e+02,6.488709037814270459e+02,0.000000000000000000e+00
5.156494922510910328e+02,6.518369074246278387e+02,0.000000000000000000e+00
5.157240097202044353e+02,6.548029110678285178e+02,0.000000000000000000e+00
5.157985271893178378e+02,6.577689147110293106e+02,0.000000000000000000e+00
5.158730446584312404e+02,6.607349183542301034e+02,0.000000000000000000e+00
5.159475621275446429e+02,6.637009219974307825e+02,0.000000000000000000e+00
5.160220795966580454e+02,6.666669256406315753e+02,0.000000000000000000e+00
5.160965970657714479e+02,6.696329292838322544e+02,0.000000000000000000e+00
5.161711145348848504e+02,6.725989329270330472e+02,0.000000000000000000e+00
5.162456320039982529e+02,6.755649365702338400e+02,0.000000000000000000e+00
5.163201494731116554e+02,6.785309402134345191e+02,0.000000000000000000e+00
5.163946669422250579e+02,6.814969438566353119e+02,0.000000000000000000e+00
5.164691844113384604e+02,6.844629474998359910e+02,0.000000000000000000e+00
5.165437018804518630e+02,6.874289511430367838e+02,0.000000000000000000e+00
5.166182193495652655e+02,6.903949547862375766e+02,0.000000000000000000e+00
5.166927368186786680e+02,6.933609584294382557e+02,0.000000000000000000e+00
5.167672542877920705e+02,6.963269620726390485e+02,0.000000000000000000e+00
5.168417717569054730e+02,6.992929657158397276e+02,0.000000000000000000e+00
5.169162892260188755e+02,7.022589693590405204e+02,0.000000000000000000e+00
5.169908066951322780e+02,7.052249730022413132e+02,0.000000000000000000e+00
5.170653241642456805e+02,7.081909766454421060e+02,0.000000000000000000e+00
5.171398416333590831e+02,7.111569802886427851e+02,0.000000000000000000e+00
5.172093591024708985e+02,7.139239699503281145e+02,0.000000000000000000e+00
5.272093591024708985e+02,7.785599979605569843e+02,0.000000000000000000e+00
5.283721214117003910e+02,7.860756316794165741e+02,0.000000000000000000e+00
5.383721214117003910e+02,7.180374888939843459e+02,0.000000000000000000e+00
5.395348837209302246e+02,7.101262700918945256e+02,0.000000000000000000e+00
5.397210302325581779e+02,7.076186003850546058e+02,0.000000000000000000e+00
5.399071767441861311e+02,7.051109306782145723e+02,0.000000000000000000e+00
5.400933232558140844e+02,7.026032609713746524e+02,0.000000000000000000e+00
5.402794697674420377e+02,7.000955912645346189e+02,0.000000000000000000e+00
5.404656162790699909e+02,6.975879215576946990e+02,0.000000000000000000e+00
5.406517627906979442e+02,6.950802518508546655e+02,0.000000000000000000e+00
5.408379093023258974e+02,6.925725821440147456e+02,0.000000000000000000e+00
5.410240558139538507e+02,6.900649124371747121e+02,0.000000000000000000e+00
5.412102023255818040e+02,6.875572427303347922e+02,0.000000000000000000e+00
5.413963488372097572e+02,6.850495730234947587e+02,0.000000000000000000e+00
5.415824953488377105e+02,6.825419033166548388e+02,0.000000000000000000e+00
5.417686418604656637e+02,6.800342336098149190e+02,0.000000000000000000e+00
5.419547883720936170e+02,6.775265639029748854e+02,0.000000000000000000e+00
5.421409348837215703e+02,6.750188941961349656e+02,0.000000000000000000e+00
5.423270813953495235e+02,6.725112244892949320e+02,0.000000000000000000e+00
5.425132279069774768e+02,6.700035547824550122e+02,0.000000000000000000e+00
5.426993744186054300e+02,6.674958850756149786e+02,0.000000000000000000e+00
5.428855209302333833e+02,6.649882153687750588e+02,0.000000000000000000e+00
5.430716674418613366e+02,6.624805456619350252e+02,0.000000000000000000e+00
5.432578139534892898e+02,6.599728759550951054e+02,0.000000000000000000e+00
5.434439604651172431e+02,6.574652062482550718e+02,0.000000000000000000e+00
5.436301069767451963e+02,6.549575365414151520e+02,0.000000000000000000e+00
5.438162534883731496e+02,6.524498668345751184e+02,0.000000000000000000e+00
5.440024000000011029e+02,6.499421971277351986e+02,0.000000000000000000e+00
5.441885465116290561e+02,6.474345274208951651e+02,0.000000000000000000e+00
5.443746930232570094e+02,6.449268577140552452e+02,0.000000000000000000e+00
5.445608395348849626e+02,6.424191880072153253e+02,0.000000000000000000e+00
5.447469860465129159e+02,6.399115183003752918e+02,0.000000000000000000e+00
5.449331325581408692e+02,6.374038485935353719e+02,0.000000000000000000e+00
5.451192790697688224e+02,6.348961788866953384e+02,0.000000000000000000e+00
5.453054255813967757e+02,6.323885091798554186e+02,0.000000000000000000e+00
5.454915720930247289e+02,6.298808394730153850e+02,0.000000000000000000e+00
5.456777186046526822e+02,6.273731697661754652e+02,0.000000000000000000e+00
5.458638651162806354e+02,6.248655000593354316e+02,0.000000000000000000e+00
5.460500116279085887e+02,6.223578303524955118e+02,0.000000000000000000e+00
5.462361581395365420e+02,6.198501606456554782e+02,0.000000000000000000e+00
5.464223046511644952e+02,6.173424909388155584e+02,0.000000000000000000e+00
5.466084511627924485e+02,6.148348212319756385e+02,0.000000000000000000e+00
5.467945976744204017e+02,6.123271515251356050e+02,0.000000000000000000e+00
5.469807441860483550e+02,6.098194818182956851e+02,0.000000000000000000e+00
5.471668906976763083e+02,6.073118121114556516e+02,0.000000000000000000e+00
5.473530372093042615e+02,6.048041424046157317e+02,0.000000000000000000e+00
5.475391837209322148e+02,6.022964726977756982e+02,0.000000000000000000e+00
5.477253302325601680e+02,5.997888029909357783e+02,0.000000000000000000e+00
5.479114767441881213e+02,5.972811332840957448e+02,0.000000000000000000e+00
5.480976232558160746e+02,5.947734635772558249e+02,0.000000000000000000e+00
5.482837697674440278e+02,5.922657938704157914e+02,0.000000000000000000e+00
5.484699162790719811e+02,5.897581241635758715e+02,0.000000000000000000e+00
5.486560627906999343e+02,5.872504544567359517e+02,0.000000000000000000e+00
5.488372093023255047e+02,5.848101421686867525e+02,0.000000000000000000e+00
5.489489383448400304e+02,5.826816526805953345e+02,0.000000000000000000e+00
5.490606673873545560e+02,5.805531631925040301e+02,0.000000000000000000e+00
5.491723964298690817e+02,5.784246737044126121e+02,0.000000000000000000e+00
5.492841254723836073e+02,5.762961842163213078e+02,0.000000000000000000e+00
5.493958545148981329e+02,5.741676947282298897e+02,0.000000000000000000e+00
5.495075835574126586e+02,5.720392052401384717e+02,0.000000000000000000e+00
5.496193125999271842e+02,5.699107157520471674e+02,0.000000000000000000e+00
5.497310416424417099e+02,5.677822262639557493e+02,0.000000000000000000e+00
5.498427706849562355e+02,5.656537367758644450e+02,0.000000000000000000e+00
5.499544997274707612e+02,5.635252472877730270e+02,0.000000000000000000e+00
5.500662287699852868e+02,5.613967577996817226e+02,0.000000000000000000e+00
5.501779578124998125e+02,5.592682683115903046e+02,0.000000000000000000e+00
5.502896868550143381e+02,5.571397788234988866e+02,0.000000000000000000e+00
5.504014158975288638e+02,5.550112893354075823e+02,0.000000000000000000e+00
5.505131449400433894e+02,5.528827998473161642e+02,0.000000000000000000e+00
5.506248739825579150e+02,5.507543103592248599e+02,0.000000000000000000e+00
5.507366030250724407e+02,5.486258208711334419e+02,0.000000000000000000e+00
5.508483320675869663e+02,5.464973313830420238e+02,0.000000000000000000e+00
5.509600611101014920e+02,5.443688418949507195e+02,0.000000000000000000e+00
5.510717901526160176e+02,5.422403524068593015e+02,0.000000000000000000e+00
5.511835191951305433e+02,5.401118629187679971e+02,0.000000000000000000e+00
5.512952482376450689e+02,5.379833734306765791e+02,0.000000000000000000e+00
5.514069772801595946e+02,5.358548839425852748e+02,0.000000000000000000e+00
5.515187063226741202e+02,5.337263944544938568e+02,0.000000000000000000e+00
5.516304353651886458e+02,5.315979049664024387e+02,0.000000000000000000e+00
5.517421644077031715e+02,5.294694154783111344e+02,0.000000000000000000e+00
5.518538934502176971e+02,5.273409259902197164e+02,0.000000000000000000e+00
5.519656224927322228e+02,5.252124365021284120e+02,0.000000000000000000e+00
5.520773515352467484e+02,5.230839470140369940e+02,0.000000000000000000e+00
5.521890805777612741e+02,5.209554575259455760e+02,0.000000000000000000e+00
5.523008096202757997e+02,5.188269680378542716e+02,0.000000000000000000e+00
5.524125386627903254e+02,5.166984785497628536e+02,0.000000000000000000e+00
5.525242677053048510e+02,5.145699890616715493e+02,0.000000000000000000e+00
5.526359967478193767e+02,5.124414995735801313e+02,0.000000000000000000e+00
5.527477257903339023e+02,5.103130100854887701e+02,0.000000000000000000e+00
5.528594548328484279e+02,5.081845205973974089e+02,0.000000000000000000e+00
5.529711838753629536e+02,5.060560311093059909e+02,0.000000000000000000e+00
5.530829129178774792e+02,5.039275416212146297e+02,0.000000000000000000e+00
5.531946419603920049e+02,5.017990521331232685e+02,0.000000000000000000e+00
5.533063710029065305e+02,4.996705626450319073e+02,0.000000000000000000e+00
5.534181000454210562e+02,4.975420731569405461e+02,0.000000000000000000e+00
5.535298290879355818e+02,4.954135836688491281e+02,0.000000000000000000e+00
5.536415581304501075e+02,4.932850941807578238e+02,0.000000000000000000e+00
5.537532871729646331e+02,4.911566046926664058e+02,0.000000000000000000e+00
5.538650162154791587e+02,4.890281152045750446e+02,0.000000000000000000e+00
5.539767452579936844e+02,4.868996257164836834e+02,0.000000000000000000e+00
5.540884743005082100e+02,4.847711362283923222e+02,0.000000000000000000e+00
5.542002033430227357e+02,4.826426467403009610e+02,0.000000000000000000e+00
5.543119323855372613e+02,4.805141572522095430e+02,0.000000000000000000e+00
5.544186614280523600e+02,4.784809200566262462e+02,0.000000000000000000e+00
5.545675992051235426e+02,4.761249091303251362e+02,0.000000000000000000e+00
5.547165369821947252e+02,4.737688982040240830e+02,0.000000000000000000e+00
5.548654747592659078e+02,4.714128872777229731e+02,0.000000000000000000e+00
5.550144125363370904e+02,4.690568763514218631e+02,0.000000000000000000e+00
5.551633503134082730e+02,4.667008654251207531e+02,0.000000000000000000e+00
5.553122880904794556e+02,4.643448544988197000e+02,0.000000000000000000e+00
5.554612258675506382e+02,4.619888435725185900e+02,0.000000000000000000e+00
5.556101636446218208e+02,4.596328326462174800e+02,0.000000000000000000e+00
5.557591014216930034e+02,4.572768217199164269e+02,0.000000000000000000e+00
5.559080391987641860e+02,4.549208107936153169e+02,0.000000000000000000e+00
5.560569769758353686e+02,4.525647998673142069e+02,0.000000000000000000e+00
5.562059147529065513e+02,4.502087889410130970e+02,0.000000000000000000e+00
5.563548525299777339e+02,4.478527780147120438e+02,0.000000000000000000e+00
5.565037903070489165e+02,4.454967670884109339e+02,0.000000000000000000e+00
5.566527280841200991e+02,4.431407561621098239e+02,0.000000000000000000e+00
5.568016658611912817e+02,4.407847452358087139e+02,0.000000000000000000e+00
5.569506036382624643e+02,4.384287343095076608e+02,0.000000000000000000e+00
5.570995414153336469e+02,4.360727233832065508e+02,0.000000000000000000e+00
5.572484791924048295e+02,4.337167124569054408e+02,0.000000000000000000e+00
5.573974169694760121e+02,4.313607015306043877e+02,0.000000000000000000e+00
5.575463547465471947e+02,4.290046906043032777e+02,0.000000000000000000e+00
5.576952925236183773e+02,4.266486796780021677e+02,0.000000000000000000e+00
5.578442303006895600e+02,4.242926687517010578e+02,0.000000000000000000e+00
5.579931680777607426e+02,4.219366578254000046e+02,0.000000000000000000e+00
5.581421058548319252e+02,4.195806468990988947e+02,0.000000000000000000e+00
5.582910436319031078e+02,4.172246359727977847e+02,0.000000000000000000e+00
5.584399814089742904e+02,4.148686250464967316e+02,0.000000000000000000e+00
5.585889191860454730e+02,4.125126141201956216e+02,0.000000000000000000e+00
5.587378569631166556e+02,4.101566031938945116e+02,0.000000000000000000e+00
5.588867947401878382e+02,4.078005922675934016e+02,0.000000000000000000e+00
5.590357325172590208e+02,4.054445813412923485e+02,0.000000000000000000e+00
5.591846702943302034e+02,4.030885704149912385e+02,0.000000000000000000e+00
5.593336080714013860e+02,4.007325594886901285e+02,0.000000000000000000e+00
5.594825458484725687e+02,3.983765485623890754e+02,0.000000000000000000e+00
5.596314836255437513e+02,3.960205376360879654e+02,0.000000000000000000e+00
5.597804214026149339e+02,3.936645267097868555e+02,0.000000000000000000e+00
5.599293591796861165e+02,3.913085157834857455e+02,0.000000000000000000e+00
5.600782969567572991e+02,3.889525048571846924e+02,0.000000000000000000e+00
5.602272347338284817e+02,3.865964939308835824e+02,0.000000000000000000e+00
5.603761725108996643e+02,3.842404830045824724e+02,0.000000000000000000e+00
5.605251102879708469e+02,3.818844720782814193e+02,0.000000000000000000e+00
5.606740480650420295e+02,3.795284611519803093e+02,0.000000000000000000e+00
5.608229858421132121e+02,3.771724502256791993e+02,0.000000000000000000e+00
5.609719236191843947e+02,3.748164392993780893e+02,0.000000000000000000e+00
5.611208613962555773e+02,3.724604283730770362e+02,0.000000000000000000e+00
5.612697991733267600e+02,3.701044174467759262e+02,0.000000000000000000e+00
5.614187369503979426e+02,3.677484065204748163e+02,0.000000000000000000e+00
5.615676747274691252e+02,3.653923955941737631e+02,0.000000000000000000e+00
5.617166125045403078e+02,3.630363846678726532e+02,0.000000000000000000e+00
5.618605502816134276e+02,3.607594675407311229e+02,0.000000000000000000e+00
5.620466967932413809e+02,3.582517891375047157e+02,0.000000000000000000e+00
5.622328433048693341e+02,3.557441107342782516e+02,0.000000000000000000e+00
5.624189898164972874e+02,3.532364323310518444e+02,0.000000000000000000e+00
5.626051363281252407e+02,3.507287539278253803e+02,0.000000000000000000e+00
5.627912828397531939e+02,3.482210755245989731e+02,0.000000000000000000e+00
5.629774293513811472e+02,3.457133971213725658e+02,0.000000000000000000e+00
5.631635758630091004e+02,3.432057187181461018e+02,0.000000000000000000e+00
5.633497223746370537e+02,3.406980403149196945e+02,0.000000000000000000e+00
5.635358688862650069e+02,3.381903619116932305e+02,0.000000000000000000e+00
5.637220153978929602e+02,3.356826835084668232e+02,0.000000000000000000e+00
5.639081619095209135e+02,3.331750051052404160e+02,0.000000000000000000e+00
5.640943084211488667e+02,3.306673267020139519e+02,0.000000000000000000e+00
5.642804549327768200e+02,3.281596482987875447e+02,0.000000000000000000e+00
5.644666014444047732e+02,3.256519698955610806e+02,0.000000000000000000e+00
5.646527479560327265e+02,3.231442914923346734e+02,0.000000000000000000e+00
5.648388944676606798e+02,3.206366130891082662e+02,0.000000000000000000e+00
5.650250409792886330e+02,3.181289346858818021e+02,0.000000000000000000e+00
5.652111874909165863e+02,3.156212562826553949e+02,0.000000000000000000e+00
5.653973340025445395e+02,3.131135778794289308e+02,0.000000000000000000e+00
5.655834805141724928e+02,3.106058994762025236e+02,0.000000000000000000e+00
5.657696270258004461e+02,3.080982210729761164e+02,0.000000000000000000e+00
5.659557735374283993e+02,3.055905426697496523e+02,0.000000000000000000e+00
5.661419200490563526e+02,3.030828642665232451e+02,0.000000000000000000e+00
5.663280665606843058e+02,3.005751858632967810e+02,0.000000000000000000e+00
5.665142130723122591e+02,2.980675074600703738e+02,0.000000000000000000e+00
5.667003595839402124e+02,2.955598290568439097e+02,0.000000000000000000e+00
5.668865060955681656e+02,2.930521506536175025e+02,0.000000000000000000e+00
5.670726526071961189e+02,2.905444722503910953e+02,0.000000000000000000e+00
5.672587991188240721e+02,2.880367938471646312e+02,0.000000000000000000e+00
5.674449456304520254e+02,2.855291154439382240e+02,0.000000000000000000e+00
5.676310921420799787e+02,2.830214370407118167e+02,0.000000000000000000e+00
5.678172386537079319e+02,2.805137586374853527e+02,0.000000000000000000e+00
5.680033851653358852e+02,2.780060802342589454e+02,0.000000000000000000e+00
5.681895316769638384e+02,2.754984018310325382e+02,0.000000000000000000e+00
5.683756781885917917e+02,2.729907234278060741e+02,0.000000000000000000e+00
5.685618247002197450e+02,2.704830450245796101e+02,0.000000000000000000e+00
5.687479712118476982e+02,2.679753666213532028e+02,0.000000000000000000e+00
5.689341177234756515e+02,2.654676882181267956e+02,0.000000000000000000e+00
5.691202642351036047e+02,2.629600098149003315e+02,0.000000000000000000e+00
5.693064107467315580e+02,2.604523314116739243e+02,0.000000000000000000e+00
5.694925572583595113e+02,2.579446530084475171e+02,0.000000000000000000e+00
5.696787037699874645e+02,2.554369746052210530e+02,0.000000000000000000e+00
5.698648502816154178e+02,2.529292962019946458e+02,0.000000000000000000e+00
5.700509967932433710e+02,2.504216177987682102e+02,0.000000000000000000e+00
5.702371433048713243e+02,2.479139393955417745e+02,0.000000000000000000e+00
5.704232898164992775e+02,2.454062609923153389e+02,0.000000000000000000e+00
5.706094363281272308e+02,2.428985825890889032e+02,0.000000000000000000e+00
5.707955828397551841e+02,2.403909041858624960e+02,0.000000000000000000e+00
5.709817293513831373e+02,2.378832257826360319e+02,0.000000000000000000e+00
5.711628758630087077e+02,2.354429050317902750e+02,0.000000000000000000e+00
5.811628758630087077e+02,1.844142979427151090e+02,0.000000000000000000e+00
5.911628758630087077e+02,1.333856908536399146e+02,0.000000000000000000e+00
5.934884004814680338e+02,1.215188626505066765e+02,0.000000000000000000e+00
6.034884004814680338e+02,8.681956036582911906e+01,0.000000000000000000e+00
6.120930516442587077e+02,5.696202119064152924e+01,0.000000000000000000e+00
6.220930516442587077e+02,7.154157024779880203e+01,0.000000000000000000e+00
6.320930516442587077e+02,8.612111930495609613e+01,0.000000000000000000e+00
6.381395916606105629e+02,9.493670198440273111e+01,0.000000000000000000e+00
6.382141091297239655e+02,9.714219432774015672e+01,0.000000000000000000e+00
6.382886265988373680e+02,9.934768667107758233e+01,0.000000000000000000e+00
6.383631440679507705e+02,1.015531790144150079e+02,0.000000000000000000e+00
6.384376615370641730e+02,1.037586713577524193e+02,0.000000000000000000e+00
6.385121790061775755e+02,1.059641637010898449e+02,0.000000000000000000e+00
6.385866964752909780e+02,1.081696560444272706e+02,0.000000000000000000e+00
6.386612139444043805e+02,1.103751483877646962e+02,0.000000000000000000e+00
6.387357314135177830e+02,1.125806407311021218e+02,0.000000000000000000e+00
6.388102488826311856e+02,1.147861330744395332e+02,0.000000000000000000e+00
6.388847663517445881e+02,1.169916254177769588e+02,0.000000000000000000e+00
6.389592838208579906e+02,1.191971177611143844e+02,0.000000000000000000e+00
6.390338012899713931e+02,1.214026101044518100e+02,0.000000000000000000e+00
6.391083187590847956e+02,1.236081024477892356e+02,0.000000000000000000e+00
6.391828362281981981e+02,1.258135947911266612e+02,0.000000000000000000e+00
6.392573536973116006e+02,1.280190871344640868e+02,0.000000000000000000e+00
6.393318711664250031e+02,1.302245794778015124e+02,0.000000000000000000e+00
6.394063886355384057e+02,1.324300718211389380e+02,0.000000000000000000e+00
6.394809061046518082e+02,1.346355641644763637e+02,0.000000000000000000e+00
6.395554235737652107e+02,1.368410565078137893e+02,0.000000000000000000e+00
6.396299410428786132e+02,1.390465488511512149e+02,0.000000000000000000e+00
6.397044585119920157e+02,1.412520411944886121e+02,0.000000000000000000e+00
6.397789759811054182e+02,1.434575335378260377e+02,0.000000000000000000e+00
6.398534934502188207e+02,1.456630258811634633e+02,0.000000000000000000e+00
6.399280109193322232e+02,1.478685182245008889e+02,0.000000000000000000e+00
6.400025283884456258e+02,1.500740105678383145e+02,0.000000000000000000e+00
6.400770458575590283e+02,1.522795029111757401e+02,0.000000000000000000e+00
6.401515633266724308e+02,1.544849952545131657e+02,0.000000000000000000e+00
6.402260807957858333e+02,1.566904875978505913e+02,0.000000000000000000e+00
6.403005982648992358e+02,1.588959799411880169e+02,0.000000000000000000e+00
6.403751157340126383e+02,1.611014722845254141e+02,0.000000000000000000e+00
6.404496332031260408e+02,1.633069646278628397e+02,0.000000000000000000e+00
6.405241506722394433e+02,1.655124569712002653e+02,0.000000000000000000e+00
6.405986681413528459e+02,1.677179493145376910e+02,0.000000000000000000e+00
6.406731856104662484e+02,1.699234416578751166e+02,0.000000000000000000e+00
6.407477030795796509e+02,1.721289340012125422e+02,0.000000000000000000e+00
6.408222205486930534e+02,1.743344263445499678e+02,0.000000000000000000e+00
6.408967380178064559e+02,1.765399186878873934e+02,0.000000000000000000e+00
6.409712554869198584e+02,1.787454110312248190e+02,0.000000000000000000e+00
6.410457729560332609e+02,1.809509033745622446e+02,0.000000000000000000e+00
6.411202904251466634e+02,1.831563957178996702e+02,0.000000000000000000e+00
6.411948078942600660e+02,1.853618880612370958e+02,0.000000000000000000e+00
6.412693253633734685e+02,1.875673804045745214e+02,0.000000000000000000e+00
6.413438428324868710e+02,1.897728727479119470e+02,0.000000000000000000e+00
6.414183603016002735e+02,1.919783650912493727e+02,0.000000000000000000e+00
6.414928777707136760e+02,1.941838574345867983e+02,0.000000000000000000e+00
6.415673952398270785e+02,1.963893497779242239e+02,0.000000000000000000e+00
6.416419127089404810e+02,1.985948421212616211e+02,0.000000000000000000e+00
6.417164301780538835e+02,2.008003344645990467e+02,0.000000000000000000e+00
6.417909476471672860e+02,2.030058268079364723e+02,0.000000000000000000e+00
6.418604651162791015e+02,2.050633342310747764e+02,0.000000000000000000e+00
6.419721941587936271e+02,2.080280139467494962e+02,0.000000000000000000e+00
6.420839232013081528e+02,2.109926936624242160e+02,0.000000000000000000e+00
6.421956522438226784e+02,2.139573733780989357e+02,0.000000000000000000e+00
6.423073812863372041e+02,2.169220530937736839e+02,0.000000000000000000e+00
6.424191103288517297e+02,2.198867328094484037e+02,0.000000000000000000e+00
6.425308393713662554e+02,2.228514125251231235e+02,0.000000000000000000e+00
6.426425684138807810e+02,2.258160922407978433e+02,0.000000000000000000e+00
6.427542974563953067e+02,2.287807719564725630e+02,0.000000000000000000e+00
6.428660264989098323e+02,2.317454516721472828e+02,0.000000000000000000e+00
6.429777555414243579e+02,2.347101313878220026e+02,0.000000000000000000e+00
6.430894845839388836e+02,2.376748111034967508e+02,0.000000000000000000e+00
6.432012136264534092e+02,2.406394908191714705e+02,0.000000000000000000e+00
6.433129426689679349e+02,2.436041705348461903e+02,0.000000000000000000e+00
6.434246717114824605e+02,2.465688502505209101e+02,0.000000000000000000e+00
6.435364007539969862e+02,2.495335299661956299e+02,0.000000000000000000e+00
6.436481297965115118e+02,2.524982096818703781e+02,0.000000000000000000e+00
6.437598588390260375e+02,2.554628893975450978e+02,0.000000000000000000e+00
6.438715878815405631e+02,2.584275691132198176e+02,0.000000000000000000e+00
6.439833169240550887e+02,2.613922488288945374e+02,0.000000000000000000e+00
6.440950459665696144e+02,2.643569285445692572e+02,0.000000000000000000e+00
6.442067750090841400e+02,2.673216082602439769e+02,0.000000000000000000e+00
6.443185040515986657e+02,2.702862879759186967e+02,0.000000000000000000e+00
6.444302330941131913e+02,2.732509676915934165e+02,0.000000000000000000e+00
6.445419621366277170e+02,2.762156474072681362e+02,0.000000000000000000e+00
6.446536911791422426e+02,2.791803271229429129e+02,0.000000000000000000e+00
6.447654202216567683e+02,2.821450068386176326e+02,0.000000000000000000e+00
6.448771492641712939e+02,2.851096865542923524e+02,0.000000000000000000e+00
6.449888783066858196e+02,2.880743662699670722e+02,0.000000000000000000e+00
6.451006073492003452e+02,2.910390459856417920e+02,0.000000000000000000e+00
6.452123363917148708e+02,2.940037257013165117e+02,0.000000000000000000e+00
6.453240654342293965e+02,2.969684054169912315e+02,0.000000000000000000e+00
6.454357944767439221e+02,2.999330851326659513e+02,0.000000000000000000e+00
6.455475235192584478e+02,3.028977648483406711e+02,0.000000000000000000e+00
6.456592525617729734e+02,3.058624445640153908e+02,0.000000000000000000e+00
6.457709816042874991e+02,3.088271242796901106e+02,0.000000000000000000e+00
6.458827106468020247e+02,3.117918039953648304e+02,0.000000000000000000e+00
6.459944396893165504e+02,3.147564837110395501e+02,0.000000000000000000e+00
6.461061687318310760e+02,3.177211634267142699e+02,0.000000000000000000e+00
6.462178977743456016e+02,3.206858431423889897e+02,0.000000000000000000e+00
6.463296268168601273e+02,3.236505228580637095e+02,0.000000000000000000e+00
6.464413558593746529e+02,3.266152025737384292e+02,0.000000000000000000e+00
6.465530849018891786e+02,3.295798822894132059e+02,0.000000000000000000e+00
6.466648139444037042e+02,3.325445620050879256e+02,0.000000000000000000e+00
6.467765429869182299e+02,3.355092417207626454e+02,0.000000000000000000e+00
6.468882720294327555e+02,3.384739214364373652e+02,0.000000000000000000e+00
6.470000010719472812e+02,3.414386011521120849e+02,0.000000000000000000e+00
6.471117301144618068e+02,3.444032808677868047e+02,0.000000000000000000e+00
6.472234591569763325e+02,3.473679605834615245e+02,0.000000000000000000e+00
6.473351881994908581e+02,3.503326402991362443e+02,0.000000000000000000e+00
6.474419172420058430e+02,3.531646472715080449e+02,0.000000000000000000e+00
6.475536462845203687e+02,3.559012724707204143e+02,0.000000000000000000e+00
6.476653753270348943e+02,3.586378976699327836e+02,0.000000000000000000e+00
6.477771043695494200e+02,3.613745228691451530e+02,0.000000000000000000e+00
6.478888334120639456e+02,3.641111480683575223e+02,0.000000000000000000e+00
6.480005624545784713e+02,3.668477732675699485e+02,0.000000000000000000e+00
6.481122914970929969e+02,3.695843984667823179e+02,0.000000000000000000e+00
6.482240205396075226e+02,3.723210236659946872e+02,0.000000000000000000e+00
6.483357495821220482e+02,3.750576488652070566e+02,0.000000000000000000e+00
6.484474786246365738e+02,3.777942740644194259e+02,0.000000000000000000e+00
6.485592076671510995e+02,3.805308992636317953e+02,0.000000000000000000e+00
6.486709367096656251e+02,3.832675244628441646e+02,0.000000000000000000e+00
6.487826657521801508e+02,3.860041496620565340e+02,0.000000000000000000e+00
6.488943947946946764e+02,3.887407748612689034e+02,0.000000000000000000e+00
6.490061238372092021e+02,3.914774000604812727e+02,0.000000000000000000e+00
6.491178528797237277e+02,3.942140252596936989e+02,0.000000000000000000e+00
6.492295819222382534e+02,3.969506504589060683e+02,0.000000000000000000e+00
6.493413109647527790e+02,3.996872756581184376e+02,0.000000000000000000e+00
6.494530400072673046e+02,4.024239008573308070e+02,0.000000000000000000e+00
6.495647690497818303e+02,4.051605260565431763e+02,0.000000000000000000e+00
6.496764980922963559e+02,4.078971512557555457e+02,0.000000000000000000e+00
6.497882271348108816e+02,4.106337764549679150e+02,0.000000000000000000e+00
6.498999561773254072e+02,4.133704016541802844e+02,0.000000000000000000e+00
6.500116852198399329e+02,4.161070268533926537e+02,0.000000000000000000e+00
6.501234142623544585e+02,4.188436520526050799e+02,0.000000000000000000e+00
6.502351433048689842e+02,4.215802772518174493e+02,0.000000000000000000e+00
6.503468723473835098e+02,4.243169024510298186e+02,0.000000000000000000e+00
6.504586013898980354e+02,4.270535276502421880e+02,0.000000000000000000e+00
6.505703304324125611e+02,4.297901528494545573e+02,0.000000000000000000e+00
6.506820594749270867e+02,4.325267780486669267e+02,0.000000000000000000e+00
6.507937885174416124e+02,4.352634032478792960e+02,0.000000000000000000e+00
6.509055175599561380e+02,4.380000284470917222e+02,0.000000000000000000e+00
6.510172466024706637e+02,4.407366536463040347e+02,0.000000000000000000e+00
6.511289756449851893e+02,4.434732788455164609e+02,0.000000000000000000e+00
6.512407046874997150e+02,4.462099040447288303e+02,0.000000000000000000e+00
6.513524337300142406e+02,4.489465292439411996e+02,0.000000000000000000e+00
6.514641627725287663e+02,4.516831544431535690e+02,0.000000000000000000e+00
6.515758918150432919e+02,4.544197796423659383e+02,0.000000000000000000e+00
6.516876208575578175e+02,4.571564048415783077e+02,0.000000000000000000e+00
6.517993499000723432e+02,4.598930300407906770e+02,0.000000000000000000e+00
6.519110789425868688e+02,4.626296552400030464e+02,0.000000000000000000e+00
6.520228079851013945e+02,4.653662804392154158e+02,0.000000000000000000e+00
6.521345370276159201e+02,4.681029056384278420e+02,0.000000000000000000e+00
6.522462660701304458e+02,4.708395308376402113e+02,0.000000000000000000e+00
6.523579951126449714e+02,4.735761560368525807e+02,0.000000000000000000e+00
6.524697241551594971e+02,4.763127812360649500e+02,0.000000000000000000e+00
6.525814531976740227e+02,4.790494064352773194e+02,0.000000000000000000e+00
6.526931822401885483e+02,4.817860316344896887e+02,0.000000000000000000e+00
6.528049112827030740e+02,4.845226568337020581e+02,0.000000000000000000e+00
6.529166403252175996e+02,4.872592820329144843e+02,0.000000000000000000e+00
6.530233693677324709e+02,4.898734401842834814e+02,0.000000000000000000e+00
6.531350955714025304e+02,4.915458206775168719e+02,0.000000000000000000e+00
6.532468217750725898e+02,4.932182011707502625e+02,0.000000000000000000e+00
6.533585479787426493e+02,4.948905816639836530e+02,0.000000000000000000e+00
6.534702741824127088e+02,4.965629621572170436e+02,0.000000000000000000e+00
6.535820003860827683e+02,4.982353426504504910e+02,0.000000000000000000e+00
6.536937265897528277e+02,4.999077231436838815e+02,0.000000000000000000e+00
6.538054527934228872e+02,5.015801036369172721e+02,0.000000000000000000e+00
6.539171789970929467e+02,5.032524841301506626e+02,0.000000000000000000e+00
6.540289052007630062e+02,5.049248646233840532e+02,0.000000000000000000e+00
6.541406314044330657e+02,5.065972451166174437e+02,0.000000000000000000e+00
6.542523576081031251e+02,5.082696256098508343e+02,0.000000000000000000e+00
6.543640838117731846e+02,5.099420061030842248e+02,0.000000000000000000e+00
6.544758100154432441e+02,5.116143865963176722e+02,0.000000000000000000e+00
6.545875362191133036e+02,5.132867670895510628e+02,0.000000000000000000e+00
6.546992624227833630e+02,5.149591475827844533e+02,0.000000000000000000e+00
6.548109886264534225e+02,5.166315280760178439e+02,0.000000000000000000e+00
6.549227148301234820e+02,5.183039085692512344e+02,0.000000000000000000e+00
6.550344410337935415e+02,5.199762890624846250e+02,0.000000000000000000e+00
6.551461672374636009e+02,5.216486695557180155e+02,0.000000000000000000e+00
6.552578934411336604e+02,5.233210500489514061e+02,0.000000000000000000e+00
6.553696196448037199e+02,5.249934305421847966e+02,0.000000000000000000e+00
6.554813458484737794e+02,5.266658110354181872e+02,0.000000000000000000e+00
6.555930720521438388e+02,5.283381915286515778e+02,0.000000000000000000e+00
6.557047982558138983e+02,5.300105720218849683e+02,0.000000000000000000e+00
6.558165244594839578e+02,5.316829525151183589e+02,0.000000000000000000e+00
6.559282506631540173e+02,5.333553330083518631e+02,0.000000000000000000e+00
6.560399768668240768e+02,5.350277135015852537e+02,0.000000000000000000e+00
6.561517030704941362e+02,5.367000939948186442e+02,0.000000000000000000e+00
6.562634292741641957e+02,5.383724744880520348e+02,0.000000000000000000e+00
6.563751554778342552e+02,5.400448549812854253e+02,0.000000000000000000e+00
6.564868816815043147e+02,5.417172354745188159e+02,0.000000000000000000e+00
6.565986078851743741e+02,5.433896159677522064e+02,0.000000000000000000e+00
6.567103340888444336e+02,5.450619964609855970e+02,0.000000000000000000e+00
6.568220602925144931e+02,5.467343769542189875e+02,0.000000000000000000e+00
6.569337864961845526e+02,5.484067574474523781e+02,0.000000000000000000e+00
6.570455126998546120e+02,5.500791379406857686e+02,0.000000000000000000e+00
6.571572389035246715e+02,5.517515184339191592e+02,0.000000000000000000e+00
6.572689651071947310e+02,5.534238989271525497e+02,0.000000000000000000e+00
6.573806913108647905e+02,5.550962794203859403e+02,0.000000000000000000e+00
6.574924175145348499e+02,5.567686599136193308e+02,0.000000000000000000e+00
6.576041437182049094e+02,5.584410404068528351e+02,0.000000000000000000e+00
6.577158699218749689e+02,5.601134209000861119e+02,0.000000000000000000e+00
6.578275961255450284e+02,5.617858013933196162e+02,0.000000000000000000e+00
6.579393223292150878e+02,5.634581818865530067e+02,0.000000000000000000e+00
6.580510485328851473e+02,5.651305623797863973e+02,0.000000000000000000e+00
6.581627747365552068e+02,5.668029428730197878e+02,0.000000000000000000e+00
6.582745009402252663e+02,5.684753233662531784e+02,0.000000000000000000e+00
6.583862271438953258e+02,5.701477038594865689e+02,0.000000000000000000e+00
6.584979533475653852e+02,5.718200843527199595e+02,0.000000000000000000e+00
6.586046795512354493e+02,5.734176220410295173e+02,0.000000000000000000e+00
6.686046795512354493e+02,5.763334714691070531e+02,0.000000000000000000e+00
6.716280205305233721e+02,5.772150321756409994e+02,0.000000000000000000e+00
6.717025379996367747e+02,5.760742608741488766e+02,0.000000000000000000e+00
6.717770554687501772e+02,5.749334895726567538e+02,0.000000000000000000e+00
6.718515729378635797e+02,5.737927182711646310e+02,0.000000000000000000e+00
6.719260904069769822e+02,5.726519469696725082e+02,0.000000000000000000e+00
6.720006078760903847e+02,5.715111756681803854e+02,0.000000000000000000e+00
6.720751253452037872e+02,5.703704043666882626e+02,0.000000000000000000e+00
6.721496428143171897e+02,5.692296330651961398e+02,0.000000000000000000e+00
6.722241602834305922e+02,5.680888617637040170e+02,0.000000000000000000e+00
6.722986777525439948e+02,5.669480904622118942e+02,0.000000000000000000e+00
6.723731952216573973e+02,5.658073191607197714e+02,0.000000000000000000e+00
6.724477126907707998e+02,5.646665478592276486e+02,0.000000000000000000e+00
6.725222301598842023e+02,5.635257765577355258e+02,0.000000000000000000e+00
6.725967476289976048e+02,5.623850052562434030e+02,0.000000000000000000e+00
6.726712650981110073e+02,5.612442339547512802e+02,0.000000000000000000e+00
6.727457825672244098e+02,5.601034626532591574e+02,0.000000000000000000e+00
6.728203000363378123e+02,5.589626913517670346e+02,0.000000000000000000e+00
6.728948175054512149e+02,5.578219200502749118e+02,0.000000000000000000e+00
6.729693349745646174e+02,5.566811487487827890e+02,0.000000000000000000e+00
6.730438524436780199e+02,5.555403774472906662e+02,0.000000000000000000e+00
6.731183699127914224e+02,5.543996061457985434e+02,0.000000000000000000e+00
6.731928873819048249e+02,5.532588348443064206e+02,0.000000000000000000e+00
6.732674048510182274e+02,5.521180635428142978e+02,0.000000000000000000e+00
6.733419223201316299e+02,5.509772922413221750e+02,0.000000000000000000e+00
6.734164397892450324e+02,5.498365209398300522e+02,0.000000000000000000e+00
6.734909572583584350e+02,5.486957496383379294e+02,0.000000000000000000e+00
6.735654747274718375e+02,5.475549783368458066e+02,0.000000000000000000e+00
6.736399921965852400e+02,5.464142070353536838e+02,0.000000000000000000e+00
6.737145096656986425e+02,5.452734357338615609e+02,0.000000000000000000e+00
6.737890271348120450e+02,5.441326644323694381e+02,0.000000000000000000e+00
6.738635446039254475e+02,5.429918931308773153e+02,0.000000000000000000e+00
6.739380620730388500e+02,5.418511218293851925e+02,0.000000000000000000e+00
6.740125795421522525e+02,5.407103505278930697e+02,0.000000000000000000e+00
6.740870970112656551e+02,5.395695792264009469e+02,0.000000000000000000e+00
6.741616144803790576e+02,5.384288079249088241e+02,0.000000000000000000e+00
6.742361319494924601e+02,5.372880366234167013e+02,0.000000000000000000e+00
6.743106494186058626e+02,5.361472653219245785e+02,0.000000000000000000e+00
6.743851668877192651e+02,5.350064940204324557e+02,0.000000000000000000e+00
6.744596843568326676e+02,5.338657227189403329e+02,0.000000000000000000e+00
6.745342018259460701e+02,5.327249514174482101e+02,0.000000000000000000e+00
6.746087192950594726e+02,5.315841801159560873e+02,0.000000000000000000e+00
6.746832367641728752e+02,5.304434088144639645e+02,0.000000000000000000e+00
6.747577542332862777e+02,5.293026375129718417e+02,0.000000000000000000e+00
6.748322717023996802e+02,5.281618662114797189e+02,0.000000000000000000e+00
6.749067891715130827e+02,5.270210949099875961e+02,0.000000000000000000e+00
6.749813066406264852e+02,5.258803236084954733e+02,0.000000000000000000e+00
6.750558241097398877e+02,5.247395523070033505e+02,0.000000000000000000e+00
6.751303415788532902e+02,5.235987810055112277e+02,0.000000000000000000e+00
6.752048590479666927e+02,5.224580097040191049e+02,0.000000000000000000e+00
6.752793765170800953e+02,5.213172384025269821e+02,0.000000000000000000e+00
6.753488939861920244e+02,5.202530109849992641e+02,0.000000000000000000e+00
6.754606230287065500e+02,5.175924020247185808e+02,0.000000000000000000e+00
6.755723520712210757e+02,5.149317930644378976e+02,0.000000000000000000e+00
6.756840811137356013e+02,5.122711841041572143e+02,0.000000000000000000e+00
6.757958101562501270e+02,5.096105751438765310e+02,0.000000000000000000e+00
6.759075391987646526e+02,5.069499661835959046e+02,0.000000000000000000e+00
6.760192682412791783e+02,5.042893572233152213e+02,0.000000000000000000e+00
6.761309972837937039e+02,5.016287482630345380e+02,0.000000000000000000e+00
6.762427263263082295e+02,4.989681393027538547e+02,0.000000000000000000e+00
6.763544553688227552e+02,4.963075303424731715e+02,0.000000000000000000e+00
6.764661844113372808e+02,4.936469213821924882e+02,0.000000000000000000e+00
6.765779134538518065e+02,4.909863124219118049e+02,0.000000000000000000e+00
6.766896424963663321e+02,4.883257034616311216e+02,0.000000000000000000e+00
6.768013715388808578e+02,4.856650945013504383e+02,0.000000000000000000e+00
6.769131005813953834e+02,4.830044855410698119e+02,0.000000000000000000e+00
6.770248296239099091e+02,4.803438765807891286e+02,0.000000000000000000e+00
6.771365586664244347e+02,4.776832676205084454e+02,0.000000000000000000e+00
6.772482877089389603e+02,4.750226586602277621e+02,0.000000000000000000e+00
6.773600167514534860e+02,4.723620496999470788e+02,0.000000000000000000e+00
6.774717457939680116e+02,4.697014407396663955e+02,0.000000000000000000e+00
6.775834748364825373e+02,4.670408317793857123e+02,0.000000000000000000e+00
6.776952038789970629e+02,4.643802228191050290e+02,0.000000000000000000e+00
6.778069329215115886e+02,4.617196138588243457e+02,0.000000000000000000e+00
6.779186619640261142e+02,4.590590048985436624e+02,0.000000000000000000e+00
6.780303910065406399e+02,4.563983959382630360e+02,0.000000000000000000e+00
6.781421200490551655e+02,4.537377869779823527e+02,0.000000000000000000e+00
6.782538490915696912e+02,4.510771780177016694e+02,0.000000000000000000e+00
6.783655781340842168e+02,4.484165690574209862e+02,0.000000000000000000e+00
6.784773071765987424e+02,4.457559600971403029e+02,0.000000000000000000e+00
6.785890362191132681e+02,4.430953511368596196e+02,0.000000000000000000e+00
6.787007652616277937e+02,4.404347421765789363e+02,0.000000000000000000e+00
6.788124943041423194e+02,4.377741332162983099e+02,0.000000000000000000e+00
6.789242233466568450e+02,4.351135242560176266e+02,0.000000000000000000e+00
6.790359523891713707e+02,4.324529152957369433e+02,0.000000000000000000e+00
6.791476814316858963e+02,4.297923063354562601e+02,0.000000000000000000e+00
6.792594104742004220e+02,4.271316973751755768e+02,0.000000000000000000e+00
6.793711395167149476e+02,4.244710884148948935e+02,0.000000000000000000e+00
6.794828685592294732e+02,4.218104794546142102e+02,0.000000000000000000e+00
6.795945976017439989e+02,4.191498704943335269e+02,0.000000000000000000e+00
6.797063266442585245e+02,4.164892615340528437e+02,0.000000000000000000e+00
6.798180556867730502e+02,4.138286525737721604e+02,0.000000000000000000e+00
6.799297847292875758e+02,4.111680436134914771e+02,0.000000000000000000e+00
6.800415137718021015e+02,4.085074346532108507e+02,0.000000000000000000e+00
6.801532428143166271e+02,4.058468256929301674e+02,0.000000000000000000e+00
6.802649718568311528e+02,4.031862167326494841e+02,0.000000000000000000e+00
6.803767008993456784e+02,4.005256077723688009e+02,0.000000000000000000e+00
6.804884299418602041e+02,3.978649988120881176e+02,0.000000000000000000e+00
6.806001589843747297e+02,3.952043898518074343e+02,0.000000000000000000e+00
6.807118880268892553e+02,3.925437808915267510e+02,0.000000000000000000e+00
6.808236170694037810e+02,3.898831719312461246e+02,0.000000000000000000e+00
6.809303461119186522e+02,3.873416282068350824e+02,0.000000000000000000e+00
6.909303461119186522e+02,2.966237199793269497e+02,0.000000000000000000e+00
6.976744186046511231e+02,2.354429050317902750e+02,0.000000000000000000e+00
6.978605651162790764e+02,2.336951342698488361e+02,0.000000000000000000e+00
6.980467116279070297e+02,2.319473635079074256e+02,0.000000000000000000e+00
6.982328581395349829e+02,2.301995927459659868e+02,0.000000000000000000e+00
6.984190046511629362e+02,2.284518219840245479e+02,0.000000000000000000e+00
6.986051511627908894e+02,2.267040512220831090e+02,0.000000000000000000e+00
6.987912976744188427e+02,2.249562804601416985e+02,0.000000000000000000e+00
6.989774441860467959e+02,2.232085096982002597e+02,0.000000000000000000e+00
6.991635906976747492e+02,2.214607389362588208e+02,0.000000000000000000e+00
6.993497372093027025e+02,2.197129681743173819e+02,0.000000000000000000e+00
6.995358837209306557e+02,2.179651974123759715e+02,0.000000000000000000e+00
6.997220302325586090e+02,2.162174266504345326e+02,0.000000000000000000e+00
6.999081767441865622e+02,2.144696558884930937e+02,0.000000000000000000e+00
7.000943232558145155e+02,2.127218851265516832e+02,0.000000000000000000e+00
7.002804697674424688e+02,2.109741143646102444e+02,0.000000000000000000e+00
7.004666162790704220e+02,2.092263436026688055e+02,0.000000000000000000e+00
7.006527627906983753e+02,2.074785728407273666e+02,0.000000000000000000e+00
7.008389093023263285e+02,2.057308020787859562e+02,0.000000000000000000e+00
7.010250558139542818e+02,2.039830313168445173e+02,0.000000000000000000e+00
7.012112023255822351e+02,2.022352605549030784e+02,0.000000000000000000e+00
7.013973488372101883e+02,2.004874897929616395e+02,0.000000000000000000e+00
7.015834953488381416e+02,1.987397190310202291e+02,0.000000000000000000e+00
7.017696418604660948e+02,1.969919482690787902e+02,0.000000000000000000e+00
7.019557883720940481e+02,1.952441775071373513e+02,0.000000000000000000e+00
7.021419348837220014e+02,1.934964067451959409e+02,0.000000000000000000e+00
7.023280813953499546e+02,1.917486359832545020e+02,0.000000000000000000e+00
7.025142279069779079e+02,1.900008652213130631e+02,0.000000000000000000e+00
7.027003744186058611e+02,1.882530944593716242e+02,0.000000000000000000e+00
7.028865209302338144e+02,1.865053236974301853e+02,0.000000000000000000e+00
7.030726674418617677e+02,1.847575529354887749e+02,0.000000000000000000e+00
7.032588139534897209e+02,1.830097821735473360e+02,0.000000000000000000e+00
7.034449604651176742e+02,1.812620114116058971e+02,0.000000000000000000e+00
7.036311069767456274e+02,1.795142406496644867e+02,0.000000000000000000e+00
7.038172534883735807e+02,1.777664698877230478e+02,0.000000000000000000e+00
7.040034000000015340e+02,1.760186991257816089e+02,0.000000000000000000e+00
7.041895465116294872e+02,1.742709283638401985e+02,0.000000000000000000e+00
7.043756930232574405e+02,1.725231576018987596e+02,0.000000000000000000e+00
7.045618395348853937e+02,1.707753868399573207e+02,0.000000000000000000e+00
7.047479860465133470e+02,1.690276160780158818e+02,0.000000000000000000e+00
7.049341325581413003e+02,1.672798453160744430e+02,0.000000000000000000e+00
7.051202790697692535e+02,1.655320745541330325e+02,0.000000000000000000e+00
7.053064255813972068e+02,1.637843037921915936e+02,0.000000000000000000e+00
7.054925720930251600e+02,1.620365330302501548e+02,0.000000000000000000e+00
7.056787186046531133e+02,1.602887622683087443e+02,0.000000000000000000e+00
7.058648651162810665e+02,1.585409915063673054e+02,0.000000000000000000e+00
7.060510116279090198e+02,1.567932207444258665e+02,0.000000000000000000e+00
7.062371581395369731e+02,1.550454499824844561e+02,0.000000000000000000e+00
7.064233046511649263e+02,1.532976792205429888e+02,0.000000000000000000e+00
7.066094511627928796e+02,1.515499084586015783e+02,0.000000000000000000e+00
7.067955976744208328e+02,1.498021376966601395e+02,0.000000000000000000e+00
7.069767441860467443e+02,1.481013130404332401e+02,0.000000000000000000e+00
7.169767441860467443e+02,1.145683057157182247e+02,0.000000000000000000e+00
7.269767441860467443e+02,8.103529839100322363e+01,0.000000000000000000e+00
7.330232842023983721e+02,6.075943132525306822e+01,0.000000000000000000e+00
7.430232842023983721e+02,4.405915090534563916e+01,0.000000000000000000e+00
7.530232842023983721e+02,2.735887048543821010e+01,0.000000000000000000e+00
7.534883720930234858e+02,2.658216066610395245e+01,0.000000000000000000e+00
