# Time (s), Alpha Fraction
2.000000000000000164e-05,0.000000000000000000e+00
1.601999999999999908e-04,0.000000000000000000e+00
3.003999999999999834e-04,0.000000000000000000e+00
4.405999999999999760e-04,0.000000000000000000e+00
5.808000000000000228e-04,0.000000000000000000e+00
7.209999999999999612e-04,0.000000000000000000e+00
8.612000000000000080e-04,0.000000000000000000e+00
1.001399999999999946e-03,0.000000000000000000e+00
1.141599999999999993e-03,0.000000000000000000e+00
1.281800000000000040e-03,0.000000000000000000e+00
1.422000000000000087e-03,0.000000000000000000e+00
1.562200000000000134e-03,0.000000000000000000e+00
1.702399999999999747e-03,0.000000000000000000e+00
1.842599999999999794e-03,0.000000000000000000e+00
1.982799999999999840e-03,0.000000000000000000e+00
2.030000000000000120e-03,0.000000000000000000e+00
2.170400000000000280e-03,0.000000000000000000e+00
2.310800000000000440e-03,0.000000000000000000e+00
2.451200000000000601e-03,0.000000000000000000e+00
2.591600000000000761e-03,0.000000000000000000e+00
2.732000000000000921e-03,0.000000000000000000e+00
2.872400000000001081e-03,0.000000000000000000e+00
3.012800000000001241e-03,0.000000000000000000e+00
3.153200000000001401e-03,0.000000000000000000e+00
3.293600000000001561e-03,0.000000000000000000e+00
3.434000000000001721e-03,0.000000000000000000e+00
3.574400000000001881e-03,0.000000000000000000e+00
3.714800000000002041e-03,0.000000000000000000e+00
3.855200000000002201e-03,0.000000000000000000e+00
3.995600000000001928e-03,0.000000000000000000e+00
4.049999999999999781e-03,0.000000000000000000e+00
4.189000000000000015e-03,0.000000000000000000e+00
4.328000000000000250e-03,0.000000000000000000e+00
4.467000000000000484e-03,0.000000000000000000e+00
4.606000000000000719e-03,0.000000000000000000e+00
4.745000000000000953e-03,0.000000000000000000e+00
4.884000000000001188e-03,0.000000000000000000e+00
5.023000000000001422e-03,0.000000000000000000e+00
5.162000000000001657e-03,0.000000000000000000e+00
5.301000000000001891e-03,0.000000000000000000e+00
5.440000000000002126e-03,0.000000000000000000e+00
5.579000000000002360e-03,0.000000000000000000e+00
5.718000000000002594e-03,0.000000000000000000e+00
5.857000000000002829e-03,0.000000000000000000e+00
5.996000000000003063e-03,0.000000000000000000e+00
6.000000000000000125e-03,0.000000000000000000e+00
6.140200000000000172e-03,0.000000000000000000e+00
6.280400000000000219e-03,0.000000000000000000e+00
6.420600000000000265e-03,0.000000000000000000e+00
6.560800000000000312e-03,0.000000000000000000e+00
6.701000000000000359e-03,0.000000000000000000e+00
6.841200000000000406e-03,0.000000000000000000e+00
6.981400000000000453e-03,0.000000000000000000e+00
7.121600000000000499e-03,0.000000000000000000e+00
7.261800000000000546e-03,0.000000000000000000e+00
7.402000000000000593e-03,0.000000000000000000e+00
7.542200000000000640e-03,0.000000000000000000e+00
7.682400000000000687e-03,0.000000000000000000e+00
7.822600000000000733e-03,0.000000000000000000e+00
7.962800000000000780e-03,0.000000000000000000e+00
8.009999999999999759e-03,0.000000000000000000e+00
8.150400000000000353e-03,0.000000000000000000e+00
8.290800000000000947e-03,0.000000000000000000e+00
8.431200000000001540e-03,0.000000000000000000e+00
8.571600000000002134e-03,0.000000000000000000e+00
8.712000000000002728e-03,0.000000000000000000e+00
8.852400000000003322e-03,0.000000000000000000e+00
8.992800000000003915e-03,0.000000000000000000e+00
9.133200000000004509e-03,0.000000000000000000e+00
9.273600000000005103e-03,0.000000000000000000e+00
9.414000000000005697e-03,0.000000000000000000e+00
9.554400000000006291e-03,0.000000000000000000e+00
9.694800000000006884e-03,0.000000000000000000e+00
9.835200000000007478e-03,0.000000000000000000e+00
9.975600000000008072e-03,0.000000000000000000e+00
1.003000000000000072e-02,0.000000000000000000e+00
1.017020000000000077e-02,0.000000000000000000e+00
1.031040000000000081e-02,0.000000000000000000e+00
1.045060000000000086e-02,0.000000000000000000e+00
1.059080000000000091e-02,0.000000000000000000e+00
1.073100000000000095e-02,0.000000000000000000e+00
1.087120000000000100e-02,0.000000000000000000e+00
1.101140000000000105e-02,0.000000000000000000e+00
1.115160000000000109e-02,0.000000000000000000e+00
1.129180000000000114e-02,0.000000000000000000e+00
1.143200000000000119e-02,0.000000000000000000e+00
1.157220000000000124e-02,0.000000000000000000e+00
1.171240000000000128e-02,0.000000000000000000e+00
1.185260000000000133e-02,0.000000000000000000e+00
1.199280000000000138e-02,0.000000000000000000e+00
1.204000000000000035e-02,0.000000000000000000e+00
1.217900000000000059e-02,0.000000000000000000e+00
1.231800000000000082e-02,0.000000000000000000e+00
1.245700000000000106e-02,0.000000000000000000e+00
1.259600000000000129e-02,0.000000000000000000e+00
1.273500000000000153e-02,0.000000000000000000e+00
1.287400000000000176e-02,0.000000000000000000e+00
1.301300000000000200e-02,0.000000000000000000e+00
1.315200000000000223e-02,0.000000000000000000e+00
1.329100000000000247e-02,0.000000000000000000e+00
1.343000000000000270e-02,0.000000000000000000e+00
1.356900000000000293e-02,0.000000000000000000e+00
1.370800000000000317e-02,0.000000000000000000e+00
1.384700000000000340e-02,0.000000000000000000e+00
1.398600000000000364e-02,0.000000000000000000e+00
1.399000000000000070e-02,0.000000000000000000e+00
1.413040000000000129e-02,0.000000000000000000e+00
1.427080000000000189e-02,0.000000000000000000e+00
1.441120000000000248e-02,0.000000000000000000e+00
1.455160000000000307e-02,0.000000000000000000e+00
1.469200000000000367e-02,0.000000000000000000e+00
1.483240000000000426e-02,0.000000000000000000e+00
1.497280000000000486e-02,0.000000000000000000e+00
1.511320000000000545e-02,0.000000000000000000e+00
1.525360000000000604e-02,0.000000000000000000e+00
1.539400000000000664e-02,0.000000000000000000e+00
1.553440000000000723e-02,0.000000000000000000e+00
1.567480000000000956e-02,0.000000000000000000e+00
1.581520000000000842e-02,0.000000000000000000e+00
1.595560000000000728e-02,0.000000000000000000e+00
1.600999999999999993e-02,0.000000000000000000e+00
1.615019999999999997e-02,0.000000000000000000e+00
1.629040000000000002e-02,0.000000000000000000e+00
1.643060000000000007e-02,0.000000000000000000e+00
1.657080000000000011e-02,0.000000000000000000e+00
1.671100000000000016e-02,0.000000000000000000e+00
1.685120000000000021e-02,0.000000000000000000e+00
1.699140000000000025e-02,0.000000000000000000e+00
1.713160000000000030e-02,0.000000000000000000e+00
1.727180000000000035e-02,0.000000000000000000e+00
1.741200000000000039e-02,0.000000000000000000e+00
1.755220000000000044e-02,0.000000000000000000e+00
1.769240000000000049e-02,0.000000000000000000e+00
1.783260000000000053e-02,0.000000000000000000e+00
1.797280000000000058e-02,0.000000000000000000e+00
1.802000000000000129e-02,0.000000000000000000e+00
1.816040000000000015e-02,0.000000000000000000e+00
1.830079999999999901e-02,0.000000000000000000e+00
1.844119999999999787e-02,0.000000000000000000e+00
1.858159999999999673e-02,0.000000000000000000e+00
1.872199999999999559e-02,0.000000000000000000e+00
1.886239999999999445e-02,0.000000000000000000e+00
1.900279999999999331e-02,0.000000000000000000e+00
1.914319999999999217e-02,0.000000000000000000e+00
1.928359999999999103e-02,0.000000000000000000e+00
1.942399999999998988e-02,0.000000000000000000e+00
1.956439999999998874e-02,0.000000000000000000e+00
1.970479999999998760e-02,0.000000000000000000e+00
1.984519999999998646e-02,0.000000000000000000e+00
1.998559999999998532e-02,0.000000000000000000e+00
2.003999999999999879e-02,0.000000000000000000e+00
2.017899999999999902e-02,0.000000000000000000e+00
2.031799999999999926e-02,0.000000000000000000e+00
2.045699999999999949e-02,0.000000000000000000e+00
2.059599999999999972e-02,0.000000000000000000e+00
2.073499999999999996e-02,0.000000000000000000e+00
2.087400000000000019e-02,0.000000000000000000e+00
2.101300000000000043e-02,0.000000000000000000e+00
2.115200000000000066e-02,0.000000000000000000e+00
2.129100000000000090e-02,0.000000000000000000e+00
2.143000000000000113e-02,0.000000000000000000e+00
2.156900000000000137e-02,0.000000000000000000e+00
2.170800000000000160e-02,0.000000000000000000e+00
2.184700000000000183e-02,0.000000000000000000e+00
2.198600000000000207e-02,0.000000000000000000e+00
2.198999999999999913e-02,0.000000000000000000e+00
2.213019999999999918e-02,0.000000000000000000e+00
2.227039999999999922e-02,0.000000000000000000e+00
2.241059999999999927e-02,0.000000000000000000e+00
2.255079999999999932e-02,0.000000000000000000e+00
2.269099999999999936e-02,0.000000000000000000e+00
2.283119999999999941e-02,0.000000000000000000e+00
2.297139999999999946e-02,0.000000000000000000e+00
2.311159999999999951e-02,0.000000000000000000e+00
2.325179999999999955e-02,0.000000000000000000e+00
2.339199999999999960e-02,0.000000000000000000e+00
2.353219999999999965e-02,0.000000000000000000e+00
2.367239999999999969e-02,0.000000000000000000e+00
2.381259999999999974e-02,0.000000000000000000e+00
2.395279999999999979e-02,0.000000000000000000e+00
2.400000000000000050e-02,0.000000000000000000e+00
2.414039999999999936e-02,0.000000000000000000e+00
2.428079999999999822e-02,0.000000000000000000e+00
2.442119999999999708e-02,0.000000000000000000e+00
2.456159999999999594e-02,0.000000000000000000e+00
2.470199999999999479e-02,0.000000000000000000e+00
2.484239999999999365e-02,0.000000000000000000e+00
2.498279999999999251e-02,0.000000000000000000e+00
2.512319999999999137e-02,0.000000000000000000e+00
2.526359999999999023e-02,0.000000000000000000e+00
2.540399999999998909e-02,0.000000000000000000e+00
2.554439999999998795e-02,0.000000000000000000e+00
2.568479999999998681e-02,0.000000000000000000e+00
2.582519999999998567e-02,0.000000000000000000e+00
2.596559999999998453e-02,0.000000000000000000e+00
2.602000000000000146e-02,0.000000000000000000e+00
2.616020000000000151e-02,0.000000000000000000e+00
2.630040000000000155e-02,0.000000000000000000e+00
2.644060000000000160e-02,0.000000000000000000e+00
2.658080000000000165e-02,0.000000000000000000e+00
2.672100000000000170e-02,0.000000000000000000e+00
2.686120000000000174e-02,0.000000000000000000e+00
2.700140000000000179e-02,0.000000000000000000e+00
2.714160000000000184e-02,0.000000000000000000e+00
2.728180000000000188e-02,0.000000000000000000e+00
2.742200000000000193e-02,0.000000000000000000e+00
2.756220000000000198e-02,0.000000000000000000e+00
2.770240000000000202e-02,0.000000000000000000e+00
2.784260000000000207e-02,0.000000000000000000e+00
2.798280000000000212e-02,0.000000000000000000e+00
2.802999999999999936e-02,0.000000000000000000e+00
2.817039999999999822e-02,0.000000000000000000e+00
2.831079999999999708e-02,0.000000000000000000e+00
2.845119999999999594e-02,0.000000000000000000e+00
2.859159999999999480e-02,0.000000000000000000e+00
2.873199999999999366e-02,0.000000000000000000e+00
2.887239999999999251e-02,0.000000000000000000e+00
2.901279999999999137e-02,0.000000000000000000e+00
2.915319999999999023e-02,0.000000000000000000e+00
2.929359999999998909e-02,0.000000000000000000e+00
2.943399999999998795e-02,0.000000000000000000e+00
2.957439999999998681e-02,0.000000000000000000e+00
2.971479999999998567e-02,0.000000000000000000e+00
2.985519999999998453e-02,0.000000000000000000e+00
2.999559999999998339e-02,0.000000000000000000e+00
3.005000000000000032e-02,0.000000000000000000e+00
3.018900000000000056e-02,0.000000000000000000e+00
3.032800000000000079e-02,0.000000000000000000e+00
3.046700000000000103e-02,0.000000000000000000e+00
3.060600000000000126e-02,0.000000000000000000e+00
3.074500000000000149e-02,0.000000000000000000e+00
3.088400000000000173e-02,0.000000000000000000e+00
3.102300000000000196e-02,0.000000000000000000e+00
3.116200000000000220e-02,0.000000000000000000e+00
3.130100000000000243e-02,0.000000000000000000e+00
3.144000000000000267e-02,0.000000000000000000e+00
3.157900000000000290e-02,0.000000000000000000e+00
3.171800000000000314e-02,0.000000000000000000e+00
3.185700000000000337e-02,0.000000000000000000e+00
3.199600000000000360e-02,0.000000000000000000e+00
3.200000000000000067e-02,0.000000000000000000e+00
3.214020000000000071e-02,0.000000000000000000e+00
3.228040000000000076e-02,0.000000000000000000e+00
3.242060000000000081e-02,0.000000000000000000e+00
3.256080000000000085e-02,0.000000000000000000e+00
3.270100000000000090e-02,0.000000000000000000e+00
3.284120000000000095e-02,0.000000000000000000e+00
3.298140000000000099e-02,0.000000000000000000e+00
3.312160000000000104e-02,0.000000000000000000e+00
3.326180000000000109e-02,0.000000000000000000e+00
3.340200000000000113e-02,0.000000000000000000e+00
3.354220000000000118e-02,0.000000000000000000e+00
3.368240000000000123e-02,0.000000000000000000e+00
3.382260000000000127e-02,0.000000000000000000e+00
3.396280000000000132e-02,0.000000000000000000e+00
3.400999999999999857e-02,0.000000000000000000e+00
3.415039999999999742e-02,0.000000000000000000e+00
3.429079999999999628e-02,0.000000000000000000e+00
3.443119999999999514e-02,0.000000000000000000e+00
3.457159999999999400e-02,0.000000000000000000e+00
3.471199999999999286e-02,0.000000000000000000e+00
3.485239999999999172e-02,0.000000000000000000e+00
3.499279999999999058e-02,0.000000000000000000e+00
3.513319999999998944e-02,0.000000000000000000e+00
3.527359999999998830e-02,0.000000000000000000e+00
3.541399999999998716e-02,0.000000000000000000e+00
3.555439999999998602e-02,0.000000000000000000e+00
3.569479999999998487e-02,0.000000000000000000e+00
3.583519999999998373e-02,0.000000000000000000e+00
3.597559999999998259e-02,0.000000000000000000e+00
3.602999999999999953e-02,0.000000000000000000e+00
3.617019999999999957e-02,0.000000000000000000e+00
3.631039999999999962e-02,0.000000000000000000e+00
3.645059999999999967e-02,0.000000000000000000e+00
3.659079999999999971e-02,0.000000000000000000e+00
3.673099999999999976e-02,0.000000000000000000e+00
3.687119999999999981e-02,0.000000000000000000e+00
3.701139999999999985e-02,0.000000000000000000e+00
3.715159999999999990e-02,0.000000000000000000e+00
3.729179999999999995e-02,0.000000000000000000e+00
3.743200000000000000e-02,0.000000000000000000e+00
3.757220000000000004e-02,0.000000000000000000e+00
3.771240000000000009e-02,0.000000000000000000e+00
3.785260000000000014e-02,0.000000000000000000e+00
3.799280000000000018e-02,0.000000000000000000e+00
3.803999999999999743e-02,0.000000000000000000e+00
3.817899999999999766e-02,0.000000000000000000e+00
3.831799999999999790e-02,0.000000000000000000e+00
3.845699999999999813e-02,0.000000000000000000e+00
3.859599999999999836e-02,0.000000000000000000e+00
3.873499999999999860e-02,0.000000000000000000e+00
3.887399999999999883e-02,0.000000000000000000e+00
3.901299999999999907e-02,0.000000000000000000e+00
3.915199999999999930e-02,0.000000000000000000e+00
3.929099999999999954e-02,0.000000000000000000e+00
3.942999999999999977e-02,0.000000000000000000e+00
3.956900000000000001e-02,0.000000000000000000e+00
3.970800000000000024e-02,0.000000000000000000e+00
3.984700000000000047e-02,0.000000000000000000e+00
3.998600000000000071e-02,0.000000000000000000e+00
3.998999999999999777e-02,0.000000000000000000e+00
4.013039999999999663e-02,0.000000000000000000e+00
4.027079999999999549e-02,0.000000000000000000e+00
4.041119999999999435e-02,0.000000000000000000e+00
4.055159999999999321e-02,0.000000000000000000e+00
4.069199999999999207e-02,0.000000000000000000e+00
4.083239999999999092e-02,0.000000000000000000e+00
4.097279999999998978e-02,0.000000000000000000e+00
4.111319999999998864e-02,0.000000000000000000e+00
4.125359999999998750e-02,0.000000000000000000e+00
4.139399999999998636e-02,0.000000000000000000e+00
4.153439999999998522e-02,0.000000000000000000e+00
4.167479999999998408e-02,0.000000000000000000e+00
4.181519999999998294e-02,0.000000000000000000e+00
4.195559999999998180e-02,0.000000000000000000e+00
4.200999999999999873e-02,0.000000000000000000e+00
4.215019999999999878e-02,0.000000000000000000e+00
4.229039999999999883e-02,0.000000000000000000e+00
4.243059999999999887e-02,0.000000000000000000e+00
4.257079999999999892e-02,0.000000000000000000e+00
4.271099999999999897e-02,0.000000000000000000e+00
4.285119999999999901e-02,0.000000000000000000e+00
4.299139999999999906e-02,0.000000000000000000e+00
4.313159999999999911e-02,0.000000000000000000e+00
4.327179999999999915e-02,0.000000000000000000e+00
4.341199999999999920e-02,0.000000000000000000e+00
4.355219999999999925e-02,0.000000000000000000e+00
4.369239999999999929e-02,0.000000000000000000e+00
4.383259999999999934e-02,0.000000000000000000e+00
4.397279999999999939e-02,0.000000000000000000e+00
4.401999999999999663e-02,0.000000000000000000e+00
4.416039999999999549e-02,0.000000000000000000e+00
4.430079999999999435e-02,0.000000000000000000e+00
4.444119999999999321e-02,0.000000000000000000e+00
4.458159999999999207e-02,0.000000000000000000e+00
4.472199999999999093e-02,0.000000000000000000e+00
4.486239999999998979e-02,0.000000000000000000e+00
4.500279999999998864e-02,0.000000000000000000e+00
4.514319999999998750e-02,0.000000000000000000e+00
4.528359999999998636e-02,0.000000000000000000e+00
4.542399999999998522e-02,0.000000000000000000e+00
4.556439999999998408e-02,0.000000000000000000e+00
4.570479999999998294e-02,0.000000000000000000e+00
4.584519999999998180e-02,0.000000000000000000e+00
4.598559999999998066e-02,0.000000000000000000e+00
4.603999999999999759e-02,0.000000000000000000e+00
4.617899999999999783e-02,0.000000000000000000e+00
4.631799999999999806e-02,0.000000000000000000e+00
4.645699999999999830e-02,0.000000000000000000e+00
4.659599999999999853e-02,0.000000000000000000e+00
4.673499999999999877e-02,0.000000000000000000e+00
4.687399999999999900e-02,0.000000000000000000e+00
4.701299999999999923e-02,0.000000000000000000e+00
4.715199999999999947e-02,0.000000000000000000e+00
4.729099999999999970e-02,0.000000000000000000e+00
4.742999999999999994e-02,0.000000000000000000e+00
4.756900000000000017e-02,0.000000000000000000e+00
4.770800000000000041e-02,0.000000000000000000e+00
4.784700000000000064e-02,0.000000000000000000e+00
4.798600000000000088e-02,0.000000000000000000e+00
4.798999999999999794e-02,0.000000000000000000e+00
4.813019999999999798e-02,0.000000000000000000e+00
4.827039999999999803e-02,0.000000000000000000e+00
4.841059999999999808e-02,0.000000000000000000e+00
4.855079999999999812e-02,0.000000000000000000e+00
4.869099999999999817e-02,0.000000000000000000e+00
4.883119999999999822e-02,0.000000000000000000e+00
4.897139999999999826e-02,0.000000000000000000e+00
4.911159999999999831e-02,0.000000000000000000e+00
4.925179999999999836e-02,0.000000000000000000e+00
4.939199999999999841e-02,0.000000000000000000e+00
4.953219999999999845e-02,0.000000000000000000e+00
4.967239999999999850e-02,0.000000000000000000e+00
4.981259999999999855e-02,0.000000000000000000e+00
4.995279999999999859e-02,0.000000000000000000e+00
5.000000000000000278e-02,0.000000000000000000e+00
5.014040000000000163e-02,0.000000000000000000e+00
5.028080000000000049e-02,0.000000000000000000e+00
5.042119999999999935e-02,0.000000000000000000e+00
5.056159999999999821e-02,0.000000000000000000e+00
5.070199999999999707e-02,0.000000000000000000e+00
5.084239999999999593e-02,0.000000000000000000e+00
5.098279999999999479e-02,0.000000000000000000e+00
5.112319999999999365e-02,0.000000000000000000e+00
5.126359999999999251e-02,0.000000000000000000e+00
5.140399999999999137e-02,0.000000000000000000e+00
5.154439999999999023e-02,0.000000000000000000e+00
5.168479999999998908e-02,0.000000000000000000e+00
5.182519999999998794e-02,0.000000000000000000e+00
5.196559999999998680e-02,0.000000000000000000e+00
5.201999999999999680e-02,0.000000000000000000e+00
5.216019999999999684e-02,0.000000000000000000e+00
5.230039999999999689e-02,0.000000000000000000e+00
5.244059999999999694e-02,0.000000000000000000e+00
5.258079999999999699e-02,0.000000000000000000e+00
5.272099999999999703e-02,0.000000000000000000e+00
5.286119999999999708e-02,0.000000000000000000e+00
5.300139999999999713e-02,0.000000000000000000e+00
5.314159999999999717e-02,0.000000000000000000e+00
5.328179999999999722e-02,0.000000000000000000e+00
5.342199999999999727e-02,0.000000000000000000e+00
5.356219999999999731e-02,0.000000000000000000e+00
5.370239999999999736e-02,0.000000000000000000e+00
5.384259999999999741e-02,0.000000000000000000e+00
5.398279999999999745e-02,0.000000000000000000e+00
5.403000000000000164e-02,0.000000000000000000e+00
5.417040000000000050e-02,0.000000000000000000e+00
5.431079999999999935e-02,0.000000000000000000e+00
5.445119999999999821e-02,0.000000000000000000e+00
5.459159999999999707e-02,0.000000000000000000e+00
5.473199999999999593e-02,0.000000000000000000e+00
5.487239999999999479e-02,0.000000000000000000e+00
5.501279999999999365e-02,0.000000000000000000e+00
5.515319999999999251e-02,0.000000000000000000e+00
5.529359999999999137e-02,0.000000000000000000e+00
5.543399999999999023e-02,0.000000000000000000e+00
5.557439999999998909e-02,0.000000000000000000e+00
5.571479999999998795e-02,0.000000000000000000e+00
5.585519999999998680e-02,0.000000000000000000e+00
5.599559999999998566e-02,0.000000000000000000e+00
5.605000000000000260e-02,0.000000000000000000e+00
5.618900000000000283e-02,0.000000000000000000e+00
5.632800000000000307e-02,0.000000000000000000e+00
5.646700000000000330e-02,0.000000000000000000e+00
5.660600000000000354e-02,0.000000000000000000e+00
5.674500000000000377e-02,0.000000000000000000e+00
5.688400000000000400e-02,0.000000000000000000e+00
5.702300000000000424e-02,0.000000000000000000e+00
5.716200000000000447e-02,0.000000000000000000e+00
5.730100000000000471e-02,0.000000000000000000e+00
5.744000000000000494e-02,0.000000000000000000e+00
5.757900000000000518e-02,0.000000000000000000e+00
5.771800000000000541e-02,0.000000000000000000e+00
5.785700000000000565e-02,0.000000000000000000e+00
5.799600000000000588e-02,0.000000000000000000e+00
5.800000000000000294e-02,0.000000000000000000e+00
5.814020000000000299e-02,0.000000000000000000e+00
5.828040000000000304e-02,0.000000000000000000e+00
5.842060000000000308e-02,0.000000000000000000e+00
5.856080000000000313e-02,0.000000000000000000e+00
5.870100000000000318e-02,0.000000000000000000e+00
5.884120000000000322e-02,0.000000000000000000e+00
5.898140000000000327e-02,0.000000000000000000e+00
5.912160000000000332e-02,0.000000000000000000e+00
5.926180000000000336e-02,0.000000000000000000e+00
5.940200000000000341e-02,0.000000000000000000e+00
5.954220000000000346e-02,0.000000000000000000e+00
5.968240000000000350e-02,0.000000000000000000e+00
5.982260000000000355e-02,0.000000000000000000e+00
5.996280000000000360e-02,0.000000000000000000e+00
6.001000000000000084e-02,0.000000000000000000e+00
6.015039999999999970e-02,0.000000000000000000e+00
6.029079999999999856e-02,0.000000000000000000e+00
6.043119999999999742e-02,0.000000000000000000e+00
6.057159999999999628e-02,0.000000000000000000e+00
6.071199999999999514e-02,0.000000000000000000e+00
6.085239999999999400e-02,0.000000000000000000e+00
6.099279999999999285e-02,0.000000000000000000e+00
6.113319999999999171e-02,0.000000000000000000e+00
6.127359999999999057e-02,0.000000000000000000e+00
6.141399999999998943e-02,0.000000000000000000e+00
6.155439999999998829e-02,0.000000000000000000e+00
6.169479999999998715e-02,0.000000000000000000e+00
6.183519999999998601e-02,0.000000000000000000e+00
6.197559999999998487e-02,0.000000000000000000e+00
6.203000000000000180e-02,0.000000000000000000e+00
6.217020000000000185e-02,0.000000000000000000e+00
6.231040000000000190e-02,0.000000000000000000e+00
6.245060000000000194e-02,0.000000000000000000e+00
6.259080000000000199e-02,0.000000000000000000e+00
6.273100000000000898e-02,0.000000000000000000e+00
6.287120000000000208e-02,0.000000000000000000e+00
6.301139999999999519e-02,0.000000000000000000e+00
6.315160000000000218e-02,0.000000000000000000e+00
6.329180000000000916e-02,0.000000000000000000e+00
6.343200000000000227e-02,0.000000000000000000e+00
6.357219999999999538e-02,0.000000000000000000e+00
6.371240000000000236e-02,0.000000000000000000e+00
6.385260000000000935e-02,0.000000000000000000e+00
6.399280000000000246e-02,0.000000000000000000e+00
6.403999999999999970e-02,0.000000000000000000e+00
6.417920000000000569e-02,0.000000000000000000e+00
6.431840000000001167e-02,0.000000000000000000e+00
6.445760000000001766e-02,0.000000000000000000e+00
6.459680000000002364e-02,0.000000000000000000e+00
6.473600000000002963e-02,0.000000000000000000e+00
6.487520000000003562e-02,0.000000000000000000e+00
6.501440000000004160e-02,0.000000000000000000e+00
6.515360000000004759e-02,0.000000000000000000e+00
6.529280000000005357e-02,0.000000000000000000e+00
6.543200000000005956e-02,0.000000000000000000e+00
6.557120000000006554e-02,0.000000000000000000e+00
6.571040000000007153e-02,0.000000000000000000e+00
6.584960000000007752e-02,0.000000000000000000e+00
6.598880000000008350e-02,0.000000000000000000e+00
6.600000000000000311e-02,0.000000000000000000e+00
6.614019999999999622e-02,0.000000000000000000e+00
6.628039999999998932e-02,0.000000000000000000e+00
6.642059999999998243e-02,0.000000000000000000e+00
6.656079999999997554e-02,0.000000000000000000e+00
6.670099999999996865e-02,0.000000000000000000e+00
6.684119999999996176e-02,0.000000000000000000e+00
6.698139999999995486e-02,0.000000000000000000e+00
6.712159999999994797e-02,0.000000000000000000e+00
6.726179999999994108e-02,0.000000000000000000e+00
6.740199999999993419e-02,0.000000000000000000e+00
6.754219999999992730e-02,0.000000000000000000e+00
6.768239999999992040e-02,0.000000000000000000e+00
6.782259999999991351e-02,0.000000000000000000e+00
6.796279999999990662e-02,0.000000000000000000e+00
6.801000000000000101e-02,0.000000000000000000e+00
6.815019999999999412e-02,0.000000000000000000e+00
6.829039999999998722e-02,0.000000000000000000e+00
6.843059999999998033e-02,0.000000000000000000e+00
6.857079999999997344e-02,0.000000000000000000e+00
6.871099999999996655e-02,0.000000000000000000e+00
6.885119999999995966e-02,0.000000000000000000e+00
6.899139999999995276e-02,0.000000000000000000e+00
6.913159999999994587e-02,0.000000000000000000e+00
6.927179999999993898e-02,0.000000000000000000e+00
6.941199999999993209e-02,0.000000000000000000e+00
6.955219999999992520e-02,0.000000000000000000e+00
6.969239999999991830e-02,0.000000000000000000e+00
6.983259999999991141e-02,0.000000000000000000e+00
6.997279999999990452e-02,0.000000000000000000e+00
7.001999999999999891e-02,0.000000000000000000e+00
7.016039999999999777e-02,0.000000000000000000e+00
7.030079999999999663e-02,0.000000000000000000e+00
7.044119999999999548e-02,0.000000000000000000e+00
7.058159999999999434e-02,0.000000000000000000e+00
7.072199999999999320e-02,0.000000000000000000e+00
7.086239999999999206e-02,0.000000000000000000e+00
7.100279999999999092e-02,0.000000000000000000e+00
7.114319999999998978e-02,0.000000000000000000e+00
7.128359999999998864e-02,0.000000000000000000e+00
7.142399999999998750e-02,0.000000000000000000e+00
7.156439999999998636e-02,0.000000000000000000e+00
7.170479999999998522e-02,0.000000000000000000e+00
7.184519999999998408e-02,0.000000000000000000e+00
7.198559999999998293e-02,0.000000000000000000e+00
7.204000000000000681e-02,0.000000000000000000e+00
7.217900000000000704e-02,0.000000000000000000e+00
7.231800000000000728e-02,0.000000000000000000e+00
7.245700000000000751e-02,0.000000000000000000e+00
7.259600000000000775e-02,0.000000000000000000e+00
7.273500000000000798e-02,0.000000000000000000e+00
7.287400000000000821e-02,0.000000000000000000e+00
7.301300000000000845e-02,0.000000000000000000e+00
7.315200000000000868e-02,0.000000000000000000e+00
7.329100000000000892e-02,0.000000000000000000e+00
7.343000000000000915e-02,0.000000000000000000e+00
7.356900000000000939e-02,0.000000000000000000e+00
7.370800000000000962e-02,0.000000000000000000e+00
7.384700000000000986e-02,0.000000000000000000e+00
7.398600000000001009e-02,0.000000000000000000e+00
7.399000000000000021e-02,0.000000000000000000e+00
7.413039999999999907e-02,0.000000000000000000e+00
7.427079999999999793e-02,0.000000000000000000e+00
7.441119999999999679e-02,0.000000000000000000e+00
7.455159999999999565e-02,0.000000000000000000e+00
7.469199999999999451e-02,0.000000000000000000e+00
7.483239999999999337e-02,0.000000000000000000e+00
7.497279999999999223e-02,0.000000000000000000e+00
7.511319999999999109e-02,0.000000000000000000e+00
7.525359999999998994e-02,0.000000000000000000e+00
7.539399999999998880e-02,0.000000000000000000e+00
7.553439999999998766e-02,0.000000000000000000e+00
7.567479999999998652e-02,0.000000000000000000e+00
7.581519999999998538e-02,0.000000000000000000e+00
7.595559999999998424e-02,0.000000000000000000e+00
7.600999999999999424e-02,0.000000000000000000e+00
7.615020000000000122e-02,0.000000000000000000e+00
7.629040000000000821e-02,0.000000000000000000e+00
7.643060000000001519e-02,0.000000000000000000e+00
7.657080000000002218e-02,0.000000000000000000e+00
7.671100000000002916e-02,0.000000000000000000e+00
7.685120000000003615e-02,0.000000000000000000e+00
7.699140000000004314e-02,0.000000000000000000e+00
7.713160000000005012e-02,0.000000000000000000e+00
7.727180000000005711e-02,0.000000000000000000e+00
7.741200000000006409e-02,0.000000000000000000e+00
7.755220000000007108e-02,0.000000000000000000e+00
7.769240000000007806e-02,0.000000000000000000e+00
7.783260000000008505e-02,0.000000000000000000e+00
7.797280000000009204e-02,0.000000000000000000e+00
7.802000000000000601e-02,0.000000000000000000e+00
7.816019999999999912e-02,0.000000000000000000e+00
7.830039999999999223e-02,0.000000000000000000e+00
7.844059999999998534e-02,0.000000000000000000e+00
7.858079999999997844e-02,0.000000000000000000e+00
7.872099999999997155e-02,0.000000000000000000e+00
7.886119999999996466e-02,0.000000000000000000e+00
7.900139999999995777e-02,0.000000000000000000e+00
7.914159999999995088e-02,0.000000000000000000e+00
7.928179999999994398e-02,0.000000000000000000e+00
7.942199999999993709e-02,0.000000000000000000e+00
7.956219999999993020e-02,0.000000000000000000e+00
7.970239999999992331e-02,0.000000000000000000e+00
7.984259999999991642e-02,0.000000000000000000e+00
7.998279999999990952e-02,0.000000000000000000e+00
8.003000000000000391e-02,0.000000000000000000e+00
8.016920000000000990e-02,0.000000000000000000e+00
8.030840000000001588e-02,0.000000000000000000e+00
8.044760000000002187e-02,0.000000000000000000e+00
8.058680000000002785e-02,0.000000000000000000e+00
8.072600000000003384e-02,0.000000000000000000e+00
8.086520000000003983e-02,0.000000000000000000e+00
8.100440000000004581e-02,0.000000000000000000e+00
8.114360000000005180e-02,0.000000000000000000e+00
8.128280000000005778e-02,0.000000000000000000e+00
8.142200000000006377e-02,0.000000000000000000e+00
8.156120000000006975e-02,0.000000000000000000e+00
8.170040000000007574e-02,0.000000000000000000e+00
8.183960000000008173e-02,0.000000000000000000e+00
8.197880000000008771e-02,0.000000000000000000e+00
8.198999999999999344e-02,0.000000000000000000e+00
8.213020000000000043e-02,0.000000000000000000e+00
8.227040000000000741e-02,0.000000000000000000e+00
8.241060000000001440e-02,0.000000000000000000e+00
8.255080000000002138e-02,0.000000000000000000e+00
8.269100000000002837e-02,0.000000000000000000e+00
8.283120000000003536e-02,0.000000000000000000e+00
8.297140000000004234e-02,0.000000000000000000e+00
8.311160000000004933e-02,0.000000000000000000e+00
8.325180000000005631e-02,0.000000000000000000e+00
8.339200000000006330e-02,0.000000000000000000e+00
8.353220000000007028e-02,0.000000000000000000e+00
8.367240000000007727e-02,0.000000000000000000e+00
8.381260000000008425e-02,0.000000000000000000e+00
8.395280000000009124e-02,0.000000000000000000e+00
8.400000000000000522e-02,0.000000000000000000e+00
8.414040000000000408e-02,0.000000000000000000e+00
8.428080000000000294e-02,0.000000000000000000e+00
8.442120000000000180e-02,0.000000000000000000e+00
8.456160000000000065e-02,0.000000000000000000e+00
8.470199999999999951e-02,0.000000000000000000e+00
8.484239999999999837e-02,0.000000000000000000e+00
8.498279999999999723e-02,0.000000000000000000e+00
8.512319999999999609e-02,0.000000000000000000e+00
8.526359999999999495e-02,0.000000000000000000e+00
8.540399999999999381e-02,0.000000000000000000e+00
8.554439999999999267e-02,0.000000000000000000e+00
8.568479999999999153e-02,0.000000000000000000e+00
8.582519999999999039e-02,0.000000000000000000e+00
8.596559999999998924e-02,0.000000000000000000e+00
8.601999999999999924e-02,0.000000000000000000e+00
8.616019999999999235e-02,0.000000000000000000e+00
8.630039999999998546e-02,0.000000000000000000e+00
8.644059999999997856e-02,0.000000000000000000e+00
8.658079999999997167e-02,0.000000000000000000e+00
8.672099999999996478e-02,0.000000000000000000e+00
8.686119999999995789e-02,0.000000000000000000e+00
8.700139999999995100e-02,0.000000000000000000e+00
8.714159999999994410e-02,0.000000000000000000e+00
8.728179999999993721e-02,0.000000000000000000e+00
8.742199999999993032e-02,0.000000000000000000e+00
8.756219999999992343e-02,0.000000000000000000e+00
8.770239999999991654e-02,0.000000000000000000e+00
8.784259999999990964e-02,0.000000000000000000e+00
8.798279999999990275e-02,0.000000000000000000e+00
8.802999999999999714e-02,0.000000000000000000e+00
8.817019999999999025e-02,0.000000000000000000e+00
8.831039999999998336e-02,0.000000000000000000e+00
8.845059999999997646e-02,0.000000000000000000e+00
8.859079999999996957e-02,0.000000000000000000e+00
8.873099999999996268e-02,0.000000000000000000e+00
8.887119999999995579e-02,0.000000000000000000e+00
8.901139999999994890e-02,0.000000000000000000e+00
8.915159999999994200e-02,0.000000000000000000e+00
8.929179999999993511e-02,0.000000000000000000e+00
8.943199999999992822e-02,0.000000000000000000e+00
8.957219999999992133e-02,0.000000000000000000e+00
8.971239999999991444e-02,0.000000000000000000e+00
8.985259999999990754e-02,0.000000000000000000e+00
8.999279999999990065e-02,0.000000000000000000e+00
9.003999999999999504e-02,0.000000000000000000e+00
9.017920000000000103e-02,0.000000000000000000e+00
9.031840000000000701e-02,0.000000000000000000e+00
9.045760000000001300e-02,0.000000000000000000e+00
9.059680000000001898e-02,0.000000000000000000e+00
9.073600000000002497e-02,0.000000000000000000e+00
9.087520000000003095e-02,0.000000000000000000e+00
9.101440000000003694e-02,0.000000000000000000e+00
9.115360000000004292e-02,0.000000000000000000e+00
9.129280000000004891e-02,0.000000000000000000e+00
9.143200000000005490e-02,0.000000000000000000e+00
9.157120000000006088e-02,0.000000000000000000e+00
9.171040000000006687e-02,0.000000000000000000e+00
9.184960000000007285e-02,0.000000000000000000e+00
9.198880000000007884e-02,0.000000000000000000e+00
9.199999999999999845e-02,0.000000000000000000e+00
9.214019999999999155e-02,0.000000000000000000e+00
9.228039999999998466e-02,0.000000000000000000e+00
9.242059999999997777e-02,0.000000000000000000e+00
9.256079999999997088e-02,0.000000000000000000e+00
9.270099999999996399e-02,0.000000000000000000e+00
9.284119999999995709e-02,0.000000000000000000e+00
9.298139999999995020e-02,0.000000000000000000e+00
9.312159999999994331e-02,0.000000000000000000e+00
9.326179999999993642e-02,0.000000000000000000e+00
9.340199999999992952e-02,0.000000000000000000e+00
9.354219999999992263e-02,0.000000000000000000e+00
9.368239999999991574e-02,0.000000000000000000e+00
9.382259999999990885e-02,0.000000000000000000e+00
9.396279999999990196e-02,0.000000000000000000e+00
9.400999999999999635e-02,0.000000000000000000e+00
9.415039999999999520e-02,0.000000000000000000e+00
9.429079999999999406e-02,0.000000000000000000e+00
9.443119999999999292e-02,0.000000000000000000e+00
9.457159999999999178e-02,0.000000000000000000e+00
9.471199999999999064e-02,0.000000000000000000e+00
9.485239999999998950e-02,0.000000000000000000e+00
9.499279999999998836e-02,0.000000000000000000e+00
9.513319999999998722e-02,0.000000000000000000e+00
9.527359999999998608e-02,0.000000000000000000e+00
9.541399999999998494e-02,0.000000000000000000e+00
9.555439999999998379e-02,0.000000000000000000e+00
9.569479999999998265e-02,0.000000000000000000e+00
9.583519999999998151e-02,0.000000000000000000e+00
9.597559999999998037e-02,0.000000000000000000e+00
9.603000000000000425e-02,0.000000000000000000e+00
9.617019999999999735e-02,0.000000000000000000e+00
9.631039999999999046e-02,0.000000000000000000e+00
9.645059999999998357e-02,0.000000000000000000e+00
9.659079999999997668e-02,0.000000000000000000e+00
9.673099999999996979e-02,0.000000000000000000e+00
9.687119999999996289e-02,0.000000000000000000e+00
9.701139999999995600e-02,0.000000000000000000e+00
9.715159999999994911e-02,0.000000000000000000e+00
9.729179999999994222e-02,0.000000000000000000e+00
9.743199999999993532e-02,0.000000000000000000e+00
9.757219999999992843e-02,0.000000000000000000e+00
9.771239999999992154e-02,0.000000000000000000e+00
9.785259999999991465e-02,0.000000000000000000e+00
9.799279999999990776e-02,0.000000000000000000e+00
9.804000000000000214e-02,0.000000000000000000e+00
9.817900000000000238e-02,0.000000000000000000e+00
9.831800000000000261e-02,0.000000000000000000e+00
9.845700000000000285e-02,0.000000000000000000e+00
9.859600000000000308e-02,0.000000000000000000e+00
9.873500000000000332e-02,0.000000000000000000e+00
9.887400000000000355e-02,0.000000000000000000e+00
9.901300000000000379e-02,0.000000000000000000e+00
9.915200000000000402e-02,0.000000000000000000e+00
9.929100000000000426e-02,0.000000000000000000e+00
9.943000000000000449e-02,0.000000000000000000e+00
9.956900000000000472e-02,0.000000000000000000e+00
9.970800000000000496e-02,0.000000000000000000e+00
9.984700000000000519e-02,0.000000000000000000e+00
9.998600000000000543e-02,0.000000000000000000e+00
9.998999999999999555e-02,0.000000000000000000e+00
1.001303999999999944e-01,0.000000000000000000e+00
1.002707999999999933e-01,0.000000000000000000e+00
1.004111999999999921e-01,0.000000000000000000e+00
1.005515999999999910e-01,0.000000000000000000e+00
1.006919999999999898e-01,0.000000000000000000e+00
1.008323999999999887e-01,0.000000000000000000e+00
1.009727999999999876e-01,0.000000000000000000e+00
1.011131999999999864e-01,0.000000000000000000e+00
1.012535999999999853e-01,0.000000000000000000e+00
1.013939999999999841e-01,0.000000000000000000e+00
1.015343999999999830e-01,0.000000000000000000e+00
1.016747999999999819e-01,0.000000000000000000e+00
1.018151999999999807e-01,0.000000000000000000e+00
1.019555999999999796e-01,0.000000000000000000e+00
1.020100000000000035e-01,0.000000000000000000e+00
1.021501999999999966e-01,0.000000000000000000e+00
1.022903999999999897e-01,0.000000000000000000e+00
1.024305999999999828e-01,0.000000000000000000e+00
1.025707999999999759e-01,0.000000000000000000e+00
1.027109999999999690e-01,0.000000000000000000e+00
1.028511999999999621e-01,0.000000000000000000e+00
1.029913999999999552e-01,0.000000000000000000e+00
1.031315999999999483e-01,0.000000000000000000e+00
1.032717999999999414e-01,0.000000000000000000e+00
1.034119999999999345e-01,0.000000000000000000e+00
1.035521999999999276e-01,0.000000000000000000e+00
1.036923999999999207e-01,0.000000000000000000e+00
1.038325999999999139e-01,0.000000000000000000e+00
1.039727999999999070e-01,0.000000000000000000e+00
1.040200000000000014e-01,0.000000000000000000e+00
1.041601999999999945e-01,0.000000000000000000e+00
1.043003999999999876e-01,0.000000000000000000e+00
1.044405999999999807e-01,0.000000000000000000e+00
1.045807999999999738e-01,0.000000000000000000e+00
1.047209999999999669e-01,0.000000000000000000e+00
1.048611999999999600e-01,0.000000000000000000e+00
1.050013999999999531e-01,0.000000000000000000e+00
1.051415999999999462e-01,0.000000000000000000e+00
1.052817999999999393e-01,0.000000000000000000e+00
1.054219999999999324e-01,0.000000000000000000e+00
1.055621999999999255e-01,0.000000000000000000e+00
1.057023999999999186e-01,0.000000000000000000e+00
1.058425999999999118e-01,0.000000000000000000e+00
1.059827999999999049e-01,0.000000000000000000e+00
1.060299999999999992e-01,0.000000000000000000e+00
1.061692000000000052e-01,0.000000000000000000e+00
1.063084000000000112e-01,0.000000000000000000e+00
1.064476000000000172e-01,0.000000000000000000e+00
1.065868000000000232e-01,0.000000000000000000e+00
1.067260000000000292e-01,0.000000000000000000e+00
1.068652000000000352e-01,0.000000000000000000e+00
1.070044000000000411e-01,0.000000000000000000e+00
1.071436000000000471e-01,0.000000000000000000e+00
1.072828000000000531e-01,0.000000000000000000e+00
1.074220000000000591e-01,0.000000000000000000e+00
1.075612000000000651e-01,0.000000000000000000e+00
1.077004000000000711e-01,0.000000000000000000e+00
1.078396000000000771e-01,0.000000000000000000e+00
1.079788000000000830e-01,0.000000000000000000e+00
1.079900000000000027e-01,0.000000000000000000e+00
1.081301999999999958e-01,0.000000000000000000e+00
1.082703999999999889e-01,0.000000000000000000e+00
1.084105999999999820e-01,0.000000000000000000e+00
1.085507999999999751e-01,0.000000000000000000e+00
1.086909999999999682e-01,0.000000000000000000e+00
1.088311999999999613e-01,0.000000000000000000e+00
1.089713999999999544e-01,0.000000000000000000e+00
1.091115999999999475e-01,0.000000000000000000e+00
1.092517999999999406e-01,0.000000000000000000e+00
1.093919999999999337e-01,0.000000000000000000e+00
1.095321999999999268e-01,0.000000000000000000e+00
1.096723999999999200e-01,0.000000000000000000e+00
1.098125999999999131e-01,0.000000000000000000e+00
1.099527999999999062e-01,0.000000000000000000e+00
1.100000000000000006e-01,0.000000000000000000e+00
1.101403999999999994e-01,0.000000000000000000e+00
1.102807999999999983e-01,0.000000000000000000e+00
1.104211999999999971e-01,0.000000000000000000e+00
1.105615999999999960e-01,0.000000000000000000e+00
1.107019999999999949e-01,0.000000000000000000e+00
1.108423999999999937e-01,0.000000000000000000e+00
1.109827999999999926e-01,0.000000000000000000e+00
1.111231999999999914e-01,0.000000000000000000e+00
1.112635999999999903e-01,0.000000000000000000e+00
1.114039999999999891e-01,0.000000000000000000e+00
1.115443999999999880e-01,0.000000000000000000e+00
1.116847999999999869e-01,0.000000000000000000e+00
1.118251999999999857e-01,0.000000000000000000e+00
1.119655999999999846e-01,0.000000000000000000e+00
1.120199999999999946e-01,0.000000000000000000e+00
1.121602000000000016e-01,0.000000000000000000e+00
1.123004000000000085e-01,0.000000000000000000e+00
1.124406000000000155e-01,0.000000000000000000e+00
1.125808000000000225e-01,0.000000000000000000e+00
1.127210000000000295e-01,0.000000000000000000e+00
1.128612000000000365e-01,0.000000000000000000e+00
1.130014000000000435e-01,0.000000000000000000e+00
1.131416000000000505e-01,0.000000000000000000e+00
1.132818000000000574e-01,0.000000000000000000e+00
1.134220000000000644e-01,0.000000000000000000e+00
1.135622000000000714e-01,0.000000000000000000e+00
1.137024000000000784e-01,0.000000000000000000e+00
1.138426000000000854e-01,0.000000000000000000e+00
1.139828000000000924e-01,0.000000000000000000e+00
1.140300000000000064e-01,0.000000000000000000e+00
1.141701999999999995e-01,0.000000000000000000e+00
1.143103999999999926e-01,0.000000000000000000e+00
1.144505999999999857e-01,0.000000000000000000e+00
1.145907999999999788e-01,0.000000000000000000e+00
1.147309999999999719e-01,0.000000000000000000e+00
1.148711999999999650e-01,0.000000000000000000e+00
1.150113999999999581e-01,0.000000000000000000e+00
1.151515999999999512e-01,0.000000000000000000e+00
1.152917999999999443e-01,0.000000000000000000e+00
1.154319999999999374e-01,0.000000000000000000e+00
1.155721999999999305e-01,0.000000000000000000e+00
1.157123999999999236e-01,0.000000000000000000e+00
1.158525999999999168e-01,0.000000000000000000e+00
1.159927999999999099e-01,0.000000000000000000e+00
1.160400000000000043e-01,0.000000000000000000e+00
1.161792000000000102e-01,0.000000000000000000e+00
1.163184000000000162e-01,0.000000000000000000e+00
1.164576000000000222e-01,0.000000000000000000e+00
1.165968000000000282e-01,0.000000000000000000e+00
1.167360000000000342e-01,0.000000000000000000e+00
1.168752000000000402e-01,0.000000000000000000e+00
1.170144000000000462e-01,0.000000000000000000e+00
1.171536000000000521e-01,0.000000000000000000e+00
1.172928000000000581e-01,0.000000000000000000e+00
1.174320000000000641e-01,0.000000000000000000e+00
1.175712000000000701e-01,0.000000000000000000e+00
1.177104000000000761e-01,0.000000000000000000e+00
1.178496000000000821e-01,0.000000000000000000e+00
1.179888000000000881e-01,0.000000000000000000e+00
1.179999999999999938e-01,0.000000000000000000e+00
1.181402000000000008e-01,0.000000000000000000e+00
1.182804000000000078e-01,0.000000000000000000e+00
1.184206000000000147e-01,0.000000000000000000e+00
1.185608000000000217e-01,0.000000000000000000e+00
1.187010000000000287e-01,0.000000000000000000e+00
1.188412000000000357e-01,0.000000000000000000e+00
1.189814000000000427e-01,0.000000000000000000e+00
1.191216000000000497e-01,0.000000000000000000e+00
1.192618000000000567e-01,0.000000000000000000e+00
1.194020000000000636e-01,0.000000000000000000e+00
1.195422000000000706e-01,0.000000000000000000e+00
1.196824000000000776e-01,0.000000000000000000e+00
1.198226000000000846e-01,0.000000000000000000e+00
1.199628000000000916e-01,0.000000000000000000e+00
1.200100000000000056e-01,0.000000000000000000e+00
1.201504000000000044e-01,0.000000000000000000e+00
1.202908000000000033e-01,0.000000000000000000e+00
1.204312000000000021e-01,0.000000000000000000e+00
1.205716000000000010e-01,0.000000000000000000e+00
1.207119999999999999e-01,0.000000000000000000e+00
1.208523999999999987e-01,0.000000000000000000e+00
1.209927999999999976e-01,0.000000000000000000e+00
1.211331999999999964e-01,0.000000000000000000e+00
1.212735999999999953e-01,0.000000000000000000e+00
1.214139999999999942e-01,0.000000000000000000e+00
1.215543999999999930e-01,0.000000000000000000e+00
1.216947999999999919e-01,0.000000000000000000e+00
1.218351999999999907e-01,0.000000000000000000e+00
1.219755999999999896e-01,0.000000000000000000e+00
1.220299999999999996e-01,0.000000000000000000e+00
1.221701999999999927e-01,0.000000000000000000e+00
1.223103999999999858e-01,0.000000000000000000e+00
1.224505999999999789e-01,0.000000000000000000e+00
1.225907999999999720e-01,0.000000000000000000e+00
1.227309999999999651e-01,0.000000000000000000e+00
1.228711999999999582e-01,0.000000000000000000e+00
1.230113999999999513e-01,0.000000000000000000e+00
1.231515999999999444e-01,0.000000000000000000e+00
1.232917999999999376e-01,0.000000000000000000e+00
1.234319999999999307e-01,0.000000000000000000e+00
1.235721999999999238e-01,0.000000000000000000e+00
1.237123999999999169e-01,0.000000000000000000e+00
1.238525999999999100e-01,0.000000000000000000e+00
1.239927999999999031e-01,0.000000000000000000e+00
1.240399999999999975e-01,0.000000000000000000e+00
1.241789999999999977e-01,0.000000000000000000e+00
1.243179999999999980e-01,0.000000000000000000e+00
1.244569999999999982e-01,0.000000000000000000e+00
1.245959999999999984e-01,0.000000000000000000e+00
1.247349999999999987e-01,0.000000000000000000e+00
1.248739999999999989e-01,0.000000000000000000e+00
1.250129999999999852e-01,0.000000000000000000e+00
1.251519999999999855e-01,0.000000000000000000e+00
1.252909999999999857e-01,0.000000000000000000e+00
1.254299999999999859e-01,0.000000000000000000e+00
1.255689999999999862e-01,0.000000000000000000e+00
1.257079999999999864e-01,0.000000000000000000e+00
1.258469999999999867e-01,0.000000000000000000e+00
1.259859999999999869e-01,0.000000000000000000e+00
1.259899999999999909e-01,0.000000000000000000e+00
1.261304000000000036e-01,0.000000000000000000e+00
1.262708000000000164e-01,0.000000000000000000e+00
1.264112000000000291e-01,0.000000000000000000e+00
1.265516000000000418e-01,0.000000000000000000e+00
1.266920000000000546e-01,0.000000000000000000e+00
1.268324000000000673e-01,0.000000000000000000e+00
1.269728000000000800e-01,0.000000000000000000e+00
1.271132000000000928e-01,0.000000000000000000e+00
1.272536000000001055e-01,0.000000000000000000e+00
1.273940000000001183e-01,0.000000000000000000e+00
1.275344000000001310e-01,0.000000000000000000e+00
1.276748000000001437e-01,0.000000000000000000e+00
1.278152000000001565e-01,0.000000000000000000e+00
1.279556000000001692e-01,0.000000000000000000e+00
1.280100000000000127e-01,0.000000000000000000e+00
1.281502000000000197e-01,0.000000000000000000e+00
1.282904000000000266e-01,0.000000000000000000e+00
1.284306000000000336e-01,0.000000000000000000e+00
1.285708000000000406e-01,0.000000000000000000e+00
1.287110000000000476e-01,0.000000000000000000e+00
1.288512000000000546e-01,0.000000000000000000e+00
1.289914000000000616e-01,0.000000000000000000e+00
1.291316000000000686e-01,0.000000000000000000e+00
1.292718000000000755e-01,0.000000000000000000e+00
1.294120000000000825e-01,0.000000000000000000e+00
1.295522000000000895e-01,0.000000000000000000e+00
1.296924000000000965e-01,0.000000000000000000e+00
1.298326000000001035e-01,0.000000000000000000e+00
1.299728000000001105e-01,0.000000000000000000e+00
1.300199999999999967e-01,0.000000000000000000e+00
1.301604000000000094e-01,0.000000000000000000e+00
1.303008000000000222e-01,0.000000000000000000e+00
1.304412000000000349e-01,0.000000000000000000e+00
1.305816000000000476e-01,0.000000000000000000e+00
1.307220000000000604e-01,0.000000000000000000e+00
1.308624000000000731e-01,0.000000000000000000e+00
1.310028000000000858e-01,0.000000000000000000e+00
1.311432000000000986e-01,0.000000000000000000e+00
1.312836000000001113e-01,0.000000000000000000e+00
1.314240000000001241e-01,0.000000000000000000e+00
1.315644000000001368e-01,0.000000000000000000e+00
1.317048000000001495e-01,0.000000000000000000e+00
1.318452000000001623e-01,0.000000000000000000e+00
1.319856000000001750e-01,0.000000000000000000e+00
1.320399999999999907e-01,0.000000000000000000e+00
1.321789999999999909e-01,0.000000000000000000e+00
1.323179999999999912e-01,0.000000000000000000e+00
1.324569999999999914e-01,0.000000000000000000e+00
1.325959999999999916e-01,0.000000000000000000e+00
1.327349999999999919e-01,0.000000000000000000e+00
1.328739999999999921e-01,0.000000000000000000e+00
1.330129999999999924e-01,0.000000000000000000e+00
1.331519999999999926e-01,0.000000000000000000e+00
1.332909999999999928e-01,0.000000000000000000e+00
1.334299999999999931e-01,0.000000000000000000e+00
1.335689999999999933e-01,0.000000000000000000e+00
1.337079999999999935e-01,0.000000000000000000e+00
1.338469999999999938e-01,0.000000000000000000e+00
1.339859999999999940e-01,0.000000000000000000e+00
1.339899999999999980e-01,0.000000000000000000e+00
1.341302000000000050e-01,0.000000000000000000e+00
1.342704000000000120e-01,0.000000000000000000e+00
1.344106000000000189e-01,0.000000000000000000e+00
1.345508000000000259e-01,0.000000000000000000e+00
1.346910000000000329e-01,0.000000000000000000e+00
1.348312000000000399e-01,0.000000000000000000e+00
1.349714000000000469e-01,0.000000000000000000e+00
1.351116000000000539e-01,0.000000000000000000e+00
1.352518000000000609e-01,0.000000000000000000e+00
1.353920000000000678e-01,0.000000000000000000e+00
1.355322000000000748e-01,0.000000000000000000e+00
1.356724000000000818e-01,0.000000000000000000e+00
1.358126000000000888e-01,0.000000000000000000e+00
1.359528000000000958e-01,0.000000000000000000e+00
1.360000000000000098e-01,0.000000000000000000e+00
1.361404000000000225e-01,0.000000000000000000e+00
1.362808000000000352e-01,0.000000000000000000e+00
1.364212000000000480e-01,0.000000000000000000e+00
1.365616000000000607e-01,0.000000000000000000e+00
1.367020000000000735e-01,0.000000000000000000e+00
1.368424000000000862e-01,0.000000000000000000e+00
1.369828000000000989e-01,0.000000000000000000e+00
1.371232000000001117e-01,0.000000000000000000e+00
1.372636000000001244e-01,0.000000000000000000e+00
1.374040000000001371e-01,0.000000000000000000e+00
1.375444000000001499e-01,0.000000000000000000e+00
1.376848000000001626e-01,0.000000000000000000e+00
1.378252000000001753e-01,0.000000000000000000e+00
1.379656000000001881e-01,0.000000000000000000e+00
1.380200000000000038e-01,0.000000000000000000e+00
1.381602000000000108e-01,0.000000000000000000e+00
1.383004000000000178e-01,0.000000000000000000e+00
1.384406000000000247e-01,0.000000000000000000e+00
1.385808000000000317e-01,0.000000000000000000e+00
1.387210000000000387e-01,0.000000000000000000e+00
1.388612000000000457e-01,0.000000000000000000e+00
1.390014000000000527e-01,0.000000000000000000e+00
1.391416000000000597e-01,0.000000000000000000e+00
1.392818000000000667e-01,0.000000000000000000e+00
1.394220000000000736e-01,0.000000000000000000e+00
1.395622000000000806e-01,0.000000000000000000e+00
1.397024000000000876e-01,0.000000000000000000e+00
1.398426000000000946e-01,0.000000000000000000e+00
1.399828000000001016e-01,0.000000000000000000e+00
1.400299999999999878e-01,0.000000000000000000e+00
1.401704000000000006e-01,0.000000000000000000e+00
1.403108000000000133e-01,0.000000000000000000e+00
1.404512000000000260e-01,0.000000000000000000e+00
1.405916000000000388e-01,0.000000000000000000e+00
1.407320000000000515e-01,0.000000000000000000e+00
1.408724000000000642e-01,0.000000000000000000e+00
1.410128000000000770e-01,0.000000000000000000e+00
1.411532000000000897e-01,0.000000000000000000e+00
1.412936000000001024e-01,0.000000000000000000e+00
1.414340000000001152e-01,0.000000000000000000e+00
1.415744000000001279e-01,0.000000000000000000e+00
1.417148000000001407e-01,0.000000000000000000e+00
1.418552000000001534e-01,0.000000000000000000e+00
1.419956000000001661e-01,0.000000000000000000e+00
1.420500000000000096e-01,0.000000000000000000e+00
1.421890000000000098e-01,0.000000000000000000e+00
1.423280000000000101e-01,0.000000000000000000e+00
1.424670000000000103e-01,0.000000000000000000e+00
1.426060000000000105e-01,0.000000000000000000e+00
1.427450000000000108e-01,0.000000000000000000e+00
1.428840000000000110e-01,0.000000000000000000e+00
1.430230000000000112e-01,0.000000000000000000e+00
1.431620000000000115e-01,0.000000000000000000e+00
1.433010000000000117e-01,0.000000000000000000e+00
1.434400000000000119e-01,0.000000000000000000e+00
1.435790000000000122e-01,0.000000000000000000e+00
1.437180000000000124e-01,0.000000000000000000e+00
1.438570000000000126e-01,0.000000000000000000e+00
1.439960000000000129e-01,0.000000000000000000e+00
1.439999999999999891e-01,0.000000000000000000e+00
1.441401999999999961e-01,0.000000000000000000e+00
1.442804000000000031e-01,0.000000000000000000e+00
1.444206000000000101e-01,0.000000000000000000e+00
1.445608000000000171e-01,0.000000000000000000e+00
1.447010000000000240e-01,0.000000000000000000e+00
1.448412000000000310e-01,0.000000000000000000e+00
1.449814000000000380e-01,0.000000000000000000e+00
1.451216000000000450e-01,0.000000000000000000e+00
1.452618000000000520e-01,0.000000000000000000e+00
1.454020000000000590e-01,0.000000000000000000e+00
1.455422000000000660e-01,0.000000000000000000e+00
1.456824000000000729e-01,0.000000000000000000e+00
1.458226000000000799e-01,0.000000000000000000e+00
1.459628000000000869e-01,0.000000000000000000e+00
1.460100000000000009e-01,0.000000000000000000e+00
1.461504000000000136e-01,0.000000000000000000e+00
1.462908000000000264e-01,0.000000000000000000e+00
1.464312000000000391e-01,0.000000000000000000e+00
1.465716000000000518e-01,0.000000000000000000e+00
1.467120000000000646e-01,0.000000000000000000e+00
1.468524000000000773e-01,0.000000000000000000e+00
1.469928000000000901e-01,0.000000000000000000e+00
1.471332000000001028e-01,0.000000000000000000e+00
1.472736000000001155e-01,0.000000000000000000e+00
1.474140000000001283e-01,0.000000000000000000e+00
1.475544000000001410e-01,0.000000000000000000e+00
1.476948000000001537e-01,0.000000000000000000e+00
1.478352000000001665e-01,0.000000000000000000e+00
1.479756000000001792e-01,0.000000000000000000e+00
1.480299999999999949e-01,0.000000000000000000e+00
1.481702000000000019e-01,0.000000000000000000e+00
1.483104000000000089e-01,0.000000000000000000e+00
1.484506000000000159e-01,0.000000000000000000e+00
1.485908000000000229e-01,0.000000000000000000e+00
1.487310000000000298e-01,0.000000000000000000e+00
1.488712000000000368e-01,0.000000000000000000e+00
1.490114000000000438e-01,0.000000000000000000e+00
1.491516000000000508e-01,0.000000000000000000e+00
1.492918000000000578e-01,0.000000000000000000e+00
1.494320000000000648e-01,0.000000000000000000e+00
1.495722000000000718e-01,0.000000000000000000e+00
1.497124000000000787e-01,0.000000000000000000e+00
1.498526000000000857e-01,0.000000000000000000e+00
1.499928000000000927e-01,0.000000000000000000e+00
1.500400000000000067e-01,0.000000000000000000e+00
1.501790000000000069e-01,0.000000000000000000e+00
1.503180000000000072e-01,0.000000000000000000e+00
1.504570000000000074e-01,0.000000000000000000e+00
1.505960000000000076e-01,0.000000000000000000e+00
1.507350000000000079e-01,0.000000000000000000e+00
1.508740000000000081e-01,0.000000000000000000e+00
1.510130000000000083e-01,0.000000000000000000e+00
1.511520000000000086e-01,0.000000000000000000e+00
1.512910000000000088e-01,0.000000000000000000e+00
1.514300000000000090e-01,0.000000000000000000e+00
1.515690000000000093e-01,0.000000000000000000e+00
1.517080000000000095e-01,0.000000000000000000e+00
1.518470000000000097e-01,0.000000000000000000e+00
1.519860000000000100e-01,0.000000000000000000e+00
1.519899999999999862e-01,0.000000000000000000e+00
1.521303999999999990e-01,0.000000000000000000e+00
1.522708000000000117e-01,0.000000000000000000e+00
1.524112000000000244e-01,0.000000000000000000e+00
1.525516000000000372e-01,0.000000000000000000e+00
1.526920000000000499e-01,0.000000000000000000e+00
1.528324000000000626e-01,0.000000000000000000e+00
1.529728000000000754e-01,0.000000000000000000e+00
1.531132000000000881e-01,0.000000000000000000e+00
1.532536000000001009e-01,0.000000000000000000e+00
1.533940000000001136e-01,0.000000000000000000e+00
1.535344000000001263e-01,0.000000000000000000e+00
1.536748000000001391e-01,0.000000000000000000e+00
1.538152000000001518e-01,0.000000000000000000e+00
1.539556000000001645e-01,0.000000000000000000e+00
1.540100000000000080e-01,0.000000000000000000e+00
1.541502000000000150e-01,0.000000000000000000e+00
1.542904000000000220e-01,0.000000000000000000e+00
1.544306000000000290e-01,0.000000000000000000e+00
1.545708000000000359e-01,0.000000000000000000e+00
1.547110000000000429e-01,0.000000000000000000e+00
1.548512000000000499e-01,0.000000000000000000e+00
1.549914000000000569e-01,0.000000000000000000e+00
1.551316000000000639e-01,0.000000000000000000e+00
1.552718000000000709e-01,0.000000000000000000e+00
1.554120000000000779e-01,0.000000000000000000e+00
1.555522000000000848e-01,0.000000000000000000e+00
1.556924000000000918e-01,0.000000000000000000e+00
1.558326000000000988e-01,0.000000000000000000e+00
1.559728000000001058e-01,0.000000000000000000e+00
1.560199999999999920e-01,0.000000000000000000e+00
1.561604000000000048e-01,0.000000000000000000e+00
1.563008000000000175e-01,0.000000000000000000e+00
1.564412000000000302e-01,0.000000000000000000e+00
1.565816000000000430e-01,0.000000000000000000e+00
1.567220000000000557e-01,0.000000000000000000e+00
1.568624000000000684e-01,0.000000000000000000e+00
1.570028000000000812e-01,0.000000000000000000e+00
1.571432000000000939e-01,0.000000000000000000e+00
1.572836000000001067e-01,0.000000000000000000e+00
1.574240000000001194e-01,0.000000000000000000e+00
1.575644000000001321e-01,0.000000000000000000e+00
1.577048000000001449e-01,0.000000000000000000e+00
1.578452000000001576e-01,0.000000000000000000e+00
1.579856000000001703e-01,0.000000000000000000e+00
1.580400000000000138e-01,0.000000000000000000e+00
1.581790000000000140e-01,0.000000000000000000e+00
1.583180000000000143e-01,0.000000000000000000e+00
1.584570000000000145e-01,0.000000000000000000e+00
1.585960000000000147e-01,0.000000000000000000e+00
1.587350000000000150e-01,0.000000000000000000e+00
1.588740000000000152e-01,0.000000000000000000e+00
1.590130000000000154e-01,0.000000000000000000e+00
1.591520000000000157e-01,0.000000000000000000e+00
1.592910000000000159e-01,0.000000000000000000e+00
1.594300000000000161e-01,0.000000000000000000e+00
1.595690000000000164e-01,0.000000000000000000e+00
1.597080000000000166e-01,0.000000000000000000e+00
1.598470000000000169e-01,0.000000000000000000e+00
1.599860000000000171e-01,0.000000000000000000e+00
1.599899999999999933e-01,0.000000000000000000e+00
1.601302000000000003e-01,0.000000000000000000e+00
1.602704000000000073e-01,0.000000000000000000e+00
1.604106000000000143e-01,0.000000000000000000e+00
1.605508000000000213e-01,0.000000000000000000e+00
1.606910000000000283e-01,0.000000000000000000e+00
1.608312000000000352e-01,0.000000000000000000e+00
1.609714000000000422e-01,0.000000000000000000e+00
1.611116000000000492e-01,0.000000000000000000e+00
1.612518000000000562e-01,0.000000000000000000e+00
1.613920000000000632e-01,0.000000000000000000e+00
1.615322000000000702e-01,0.000000000000000000e+00
1.616724000000000772e-01,0.000000000000000000e+00
1.618126000000000841e-01,0.000000000000000000e+00
1.619528000000000911e-01,0.000000000000000000e+00
1.620000000000000051e-01,0.000000000000000000e+00
1.621404000000000178e-01,0.000000000000000000e+00
1.622808000000000306e-01,0.000000000000000000e+00
1.624212000000000433e-01,0.000000000000000000e+00
1.625616000000000561e-01,0.000000000000000000e+00
1.627020000000000688e-01,0.000000000000000000e+00
1.628424000000000815e-01,0.000000000000000000e+00
1.629828000000000943e-01,0.000000000000000000e+00
1.631232000000001070e-01,0.000000000000000000e+00
1.632636000000001197e-01,0.000000000000000000e+00
1.634040000000001325e-01,0.000000000000000000e+00
1.635444000000001452e-01,0.000000000000000000e+00
1.636848000000001579e-01,0.000000000000000000e+00
1.638252000000001707e-01,0.000000000000000000e+00
1.639656000000001834e-01,0.000000000000000000e+00
1.640199999999999991e-01,0.000000000000000000e+00
1.641602000000000061e-01,0.000000000000000000e+00
1.643004000000000131e-01,0.000000000000000000e+00
1.644406000000000201e-01,0.000000000000000000e+00
1.645808000000000271e-01,0.000000000000000000e+00
1.647210000000000341e-01,0.000000000000000000e+00
1.648612000000000410e-01,0.000000000000000000e+00
1.650014000000000480e-01,0.000000000000000000e+00
1.651416000000000550e-01,0.000000000000000000e+00
1.652818000000000620e-01,0.000000000000000000e+00
1.654220000000000690e-01,0.000000000000000000e+00
1.655622000000000760e-01,0.000000000000000000e+00
1.657024000000000830e-01,0.000000000000000000e+00
1.658426000000000899e-01,0.000000000000000000e+00
1.659828000000000969e-01,0.000000000000000000e+00
1.660300000000000109e-01,0.000000000000000000e+00
1.661704000000000236e-01,0.000000000000000000e+00
1.663108000000000364e-01,0.000000000000000000e+00
1.664512000000000491e-01,0.000000000000000000e+00
1.665916000000000619e-01,0.000000000000000000e+00
1.667320000000000746e-01,0.000000000000000000e+00
1.668724000000000873e-01,0.000000000000000000e+00
1.670128000000001001e-01,0.000000000000000000e+00
1.671532000000001128e-01,0.000000000000000000e+00
1.672936000000001255e-01,0.000000000000000000e+00
1.674340000000001383e-01,0.000000000000000000e+00
1.675744000000001510e-01,0.000000000000000000e+00
1.677148000000001637e-01,0.000000000000000000e+00
1.678552000000001765e-01,0.000000000000000000e+00
1.679956000000001892e-01,0.000000000000000000e+00
1.680500000000000049e-01,0.000000000000000000e+00
1.681890000000000052e-01,0.000000000000000000e+00
1.683280000000000054e-01,0.000000000000000000e+00
1.684670000000000056e-01,0.000000000000000000e+00
1.686060000000000059e-01,0.000000000000000000e+00
1.687450000000000061e-01,0.000000000000000000e+00
1.688840000000000063e-01,0.000000000000000000e+00
1.690230000000000066e-01,0.000000000000000000e+00
1.691620000000000068e-01,0.000000000000000000e+00
1.693010000000000070e-01,0.000000000000000000e+00
1.694400000000000073e-01,0.000000000000000000e+00
1.695790000000000075e-01,0.000000000000000000e+00
1.697180000000000077e-01,0.000000000000000000e+00
1.698570000000000080e-01,0.000000000000000000e+00
1.699960000000000082e-01,0.000000000000000000e+00
1.700000000000000122e-01,0.000000000000000000e+00
1.701402000000000192e-01,0.000000000000000000e+00
1.702804000000000262e-01,0.000000000000000000e+00
1.704206000000000332e-01,0.000000000000000000e+00
1.705608000000000402e-01,0.000000000000000000e+00
1.707010000000000471e-01,0.000000000000000000e+00
1.708412000000000541e-01,0.000000000000000000e+00
1.709814000000000611e-01,0.000000000000000000e+00
1.711216000000000681e-01,0.000000000000000000e+00
1.712618000000000751e-01,0.000000000000000000e+00
1.714020000000000821e-01,0.000000000000000000e+00
1.715422000000000891e-01,0.000000000000000000e+00
1.716824000000000960e-01,0.000000000000000000e+00
1.718226000000001030e-01,0.000000000000000000e+00
1.719628000000001100e-01,0.000000000000000000e+00
1.720099999999999962e-01,0.000000000000000000e+00
1.721504000000000090e-01,0.000000000000000000e+00
1.722908000000000217e-01,0.000000000000000000e+00
1.724312000000000344e-01,0.000000000000000000e+00
1.725716000000000472e-01,0.000000000000000000e+00
1.727120000000000599e-01,0.000000000000000000e+00
1.728524000000000727e-01,0.000000000000000000e+00
1.729928000000000854e-01,0.000000000000000000e+00
1.731332000000000981e-01,0.000000000000000000e+00
1.732736000000001109e-01,0.000000000000000000e+00
1.734140000000001236e-01,0.000000000000000000e+00
1.735544000000001363e-01,0.000000000000000000e+00
1.736948000000001491e-01,0.000000000000000000e+00
1.738352000000001618e-01,0.000000000000000000e+00
1.739756000000001745e-01,0.000000000000000000e+00
1.740299999999999903e-01,0.000000000000000000e+00
1.741701999999999972e-01,0.000000000000000000e+00
1.743104000000000042e-01,0.000000000000000000e+00
1.744506000000000112e-01,0.000000000000000000e+00
1.745908000000000182e-01,0.000000000000000000e+00
1.747310000000000252e-01,0.000000000000000000e+00
1.748712000000000322e-01,0.000000000000000000e+00
1.750114000000000392e-01,0.000000000000000000e+00
1.751516000000000461e-01,0.000000000000000000e+00
1.752918000000000531e-01,0.000000000000000000e+00
1.754320000000000601e-01,0.000000000000000000e+00
1.755722000000000671e-01,0.000000000000000000e+00
1.757124000000000741e-01,0.000000000000000000e+00
1.758526000000000811e-01,0.000000000000000000e+00
1.759928000000000881e-01,0.000000000000000000e+00
1.760400000000000020e-01,0.000000000000000000e+00
1.761792000000000080e-01,0.000000000000000000e+00
1.763184000000000140e-01,0.000000000000000000e+00
1.764576000000000200e-01,0.000000000000000000e+00
1.765968000000000260e-01,0.000000000000000000e+00
1.767360000000000320e-01,0.000000000000000000e+00
1.768752000000000379e-01,0.000000000000000000e+00
1.770144000000000439e-01,0.000000000000000000e+00
1.771536000000000499e-01,0.000000000000000000e+00
1.772928000000000559e-01,0.000000000000000000e+00
1.774320000000000619e-01,0.000000000000000000e+00
1.775712000000000679e-01,0.000000000000000000e+00
1.777104000000000739e-01,0.000000000000000000e+00
1.778496000000000798e-01,0.000000000000000000e+00
1.779888000000000858e-01,0.000000000000000000e+00
1.779999999999999916e-01,0.000000000000000000e+00
1.781401999999999985e-01,0.000000000000000000e+00
1.782804000000000055e-01,0.000000000000000000e+00
1.784206000000000125e-01,0.000000000000000000e+00
1.785608000000000195e-01,0.000000000000000000e+00
1.787010000000000265e-01,0.000000000000000000e+00
1.788412000000000335e-01,0.000000000000000000e+00
1.789814000000000405e-01,0.000000000000000000e+00
1.791216000000000474e-01,0.000000000000000000e+00
1.792618000000000544e-01,0.000000000000000000e+00
1.794020000000000614e-01,0.000000000000000000e+00
1.795422000000000684e-01,0.000000000000000000e+00
1.796824000000000754e-01,0.000000000000000000e+00
1.798226000000000824e-01,0.000000000000000000e+00
1.799628000000000894e-01,0.000000000000000000e+00
1.800100000000000033e-01,0.000000000000000000e+00
1.801502000000000103e-01,0.000000000000000000e+00
1.802904000000000173e-01,0.000000000000000000e+00
1.804306000000000243e-01,0.000000000000000000e+00
1.805708000000000313e-01,0.000000000000000000e+00
1.807110000000000383e-01,0.000000000000000000e+00
1.808512000000000453e-01,0.000000000000000000e+00
1.809914000000000522e-01,0.000000000000000000e+00
1.811316000000000592e-01,0.000000000000000000e+00
1.812718000000000662e-01,0.000000000000000000e+00
1.814120000000000732e-01,0.000000000000000000e+00
1.815522000000000802e-01,0.000000000000000000e+00
1.816924000000000872e-01,0.000000000000000000e+00
1.818326000000000942e-01,0.000000000000000000e+00
1.819728000000001011e-01,0.000000000000000000e+00
1.820199999999999874e-01,0.000000000000000000e+00
1.821604000000000001e-01,0.000000000000000000e+00
1.823008000000000128e-01,0.000000000000000000e+00
1.824412000000000256e-01,0.000000000000000000e+00
1.825816000000000383e-01,0.000000000000000000e+00
1.827220000000000510e-01,0.000000000000000000e+00
1.828624000000000638e-01,0.000000000000000000e+00
1.830028000000000765e-01,0.000000000000000000e+00
1.831432000000000893e-01,0.000000000000000000e+00
1.832836000000001020e-01,0.000000000000000000e+00
1.834240000000001147e-01,0.000000000000000000e+00
1.835644000000001275e-01,0.000000000000000000e+00
1.837048000000001402e-01,0.000000000000000000e+00
1.838452000000001529e-01,0.000000000000000000e+00
1.839856000000001657e-01,0.000000000000000000e+00
1.840400000000000091e-01,0.000000000000000000e+00
1.841790000000000094e-01,0.000000000000000000e+00
1.843180000000000096e-01,0.000000000000000000e+00
1.844570000000000098e-01,0.000000000000000000e+00
1.845960000000000101e-01,0.000000000000000000e+00
1.847350000000000103e-01,0.000000000000000000e+00
1.848740000000000105e-01,0.000000000000000000e+00
1.850130000000000108e-01,0.000000000000000000e+00
1.851520000000000110e-01,0.000000000000000000e+00
1.852910000000000112e-01,0.000000000000000000e+00
1.854300000000000115e-01,0.000000000000000000e+00
1.855690000000000117e-01,0.000000000000000000e+00
1.857080000000000120e-01,0.000000000000000000e+00
1.858470000000000122e-01,0.000000000000000000e+00
1.859860000000000124e-01,0.000000000000000000e+00
1.859899999999999887e-01,0.000000000000000000e+00
1.861304000000000014e-01,0.000000000000000000e+00
1.862708000000000141e-01,0.000000000000000000e+00
1.864112000000000269e-01,0.000000000000000000e+00
1.865516000000000396e-01,0.000000000000000000e+00
1.866920000000000524e-01,0.000000000000000000e+00
1.868324000000000651e-01,0.000000000000000000e+00
1.869728000000000778e-01,0.000000000000000000e+00
1.871132000000000906e-01,0.000000000000000000e+00
1.872536000000001033e-01,0.000000000000000000e+00
1.873940000000001160e-01,0.000000000000000000e+00
1.875344000000001288e-01,0.000000000000000000e+00
1.876748000000001415e-01,0.000000000000000000e+00
1.878152000000001542e-01,0.000000000000000000e+00
1.879556000000001670e-01,0.000000000000000000e+00
1.880100000000000104e-01,0.000000000000000000e+00
1.881502000000000174e-01,0.000000000000000000e+00
1.882904000000000244e-01,0.000000000000000000e+00
1.884306000000000314e-01,0.000000000000000000e+00
1.885708000000000384e-01,0.000000000000000000e+00
1.887110000000000454e-01,0.000000000000000000e+00
1.888512000000000524e-01,0.000000000000000000e+00
1.889914000000000593e-01,0.000000000000000000e+00
1.891316000000000663e-01,0.000000000000000000e+00
1.892718000000000733e-01,0.000000000000000000e+00
1.894120000000000803e-01,0.000000000000000000e+00
1.895522000000000873e-01,0.000000000000000000e+00
1.896924000000000943e-01,0.000000000000000000e+00
1.898326000000001013e-01,0.000000000000000000e+00
1.899728000000001082e-01,0.000000000000000000e+00
1.900199999999999945e-01,0.000000000000000000e+00
1.901602000000000015e-01,0.000000000000000000e+00
1.903004000000000084e-01,0.000000000000000000e+00
1.904406000000000154e-01,0.000000000000000000e+00
1.905808000000000224e-01,0.000000000000000000e+00
1.907210000000000294e-01,0.000000000000000000e+00
1.908612000000000364e-01,0.000000000000000000e+00
1.910014000000000434e-01,0.000000000000000000e+00
1.911416000000000504e-01,0.000000000000000000e+00
1.912818000000000573e-01,0.000000000000000000e+00
1.914220000000000643e-01,0.000000000000000000e+00
1.915622000000000713e-01,0.000000000000000000e+00
1.917024000000000783e-01,0.000000000000000000e+00
1.918426000000000853e-01,0.000000000000000000e+00
1.919828000000000923e-01,0.000000000000000000e+00
1.920300000000000062e-01,0.000000000000000000e+00
1.921692000000000122e-01,0.000000000000000000e+00
1.923084000000000182e-01,0.000000000000000000e+00
1.924476000000000242e-01,0.000000000000000000e+00
1.925868000000000302e-01,0.000000000000000000e+00
1.927260000000000362e-01,0.000000000000000000e+00
1.928652000000000422e-01,0.000000000000000000e+00
1.930044000000000481e-01,0.000000000000000000e+00
1.931436000000000541e-01,0.000000000000000000e+00
1.932828000000000601e-01,0.000000000000000000e+00
1.934220000000000661e-01,0.000000000000000000e+00
1.935612000000000721e-01,0.000000000000000000e+00
1.937004000000000781e-01,0.000000000000000000e+00
1.938396000000000841e-01,0.000000000000000000e+00
1.939788000000000900e-01,0.000000000000000000e+00
1.939899999999999958e-01,0.000000000000000000e+00
1.941302000000000028e-01,0.000000000000000000e+00
1.942704000000000097e-01,0.000000000000000000e+00
1.944106000000000167e-01,0.000000000000000000e+00
1.945508000000000237e-01,0.000000000000000000e+00
1.946910000000000307e-01,0.000000000000000000e+00
1.948312000000000377e-01,0.000000000000000000e+00
1.949714000000000447e-01,0.000000000000000000e+00
1.951116000000000517e-01,0.000000000000000000e+00
1.952518000000000586e-01,0.000000000000000000e+00
1.953920000000000656e-01,0.000000000000000000e+00
1.955322000000000726e-01,0.000000000000000000e+00
1.956724000000000796e-01,0.000000000000000000e+00
1.958126000000000866e-01,0.000000000000000000e+00
1.959528000000000936e-01,0.000000000000000000e+00
1.960000000000000075e-01,0.000000000000000000e+00
1.961402000000000145e-01,0.000000000000000000e+00
1.962804000000000215e-01,0.000000000000000000e+00
1.964206000000000285e-01,0.000000000000000000e+00
1.965608000000000355e-01,0.000000000000000000e+00
1.967010000000000425e-01,0.000000000000000000e+00
1.968412000000000495e-01,0.000000000000000000e+00
1.969814000000000564e-01,0.000000000000000000e+00
1.971216000000000634e-01,0.000000000000000000e+00
1.972618000000000704e-01,0.000000000000000000e+00
1.974020000000000774e-01,0.000000000000000000e+00
1.975422000000000844e-01,0.000000000000000000e+00
1.976824000000000914e-01,0.000000000000000000e+00
1.978226000000000984e-01,0.000000000000000000e+00
1.979628000000001053e-01,0.000000000000000000e+00
1.980099999999999916e-01,0.000000000000000000e+00
1.981504000000000043e-01,0.000000000000000000e+00
1.982908000000000170e-01,0.000000000000000000e+00
1.984312000000000298e-01,0.000000000000000000e+00
1.985716000000000425e-01,0.000000000000000000e+00
1.987120000000000553e-01,0.000000000000000000e+00
1.988524000000000680e-01,0.000000000000000000e+00
1.989928000000000807e-01,0.000000000000000000e+00
1.991332000000000935e-01,0.000000000000000000e+00
1.992736000000001062e-01,0.000000000000000000e+00
1.994140000000001189e-01,0.000000000000000000e+00
1.995544000000001317e-01,0.000000000000000000e+00
1.996948000000001444e-01,0.000000000000000000e+00
1.998352000000001572e-01,0.000000000000000000e+00
1.999756000000001699e-01,0.000000000000000000e+00
2.000300000000000133e-01,0.000000000000000000e+00
2.001702000000000203e-01,0.000000000000000000e+00
2.003104000000000273e-01,0.000000000000000000e+00
2.004506000000000343e-01,0.000000000000000000e+00
2.005908000000000413e-01,0.000000000000000000e+00
2.007310000000000483e-01,0.000000000000000000e+00
2.008712000000000553e-01,0.000000000000000000e+00
2.010114000000000622e-01,0.000000000000000000e+00
2.011516000000000692e-01,0.000000000000000000e+00
2.012918000000000762e-01,0.000000000000000000e+00
2.014320000000000832e-01,0.000000000000000000e+00
2.015722000000000902e-01,0.000000000000000000e+00
2.017124000000000972e-01,0.000000000000000000e+00
2.018526000000001042e-01,0.000000000000000000e+00
2.019928000000001111e-01,0.000000000000000000e+00
2.020399999999999974e-01,0.000000000000000000e+00
2.021792000000000034e-01,0.000000000000000000e+00
2.023184000000000093e-01,0.000000000000000000e+00
2.024576000000000153e-01,0.000000000000000000e+00
2.025968000000000213e-01,0.000000000000000000e+00
2.027360000000000273e-01,0.000000000000000000e+00
2.028752000000000333e-01,0.000000000000000000e+00
2.030144000000000393e-01,0.000000000000000000e+00
2.031536000000000453e-01,0.000000000000000000e+00
2.032928000000000512e-01,0.000000000000000000e+00
2.034320000000000572e-01,0.000000000000000000e+00
2.035712000000000632e-01,0.000000000000000000e+00
2.037104000000000692e-01,0.000000000000000000e+00
2.038496000000000752e-01,0.000000000000000000e+00
2.039888000000000812e-01,0.000000000000000000e+00
2.039999999999999869e-01,0.000000000000000000e+00
2.041401999999999939e-01,0.000000000000000000e+00
2.042804000000000009e-01,0.000000000000000000e+00
2.044206000000000079e-01,0.000000000000000000e+00
2.045608000000000148e-01,0.000000000000000000e+00
2.047010000000000218e-01,0.000000000000000000e+00
2.048412000000000288e-01,0.000000000000000000e+00
2.049814000000000358e-01,0.000000000000000000e+00
2.051216000000000428e-01,0.000000000000000000e+00
2.052618000000000498e-01,0.000000000000000000e+00
2.054020000000000568e-01,0.000000000000000000e+00
2.055422000000000637e-01,0.000000000000000000e+00
2.056824000000000707e-01,0.000000000000000000e+00
2.058226000000000777e-01,0.000000000000000000e+00
2.059628000000000847e-01,0.000000000000000000e+00
2.060099999999999987e-01,0.000000000000000000e+00
2.061502000000000057e-01,0.000000000000000000e+00
2.062904000000000126e-01,0.000000000000000000e+00
2.064306000000000196e-01,0.000000000000000000e+00
2.065708000000000266e-01,0.000000000000000000e+00
2.067110000000000336e-01,0.000000000000000000e+00
2.068512000000000406e-01,0.000000000000000000e+00
2.069914000000000476e-01,0.000000000000000000e+00
2.071316000000000546e-01,0.000000000000000000e+00
2.072718000000000615e-01,0.000000000000000000e+00
2.074120000000000685e-01,0.000000000000000000e+00
2.075522000000000755e-01,0.000000000000000000e+00
2.076924000000000825e-01,0.000000000000000000e+00
2.078326000000000895e-01,0.000000000000000000e+00
2.079728000000000965e-01,0.000000000000000000e+00
2.080200000000000105e-01,0.000000000000000000e+00
2.081604000000000232e-01,0.000000000000000000e+00
2.083008000000000359e-01,0.000000000000000000e+00
2.084412000000000487e-01,0.000000000000000000e+00
2.085816000000000614e-01,0.000000000000000000e+00
2.087220000000000741e-01,0.000000000000000000e+00
2.088624000000000869e-01,0.000000000000000000e+00
2.090028000000000996e-01,0.000000000000000000e+00
2.091432000000001123e-01,0.000000000000000000e+00
2.092836000000001251e-01,0.000000000000000000e+00
2.094240000000001378e-01,0.000000000000000000e+00
2.095644000000001506e-01,0.000000000000000000e+00
2.097048000000001633e-01,0.000000000000000000e+00
2.098452000000001760e-01,0.000000000000000000e+00
2.099856000000001888e-01,0.000000000000000000e+00
2.100400000000000045e-01,0.000000000000000000e+00
2.101790000000000047e-01,0.000000000000000000e+00
2.103180000000000049e-01,0.000000000000000000e+00
2.104570000000000052e-01,0.000000000000000000e+00
2.105960000000000054e-01,0.000000000000000000e+00
2.107350000000000056e-01,0.000000000000000000e+00
2.108740000000000059e-01,0.000000000000000000e+00
2.110130000000000061e-01,0.000000000000000000e+00
2.111520000000000064e-01,0.000000000000000000e+00
2.112910000000000066e-01,0.000000000000000000e+00
2.114300000000000068e-01,0.000000000000000000e+00
2.115690000000000071e-01,0.000000000000000000e+00
2.117080000000000073e-01,0.000000000000000000e+00
2.118470000000000075e-01,0.000000000000000000e+00
2.119860000000000078e-01,0.000000000000000000e+00
2.119900000000000118e-01,0.000000000000000000e+00
2.121304000000000245e-01,0.000000000000000000e+00
2.122708000000000372e-01,0.000000000000000000e+00
2.124112000000000500e-01,0.000000000000000000e+00
2.125516000000000627e-01,0.000000000000000000e+00
2.126920000000000754e-01,0.000000000000000000e+00
2.128324000000000882e-01,0.000000000000000000e+00
2.129728000000001009e-01,0.000000000000000000e+00
2.131132000000001137e-01,0.000000000000000000e+00
2.132536000000001264e-01,0.000000000000000000e+00
2.133940000000001391e-01,0.000000000000000000e+00
2.135344000000001519e-01,0.000000000000000000e+00
2.136748000000001646e-01,0.000000000000000000e+00
2.138152000000001773e-01,0.000000000000000000e+00
2.139556000000001901e-01,0.000000000000000000e+00
2.140100000000000058e-01,0.000000000000000000e+00
2.141502000000000128e-01,0.000000000000000000e+00
2.142904000000000198e-01,0.000000000000000000e+00
2.144306000000000267e-01,0.000000000000000000e+00
2.145708000000000337e-01,0.000000000000000000e+00
2.147110000000000407e-01,0.000000000000000000e+00
2.148512000000000477e-01,0.000000000000000000e+00
2.149914000000000547e-01,0.000000000000000000e+00
2.151316000000000617e-01,0.000000000000000000e+00
2.152718000000000687e-01,0.000000000000000000e+00
2.154120000000000756e-01,0.000000000000000000e+00
2.155522000000000826e-01,0.000000000000000000e+00
2.156924000000000896e-01,0.000000000000000000e+00
2.158326000000000966e-01,0.000000000000000000e+00
2.159728000000001036e-01,0.000000000000000000e+00
2.160199999999999898e-01,0.000000000000000000e+00
2.161601999999999968e-01,0.000000000000000000e+00
2.163004000000000038e-01,0.000000000000000000e+00
2.164406000000000108e-01,0.000000000000000000e+00
2.165808000000000177e-01,0.000000000000000000e+00
2.167210000000000247e-01,0.000000000000000000e+00
2.168612000000000317e-01,0.000000000000000000e+00
2.170014000000000387e-01,0.000000000000000000e+00
2.171416000000000457e-01,0.000000000000000000e+00
2.172818000000000527e-01,0.000000000000000000e+00
2.174220000000000597e-01,0.000000000000000000e+00
2.175622000000000666e-01,0.000000000000000000e+00
2.177024000000000736e-01,0.000000000000000000e+00
2.178426000000000806e-01,0.000000000000000000e+00
2.179828000000000876e-01,0.000000000000000000e+00
2.180300000000000016e-01,0.000000000000000000e+00
2.181692000000000076e-01,0.000000000000000000e+00
2.183084000000000136e-01,0.000000000000000000e+00
2.184476000000000195e-01,0.000000000000000000e+00
2.185868000000000255e-01,0.000000000000000000e+00
2.187260000000000315e-01,0.000000000000000000e+00
2.188652000000000375e-01,0.000000000000000000e+00
2.190044000000000435e-01,0.000000000000000000e+00
2.191436000000000495e-01,0.000000000000000000e+00
2.192828000000000555e-01,0.000000000000000000e+00
2.194220000000000614e-01,0.000000000000000000e+00
2.195612000000000674e-01,0.000000000000000000e+00
2.197004000000000734e-01,0.000000000000000000e+00
2.198396000000000794e-01,0.000000000000000000e+00
2.199788000000000854e-01,0.000000000000000000e+00
2.199899999999999911e-01,0.000000000000000000e+00
2.201301999999999981e-01,0.000000000000000000e+00
2.202704000000000051e-01,0.000000000000000000e+00
2.204106000000000121e-01,0.000000000000000000e+00
2.205508000000000191e-01,0.000000000000000000e+00
2.206910000000000260e-01,0.000000000000000000e+00
2.208312000000000330e-01,0.000000000000000000e+00
2.209714000000000400e-01,0.000000000000000000e+00
2.211116000000000470e-01,0.000000000000000000e+00
2.212518000000000540e-01,0.000000000000000000e+00
2.213920000000000610e-01,0.000000000000000000e+00
2.215322000000000680e-01,0.000000000000000000e+00
2.216724000000000749e-01,0.000000000000000000e+00
2.218126000000000819e-01,0.000000000000000000e+00
2.219528000000000889e-01,0.000000000000000000e+00
2.220000000000000029e-01,0.000000000000000000e+00
2.221404000000000156e-01,0.000000000000000000e+00
2.222808000000000284e-01,0.000000000000000000e+00
2.224212000000000411e-01,0.000000000000000000e+00
2.225616000000000538e-01,0.000000000000000000e+00
2.227020000000000666e-01,0.000000000000000000e+00
2.228424000000000793e-01,0.000000000000000000e+00
2.229828000000000920e-01,0.000000000000000000e+00
2.231232000000001048e-01,0.000000000000000000e+00
2.232636000000001175e-01,0.000000000000000000e+00
2.234040000000001303e-01,0.000000000000000000e+00
2.235444000000001430e-01,0.000000000000000000e+00
2.236848000000001557e-01,0.000000000000000000e+00
2.238252000000001685e-01,0.000000000000000000e+00
2.239656000000001812e-01,0.000000000000000000e+00
2.240199999999999969e-01,0.000000000000000000e+00
2.241602000000000039e-01,0.000000000000000000e+00
2.243004000000000109e-01,0.000000000000000000e+00
2.244406000000000179e-01,0.000000000000000000e+00
2.245808000000000249e-01,0.000000000000000000e+00
2.247210000000000318e-01,0.000000000000000000e+00
2.248612000000000388e-01,0.000000000000000000e+00
2.250014000000000458e-01,0.000000000000000000e+00
2.251416000000000528e-01,0.000000000000000000e+00
2.252818000000000598e-01,0.000000000000000000e+00
2.254220000000000668e-01,0.000000000000000000e+00
2.255622000000000738e-01,0.000000000000000000e+00
2.257024000000000807e-01,0.000000000000000000e+00
2.258426000000000877e-01,0.000000000000000000e+00
2.259828000000000947e-01,0.000000000000000000e+00
2.260300000000000087e-01,0.000000000000000000e+00
2.261702000000000157e-01,0.000000000000000000e+00
2.263104000000000227e-01,0.000000000000000000e+00
2.264506000000000296e-01,0.000000000000000000e+00
2.265908000000000366e-01,0.000000000000000000e+00
2.267310000000000436e-01,0.000000000000000000e+00
2.268712000000000506e-01,0.000000000000000000e+00
2.270114000000000576e-01,0.000000000000000000e+00
2.271516000000000646e-01,0.000000000000000000e+00
2.272918000000000716e-01,0.000000000000000000e+00
2.274320000000000785e-01,0.000000000000000000e+00
2.275722000000000855e-01,0.000000000000000000e+00
2.277124000000000925e-01,0.000000000000000000e+00
2.278526000000000995e-01,0.000000000000000000e+00
2.279928000000001065e-01,0.000000000000000000e+00
2.280399999999999927e-01,0.000000000000000000e+00
2.281791999999999987e-01,0.000000000000000000e+00
2.283184000000000047e-01,0.000000000000000000e+00
2.284576000000000107e-01,0.000000000000000000e+00
2.285968000000000167e-01,0.000000000000000000e+00
2.287360000000000226e-01,0.000000000000000000e+00
2.288752000000000286e-01,0.000000000000000000e+00
2.290144000000000346e-01,0.000000000000000000e+00
2.291536000000000406e-01,0.000000000000000000e+00
2.292928000000000466e-01,0.000000000000000000e+00
2.294320000000000526e-01,0.000000000000000000e+00
2.295712000000000585e-01,0.000000000000000000e+00
2.297104000000000645e-01,0.000000000000000000e+00
2.298496000000000705e-01,0.000000000000000000e+00
2.299888000000000765e-01,0.000000000000000000e+00
2.300000000000000100e-01,0.000000000000000000e+00
2.301402000000000170e-01,0.000000000000000000e+00
2.302804000000000240e-01,0.000000000000000000e+00
2.304206000000000309e-01,0.000000000000000000e+00
2.305608000000000379e-01,0.000000000000000000e+00
2.307010000000000449e-01,0.000000000000000000e+00
2.308412000000000519e-01,0.000000000000000000e+00
2.309814000000000589e-01,0.000000000000000000e+00
2.311216000000000659e-01,0.000000000000000000e+00
2.312618000000000729e-01,0.000000000000000000e+00
2.314020000000000798e-01,0.000000000000000000e+00
2.315422000000000868e-01,0.000000000000000000e+00
2.316824000000000938e-01,0.000000000000000000e+00
2.318226000000001008e-01,0.000000000000000000e+00
2.319628000000001078e-01,0.000000000000000000e+00
2.320099999999999940e-01,0.000000000000000000e+00
2.321504000000000068e-01,0.000000000000000000e+00
2.322908000000000195e-01,0.000000000000000000e+00
2.324312000000000322e-01,0.000000000000000000e+00
2.325716000000000450e-01,0.000000000000000000e+00
2.327120000000000577e-01,0.000000000000000000e+00
2.328524000000000704e-01,0.000000000000000000e+00
2.329928000000000832e-01,0.000000000000000000e+00
2.331332000000000959e-01,0.000000000000000000e+00
2.332736000000001086e-01,0.000000000000000000e+00
2.334140000000001214e-01,0.000000000000000000e+00
2.335544000000001341e-01,0.000000000000000000e+00
2.336948000000001469e-01,0.000000000000000000e+00
2.338352000000001596e-01,0.000000000000000000e+00
2.339756000000001723e-01,0.000000000000000000e+00
2.340299999999999880e-01,0.000000000000000000e+00
2.341701999999999950e-01,0.000000000000000000e+00
2.343104000000000020e-01,0.000000000000000000e+00
2.344506000000000090e-01,0.000000000000000000e+00
2.345908000000000160e-01,0.000000000000000000e+00
2.347310000000000230e-01,0.000000000000000000e+00
2.348712000000000300e-01,0.000000000000000000e+00
2.350114000000000369e-01,0.000000000000000000e+00
2.351516000000000439e-01,0.000000000000000000e+00
2.352918000000000509e-01,0.000000000000000000e+00
2.354320000000000579e-01,0.000000000000000000e+00
2.355722000000000649e-01,0.000000000000000000e+00
2.357124000000000719e-01,0.000000000000000000e+00
2.358526000000000789e-01,0.000000000000000000e+00
2.359928000000000858e-01,0.000000000000000000e+00
2.360399999999999998e-01,0.000000000000000000e+00
2.361790000000000000e-01,0.000000000000000000e+00
2.363180000000000003e-01,0.000000000000000000e+00
2.364570000000000005e-01,0.000000000000000000e+00
2.365960000000000008e-01,0.000000000000000000e+00
2.367350000000000010e-01,0.000000000000000000e+00
2.368740000000000012e-01,0.000000000000000000e+00
2.370130000000000015e-01,0.000000000000000000e+00
2.371520000000000017e-01,0.000000000000000000e+00
2.372910000000000019e-01,0.000000000000000000e+00
2.374300000000000022e-01,0.000000000000000000e+00
2.375690000000000024e-01,0.000000000000000000e+00
2.377080000000000026e-01,0.000000000000000000e+00
2.378470000000000029e-01,0.000000000000000000e+00
2.379860000000000031e-01,0.000000000000000000e+00
2.379900000000000071e-01,0.000000000000000000e+00
2.381304000000000198e-01,0.000000000000000000e+00
2.382708000000000326e-01,0.000000000000000000e+00
2.384112000000000453e-01,0.000000000000000000e+00
2.385516000000000580e-01,0.000000000000000000e+00
2.386920000000000708e-01,0.000000000000000000e+00
2.388324000000000835e-01,0.000000000000000000e+00
2.389728000000000963e-01,0.000000000000000000e+00
2.391132000000001090e-01,0.000000000000000000e+00
2.392536000000001217e-01,0.000000000000000000e+00
2.393940000000001345e-01,0.000000000000000000e+00
2.395344000000001472e-01,0.000000000000000000e+00
2.396748000000001599e-01,0.000000000000000000e+00
2.398152000000001727e-01,0.000000000000000000e+00
2.399556000000001854e-01,0.000000000000000000e+00
2.400100000000000011e-01,0.000000000000000000e+00
2.401502000000000081e-01,0.000000000000000000e+00
2.402904000000000151e-01,0.000000000000000000e+00
2.404306000000000221e-01,0.000000000000000000e+00
2.405708000000000291e-01,0.000000000000000000e+00
2.407110000000000360e-01,0.000000000000000000e+00
2.408512000000000430e-01,0.000000000000000000e+00
2.409914000000000500e-01,0.000000000000000000e+00
2.411316000000000570e-01,0.000000000000000000e+00
2.412718000000000640e-01,0.000000000000000000e+00
2.414120000000000710e-01,0.000000000000000000e+00
2.415522000000000780e-01,0.000000000000000000e+00
2.416924000000000849e-01,0.000000000000000000e+00
2.418326000000000919e-01,0.000000000000000000e+00
2.419728000000000989e-01,0.000000000000000000e+00
2.420200000000000129e-01,0.000000000000000000e+00
2.421604000000000256e-01,0.000000000000000000e+00
2.423008000000000384e-01,0.000000000000000000e+00
2.424412000000000511e-01,0.000000000000000000e+00
2.425816000000000638e-01,0.000000000000000000e+00
2.427220000000000766e-01,0.000000000000000000e+00
2.428624000000000893e-01,0.000000000000000000e+00
2.430028000000001021e-01,0.000000000000000000e+00
2.431432000000001148e-01,0.000000000000000000e+00
2.432836000000001275e-01,0.000000000000000000e+00
2.434240000000001403e-01,0.000000000000000000e+00
2.435644000000001530e-01,0.000000000000000000e+00
2.437048000000001657e-01,0.000000000000000000e+00
2.438452000000001785e-01,0.000000000000000000e+00
2.439856000000001912e-01,0.000000000000000000e+00
2.440400000000000069e-01,0.000000000000000000e+00
2.441790000000000072e-01,0.000000000000000000e+00
2.443180000000000074e-01,0.000000000000000000e+00
2.444570000000000076e-01,0.000000000000000000e+00
2.445960000000000079e-01,0.000000000000000000e+00
2.447350000000000081e-01,0.000000000000000000e+00
2.448740000000000083e-01,0.000000000000000000e+00
2.450130000000000086e-01,0.000000000000000000e+00
2.451520000000000088e-01,0.000000000000000000e+00
2.452910000000000090e-01,0.000000000000000000e+00
2.454300000000000093e-01,0.000000000000000000e+00
2.455690000000000095e-01,0.000000000000000000e+00
2.457080000000000097e-01,0.000000000000000000e+00
2.458470000000000100e-01,0.000000000000000000e+00
2.459860000000000102e-01,0.000000000000000000e+00
2.459899999999999864e-01,0.000000000000000000e+00
2.461301999999999934e-01,0.000000000000000000e+00
2.462704000000000004e-01,0.000000000000000000e+00
2.464106000000000074e-01,0.000000000000000000e+00
2.465508000000000144e-01,0.000000000000000000e+00
2.466910000000000214e-01,0.000000000000000000e+00
2.468312000000000284e-01,0.000000000000000000e+00
2.469714000000000353e-01,0.000000000000000000e+00
2.471116000000000423e-01,0.000000000000000000e+00
2.472518000000000493e-01,0.000000000000000000e+00
2.473920000000000563e-01,0.000000000000000000e+00
2.475322000000000633e-01,0.000000000000000000e+00
2.476724000000000703e-01,0.000000000000000000e+00
2.478126000000000773e-01,0.000000000000000000e+00
2.479528000000000842e-01,0.000000000000000000e+00
2.479999999999999982e-01,0.000000000000000000e+00
2.481404000000000110e-01,0.000000000000000000e+00
2.482808000000000237e-01,0.000000000000000000e+00
2.484212000000000364e-01,0.000000000000000000e+00
2.485616000000000492e-01,0.000000000000000000e+00
2.487020000000000619e-01,0.000000000000000000e+00
2.488424000000000746e-01,0.000000000000000000e+00
2.489828000000000874e-01,0.000000000000000000e+00
2.491232000000001001e-01,0.000000000000000000e+00
2.492636000000001129e-01,0.000000000000000000e+00
2.494040000000001256e-01,0.000000000000000000e+00
2.495444000000001383e-01,0.000000000000000000e+00
2.496848000000001511e-01,0.000000000000000000e+00
2.498252000000001638e-01,0.000000000000000000e+00
2.499656000000001765e-01,0.000000000000000000e+00
2.500200000000000200e-01,0.000000000000000000e+00
2.501601999999999992e-01,0.000000000000000000e+00
2.503003999999999785e-01,0.000000000000000000e+00
2.504405999999999577e-01,0.000000000000000000e+00
2.505807999999999369e-01,0.000000000000000000e+00
2.507209999999999162e-01,0.000000000000000000e+00
2.508611999999998954e-01,0.000000000000000000e+00
2.510013999999998746e-01,0.000000000000000000e+00
2.511415999999998538e-01,0.000000000000000000e+00
2.512817999999998331e-01,0.000000000000000000e+00
2.514219999999998123e-01,0.000000000000000000e+00
2.515621999999997915e-01,0.000000000000000000e+00
2.517023999999997708e-01,0.000000000000000000e+00
2.518425999999997500e-01,0.000000000000000000e+00
2.519827999999997292e-01,0.000000000000000000e+00
2.520299999999999763e-01,0.000000000000000000e+00
2.521703999999999612e-01,0.000000000000000000e+00
2.523107999999999462e-01,0.000000000000000000e+00
2.524511999999999312e-01,0.000000000000000000e+00
2.525915999999999162e-01,0.000000000000000000e+00
2.527319999999999012e-01,0.000000000000000000e+00
2.528723999999998862e-01,0.000000000000000000e+00
2.530127999999998711e-01,0.000000000000000000e+00
2.531531999999998561e-01,0.000000000000000000e+00
2.532935999999998411e-01,0.000000000000000000e+00
2.534339999999998261e-01,0.000000000000000000e+00
2.535743999999998111e-01,0.000000000000000000e+00
2.537147999999997960e-01,0.000000000000000000e+00
2.538551999999997810e-01,0.000000000000000000e+00
2.539955999999997660e-01,0.000000000000000000e+00
2.540499999999999980e-01,0.000000000000000000e+00
2.541889999999999983e-01,0.000000000000000000e+00
2.543279999999999985e-01,0.000000000000000000e+00
2.544669999999999987e-01,0.000000000000000000e+00
2.546059999999999990e-01,0.000000000000000000e+00
2.547449999999999992e-01,0.000000000000000000e+00
2.548839999999999995e-01,0.000000000000000000e+00
2.550229999999999997e-01,0.000000000000000000e+00
2.551619999999999999e-01,0.000000000000000000e+00
2.553010000000000002e-01,0.000000000000000000e+00
2.554400000000000004e-01,0.000000000000000000e+00
2.555790000000000006e-01,0.000000000000000000e+00
2.557180000000000009e-01,0.000000000000000000e+00
2.558570000000000011e-01,0.000000000000000000e+00
2.559960000000000013e-01,0.000000000000000000e+00
2.560000000000000053e-01,0.000000000000000000e+00
2.561401999999999846e-01,0.000000000000000000e+00
2.562803999999999638e-01,0.000000000000000000e+00
2.564205999999999430e-01,0.000000000000000000e+00
2.565607999999999222e-01,0.000000000000000000e+00
2.567009999999999015e-01,0.000000000000000000e+00
2.568411999999998807e-01,0.000000000000000000e+00
2.569813999999998599e-01,0.000000000000000000e+00
2.571215999999998392e-01,0.000000000000000000e+00
2.572617999999998184e-01,0.000000000000000000e+00
2.574019999999997976e-01,0.000000000000000000e+00
2.575421999999997769e-01,0.000000000000000000e+00
2.576823999999997561e-01,0.000000000000000000e+00
2.578225999999997353e-01,0.000000000000000000e+00
2.579627999999997146e-01,0.000000000000000000e+00
2.580100000000000171e-01,0.000000000000000000e+00
2.581504000000000021e-01,0.000000000000000000e+00
2.582907999999999871e-01,0.000000000000000000e+00
2.584311999999999721e-01,0.000000000000000000e+00
2.585715999999999570e-01,0.000000000000000000e+00
2.587119999999999420e-01,0.000000000000000000e+00
2.588523999999999270e-01,0.000000000000000000e+00
2.589927999999999120e-01,0.000000000000000000e+00
2.591331999999998970e-01,0.000000000000000000e+00
2.592735999999998819e-01,0.000000000000000000e+00
2.594139999999998669e-01,0.000000000000000000e+00
2.595543999999998519e-01,0.000000000000000000e+00
2.596947999999998369e-01,0.000000000000000000e+00
2.598351999999998219e-01,0.000000000000000000e+00
2.599755999999998068e-01,0.000000000000000000e+00
2.600299999999999834e-01,0.000000000000000000e+00
2.601701999999999626e-01,0.000000000000000000e+00
2.603103999999999418e-01,0.000000000000000000e+00
2.604505999999999211e-01,0.000000000000000000e+00
2.605907999999999003e-01,0.000000000000000000e+00
2.607309999999998795e-01,0.000000000000000000e+00
2.608711999999998588e-01,0.000000000000000000e+00
2.610113999999998380e-01,0.000000000000000000e+00
2.611515999999998172e-01,0.000000000000000000e+00
2.612917999999997964e-01,0.000000000000000000e+00
2.614319999999997757e-01,0.000000000000000000e+00
2.615721999999997549e-01,0.000000000000000000e+00
2.617123999999997341e-01,0.000000000000000000e+00
2.618525999999997134e-01,0.000000000000000000e+00
2.619927999999996926e-01,0.000000000000000000e+00
2.620399999999999952e-01,0.000000000000000000e+00
2.621789999999999954e-01,0.000000000000000000e+00
2.623179999999999956e-01,0.000000000000000000e+00
2.624569999999999959e-01,0.000000000000000000e+00
2.625959999999999961e-01,0.000000000000000000e+00
2.627349999999999963e-01,0.000000000000000000e+00
2.628739999999999966e-01,0.000000000000000000e+00
2.630129999999999968e-01,0.000000000000000000e+00
2.631519999999999970e-01,0.000000000000000000e+00
2.632909999999999973e-01,0.000000000000000000e+00
2.634299999999999975e-01,0.000000000000000000e+00
2.635689999999999977e-01,0.000000000000000000e+00
2.637079999999999980e-01,0.000000000000000000e+00
2.638469999999999982e-01,0.000000000000000000e+00
2.639859999999999984e-01,0.000000000000000000e+00
2.639900000000000024e-01,0.000000000000000000e+00
2.641303999999999874e-01,0.000000000000000000e+00
2.642707999999999724e-01,0.000000000000000000e+00
2.644111999999999574e-01,0.000000000000000000e+00
2.645515999999999424e-01,0.000000000000000000e+00
2.646919999999999273e-01,0.000000000000000000e+00
2.648323999999999123e-01,0.000000000000000000e+00
2.649727999999998973e-01,0.000000000000000000e+00
2.651131999999998823e-01,0.000000000000000000e+00
2.652535999999998673e-01,0.000000000000000000e+00
2.653939999999998522e-01,0.000000000000000000e+00
2.655343999999998372e-01,0.000000000000000000e+00
2.656747999999998222e-01,0.000000000000000000e+00
2.658151999999998072e-01,0.000000000000000000e+00
2.659555999999997922e-01,0.000000000000000000e+00
2.660100000000000242e-01,0.000000000000000000e+00
2.661502000000000034e-01,2.633803906908295780e-05
2.662903999999999827e-01,5.246891135837065988e-05
2.664305999999999619e-01,7.839269100063314135e-05
2.665707999999999411e-01,1.041094521148125363e-04
2.667109999999999204e-01,1.296192688060058900e-04
2.668511999999998996e-01,1.549222151655977057e-04
2.669913999999998788e-01,1.800183652709268375e-04
2.671315999999998581e-01,2.049077931856191229e-04
2.672717999999998373e-01,2.295905729594536744e-04
2.674119999999998165e-01,2.540667786284270908e-04
2.675521999999997957e-01,2.783364842146239223e-04
2.676923999999997750e-01,3.023997637264084115e-04
2.678325999999997542e-01,3.262566911582321836e-04
2.679727999999997334e-01,3.499073404906986201e-04
2.680199999999999805e-01,3.578457603891394305e-04
2.681603999999999655e-01,3.812457223742093319e-04
2.683007999999999504e-01,4.044308611110095943e-04
2.684411999999999354e-01,4.274012538115826414e-04
2.685815999999999204e-01,4.501569776734810771e-04
2.687219999999999054e-01,4.726981098797087590e-04
2.688623999999998904e-01,4.950247275989571542e-04
2.690027999999998753e-01,5.171369079853666527e-04
2.691431999999998603e-01,5.390347281784714896e-04
2.692835999999998453e-01,5.607182653034883599e-04
2.694239999999998303e-01,5.821875964711412110e-04
2.695643999999998153e-01,6.034427987776049733e-04
2.697047999999998003e-01,6.244839493045633476e-04
2.698451999999997852e-01,6.453111251193178761e-04
2.699855999999997702e-01,6.659244032746757273e-04
2.700400000000000023e-01,6.738787664083686684e-04
2.701790000000000025e-01,6.941183799648506774e-04
2.703180000000000027e-01,7.142719538921392603e-04
2.704570000000000030e-01,7.343395183727534446e-04
2.705960000000000032e-01,7.543211035834787798e-04
2.707350000000000034e-01,7.742167396957399779e-04
2.708740000000000037e-01,7.940264568753868917e-04
2.710130000000000039e-01,8.137502852824848301e-04
2.711520000000000041e-01,8.333882550718400709e-04
2.712910000000000044e-01,8.529403963924746734e-04
2.714300000000000046e-01,8.724067393879406801e-04
2.715690000000000048e-01,8.917873141962152743e-04
2.717080000000000051e-01,9.110821509497008886e-04
2.718470000000000053e-01,9.302912797752759455e-04
2.719860000000000055e-01,9.494147307941416597e-04
2.719900000000000095e-01,9.499649267546747110e-04
2.721301999999999888e-01,9.499649267546747110e-04
2.722703999999999680e-01,9.499649267546747110e-04
2.724105999999999472e-01,9.499649267546747110e-04
2.725507999999999265e-01,9.499649267546747110e-04
2.726909999999999057e-01,9.499649267546747110e-04
2.728311999999998849e-01,9.499649267546747110e-04
2.729713999999998641e-01,9.499649267546747110e-04
2.731115999999998434e-01,9.499649267546747110e-04
2.732517999999998226e-01,9.499649267546747110e-04
2.733919999999998018e-01,9.499649267546747110e-04
2.735321999999997811e-01,9.499649267546747110e-04
2.736723999999997603e-01,9.499649267546747110e-04
2.738125999999997395e-01,9.499649267546747110e-04
2.739527999999997188e-01,9.499649267546747110e-04
2.740000000000000213e-01,9.499649267546747110e-04
2.741404000000000063e-01,9.499649267546747110e-04
2.742807999999999913e-01,9.499649267546747110e-04
2.744211999999999763e-01,9.499649267546747110e-04
2.745615999999999612e-01,9.499649267546747110e-04
2.747019999999999462e-01,9.499649267546747110e-04
2.748423999999999312e-01,9.499649267546747110e-04
2.749827999999999162e-01,9.499649267546747110e-04
2.751231999999999012e-01,9.499649267546747110e-04
2.752635999999998861e-01,9.499649267546747110e-04
2.754039999999998711e-01,9.499649267546747110e-04
2.755443999999998561e-01,9.499649267546747110e-04
2.756847999999998411e-01,9.499649267546747110e-04
2.758251999999998261e-01,9.499649267546747110e-04
2.759655999999998111e-01,9.499649267546747110e-04
2.760199999999999876e-01,9.499649267546747110e-04
2.761601999999999668e-01,9.499649267546747110e-04
2.763003999999999460e-01,9.499649267546747110e-04
2.764405999999999253e-01,9.499649267546747110e-04
2.765807999999999045e-01,9.499649267546747110e-04
2.767209999999998837e-01,9.499649267546747110e-04
2.768611999999998630e-01,9.499649267546747110e-04
2.770013999999998422e-01,9.499649267546747110e-04
2.771415999999998214e-01,9.499649267546747110e-04
2.772817999999998007e-01,9.499649267546747110e-04
2.774219999999997799e-01,9.499649267546747110e-04
2.775621999999997591e-01,9.499649267546747110e-04
2.777023999999997383e-01,9.499649267546747110e-04
2.778425999999997176e-01,9.499649267546747110e-04
2.779827999999996968e-01,9.499649267546747110e-04
2.780299999999999994e-01,9.499649267546747110e-04
2.781703999999999843e-01,9.725372794230348296e-04
2.783107999999999693e-01,9.950563467845455461e-04
2.784511999999999543e-01,1.017522147292980635e-03
2.785915999999999393e-01,1.039934699398769972e-03
2.787319999999999243e-01,1.062294021548998348e-03
2.788723999999999092e-01,1.084600132187170298e-03
2.790127999999998942e-01,1.106853049753621669e-03
2.791531999999998792e-01,1.129052792685167035e-03
2.792935999999998642e-01,1.151199379415275776e-03
2.794339999999998492e-01,1.173292828374012655e-03
2.795743999999998342e-01,1.195333157988097026e-03
2.797147999999998191e-01,1.217320386680785299e-03
2.798551999999998041e-01,1.239254532871987818e-03
2.799955999999997891e-01,1.261135614978152637e-03
2.800500000000000211e-01,1.269605317107365579e-03
2.801890000000000214e-01,1.291174855908714314e-03
2.803280000000000216e-01,1.312671434502307895e-03
2.804670000000000218e-01,1.334095078334828193e-03
2.806060000000000221e-01,1.355445812848486264e-03
2.807450000000000223e-01,1.376723663480792711e-03
2.808840000000000225e-01,1.397928655664387471e-03
2.810230000000000228e-01,1.419060814827437060e-03
2.811620000000000230e-01,1.440120166393294571e-03
2.813010000000000232e-01,1.461106735780612646e-03
2.814400000000000235e-01,1.482020548403343912e-03
2.815790000000000237e-01,1.502861629670852435e-03
2.817180000000000240e-01,1.523630004987856475e-03
2.818570000000000242e-01,1.544325699754206223e-03
2.819960000000000244e-01,1.564948739365217738e-03
2.819999999999999729e-01,1.565542095870333219e-03
2.821401999999999521e-01,1.586321318126075091e-03
2.822803999999999314e-01,1.607080780936731394e-03
2.824205999999999106e-01,1.627820490608490557e-03
2.825607999999998898e-01,1.648540453446597533e-03
2.827009999999998691e-01,1.669240675754913184e-03
2.828411999999998483e-01,1.689921163836464622e-03
2.829813999999998275e-01,1.710581923993004802e-03
2.831215999999998068e-01,1.731222962525342992e-03
2.832617999999997860e-01,1.751844285733069381e-03
2.834019999999997652e-01,1.772445899914665236e-03
2.835421999999997444e-01,1.793027811367667486e-03
2.836823999999997237e-01,1.813590026388339337e-03
2.838225999999997029e-01,1.834132551271944580e-03
2.839627999999996821e-01,1.854655392312583436e-03
2.840099999999999847e-01,1.861562002560590177e-03
2.841503999999999697e-01,1.861562002560590177e-03
2.842907999999999547e-01,1.861562002560590177e-03
2.844311999999999396e-01,1.861562002560590177e-03
2.845715999999999246e-01,1.861562002560590177e-03
2.847119999999999096e-01,1.861562002560590177e-03
2.848523999999998946e-01,1.861562002560590177e-03
2.849927999999998796e-01,1.861562002560590177e-03
2.851331999999998645e-01,1.861562002560590177e-03
2.852735999999998495e-01,1.861562002560590177e-03
2.854139999999998345e-01,1.861562002560590177e-03
2.855543999999998195e-01,1.861562002560590177e-03
2.856947999999998045e-01,1.861562002560590177e-03
2.858351999999997894e-01,1.861562002560590177e-03
2.859755999999997744e-01,1.861562002560590177e-03
2.860300000000000065e-01,1.861562002560590177e-03
2.861701999999999857e-01,1.861562002560590177e-03
2.863103999999999649e-01,1.861562002560590177e-03
2.864505999999999442e-01,1.861562002560590177e-03
2.865907999999999234e-01,1.861562002560590177e-03
2.867309999999999026e-01,1.861562002560590177e-03
2.868711999999998818e-01,1.861562002560590177e-03
2.870113999999998611e-01,1.861562002560590177e-03
2.871515999999998403e-01,1.861562002560590177e-03
2.872917999999998195e-01,1.861562002560590177e-03
2.874319999999997988e-01,1.861562002560590177e-03
2.875721999999997780e-01,1.861562002560590177e-03
2.877123999999997572e-01,1.861562002560590177e-03
2.878525999999997365e-01,1.861562002560590177e-03
2.879927999999997157e-01,1.861562002560590177e-03
2.880400000000000182e-01,1.861562002560590177e-03
2.881790000000000185e-01,1.861562002560590177e-03
2.883180000000000187e-01,1.861562002560590177e-03
2.884570000000000189e-01,1.861562002560590177e-03
2.885960000000000192e-01,1.861562002560590177e-03
2.887350000000000194e-01,1.861562002560590177e-03
2.888740000000000197e-01,1.861562002560590177e-03
2.890130000000000199e-01,1.861562002560590177e-03
2.891520000000000201e-01,1.861562002560590177e-03
2.892910000000000204e-01,1.861562002560590177e-03
2.894300000000000206e-01,1.861562002560590177e-03
2.895690000000000208e-01,1.861562002560590177e-03
2.897080000000000211e-01,1.861562002560590177e-03
2.898470000000000213e-01,1.861562002560590177e-03
2.899860000000000215e-01,1.861562002560590177e-03
2.899900000000000255e-01,1.861562002560590177e-03
2.901304000000000105e-01,1.861562002560590177e-03
2.902707999999999955e-01,1.861562002560590177e-03
2.904111999999999805e-01,1.861562002560590177e-03
2.905515999999999655e-01,1.861562002560590177e-03
2.906919999999999504e-01,1.861562002560590177e-03
2.908323999999999354e-01,1.861562002560590177e-03
2.909727999999999204e-01,1.861562002560590177e-03
2.911131999999999054e-01,1.861562002560590177e-03
2.912535999999998904e-01,1.861562002560590177e-03
2.913939999999998753e-01,1.861562002560590177e-03
2.915343999999998603e-01,1.861562002560590177e-03
2.916747999999998453e-01,1.861562002560590177e-03
2.918151999999998303e-01,1.861562002560590177e-03
2.919555999999998153e-01,1.861562002560590177e-03
2.920099999999999918e-01,1.861562002560590177e-03
2.921501999999999710e-01,1.861562002560590177e-03
2.922903999999999503e-01,1.861562002560590177e-03
2.924305999999999295e-01,1.861562002560590177e-03
2.925707999999999087e-01,1.861562002560590177e-03
2.927109999999998879e-01,1.861562002560590177e-03
2.928511999999998672e-01,1.861562002560590177e-03
2.929913999999998464e-01,1.861562002560590177e-03
2.931315999999998256e-01,1.861562002560590177e-03
2.932717999999998049e-01,1.861562002560590177e-03
2.934119999999997841e-01,1.861562002560590177e-03
2.935521999999997633e-01,1.861562002560590177e-03
2.936923999999997426e-01,1.861562002560590177e-03
2.938325999999997218e-01,1.861562002560590177e-03
2.939727999999997010e-01,1.861562002560590177e-03
2.940200000000000036e-01,1.861562002560590177e-03
2.941603999999999886e-01,1.861562002560590177e-03
2.943007999999999735e-01,1.861562002560590177e-03
2.944411999999999585e-01,1.861562002560590177e-03
2.945815999999999435e-01,1.861562002560590177e-03
2.947219999999999285e-01,1.861562002560590177e-03
2.948623999999999135e-01,1.861562002560590177e-03
2.950027999999998984e-01,1.861562002560590177e-03
2.951431999999998834e-01,1.861562002560590177e-03
2.952835999999998684e-01,1.861562002560590177e-03
2.954239999999998534e-01,1.861562002560590177e-03
2.955643999999998384e-01,1.861562002560590177e-03
2.957047999999998233e-01,1.861562002560590177e-03
2.958451999999998083e-01,1.861562002560590177e-03
2.959855999999997933e-01,1.861562002560590177e-03
2.960400000000000253e-01,1.861562002560590177e-03
2.961790000000000256e-01,1.861562002560590177e-03
2.963180000000000258e-01,1.861562002560590177e-03
2.964570000000000261e-01,1.861562002560590177e-03
2.965960000000000263e-01,1.861562002560590177e-03
2.967350000000000265e-01,1.861562002560590177e-03
2.968740000000000268e-01,1.861562002560590177e-03
2.970130000000000270e-01,1.861562002560590177e-03
2.971520000000000272e-01,1.861562002560590177e-03
2.972910000000000275e-01,1.861562002560590177e-03
2.974300000000000277e-01,1.861562002560590177e-03
2.975690000000000279e-01,1.861562002560590177e-03
2.977080000000000282e-01,1.861562002560590177e-03
2.978470000000000284e-01,1.861562002560590177e-03
2.979860000000000286e-01,1.861562002560590177e-03
2.979899999999999771e-01,1.861562002560590177e-03
2.981301999999999564e-01,1.861562002560590177e-03
2.982703999999999356e-01,1.861562002560590177e-03
2.984105999999999148e-01,1.861562002560590177e-03
2.985507999999998940e-01,1.861562002560590177e-03
2.986909999999998733e-01,1.861562002560590177e-03
2.988311999999998525e-01,1.861562002560590177e-03
2.989713999999998317e-01,1.861562002560590177e-03
2.991115999999998110e-01,1.861562002560590177e-03
2.992517999999997902e-01,1.861562002560590177e-03
2.993919999999997694e-01,1.861562002560590177e-03
2.995321999999997487e-01,1.861562002560590177e-03
2.996723999999997279e-01,1.861562002560590177e-03
2.998125999999997071e-01,1.861562002560590177e-03
2.999527999999996863e-01,1.861562002560590177e-03
2.999999999999999889e-01,1.861562002560590177e-03
3.001403999999999739e-01,1.861562002560590177e-03
3.002807999999999589e-01,1.861562002560590177e-03
3.004211999999999438e-01,1.861562002560590177e-03
3.005615999999999288e-01,1.861562002560590177e-03
3.007019999999999138e-01,1.861562002560590177e-03
3.008423999999998988e-01,1.861562002560590177e-03
3.009827999999998838e-01,1.861562002560590177e-03
3.011231999999998687e-01,1.861562002560590177e-03
3.012635999999998537e-01,1.861562002560590177e-03
3.014039999999998387e-01,1.861562002560590177e-03
3.015443999999998237e-01,1.861562002560590177e-03
3.016847999999998087e-01,1.861562002560590177e-03
3.018251999999997937e-01,1.861562002560590177e-03
3.019655999999997786e-01,1.861562002560590177e-03
3.020200000000000107e-01,1.861562002560590177e-03
3.021601999999999899e-01,1.937524942869387964e-03
3.023003999999999691e-01,2.013467030618169146e-03
3.024405999999999484e-01,2.089388267793420868e-03
3.025807999999999276e-01,2.165288656378705750e-03
3.027209999999999068e-01,2.241168198354829069e-03
3.028611999999998861e-01,2.317026895699593730e-03
3.030013999999998653e-01,2.392864750387720466e-03
3.031415999999998445e-01,2.468681764391342237e-03
3.032817999999998237e-01,2.544477939679514605e-03
3.034219999999998030e-01,2.620253278218462496e-03
3.035621999999997822e-01,2.696007781971420172e-03
3.037023999999997614e-01,2.771741452898713199e-03
3.038425999999997407e-01,2.847454292958008677e-03
3.039827999999997199e-01,2.923146304103823017e-03
3.040300000000000225e-01,2.948626103564338727e-03
3.041704000000000074e-01,3.024392094199656201e-03
3.043107999999999924e-01,3.100131109345029452e-03
3.044511999999999774e-01,3.175843152279078478e-03
3.045915999999999624e-01,3.251528226273546832e-03
3.047319999999999474e-01,3.327186334593388792e-03
3.048723999999999323e-01,3.402817480496856100e-03
3.050127999999999173e-01,3.478421667235340534e-03
3.051531999999999023e-01,3.553998898053624574e-03
3.052935999999998873e-01,3.629549176189641145e-03
3.054339999999998723e-01,3.705072504874561221e-03
3.055743999999998572e-01,3.780568887333044057e-03
3.057147999999998422e-01,3.856038326782834300e-03
3.058551999999998272e-01,3.931480826435093320e-03
3.059955999999998122e-01,4.006896389494243524e-03
3.060499999999999887e-01,4.036112705273079207e-03
3.061889999999999890e-01,4.110755521533621636e-03
3.063279999999999892e-01,4.185387949410007691e-03
3.064669999999999894e-01,4.260009988059437584e-03
3.066059999999999897e-01,4.334621636640108126e-03
3.067449999999999899e-01,4.409222894311456455e-03
3.068839999999999901e-01,4.483813760233834773e-03
3.070229999999999904e-01,4.558394233568427087e-03
3.071619999999999906e-01,4.632964313477657727e-03
3.073009999999999908e-01,4.707523999124865223e-03
3.074399999999999911e-01,4.782073289674627567e-03
3.075789999999999913e-01,4.856612184292436081e-03
3.077179999999999915e-01,4.931140682144694552e-03
3.078569999999999918e-01,5.005658782398884031e-03
3.079959999999999920e-01,5.080166484223559362e-03
3.079999999999999960e-01,5.082310525731311389e-03
3.081401999999999752e-01,5.082310525731311389e-03
3.082803999999999545e-01,5.082310525731311389e-03
3.084205999999999337e-01,5.082310525731311389e-03
3.085607999999999129e-01,5.082310525731311389e-03
3.087009999999998922e-01,5.082310525731311389e-03
3.088411999999998714e-01,5.082310525731311389e-03
3.089813999999998506e-01,5.082310525731311389e-03
3.091215999999998298e-01,5.082310525731311389e-03
3.092617999999998091e-01,5.082310525731311389e-03
3.094019999999997883e-01,5.082310525731311389e-03
3.095421999999997675e-01,5.082310525731311389e-03
3.096823999999997468e-01,5.082310525731311389e-03
3.098225999999997260e-01,5.082310525731311389e-03
3.099627999999997052e-01,5.082310525731311389e-03
3.100100000000000078e-01,5.082310525731311389e-03
3.101503999999999928e-01,5.082310525731311389e-03
3.102907999999999777e-01,5.082310525731311389e-03
3.104311999999999627e-01,5.082310525731311389e-03
3.105715999999999477e-01,5.082310525731311389e-03
3.107119999999999327e-01,5.082310525731311389e-03
3.108523999999999177e-01,5.082310525731311389e-03
3.109927999999999026e-01,5.082310525731311389e-03
3.111331999999998876e-01,5.082310525731311389e-03
3.112735999999998726e-01,5.082310525731311389e-03
3.114139999999998576e-01,5.082310525731311389e-03
3.115543999999998426e-01,5.082310525731311389e-03
3.116947999999998276e-01,5.082310525731311389e-03
3.118351999999998125e-01,5.082310525731311389e-03
3.119755999999997975e-01,5.082310525731311389e-03
3.120299999999999740e-01,5.082310525731311389e-03
3.121701999999999533e-01,5.082310525731311389e-03
3.123103999999999325e-01,5.082310525731311389e-03
3.124505999999999117e-01,5.082310525731311389e-03
3.125907999999998910e-01,5.082310525731311389e-03
3.127309999999998702e-01,5.082310525731311389e-03
3.128711999999998494e-01,5.082310525731311389e-03
3.130113999999998287e-01,5.082310525731311389e-03
3.131515999999998079e-01,5.082310525731311389e-03
3.132917999999997871e-01,5.082310525731311389e-03
3.134319999999997663e-01,5.082310525731311389e-03
3.135721999999997456e-01,5.082310525731311389e-03
3.137123999999997248e-01,5.082310525731311389e-03
3.138525999999997040e-01,5.082310525731311389e-03
3.139927999999996833e-01,5.082310525731311389e-03
3.140399999999999858e-01,5.082310525731311389e-03
3.141791999999999918e-01,5.158449651150303662e-03
3.143183999999999978e-01,5.234580055326938305e-03
3.144576000000000038e-01,5.310701736666052081e-03
3.145968000000000098e-01,5.386814693573777589e-03
3.147360000000000158e-01,5.462918924457706334e-03
3.148752000000000217e-01,5.539014427727382249e-03
3.150144000000000277e-01,5.615101201793644241e-03
3.151536000000000337e-01,5.691179245068954048e-03
3.152928000000000397e-01,5.767248555967561044e-03
3.154320000000000457e-01,5.843309132905089368e-03
3.155712000000000517e-01,5.919360974298621195e-03
3.157104000000000577e-01,5.995404078567189397e-03
3.158496000000000636e-01,6.071438444131284015e-03
3.159888000000000696e-01,6.147464069412768121e-03
3.160000000000000031e-01,6.153580887922485178e-03
3.161401999999999823e-01,6.230143163343243064e-03
3.162803999999999616e-01,6.306696621902315759e-03
3.164205999999999408e-01,6.383241261975223201e-03
3.165607999999999200e-01,6.459777081939116830e-03
3.167009999999998993e-01,6.536304080172779599e-03
3.168411999999998785e-01,6.612822255056707496e-03
3.169813999999998577e-01,6.689331604972779954e-03
3.171215999999998369e-01,6.765832128304836643e-03
3.172617999999998162e-01,6.842323823438098938e-03
3.174019999999997954e-01,6.918806688759417990e-03
3.175421999999997746e-01,6.995280722657274720e-03
3.176823999999997539e-01,7.071745923521942020e-03
3.178225999999997331e-01,7.148202289744992957e-03
3.179627999999997123e-01,7.224649819719958233e-03
3.180100000000000149e-01,7.250385390005429677e-03
3.181501999999999941e-01,7.250385390005429677e-03
3.182903999999999733e-01,7.250385390005429677e-03
3.184305999999999526e-01,7.250385390005429677e-03
3.185707999999999318e-01,7.250385390005429677e-03
3.187109999999999110e-01,7.250385390005429677e-03
3.188511999999998903e-01,7.250385390005429677e-03
3.189913999999998695e-01,7.250385390005429677e-03
3.191315999999998487e-01,7.250385390005429677e-03
3.192717999999998280e-01,7.250385390005429677e-03
3.194119999999998072e-01,7.250385390005429677e-03
3.195521999999997864e-01,7.250385390005429677e-03
3.196923999999997656e-01,7.250385390005429677e-03
3.198325999999997449e-01,7.250385390005429677e-03
3.199727999999997241e-01,7.250385390005429677e-03
3.200200000000000267e-01,7.250385390005429677e-03
3.201604000000000116e-01,7.250385390005429677e-03
3.203007999999999966e-01,7.250385390005429677e-03
3.204411999999999816e-01,7.250385390005429677e-03
3.205815999999999666e-01,7.250385390005429677e-03
3.207219999999999516e-01,7.250385390005429677e-03
3.208623999999999366e-01,7.250385390005429677e-03
3.210027999999999215e-01,7.250385390005429677e-03
3.211431999999999065e-01,7.250385390005429677e-03
3.212835999999998915e-01,7.250385390005429677e-03
3.214239999999998765e-01,7.250385390005429677e-03
3.215643999999998615e-01,7.250385390005429677e-03
3.217047999999998464e-01,7.250385390005429677e-03
3.218451999999998314e-01,7.250385390005429677e-03
3.219855999999998164e-01,7.250385390005429677e-03
3.220399999999999929e-01,7.250385390005429677e-03
3.221789999999999932e-01,7.250385390005429677e-03
3.223179999999999934e-01,7.250385390005429677e-03
3.224569999999999936e-01,7.250385390005429677e-03
3.225959999999999939e-01,7.250385390005429677e-03
3.227349999999999941e-01,7.250385390005429677e-03
3.228739999999999943e-01,7.250385390005429677e-03
3.230129999999999946e-01,7.250385390005429677e-03
3.231519999999999948e-01,7.250385390005429677e-03
3.232909999999999950e-01,7.250385390005429677e-03
3.234299999999999953e-01,7.250385390005429677e-03
3.235689999999999955e-01,7.250385390005429677e-03
3.237079999999999957e-01,7.250385390005429677e-03
3.238469999999999960e-01,7.250385390005429677e-03
3.239859999999999962e-01,7.250385390005429677e-03
3.239900000000000002e-01,7.250385390005429677e-03
3.241303999999999852e-01,7.250385390005429677e-03
3.242707999999999702e-01,7.250385390005429677e-03
3.244111999999999552e-01,7.250385390005429677e-03
3.245515999999999401e-01,7.250385390005429677e-03
3.246919999999999251e-01,7.250385390005429677e-03
3.248323999999999101e-01,7.250385390005429677e-03
3.249727999999998951e-01,7.250385390005429677e-03
3.251131999999998801e-01,7.250385390005429677e-03
3.252535999999998650e-01,7.250385390005429677e-03
3.253939999999998500e-01,7.250385390005429677e-03
3.255343999999998350e-01,7.250385390005429677e-03
3.256747999999998200e-01,7.250385390005429677e-03
3.258151999999998050e-01,7.250385390005429677e-03
3.259555999999997900e-01,7.250385390005429677e-03
3.260100000000000220e-01,7.250385390005429677e-03
3.261502000000000012e-01,7.250385390005429677e-03
3.262903999999999805e-01,7.250385390005429677e-03
3.264305999999999597e-01,7.250385390005429677e-03
3.265707999999999389e-01,7.250385390005429677e-03
3.267109999999999181e-01,7.250385390005429677e-03
3.268511999999998974e-01,7.250385390005429677e-03
3.269913999999998766e-01,7.250385390005429677e-03
3.271315999999998558e-01,7.250385390005429677e-03
3.272717999999998351e-01,7.250385390005429677e-03
3.274119999999998143e-01,7.250385390005429677e-03
3.275521999999997935e-01,7.250385390005429677e-03
3.276923999999997728e-01,7.250385390005429677e-03
3.278325999999997520e-01,7.250385390005429677e-03
3.279727999999997312e-01,7.250385390005429677e-03
3.280199999999999783e-01,7.250385390005429677e-03
3.281601999999999575e-01,7.250385390005429677e-03
3.283003999999999367e-01,7.250385390005429677e-03
3.284405999999999159e-01,7.250385390005429677e-03
3.285807999999998952e-01,7.250385390005429677e-03
3.287209999999998744e-01,7.250385390005429677e-03
3.288611999999998536e-01,7.250385390005429677e-03
3.290013999999998329e-01,7.250385390005429677e-03
3.291415999999998121e-01,7.250385390005429677e-03
3.292817999999997913e-01,7.250385390005429677e-03
3.294219999999997706e-01,7.250385390005429677e-03
3.295621999999997498e-01,7.250385390005429677e-03
3.297023999999997290e-01,7.250385390005429677e-03
3.298425999999997082e-01,7.250385390005429677e-03
3.299827999999996875e-01,7.250385390005429677e-03
3.300299999999999900e-01,7.250385390005429677e-03
3.301691999999999960e-01,7.250385390005429677e-03
3.303084000000000020e-01,7.250385390005429677e-03
3.304476000000000080e-01,7.250385390005429677e-03
3.305868000000000140e-01,7.250385390005429677e-03
3.307260000000000200e-01,7.250385390005429677e-03
3.308652000000000259e-01,7.250385390005429677e-03
3.310044000000000319e-01,7.250385390005429677e-03
3.311436000000000379e-01,7.250385390005429677e-03
3.312828000000000439e-01,7.250385390005429677e-03
3.314220000000000499e-01,7.250385390005429677e-03
3.315612000000000559e-01,7.250385390005429677e-03
3.317004000000000619e-01,7.250385390005429677e-03
3.318396000000000678e-01,7.250385390005429677e-03
3.319788000000000738e-01,7.250385390005429677e-03
3.319900000000000073e-01,7.250385390005429677e-03
3.321301999999999865e-01,7.250385390005429677e-03
3.322703999999999658e-01,7.250385390005429677e-03
3.324105999999999450e-01,7.250385390005429677e-03
3.325507999999999242e-01,7.250385390005429677e-03
3.326909999999999035e-01,7.250385390005429677e-03
3.328311999999998827e-01,7.250385390005429677e-03
3.329713999999998619e-01,7.250385390005429677e-03
3.331115999999998412e-01,7.250385390005429677e-03
3.332517999999998204e-01,7.250385390005429677e-03
3.333919999999997996e-01,7.250385390005429677e-03
3.335321999999997788e-01,7.250385390005429677e-03
3.336723999999997581e-01,7.250385390005429677e-03
3.338125999999997373e-01,7.250385390005429677e-03
3.339527999999997165e-01,7.250385390005429677e-03
3.340000000000000191e-01,7.250385390005429677e-03
3.341404000000000041e-01,7.250385390005429677e-03
3.342807999999999891e-01,7.250385390005429677e-03
3.344211999999999740e-01,7.250385390005429677e-03
3.345615999999999590e-01,7.250385390005429677e-03
3.347019999999999440e-01,7.250385390005429677e-03
3.348423999999999290e-01,7.250385390005429677e-03
3.349827999999999140e-01,7.250385390005429677e-03
3.351231999999998989e-01,7.250385390005429677e-03
3.352635999999998839e-01,7.250385390005429677e-03
3.354039999999998689e-01,7.250385390005429677e-03
3.355443999999998539e-01,7.250385390005429677e-03
3.356847999999998389e-01,7.250385390005429677e-03
3.358251999999998239e-01,7.250385390005429677e-03
3.359655999999998088e-01,7.250385390005429677e-03
3.360199999999999854e-01,7.250385390005429677e-03
3.361601999999999646e-01,7.250385390005429677e-03
3.363003999999999438e-01,7.250385390005429677e-03
3.364405999999999231e-01,7.250385390005429677e-03
3.365807999999999023e-01,7.250385390005429677e-03
3.367209999999998815e-01,7.250385390005429677e-03
3.368611999999998607e-01,7.250385390005429677e-03
3.370013999999998400e-01,7.250385390005429677e-03
3.371415999999998192e-01,7.250385390005429677e-03
3.372817999999997984e-01,7.250385390005429677e-03
3.374219999999997777e-01,7.250385390005429677e-03
3.375621999999997569e-01,7.250385390005429677e-03
3.377023999999997361e-01,7.250385390005429677e-03
3.378425999999997154e-01,7.250385390005429677e-03
3.379827999999996946e-01,7.250385390005429677e-03
3.380299999999999971e-01,7.250385390005429677e-03
3.381701999999999764e-01,7.250385390005429677e-03
3.383103999999999556e-01,7.250385390005429677e-03
3.384505999999999348e-01,7.250385390005429677e-03
3.385907999999999141e-01,7.250385390005429677e-03
3.387309999999998933e-01,7.250385390005429677e-03
3.388711999999998725e-01,7.250385390005429677e-03
3.390113999999998518e-01,7.250385390005429677e-03
3.391515999999998310e-01,7.250385390005429677e-03
3.392917999999998102e-01,7.250385390005429677e-03
3.394319999999997894e-01,7.250385390005429677e-03
3.395721999999997687e-01,7.250385390005429677e-03
3.397123999999997479e-01,7.250385390005429677e-03
3.398525999999997271e-01,7.250385390005429677e-03
3.399927999999997064e-01,7.250385390005429677e-03
3.400400000000000089e-01,7.250385390005429677e-03
3.401792000000000149e-01,7.250385390005429677e-03
3.403184000000000209e-01,7.250385390005429677e-03
3.404576000000000269e-01,7.250385390005429677e-03
3.405968000000000329e-01,7.250385390005429677e-03
3.407360000000000388e-01,7.250385390005429677e-03
3.408752000000000448e-01,7.250385390005429677e-03
3.410144000000000508e-01,7.250385390005429677e-03
3.411536000000000568e-01,7.250385390005429677e-03
3.412928000000000628e-01,7.250385390005429677e-03
3.414320000000000688e-01,7.250385390005429677e-03
3.415712000000000748e-01,7.250385390005429677e-03
3.417104000000000807e-01,7.250385390005429677e-03
3.418496000000000867e-01,7.250385390005429677e-03
3.419888000000000927e-01,7.250385390005429677e-03
3.420000000000000262e-01,7.250385390005429677e-03
3.421402000000000054e-01,7.250385390005429677e-03
3.422803999999999847e-01,7.250385390005429677e-03
3.424205999999999639e-01,7.250385390005429677e-03
3.425607999999999431e-01,7.250385390005429677e-03
3.427009999999999224e-01,7.250385390005429677e-03
3.428411999999999016e-01,7.250385390005429677e-03
3.429813999999998808e-01,7.250385390005429677e-03
3.431215999999998600e-01,7.250385390005429677e-03
3.432617999999998393e-01,7.250385390005429677e-03
3.434019999999998185e-01,7.250385390005429677e-03
3.435421999999997977e-01,7.250385390005429677e-03
3.436823999999997770e-01,7.250385390005429677e-03
3.438225999999997562e-01,7.250385390005429677e-03
3.439627999999997354e-01,7.250385390005429677e-03
3.440099999999999825e-01,7.250385390005429677e-03
3.441503999999999674e-01,7.250385390005429677e-03
3.442907999999999524e-01,7.250385390005429677e-03
3.444311999999999374e-01,7.250385390005429677e-03
3.445715999999999224e-01,7.250385390005429677e-03
3.447119999999999074e-01,7.250385390005429677e-03
3.448523999999998924e-01,7.250385390005429677e-03
3.449927999999998773e-01,7.250385390005429677e-03
3.451331999999998623e-01,7.250385390005429677e-03
3.452735999999998473e-01,7.250385390005429677e-03
3.454139999999998323e-01,7.250385390005429677e-03
3.455543999999998173e-01,7.250385390005429677e-03
3.456947999999998022e-01,7.250385390005429677e-03
3.458351999999997872e-01,7.250385390005429677e-03
3.459755999999997722e-01,7.250385390005429677e-03
3.460300000000000042e-01,7.250385390005429677e-03
3.461701999999999835e-01,7.250385390005429677e-03
3.463103999999999627e-01,7.250385390005429677e-03
3.464505999999999419e-01,7.250385390005429677e-03
3.465907999999999212e-01,7.250385390005429677e-03
3.467309999999999004e-01,7.250385390005429677e-03
3.468711999999998796e-01,7.250385390005429677e-03
3.470113999999998589e-01,7.250385390005429677e-03
3.471515999999998381e-01,7.250385390005429677e-03
3.472917999999998173e-01,7.250385390005429677e-03
3.474319999999997965e-01,7.250385390005429677e-03
3.475721999999997758e-01,7.250385390005429677e-03
3.477123999999997550e-01,7.250385390005429677e-03
3.478525999999997342e-01,7.250385390005429677e-03
3.479927999999997135e-01,7.250385390005429677e-03
3.480400000000000160e-01,7.250385390005429677e-03
3.481790000000000163e-01,7.250385390005429677e-03
3.483180000000000165e-01,7.250385390005429677e-03
3.484570000000000167e-01,7.250385390005429677e-03
3.485960000000000170e-01,7.250385390005429677e-03
3.487350000000000172e-01,7.250385390005429677e-03
3.488740000000000174e-01,7.250385390005429677e-03
3.490130000000000177e-01,7.250385390005429677e-03
3.491520000000000179e-01,7.250385390005429677e-03
3.492910000000000181e-01,7.250385390005429677e-03
3.494300000000000184e-01,7.250385390005429677e-03
3.495690000000000186e-01,7.250385390005429677e-03
3.497080000000000188e-01,7.250385390005429677e-03
3.498470000000000191e-01,7.250385390005429677e-03
3.499860000000000193e-01,7.250385390005429677e-03
3.499900000000000233e-01,7.250385390005429677e-03
3.501304000000000083e-01,7.250385390005429677e-03
3.502707999999999933e-01,7.250385390005429677e-03
3.504111999999999782e-01,7.250385390005429677e-03
3.505515999999999632e-01,7.250385390005429677e-03
3.506919999999999482e-01,7.250385390005429677e-03
3.508323999999999332e-01,7.250385390005429677e-03
3.509727999999999182e-01,7.250385390005429677e-03
3.511131999999999032e-01,7.250385390005429677e-03
3.512535999999998881e-01,7.250385390005429677e-03
3.513939999999998731e-01,7.250385390005429677e-03
3.515343999999998581e-01,7.250385390005429677e-03
3.516747999999998431e-01,7.250385390005429677e-03
3.518151999999998281e-01,7.250385390005429677e-03
3.519555999999998130e-01,7.250385390005429677e-03
3.520099999999999896e-01,7.250385390005429677e-03
3.521501999999999688e-01,7.250385390005429677e-03
3.522903999999999480e-01,7.250385390005429677e-03
3.524305999999999273e-01,7.250385390005429677e-03
3.525707999999999065e-01,7.250385390005429677e-03
3.527109999999998857e-01,7.250385390005429677e-03
3.528511999999998650e-01,7.250385390005429677e-03
3.529913999999998442e-01,7.250385390005429677e-03
3.531315999999998234e-01,7.250385390005429677e-03
3.532717999999998026e-01,7.250385390005429677e-03
3.534119999999997819e-01,7.250385390005429677e-03
3.535521999999997611e-01,7.250385390005429677e-03
3.536923999999997403e-01,7.250385390005429677e-03
3.538325999999997196e-01,7.250385390005429677e-03
3.539727999999996988e-01,7.250385390005429677e-03
3.540200000000000014e-01,7.250385390005429677e-03
3.541601999999999806e-01,7.250385390005429677e-03
3.543003999999999598e-01,7.250385390005429677e-03
3.544405999999999390e-01,7.250385390005429677e-03
3.545807999999999183e-01,7.250385390005429677e-03
3.547209999999998975e-01,7.250385390005429677e-03
3.548611999999998767e-01,7.250385390005429677e-03
3.550013999999998560e-01,7.250385390005429677e-03
3.551415999999998352e-01,7.250385390005429677e-03
3.552817999999998144e-01,7.250385390005429677e-03
3.554219999999997937e-01,7.250385390005429677e-03
3.555621999999997729e-01,7.250385390005429677e-03
3.557023999999997521e-01,7.250385390005429677e-03
3.558425999999997313e-01,7.250385390005429677e-03
3.559827999999997106e-01,7.250385390005429677e-03
3.560300000000000131e-01,7.250385390005429677e-03
3.561692000000000191e-01,7.250385390005429677e-03
3.563084000000000251e-01,7.250385390005429677e-03
3.564476000000000311e-01,7.250385390005429677e-03
3.565868000000000371e-01,7.250385390005429677e-03
3.567260000000000431e-01,7.250385390005429677e-03
3.568652000000000490e-01,7.250385390005429677e-03
3.570044000000000550e-01,7.250385390005429677e-03
3.571436000000000610e-01,7.250385390005429677e-03
3.572828000000000670e-01,7.250385390005429677e-03
3.574220000000000730e-01,7.250385390005429677e-03
3.575612000000000790e-01,7.250385390005429677e-03
3.577004000000000850e-01,7.250385390005429677e-03
3.578396000000000909e-01,7.250385390005429677e-03
3.579788000000000969e-01,7.250385390005429677e-03
3.579899999999999749e-01,7.250385390005429677e-03
3.581301999999999541e-01,7.250385390005429677e-03
3.582703999999999334e-01,7.250385390005429677e-03
3.584105999999999126e-01,7.250385390005429677e-03
3.585507999999998918e-01,7.250385390005429677e-03
3.586909999999998711e-01,7.250385390005429677e-03
3.588311999999998503e-01,7.250385390005429677e-03
3.589713999999998295e-01,7.250385390005429677e-03
3.591115999999998087e-01,7.250385390005429677e-03
3.592517999999997880e-01,7.250385390005429677e-03
3.593919999999997672e-01,7.250385390005429677e-03
3.595321999999997464e-01,7.250385390005429677e-03
3.596723999999997257e-01,7.250385390005429677e-03
3.598125999999997049e-01,7.250385390005429677e-03
3.599527999999996841e-01,7.250385390005429677e-03
3.599999999999999867e-01,7.250385390005429677e-03
3.601403999999999717e-01,7.250385390005429677e-03
3.602807999999999566e-01,7.250385390005429677e-03
3.604211999999999416e-01,7.250385390005429677e-03
3.605615999999999266e-01,7.250385390005429677e-03
3.607019999999999116e-01,7.250385390005429677e-03
3.608423999999998966e-01,7.250385390005429677e-03
3.609827999999998815e-01,7.250385390005429677e-03
3.611231999999998665e-01,7.250385390005429677e-03
3.612635999999998515e-01,7.250385390005429677e-03
3.614039999999998365e-01,7.250385390005429677e-03
3.615443999999998215e-01,7.250385390005429677e-03
3.616847999999998065e-01,7.250385390005429677e-03
3.618251999999997914e-01,7.250385390005429677e-03
3.619655999999997764e-01,7.250385390005429677e-03
3.620200000000000085e-01,7.250385390005429677e-03
3.621601999999999877e-01,7.250385390005429677e-03
3.623003999999999669e-01,7.250385390005429677e-03
3.624405999999999461e-01,7.250385390005429677e-03
3.625807999999999254e-01,7.250385390005429677e-03
3.627209999999999046e-01,7.250385390005429677e-03
3.628611999999998838e-01,7.250385390005429677e-03
3.630013999999998631e-01,7.250385390005429677e-03
3.631415999999998423e-01,7.250385390005429677e-03
3.632817999999998215e-01,7.250385390005429677e-03
3.634219999999998008e-01,7.250385390005429677e-03
3.635621999999997800e-01,7.250385390005429677e-03
3.637023999999997592e-01,7.250385390005429677e-03
3.638425999999997384e-01,7.250385390005429677e-03
3.639827999999997177e-01,7.250385390005429677e-03
3.640300000000000202e-01,7.250385390005429677e-03
3.641701999999999995e-01,7.250385390005429677e-03
3.643103999999999787e-01,7.250385390005429677e-03
3.644505999999999579e-01,7.250385390005429677e-03
3.645907999999999372e-01,7.250385390005429677e-03
3.647309999999999164e-01,7.250385390005429677e-03
3.648711999999998956e-01,7.250385390005429677e-03
3.650113999999998748e-01,7.250385390005429677e-03
3.651515999999998541e-01,7.250385390005429677e-03
3.652917999999998333e-01,7.250385390005429677e-03
3.654319999999998125e-01,7.250385390005429677e-03
3.655721999999997918e-01,7.250385390005429677e-03
3.657123999999997710e-01,7.250385390005429677e-03
3.658525999999997502e-01,7.250385390005429677e-03
3.659927999999997295e-01,7.250385390005429677e-03
3.660399999999999765e-01,7.250385390005429677e-03
3.661791999999999825e-01,7.250385390005429677e-03
3.663183999999999885e-01,7.250385390005429677e-03
3.664575999999999945e-01,7.250385390005429677e-03
3.665968000000000004e-01,7.250385390005429677e-03
3.667360000000000064e-01,7.250385390005429677e-03
3.668752000000000124e-01,7.250385390005429677e-03
3.670144000000000184e-01,7.250385390005429677e-03
3.671536000000000244e-01,7.250385390005429677e-03
3.672928000000000304e-01,7.250385390005429677e-03
3.674320000000000364e-01,7.250385390005429677e-03
3.675712000000000423e-01,7.250385390005429677e-03
3.677104000000000483e-01,7.250385390005429677e-03
3.678496000000000543e-01,7.250385390005429677e-03
3.679888000000000603e-01,7.250385390005429677e-03
3.679999999999999938e-01,7.250385390005429677e-03
3.681401999999999730e-01,7.250385390005429677e-03
3.682803999999999522e-01,7.250385390005429677e-03
3.684205999999999315e-01,7.250385390005429677e-03
3.685607999999999107e-01,7.250385390005429677e-03
3.687009999999998899e-01,7.250385390005429677e-03
3.688411999999998692e-01,7.250385390005429677e-03
3.689813999999998484e-01,7.250385390005429677e-03
3.691215999999998276e-01,7.250385390005429677e-03
3.692617999999998069e-01,7.250385390005429677e-03
3.694019999999997861e-01,7.250385390005429677e-03
3.695421999999997653e-01,7.250385390005429677e-03
3.696823999999997445e-01,7.250385390005429677e-03
3.698225999999997238e-01,7.250385390005429677e-03
3.699627999999997030e-01,7.250385390005429677e-03
3.700100000000000056e-01,7.250385390005429677e-03
3.701503999999999905e-01,7.250385390005429677e-03
3.702907999999999755e-01,7.250385390005429677e-03
3.704311999999999605e-01,7.250385390005429677e-03
3.705715999999999455e-01,7.250385390005429677e-03
3.707119999999999305e-01,7.250385390005429677e-03
3.708523999999999154e-01,7.250385390005429677e-03
3.709927999999999004e-01,7.250385390005429677e-03
3.711331999999998854e-01,7.250385390005429677e-03
3.712735999999998704e-01,7.250385390005429677e-03
3.714139999999998554e-01,7.250385390005429677e-03
3.715543999999998404e-01,7.250385390005429677e-03
3.716947999999998253e-01,7.250385390005429677e-03
3.718351999999998103e-01,7.250385390005429677e-03
3.719755999999997953e-01,7.250385390005429677e-03
3.720300000000000273e-01,7.250385390005429677e-03
3.721702000000000066e-01,7.250385390005429677e-03
3.723103999999999858e-01,7.250385390005429677e-03
3.724505999999999650e-01,7.250385390005429677e-03
3.725907999999999443e-01,7.250385390005429677e-03
3.727309999999999235e-01,7.250385390005429677e-03
3.728711999999999027e-01,7.250385390005429677e-03
3.730113999999998819e-01,7.250385390005429677e-03
3.731515999999998612e-01,7.250385390005429677e-03
3.732917999999998404e-01,7.250385390005429677e-03
3.734319999999998196e-01,7.250385390005429677e-03
3.735721999999997989e-01,7.250385390005429677e-03
3.737123999999997781e-01,7.250385390005429677e-03
3.738525999999997573e-01,7.250385390005429677e-03
3.739927999999997366e-01,7.250385390005429677e-03
3.740399999999999836e-01,7.250385390005429677e-03
3.741789999999999838e-01,7.250385390005429677e-03
3.743179999999999841e-01,7.250385390005429677e-03
3.744569999999999843e-01,7.250385390005429677e-03
3.745959999999999845e-01,7.250385390005429677e-03
3.747349999999999848e-01,7.250385390005429677e-03
3.748739999999999850e-01,7.250385390005429677e-03
3.750129999999999852e-01,7.250385390005429677e-03
3.751519999999999855e-01,7.250385390005429677e-03
3.752909999999999857e-01,7.250385390005429677e-03
3.754299999999999859e-01,7.250385390005429677e-03
3.755689999999999862e-01,7.250385390005429677e-03
3.757079999999999864e-01,7.250385390005429677e-03
3.758469999999999867e-01,7.250385390005429677e-03
3.759859999999999869e-01,7.250385390005429677e-03
3.759899999999999909e-01,7.250385390005429677e-03
3.761303999999999759e-01,7.250385390005429677e-03
3.762707999999999608e-01,7.250385390005429677e-03
3.764111999999999458e-01,7.250385390005429677e-03
3.765515999999999308e-01,7.250385390005429677e-03
3.766919999999999158e-01,7.250385390005429677e-03
3.768323999999999008e-01,7.250385390005429677e-03
3.769727999999998858e-01,7.250385390005429677e-03
3.771131999999998707e-01,7.250385390005429677e-03
3.772535999999998557e-01,7.250385390005429677e-03
3.773939999999998407e-01,7.250385390005429677e-03
3.775343999999998257e-01,7.250385390005429677e-03
3.776747999999998107e-01,7.250385390005429677e-03
3.778151999999997956e-01,7.250385390005429677e-03
3.779555999999997806e-01,7.250385390005429677e-03
3.780100000000000127e-01,7.250385390005429677e-03
3.781501999999999919e-01,7.250385390005429677e-03
3.782903999999999711e-01,7.250385390005429677e-03
3.784305999999999504e-01,7.250385390005429677e-03
3.785707999999999296e-01,7.250385390005429677e-03
3.787109999999999088e-01,7.250385390005429677e-03
3.788511999999998880e-01,7.250385390005429677e-03
3.789913999999998673e-01,7.250385390005429677e-03
3.791315999999998465e-01,7.250385390005429677e-03
3.792717999999998257e-01,7.250385390005429677e-03
3.794119999999998050e-01,7.250385390005429677e-03
3.795521999999997842e-01,7.250385390005429677e-03
3.796923999999997634e-01,7.250385390005429677e-03
3.798325999999997427e-01,7.250385390005429677e-03
3.799727999999997219e-01,7.250385390005429677e-03
3.800200000000000244e-01,7.250385390005429677e-03
3.801604000000000094e-01,7.250385390005429677e-03
3.803007999999999944e-01,7.250385390005429677e-03
3.804411999999999794e-01,7.250385390005429677e-03
3.805815999999999644e-01,7.250385390005429677e-03
3.807219999999999493e-01,7.250385390005429677e-03
3.808623999999999343e-01,7.250385390005429677e-03
3.810027999999999193e-01,7.250385390005429677e-03
3.811431999999999043e-01,7.250385390005429677e-03
3.812835999999998893e-01,7.250385390005429677e-03
3.814239999999998743e-01,7.250385390005429677e-03
3.815643999999998592e-01,7.250385390005429677e-03
3.817047999999998442e-01,7.250385390005429677e-03
3.818451999999998292e-01,7.250385390005429677e-03
3.819855999999998142e-01,7.250385390005429677e-03
3.820399999999999907e-01,7.250385390005429677e-03
3.821789999999999909e-01,7.250385390005429677e-03
3.823179999999999912e-01,7.250385390005429677e-03
3.824569999999999914e-01,7.250385390005429677e-03
3.825959999999999916e-01,7.250385390005429677e-03
3.827349999999999919e-01,7.250385390005429677e-03
3.828739999999999921e-01,7.250385390005429677e-03
3.830129999999999924e-01,7.250385390005429677e-03
3.831519999999999926e-01,7.250385390005429677e-03
3.832909999999999928e-01,7.250385390005429677e-03
3.834299999999999931e-01,7.250385390005429677e-03
3.835689999999999933e-01,7.250385390005429677e-03
3.837079999999999935e-01,7.250385390005429677e-03
3.838469999999999938e-01,7.250385390005429677e-03
3.839859999999999940e-01,7.250385390005429677e-03
3.839899999999999980e-01,7.250385390005429677e-03
3.841301999999999772e-01,7.250385390005429677e-03
3.842703999999999565e-01,7.250385390005429677e-03
3.844105999999999357e-01,7.250385390005429677e-03
3.845507999999999149e-01,7.250385390005429677e-03
3.846909999999998941e-01,7.250385390005429677e-03
3.848311999999998734e-01,7.250385390005429677e-03
3.849713999999998526e-01,7.250385390005429677e-03
3.851115999999998318e-01,7.250385390005429677e-03
3.852517999999998111e-01,7.250385390005429677e-03
3.853919999999997903e-01,7.250385390005429677e-03
3.855321999999997695e-01,7.250385390005429677e-03
3.856723999999997488e-01,7.250385390005429677e-03
3.858125999999997280e-01,7.250385390005429677e-03
3.859527999999997072e-01,7.250385390005429677e-03
3.860000000000000098e-01,7.250385390005429677e-03
3.861403999999999948e-01,7.250385390005429677e-03
3.862807999999999797e-01,7.250385390005429677e-03
3.864211999999999647e-01,7.250385390005429677e-03
3.865615999999999497e-01,7.250385390005429677e-03
3.867019999999999347e-01,7.250385390005429677e-03
3.868423999999999197e-01,7.250385390005429677e-03
3.869827999999999046e-01,7.250385390005429677e-03
3.871231999999998896e-01,7.250385390005429677e-03
3.872635999999998746e-01,7.250385390005429677e-03
3.874039999999998596e-01,7.250385390005429677e-03
3.875443999999998446e-01,7.250385390005429677e-03
3.876847999999998295e-01,7.250385390005429677e-03
3.878251999999998145e-01,7.250385390005429677e-03
3.879655999999997995e-01,7.250385390005429677e-03
3.880199999999999760e-01,7.250385390005429677e-03
3.881601999999999553e-01,7.250385390005429677e-03
3.883003999999999345e-01,7.250385390005429677e-03
3.884405999999999137e-01,7.250385390005429677e-03
3.885807999999998930e-01,7.250385390005429677e-03
3.887209999999998722e-01,7.250385390005429677e-03
3.888611999999998514e-01,7.250385390005429677e-03
3.890013999999998306e-01,7.250385390005429677e-03
3.891415999999998099e-01,7.250385390005429677e-03
3.892817999999997891e-01,7.250385390005429677e-03
3.894219999999997683e-01,7.250385390005429677e-03
3.895621999999997476e-01,7.250385390005429677e-03
3.897023999999997268e-01,7.250385390005429677e-03
3.898425999999997060e-01,7.250385390005429677e-03
3.899827999999996853e-01,7.250385390005429677e-03
3.900299999999999878e-01,7.250385390005429677e-03
3.901703999999999728e-01,7.250385390005429677e-03
3.903107999999999578e-01,7.250385390005429677e-03
3.904511999999999428e-01,7.250385390005429677e-03
3.905915999999999277e-01,7.250385390005429677e-03
3.907319999999999127e-01,7.250385390005429677e-03
3.908723999999998977e-01,7.250385390005429677e-03
3.910127999999998827e-01,7.250385390005429677e-03
3.911531999999998677e-01,7.250385390005429677e-03
3.912935999999998526e-01,7.250385390005429677e-03
3.914339999999998376e-01,7.250385390005429677e-03
3.915743999999998226e-01,7.250385390005429677e-03
3.917147999999998076e-01,7.250385390005429677e-03
3.918551999999997926e-01,7.250385390005429677e-03
3.919955999999997776e-01,7.250385390005429677e-03
3.920500000000000096e-01,7.250385390005429677e-03
3.921890000000000098e-01,7.250385390005429677e-03
3.923280000000000101e-01,7.250385390005429677e-03
3.924670000000000103e-01,7.250385390005429677e-03
3.926060000000000105e-01,7.250385390005429677e-03
3.927450000000000108e-01,7.250385390005429677e-03
3.928840000000000110e-01,7.250385390005429677e-03
3.930230000000000112e-01,7.250385390005429677e-03
3.931620000000000115e-01,7.250385390005429677e-03
3.933010000000000117e-01,7.250385390005429677e-03
3.934400000000000119e-01,7.250385390005429677e-03
3.935790000000000122e-01,7.250385390005429677e-03
3.937180000000000124e-01,7.250385390005429677e-03
3.938570000000000126e-01,7.250385390005429677e-03
3.939960000000000129e-01,7.250385390005429677e-03
3.940000000000000169e-01,7.250385390005429677e-03
3.941401999999999961e-01,7.250385390005429677e-03
3.942803999999999753e-01,7.250385390005429677e-03
3.944205999999999546e-01,7.250385390005429677e-03
3.945607999999999338e-01,7.250385390005429677e-03
3.947009999999999130e-01,7.250385390005429677e-03
3.948411999999998923e-01,7.250385390005429677e-03
3.949813999999998715e-01,7.250385390005429677e-03
3.951215999999998507e-01,7.250385390005429677e-03
3.952617999999998299e-01,7.250385390005429677e-03
3.954019999999998092e-01,7.250385390005429677e-03
3.955421999999997884e-01,7.250385390005429677e-03
3.956823999999997676e-01,7.250385390005429677e-03
3.958225999999997469e-01,7.250385390005429677e-03
3.959627999999997261e-01,7.250385390005429677e-03
3.960099999999999731e-01,7.250385390005429677e-03
3.961503999999999581e-01,7.250385390005429677e-03
3.962907999999999431e-01,7.250385390005429677e-03
3.964311999999999281e-01,7.250385390005429677e-03
3.965715999999999131e-01,7.250385390005429677e-03
3.967119999999998980e-01,7.250385390005429677e-03
3.968523999999998830e-01,7.250385390005429677e-03
3.969927999999998680e-01,7.250385390005429677e-03
3.971331999999998530e-01,7.250385390005429677e-03
3.972735999999998380e-01,7.250385390005429677e-03
3.974139999999998230e-01,7.250385390005429677e-03
3.975543999999998079e-01,7.250385390005429677e-03
3.976947999999997929e-01,7.250385390005429677e-03
3.978351999999997779e-01,7.250385390005429677e-03
3.979755999999997629e-01,7.250385390005429677e-03
3.980299999999999949e-01,7.250385390005429677e-03
3.981701999999999741e-01,7.250385390005429677e-03
3.983103999999999534e-01,7.250385390005429677e-03
3.984505999999999326e-01,7.250385390005429677e-03
3.985907999999999118e-01,7.250385390005429677e-03
3.987309999999998911e-01,7.250385390005429677e-03
3.988711999999998703e-01,7.250385390005429677e-03
3.990113999999998495e-01,7.250385390005429677e-03
3.991515999999998288e-01,7.250385390005429677e-03
3.992917999999998080e-01,7.250385390005429677e-03
3.994319999999997872e-01,7.250385390005429677e-03
3.995721999999997665e-01,7.250385390005429677e-03
3.997123999999997457e-01,7.250385390005429677e-03
3.998525999999997249e-01,7.250385390005429677e-03
3.999927999999997041e-01,7.250385390005429677e-03
4.000400000000000067e-01,7.250385390005429677e-03
4.001790000000000069e-01,7.250385390005429677e-03
4.003180000000000072e-01,7.250385390005429677e-03
4.004570000000000074e-01,7.250385390005429677e-03
4.005960000000000076e-01,7.250385390005429677e-03
4.007350000000000079e-01,7.250385390005429677e-03
4.008740000000000081e-01,7.250385390005429677e-03
4.010130000000000083e-01,7.250385390005429677e-03
4.011520000000000086e-01,7.250385390005429677e-03
4.012910000000000088e-01,7.250385390005429677e-03
4.014300000000000090e-01,7.250385390005429677e-03
4.015690000000000093e-01,7.250385390005429677e-03
4.017080000000000095e-01,7.250385390005429677e-03
4.018470000000000097e-01,7.250385390005429677e-03
4.019860000000000100e-01,7.250385390005429677e-03
4.019900000000000140e-01,7.250385390005429677e-03
4.021303999999999990e-01,7.250385390005429677e-03
4.022707999999999839e-01,7.250385390005429677e-03
4.024111999999999689e-01,7.250385390005429677e-03
4.025515999999999539e-01,7.250385390005429677e-03
4.026919999999999389e-01,7.250385390005429677e-03
4.028323999999999239e-01,7.250385390005429677e-03
4.029727999999999088e-01,7.250385390005429677e-03
4.031131999999998938e-01,7.250385390005429677e-03
4.032535999999998788e-01,7.250385390005429677e-03
4.033939999999998638e-01,7.250385390005429677e-03
4.035343999999998488e-01,7.250385390005429677e-03
4.036747999999998338e-01,7.250385390005429677e-03
4.038151999999998187e-01,7.250385390005429677e-03
4.039555999999998037e-01,7.250385390005429677e-03
4.040099999999999802e-01,7.250385390005429677e-03
4.041501999999999595e-01,7.250385390005429677e-03
4.042903999999999387e-01,7.250385390005429677e-03
4.044305999999999179e-01,7.250385390005429677e-03
4.045707999999998972e-01,7.250385390005429677e-03
4.047109999999998764e-01,7.250385390005429677e-03
4.048511999999998556e-01,7.250385390005429677e-03
4.049913999999998349e-01,7.250385390005429677e-03
4.051315999999998141e-01,7.250385390005429677e-03
4.052717999999997933e-01,7.250385390005429677e-03
4.054119999999997725e-01,7.250385390005429677e-03
4.055521999999997518e-01,7.250385390005429677e-03
4.056923999999997310e-01,7.250385390005429677e-03
4.058325999999997102e-01,7.250385390005429677e-03
4.059727999999996895e-01,7.250385390005429677e-03
4.060199999999999920e-01,7.250385390005429677e-03
4.061603999999999770e-01,7.250385390005429677e-03
4.063007999999999620e-01,7.250385390005429677e-03
4.064411999999999470e-01,7.250385390005429677e-03
4.065815999999999319e-01,7.250385390005429677e-03
4.067219999999999169e-01,7.250385390005429677e-03
4.068623999999999019e-01,7.250385390005429677e-03
4.070027999999998869e-01,7.250385390005429677e-03
4.071431999999998719e-01,7.250385390005429677e-03
4.072835999999998569e-01,7.250385390005429677e-03
4.074239999999998418e-01,7.250385390005429677e-03
4.075643999999998268e-01,7.250385390005429677e-03
4.077047999999998118e-01,7.250385390005429677e-03
4.078451999999997968e-01,7.250385390005429677e-03
4.079855999999997818e-01,7.250385390005429677e-03
4.080400000000000138e-01,7.250385390005429677e-03
4.081790000000000140e-01,7.250385390005429677e-03
4.083180000000000143e-01,7.250385390005429677e-03
4.084570000000000145e-01,7.250385390005429677e-03
4.085960000000000147e-01,7.250385390005429677e-03
4.087350000000000150e-01,7.250385390005429677e-03
4.088740000000000152e-01,7.250385390005429677e-03
4.090130000000000154e-01,7.250385390005429677e-03
4.091520000000000157e-01,7.250385390005429677e-03
4.092910000000000159e-01,7.250385390005429677e-03
4.094300000000000161e-01,7.250385390005429677e-03
4.095690000000000164e-01,7.250385390005429677e-03
4.097080000000000166e-01,7.250385390005429677e-03
4.098470000000000169e-01,7.250385390005429677e-03
4.099860000000000171e-01,7.250385390005429677e-03
4.099900000000000211e-01,7.250385390005429677e-03
4.101302000000000003e-01,7.250385390005429677e-03
4.102703999999999795e-01,7.250385390005429677e-03
4.104105999999999588e-01,7.250385390005429677e-03
4.105507999999999380e-01,7.250385390005429677e-03
4.106909999999999172e-01,7.250385390005429677e-03
4.108311999999998965e-01,7.250385390005429677e-03
4.109713999999998757e-01,7.250385390005429677e-03
4.111115999999998549e-01,7.250385390005429677e-03
4.112517999999998342e-01,7.250385390005429677e-03
4.113919999999998134e-01,7.250385390005429677e-03
4.115321999999997926e-01,7.250385390005429677e-03
4.116723999999997718e-01,7.250385390005429677e-03
4.118125999999997511e-01,7.250385390005429677e-03
4.119527999999997303e-01,7.250385390005429677e-03
4.119999999999999774e-01,7.250385390005429677e-03
4.121403999999999623e-01,7.250385390005429677e-03
4.122807999999999473e-01,7.250385390005429677e-03
4.124211999999999323e-01,7.250385390005429677e-03
4.125615999999999173e-01,7.250385390005429677e-03
4.127019999999999023e-01,7.250385390005429677e-03
4.128423999999998872e-01,7.250385390005429677e-03
4.129827999999998722e-01,7.250385390005429677e-03
4.131231999999998572e-01,7.250385390005429677e-03
4.132635999999998422e-01,7.250385390005429677e-03
4.134039999999998272e-01,7.250385390005429677e-03
4.135443999999998121e-01,7.250385390005429677e-03
4.136847999999997971e-01,7.250385390005429677e-03
4.138251999999997821e-01,7.250385390005429677e-03
4.139655999999997671e-01,7.250385390005429677e-03
4.140199999999999991e-01,7.250385390005429677e-03
4.141601999999999784e-01,7.250385390005429677e-03
4.143003999999999576e-01,7.250385390005429677e-03
4.144405999999999368e-01,7.250385390005429677e-03
4.145807999999999161e-01,7.250385390005429677e-03
4.147209999999998953e-01,7.250385390005429677e-03
4.148611999999998745e-01,7.250385390005429677e-03
4.150013999999998537e-01,7.250385390005429677e-03
4.151415999999998330e-01,7.250385390005429677e-03
4.152817999999998122e-01,7.250385390005429677e-03
4.154219999999997914e-01,7.250385390005429677e-03
4.155621999999997707e-01,7.250385390005429677e-03
4.157023999999997499e-01,7.250385390005429677e-03
4.158425999999997291e-01,7.250385390005429677e-03
4.159827999999997084e-01,7.250385390005429677e-03
4.160300000000000109e-01,7.250385390005429677e-03
4.161703999999999959e-01,7.250385390005429677e-03
4.163107999999999809e-01,7.250385390005429677e-03
4.164511999999999659e-01,7.250385390005429677e-03
4.165915999999999508e-01,7.250385390005429677e-03
4.167319999999999358e-01,7.250385390005429677e-03
4.168723999999999208e-01,7.250385390005429677e-03
4.170127999999999058e-01,7.250385390005429677e-03
4.171531999999998908e-01,7.250385390005429677e-03
4.172935999999998757e-01,7.250385390005429677e-03
4.174339999999998607e-01,7.250385390005429677e-03
4.175743999999998457e-01,7.250385390005429677e-03
4.177147999999998307e-01,7.250385390005429677e-03
4.178551999999998157e-01,7.250385390005429677e-03
4.179955999999998006e-01,7.250385390005429677e-03
4.180499999999999772e-01,7.250385390005429677e-03
4.181889999999999774e-01,7.250385390005429677e-03
4.183279999999999776e-01,7.250385390005429677e-03
4.184669999999999779e-01,7.250385390005429677e-03
4.186059999999999781e-01,7.250385390005429677e-03
4.187449999999999783e-01,7.250385390005429677e-03
4.188839999999999786e-01,7.250385390005429677e-03
4.190229999999999788e-01,7.250385390005429677e-03
4.191619999999999790e-01,7.250385390005429677e-03
4.193009999999999793e-01,7.250385390005429677e-03
4.194399999999999795e-01,7.250385390005429677e-03
4.195789999999999798e-01,7.250385390005429677e-03
4.197179999999999800e-01,7.250385390005429677e-03
4.198569999999999802e-01,7.250385390005429677e-03
4.199959999999999805e-01,7.250385390005429677e-03
4.199999999999999845e-01,7.250385390005429677e-03
4.201401999999999637e-01,7.250385390005429677e-03
4.202803999999999429e-01,7.250385390005429677e-03
4.204205999999999221e-01,7.250385390005429677e-03
4.205607999999999014e-01,7.250385390005429677e-03
4.207009999999998806e-01,7.250385390005429677e-03
4.208411999999998598e-01,7.250385390005429677e-03
4.209813999999998391e-01,7.250385390005429677e-03
4.211215999999998183e-01,7.250385390005429677e-03
4.212617999999997975e-01,7.250385390005429677e-03
4.214019999999997768e-01,7.250385390005429677e-03
4.215421999999997560e-01,7.250385390005429677e-03
4.216823999999997352e-01,7.250385390005429677e-03
4.218225999999997144e-01,7.250385390005429677e-03
4.219627999999996937e-01,7.250385390005429677e-03
4.220099999999999962e-01,7.250385390005429677e-03
4.221503999999999812e-01,7.250385390005429677e-03
4.222907999999999662e-01,7.250385390005429677e-03
4.224311999999999512e-01,7.250385390005429677e-03
4.225715999999999362e-01,7.250385390005429677e-03
4.227119999999999211e-01,7.250385390005429677e-03
4.228523999999999061e-01,7.250385390005429677e-03
4.229927999999998911e-01,7.250385390005429677e-03
4.231331999999998761e-01,7.250385390005429677e-03
4.232735999999998611e-01,7.250385390005429677e-03
4.234139999999998460e-01,7.250385390005429677e-03
4.235543999999998310e-01,7.250385390005429677e-03
4.236947999999998160e-01,7.250385390005429677e-03
4.238351999999998010e-01,7.250385390005429677e-03
4.239755999999997860e-01,7.250385390005429677e-03
4.240300000000000180e-01,7.250385390005429677e-03
4.241701999999999972e-01,7.250385390005429677e-03
4.243103999999999765e-01,7.250385390005429677e-03
4.244505999999999557e-01,7.250385390005429677e-03
4.245907999999999349e-01,7.250385390005429677e-03
4.247309999999999142e-01,7.250385390005429677e-03
4.248711999999998934e-01,7.250385390005429677e-03
4.250113999999998726e-01,7.250385390005429677e-03
4.251515999999998519e-01,7.250385390005429677e-03
4.252917999999998311e-01,7.250385390005429677e-03
4.254319999999998103e-01,7.250385390005429677e-03
4.255721999999997895e-01,7.250385390005429677e-03
4.257123999999997688e-01,7.250385390005429677e-03
4.258525999999997480e-01,7.250385390005429677e-03
4.259927999999997272e-01,7.250385390005429677e-03
4.260399999999999743e-01,7.250385390005429677e-03
4.261791999999999803e-01,7.250385390005429677e-03
4.263183999999999862e-01,7.250385390005429677e-03
4.264575999999999922e-01,7.250385390005429677e-03
4.265967999999999982e-01,7.250385390005429677e-03
4.267360000000000042e-01,7.250385390005429677e-03
4.268752000000000102e-01,7.250385390005429677e-03
4.270144000000000162e-01,7.250385390005429677e-03
4.271536000000000222e-01,7.250385390005429677e-03
4.272928000000000281e-01,7.250385390005429677e-03
4.274320000000000341e-01,7.250385390005429677e-03
4.275712000000000401e-01,7.250385390005429677e-03
4.277104000000000461e-01,7.250385390005429677e-03
4.278496000000000521e-01,7.250385390005429677e-03
4.279888000000000581e-01,7.250385390005429677e-03
4.279999999999999916e-01,7.250385390005429677e-03
4.281401999999999708e-01,7.250385390005429677e-03
4.282803999999999500e-01,7.250385390005429677e-03
4.284205999999999293e-01,7.250385390005429677e-03
4.285607999999999085e-01,7.250385390005429677e-03
4.287009999999998877e-01,7.250385390005429677e-03
4.288411999999998669e-01,7.250385390005429677e-03
4.289813999999998462e-01,7.250385390005429677e-03
4.291215999999998254e-01,7.250385390005429677e-03
4.292617999999998046e-01,7.250385390005429677e-03
4.294019999999997839e-01,7.250385390005429677e-03
4.295421999999997631e-01,7.250385390005429677e-03
4.296823999999997423e-01,7.250385390005429677e-03
4.298225999999997216e-01,7.250385390005429677e-03
4.299627999999997008e-01,7.250385390005429677e-03
4.300100000000000033e-01,7.250385390005429677e-03
4.301501999999999826e-01,7.250385390005429677e-03
4.302903999999999618e-01,7.250385390005429677e-03
4.304305999999999410e-01,7.250385390005429677e-03
4.305707999999999203e-01,7.250385390005429677e-03
4.307109999999998995e-01,7.250385390005429677e-03
4.308511999999998787e-01,7.250385390005429677e-03
4.309913999999998580e-01,7.250385390005429677e-03
4.311315999999998372e-01,7.250385390005429677e-03
4.312717999999998164e-01,7.250385390005429677e-03
4.314119999999997956e-01,7.250385390005429677e-03
4.315521999999997749e-01,7.250385390005429677e-03
4.316923999999997541e-01,7.250385390005429677e-03
4.318325999999997333e-01,7.250385390005429677e-03
4.319727999999997126e-01,7.250385390005429677e-03
4.320200000000000151e-01,7.250385390005429677e-03
4.321604000000000001e-01,7.250385390005429677e-03
4.323007999999999851e-01,7.250385390005429677e-03
4.324411999999999701e-01,7.250385390005429677e-03
4.325815999999999550e-01,7.250385390005429677e-03
4.327219999999999400e-01,7.250385390005429677e-03
4.328623999999999250e-01,7.250385390005429677e-03
4.330027999999999100e-01,7.250385390005429677e-03
4.331431999999998950e-01,7.250385390005429677e-03
4.332835999999998799e-01,7.250385390005429677e-03
4.334239999999998649e-01,7.250385390005429677e-03
4.335643999999998499e-01,7.250385390005429677e-03
4.337047999999998349e-01,7.250385390005429677e-03
4.338451999999998199e-01,7.250385390005429677e-03
4.339855999999998049e-01,7.250385390005429677e-03
4.340399999999999814e-01,7.250385390005429677e-03
4.341789999999999816e-01,7.250385390005429677e-03
4.343179999999999819e-01,7.250385390005429677e-03
4.344569999999999821e-01,7.250385390005429677e-03
4.345959999999999823e-01,7.250385390005429677e-03
4.347349999999999826e-01,7.250385390005429677e-03
4.348739999999999828e-01,7.250385390005429677e-03
4.350129999999999830e-01,7.250385390005429677e-03
4.351519999999999833e-01,7.250385390005429677e-03
4.352909999999999835e-01,7.250385390005429677e-03
4.354299999999999837e-01,7.250385390005429677e-03
4.355689999999999840e-01,7.250385390005429677e-03
4.357079999999999842e-01,7.250385390005429677e-03
4.358469999999999844e-01,7.250385390005429677e-03
4.359859999999999847e-01,7.250385390005429677e-03
4.359899999999999887e-01,7.250385390005429677e-03
4.361303999999999736e-01,7.250385390005429677e-03
4.362707999999999586e-01,7.250385390005429677e-03
4.364111999999999436e-01,7.250385390005429677e-03
4.365515999999999286e-01,7.250385390005429677e-03
4.366919999999999136e-01,7.250385390005429677e-03
4.368323999999998986e-01,7.250385390005429677e-03
4.369727999999998835e-01,7.250385390005429677e-03
4.371131999999998685e-01,7.250385390005429677e-03
4.372535999999998535e-01,7.250385390005429677e-03
4.373939999999998385e-01,7.250385390005429677e-03
4.375343999999998235e-01,7.250385390005429677e-03
4.376747999999998084e-01,7.250385390005429677e-03
4.378151999999997934e-01,7.250385390005429677e-03
4.379555999999997784e-01,7.250385390005429677e-03
4.380100000000000104e-01,7.250385390005429677e-03
4.381501999999999897e-01,7.250385390005429677e-03
4.382903999999999689e-01,7.250385390005429677e-03
4.384305999999999481e-01,7.250385390005429677e-03
4.385707999999999274e-01,7.250385390005429677e-03
4.387109999999999066e-01,7.250385390005429677e-03
4.388511999999998858e-01,7.250385390005429677e-03
4.389913999999998651e-01,7.250385390005429677e-03
4.391315999999998443e-01,7.250385390005429677e-03
4.392717999999998235e-01,7.250385390005429677e-03
4.394119999999998027e-01,7.250385390005429677e-03
4.395521999999997820e-01,7.250385390005429677e-03
4.396923999999997612e-01,7.250385390005429677e-03
4.398325999999997404e-01,7.250385390005429677e-03
4.399727999999997197e-01,7.250385390005429677e-03
4.400200000000000222e-01,7.250385390005429677e-03
4.401602000000000015e-01,7.250385390005429677e-03
4.403003999999999807e-01,7.250385390005429677e-03
4.404405999999999599e-01,7.250385390005429677e-03
4.405807999999999391e-01,7.250385390005429677e-03
4.407209999999999184e-01,7.250385390005429677e-03
4.408611999999998976e-01,7.250385390005429677e-03
4.410013999999998768e-01,7.250385390005429677e-03
4.411415999999998561e-01,7.250385390005429677e-03
4.412817999999998353e-01,7.250385390005429677e-03
4.414219999999998145e-01,7.250385390005429677e-03
4.415621999999997938e-01,7.250385390005429677e-03
4.417023999999997730e-01,7.250385390005429677e-03
4.418425999999997522e-01,7.250385390005429677e-03
4.419827999999997314e-01,7.250385390005429677e-03
4.420299999999999785e-01,7.250385390005429677e-03
4.421691999999999845e-01,7.250385390005429677e-03
4.423083999999999905e-01,7.250385390005429677e-03
4.424475999999999964e-01,7.250385390005429677e-03
4.425868000000000024e-01,7.250385390005429677e-03
4.427260000000000084e-01,7.250385390005429677e-03
4.428652000000000144e-01,7.250385390005429677e-03
4.430044000000000204e-01,7.250385390005429677e-03
4.431436000000000264e-01,7.250385390005429677e-03
4.432828000000000324e-01,7.250385390005429677e-03
4.434220000000000383e-01,7.250385390005429677e-03
4.435612000000000443e-01,7.250385390005429677e-03
4.437004000000000503e-01,7.250385390005429677e-03
4.438396000000000563e-01,7.250385390005429677e-03
4.439788000000000623e-01,7.250385390005429677e-03
4.439899999999999958e-01,7.250385390005429677e-03
4.441301999999999750e-01,7.250385390005429677e-03
4.442703999999999542e-01,7.250385390005429677e-03
4.444105999999999335e-01,7.250385390005429677e-03
4.445507999999999127e-01,7.250385390005429677e-03
4.446909999999998919e-01,7.250385390005429677e-03
4.448311999999998712e-01,7.250385390005429677e-03
4.449713999999998504e-01,7.250385390005429677e-03
4.451115999999998296e-01,7.250385390005429677e-03
4.452517999999998088e-01,7.250385390005429677e-03
4.453919999999997881e-01,7.250385390005429677e-03
4.455321999999997673e-01,7.250385390005429677e-03
4.456723999999997465e-01,7.250385390005429677e-03
4.458125999999997258e-01,7.250385390005429677e-03
4.459527999999997050e-01,7.250385390005429677e-03
4.460000000000000075e-01,7.250385390005429677e-03
4.461401999999999868e-01,7.250385390005429677e-03
4.462803999999999660e-01,7.250385390005429677e-03
4.464205999999999452e-01,7.250385390005429677e-03
4.465607999999999245e-01,7.250385390005429677e-03
4.467009999999999037e-01,7.250385390005429677e-03
4.468411999999998829e-01,7.250385390005429677e-03
4.469813999999998622e-01,7.250385390005429677e-03
4.471215999999998414e-01,7.250385390005429677e-03
4.472617999999998206e-01,7.250385390005429677e-03
4.474019999999997999e-01,7.250385390005429677e-03
4.475421999999997791e-01,7.250385390005429677e-03
4.476823999999997583e-01,7.250385390005429677e-03
4.478225999999997375e-01,7.250385390005429677e-03
4.479627999999997168e-01,7.250385390005429677e-03
4.480100000000000193e-01,7.250385390005429677e-03
4.481504000000000043e-01,7.250385390005429677e-03
4.482907999999999893e-01,7.250385390005429677e-03
4.484311999999999743e-01,7.250385390005429677e-03
4.485715999999999593e-01,7.250385390005429677e-03
4.487119999999999442e-01,7.250385390005429677e-03
4.488523999999999292e-01,7.250385390005429677e-03
4.489927999999999142e-01,7.250385390005429677e-03
4.491331999999998992e-01,7.250385390005429677e-03
4.492735999999998842e-01,7.250385390005429677e-03
4.494139999999998691e-01,7.250385390005429677e-03
4.495543999999998541e-01,7.250385390005429677e-03
4.496947999999998391e-01,7.250385390005429677e-03
4.498351999999998241e-01,7.250385390005429677e-03
4.499755999999998091e-01,7.250385390005429677e-03
4.500299999999999856e-01,7.250385390005429677e-03
4.501701999999999648e-01,7.250385390005429677e-03
4.503103999999999441e-01,7.250385390005429677e-03
4.504505999999999233e-01,7.250385390005429677e-03
4.505907999999999025e-01,7.250385390005429677e-03
4.507309999999998817e-01,7.250385390005429677e-03
4.508711999999998610e-01,7.250385390005429677e-03
4.510113999999998402e-01,7.250385390005429677e-03
4.511515999999998194e-01,7.250385390005429677e-03
4.512917999999997987e-01,7.250385390005429677e-03
4.514319999999997779e-01,7.250385390005429677e-03
4.515721999999997571e-01,7.250385390005429677e-03
4.517123999999997364e-01,7.250385390005429677e-03
4.518525999999997156e-01,7.250385390005429677e-03
4.519927999999996948e-01,7.250385390005429677e-03
4.520399999999999974e-01,7.250385390005429677e-03
4.521792000000000034e-01,7.250385390005429677e-03
4.523184000000000093e-01,7.250385390005429677e-03
4.524576000000000153e-01,7.250385390005429677e-03
4.525968000000000213e-01,7.250385390005429677e-03
4.527360000000000273e-01,7.250385390005429677e-03
4.528752000000000333e-01,7.250385390005429677e-03
4.530144000000000393e-01,7.250385390005429677e-03
4.531536000000000453e-01,7.250385390005429677e-03
4.532928000000000512e-01,7.250385390005429677e-03
4.534320000000000572e-01,7.250385390005429677e-03
4.535712000000000632e-01,7.250385390005429677e-03
4.537104000000000692e-01,7.250385390005429677e-03
4.538496000000000752e-01,7.250385390005429677e-03
4.539888000000000812e-01,7.250385390005429677e-03
4.540000000000000147e-01,7.250385390005429677e-03
4.541401999999999939e-01,7.250385390005429677e-03
4.542803999999999731e-01,7.250385390005429677e-03
4.544205999999999523e-01,7.250385390005429677e-03
4.545607999999999316e-01,7.250385390005429677e-03
4.547009999999999108e-01,7.250385390005429677e-03
4.548411999999998900e-01,7.250385390005429677e-03
4.549813999999998693e-01,7.250385390005429677e-03
4.551215999999998485e-01,7.250385390005429677e-03
4.552617999999998277e-01,7.250385390005429677e-03
4.554019999999998070e-01,7.250385390005429677e-03
4.555421999999997862e-01,7.250385390005429677e-03
4.556823999999997654e-01,7.250385390005429677e-03
4.558225999999997446e-01,7.250385390005429677e-03
4.559627999999997239e-01,7.250385390005429677e-03
4.560100000000000264e-01,7.250385390005429677e-03
4.561502000000000057e-01,7.250385390005429677e-03
4.562903999999999849e-01,7.250385390005429677e-03
4.564305999999999641e-01,7.250385390005429677e-03
4.565707999999999434e-01,7.250385390005429677e-03
4.567109999999999226e-01,7.250385390005429677e-03
4.568511999999999018e-01,7.250385390005429677e-03
4.569913999999998810e-01,7.250385390005429677e-03
4.571315999999998603e-01,7.250385390005429677e-03
4.572717999999998395e-01,7.250385390005429677e-03
4.574119999999998187e-01,7.250385390005429677e-03
4.575521999999997980e-01,7.250385390005429677e-03
4.576923999999997772e-01,7.250385390005429677e-03
4.578325999999997564e-01,7.250385390005429677e-03
4.579727999999997357e-01,7.250385390005429677e-03
4.580199999999999827e-01,7.250385390005429677e-03
4.581603999999999677e-01,7.250385390005429677e-03
4.583007999999999527e-01,7.250385390005429677e-03
4.584411999999999376e-01,7.250385390005429677e-03
4.585815999999999226e-01,7.250385390005429677e-03
4.587219999999999076e-01,7.250385390005429677e-03
4.588623999999998926e-01,7.250385390005429677e-03
4.590027999999998776e-01,7.250385390005429677e-03
4.591431999999998625e-01,7.250385390005429677e-03
4.592835999999998475e-01,7.250385390005429677e-03
4.594239999999998325e-01,7.250385390005429677e-03
4.595643999999998175e-01,7.250385390005429677e-03
4.597047999999998025e-01,7.250385390005429677e-03
4.598451999999997875e-01,7.250385390005429677e-03
4.599855999999997724e-01,7.250385390005429677e-03
4.600400000000000045e-01,7.250385390005429677e-03
4.601790000000000047e-01,7.250385390005429677e-03
4.603180000000000049e-01,7.250385390005429677e-03
4.604570000000000052e-01,7.250385390005429677e-03
4.605960000000000054e-01,7.250385390005429677e-03
4.607350000000000056e-01,7.250385390005429677e-03
4.608740000000000059e-01,7.250385390005429677e-03
4.610130000000000061e-01,7.250385390005429677e-03
4.611520000000000064e-01,7.250385390005429677e-03
4.612910000000000066e-01,7.250385390005429677e-03
4.614300000000000068e-01,7.250385390005429677e-03
4.615690000000000071e-01,7.250385390005429677e-03
4.617080000000000073e-01,7.250385390005429677e-03
4.618470000000000075e-01,7.250385390005429677e-03
4.619860000000000078e-01,7.250385390005429677e-03
4.619900000000000118e-01,7.250385390005429677e-03
4.621303999999999967e-01,7.250385390005429677e-03
4.622707999999999817e-01,7.250385390005429677e-03
4.624111999999999667e-01,7.250385390005429677e-03
4.625515999999999517e-01,7.250385390005429677e-03
4.626919999999999367e-01,7.250385390005429677e-03
4.628323999999999216e-01,7.250385390005429677e-03
4.629727999999999066e-01,7.250385390005429677e-03
4.631131999999998916e-01,7.250385390005429677e-03
4.632535999999998766e-01,7.250385390005429677e-03
4.633939999999998616e-01,7.250385390005429677e-03
4.635343999999998466e-01,7.250385390005429677e-03
4.636747999999998315e-01,7.250385390005429677e-03
4.638151999999998165e-01,7.250385390005429677e-03
4.639555999999998015e-01,7.250385390005429677e-03
4.640099999999999780e-01,7.250385390005429677e-03
4.641501999999999573e-01,7.250385390005429677e-03
4.642903999999999365e-01,7.250385390005429677e-03
4.644305999999999157e-01,7.250385390005429677e-03
4.645707999999998949e-01,7.250385390005429677e-03
4.647109999999998742e-01,7.250385390005429677e-03
4.648511999999998534e-01,7.250385390005429677e-03
4.649913999999998326e-01,7.250385390005429677e-03
4.651315999999998119e-01,7.250385390005429677e-03
4.652717999999997911e-01,7.250385390005429677e-03
4.654119999999997703e-01,7.250385390005429677e-03
4.655521999999997496e-01,7.250385390005429677e-03
4.656923999999997288e-01,7.250385390005429677e-03
4.658325999999997080e-01,7.250385390005429677e-03
4.659727999999996872e-01,7.250385390005429677e-03
4.660199999999999898e-01,7.250385390005429677e-03
4.661601999999999690e-01,7.250385390005429677e-03
4.663003999999999483e-01,7.250385390005429677e-03
4.664405999999999275e-01,7.250385390005429677e-03
4.665807999999999067e-01,7.250385390005429677e-03
4.667209999999998860e-01,7.250385390005429677e-03
4.668611999999998652e-01,7.250385390005429677e-03
4.670013999999998444e-01,7.250385390005429677e-03
4.671415999999998236e-01,7.250385390005429677e-03
4.672817999999998029e-01,7.250385390005429677e-03
4.674219999999997821e-01,7.250385390005429677e-03
4.675621999999997613e-01,7.250385390005429677e-03
4.677023999999997406e-01,7.250385390005429677e-03
4.678425999999997198e-01,7.250385390005429677e-03
4.679827999999996990e-01,7.250385390005429677e-03
4.680300000000000016e-01,7.250385390005429677e-03
4.681692000000000076e-01,7.250385390005429677e-03
4.683084000000000136e-01,7.250385390005429677e-03
4.684476000000000195e-01,7.250385390005429677e-03
4.685868000000000255e-01,7.250385390005429677e-03
4.687260000000000315e-01,7.250385390005429677e-03
4.688652000000000375e-01,7.250385390005429677e-03
4.690044000000000435e-01,7.250385390005429677e-03
4.691436000000000495e-01,7.250385390005429677e-03
4.692828000000000555e-01,7.250385390005429677e-03
4.694220000000000614e-01,7.250385390005429677e-03
4.695612000000000674e-01,7.250385390005429677e-03
4.697004000000000734e-01,7.250385390005429677e-03
4.698396000000000794e-01,7.250385390005429677e-03
4.699788000000000854e-01,7.250385390005429677e-03
4.699900000000000189e-01,7.250385390005429677e-03
4.701301999999999981e-01,7.250385390005429677e-03
4.702703999999999773e-01,7.250385390005429677e-03
4.704105999999999566e-01,7.250385390005429677e-03
4.705507999999999358e-01,7.250385390005429677e-03
4.706909999999999150e-01,7.250385390005429677e-03
4.708311999999998942e-01,7.250385390005429677e-03
4.709713999999998735e-01,7.250385390005429677e-03
4.711115999999998527e-01,7.250385390005429677e-03
4.712517999999998319e-01,7.250385390005429677e-03
4.713919999999998112e-01,7.250385390005429677e-03
4.715321999999997904e-01,7.250385390005429677e-03
4.716723999999997696e-01,7.250385390005429677e-03
4.718125999999997489e-01,7.250385390005429677e-03
4.719527999999997281e-01,7.250385390005429677e-03
4.719999999999999751e-01,7.250385390005429677e-03
4.721403999999999601e-01,7.250385390005429677e-03
4.722807999999999451e-01,7.250385390005429677e-03
4.724211999999999301e-01,7.250385390005429677e-03
4.725615999999999151e-01,7.250385390005429677e-03
4.727019999999999000e-01,7.250385390005429677e-03
4.728423999999998850e-01,7.250385390005429677e-03
4.729827999999998700e-01,7.250385390005429677e-03
4.731231999999998550e-01,7.250385390005429677e-03
4.732635999999998400e-01,7.250385390005429677e-03
4.734039999999998249e-01,7.250385390005429677e-03
4.735443999999998099e-01,7.250385390005429677e-03
4.736847999999997949e-01,7.250385390005429677e-03
4.738251999999997799e-01,7.250385390005429677e-03
4.739655999999997649e-01,7.250385390005429677e-03
4.740199999999999969e-01,7.250385390005429677e-03
4.741601999999999761e-01,7.250385390005429677e-03
4.743003999999999554e-01,7.250385390005429677e-03
4.744405999999999346e-01,7.250385390005429677e-03
4.745807999999999138e-01,7.250385390005429677e-03
4.747209999999998931e-01,7.250385390005429677e-03
4.748611999999998723e-01,7.250385390005429677e-03
4.750013999999998515e-01,7.250385390005429677e-03
4.751415999999998308e-01,7.250385390005429677e-03
4.752817999999998100e-01,7.250385390005429677e-03
4.754219999999997892e-01,7.250385390005429677e-03
4.755621999999997684e-01,7.250385390005429677e-03
4.757023999999997477e-01,7.250385390005429677e-03
4.758425999999997269e-01,7.250385390005429677e-03
4.759827999999997061e-01,7.250385390005429677e-03
4.760300000000000087e-01,7.250385390005429677e-03
4.761701999999999879e-01,7.250385390005429677e-03
4.763103999999999671e-01,7.250385390005429677e-03
4.764505999999999464e-01,7.250385390005429677e-03
4.765907999999999256e-01,7.250385390005429677e-03
4.767309999999999048e-01,7.250385390005429677e-03
4.768711999999998841e-01,7.250385390005429677e-03
4.770113999999998633e-01,7.250385390005429677e-03
4.771515999999998425e-01,7.250385390005429677e-03
4.772917999999998218e-01,7.250385390005429677e-03
4.774319999999998010e-01,7.250385390005429677e-03
4.775721999999997802e-01,7.250385390005429677e-03
4.777123999999997594e-01,7.250385390005429677e-03
4.778525999999997387e-01,7.250385390005429677e-03
4.779927999999997179e-01,7.250385390005429677e-03
4.780400000000000205e-01,7.250385390005429677e-03
4.781792000000000264e-01,7.250385390005429677e-03
4.783184000000000324e-01,7.250385390005429677e-03
4.784576000000000384e-01,7.250385390005429677e-03
4.785968000000000444e-01,7.250385390005429677e-03
4.787360000000000504e-01,7.250385390005429677e-03
4.788752000000000564e-01,7.250385390005429677e-03
4.790144000000000624e-01,7.250385390005429677e-03
4.791536000000000683e-01,7.250385390005429677e-03
4.792928000000000743e-01,7.250385390005429677e-03
4.794320000000000803e-01,7.250385390005429677e-03
4.795712000000000863e-01,7.250385390005429677e-03
4.797104000000000923e-01,7.250385390005429677e-03
4.798496000000000983e-01,7.250385390005429677e-03
4.799888000000001043e-01,7.250385390005429677e-03
4.799999999999999822e-01,7.250385390005429677e-03
4.801401999999999615e-01,7.250385390005429677e-03
4.802803999999999407e-01,7.250385390005429677e-03
4.804205999999999199e-01,7.250385390005429677e-03
4.805607999999998992e-01,7.250385390005429677e-03
4.807009999999998784e-01,7.250385390005429677e-03
4.808411999999998576e-01,7.250385390005429677e-03
4.809813999999998368e-01,7.250385390005429677e-03
4.811215999999998161e-01,7.250385390005429677e-03
4.812617999999997953e-01,7.250385390005429677e-03
4.814019999999997745e-01,7.250385390005429677e-03
4.815421999999997538e-01,7.250385390005429677e-03
4.816823999999997330e-01,7.250385390005429677e-03
4.818225999999997122e-01,7.250385390005429677e-03
4.819627999999996915e-01,7.250385390005429677e-03
4.820099999999999940e-01,7.250385390005429677e-03
4.821503999999999790e-01,7.250385390005429677e-03
4.822907999999999640e-01,7.250385390005429677e-03
4.824311999999999490e-01,7.250385390005429677e-03
4.825715999999999339e-01,7.250385390005429677e-03
4.827119999999999189e-01,7.250385390005429677e-03
4.828523999999999039e-01,7.250385390005429677e-03
4.829927999999998889e-01,7.250385390005429677e-03
4.831331999999998739e-01,7.250385390005429677e-03
4.832735999999998588e-01,7.250385390005429677e-03
4.834139999999998438e-01,7.250385390005429677e-03
4.835543999999998288e-01,7.250385390005429677e-03
4.836947999999998138e-01,7.250385390005429677e-03
4.838351999999997988e-01,7.250385390005429677e-03
4.839755999999997838e-01,7.250385390005429677e-03
4.840300000000000158e-01,7.250385390005429677e-03
4.841701999999999950e-01,7.250385390005429677e-03
4.843103999999999743e-01,7.250385390005429677e-03
4.844505999999999535e-01,7.250385390005429677e-03
4.845907999999999327e-01,7.250385390005429677e-03
4.847309999999999119e-01,7.250385390005429677e-03
4.848711999999998912e-01,7.250385390005429677e-03
4.850113999999998704e-01,7.250385390005429677e-03
4.851515999999998496e-01,7.250385390005429677e-03
4.852917999999998289e-01,7.250385390005429677e-03
4.854319999999998081e-01,7.250385390005429677e-03
4.855721999999997873e-01,7.250385390005429677e-03
4.857123999999997666e-01,7.250385390005429677e-03
4.858525999999997458e-01,7.250385390005429677e-03
4.859927999999997250e-01,7.250385390005429677e-03
4.860400000000000276e-01,7.250385390005429677e-03
4.861790000000000278e-01,7.250385390005429677e-03
4.863180000000000280e-01,7.250385390005429677e-03
4.864570000000000283e-01,7.250385390005429677e-03
4.865960000000000285e-01,7.250385390005429677e-03
4.867350000000000287e-01,7.250385390005429677e-03
4.868740000000000290e-01,7.250385390005429677e-03
4.870130000000000292e-01,7.250385390005429677e-03
4.871520000000000294e-01,7.250385390005429677e-03
4.872910000000000297e-01,7.250385390005429677e-03
4.874300000000000299e-01,7.250385390005429677e-03
4.875690000000000301e-01,7.250385390005429677e-03
4.877080000000000304e-01,7.250385390005429677e-03
4.878470000000000306e-01,7.250385390005429677e-03
4.879860000000000309e-01,7.250385390005429677e-03
4.879899999999999793e-01,7.250385390005429677e-03
4.881303999999999643e-01,7.250385390005429677e-03
4.882707999999999493e-01,7.250385390005429677e-03
4.884111999999999343e-01,7.250385390005429677e-03
4.885515999999999193e-01,7.250385390005429677e-03
4.886919999999999042e-01,7.250385390005429677e-03
4.888323999999998892e-01,7.250385390005429677e-03
4.889727999999998742e-01,7.250385390005429677e-03
4.891131999999998592e-01,7.250385390005429677e-03
4.892535999999998442e-01,7.250385390005429677e-03
4.893939999999998292e-01,7.250385390005429677e-03
4.895343999999998141e-01,7.250385390005429677e-03
4.896747999999997991e-01,7.250385390005429677e-03
4.898151999999997841e-01,7.250385390005429677e-03
4.899555999999997691e-01,7.250385390005429677e-03
4.900100000000000011e-01,7.250385390005429677e-03
4.901501999999999803e-01,7.250385390005429677e-03
4.902903999999999596e-01,7.250385390005429677e-03
4.904305999999999388e-01,7.250385390005429677e-03
4.905707999999999180e-01,7.250385390005429677e-03
4.907109999999998973e-01,7.250385390005429677e-03
4.908511999999998765e-01,7.250385390005429677e-03
4.909913999999998557e-01,7.250385390005429677e-03
4.911315999999998350e-01,7.250385390005429677e-03
4.912717999999998142e-01,7.250385390005429677e-03
4.914119999999997934e-01,7.250385390005429677e-03
4.915521999999997727e-01,7.250385390005429677e-03
4.916923999999997519e-01,7.250385390005429677e-03
4.918325999999997311e-01,7.250385390005429677e-03
4.919727999999997103e-01,7.250385390005429677e-03
4.920200000000000129e-01,7.250385390005429677e-03
4.921603999999999979e-01,7.250385390005429677e-03
4.923007999999999829e-01,7.250385390005429677e-03
4.924411999999999678e-01,7.250385390005429677e-03
4.925815999999999528e-01,7.250385390005429677e-03
4.927219999999999378e-01,7.250385390005429677e-03
4.928623999999999228e-01,7.250385390005429677e-03
4.930027999999999078e-01,7.250385390005429677e-03
4.931431999999998927e-01,7.250385390005429677e-03
4.932835999999998777e-01,7.250385390005429677e-03
4.934239999999998627e-01,7.250385390005429677e-03
4.935643999999998477e-01,7.250385390005429677e-03
4.937047999999998327e-01,7.250385390005429677e-03
4.938451999999998177e-01,7.250385390005429677e-03
4.939855999999998026e-01,7.250385390005429677e-03
4.940399999999999792e-01,7.250385390005429677e-03
4.941789999999999794e-01,7.250385390005429677e-03
4.943179999999999796e-01,7.250385390005429677e-03
4.944569999999999799e-01,7.250385390005429677e-03
4.945959999999999801e-01,7.250385390005429677e-03
4.947349999999999803e-01,7.250385390005429677e-03
4.948739999999999806e-01,7.250385390005429677e-03
4.950129999999999808e-01,7.250385390005429677e-03
4.951519999999999810e-01,7.250385390005429677e-03
4.952909999999999813e-01,7.250385390005429677e-03
4.954299999999999815e-01,7.250385390005429677e-03
4.955689999999999817e-01,7.250385390005429677e-03
4.957079999999999820e-01,7.250385390005429677e-03
4.958469999999999822e-01,7.250385390005429677e-03
4.959859999999999824e-01,7.250385390005429677e-03
4.959899999999999864e-01,7.250385390005429677e-03
4.961301999999999657e-01,7.250385390005429677e-03
4.962703999999999449e-01,7.250385390005429677e-03
4.964105999999999241e-01,7.250385390005429677e-03
4.965507999999999034e-01,7.250385390005429677e-03
4.966909999999998826e-01,7.250385390005429677e-03
4.968311999999998618e-01,7.250385390005429677e-03
4.969713999999998411e-01,7.250385390005429677e-03
4.971115999999998203e-01,7.250385390005429677e-03
4.972517999999997995e-01,7.250385390005429677e-03
4.973919999999997787e-01,7.250385390005429677e-03
4.975321999999997580e-01,7.250385390005429677e-03
4.976723999999997372e-01,7.250385390005429677e-03
4.978125999999997164e-01,7.250385390005429677e-03
4.979527999999996957e-01,7.250385390005429677e-03
4.979999999999999982e-01,7.250385390005429677e-03
4.981403999999999832e-01,7.250385390005429677e-03
4.982807999999999682e-01,7.250385390005429677e-03
4.984211999999999532e-01,7.250385390005429677e-03
4.985615999999999381e-01,7.250385390005429677e-03
4.987019999999999231e-01,7.250385390005429677e-03
4.988423999999999081e-01,7.250385390005429677e-03
4.989827999999998931e-01,7.250385390005429677e-03
4.991231999999998781e-01,7.250385390005429677e-03
4.992635999999998631e-01,7.250385390005429677e-03
4.994039999999998480e-01,7.250385390005429677e-03
4.995443999999998330e-01,7.250385390005429677e-03
4.996847999999998180e-01,7.250385390005429677e-03
4.998251999999998030e-01,7.250385390005429677e-03
4.999655999999997880e-01,7.250385390005429677e-03
5.000200000000000200e-01,7.250385390005429677e-03
5.001602000000000547e-01,7.250385390005429677e-03
5.003004000000000895e-01,7.250385390005429677e-03
5.004406000000001242e-01,7.250385390005429677e-03
5.005808000000001590e-01,7.250385390005429677e-03
5.007210000000001937e-01,7.250385390005429677e-03
5.008612000000002284e-01,7.250385390005429677e-03
5.010014000000002632e-01,7.250385390005429677e-03
5.011416000000002979e-01,7.250385390005429677e-03
5.012818000000003327e-01,7.250385390005429677e-03
5.014220000000003674e-01,7.250385390005429677e-03
5.015622000000004022e-01,7.250385390005429677e-03
5.017024000000004369e-01,7.250385390005429677e-03
5.018426000000004716e-01,7.250385390005429677e-03
5.019828000000005064e-01,7.250385390005429677e-03
5.020299999999999763e-01,7.250385390005429677e-03
5.021704000000000168e-01,7.250385390005429677e-03
5.023108000000000573e-01,7.250385390005429677e-03
5.024512000000000977e-01,7.250385390005429677e-03
5.025916000000001382e-01,7.250385390005429677e-03
5.027320000000001787e-01,7.250385390005429677e-03
5.028724000000002192e-01,7.250385390005429677e-03
5.030128000000002597e-01,7.250385390005429677e-03
5.031532000000003002e-01,7.250385390005429677e-03
5.032936000000003407e-01,7.250385390005429677e-03
5.034340000000003812e-01,7.250385390005429677e-03
5.035744000000004217e-01,7.250385390005429677e-03
5.037148000000004622e-01,7.250385390005429677e-03
5.038552000000005027e-01,7.250385390005429677e-03
5.039956000000005432e-01,7.250385390005429677e-03
5.040499999999999980e-01,7.250385390005429677e-03
5.041889999999999983e-01,7.250385390005429677e-03
5.043279999999999985e-01,7.250385390005429677e-03
5.044669999999999987e-01,7.250385390005429677e-03
5.046059999999999990e-01,7.250385390005429677e-03
5.047449999999999992e-01,7.250385390005429677e-03
5.048839999999999995e-01,7.250385390005429677e-03
5.050229999999999997e-01,7.250385390005429677e-03
5.051619999999999999e-01,7.250385390005429677e-03
5.053010000000000002e-01,7.250385390005429677e-03
5.054400000000000004e-01,7.250385390005429677e-03
5.055790000000000006e-01,7.250385390005429677e-03
5.057180000000000009e-01,7.250385390005429677e-03
5.058570000000000011e-01,7.250385390005429677e-03
5.059960000000000013e-01,7.250385390005429677e-03
5.060000000000000053e-01,7.250385390005429677e-03
5.061402000000000401e-01,7.250385390005429677e-03
5.062804000000000748e-01,7.250385390005429677e-03
5.064206000000001096e-01,7.250385390005429677e-03
5.065608000000001443e-01,7.250385390005429677e-03
5.067010000000001790e-01,7.250385390005429677e-03
5.068412000000002138e-01,7.250385390005429677e-03
5.069814000000002485e-01,7.250385390005429677e-03
5.071216000000002833e-01,7.250385390005429677e-03
5.072618000000003180e-01,7.250385390005429677e-03
5.074020000000003527e-01,7.250385390005429677e-03
5.075422000000003875e-01,7.250385390005429677e-03
5.076824000000004222e-01,7.250385390005429677e-03
5.078226000000004570e-01,7.250385390005429677e-03
5.079628000000004917e-01,7.250385390005429677e-03
5.080099999999999616e-01,7.250385390005429677e-03
5.081504000000000021e-01,7.250385390005429677e-03
5.082908000000000426e-01,7.250385390005429677e-03
5.084312000000000831e-01,7.250385390005429677e-03
5.085716000000001236e-01,7.250385390005429677e-03
5.087120000000001641e-01,7.250385390005429677e-03
5.088524000000002045e-01,7.250385390005429677e-03
5.089928000000002450e-01,7.250385390005429677e-03
5.091332000000002855e-01,7.250385390005429677e-03
5.092736000000003260e-01,7.250385390005429677e-03
5.094140000000003665e-01,7.250385390005429677e-03
5.095544000000004070e-01,7.250385390005429677e-03
5.096948000000004475e-01,7.250385390005429677e-03
5.098352000000004880e-01,7.250385390005429677e-03
5.099756000000005285e-01,7.250385390005429677e-03
5.100299999999999834e-01,7.250385390005429677e-03
5.101702000000000181e-01,7.250385390005429677e-03
5.103104000000000529e-01,7.250385390005429677e-03
5.104506000000000876e-01,7.250385390005429677e-03
5.105908000000001223e-01,7.250385390005429677e-03
5.107310000000001571e-01,7.250385390005429677e-03
5.108712000000001918e-01,7.250385390005429677e-03
5.110114000000002266e-01,7.250385390005429677e-03
5.111516000000002613e-01,7.250385390005429677e-03
5.112918000000002960e-01,7.250385390005429677e-03
5.114320000000003308e-01,7.250385390005429677e-03
5.115722000000003655e-01,7.250385390005429677e-03
5.117124000000004003e-01,7.250385390005429677e-03
5.118526000000004350e-01,7.250385390005429677e-03
5.119928000000004698e-01,7.250385390005429677e-03
5.120400000000000507e-01,7.250385390005429677e-03
5.121790000000000509e-01,7.250385390005429677e-03
5.123180000000000511e-01,7.250385390005429677e-03
5.124570000000000514e-01,7.250385390005429677e-03
5.125960000000000516e-01,7.250385390005429677e-03
5.127350000000000518e-01,7.250385390005429677e-03
5.128740000000000521e-01,7.250385390005429677e-03
5.130130000000000523e-01,7.250385390005429677e-03
5.131520000000000525e-01,7.250385390005429677e-03
5.132910000000000528e-01,7.250385390005429677e-03
5.134300000000000530e-01,7.250385390005429677e-03
5.135690000000000532e-01,7.250385390005429677e-03
5.137080000000000535e-01,7.250385390005429677e-03
5.138470000000000537e-01,7.250385390005429677e-03
5.139860000000000539e-01,7.250385390005429677e-03
5.139899999999999469e-01,7.250385390005429677e-03
5.141303999999999874e-01,7.250385390005429677e-03
5.142708000000000279e-01,7.250385390005429677e-03
5.144112000000000684e-01,7.250385390005429677e-03
5.145516000000001089e-01,7.250385390005429677e-03
5.146920000000001494e-01,7.250385390005429677e-03
5.148324000000001899e-01,7.250385390005429677e-03
5.149728000000002304e-01,7.250385390005429677e-03
5.151132000000002709e-01,7.250385390005429677e-03
5.152536000000003114e-01,7.250385390005429677e-03
5.153940000000003518e-01,7.250385390005429677e-03
5.155344000000003923e-01,7.250385390005429677e-03
5.156748000000004328e-01,7.250385390005429677e-03
5.158152000000004733e-01,7.250385390005429677e-03
5.159556000000005138e-01,7.250385390005429677e-03
5.160099999999999687e-01,7.250385390005429677e-03
5.161502000000000034e-01,7.250385390005429677e-03
5.162904000000000382e-01,7.250385390005429677e-03
5.164306000000000729e-01,7.250385390005429677e-03
5.165708000000001077e-01,7.250385390005429677e-03
5.167110000000001424e-01,7.250385390005429677e-03
5.168512000000001771e-01,7.250385390005429677e-03
5.169914000000002119e-01,7.250385390005429677e-03
5.171316000000002466e-01,7.250385390005429677e-03
5.172718000000002814e-01,7.250385390005429677e-03
5.174120000000003161e-01,7.250385390005429677e-03
5.175522000000003509e-01,7.250385390005429677e-03
5.176924000000003856e-01,7.250385390005429677e-03
5.178326000000004203e-01,7.250385390005429677e-03
5.179728000000004551e-01,7.250385390005429677e-03
5.180200000000000360e-01,7.250385390005429677e-03
5.181604000000000765e-01,7.250385390005429677e-03
5.183008000000001170e-01,7.250385390005429677e-03
5.184412000000001575e-01,7.250385390005429677e-03
5.185816000000001980e-01,7.250385390005429677e-03
5.187220000000002385e-01,7.250385390005429677e-03
5.188624000000002789e-01,7.250385390005429677e-03
5.190028000000003194e-01,7.250385390005429677e-03
5.191432000000003599e-01,7.250385390005429677e-03
5.192836000000004004e-01,7.250385390005429677e-03
5.194240000000004409e-01,7.250385390005429677e-03
5.195644000000004814e-01,7.250385390005429677e-03
5.197048000000005219e-01,7.250385390005429677e-03
5.198452000000005624e-01,7.250385390005429677e-03
5.199856000000006029e-01,7.250385390005429677e-03
5.200399999999999467e-01,7.250385390005429677e-03
5.201789999999999470e-01,7.250385390005429677e-03
5.203179999999999472e-01,7.250385390005429677e-03
5.204569999999999474e-01,7.250385390005429677e-03
5.205959999999999477e-01,7.250385390005429677e-03
5.207349999999999479e-01,7.250385390005429677e-03
5.208739999999999482e-01,7.250385390005429677e-03
5.210129999999999484e-01,7.250385390005429677e-03
5.211519999999999486e-01,7.250385390005429677e-03
5.212909999999999489e-01,7.250385390005429677e-03
5.214299999999999491e-01,7.250385390005429677e-03
5.215689999999999493e-01,7.250385390005429677e-03
5.217079999999999496e-01,7.250385390005429677e-03
5.218469999999999498e-01,7.250385390005429677e-03
5.219859999999999500e-01,7.250385390005429677e-03
5.219899999999999540e-01,7.250385390005429677e-03
5.221301999999999888e-01,7.250385390005429677e-03
5.222704000000000235e-01,7.250385390005429677e-03
5.224106000000000583e-01,7.250385390005429677e-03
5.225508000000000930e-01,7.250385390005429677e-03
5.226910000000001277e-01,7.250385390005429677e-03
5.228312000000001625e-01,7.250385390005429677e-03
5.229714000000001972e-01,7.250385390005429677e-03
5.231116000000002320e-01,7.250385390005429677e-03
5.232518000000002667e-01,7.250385390005429677e-03
5.233920000000003014e-01,7.250385390005429677e-03
5.235322000000003362e-01,7.250385390005429677e-03
5.236724000000003709e-01,7.250385390005429677e-03
5.238126000000004057e-01,7.250385390005429677e-03
5.239528000000004404e-01,7.250385390005429677e-03
5.240000000000000213e-01,7.250385390005429677e-03
5.241404000000000618e-01,7.250385390005429677e-03
5.242808000000001023e-01,7.250385390005429677e-03
5.244212000000001428e-01,7.250385390005429677e-03
5.245616000000001833e-01,7.250385390005429677e-03
5.247020000000002238e-01,7.250385390005429677e-03
5.248424000000002643e-01,7.250385390005429677e-03
5.249828000000003048e-01,7.250385390005429677e-03
5.251232000000003453e-01,7.250385390005429677e-03
5.252636000000003857e-01,7.250385390005429677e-03
5.254040000000004262e-01,7.250385390005429677e-03
5.255444000000004667e-01,7.250385390005429677e-03
5.256848000000005072e-01,7.250385390005429677e-03
5.258252000000005477e-01,7.250385390005429677e-03
5.259656000000005882e-01,7.250385390005429677e-03
5.260200000000000431e-01,7.250385390005429677e-03
5.261602000000000778e-01,7.250385390005429677e-03
5.263004000000001126e-01,7.250385390005429677e-03
5.264406000000001473e-01,7.250385390005429677e-03
5.265808000000001821e-01,7.250385390005429677e-03
5.267210000000002168e-01,7.250385390005429677e-03
5.268612000000002515e-01,7.250385390005429677e-03
5.270014000000002863e-01,7.250385390005429677e-03
5.271416000000003210e-01,7.250385390005429677e-03
5.272818000000003558e-01,7.250385390005429677e-03
5.274220000000003905e-01,7.250385390005429677e-03
5.275622000000004252e-01,7.250385390005429677e-03
5.277024000000004600e-01,7.250385390005429677e-03
5.278426000000004947e-01,7.250385390005429677e-03
5.279828000000005295e-01,7.250385390005429677e-03
5.280299999999999994e-01,7.250385390005429677e-03
5.281704000000000399e-01,7.250385390005429677e-03
5.283108000000000803e-01,7.250385390005429677e-03
5.284512000000001208e-01,7.250385390005429677e-03
5.285916000000001613e-01,7.250385390005429677e-03
5.287320000000002018e-01,7.250385390005429677e-03
5.288724000000002423e-01,7.250385390005429677e-03
5.290128000000002828e-01,7.250385390005429677e-03
5.291532000000003233e-01,7.250385390005429677e-03
5.292936000000003638e-01,7.250385390005429677e-03
5.294340000000004043e-01,7.250385390005429677e-03
5.295744000000004448e-01,7.250385390005429677e-03
5.297148000000004853e-01,7.250385390005429677e-03
5.298552000000005258e-01,7.250385390005429677e-03
5.299956000000005663e-01,7.250385390005429677e-03
5.300500000000000211e-01,7.250385390005429677e-03
5.301890000000000214e-01,7.250385390005429677e-03
5.303280000000000216e-01,7.250385390005429677e-03
5.304670000000000218e-01,7.250385390005429677e-03
5.306060000000000221e-01,7.250385390005429677e-03
5.307450000000000223e-01,7.250385390005429677e-03
5.308840000000000225e-01,7.250385390005429677e-03
5.310230000000000228e-01,7.250385390005429677e-03
5.311620000000000230e-01,7.250385390005429677e-03
5.313010000000000232e-01,7.250385390005429677e-03
5.314400000000000235e-01,7.250385390005429677e-03
5.315790000000000237e-01,7.250385390005429677e-03
5.317180000000000240e-01,7.250385390005429677e-03
5.318570000000000242e-01,7.250385390005429677e-03
5.319960000000000244e-01,7.250385390005429677e-03
5.320000000000000284e-01,7.250385390005429677e-03
5.321402000000000632e-01,7.250385390005429677e-03
5.322804000000000979e-01,7.250385390005429677e-03
5.324206000000001326e-01,7.250385390005429677e-03
5.325608000000001674e-01,7.250385390005429677e-03
5.327010000000002021e-01,7.250385390005429677e-03
5.328412000000002369e-01,7.250385390005429677e-03
5.329814000000002716e-01,7.250385390005429677e-03
5.331216000000003064e-01,7.250385390005429677e-03
5.332618000000003411e-01,7.250385390005429677e-03
5.334020000000003758e-01,7.250385390005429677e-03
5.335422000000004106e-01,7.250385390005429677e-03
5.336824000000004453e-01,7.250385390005429677e-03
5.338226000000004801e-01,7.250385390005429677e-03
5.339628000000005148e-01,7.250385390005429677e-03
5.340099999999999847e-01,7.250385390005429677e-03
5.341504000000000252e-01,7.250385390005429677e-03
5.342908000000000657e-01,7.250385390005429677e-03
5.344312000000001062e-01,7.250385390005429677e-03
5.345716000000001467e-01,7.250385390005429677e-03
5.347120000000001871e-01,7.250385390005429677e-03
5.348524000000002276e-01,7.250385390005429677e-03
5.349928000000002681e-01,7.250385390005429677e-03
5.351332000000003086e-01,7.250385390005429677e-03
5.352736000000003491e-01,7.250385390005429677e-03
5.354140000000003896e-01,7.250385390005429677e-03
5.355544000000004301e-01,7.250385390005429677e-03
5.356948000000004706e-01,7.250385390005429677e-03
5.358352000000005111e-01,7.250385390005429677e-03
5.359756000000005516e-01,7.250385390005429677e-03
5.360300000000000065e-01,7.250385390005429677e-03
5.361702000000000412e-01,7.250385390005429677e-03
5.363104000000000759e-01,7.250385390005429677e-03
5.364506000000001107e-01,7.250385390005429677e-03
5.365908000000001454e-01,7.250385390005429677e-03
5.367310000000001802e-01,7.250385390005429677e-03
5.368712000000002149e-01,7.250385390005429677e-03
5.370114000000002497e-01,7.250385390005429677e-03
5.371516000000002844e-01,7.250385390005429677e-03
5.372918000000003191e-01,7.250385390005429677e-03
5.374320000000003539e-01,7.250385390005429677e-03
5.375722000000003886e-01,7.250385390005429677e-03
5.377124000000004234e-01,7.250385390005429677e-03
5.378526000000004581e-01,7.250385390005429677e-03
5.379928000000004928e-01,7.250385390005429677e-03
5.380399999999999627e-01,7.250385390005429677e-03
5.381789999999999630e-01,7.250385390005429677e-03
5.383179999999999632e-01,7.250385390005429677e-03
5.384569999999999634e-01,7.250385390005429677e-03
5.385959999999999637e-01,7.250385390005429677e-03
5.387349999999999639e-01,7.250385390005429677e-03
5.388739999999999641e-01,7.250385390005429677e-03
5.390129999999999644e-01,7.250385390005429677e-03
5.391519999999999646e-01,7.250385390005429677e-03
5.392909999999999648e-01,7.250385390005429677e-03
5.394299999999999651e-01,7.250385390005429677e-03
5.395689999999999653e-01,7.250385390005429677e-03
5.397079999999999655e-01,7.250385390005429677e-03
5.398469999999999658e-01,7.250385390005429677e-03
5.399859999999999660e-01,7.250385390005429677e-03
5.399899999999999700e-01,7.250385390005429677e-03
5.401304000000000105e-01,7.250385390005429677e-03
5.402708000000000510e-01,7.250385390005429677e-03
5.404112000000000915e-01,7.250385390005429677e-03
5.405516000000001320e-01,7.250385390005429677e-03
5.406920000000001725e-01,7.250385390005429677e-03
5.408324000000002130e-01,7.250385390005429677e-03
5.409728000000002535e-01,7.250385390005429677e-03
5.411132000000002940e-01,7.250385390005429677e-03
5.412536000000003344e-01,7.250385390005429677e-03
5.413940000000003749e-01,7.250385390005429677e-03
5.415344000000004154e-01,7.250385390005429677e-03
5.416748000000004559e-01,7.250385390005429677e-03
5.418152000000004964e-01,7.250385390005429677e-03
5.419556000000005369e-01,7.250385390005429677e-03
5.420099999999999918e-01,7.250385390005429677e-03
5.421502000000000265e-01,7.250385390005429677e-03
5.422904000000000613e-01,7.250385390005429677e-03
5.424306000000000960e-01,7.250385390005429677e-03
5.425708000000001308e-01,7.250385390005429677e-03
5.427110000000001655e-01,7.250385390005429677e-03
5.428512000000002002e-01,7.250385390005429677e-03
5.429914000000002350e-01,7.250385390005429677e-03
5.431316000000002697e-01,7.250385390005429677e-03
5.432718000000003045e-01,7.250385390005429677e-03
5.434120000000003392e-01,7.250385390005429677e-03
5.435522000000003739e-01,7.250385390005429677e-03
5.436924000000004087e-01,7.250385390005429677e-03
5.438326000000004434e-01,7.250385390005429677e-03
5.439728000000004782e-01,7.250385390005429677e-03
5.440199999999999481e-01,7.250385390005429677e-03
5.441603999999999886e-01,7.250385390005429677e-03
5.443008000000000290e-01,7.250385390005429677e-03
5.444412000000000695e-01,7.250385390005429677e-03
5.445816000000001100e-01,7.250385390005429677e-03
5.447220000000001505e-01,7.250385390005429677e-03
5.448624000000001910e-01,7.250385390005429677e-03
5.450028000000002315e-01,7.250385390005429677e-03
5.451432000000002720e-01,7.250385390005429677e-03
5.452836000000003125e-01,7.250385390005429677e-03
5.454240000000003530e-01,7.250385390005429677e-03
5.455644000000003935e-01,7.250385390005429677e-03
5.457048000000004340e-01,7.250385390005429677e-03
5.458452000000004745e-01,7.250385390005429677e-03
5.459856000000005150e-01,7.250385390005429677e-03
5.460399999999999698e-01,7.250385390005429677e-03
5.461789999999999701e-01,7.250385390005429677e-03
5.463179999999999703e-01,7.250385390005429677e-03
5.464569999999999705e-01,7.250385390005429677e-03
5.465959999999999708e-01,7.250385390005429677e-03
5.467349999999999710e-01,7.250385390005429677e-03
5.468739999999999712e-01,7.250385390005429677e-03
5.470129999999999715e-01,7.250385390005429677e-03
5.471519999999999717e-01,7.250385390005429677e-03
5.472909999999999719e-01,7.250385390005429677e-03
5.474299999999999722e-01,7.250385390005429677e-03
5.475689999999999724e-01,7.250385390005429677e-03
5.477079999999999727e-01,7.250385390005429677e-03
5.478469999999999729e-01,7.250385390005429677e-03
5.479859999999999731e-01,7.250385390005429677e-03
5.479899999999999771e-01,7.250385390005429677e-03
5.481302000000000119e-01,7.250385390005429677e-03
5.482704000000000466e-01,7.250385390005429677e-03
5.484106000000000813e-01,7.250385390005429677e-03
5.485508000000001161e-01,7.250385390005429677e-03
5.486910000000001508e-01,7.250385390005429677e-03
5.488312000000001856e-01,7.250385390005429677e-03
5.489714000000002203e-01,7.250385390005429677e-03
5.491116000000002551e-01,7.250385390005429677e-03
5.492518000000002898e-01,7.250385390005429677e-03
5.493920000000003245e-01,7.250385390005429677e-03
5.495322000000003593e-01,7.250385390005429677e-03
5.496724000000003940e-01,7.250385390005429677e-03
5.498126000000004288e-01,7.250385390005429677e-03
5.499528000000004635e-01,7.250385390005429677e-03
5.500000000000000444e-01,7.250385390005429677e-03
5.501404000000000849e-01,7.250385390005429677e-03
5.502808000000001254e-01,7.250385390005429677e-03
5.504212000000001659e-01,7.250385390005429677e-03
5.505616000000002064e-01,7.250385390005429677e-03
5.507020000000002469e-01,7.250385390005429677e-03
5.508424000000002874e-01,7.250385390005429677e-03
5.509828000000003279e-01,7.250385390005429677e-03
5.511232000000003683e-01,7.250385390005429677e-03
5.512636000000004088e-01,7.250385390005429677e-03
5.514040000000004493e-01,7.250385390005429677e-03
5.515444000000004898e-01,7.250385390005429677e-03
5.516848000000005303e-01,7.250385390005429677e-03
5.518252000000005708e-01,7.250385390005429677e-03
5.519656000000006113e-01,7.250385390005429677e-03
5.520199999999999552e-01,7.250385390005429677e-03
5.521601999999999899e-01,7.250385390005429677e-03
5.523004000000000246e-01,7.250385390005429677e-03
5.524406000000000594e-01,7.250385390005429677e-03
5.525808000000000941e-01,7.250385390005429677e-03
5.527210000000001289e-01,7.250385390005429677e-03
5.528612000000001636e-01,7.250385390005429677e-03
5.530014000000001984e-01,7.250385390005429677e-03
5.531416000000002331e-01,7.250385390005429677e-03
5.532818000000002678e-01,7.250385390005429677e-03
5.534220000000003026e-01,7.250385390005429677e-03
5.535622000000003373e-01,7.250385390005429677e-03
5.537024000000003721e-01,7.250385390005429677e-03
5.538426000000004068e-01,7.250385390005429677e-03
5.539828000000004415e-01,7.250385390005429677e-03
5.540300000000000225e-01,7.250385390005429677e-03
5.541704000000000629e-01,7.250385390005429677e-03
5.543108000000001034e-01,7.250385390005429677e-03
5.544512000000001439e-01,7.250385390005429677e-03
5.545916000000001844e-01,7.250385390005429677e-03
5.547320000000002249e-01,7.250385390005429677e-03
5.548724000000002654e-01,7.250385390005429677e-03
5.550128000000003059e-01,7.250385390005429677e-03
5.551532000000003464e-01,7.250385390005429677e-03
5.552936000000003869e-01,7.250385390005429677e-03
5.554340000000004274e-01,7.250385390005429677e-03
5.555744000000004679e-01,7.250385390005429677e-03
5.557148000000005084e-01,7.250385390005429677e-03
5.558552000000005489e-01,7.250385390005429677e-03
5.559956000000005893e-01,7.250385390005429677e-03
5.560500000000000442e-01,7.250385390005429677e-03
5.561890000000000445e-01,7.250385390005429677e-03
5.563280000000000447e-01,7.250385390005429677e-03
5.564670000000000449e-01,7.250385390005429677e-03
5.566060000000000452e-01,7.250385390005429677e-03
5.567450000000000454e-01,7.250385390005429677e-03
5.568840000000000456e-01,7.250385390005429677e-03
5.570230000000000459e-01,7.250385390005429677e-03
5.571620000000000461e-01,7.250385390005429677e-03
5.573010000000000463e-01,7.250385390005429677e-03
5.574400000000000466e-01,7.250385390005429677e-03
5.575790000000000468e-01,7.250385390005429677e-03
5.577180000000000470e-01,7.250385390005429677e-03
5.578570000000000473e-01,7.250385390005429677e-03
5.579960000000000475e-01,7.250385390005429677e-03
5.580000000000000515e-01,7.250385390005429677e-03
5.581402000000000863e-01,7.250385390005429677e-03
5.582804000000001210e-01,7.250385390005429677e-03
5.584206000000001557e-01,7.250385390005429677e-03
5.585608000000001905e-01,7.250385390005429677e-03
5.587010000000002252e-01,7.250385390005429677e-03
5.588412000000002600e-01,7.250385390005429677e-03
5.589814000000002947e-01,7.250385390005429677e-03
5.591216000000003294e-01,7.250385390005429677e-03
5.592618000000003642e-01,7.250385390005429677e-03
5.594020000000003989e-01,7.250385390005429677e-03
5.595422000000004337e-01,7.250385390005429677e-03
5.596824000000004684e-01,7.250385390005429677e-03
5.598226000000005032e-01,7.250385390005429677e-03
5.599628000000005379e-01,7.250385390005429677e-03
5.600100000000000078e-01,7.250385390005429677e-03
5.601504000000000483e-01,7.250385390005429677e-03
5.602908000000000888e-01,7.250385390005429677e-03
5.604312000000001293e-01,7.250385390005429677e-03
5.605716000000001698e-01,7.250385390005429677e-03
5.607120000000002102e-01,7.250385390005429677e-03
5.608524000000002507e-01,7.250385390005429677e-03
5.609928000000002912e-01,7.250385390005429677e-03
5.611332000000003317e-01,7.250385390005429677e-03
5.612736000000003722e-01,7.250385390005429677e-03
5.614140000000004127e-01,7.250385390005429677e-03
5.615544000000004532e-01,7.250385390005429677e-03
5.616948000000004937e-01,7.250385390005429677e-03
5.618352000000005342e-01,7.250385390005429677e-03
5.619756000000005747e-01,7.250385390005429677e-03
5.620300000000000296e-01,7.250385390005429677e-03
5.621702000000000643e-01,7.250385390005429677e-03
5.623104000000000990e-01,7.250385390005429677e-03
5.624506000000001338e-01,7.250385390005429677e-03
5.625908000000001685e-01,7.250385390005429677e-03
5.627310000000002033e-01,7.250385390005429677e-03
5.628712000000002380e-01,7.250385390005429677e-03
5.630114000000002727e-01,7.250385390005429677e-03
5.631516000000003075e-01,7.250385390005429677e-03
5.632918000000003422e-01,7.250385390005429677e-03
5.634320000000003770e-01,7.250385390005429677e-03
5.635722000000004117e-01,7.250385390005429677e-03
5.637124000000004465e-01,7.250385390005429677e-03
5.638526000000004812e-01,7.250385390005429677e-03
5.639928000000005159e-01,7.250385390005429677e-03
5.640399999999999858e-01,7.250385390005429677e-03
5.641791999999999918e-01,7.250385390005429677e-03
5.643183999999999978e-01,7.250385390005429677e-03
5.644576000000000038e-01,7.250385390005429677e-03
5.645968000000000098e-01,7.250385390005429677e-03
5.647360000000000158e-01,7.250385390005429677e-03
5.648752000000000217e-01,7.250385390005429677e-03
5.650144000000000277e-01,7.250385390005429677e-03
5.651536000000000337e-01,7.250385390005429677e-03
5.652928000000000397e-01,7.250385390005429677e-03
5.654320000000000457e-01,7.250385390005429677e-03
5.655712000000000517e-01,7.250385390005429677e-03
5.657104000000000577e-01,7.250385390005429677e-03
5.658496000000000636e-01,7.250385390005429677e-03
5.659888000000000696e-01,7.250385390005429677e-03
5.659999999999999476e-01,7.250385390005429677e-03
5.661401999999999823e-01,7.250385390005429677e-03
5.662804000000000171e-01,7.250385390005429677e-03
5.664206000000000518e-01,7.250385390005429677e-03
5.665608000000000866e-01,7.250385390005429677e-03
5.667010000000001213e-01,7.250385390005429677e-03
5.668412000000001560e-01,7.250385390005429677e-03
5.669814000000001908e-01,7.250385390005429677e-03
5.671216000000002255e-01,7.250385390005429677e-03
5.672618000000002603e-01,7.250385390005429677e-03
5.674020000000002950e-01,7.250385390005429677e-03
5.675422000000003298e-01,7.250385390005429677e-03
5.676824000000003645e-01,7.250385390005429677e-03
5.678226000000003992e-01,7.250385390005429677e-03
5.679628000000004340e-01,7.250385390005429677e-03
5.680100000000000149e-01,7.250385390005429677e-03
5.681502000000000496e-01,7.250385390005429677e-03
5.682904000000000844e-01,7.250385390005429677e-03
5.684306000000001191e-01,7.250385390005429677e-03
5.685708000000001539e-01,7.250385390005429677e-03
5.687110000000001886e-01,7.250385390005429677e-03
5.688512000000002233e-01,7.250385390005429677e-03
5.689914000000002581e-01,7.250385390005429677e-03
5.691316000000002928e-01,7.250385390005429677e-03
5.692718000000003276e-01,7.250385390005429677e-03
5.694120000000003623e-01,7.250385390005429677e-03
5.695522000000003970e-01,7.250385390005429677e-03
5.696924000000004318e-01,7.250385390005429677e-03
5.698326000000004665e-01,7.250385390005429677e-03
5.699728000000005013e-01,7.250385390005429677e-03
5.700199999999999712e-01,7.250385390005429677e-03
5.701604000000000116e-01,7.250385390005429677e-03
5.703008000000000521e-01,7.250385390005429677e-03
5.704412000000000926e-01,7.250385390005429677e-03
5.705816000000001331e-01,7.250385390005429677e-03
5.707220000000001736e-01,7.250385390005429677e-03
5.708624000000002141e-01,7.250385390005429677e-03
5.710028000000002546e-01,7.250385390005429677e-03
5.711432000000002951e-01,7.250385390005429677e-03
5.712836000000003356e-01,7.250385390005429677e-03
5.714240000000003761e-01,7.250385390005429677e-03
5.715644000000004166e-01,7.250385390005429677e-03
5.717048000000004571e-01,7.250385390005429677e-03
5.718452000000004976e-01,7.250385390005429677e-03
5.719856000000005380e-01,7.250385390005429677e-03
5.720399999999999929e-01,7.250385390005429677e-03
5.721789999999999932e-01,7.250385390005429677e-03
5.723179999999999934e-01,7.250385390005429677e-03
5.724569999999999936e-01,7.250385390005429677e-03
5.725959999999999939e-01,7.250385390005429677e-03
5.727349999999999941e-01,7.250385390005429677e-03
5.728739999999999943e-01,7.250385390005429677e-03
5.730129999999999946e-01,7.250385390005429677e-03
5.731519999999999948e-01,7.250385390005429677e-03
5.732909999999999950e-01,7.250385390005429677e-03
5.734299999999999953e-01,7.250385390005429677e-03
5.735689999999999955e-01,7.250385390005429677e-03
5.737079999999999957e-01,7.250385390005429677e-03
5.738469999999999960e-01,7.250385390005429677e-03
5.739859999999999962e-01,7.250385390005429677e-03
5.739900000000000002e-01,7.250385390005429677e-03
5.741304000000000407e-01,7.250385390005429677e-03
5.742708000000000812e-01,7.250385390005429677e-03
5.744112000000001217e-01,7.250385390005429677e-03
5.745516000000001622e-01,7.250385390005429677e-03
5.746920000000002027e-01,7.250385390005429677e-03
5.748324000000002432e-01,7.250385390005429677e-03
5.749728000000002837e-01,7.250385390005429677e-03
5.751132000000003242e-01,7.250385390005429677e-03
5.752536000000003646e-01,7.250385390005429677e-03
5.753940000000004051e-01,7.250385390005429677e-03
5.755344000000004456e-01,7.250385390005429677e-03
5.756748000000004861e-01,7.250385390005429677e-03
5.758152000000005266e-01,7.250385390005429677e-03
5.759556000000005671e-01,7.250385390005429677e-03
5.760100000000000220e-01,7.250385390005429677e-03
5.761502000000000567e-01,7.250385390005429677e-03
5.762904000000000915e-01,7.250385390005429677e-03
5.764306000000001262e-01,7.250385390005429677e-03
5.765708000000001610e-01,7.250385390005429677e-03
5.767110000000001957e-01,7.250385390005429677e-03
5.768512000000002304e-01,7.250385390005429677e-03
5.769914000000002652e-01,7.250385390005429677e-03
5.771316000000002999e-01,7.250385390005429677e-03
5.772718000000003347e-01,7.250385390005429677e-03
5.774120000000003694e-01,7.250385390005429677e-03
5.775522000000004041e-01,7.250385390005429677e-03
5.776924000000004389e-01,7.250385390005429677e-03
5.778326000000004736e-01,7.250385390005429677e-03
5.779728000000005084e-01,7.250385390005429677e-03
5.780199999999999783e-01,7.250385390005429677e-03
5.781602000000000130e-01,7.250385390005429677e-03
5.783004000000000477e-01,7.250385390005429677e-03
5.784406000000000825e-01,7.250385390005429677e-03
5.785808000000001172e-01,7.250385390005429677e-03
5.787210000000001520e-01,7.250385390005429677e-03
5.788612000000001867e-01,7.250385390005429677e-03
5.790014000000002214e-01,7.250385390005429677e-03
5.791416000000002562e-01,7.250385390005429677e-03
5.792818000000002909e-01,7.250385390005429677e-03
5.794220000000003257e-01,7.250385390005429677e-03
5.795622000000003604e-01,7.250385390005429677e-03
5.797024000000003952e-01,7.250385390005429677e-03
5.798426000000004299e-01,7.250385390005429677e-03
5.799828000000004646e-01,7.250385390005429677e-03
5.800300000000000455e-01,7.250385390005429677e-03
5.801692000000000515e-01,7.250385390005429677e-03
5.803084000000000575e-01,7.250385390005429677e-03
5.804476000000000635e-01,7.250385390005429677e-03
5.805868000000000695e-01,7.250385390005429677e-03
5.807260000000000755e-01,7.250385390005429677e-03
5.808652000000000815e-01,7.250385390005429677e-03
5.810044000000000874e-01,7.250385390005429677e-03
5.811436000000000934e-01,7.250385390005429677e-03
5.812828000000000994e-01,7.250385390005429677e-03
5.814220000000001054e-01,7.250385390005429677e-03
5.815612000000001114e-01,7.250385390005429677e-03
5.817004000000001174e-01,7.250385390005429677e-03
5.818396000000001234e-01,7.250385390005429677e-03
5.819788000000001293e-01,7.250385390005429677e-03
5.819900000000000073e-01,7.250385390005429677e-03
5.821302000000000421e-01,7.250385390005429677e-03
5.822704000000000768e-01,7.250385390005429677e-03
5.824106000000001115e-01,7.250385390005429677e-03
5.825508000000001463e-01,7.250385390005429677e-03
5.826910000000001810e-01,7.250385390005429677e-03
5.828312000000002158e-01,7.250385390005429677e-03
5.829714000000002505e-01,7.250385390005429677e-03
5.831116000000002852e-01,7.250385390005429677e-03
5.832518000000003200e-01,7.250385390005429677e-03
5.833920000000003547e-01,7.250385390005429677e-03
5.835322000000003895e-01,7.250385390005429677e-03
5.836724000000004242e-01,7.250385390005429677e-03
5.838126000000004590e-01,7.250385390005429677e-03
5.839528000000004937e-01,7.250385390005429677e-03
5.839999999999999636e-01,7.250385390005429677e-03
5.841404000000000041e-01,7.250385390005429677e-03
5.842808000000000446e-01,7.250385390005429677e-03
5.844212000000000851e-01,7.250385390005429677e-03
5.845616000000001256e-01,7.250385390005429677e-03
5.847020000000001660e-01,7.250385390005429677e-03
5.848424000000002065e-01,7.250385390005429677e-03
5.849828000000002470e-01,7.250385390005429677e-03
5.851232000000002875e-01,7.250385390005429677e-03
5.852636000000003280e-01,7.250385390005429677e-03
5.854040000000003685e-01,7.250385390005429677e-03
5.855444000000004090e-01,7.250385390005429677e-03
5.856848000000004495e-01,7.250385390005429677e-03
5.858252000000004900e-01,7.250385390005429677e-03
5.859656000000005305e-01,7.250385390005429677e-03
5.860199999999999854e-01,7.250385390005429677e-03
5.861602000000000201e-01,7.250385390005429677e-03
5.863004000000000548e-01,7.250385390005429677e-03
5.864406000000000896e-01,7.250385390005429677e-03
5.865808000000001243e-01,7.250385390005429677e-03
5.867210000000001591e-01,7.250385390005429677e-03
5.868612000000001938e-01,7.250385390005429677e-03
5.870014000000002286e-01,7.250385390005429677e-03
5.871416000000002633e-01,7.250385390005429677e-03
5.872818000000002980e-01,7.250385390005429677e-03
5.874220000000003328e-01,7.250385390005429677e-03
5.875622000000003675e-01,7.250385390005429677e-03
5.877024000000004023e-01,7.250385390005429677e-03
5.878426000000004370e-01,7.250385390005429677e-03
5.879828000000004717e-01,7.250385390005429677e-03
5.880300000000000527e-01,7.250385390005429677e-03
5.881702000000000874e-01,7.250385390005429677e-03
5.883104000000001221e-01,7.250385390005429677e-03
5.884506000000001569e-01,7.250385390005429677e-03
5.885908000000001916e-01,7.250385390005429677e-03
5.887310000000002264e-01,7.250385390005429677e-03
5.888712000000002611e-01,7.250385390005429677e-03
5.890114000000002958e-01,7.250385390005429677e-03
5.891516000000003306e-01,7.250385390005429677e-03
5.892918000000003653e-01,7.250385390005429677e-03
5.894320000000004001e-01,7.250385390005429677e-03
5.895722000000004348e-01,7.250385390005429677e-03
5.897124000000004695e-01,7.250385390005429677e-03
5.898526000000005043e-01,7.250385390005429677e-03
5.899928000000005390e-01,7.250385390005429677e-03
5.900400000000000089e-01,7.250385390005429677e-03
5.901792000000000149e-01,7.250385390005429677e-03
5.903184000000000209e-01,7.250385390005429677e-03
5.904576000000000269e-01,7.250385390005429677e-03
5.905968000000000329e-01,7.250385390005429677e-03
5.907360000000000388e-01,7.250385390005429677e-03
5.908752000000000448e-01,7.250385390005429677e-03
5.910144000000000508e-01,7.250385390005429677e-03
5.911536000000000568e-01,7.250385390005429677e-03
5.912928000000000628e-01,7.250385390005429677e-03
5.914320000000000688e-01,7.250385390005429677e-03
5.915712000000000748e-01,7.250385390005429677e-03
5.917104000000000807e-01,7.250385390005429677e-03
5.918496000000000867e-01,7.250385390005429677e-03
5.919888000000000927e-01,7.250385390005429677e-03
5.919999999999999707e-01,7.250385390005429677e-03
5.921402000000000054e-01,7.250385390005429677e-03
5.922804000000000402e-01,7.250385390005429677e-03
5.924206000000000749e-01,7.250385390005429677e-03
5.925608000000001097e-01,7.250385390005429677e-03
5.927010000000001444e-01,7.250385390005429677e-03
5.928412000000001791e-01,7.250385390005429677e-03
5.929814000000002139e-01,7.250385390005429677e-03
5.931216000000002486e-01,7.250385390005429677e-03
5.932618000000002834e-01,7.250385390005429677e-03
5.934020000000003181e-01,7.250385390005429677e-03
5.935422000000003528e-01,7.250385390005429677e-03
5.936824000000003876e-01,7.250385390005429677e-03
5.938226000000004223e-01,7.250385390005429677e-03
5.939628000000004571e-01,7.250385390005429677e-03
5.940100000000000380e-01,7.250385390005429677e-03
5.941504000000000785e-01,7.250385390005429677e-03
5.942908000000001190e-01,7.250385390005429677e-03
5.944312000000001595e-01,7.250385390005429677e-03
5.945716000000001999e-01,7.250385390005429677e-03
5.947120000000002404e-01,7.250385390005429677e-03
5.948524000000002809e-01,7.250385390005429677e-03
5.949928000000003214e-01,7.250385390005429677e-03
5.951332000000003619e-01,7.250385390005429677e-03
5.952736000000004024e-01,7.250385390005429677e-03
5.954140000000004429e-01,7.250385390005429677e-03
5.955544000000004834e-01,7.250385390005429677e-03
5.956948000000005239e-01,7.250385390005429677e-03
5.958352000000005644e-01,7.250385390005429677e-03
5.959756000000006049e-01,7.250385390005429677e-03
5.960299999999999487e-01,7.250385390005429677e-03
5.961701999999999835e-01,7.250385390005429677e-03
5.963104000000000182e-01,7.250385390005429677e-03
5.964506000000000530e-01,7.250385390005429677e-03
5.965908000000000877e-01,7.250385390005429677e-03
5.967310000000001224e-01,7.250385390005429677e-03
5.968712000000001572e-01,7.250385390005429677e-03
5.970114000000001919e-01,7.250385390005429677e-03
5.971516000000002267e-01,7.250385390005429677e-03
5.972918000000002614e-01,7.250385390005429677e-03
5.974320000000002961e-01,7.250385390005429677e-03
5.975722000000003309e-01,7.250385390005429677e-03
5.977124000000003656e-01,7.250385390005429677e-03
5.978526000000004004e-01,7.250385390005429677e-03
5.979928000000004351e-01,7.250385390005429677e-03
5.980400000000000160e-01,7.250385390005429677e-03
5.981790000000000163e-01,7.250385390005429677e-03
5.983180000000000165e-01,7.250385390005429677e-03
5.984570000000000167e-01,7.250385390005429677e-03
5.985960000000000170e-01,7.250385390005429677e-03
5.987350000000000172e-01,7.250385390005429677e-03
5.988740000000000174e-01,7.250385390005429677e-03
5.990130000000000177e-01,7.250385390005429677e-03
5.991520000000000179e-01,7.250385390005429677e-03
5.992910000000000181e-01,7.250385390005429677e-03
5.994300000000000184e-01,7.250385390005429677e-03
5.995690000000000186e-01,7.250385390005429677e-03
5.997080000000000188e-01,7.250385390005429677e-03
5.998470000000000191e-01,7.250385390005429677e-03
5.999860000000000193e-01,7.250385390005429677e-03
5.999900000000000233e-01,7.250385390005429677e-03
6.001304000000000638e-01,7.250385390005429677e-03
6.002708000000001043e-01,7.250385390005429677e-03
6.004112000000001448e-01,7.250385390005429677e-03
6.005516000000001853e-01,7.250385390005429677e-03
6.006920000000002258e-01,7.250385390005429677e-03
6.008324000000002663e-01,7.250385390005429677e-03
6.009728000000003068e-01,7.250385390005429677e-03
6.011132000000003472e-01,7.250385390005429677e-03
6.012536000000003877e-01,7.250385390005429677e-03
6.013940000000004282e-01,7.250385390005429677e-03
6.015344000000004687e-01,7.250385390005429677e-03
6.016748000000005092e-01,7.250385390005429677e-03
6.018152000000005497e-01,7.250385390005429677e-03
6.019556000000005902e-01,7.250385390005429677e-03
6.020100000000000451e-01,7.250385390005429677e-03
6.021502000000000798e-01,7.250385390005429677e-03
6.022904000000001146e-01,7.250385390005429677e-03
6.024306000000001493e-01,7.250385390005429677e-03
6.025708000000001840e-01,7.250385390005429677e-03
6.027110000000002188e-01,7.250385390005429677e-03
6.028512000000002535e-01,7.250385390005429677e-03
6.029914000000002883e-01,7.250385390005429677e-03
6.031316000000003230e-01,7.250385390005429677e-03
6.032718000000003578e-01,7.250385390005429677e-03
6.034120000000003925e-01,7.250385390005429677e-03
6.035522000000004272e-01,7.250385390005429677e-03
6.036924000000004620e-01,7.250385390005429677e-03
6.038326000000004967e-01,7.250385390005429677e-03
6.039728000000005315e-01,7.250385390005429677e-03
6.040200000000000014e-01,7.250385390005429677e-03
6.041602000000000361e-01,7.250385390005429677e-03
6.043004000000000708e-01,7.250385390005429677e-03
6.044406000000001056e-01,7.250385390005429677e-03
6.045808000000001403e-01,7.250385390005429677e-03
6.047210000000001751e-01,7.250385390005429677e-03
6.048612000000002098e-01,7.250385390005429677e-03
6.050014000000002445e-01,7.250385390005429677e-03
6.051416000000002793e-01,7.250385390005429677e-03
6.052818000000003140e-01,7.250385390005429677e-03
6.054220000000003488e-01,7.250385390005429677e-03
6.055622000000003835e-01,7.250385390005429677e-03
6.057024000000004182e-01,7.250385390005429677e-03
6.058426000000004530e-01,7.250385390005429677e-03
6.059828000000004877e-01,7.250385390005429677e-03
6.060299999999999576e-01,7.250385390005429677e-03
6.061691999999999636e-01,7.250385390005429677e-03
6.063083999999999696e-01,7.250385390005429677e-03
6.064475999999999756e-01,7.250385390005429677e-03
6.065867999999999816e-01,7.250385390005429677e-03
6.067259999999999875e-01,7.250385390005429677e-03
6.068651999999999935e-01,7.250385390005429677e-03
6.070043999999999995e-01,7.250385390005429677e-03
6.071436000000000055e-01,7.250385390005429677e-03
6.072828000000000115e-01,7.250385390005429677e-03
6.074220000000000175e-01,7.250385390005429677e-03
6.075612000000000235e-01,7.250385390005429677e-03
6.077004000000000294e-01,7.250385390005429677e-03
6.078396000000000354e-01,7.250385390005429677e-03
6.079788000000000414e-01,7.250385390005429677e-03
6.079900000000000304e-01,7.250385390005429677e-03
6.081302000000000652e-01,7.250385390005429677e-03
6.082704000000000999e-01,7.250385390005429677e-03
6.084106000000001346e-01,7.250385390005429677e-03
6.085508000000001694e-01,7.250385390005429677e-03
6.086910000000002041e-01,7.250385390005429677e-03
6.088312000000002389e-01,7.250385390005429677e-03
6.089714000000002736e-01,7.250385390005429677e-03
6.091116000000003083e-01,7.250385390005429677e-03
6.092518000000003431e-01,7.250385390005429677e-03
6.093920000000003778e-01,7.250385390005429677e-03
6.095322000000004126e-01,7.250385390005429677e-03
6.096724000000004473e-01,7.250385390005429677e-03
6.098126000000004820e-01,7.250385390005429677e-03
6.099528000000005168e-01,7.250385390005429677e-03
6.099999999999999867e-01,7.250385390005429677e-03
6.101404000000000272e-01,7.250385390005429677e-03
6.102808000000000677e-01,7.250385390005429677e-03
6.104212000000001082e-01,7.250385390005429677e-03
6.105616000000001486e-01,7.250385390005429677e-03
6.107020000000001891e-01,7.250385390005429677e-03
6.108424000000002296e-01,7.250385390005429677e-03
6.109828000000002701e-01,7.250385390005429677e-03
6.111232000000003106e-01,7.250385390005429677e-03
6.112636000000003511e-01,7.250385390005429677e-03
6.114040000000003916e-01,7.250385390005429677e-03
6.115444000000004321e-01,7.250385390005429677e-03
6.116848000000004726e-01,7.250385390005429677e-03
6.118252000000005131e-01,7.250385390005429677e-03
6.119656000000005536e-01,7.250385390005429677e-03
6.120200000000000085e-01,7.250385390005429677e-03
6.121602000000000432e-01,7.250385390005429677e-03
6.123004000000000779e-01,7.250385390005429677e-03
6.124406000000001127e-01,7.250385390005429677e-03
6.125808000000001474e-01,7.250385390005429677e-03
6.127210000000001822e-01,7.250385390005429677e-03
6.128612000000002169e-01,7.250385390005429677e-03
6.130014000000002516e-01,7.250385390005429677e-03
6.131416000000002864e-01,7.250385390005429677e-03
6.132818000000003211e-01,7.250385390005429677e-03
6.134220000000003559e-01,7.250385390005429677e-03
6.135622000000003906e-01,7.250385390005429677e-03
6.137024000000004254e-01,7.250385390005429677e-03
6.138426000000004601e-01,7.250385390005429677e-03
6.139828000000004948e-01,7.250385390005429677e-03
6.140299999999999647e-01,7.250385390005429677e-03
6.141701999999999995e-01,7.250385390005429677e-03
6.143104000000000342e-01,7.250385390005429677e-03
6.144506000000000689e-01,7.250385390005429677e-03
6.145908000000001037e-01,7.250385390005429677e-03
6.147310000000001384e-01,7.250385390005429677e-03
6.148712000000001732e-01,7.250385390005429677e-03
6.150114000000002079e-01,7.250385390005429677e-03
6.151516000000002427e-01,7.250385390005429677e-03
6.152918000000002774e-01,7.250385390005429677e-03
6.154320000000003121e-01,7.250385390005429677e-03
6.155722000000003469e-01,7.250385390005429677e-03
6.157124000000003816e-01,7.250385390005429677e-03
6.158526000000004164e-01,7.250385390005429677e-03
6.159928000000004511e-01,7.250385390005429677e-03
6.160400000000000320e-01,7.250385390005429677e-03
6.161792000000000380e-01,7.250385390005429677e-03
6.163184000000000440e-01,7.250385390005429677e-03
6.164576000000000500e-01,7.250385390005429677e-03
6.165968000000000560e-01,7.250385390005429677e-03
6.167360000000000619e-01,7.250385390005429677e-03
6.168752000000000679e-01,7.250385390005429677e-03
6.170144000000000739e-01,7.250385390005429677e-03
6.171536000000000799e-01,7.250385390005429677e-03
6.172928000000000859e-01,7.250385390005429677e-03
6.174320000000000919e-01,7.250385390005429677e-03
6.175712000000000979e-01,7.250385390005429677e-03
6.177104000000001038e-01,7.250385390005429677e-03
6.178496000000001098e-01,7.250385390005429677e-03
6.179888000000001158e-01,7.250385390005429677e-03
6.179999999999999938e-01,7.250385390005429677e-03
6.181402000000000285e-01,7.250385390005429677e-03
6.182804000000000633e-01,7.250385390005429677e-03
6.184206000000000980e-01,7.250385390005429677e-03
6.185608000000001327e-01,7.250385390005429677e-03
6.187010000000001675e-01,7.250385390005429677e-03
6.188412000000002022e-01,7.250385390005429677e-03
6.189814000000002370e-01,7.250385390005429677e-03
6.191216000000002717e-01,7.250385390005429677e-03
6.192618000000003065e-01,7.250385390005429677e-03
6.194020000000003412e-01,7.250385390005429677e-03
6.195422000000003759e-01,7.250385390005429677e-03
6.196824000000004107e-01,7.250385390005429677e-03
6.198226000000004454e-01,7.250385390005429677e-03
6.199628000000004802e-01,7.250385390005429677e-03
6.200099999999999500e-01,7.250385390005429677e-03
6.201503999999999905e-01,7.250385390005429677e-03
6.202908000000000310e-01,7.250385390005429677e-03
6.204312000000000715e-01,7.250385390005429677e-03
6.205716000000001120e-01,7.250385390005429677e-03
6.207120000000001525e-01,7.250385390005429677e-03
6.208524000000001930e-01,7.250385390005429677e-03
6.209928000000002335e-01,7.250385390005429677e-03
6.211332000000002740e-01,7.250385390005429677e-03
6.212736000000003145e-01,7.250385390005429677e-03
6.214140000000003550e-01,7.250385390005429677e-03
6.215544000000003955e-01,7.250385390005429677e-03
6.216948000000004360e-01,7.250385390005429677e-03
6.218352000000004765e-01,7.250385390005429677e-03
6.219756000000005169e-01,7.250385390005429677e-03
6.220299999999999718e-01,7.250385390005429677e-03
6.221702000000000066e-01,7.250385390005429677e-03
6.223104000000000413e-01,7.250385390005429677e-03
6.224506000000000761e-01,7.250385390005429677e-03
6.225908000000001108e-01,7.250385390005429677e-03
6.227310000000001455e-01,7.250385390005429677e-03
6.228712000000001803e-01,7.250385390005429677e-03
6.230114000000002150e-01,7.250385390005429677e-03
6.231516000000002498e-01,7.250385390005429677e-03
6.232918000000002845e-01,7.250385390005429677e-03
6.234320000000003192e-01,7.250385390005429677e-03
6.235722000000003540e-01,7.250385390005429677e-03
6.237124000000003887e-01,7.250385390005429677e-03
6.238526000000004235e-01,7.250385390005429677e-03
6.239928000000004582e-01,7.250385390005429677e-03
6.240400000000000391e-01,7.250385390005429677e-03
6.241790000000000393e-01,7.250385390005429677e-03
6.243180000000000396e-01,7.250385390005429677e-03
6.244570000000000398e-01,7.250385390005429677e-03
6.245960000000000401e-01,7.250385390005429677e-03
6.247350000000000403e-01,7.250385390005429677e-03
6.248740000000000405e-01,7.250385390005429677e-03
6.250130000000000408e-01,7.250385390005429677e-03
6.251520000000000410e-01,7.250385390005429677e-03
6.252910000000000412e-01,7.250385390005429677e-03
6.254300000000000415e-01,7.250385390005429677e-03
6.255690000000000417e-01,7.250385390005429677e-03
6.257080000000000419e-01,7.250385390005429677e-03
6.258470000000000422e-01,7.250385390005429677e-03
6.259860000000000424e-01,7.250385390005429677e-03
6.259900000000000464e-01,7.250385390005429677e-03
6.261304000000000869e-01,7.250385390005429677e-03
6.262708000000001274e-01,7.250385390005429677e-03
6.264112000000001679e-01,7.250385390005429677e-03
6.265516000000002084e-01,7.250385390005429677e-03
6.266920000000002489e-01,7.250385390005429677e-03
6.268324000000002894e-01,7.250385390005429677e-03
6.269728000000003298e-01,7.250385390005429677e-03
6.271132000000003703e-01,7.250385390005429677e-03
6.272536000000004108e-01,7.250385390005429677e-03
6.273940000000004513e-01,7.250385390005429677e-03
6.275344000000004918e-01,7.250385390005429677e-03
6.276748000000005323e-01,7.250385390005429677e-03
6.278152000000005728e-01,7.250385390005429677e-03
6.279556000000006133e-01,7.250385390005429677e-03
6.280099999999999572e-01,7.250385390005429677e-03
6.281501999999999919e-01,7.250385390005429677e-03
6.282904000000000266e-01,7.250385390005429677e-03
6.284306000000000614e-01,7.250385390005429677e-03
6.285708000000000961e-01,7.250385390005429677e-03
6.287110000000001309e-01,7.250385390005429677e-03
6.288512000000001656e-01,7.250385390005429677e-03
6.289914000000002003e-01,7.250385390005429677e-03
6.291316000000002351e-01,7.250385390005429677e-03
6.292718000000002698e-01,7.250385390005429677e-03
6.294120000000003046e-01,7.250385390005429677e-03
6.295522000000003393e-01,7.250385390005429677e-03
6.296924000000003740e-01,7.250385390005429677e-03
6.298326000000004088e-01,7.250385390005429677e-03
6.299728000000004435e-01,7.250385390005429677e-03
6.300200000000000244e-01,7.250385390005429677e-03
6.301604000000000649e-01,7.250385390005429677e-03
6.303008000000001054e-01,7.250385390005429677e-03
6.304412000000001459e-01,7.250385390005429677e-03
6.305816000000001864e-01,7.250385390005429677e-03
6.307220000000002269e-01,7.250385390005429677e-03
6.308624000000002674e-01,7.250385390005429677e-03
6.310028000000003079e-01,7.250385390005429677e-03
6.311432000000003484e-01,7.250385390005429677e-03
6.312836000000003889e-01,7.250385390005429677e-03
6.314240000000004294e-01,7.250385390005429677e-03
6.315644000000004699e-01,7.250385390005429677e-03
6.317048000000005104e-01,7.250385390005429677e-03
6.318452000000005508e-01,7.250385390005429677e-03
6.319856000000005913e-01,7.250385390005429677e-03
6.320400000000000462e-01,7.250385390005429677e-03
6.321790000000000465e-01,7.250385390005429677e-03
6.323180000000000467e-01,7.250385390005429677e-03
6.324570000000000469e-01,7.250385390005429677e-03
6.325960000000000472e-01,7.250385390005429677e-03
6.327350000000000474e-01,7.250385390005429677e-03
6.328740000000000476e-01,7.250385390005429677e-03
6.330130000000000479e-01,7.250385390005429677e-03
6.331520000000000481e-01,7.250385390005429677e-03
6.332910000000000483e-01,7.250385390005429677e-03
6.334300000000000486e-01,7.250385390005429677e-03
6.335690000000000488e-01,7.250385390005429677e-03
6.337080000000000490e-01,7.250385390005429677e-03
6.338470000000000493e-01,7.250385390005429677e-03
6.339860000000000495e-01,7.250385390005429677e-03
6.339900000000000535e-01,7.250385390005429677e-03
6.341302000000000882e-01,7.250385390005429677e-03
6.342704000000001230e-01,7.250385390005429677e-03
6.344106000000001577e-01,7.250385390005429677e-03
6.345508000000001925e-01,7.250385390005429677e-03
6.346910000000002272e-01,7.250385390005429677e-03
6.348312000000002620e-01,7.250385390005429677e-03
6.349714000000002967e-01,7.250385390005429677e-03
6.351116000000003314e-01,7.250385390005429677e-03
6.352518000000003662e-01,7.250385390005429677e-03
6.353920000000004009e-01,7.250385390005429677e-03
6.355322000000004357e-01,7.250385390005429677e-03
6.356724000000004704e-01,7.250385390005429677e-03
6.358126000000005051e-01,7.250385390005429677e-03
6.359528000000005399e-01,7.250385390005429677e-03
6.360000000000000098e-01,7.250385390005429677e-03
6.361404000000000503e-01,7.250385390005429677e-03
6.362808000000000908e-01,7.250385390005429677e-03
6.364212000000001312e-01,7.250385390005429677e-03
6.365616000000001717e-01,7.250385390005429677e-03
6.367020000000002122e-01,7.250385390005429677e-03
6.368424000000002527e-01,7.250385390005429677e-03
6.369828000000002932e-01,7.250385390005429677e-03
6.371232000000003337e-01,7.250385390005429677e-03
6.372636000000003742e-01,7.250385390005429677e-03
6.374040000000004147e-01,7.250385390005429677e-03
6.375444000000004552e-01,7.250385390005429677e-03
6.376848000000004957e-01,7.250385390005429677e-03
6.378252000000005362e-01,7.250385390005429677e-03
6.379656000000005767e-01,7.250385390005429677e-03
6.380200000000000315e-01,7.250385390005429677e-03
6.381602000000000663e-01,7.250385390005429677e-03
6.383004000000001010e-01,7.250385390005429677e-03
6.384406000000001358e-01,7.250385390005429677e-03
6.385808000000001705e-01,7.250385390005429677e-03
6.387210000000002053e-01,7.250385390005429677e-03
6.388612000000002400e-01,7.250385390005429677e-03
6.390014000000002747e-01,7.250385390005429677e-03
6.391416000000003095e-01,7.250385390005429677e-03
6.392818000000003442e-01,7.250385390005429677e-03
6.394220000000003790e-01,7.250385390005429677e-03
6.395622000000004137e-01,7.250385390005429677e-03
6.397024000000004484e-01,7.250385390005429677e-03
6.398426000000004832e-01,7.250385390005429677e-03
6.399828000000005179e-01,7.250385390005429677e-03
6.400299999999999878e-01,7.250385390005429677e-03
6.401704000000000283e-01,7.250385390005429677e-03
6.403108000000000688e-01,7.250385390005429677e-03
6.404512000000001093e-01,7.250385390005429677e-03
6.405916000000001498e-01,7.250385390005429677e-03
6.407320000000001903e-01,7.250385390005429677e-03
6.408724000000002308e-01,7.250385390005429677e-03
6.410128000000002713e-01,7.250385390005429677e-03
6.411532000000003118e-01,7.250385390005429677e-03
6.412936000000003522e-01,7.250385390005429677e-03
6.414340000000003927e-01,7.250385390005429677e-03
6.415744000000004332e-01,7.250385390005429677e-03
6.417148000000004737e-01,7.250385390005429677e-03
6.418552000000005142e-01,7.250385390005429677e-03
6.419956000000005547e-01,7.250385390005429677e-03
6.420500000000000096e-01,7.250385390005429677e-03
6.421890000000000098e-01,7.250385390005429677e-03
6.423280000000000101e-01,7.250385390005429677e-03
6.424670000000000103e-01,7.250385390005429677e-03
6.426060000000000105e-01,7.250385390005429677e-03
6.427450000000000108e-01,7.250385390005429677e-03
6.428840000000000110e-01,7.250385390005429677e-03
6.430230000000000112e-01,7.250385390005429677e-03
6.431620000000000115e-01,7.250385390005429677e-03
6.433010000000000117e-01,7.250385390005429677e-03
6.434400000000000119e-01,7.250385390005429677e-03
6.435790000000000122e-01,7.250385390005429677e-03
6.437180000000000124e-01,7.250385390005429677e-03
6.438570000000000126e-01,7.250385390005429677e-03
6.439960000000000129e-01,7.250385390005429677e-03
6.440000000000000169e-01,7.250385390005429677e-03
6.441402000000000516e-01,7.250385390005429677e-03
6.442804000000000864e-01,7.250385390005429677e-03
6.444206000000001211e-01,7.250385390005429677e-03
6.445608000000001558e-01,7.250385390005429677e-03
6.447010000000001906e-01,7.250385390005429677e-03
6.448412000000002253e-01,7.250385390005429677e-03
6.449814000000002601e-01,7.250385390005429677e-03
6.451216000000002948e-01,7.250385390005429677e-03
6.452618000000003295e-01,7.250385390005429677e-03
6.454020000000003643e-01,7.250385390005429677e-03
6.455422000000003990e-01,7.250385390005429677e-03
6.456824000000004338e-01,7.250385390005429677e-03
6.458226000000004685e-01,7.250385390005429677e-03
6.459628000000005033e-01,7.250385390005429677e-03
6.460099999999999731e-01,7.250385390005429677e-03
6.461504000000000136e-01,7.250385390005429677e-03
6.462908000000000541e-01,7.250385390005429677e-03
6.464312000000000946e-01,7.250385390005429677e-03
6.465716000000001351e-01,7.250385390005429677e-03
6.467120000000001756e-01,7.250385390005429677e-03
6.468524000000002161e-01,7.250385390005429677e-03
6.469928000000002566e-01,7.250385390005429677e-03
6.471332000000002971e-01,7.250385390005429677e-03
6.472736000000003376e-01,7.250385390005429677e-03
6.474140000000003781e-01,7.250385390005429677e-03
6.475544000000004186e-01,7.250385390005429677e-03
6.476948000000004591e-01,7.250385390005429677e-03
6.478352000000004995e-01,7.250385390005429677e-03
6.479756000000005400e-01,7.250385390005429677e-03
6.480299999999999949e-01,7.250385390005429677e-03
6.481702000000000297e-01,7.250385390005429677e-03
6.483104000000000644e-01,7.250385390005429677e-03
6.484506000000000991e-01,7.250385390005429677e-03
6.485908000000001339e-01,7.250385390005429677e-03
6.487310000000001686e-01,7.250385390005429677e-03
6.488712000000002034e-01,7.250385390005429677e-03
6.490114000000002381e-01,7.250385390005429677e-03
6.491516000000002728e-01,7.250385390005429677e-03
6.492918000000003076e-01,7.250385390005429677e-03
6.494320000000003423e-01,7.250385390005429677e-03
6.495722000000003771e-01,7.250385390005429677e-03
6.497124000000004118e-01,7.250385390005429677e-03
6.498526000000004466e-01,7.250385390005429677e-03
6.499928000000004813e-01,7.250385390005429677e-03
6.500399999999999512e-01,7.250385390005429677e-03
6.501789999999999514e-01,7.250385390005429677e-03
6.503179999999999517e-01,7.250385390005429677e-03
6.504569999999999519e-01,7.250385390005429677e-03
6.505959999999999521e-01,7.250385390005429677e-03
6.507349999999999524e-01,7.250385390005429677e-03
6.508739999999999526e-01,7.250385390005429677e-03
6.510129999999999528e-01,7.250385390005429677e-03
6.511519999999999531e-01,7.250385390005429677e-03
6.512909999999999533e-01,7.250385390005429677e-03
6.514299999999999535e-01,7.250385390005429677e-03
6.515689999999999538e-01,7.250385390005429677e-03
6.517079999999999540e-01,7.250385390005429677e-03
6.518469999999999542e-01,7.250385390005429677e-03
6.519859999999999545e-01,7.250385390005429677e-03
6.519899999999999585e-01,7.250385390005429677e-03
6.521303999999999990e-01,7.250385390005429677e-03
6.522708000000000395e-01,7.250385390005429677e-03
6.524112000000000799e-01,7.250385390005429677e-03
6.525516000000001204e-01,7.250385390005429677e-03
6.526920000000001609e-01,7.250385390005429677e-03
6.528324000000002014e-01,7.250385390005429677e-03
6.529728000000002419e-01,7.250385390005429677e-03
6.531132000000002824e-01,7.250385390005429677e-03
6.532536000000003229e-01,7.250385390005429677e-03
6.533940000000003634e-01,7.250385390005429677e-03
6.535344000000004039e-01,7.250385390005429677e-03
6.536748000000004444e-01,7.250385390005429677e-03
6.538152000000004849e-01,7.250385390005429677e-03
6.539556000000005254e-01,7.250385390005429677e-03
6.540099999999999802e-01,7.250385390005429677e-03
6.541502000000000150e-01,7.250385390005429677e-03
6.542904000000000497e-01,7.250385390005429677e-03
6.544306000000000845e-01,7.250385390005429677e-03
6.545708000000001192e-01,7.250385390005429677e-03
6.547110000000001540e-01,7.250385390005429677e-03
6.548512000000001887e-01,7.250385390005429677e-03
6.549914000000002234e-01,7.250385390005429677e-03
6.551316000000002582e-01,7.250385390005429677e-03
6.552718000000002929e-01,7.250385390005429677e-03
6.554120000000003277e-01,7.250385390005429677e-03
6.555522000000003624e-01,7.250385390005429677e-03
6.556924000000003971e-01,7.250385390005429677e-03
6.558326000000004319e-01,7.250385390005429677e-03
6.559728000000004666e-01,7.250385390005429677e-03
6.560200000000000475e-01,7.250385390005429677e-03
6.561604000000000880e-01,7.250385390005429677e-03
6.563008000000001285e-01,7.250385390005429677e-03
6.564412000000001690e-01,7.250385390005429677e-03
6.565816000000002095e-01,7.250385390005429677e-03
6.567220000000002500e-01,7.250385390005429677e-03
6.568624000000002905e-01,7.250385390005429677e-03
6.570028000000003310e-01,7.250385390005429677e-03
6.571432000000003715e-01,7.250385390005429677e-03
6.572836000000004120e-01,7.250385390005429677e-03
6.574240000000004525e-01,7.250385390005429677e-03
6.575644000000004930e-01,7.250385390005429677e-03
6.577048000000005334e-01,7.250385390005429677e-03
6.578452000000005739e-01,7.250385390005429677e-03
6.579856000000006144e-01,7.250385390005429677e-03
6.580399999999999583e-01,7.250385390005429677e-03
6.581789999999999585e-01,7.250385390005429677e-03
6.583179999999999588e-01,7.250385390005429677e-03
6.584569999999999590e-01,7.250385390005429677e-03
6.585959999999999592e-01,7.250385390005429677e-03
6.587349999999999595e-01,7.250385390005429677e-03
6.588739999999999597e-01,7.250385390005429677e-03
6.590129999999999599e-01,7.250385390005429677e-03
6.591519999999999602e-01,7.250385390005429677e-03
6.592909999999999604e-01,7.250385390005429677e-03
6.594299999999999606e-01,7.250385390005429677e-03
6.595689999999999609e-01,7.250385390005429677e-03
6.597079999999999611e-01,7.250385390005429677e-03
6.598469999999999613e-01,7.250385390005429677e-03
6.599859999999999616e-01,7.250385390005429677e-03
6.599899999999999656e-01,7.250385390005429677e-03
6.601302000000000003e-01,7.250385390005429677e-03
6.602704000000000351e-01,7.250385390005429677e-03
6.604106000000000698e-01,7.250385390005429677e-03
6.605508000000001045e-01,7.250385390005429677e-03
6.606910000000001393e-01,7.250385390005429677e-03
6.608312000000001740e-01,7.250385390005429677e-03
6.609714000000002088e-01,7.250385390005429677e-03
6.611116000000002435e-01,7.250385390005429677e-03
6.612518000000002782e-01,7.250385390005429677e-03
6.613920000000003130e-01,7.250385390005429677e-03
6.615322000000003477e-01,7.250385390005429677e-03
6.616724000000003825e-01,7.250385390005429677e-03
6.618126000000004172e-01,7.250385390005429677e-03
6.619528000000004520e-01,7.250385390005429677e-03
6.620000000000000329e-01,7.250385390005429677e-03
6.621404000000000734e-01,7.250385390005429677e-03
6.622808000000001138e-01,7.250385390005429677e-03
6.624212000000001543e-01,7.250385390005429677e-03
6.625616000000001948e-01,7.250385390005429677e-03
6.627020000000002353e-01,7.250385390005429677e-03
6.628424000000002758e-01,7.250385390005429677e-03
6.629828000000003163e-01,7.250385390005429677e-03
6.631232000000003568e-01,7.250385390005429677e-03
6.632636000000003973e-01,7.250385390005429677e-03
6.634040000000004378e-01,7.250385390005429677e-03
6.635444000000004783e-01,7.250385390005429677e-03
6.636848000000005188e-01,7.250385390005429677e-03
6.638252000000005593e-01,7.250385390005429677e-03
6.639656000000005998e-01,7.250385390005429677e-03
6.640200000000000546e-01,7.250385390005429677e-03
6.641602000000000894e-01,7.250385390005429677e-03
6.643004000000001241e-01,7.250385390005429677e-03
6.644406000000001589e-01,7.250385390005429677e-03
6.645808000000001936e-01,7.250385390005429677e-03
6.647210000000002283e-01,7.250385390005429677e-03
6.648612000000002631e-01,7.250385390005429677e-03
6.650014000000002978e-01,7.250385390005429677e-03
6.651416000000003326e-01,7.250385390005429677e-03
6.652818000000003673e-01,7.250385390005429677e-03
6.654220000000004021e-01,7.250385390005429677e-03
6.655622000000004368e-01,7.250385390005429677e-03
6.657024000000004715e-01,7.250385390005429677e-03
6.658426000000005063e-01,7.250385390005429677e-03
6.659828000000005410e-01,7.250385390005429677e-03
6.660300000000000109e-01,7.250385390005429677e-03
6.661704000000000514e-01,7.250385390005429677e-03
6.663108000000000919e-01,7.250385390005429677e-03
6.664512000000001324e-01,7.250385390005429677e-03
6.665916000000001729e-01,7.250385390005429677e-03
6.667320000000002134e-01,7.250385390005429677e-03
6.668724000000002539e-01,7.250385390005429677e-03
6.670128000000002944e-01,7.250385390005429677e-03
6.671532000000003348e-01,7.250385390005429677e-03
6.672936000000003753e-01,7.250385390005429677e-03
6.674340000000004158e-01,7.250385390005429677e-03
6.675744000000004563e-01,7.250385390005429677e-03
6.677148000000004968e-01,7.250385390005429677e-03
6.678552000000005373e-01,7.250385390005429677e-03
6.679956000000005778e-01,7.250385390005429677e-03
6.680500000000000327e-01,7.250385390005429677e-03
6.681890000000000329e-01,7.250385390005429677e-03
6.683280000000000332e-01,7.250385390005429677e-03
6.684670000000000334e-01,7.250385390005429677e-03
6.686060000000000336e-01,7.250385390005429677e-03
6.687450000000000339e-01,7.250385390005429677e-03
6.688840000000000341e-01,7.250385390005429677e-03
6.690230000000000343e-01,7.250385390005429677e-03
6.691620000000000346e-01,7.250385390005429677e-03
6.693010000000000348e-01,7.250385390005429677e-03
6.694400000000000350e-01,7.250385390005429677e-03
6.695790000000000353e-01,7.250385390005429677e-03
6.697180000000000355e-01,7.250385390005429677e-03
6.698570000000000357e-01,7.250385390005429677e-03
6.699960000000000360e-01,7.250385390005429677e-03
6.700000000000000400e-01,7.250385390005429677e-03
6.701402000000000747e-01,7.250385390005429677e-03
6.702804000000001095e-01,7.250385390005429677e-03
6.704206000000001442e-01,7.250385390005429677e-03
6.705608000000001789e-01,7.250385390005429677e-03
6.707010000000002137e-01,7.250385390005429677e-03
6.708412000000002484e-01,7.250385390005429677e-03
6.709814000000002832e-01,7.250385390005429677e-03
6.711216000000003179e-01,7.250385390005429677e-03
6.712618000000003526e-01,7.250385390005429677e-03
6.714020000000003874e-01,7.250385390005429677e-03
6.715422000000004221e-01,7.250385390005429677e-03
6.716824000000004569e-01,7.250385390005429677e-03
6.718226000000004916e-01,7.250385390005429677e-03
6.719628000000005263e-01,7.250385390005429677e-03
6.720099999999999962e-01,7.250385390005429677e-03
6.721504000000000367e-01,7.250385390005429677e-03
6.722908000000000772e-01,7.250385390005429677e-03
6.724312000000001177e-01,7.250385390005429677e-03
6.725716000000001582e-01,7.250385390005429677e-03
6.727120000000001987e-01,7.250385390005429677e-03
6.728524000000002392e-01,7.250385390005429677e-03
6.729928000000002797e-01,7.250385390005429677e-03
6.731332000000003202e-01,7.250385390005429677e-03
6.732736000000003607e-01,7.250385390005429677e-03
6.734140000000004012e-01,7.250385390005429677e-03
6.735544000000004417e-01,7.250385390005429677e-03
6.736948000000004821e-01,7.250385390005429677e-03
6.738352000000005226e-01,7.250385390005429677e-03
6.739756000000005631e-01,7.250385390005429677e-03
6.740300000000000180e-01,7.250385390005429677e-03
6.741702000000000528e-01,7.250385390005429677e-03
6.743104000000000875e-01,7.250385390005429677e-03
6.744506000000001222e-01,7.250385390005429677e-03
6.745908000000001570e-01,7.250385390005429677e-03
6.747310000000001917e-01,7.250385390005429677e-03
6.748712000000002265e-01,7.250385390005429677e-03
6.750114000000002612e-01,7.250385390005429677e-03
6.751516000000002959e-01,7.250385390005429677e-03
6.752918000000003307e-01,7.250385390005429677e-03
6.754320000000003654e-01,7.250385390005429677e-03
6.755722000000004002e-01,7.250385390005429677e-03
6.757124000000004349e-01,7.250385390005429677e-03
6.758526000000004696e-01,7.250385390005429677e-03
6.759928000000005044e-01,7.250385390005429677e-03
6.760399999999999743e-01,7.250385390005429677e-03
6.761791999999999803e-01,7.250385390005429677e-03
6.763183999999999862e-01,7.250385390005429677e-03
6.764575999999999922e-01,7.250385390005429677e-03
6.765967999999999982e-01,7.250385390005429677e-03
6.767360000000000042e-01,7.250385390005429677e-03
6.768752000000000102e-01,7.250385390005429677e-03
6.770144000000000162e-01,7.250385390005429677e-03
6.771536000000000222e-01,7.250385390005429677e-03
6.772928000000000281e-01,7.250385390005429677e-03
6.774320000000000341e-01,7.250385390005429677e-03
6.775712000000000401e-01,7.250385390005429677e-03
6.777104000000000461e-01,7.250385390005429677e-03
6.778496000000000521e-01,7.250385390005429677e-03
6.779888000000000581e-01,7.250385390005429677e-03
6.780000000000000471e-01,7.250385390005429677e-03
6.781402000000000818e-01,7.250385390005429677e-03
6.782804000000001166e-01,7.250385390005429677e-03
6.784206000000001513e-01,7.250385390005429677e-03
6.785608000000001860e-01,7.250385390005429677e-03
6.787010000000002208e-01,7.250385390005429677e-03
6.788412000000002555e-01,7.250385390005429677e-03
6.789814000000002903e-01,7.250385390005429677e-03
6.791216000000003250e-01,7.250385390005429677e-03
6.792618000000003597e-01,7.250385390005429677e-03
6.794020000000003945e-01,7.250385390005429677e-03
6.795422000000004292e-01,7.250385390005429677e-03
6.796824000000004640e-01,7.250385390005429677e-03
6.798226000000004987e-01,7.250385390005429677e-03
6.799628000000005335e-01,7.250385390005429677e-03
6.800100000000000033e-01,7.250385390005429677e-03
6.801502000000000381e-01,7.250385390005429677e-03
6.802904000000000728e-01,7.250385390005429677e-03
6.804306000000001076e-01,7.250385390005429677e-03
6.805708000000001423e-01,7.250385390005429677e-03
6.807110000000001770e-01,7.250385390005429677e-03
6.808512000000002118e-01,7.250385390005429677e-03
6.809914000000002465e-01,7.250385390005429677e-03
6.811316000000002813e-01,7.250385390005429677e-03
6.812718000000003160e-01,7.250385390005429677e-03
6.814120000000003508e-01,7.250385390005429677e-03
6.815522000000003855e-01,7.250385390005429677e-03
6.816924000000004202e-01,7.250385390005429677e-03
6.818326000000004550e-01,7.250385390005429677e-03
6.819728000000004897e-01,7.250385390005429677e-03
6.820199999999999596e-01,7.250385390005429677e-03
6.821604000000000001e-01,7.250385390005429677e-03
6.823008000000000406e-01,7.250385390005429677e-03
6.824412000000000811e-01,7.250385390005429677e-03
6.825816000000001216e-01,7.250385390005429677e-03
6.827220000000001621e-01,7.250385390005429677e-03
6.828624000000002026e-01,7.250385390005429677e-03
6.830028000000002431e-01,7.250385390005429677e-03
6.831432000000002835e-01,7.250385390005429677e-03
6.832836000000003240e-01,7.250385390005429677e-03
6.834240000000003645e-01,7.250385390005429677e-03
6.835644000000004050e-01,7.250385390005429677e-03
6.837048000000004455e-01,7.250385390005429677e-03
6.838452000000004860e-01,7.250385390005429677e-03
6.839856000000005265e-01,7.250385390005429677e-03
6.840399999999999814e-01,7.250385390005429677e-03
6.841789999999999816e-01,7.250385390005429677e-03
6.843179999999999819e-01,7.250385390005429677e-03
6.844569999999999821e-01,7.250385390005429677e-03
6.845959999999999823e-01,7.250385390005429677e-03
6.847349999999999826e-01,7.250385390005429677e-03
6.848739999999999828e-01,7.250385390005429677e-03
6.850129999999999830e-01,7.250385390005429677e-03
6.851519999999999833e-01,7.250385390005429677e-03
6.852909999999999835e-01,7.250385390005429677e-03
6.854299999999999837e-01,7.250385390005429677e-03
6.855689999999999840e-01,7.250385390005429677e-03
6.857079999999999842e-01,7.250385390005429677e-03
6.858469999999999844e-01,7.250385390005429677e-03
6.859859999999999847e-01,7.250385390005429677e-03
6.859899999999999887e-01,7.250385390005429677e-03
6.861304000000000292e-01,7.250385390005429677e-03
6.862708000000000697e-01,7.250385390005429677e-03
6.864112000000001101e-01,7.250385390005429677e-03
6.865516000000001506e-01,7.250385390005429677e-03
6.866920000000001911e-01,7.250385390005429677e-03
6.868324000000002316e-01,7.250385390005429677e-03
6.869728000000002721e-01,7.250385390005429677e-03
6.871132000000003126e-01,7.250385390005429677e-03
6.872536000000003531e-01,7.250385390005429677e-03
6.873940000000003936e-01,7.250385390005429677e-03
6.875344000000004341e-01,7.250385390005429677e-03
6.876748000000004746e-01,7.250385390005429677e-03
6.878152000000005151e-01,7.250385390005429677e-03
6.879556000000005556e-01,7.250385390005429677e-03
6.880100000000000104e-01,7.250385390005429677e-03
6.881502000000000452e-01,7.250385390005429677e-03
6.882904000000000799e-01,7.250385390005429677e-03
6.884306000000001147e-01,7.250385390005429677e-03
6.885708000000001494e-01,7.250385390005429677e-03
6.887110000000001842e-01,7.250385390005429677e-03
6.888512000000002189e-01,7.250385390005429677e-03
6.889914000000002536e-01,7.250385390005429677e-03
6.891316000000002884e-01,7.250385390005429677e-03
6.892718000000003231e-01,7.250385390005429677e-03
6.894120000000003579e-01,7.250385390005429677e-03
6.895522000000003926e-01,7.250385390005429677e-03
6.896924000000004273e-01,7.250385390005429677e-03
6.898326000000004621e-01,7.250385390005429677e-03
6.899728000000004968e-01,7.250385390005429677e-03
6.900199999999999667e-01,7.250385390005429677e-03
6.901602000000000015e-01,7.250385390005429677e-03
6.903004000000000362e-01,7.250385390005429677e-03
6.904406000000000709e-01,7.250385390005429677e-03
6.905808000000001057e-01,7.250385390005429677e-03
6.907210000000001404e-01,7.250385390005429677e-03
6.908612000000001752e-01,7.250385390005429677e-03
6.910014000000002099e-01,7.250385390005429677e-03
6.911416000000002446e-01,7.250385390005429677e-03
6.912818000000002794e-01,7.250385390005429677e-03
6.914220000000003141e-01,7.250385390005429677e-03
6.915622000000003489e-01,7.250385390005429677e-03
6.917024000000003836e-01,7.250385390005429677e-03
6.918426000000004183e-01,7.250385390005429677e-03
6.919828000000004531e-01,7.250385390005429677e-03
6.920300000000000340e-01,7.250385390005429677e-03
6.921692000000000400e-01,7.250385390005429677e-03
6.923084000000000460e-01,7.250385390005429677e-03
6.924476000000000520e-01,7.250385390005429677e-03
6.925868000000000579e-01,7.250385390005429677e-03
6.927260000000000639e-01,7.250385390005429677e-03
6.928652000000000699e-01,7.250385390005429677e-03
6.930044000000000759e-01,7.250385390005429677e-03
6.931436000000000819e-01,7.250385390005429677e-03
6.932828000000000879e-01,7.250385390005429677e-03
6.934220000000000939e-01,7.250385390005429677e-03
6.935612000000000998e-01,7.250385390005429677e-03
6.937004000000001058e-01,7.250385390005429677e-03
6.938396000000001118e-01,7.250385390005429677e-03
6.939788000000001178e-01,7.250385390005429677e-03
6.939899999999999958e-01,7.250385390005429677e-03
6.941302000000000305e-01,7.250385390005429677e-03
6.942704000000000653e-01,7.250385390005429677e-03
6.944106000000001000e-01,7.250385390005429677e-03
6.945508000000001347e-01,7.250385390005429677e-03
6.946910000000001695e-01,7.250385390005429677e-03
6.948312000000002042e-01,7.250385390005429677e-03
6.949714000000002390e-01,7.250385390005429677e-03
6.951116000000002737e-01,7.250385390005429677e-03
6.952518000000003084e-01,7.250385390005429677e-03
6.953920000000003432e-01,7.250385390005429677e-03
6.955322000000003779e-01,7.250385390005429677e-03
6.956724000000004127e-01,7.250385390005429677e-03
6.958126000000004474e-01,7.250385390005429677e-03
6.959528000000004822e-01,7.250385390005429677e-03
6.959999999999999520e-01,7.250385390005429677e-03
6.961401999999999868e-01,7.250385390005429677e-03
6.962804000000000215e-01,7.250385390005429677e-03
6.964206000000000563e-01,7.250385390005429677e-03
6.965608000000000910e-01,7.250385390005429677e-03
6.967010000000001257e-01,7.250385390005429677e-03
6.968412000000001605e-01,7.250385390005429677e-03
6.969814000000001952e-01,7.250385390005429677e-03
6.971216000000002300e-01,7.250385390005429677e-03
6.972618000000002647e-01,7.250385390005429677e-03
6.974020000000002995e-01,7.250385390005429677e-03
6.975422000000003342e-01,7.250385390005429677e-03
6.976824000000003689e-01,7.250385390005429677e-03
6.978226000000004037e-01,7.250385390005429677e-03
6.979628000000004384e-01,7.250385390005429677e-03
6.980100000000000193e-01,7.250385390005429677e-03
6.981504000000000598e-01,7.250385390005429677e-03
6.982908000000001003e-01,7.250385390005429677e-03
6.984312000000001408e-01,7.250385390005429677e-03
6.985716000000001813e-01,7.250385390005429677e-03
6.987120000000002218e-01,7.250385390005429677e-03
6.988524000000002623e-01,7.250385390005429677e-03
6.989928000000003028e-01,7.250385390005429677e-03
6.991332000000003433e-01,7.250385390005429677e-03
6.992736000000003838e-01,7.250385390005429677e-03
6.994140000000004243e-01,7.250385390005429677e-03
6.995544000000004647e-01,7.250385390005429677e-03
6.996948000000005052e-01,7.250385390005429677e-03
6.998352000000005457e-01,7.250385390005429677e-03
6.999756000000005862e-01,7.250385390005429677e-03
7.000300000000000411e-01,7.250385390005429677e-03
7.001702000000000758e-01,7.250385390005429677e-03
7.003104000000001106e-01,7.250385390005429677e-03
7.004506000000001453e-01,7.250385390005429677e-03
7.005908000000001801e-01,7.250385390005429677e-03
7.007310000000002148e-01,7.250385390005429677e-03
7.008712000000002496e-01,7.250385390005429677e-03
7.010114000000002843e-01,7.250385390005429677e-03
7.011516000000003190e-01,7.250385390005429677e-03
7.012918000000003538e-01,7.250385390005429677e-03
7.014320000000003885e-01,7.250385390005429677e-03
7.015722000000004233e-01,7.250385390005429677e-03
7.017124000000004580e-01,7.250385390005429677e-03
7.018526000000004927e-01,7.250385390005429677e-03
7.019928000000005275e-01,7.250385390005429677e-03
7.020399999999999974e-01,7.250385390005429677e-03
7.021792000000000034e-01,7.250385390005429677e-03
7.023184000000000093e-01,7.250385390005429677e-03
7.024576000000000153e-01,7.250385390005429677e-03
7.025968000000000213e-01,7.250385390005429677e-03
7.027360000000000273e-01,7.250385390005429677e-03
7.028752000000000333e-01,7.250385390005429677e-03
7.030144000000000393e-01,7.250385390005429677e-03
7.031536000000000453e-01,7.250385390005429677e-03
7.032928000000000512e-01,7.250385390005429677e-03
7.034320000000000572e-01,7.250385390005429677e-03
7.035712000000000632e-01,7.250385390005429677e-03
7.037104000000000692e-01,7.250385390005429677e-03
7.038496000000000752e-01,7.250385390005429677e-03
7.039888000000000812e-01,7.250385390005429677e-03
7.039999999999999591e-01,7.250385390005429677e-03
7.041401999999999939e-01,7.250385390005429677e-03
7.042804000000000286e-01,7.250385390005429677e-03
7.044206000000000634e-01,7.250385390005429677e-03
7.045608000000000981e-01,7.250385390005429677e-03
7.047010000000001329e-01,7.250385390005429677e-03
7.048412000000001676e-01,7.250385390005429677e-03
7.049814000000002023e-01,7.250385390005429677e-03
7.051216000000002371e-01,7.250385390005429677e-03
7.052618000000002718e-01,7.250385390005429677e-03
7.054020000000003066e-01,7.250385390005429677e-03
7.055422000000003413e-01,7.250385390005429677e-03
7.056824000000003760e-01,7.250385390005429677e-03
7.058226000000004108e-01,7.250385390005429677e-03
7.059628000000004455e-01,7.250385390005429677e-03
7.060100000000000264e-01,7.250385390005429677e-03
7.061502000000000612e-01,7.250385390005429677e-03
7.062904000000000959e-01,7.250385390005429677e-03
7.064306000000001307e-01,7.250385390005429677e-03
7.065708000000001654e-01,7.250385390005429677e-03
7.067110000000002001e-01,7.250385390005429677e-03
7.068512000000002349e-01,7.250385390005429677e-03
7.069914000000002696e-01,7.250385390005429677e-03
7.071316000000003044e-01,7.250385390005429677e-03
7.072718000000003391e-01,7.250385390005429677e-03
7.074120000000003738e-01,7.250385390005429677e-03
7.075522000000004086e-01,7.250385390005429677e-03
7.076924000000004433e-01,7.250385390005429677e-03
7.078326000000004781e-01,7.250385390005429677e-03
7.079728000000005128e-01,7.250385390005429677e-03
7.080199999999999827e-01,7.250385390005429677e-03
7.081604000000000232e-01,7.250385390005429677e-03
7.083008000000000637e-01,7.250385390005429677e-03
7.084412000000001042e-01,7.250385390005429677e-03
7.085816000000001447e-01,7.250385390005429677e-03
7.087220000000001852e-01,7.250385390005429677e-03
7.088624000000002257e-01,7.250385390005429677e-03
7.090028000000002661e-01,7.250385390005429677e-03
7.091432000000003066e-01,7.250385390005429677e-03
7.092836000000003471e-01,7.250385390005429677e-03
7.094240000000003876e-01,7.250385390005429677e-03
7.095644000000004281e-01,7.250385390005429677e-03
7.097048000000004686e-01,7.250385390005429677e-03
7.098452000000005091e-01,7.250385390005429677e-03
7.099856000000005496e-01,7.250385390005429677e-03
7.100400000000000045e-01,7.250385390005429677e-03
7.101790000000000047e-01,7.250385390005429677e-03
7.103180000000000049e-01,7.250385390005429677e-03
7.104570000000000052e-01,7.250385390005429677e-03
7.105960000000000054e-01,7.250385390005429677e-03
7.107350000000000056e-01,7.250385390005429677e-03
7.108740000000000059e-01,7.250385390005429677e-03
7.110130000000000061e-01,7.250385390005429677e-03
7.111520000000000064e-01,7.250385390005429677e-03
7.112910000000000066e-01,7.250385390005429677e-03
7.114300000000000068e-01,7.250385390005429677e-03
7.115690000000000071e-01,7.250385390005429677e-03
7.117080000000000073e-01,7.250385390005429677e-03
7.118470000000000075e-01,7.250385390005429677e-03
7.119860000000000078e-01,7.250385390005429677e-03
7.119900000000000118e-01,7.250385390005429677e-03
7.121304000000000523e-01,7.250385390005429677e-03
7.122708000000000927e-01,7.250385390005429677e-03
7.124112000000001332e-01,7.250385390005429677e-03
7.125516000000001737e-01,7.250385390005429677e-03
7.126920000000002142e-01,7.250385390005429677e-03
7.128324000000002547e-01,7.250385390005429677e-03
7.129728000000002952e-01,7.250385390005429677e-03
7.131132000000003357e-01,7.250385390005429677e-03
7.132536000000003762e-01,7.250385390005429677e-03
7.133940000000004167e-01,7.250385390005429677e-03
7.135344000000004572e-01,7.250385390005429677e-03
7.136748000000004977e-01,7.250385390005429677e-03
7.138152000000005382e-01,7.250385390005429677e-03
7.139556000000005787e-01,7.250385390005429677e-03
7.140100000000000335e-01,7.250385390005429677e-03
7.141502000000000683e-01,7.250385390005429677e-03
7.142904000000001030e-01,7.250385390005429677e-03
7.144306000000001378e-01,7.250385390005429677e-03
7.145708000000001725e-01,7.250385390005429677e-03
7.147110000000002072e-01,7.250385390005429677e-03
7.148512000000002420e-01,7.250385390005429677e-03
7.149914000000002767e-01,7.250385390005429677e-03
7.151316000000003115e-01,7.250385390005429677e-03
7.152718000000003462e-01,7.250385390005429677e-03
7.154120000000003810e-01,7.250385390005429677e-03
7.155522000000004157e-01,7.250385390005429677e-03
7.156924000000004504e-01,7.250385390005429677e-03
7.158326000000004852e-01,7.250385390005429677e-03
7.159728000000005199e-01,7.250385390005429677e-03
7.160199999999999898e-01,7.250385390005429677e-03
7.161602000000000245e-01,7.250385390005429677e-03
7.163004000000000593e-01,7.250385390005429677e-03
7.164406000000000940e-01,7.250385390005429677e-03
7.165808000000001288e-01,7.250385390005429677e-03
7.167210000000001635e-01,7.250385390005429677e-03
7.168612000000001983e-01,7.250385390005429677e-03
7.170014000000002330e-01,7.250385390005429677e-03
7.171416000000002677e-01,7.250385390005429677e-03
7.172818000000003025e-01,7.250385390005429677e-03
7.174220000000003372e-01,7.250385390005429677e-03
7.175622000000003720e-01,7.250385390005429677e-03
7.177024000000004067e-01,7.250385390005429677e-03
7.178426000000004414e-01,7.250385390005429677e-03
7.179828000000004762e-01,7.250385390005429677e-03
7.180299999999999461e-01,7.250385390005429677e-03
7.181691999999999521e-01,7.250385390005429677e-03
7.183083999999999580e-01,7.250385390005429677e-03
7.184475999999999640e-01,7.250385390005429677e-03
7.185867999999999700e-01,7.250385390005429677e-03
7.187259999999999760e-01,7.250385390005429677e-03
7.188651999999999820e-01,7.250385390005429677e-03
7.190043999999999880e-01,7.250385390005429677e-03
7.191435999999999940e-01,7.250385390005429677e-03
7.192827999999999999e-01,7.250385390005429677e-03
7.194220000000000059e-01,7.250385390005429677e-03
7.195612000000000119e-01,7.250385390005429677e-03
7.197004000000000179e-01,7.250385390005429677e-03
7.198396000000000239e-01,7.250385390005429677e-03
7.199788000000000299e-01,7.250385390005429677e-03
7.199900000000000189e-01,7.250385390005429677e-03
7.201302000000000536e-01,7.250385390005429677e-03
7.202704000000000883e-01,7.250385390005429677e-03
7.204106000000001231e-01,7.250385390005429677e-03
7.205508000000001578e-01,7.250385390005429677e-03
7.206910000000001926e-01,7.250385390005429677e-03
7.208312000000002273e-01,7.250385390005429677e-03
7.209714000000002621e-01,7.250385390005429677e-03
7.211116000000002968e-01,7.250385390005429677e-03
7.212518000000003315e-01,7.250385390005429677e-03
7.213920000000003663e-01,7.250385390005429677e-03
7.215322000000004010e-01,7.250385390005429677e-03
7.216724000000004358e-01,7.250385390005429677e-03
7.218126000000004705e-01,7.250385390005429677e-03
7.219528000000005052e-01,7.250385390005429677e-03
7.219999999999999751e-01,7.250385390005429677e-03
7.221404000000000156e-01,7.250385390005429677e-03
7.222808000000000561e-01,7.250385390005429677e-03
7.224212000000000966e-01,7.250385390005429677e-03
7.225616000000001371e-01,7.250385390005429677e-03
7.227020000000001776e-01,7.250385390005429677e-03
7.228424000000002181e-01,7.250385390005429677e-03
7.229828000000002586e-01,7.250385390005429677e-03
7.231232000000002991e-01,7.250385390005429677e-03
7.232636000000003396e-01,7.250385390005429677e-03
7.234040000000003801e-01,7.250385390005429677e-03
7.235444000000004205e-01,7.250385390005429677e-03
7.236848000000004610e-01,7.250385390005429677e-03
7.238252000000005015e-01,7.250385390005429677e-03
7.239656000000005420e-01,7.250385390005429677e-03
7.240199999999999969e-01,7.250385390005429677e-03
7.241602000000000317e-01,7.250385390005429677e-03
7.243004000000000664e-01,7.250385390005429677e-03
7.244406000000001011e-01,7.250385390005429677e-03
7.245808000000001359e-01,7.250385390005429677e-03
7.247210000000001706e-01,7.250385390005429677e-03
7.248612000000002054e-01,7.250385390005429677e-03
7.250014000000002401e-01,7.250385390005429677e-03
7.251416000000002748e-01,7.250385390005429677e-03
7.252818000000003096e-01,7.250385390005429677e-03
7.254220000000003443e-01,7.250385390005429677e-03
7.255622000000003791e-01,7.250385390005429677e-03
7.257024000000004138e-01,7.250385390005429677e-03
7.258426000000004485e-01,7.250385390005429677e-03
7.259828000000004833e-01,7.250385390005429677e-03
7.260299999999999532e-01,7.250385390005429677e-03
7.261701999999999879e-01,7.250385390005429677e-03
7.263104000000000227e-01,7.250385390005429677e-03
7.264506000000000574e-01,7.250385390005429677e-03
7.265908000000000921e-01,7.250385390005429677e-03
7.267310000000001269e-01,7.250385390005429677e-03
7.268712000000001616e-01,7.250385390005429677e-03
7.270114000000001964e-01,7.250385390005429677e-03
7.271516000000002311e-01,7.250385390005429677e-03
7.272918000000002658e-01,7.250385390005429677e-03
7.274320000000003006e-01,7.250385390005429677e-03
7.275722000000003353e-01,7.250385390005429677e-03
7.277124000000003701e-01,7.250385390005429677e-03
7.278526000000004048e-01,7.250385390005429677e-03
7.279928000000004396e-01,7.250385390005429677e-03
7.280400000000000205e-01,7.250385390005429677e-03
7.281792000000000264e-01,7.250385390005429677e-03
7.283184000000000324e-01,7.250385390005429677e-03
7.284576000000000384e-01,7.250385390005429677e-03
7.285968000000000444e-01,7.250385390005429677e-03
7.287360000000000504e-01,7.250385390005429677e-03
7.288752000000000564e-01,7.250385390005429677e-03
7.290144000000000624e-01,7.250385390005429677e-03
7.291536000000000683e-01,7.250385390005429677e-03
7.292928000000000743e-01,7.250385390005429677e-03
7.294320000000000803e-01,7.250385390005429677e-03
7.295712000000000863e-01,7.250385390005429677e-03
7.297104000000000923e-01,7.250385390005429677e-03
7.298496000000000983e-01,7.250385390005429677e-03
7.299888000000001043e-01,7.250385390005429677e-03
7.299999999999999822e-01,7.250385390005429677e-03
7.301402000000000170e-01,7.250385390005429677e-03
7.302804000000000517e-01,7.250385390005429677e-03
7.304206000000000865e-01,7.250385390005429677e-03
7.305608000000001212e-01,7.250385390005429677e-03
7.307010000000001559e-01,7.250385390005429677e-03
7.308412000000001907e-01,7.250385390005429677e-03
7.309814000000002254e-01,7.250385390005429677e-03
7.311216000000002602e-01,7.250385390005429677e-03
7.312618000000002949e-01,7.250385390005429677e-03
7.314020000000003296e-01,7.250385390005429677e-03
7.315422000000003644e-01,7.250385390005429677e-03
7.316824000000003991e-01,7.250385390005429677e-03
7.318226000000004339e-01,7.250385390005429677e-03
7.319628000000004686e-01,7.250385390005429677e-03
7.320100000000000495e-01,7.250385390005429677e-03
7.321504000000000900e-01,7.250385390005429677e-03
7.322908000000001305e-01,7.250385390005429677e-03
7.324312000000001710e-01,7.250385390005429677e-03
7.325716000000002115e-01,7.250385390005429677e-03
7.327120000000002520e-01,7.250385390005429677e-03
7.328524000000002925e-01,7.250385390005429677e-03
7.329928000000003330e-01,7.250385390005429677e-03
7.331332000000003735e-01,7.250385390005429677e-03
7.332736000000004140e-01,7.250385390005429677e-03
7.334140000000004544e-01,7.250385390005429677e-03
7.335544000000004949e-01,7.250385390005429677e-03
7.336948000000005354e-01,7.250385390005429677e-03
7.338352000000005759e-01,7.250385390005429677e-03
7.339756000000006164e-01,7.250385390005429677e-03
7.340299999999999603e-01,7.250385390005429677e-03
7.341701999999999950e-01,7.250385390005429677e-03
7.343104000000000298e-01,7.250385390005429677e-03
7.344506000000000645e-01,7.250385390005429677e-03
7.345908000000000992e-01,7.250385390005429677e-03
7.347310000000001340e-01,7.250385390005429677e-03
7.348712000000001687e-01,7.250385390005429677e-03
7.350114000000002035e-01,7.250385390005429677e-03
7.351516000000002382e-01,7.250385390005429677e-03
7.352918000000002730e-01,7.250385390005429677e-03
7.354320000000003077e-01,7.250385390005429677e-03
7.355722000000003424e-01,7.250385390005429677e-03
7.357124000000003772e-01,7.250385390005429677e-03
7.358526000000004119e-01,7.250385390005429677e-03
7.359928000000004467e-01,7.250385390005429677e-03
7.360400000000000276e-01,7.250385390005429677e-03
7.361790000000000278e-01,7.250385390005429677e-03
7.363180000000000280e-01,7.250385390005429677e-03
7.364570000000000283e-01,7.250385390005429677e-03
7.365960000000000285e-01,7.250385390005429677e-03
7.367350000000000287e-01,7.250385390005429677e-03
7.368740000000000290e-01,7.250385390005429677e-03
7.370130000000000292e-01,7.250385390005429677e-03
7.371520000000000294e-01,7.250385390005429677e-03
7.372910000000000297e-01,7.250385390005429677e-03
7.374300000000000299e-01,7.250385390005429677e-03
7.375690000000000301e-01,7.250385390005429677e-03
7.377080000000000304e-01,7.250385390005429677e-03
7.378470000000000306e-01,7.250385390005429677e-03
7.379860000000000309e-01,7.250385390005429677e-03
7.379900000000000349e-01,7.250385390005429677e-03
7.381304000000000753e-01,7.250385390005429677e-03
7.382708000000001158e-01,7.250385390005429677e-03
7.384112000000001563e-01,7.250385390005429677e-03
7.385516000000001968e-01,7.250385390005429677e-03
7.386920000000002373e-01,7.250385390005429677e-03
7.388324000000002778e-01,7.250385390005429677e-03
7.389728000000003183e-01,7.250385390005429677e-03
7.391132000000003588e-01,7.250385390005429677e-03
7.392536000000003993e-01,7.250385390005429677e-03
7.393940000000004398e-01,7.250385390005429677e-03
7.395344000000004803e-01,7.250385390005429677e-03
7.396748000000005208e-01,7.250385390005429677e-03
7.398152000000005613e-01,7.250385390005429677e-03
7.399556000000006017e-01,7.250385390005429677e-03
7.400099999999999456e-01,7.250385390005429677e-03
7.401501999999999803e-01,7.250385390005429677e-03
7.402904000000000151e-01,7.250385390005429677e-03
7.404306000000000498e-01,7.250385390005429677e-03
7.405708000000000846e-01,7.250385390005429677e-03
7.407110000000001193e-01,7.250385390005429677e-03
7.408512000000001541e-01,7.250385390005429677e-03
7.409914000000001888e-01,7.250385390005429677e-03
7.411316000000002235e-01,7.250385390005429677e-03
7.412718000000002583e-01,7.250385390005429677e-03
7.414120000000002930e-01,7.250385390005429677e-03
7.415522000000003278e-01,7.250385390005429677e-03
7.416924000000003625e-01,7.250385390005429677e-03
7.418326000000003972e-01,7.250385390005429677e-03
7.419728000000004320e-01,7.250385390005429677e-03
7.420200000000000129e-01,7.250385390005429677e-03
7.421604000000000534e-01,7.250385390005429677e-03
7.423008000000000939e-01,7.250385390005429677e-03
7.424412000000001344e-01,7.250385390005429677e-03
7.425816000000001749e-01,7.250385390005429677e-03
7.427220000000002154e-01,7.250385390005429677e-03
7.428624000000002559e-01,7.250385390005429677e-03
7.430028000000002963e-01,7.250385390005429677e-03
7.431432000000003368e-01,7.250385390005429677e-03
7.432836000000003773e-01,7.250385390005429677e-03
7.434240000000004178e-01,7.250385390005429677e-03
7.435644000000004583e-01,7.250385390005429677e-03
7.437048000000004988e-01,7.250385390005429677e-03
7.438452000000005393e-01,7.250385390005429677e-03
7.439856000000005798e-01,7.250385390005429677e-03
7.440400000000000347e-01,7.250385390005429677e-03
7.441790000000000349e-01,7.250385390005429677e-03
7.443180000000000351e-01,7.250385390005429677e-03
7.444570000000000354e-01,7.250385390005429677e-03
7.445960000000000356e-01,7.250385390005429677e-03
7.447350000000000358e-01,7.250385390005429677e-03
7.448740000000000361e-01,7.250385390005429677e-03
7.450130000000000363e-01,7.250385390005429677e-03
7.451520000000000366e-01,7.250385390005429677e-03
7.452910000000000368e-01,7.250385390005429677e-03
7.454300000000000370e-01,7.250385390005429677e-03
7.455690000000000373e-01,7.250385390005429677e-03
7.457080000000000375e-01,7.250385390005429677e-03
7.458470000000000377e-01,7.250385390005429677e-03
7.459860000000000380e-01,7.250385390005429677e-03
7.459900000000000420e-01,7.250385390005429677e-03
7.461302000000000767e-01,7.250385390005429677e-03
7.462704000000001114e-01,7.250385390005429677e-03
7.464106000000001462e-01,7.250385390005429677e-03
7.465508000000001809e-01,7.250385390005429677e-03
7.466910000000002157e-01,7.250385390005429677e-03
7.468312000000002504e-01,7.250385390005429677e-03
7.469714000000002851e-01,7.250385390005429677e-03
7.471116000000003199e-01,7.250385390005429677e-03
7.472518000000003546e-01,7.250385390005429677e-03
7.473920000000003894e-01,7.250385390005429677e-03
7.475322000000004241e-01,7.250385390005429677e-03
7.476724000000004589e-01,7.250385390005429677e-03
7.478126000000004936e-01,7.250385390005429677e-03
7.479528000000005283e-01,7.250385390005429677e-03
7.479999999999999982e-01,7.250385390005429677e-03
7.481404000000000387e-01,7.250385390005429677e-03
7.482808000000000792e-01,7.250385390005429677e-03
7.484212000000001197e-01,7.250385390005429677e-03
7.485616000000001602e-01,7.250385390005429677e-03
7.487020000000002007e-01,7.250385390005429677e-03
7.488424000000002412e-01,7.250385390005429677e-03
7.489828000000002817e-01,7.250385390005429677e-03
7.491232000000003222e-01,7.250385390005429677e-03
7.492636000000003627e-01,7.250385390005429677e-03
7.494040000000004031e-01,7.250385390005429677e-03
7.495444000000004436e-01,7.250385390005429677e-03
7.496848000000004841e-01,7.250385390005429677e-03
7.498252000000005246e-01,7.250385390005429677e-03
7.499656000000005651e-01,7.250385390005429677e-03
7.500200000000000200e-01,7.250385390005429677e-03
7.501602000000000547e-01,7.250385390005429677e-03
7.503004000000000895e-01,7.250385390005429677e-03
7.504406000000001242e-01,7.250385390005429677e-03
7.505808000000001590e-01,7.250385390005429677e-03
7.507210000000001937e-01,7.250385390005429677e-03
7.508612000000002284e-01,7.250385390005429677e-03
7.510014000000002632e-01,7.250385390005429677e-03
7.511416000000002979e-01,7.250385390005429677e-03
7.512818000000003327e-01,7.250385390005429677e-03
7.514220000000003674e-01,7.250385390005429677e-03
7.515622000000004022e-01,7.250385390005429677e-03
7.517024000000004369e-01,7.250385390005429677e-03
7.518426000000004716e-01,7.250385390005429677e-03
7.519828000000005064e-01,7.250385390005429677e-03
7.520299999999999763e-01,7.250385390005429677e-03
7.521704000000000168e-01,7.250385390005429677e-03
7.523108000000000573e-01,7.250385390005429677e-03
7.524512000000000977e-01,7.250385390005429677e-03
7.525916000000001382e-01,7.250385390005429677e-03
7.527320000000001787e-01,7.250385390005429677e-03
7.528724000000002192e-01,7.250385390005429677e-03
7.530128000000002597e-01,7.250385390005429677e-03
7.531532000000003002e-01,7.250385390005429677e-03
7.532936000000003407e-01,7.250385390005429677e-03
7.534340000000003812e-01,7.250385390005429677e-03
7.535744000000004217e-01,7.250385390005429677e-03
7.537148000000004622e-01,7.250385390005429677e-03
7.538552000000005027e-01,7.250385390005429677e-03
7.539956000000005432e-01,7.250385390005429677e-03
7.540499999999999980e-01,7.250385390005429677e-03
7.541889999999999983e-01,7.250385390005429677e-03
7.543279999999999985e-01,7.250385390005429677e-03
7.544669999999999987e-01,7.250385390005429677e-03
7.546059999999999990e-01,7.250385390005429677e-03
7.547449999999999992e-01,7.250385390005429677e-03
7.548839999999999995e-01,7.250385390005429677e-03
7.550229999999999997e-01,7.250385390005429677e-03
7.551619999999999999e-01,7.250385390005429677e-03
7.553010000000000002e-01,7.250385390005429677e-03
7.554400000000000004e-01,7.250385390005429677e-03
7.555790000000000006e-01,7.250385390005429677e-03
7.557180000000000009e-01,7.250385390005429677e-03
7.558570000000000011e-01,7.250385390005429677e-03
7.559960000000000013e-01,7.250385390005429677e-03
7.560000000000000053e-01,7.250385390005429677e-03
7.561402000000000401e-01,7.250385390005429677e-03
7.562804000000000748e-01,7.250385390005429677e-03
7.564206000000001096e-01,7.250385390005429677e-03
7.565608000000001443e-01,7.250385390005429677e-03
7.567010000000001790e-01,7.250385390005429677e-03
7.568412000000002138e-01,7.250385390005429677e-03
7.569814000000002485e-01,7.250385390005429677e-03
7.571216000000002833e-01,7.250385390005429677e-03
7.572618000000003180e-01,7.250385390005429677e-03
7.574020000000003527e-01,7.250385390005429677e-03
7.575422000000003875e-01,7.250385390005429677e-03
7.576824000000004222e-01,7.250385390005429677e-03
7.578226000000004570e-01,7.250385390005429677e-03
7.579628000000004917e-01,7.250385390005429677e-03
7.580099999999999616e-01,7.250385390005429677e-03
7.581504000000000021e-01,7.250385390005429677e-03
7.582908000000000426e-01,7.250385390005429677e-03
7.584312000000000831e-01,7.250385390005429677e-03
7.585716000000001236e-01,7.250385390005429677e-03
7.587120000000001641e-01,7.250385390005429677e-03
7.588524000000002045e-01,7.250385390005429677e-03
7.589928000000002450e-01,7.250385390005429677e-03
7.591332000000002855e-01,7.250385390005429677e-03
7.592736000000003260e-01,7.250385390005429677e-03
7.594140000000003665e-01,7.250385390005429677e-03
7.595544000000004070e-01,7.250385390005429677e-03
7.596948000000004475e-01,7.250385390005429677e-03
7.598352000000004880e-01,7.250385390005429677e-03
7.599756000000005285e-01,7.250385390005429677e-03
7.600299999999999834e-01,7.250385390005429677e-03
7.601702000000000181e-01,7.250385390005429677e-03
7.603104000000000529e-01,7.250385390005429677e-03
7.604506000000000876e-01,7.250385390005429677e-03
7.605908000000001223e-01,7.250385390005429677e-03
7.607310000000001571e-01,7.250385390005429677e-03
7.608712000000001918e-01,7.250385390005429677e-03
7.610114000000002266e-01,7.250385390005429677e-03
7.611516000000002613e-01,7.250385390005429677e-03
7.612918000000002960e-01,7.250385390005429677e-03
7.614320000000003308e-01,7.250385390005429677e-03
7.615722000000003655e-01,7.250385390005429677e-03
7.617124000000004003e-01,7.250385390005429677e-03
7.618526000000004350e-01,7.250385390005429677e-03
7.619928000000004698e-01,7.250385390005429677e-03
7.620400000000000507e-01,7.250385390005429677e-03
7.621790000000000509e-01,7.250385390005429677e-03
7.623180000000000511e-01,7.250385390005429677e-03
7.624570000000000514e-01,7.250385390005429677e-03
7.625960000000000516e-01,7.250385390005429677e-03
7.627350000000000518e-01,7.250385390005429677e-03
7.628740000000000521e-01,7.250385390005429677e-03
7.630130000000000523e-01,7.250385390005429677e-03
7.631520000000000525e-01,7.250385390005429677e-03
7.632910000000000528e-01,7.250385390005429677e-03
7.634300000000000530e-01,7.250385390005429677e-03
7.635690000000000532e-01,7.250385390005429677e-03
7.637080000000000535e-01,7.250385390005429677e-03
7.638470000000000537e-01,7.250385390005429677e-03
7.639860000000000539e-01,7.250385390005429677e-03
7.639899999999999469e-01,7.250385390005429677e-03
7.641303999999999874e-01,7.250385390005429677e-03
7.642708000000000279e-01,7.250385390005429677e-03
7.644112000000000684e-01,7.250385390005429677e-03
7.645516000000001089e-01,7.250385390005429677e-03
7.646920000000001494e-01,7.250385390005429677e-03
7.648324000000001899e-01,7.250385390005429677e-03
7.649728000000002304e-01,7.250385390005429677e-03
7.651132000000002709e-01,7.250385390005429677e-03
7.652536000000003114e-01,7.250385390005429677e-03
7.653940000000003518e-01,7.250385390005429677e-03
7.655344000000003923e-01,7.250385390005429677e-03
7.656748000000004328e-01,7.250385390005429677e-03
7.658152000000004733e-01,7.250385390005429677e-03
7.659556000000005138e-01,7.250385390005429677e-03
7.660099999999999687e-01,7.250385390005429677e-03
7.661502000000000034e-01,7.250385390005429677e-03
7.662904000000000382e-01,7.250385390005429677e-03
7.664306000000000729e-01,7.250385390005429677e-03
7.665708000000001077e-01,7.250385390005429677e-03
7.667110000000001424e-01,7.250385390005429677e-03
7.668512000000001771e-01,7.250385390005429677e-03
7.669914000000002119e-01,7.250385390005429677e-03
7.671316000000002466e-01,7.250385390005429677e-03
7.672718000000002814e-01,7.250385390005429677e-03
7.674120000000003161e-01,7.250385390005429677e-03
7.675522000000003509e-01,7.250385390005429677e-03
7.676924000000003856e-01,7.250385390005429677e-03
7.678326000000004203e-01,7.250385390005429677e-03
7.679728000000004551e-01,7.250385390005429677e-03
7.680200000000000360e-01,7.250385390005429677e-03
7.681604000000000765e-01,7.250385390005429677e-03
7.683008000000001170e-01,7.250385390005429677e-03
7.684412000000001575e-01,7.250385390005429677e-03
7.685816000000001980e-01,7.250385390005429677e-03
7.687220000000002385e-01,7.250385390005429677e-03
7.688624000000002789e-01,7.250385390005429677e-03
7.690028000000003194e-01,7.250385390005429677e-03
7.691432000000003599e-01,7.250385390005429677e-03
7.692836000000004004e-01,7.250385390005429677e-03
7.694240000000004409e-01,7.250385390005429677e-03
7.695644000000004814e-01,7.250385390005429677e-03
7.697048000000005219e-01,7.250385390005429677e-03
7.698452000000005624e-01,7.250385390005429677e-03
7.699856000000006029e-01,7.250385390005429677e-03
7.700399999999999467e-01,7.250385390005429677e-03
7.701789999999999470e-01,7.250385390005429677e-03
7.703179999999999472e-01,7.250385390005429677e-03
7.704569999999999474e-01,7.250385390005429677e-03
7.705959999999999477e-01,7.250385390005429677e-03
7.707349999999999479e-01,7.250385390005429677e-03
7.708739999999999482e-01,7.250385390005429677e-03
7.710129999999999484e-01,7.250385390005429677e-03
7.711519999999999486e-01,7.250385390005429677e-03
7.712909999999999489e-01,7.250385390005429677e-03
7.714299999999999491e-01,7.250385390005429677e-03
7.715689999999999493e-01,7.250385390005429677e-03
7.717079999999999496e-01,7.250385390005429677e-03
7.718469999999999498e-01,7.250385390005429677e-03
7.719859999999999500e-01,7.250385390005429677e-03
7.719899999999999540e-01,7.250385390005429677e-03
7.721301999999999888e-01,7.250385390005429677e-03
7.722704000000000235e-01,7.250385390005429677e-03
7.724106000000000583e-01,7.250385390005429677e-03
7.725508000000000930e-01,7.250385390005429677e-03
7.726910000000001277e-01,7.250385390005429677e-03
7.728312000000001625e-01,7.250385390005429677e-03
7.729714000000001972e-01,7.250385390005429677e-03
7.731116000000002320e-01,7.250385390005429677e-03
7.732518000000002667e-01,7.250385390005429677e-03
7.733920000000003014e-01,7.250385390005429677e-03
7.735322000000003362e-01,7.250385390005429677e-03
7.736724000000003709e-01,7.250385390005429677e-03
7.738126000000004057e-01,7.250385390005429677e-03
7.739528000000004404e-01,7.250385390005429677e-03
7.740000000000000213e-01,7.250385390005429677e-03
7.741404000000000618e-01,7.250385390005429677e-03
7.742808000000001023e-01,7.250385390005429677e-03
7.744212000000001428e-01,7.250385390005429677e-03
7.745616000000001833e-01,7.250385390005429677e-03
7.747020000000002238e-01,7.250385390005429677e-03
7.748424000000002643e-01,7.250385390005429677e-03
7.749828000000003048e-01,7.250385390005429677e-03
7.751232000000003453e-01,7.250385390005429677e-03
7.752636000000003857e-01,7.250385390005429677e-03
7.754040000000004262e-01,7.250385390005429677e-03
7.755444000000004667e-01,7.250385390005429677e-03
7.756848000000005072e-01,7.250385390005429677e-03
7.758252000000005477e-01,7.250385390005429677e-03
7.759656000000005882e-01,7.250385390005429677e-03
7.760200000000000431e-01,7.250385390005429677e-03
7.761602000000000778e-01,7.250385390005429677e-03
7.763004000000001126e-01,7.250385390005429677e-03
7.764406000000001473e-01,7.250385390005429677e-03
7.765808000000001821e-01,7.250385390005429677e-03
7.767210000000002168e-01,7.250385390005429677e-03
7.768612000000002515e-01,7.250385390005429677e-03
7.770014000000002863e-01,7.250385390005429677e-03
7.771416000000003210e-01,7.250385390005429677e-03
7.772818000000003558e-01,7.250385390005429677e-03
7.774220000000003905e-01,7.250385390005429677e-03
7.775622000000004252e-01,7.250385390005429677e-03
7.777024000000004600e-01,7.250385390005429677e-03
7.778426000000004947e-01,7.250385390005429677e-03
7.779828000000005295e-01,7.250385390005429677e-03
7.780299999999999994e-01,7.250385390005429677e-03
7.781704000000000399e-01,7.250385390005429677e-03
7.783108000000000803e-01,7.250385390005429677e-03
7.784512000000001208e-01,7.250385390005429677e-03
7.785916000000001613e-01,7.250385390005429677e-03
7.787320000000002018e-01,7.250385390005429677e-03
7.788724000000002423e-01,7.250385390005429677e-03
7.790128000000002828e-01,7.250385390005429677e-03
7.791532000000003233e-01,7.250385390005429677e-03
7.792936000000003638e-01,7.250385390005429677e-03
7.794340000000004043e-01,7.250385390005429677e-03
7.795744000000004448e-01,7.250385390005429677e-03
7.797148000000004853e-01,7.250385390005429677e-03
7.798552000000005258e-01,7.250385390005429677e-03
7.799956000000005663e-01,7.250385390005429677e-03
7.800500000000000211e-01,7.250385390005429677e-03
7.801890000000000214e-01,7.250385390005429677e-03
7.803280000000000216e-01,7.250385390005429677e-03
7.804670000000000218e-01,7.250385390005429677e-03
7.806060000000000221e-01,7.250385390005429677e-03
7.807450000000000223e-01,7.250385390005429677e-03
7.808840000000000225e-01,7.250385390005429677e-03
7.810230000000000228e-01,7.250385390005429677e-03
7.811620000000000230e-01,7.250385390005429677e-03
7.813010000000000232e-01,7.250385390005429677e-03
7.814400000000000235e-01,7.250385390005429677e-03
7.815790000000000237e-01,7.250385390005429677e-03
7.817180000000000240e-01,7.250385390005429677e-03
7.818570000000000242e-01,7.250385390005429677e-03
7.819960000000000244e-01,7.250385390005429677e-03
7.820000000000000284e-01,7.250385390005429677e-03
7.821402000000000632e-01,7.250385390005429677e-03
7.822804000000000979e-01,7.250385390005429677e-03
7.824206000000001326e-01,7.250385390005429677e-03
7.825608000000001674e-01,7.250385390005429677e-03
7.827010000000002021e-01,7.250385390005429677e-03
7.828412000000002369e-01,7.250385390005429677e-03
7.829814000000002716e-01,7.250385390005429677e-03
7.831216000000003064e-01,7.250385390005429677e-03
7.832618000000003411e-01,7.250385390005429677e-03
7.834020000000003758e-01,7.250385390005429677e-03
7.835422000000004106e-01,7.250385390005429677e-03
7.836824000000004453e-01,7.250385390005429677e-03
7.838226000000004801e-01,7.250385390005429677e-03
7.839628000000005148e-01,7.250385390005429677e-03
7.840099999999999847e-01,7.250385390005429677e-03
7.841504000000000252e-01,7.250385390005429677e-03
7.842908000000000657e-01,7.250385390005429677e-03
7.844312000000001062e-01,7.250385390005429677e-03
7.845716000000001467e-01,7.250385390005429677e-03
7.847120000000001871e-01,7.250385390005429677e-03
7.848524000000002276e-01,7.250385390005429677e-03
7.849928000000002681e-01,7.250385390005429677e-03
7.851332000000003086e-01,7.250385390005429677e-03
7.852736000000003491e-01,7.250385390005429677e-03
7.854140000000003896e-01,7.250385390005429677e-03
7.855544000000004301e-01,7.250385390005429677e-03
7.856948000000004706e-01,7.250385390005429677e-03
7.858352000000005111e-01,7.250385390005429677e-03
7.859756000000005516e-01,7.250385390005429677e-03
7.860300000000000065e-01,7.250385390005429677e-03
7.861702000000000412e-01,7.250385390005429677e-03
7.863104000000000759e-01,7.250385390005429677e-03
7.864506000000001107e-01,7.250385390005429677e-03
7.865908000000001454e-01,7.250385390005429677e-03
7.867310000000001802e-01,7.250385390005429677e-03
7.868712000000002149e-01,7.250385390005429677e-03
7.870114000000002497e-01,7.250385390005429677e-03
7.871516000000002844e-01,7.250385390005429677e-03
7.872918000000003191e-01,7.250385390005429677e-03
7.874320000000003539e-01,7.250385390005429677e-03
7.875722000000003886e-01,7.250385390005429677e-03
7.877124000000004234e-01,7.250385390005429677e-03
7.878526000000004581e-01,7.250385390005429677e-03
7.879928000000004928e-01,7.250385390005429677e-03
7.880399999999999627e-01,7.250385390005429677e-03
7.881789999999999630e-01,7.250385390005429677e-03
7.883179999999999632e-01,7.250385390005429677e-03
7.884569999999999634e-01,7.250385390005429677e-03
7.885959999999999637e-01,7.250385390005429677e-03
7.887349999999999639e-01,7.250385390005429677e-03
7.888739999999999641e-01,7.250385390005429677e-03
7.890129999999999644e-01,7.250385390005429677e-03
7.891519999999999646e-01,7.250385390005429677e-03
7.892909999999999648e-01,7.250385390005429677e-03
7.894299999999999651e-01,7.250385390005429677e-03
7.895689999999999653e-01,7.250385390005429677e-03
7.897079999999999655e-01,7.250385390005429677e-03
7.898469999999999658e-01,7.250385390005429677e-03
7.899859999999999660e-01,7.250385390005429677e-03
7.899899999999999700e-01,7.250385390005429677e-03
7.901304000000000105e-01,7.250385390005429677e-03
7.902708000000000510e-01,7.250385390005429677e-03
7.904112000000000915e-01,7.250385390005429677e-03
7.905516000000001320e-01,7.250385390005429677e-03
7.906920000000001725e-01,7.250385390005429677e-03
7.908324000000002130e-01,7.250385390005429677e-03
7.909728000000002535e-01,7.250385390005429677e-03
7.911132000000002940e-01,7.250385390005429677e-03
7.912536000000003344e-01,7.250385390005429677e-03
7.913940000000003749e-01,7.250385390005429677e-03
7.915344000000004154e-01,7.250385390005429677e-03
7.916748000000004559e-01,7.250385390005429677e-03
7.918152000000004964e-01,7.250385390005429677e-03
7.919556000000005369e-01,7.250385390005429677e-03
7.920099999999999918e-01,7.250385390005429677e-03
7.921502000000000265e-01,7.250385390005429677e-03
7.922904000000000613e-01,7.250385390005429677e-03
7.924306000000000960e-01,7.250385390005429677e-03
7.925708000000001308e-01,7.250385390005429677e-03
7.927110000000001655e-01,7.250385390005429677e-03
7.928512000000002002e-01,7.250385390005429677e-03
7.929914000000002350e-01,7.250385390005429677e-03
7.931316000000002697e-01,7.250385390005429677e-03
7.932718000000003045e-01,7.250385390005429677e-03
7.934120000000003392e-01,7.250385390005429677e-03
7.935522000000003739e-01,7.250385390005429677e-03
7.936924000000004087e-01,7.250385390005429677e-03
7.938326000000004434e-01,7.250385390005429677e-03
7.939728000000004782e-01,7.250385390005429677e-03
7.940199999999999481e-01,7.250385390005429677e-03
7.941603999999999886e-01,7.250385390005429677e-03
7.943008000000000290e-01,7.250385390005429677e-03
7.944412000000000695e-01,7.250385390005429677e-03
7.945816000000001100e-01,7.250385390005429677e-03
7.947220000000001505e-01,7.250385390005429677e-03
7.948624000000001910e-01,7.250385390005429677e-03
7.950028000000002315e-01,7.250385390005429677e-03
7.951432000000002720e-01,7.250385390005429677e-03
7.952836000000003125e-01,7.250385390005429677e-03
7.954240000000003530e-01,7.250385390005429677e-03
7.955644000000003935e-01,7.250385390005429677e-03
7.957048000000004340e-01,7.250385390005429677e-03
7.958452000000004745e-01,7.250385390005429677e-03
7.959856000000005150e-01,7.250385390005429677e-03
7.960399999999999698e-01,7.250385390005429677e-03
7.961789999999999701e-01,7.250385390005429677e-03
7.963179999999999703e-01,7.250385390005429677e-03
7.964569999999999705e-01,7.250385390005429677e-03
7.965959999999999708e-01,7.250385390005429677e-03
7.967349999999999710e-01,7.250385390005429677e-03
7.968739999999999712e-01,7.250385390005429677e-03
7.970129999999999715e-01,7.250385390005429677e-03
7.971519999999999717e-01,7.250385390005429677e-03
7.972909999999999719e-01,7.250385390005429677e-03
7.974299999999999722e-01,7.250385390005429677e-03
7.975689999999999724e-01,7.250385390005429677e-03
7.977079999999999727e-01,7.250385390005429677e-03
7.978469999999999729e-01,7.250385390005429677e-03
7.979859999999999731e-01,7.250385390005429677e-03
7.979899999999999771e-01,7.250385390005429677e-03
7.981302000000000119e-01,7.250385390005429677e-03
7.982704000000000466e-01,7.250385390005429677e-03
7.984106000000000813e-01,7.250385390005429677e-03
7.985508000000001161e-01,7.250385390005429677e-03
7.986910000000001508e-01,7.250385390005429677e-03
7.988312000000001856e-01,7.250385390005429677e-03
7.989714000000002203e-01,7.250385390005429677e-03
7.991116000000002551e-01,7.250385390005429677e-03
7.992518000000002898e-01,7.250385390005429677e-03
7.993920000000003245e-01,7.250385390005429677e-03
7.995322000000003593e-01,7.250385390005429677e-03
7.996724000000003940e-01,7.250385390005429677e-03
7.998126000000004288e-01,7.250385390005429677e-03
7.999528000000004635e-01,7.250385390005429677e-03
8.000000000000000444e-01,7.250385390005429677e-03
8.001404000000000849e-01,7.250385390005429677e-03
8.002808000000001254e-01,7.250385390005429677e-03
8.004212000000001659e-01,7.250385390005429677e-03
8.005616000000002064e-01,7.250385390005429677e-03
8.007020000000002469e-01,7.250385390005429677e-03
8.008424000000002874e-01,7.250385390005429677e-03
8.009828000000003279e-01,7.250385390005429677e-03
8.011232000000003683e-01,7.250385390005429677e-03
8.012636000000004088e-01,7.250385390005429677e-03
8.014040000000004493e-01,7.250385390005429677e-03
8.015444000000004898e-01,7.250385390005429677e-03
8.016848000000005303e-01,7.250385390005429677e-03
8.018252000000005708e-01,7.250385390005429677e-03
8.019656000000006113e-01,7.250385390005429677e-03
8.020199999999999552e-01,7.250385390005429677e-03
8.021601999999999899e-01,7.250385390005429677e-03
8.023004000000000246e-01,7.250385390005429677e-03
8.024406000000000594e-01,7.250385390005429677e-03
8.025808000000000941e-01,7.250385390005429677e-03
8.027210000000001289e-01,7.250385390005429677e-03
8.028612000000001636e-01,7.250385390005429677e-03
8.030014000000001984e-01,7.250385390005429677e-03
8.031416000000002331e-01,7.250385390005429677e-03
8.032818000000002678e-01,7.250385390005429677e-03
8.034220000000003026e-01,7.250385390005429677e-03
8.035622000000003373e-01,7.250385390005429677e-03
8.037024000000003721e-01,7.250385390005429677e-03
8.038426000000004068e-01,7.250385390005429677e-03
8.039828000000004415e-01,7.250385390005429677e-03
8.040300000000000225e-01,7.250385390005429677e-03
8.041704000000000629e-01,7.250385390005429677e-03
8.043108000000001034e-01,7.250385390005429677e-03
8.044512000000001439e-01,7.250385390005429677e-03
8.045916000000001844e-01,7.250385390005429677e-03
8.047320000000002249e-01,7.250385390005429677e-03
8.048724000000002654e-01,7.250385390005429677e-03
8.050128000000003059e-01,7.250385390005429677e-03
8.051532000000003464e-01,7.250385390005429677e-03
8.052936000000003869e-01,7.250385390005429677e-03
8.054340000000004274e-01,7.250385390005429677e-03
8.055744000000004679e-01,7.250385390005429677e-03
8.057148000000005084e-01,7.250385390005429677e-03
8.058552000000005489e-01,7.250385390005429677e-03
8.059956000000005893e-01,7.250385390005429677e-03
8.060500000000000442e-01,7.250385390005429677e-03
8.061890000000000445e-01,7.250385390005429677e-03
8.063280000000000447e-01,7.250385390005429677e-03
8.064670000000000449e-01,7.250385390005429677e-03
8.066060000000000452e-01,7.250385390005429677e-03
8.067450000000000454e-01,7.250385390005429677e-03
8.068840000000000456e-01,7.250385390005429677e-03
8.070230000000000459e-01,7.250385390005429677e-03
8.071620000000000461e-01,7.250385390005429677e-03
8.073010000000000463e-01,7.250385390005429677e-03
8.074400000000000466e-01,7.250385390005429677e-03
8.075790000000000468e-01,7.250385390005429677e-03
8.077180000000000470e-01,7.250385390005429677e-03
8.078570000000000473e-01,7.250385390005429677e-03
8.079960000000000475e-01,7.250385390005429677e-03
8.080000000000000515e-01,7.250385390005429677e-03
8.081402000000000863e-01,7.250385390005429677e-03
8.082804000000001210e-01,7.250385390005429677e-03
8.084206000000001557e-01,7.250385390005429677e-03
8.085608000000001905e-01,7.250385390005429677e-03
8.087010000000002252e-01,7.250385390005429677e-03
8.088412000000002600e-01,7.250385390005429677e-03
8.089814000000002947e-01,7.250385390005429677e-03
8.091216000000003294e-01,7.250385390005429677e-03
8.092618000000003642e-01,7.250385390005429677e-03
8.094020000000003989e-01,7.250385390005429677e-03
8.095422000000004337e-01,7.250385390005429677e-03
8.096824000000004684e-01,7.250385390005429677e-03
8.098226000000005032e-01,7.250385390005429677e-03
8.099628000000005379e-01,7.250385390005429677e-03
8.100100000000000078e-01,7.250385390005429677e-03
8.101504000000000483e-01,7.250385390005429677e-03
8.102908000000000888e-01,7.250385390005429677e-03
8.104312000000001293e-01,7.250385390005429677e-03
8.105716000000001698e-01,7.250385390005429677e-03
8.107120000000002102e-01,7.250385390005429677e-03
8.108524000000002507e-01,7.250385390005429677e-03
8.109928000000002912e-01,7.250385390005429677e-03
8.111332000000003317e-01,7.250385390005429677e-03
8.112736000000003722e-01,7.250385390005429677e-03
8.114140000000004127e-01,7.250385390005429677e-03
8.115544000000004532e-01,7.250385390005429677e-03
8.116948000000004937e-01,7.250385390005429677e-03
8.118352000000005342e-01,7.250385390005429677e-03
8.119756000000005747e-01,7.250385390005429677e-03
8.120300000000000296e-01,7.250385390005429677e-03
8.121702000000000643e-01,7.250385390005429677e-03
8.123104000000000990e-01,7.250385390005429677e-03
8.124506000000001338e-01,7.250385390005429677e-03
8.125908000000001685e-01,7.250385390005429677e-03
8.127310000000002033e-01,7.250385390005429677e-03
8.128712000000002380e-01,7.250385390005429677e-03
8.130114000000002727e-01,7.250385390005429677e-03
8.131516000000003075e-01,7.250385390005429677e-03
8.132918000000003422e-01,7.250385390005429677e-03
8.134320000000003770e-01,7.250385390005429677e-03
8.135722000000004117e-01,7.250385390005429677e-03
8.137124000000004465e-01,7.250385390005429677e-03
8.138526000000004812e-01,7.250385390005429677e-03
8.139928000000005159e-01,7.250385390005429677e-03
8.140399999999999858e-01,7.250385390005429677e-03
8.141791999999999918e-01,7.250385390005429677e-03
8.143183999999999978e-01,7.250385390005429677e-03
8.144576000000000038e-01,7.250385390005429677e-03
8.145968000000000098e-01,7.250385390005429677e-03
8.147360000000000158e-01,7.250385390005429677e-03
8.148752000000000217e-01,7.250385390005429677e-03
8.150144000000000277e-01,7.250385390005429677e-03
8.151536000000000337e-01,7.250385390005429677e-03
8.152928000000000397e-01,7.250385390005429677e-03
8.154320000000000457e-01,7.250385390005429677e-03
8.155712000000000517e-01,7.250385390005429677e-03
8.157104000000000577e-01,7.250385390005429677e-03
8.158496000000000636e-01,7.250385390005429677e-03
8.159888000000000696e-01,7.250385390005429677e-03
8.159999999999999476e-01,7.250385390005429677e-03
8.161401999999999823e-01,7.250385390005429677e-03
8.162804000000000171e-01,7.250385390005429677e-03
8.164206000000000518e-01,7.250385390005429677e-03
8.165608000000000866e-01,7.250385390005429677e-03
8.167010000000001213e-01,7.250385390005429677e-03
8.168412000000001560e-01,7.250385390005429677e-03
8.169814000000001908e-01,7.250385390005429677e-03
8.171216000000002255e-01,7.250385390005429677e-03
8.172618000000002603e-01,7.250385390005429677e-03
8.174020000000002950e-01,7.250385390005429677e-03
8.175422000000003298e-01,7.250385390005429677e-03
8.176824000000003645e-01,7.250385390005429677e-03
8.178226000000003992e-01,7.250385390005429677e-03
8.179628000000004340e-01,7.250385390005429677e-03
8.180100000000000149e-01,7.250385390005429677e-03
8.181502000000000496e-01,7.250385390005429677e-03
8.182904000000000844e-01,7.250385390005429677e-03
8.184306000000001191e-01,7.250385390005429677e-03
8.185708000000001539e-01,7.250385390005429677e-03
8.187110000000001886e-01,7.250385390005429677e-03
8.188512000000002233e-01,7.250385390005429677e-03
8.189914000000002581e-01,7.250385390005429677e-03
8.191316000000002928e-01,7.250385390005429677e-03
8.192718000000003276e-01,7.250385390005429677e-03
8.194120000000003623e-01,7.250385390005429677e-03
8.195522000000003970e-01,7.250385390005429677e-03
8.196924000000004318e-01,7.250385390005429677e-03
8.198326000000004665e-01,7.250385390005429677e-03
8.199728000000005013e-01,7.250385390005429677e-03
8.200199999999999712e-01,7.250385390005429677e-03
8.201604000000000116e-01,7.250385390005429677e-03
8.203008000000000521e-01,7.250385390005429677e-03
8.204412000000000926e-01,7.250385390005429677e-03
8.205816000000001331e-01,7.250385390005429677e-03
8.207220000000001736e-01,7.250385390005429677e-03
8.208624000000002141e-01,7.250385390005429677e-03
8.210028000000002546e-01,7.250385390005429677e-03
8.211432000000002951e-01,7.250385390005429677e-03
8.212836000000003356e-01,7.250385390005429677e-03
8.214240000000003761e-01,7.250385390005429677e-03
8.215644000000004166e-01,7.250385390005429677e-03
8.217048000000004571e-01,7.250385390005429677e-03
8.218452000000004976e-01,7.250385390005429677e-03
8.219856000000005380e-01,7.250385390005429677e-03
8.220399999999999929e-01,7.250385390005429677e-03
8.221789999999999932e-01,7.250385390005429677e-03
8.223179999999999934e-01,7.250385390005429677e-03
8.224569999999999936e-01,7.250385390005429677e-03
8.225959999999999939e-01,7.250385390005429677e-03
8.227349999999999941e-01,7.250385390005429677e-03
8.228739999999999943e-01,7.250385390005429677e-03
8.230129999999999946e-01,7.250385390005429677e-03
8.231519999999999948e-01,7.250385390005429677e-03
8.232909999999999950e-01,7.250385390005429677e-03
8.234299999999999953e-01,7.250385390005429677e-03
8.235689999999999955e-01,7.250385390005429677e-03
8.237079999999999957e-01,7.250385390005429677e-03
8.238469999999999960e-01,7.250385390005429677e-03
8.239859999999999962e-01,7.250385390005429677e-03
8.239900000000000002e-01,7.250385390005429677e-03
8.241304000000000407e-01,7.250385390005429677e-03
8.242708000000000812e-01,7.250385390005429677e-03
8.244112000000001217e-01,7.250385390005429677e-03
8.245516000000001622e-01,7.250385390005429677e-03
8.246920000000002027e-01,7.250385390005429677e-03
8.248324000000002432e-01,7.250385390005429677e-03
8.249728000000002837e-01,7.250385390005429677e-03
8.251132000000003242e-01,7.250385390005429677e-03
8.252536000000003646e-01,7.250385390005429677e-03
8.253940000000004051e-01,7.250385390005429677e-03
8.255344000000004456e-01,7.250385390005429677e-03
8.256748000000004861e-01,7.250385390005429677e-03
8.258152000000005266e-01,7.250385390005429677e-03
8.259556000000005671e-01,7.250385390005429677e-03
8.260100000000000220e-01,7.250385390005429677e-03
8.261502000000000567e-01,7.250385390005429677e-03
8.262904000000000915e-01,7.250385390005429677e-03
8.264306000000001262e-01,7.250385390005429677e-03
8.265708000000001610e-01,7.250385390005429677e-03
8.267110000000001957e-01,7.250385390005429677e-03
8.268512000000002304e-01,7.250385390005429677e-03
8.269914000000002652e-01,7.250385390005429677e-03
8.271316000000002999e-01,7.250385390005429677e-03
8.272718000000003347e-01,7.250385390005429677e-03
8.274120000000003694e-01,7.250385390005429677e-03
8.275522000000004041e-01,7.250385390005429677e-03
8.276924000000004389e-01,7.250385390005429677e-03
8.278326000000004736e-01,7.250385390005429677e-03
8.279728000000005084e-01,7.250385390005429677e-03
8.280199999999999783e-01,7.250385390005429677e-03
8.281602000000000130e-01,7.250385390005429677e-03
8.283004000000000477e-01,7.250385390005429677e-03
8.284406000000000825e-01,7.250385390005429677e-03
8.285808000000001172e-01,7.250385390005429677e-03
8.287210000000001520e-01,7.250385390005429677e-03
8.288612000000001867e-01,7.250385390005429677e-03
8.290014000000002214e-01,7.250385390005429677e-03
8.291416000000002562e-01,7.250385390005429677e-03
8.292818000000002909e-01,7.250385390005429677e-03
8.294220000000003257e-01,7.250385390005429677e-03
8.295622000000003604e-01,7.250385390005429677e-03
8.297024000000003952e-01,7.250385390005429677e-03
8.298426000000004299e-01,7.250385390005429677e-03
8.299828000000004646e-01,7.250385390005429677e-03
8.300300000000000455e-01,7.250385390005429677e-03
8.301692000000000515e-01,7.250385390005429677e-03
8.303084000000000575e-01,7.250385390005429677e-03
8.304476000000000635e-01,7.250385390005429677e-03
8.305868000000000695e-01,7.250385390005429677e-03
8.307260000000000755e-01,7.250385390005429677e-03
8.308652000000000815e-01,7.250385390005429677e-03
8.310044000000000874e-01,7.250385390005429677e-03
8.311436000000000934e-01,7.250385390005429677e-03
8.312828000000000994e-01,7.250385390005429677e-03
8.314220000000001054e-01,7.250385390005429677e-03
8.315612000000001114e-01,7.250385390005429677e-03
8.317004000000001174e-01,7.250385390005429677e-03
8.318396000000001234e-01,7.250385390005429677e-03
8.319788000000001293e-01,7.250385390005429677e-03
8.319900000000000073e-01,7.250385390005429677e-03
8.321302000000000421e-01,7.250385390005429677e-03
8.322704000000000768e-01,7.250385390005429677e-03
8.324106000000001115e-01,7.250385390005429677e-03
8.325508000000001463e-01,7.250385390005429677e-03
8.326910000000001810e-01,7.250385390005429677e-03
8.328312000000002158e-01,7.250385390005429677e-03
8.329714000000002505e-01,7.250385390005429677e-03
8.331116000000002852e-01,7.250385390005429677e-03
8.332518000000003200e-01,7.250385390005429677e-03
8.333920000000003547e-01,7.250385390005429677e-03
8.335322000000003895e-01,7.250385390005429677e-03
8.336724000000004242e-01,7.250385390005429677e-03
8.338126000000004590e-01,7.250385390005429677e-03
8.339528000000004937e-01,7.250385390005429677e-03
8.339999999999999636e-01,7.250385390005429677e-03
8.341404000000000041e-01,7.250385390005429677e-03
8.342808000000000446e-01,7.250385390005429677e-03
8.344212000000000851e-01,7.250385390005429677e-03
8.345616000000001256e-01,7.250385390005429677e-03
8.347020000000001660e-01,7.250385390005429677e-03
8.348424000000002065e-01,7.250385390005429677e-03
8.349828000000002470e-01,7.250385390005429677e-03
8.351232000000002875e-01,7.250385390005429677e-03
8.352636000000003280e-01,7.250385390005429677e-03
8.354040000000003685e-01,7.250385390005429677e-03
8.355444000000004090e-01,7.250385390005429677e-03
8.356848000000004495e-01,7.250385390005429677e-03
8.358252000000004900e-01,7.250385390005429677e-03
8.359656000000005305e-01,7.250385390005429677e-03
8.360199999999999854e-01,7.250385390005429677e-03
8.361602000000000201e-01,7.250385390005429677e-03
8.363004000000000548e-01,7.250385390005429677e-03
8.364406000000000896e-01,7.250385390005429677e-03
8.365808000000001243e-01,7.250385390005429677e-03
8.367210000000001591e-01,7.250385390005429677e-03
8.368612000000001938e-01,7.250385390005429677e-03
8.370014000000002286e-01,7.250385390005429677e-03
8.371416000000002633e-01,7.250385390005429677e-03
8.372818000000002980e-01,7.250385390005429677e-03
8.374220000000003328e-01,7.250385390005429677e-03
8.375622000000003675e-01,7.250385390005429677e-03
8.377024000000004023e-01,7.250385390005429677e-03
8.378426000000004370e-01,7.250385390005429677e-03
8.379828000000004717e-01,7.250385390005429677e-03
8.380300000000000527e-01,7.250385390005429677e-03
8.381702000000000874e-01,7.250385390005429677e-03
8.383104000000001221e-01,7.250385390005429677e-03
8.384506000000001569e-01,7.250385390005429677e-03
8.385908000000001916e-01,7.250385390005429677e-03
8.387310000000002264e-01,7.250385390005429677e-03
8.388712000000002611e-01,7.250385390005429677e-03
8.390114000000002958e-01,7.250385390005429677e-03
8.391516000000003306e-01,7.250385390005429677e-03
8.392918000000003653e-01,7.250385390005429677e-03
8.394320000000004001e-01,7.250385390005429677e-03
8.395722000000004348e-01,7.250385390005429677e-03
8.397124000000004695e-01,7.250385390005429677e-03
8.398526000000005043e-01,7.250385390005429677e-03
8.399928000000005390e-01,7.250385390005429677e-03
8.400400000000000089e-01,7.250385390005429677e-03
8.401792000000000149e-01,7.250385390005429677e-03
8.403184000000000209e-01,7.250385390005429677e-03
8.404576000000000269e-01,7.250385390005429677e-03
8.405968000000000329e-01,7.250385390005429677e-03
8.407360000000000388e-01,7.250385390005429677e-03
8.408752000000000448e-01,7.250385390005429677e-03
8.410144000000000508e-01,7.250385390005429677e-03
8.411536000000000568e-01,7.250385390005429677e-03
8.412928000000000628e-01,7.250385390005429677e-03
8.414320000000000688e-01,7.250385390005429677e-03
8.415712000000000748e-01,7.250385390005429677e-03
8.417104000000000807e-01,7.250385390005429677e-03
8.418496000000000867e-01,7.250385390005429677e-03
8.419888000000000927e-01,7.250385390005429677e-03
8.419999999999999707e-01,7.250385390005429677e-03
8.421402000000000054e-01,7.250385390005429677e-03
8.422804000000000402e-01,7.250385390005429677e-03
8.424206000000000749e-01,7.250385390005429677e-03
8.425608000000001097e-01,7.250385390005429677e-03
8.427010000000001444e-01,7.250385390005429677e-03
8.428412000000001791e-01,7.250385390005429677e-03
8.429814000000002139e-01,7.250385390005429677e-03
8.431216000000002486e-01,7.250385390005429677e-03
8.432618000000002834e-01,7.250385390005429677e-03
8.434020000000003181e-01,7.250385390005429677e-03
8.435422000000003528e-01,7.250385390005429677e-03
8.436824000000003876e-01,7.250385390005429677e-03
8.438226000000004223e-01,7.250385390005429677e-03
8.439628000000004571e-01,7.250385390005429677e-03
8.440100000000000380e-01,7.250385390005429677e-03
8.441504000000000785e-01,7.250385390005429677e-03
8.442908000000001190e-01,7.250385390005429677e-03
8.444312000000001595e-01,7.250385390005429677e-03
8.445716000000001999e-01,7.250385390005429677e-03
8.447120000000002404e-01,7.250385390005429677e-03
8.448524000000002809e-01,7.250385390005429677e-03
8.449928000000003214e-01,7.250385390005429677e-03
8.451332000000003619e-01,7.250385390005429677e-03
8.452736000000004024e-01,7.250385390005429677e-03
8.454140000000004429e-01,7.250385390005429677e-03
8.455544000000004834e-01,7.250385390005429677e-03
8.456948000000005239e-01,7.250385390005429677e-03
8.458352000000005644e-01,7.250385390005429677e-03
8.459756000000006049e-01,7.250385390005429677e-03
8.460299999999999487e-01,7.250385390005429677e-03
8.461701999999999835e-01,7.250385390005429677e-03
8.463104000000000182e-01,7.250385390005429677e-03
8.464506000000000530e-01,7.250385390005429677e-03
8.465908000000000877e-01,7.250385390005429677e-03
8.467310000000001224e-01,7.250385390005429677e-03
8.468712000000001572e-01,7.250385390005429677e-03
8.470114000000001919e-01,7.250385390005429677e-03
8.471516000000002267e-01,7.250385390005429677e-03
8.472918000000002614e-01,7.250385390005429677e-03
8.474320000000002961e-01,7.250385390005429677e-03
8.475722000000003309e-01,7.250385390005429677e-03
8.477124000000003656e-01,7.250385390005429677e-03
8.478526000000004004e-01,7.250385390005429677e-03
8.479928000000004351e-01,7.250385390005429677e-03
8.480400000000000160e-01,7.250385390005429677e-03
8.481790000000000163e-01,7.250385390005429677e-03
8.483180000000000165e-01,7.250385390005429677e-03
8.484570000000000167e-01,7.250385390005429677e-03
8.485960000000000170e-01,7.250385390005429677e-03
8.487350000000000172e-01,7.250385390005429677e-03
8.488740000000000174e-01,7.250385390005429677e-03
8.490130000000000177e-01,7.250385390005429677e-03
8.491520000000000179e-01,7.250385390005429677e-03
8.492910000000000181e-01,7.250385390005429677e-03
8.494300000000000184e-01,7.250385390005429677e-03
8.495690000000000186e-01,7.250385390005429677e-03
8.497080000000000188e-01,7.250385390005429677e-03
8.498470000000000191e-01,7.250385390005429677e-03
8.499860000000000193e-01,7.250385390005429677e-03
8.499900000000000233e-01,7.250385390005429677e-03
8.501304000000000638e-01,7.250385390005429677e-03
8.502708000000001043e-01,7.250385390005429677e-03
8.504112000000001448e-01,7.250385390005429677e-03
8.505516000000001853e-01,7.250385390005429677e-03
8.506920000000002258e-01,7.250385390005429677e-03
8.508324000000002663e-01,7.250385390005429677e-03
8.509728000000003068e-01,7.250385390005429677e-03
8.511132000000003472e-01,7.250385390005429677e-03
8.512536000000003877e-01,7.250385390005429677e-03
8.513940000000004282e-01,7.250385390005429677e-03
8.515344000000004687e-01,7.250385390005429677e-03
8.516748000000005092e-01,7.250385390005429677e-03
8.518152000000005497e-01,7.250385390005429677e-03
8.519556000000005902e-01,7.250385390005429677e-03
8.520100000000000451e-01,7.250385390005429677e-03
8.521502000000000798e-01,7.250385390005429677e-03
8.522904000000001146e-01,7.250385390005429677e-03
8.524306000000001493e-01,7.250385390005429677e-03
8.525708000000001840e-01,7.250385390005429677e-03
8.527110000000002188e-01,7.250385390005429677e-03
8.528512000000002535e-01,7.250385390005429677e-03
8.529914000000002883e-01,7.250385390005429677e-03
8.531316000000003230e-01,7.250385390005429677e-03
8.532718000000003578e-01,7.250385390005429677e-03
8.534120000000003925e-01,7.250385390005429677e-03
8.535522000000004272e-01,7.250385390005429677e-03
8.536924000000004620e-01,7.250385390005429677e-03
8.538326000000004967e-01,7.250385390005429677e-03
8.539728000000005315e-01,7.250385390005429677e-03
8.540200000000000014e-01,7.250385390005429677e-03
8.541602000000000361e-01,7.250385390005429677e-03
8.543004000000000708e-01,7.250385390005429677e-03
8.544406000000001056e-01,7.250385390005429677e-03
8.545808000000001403e-01,7.250385390005429677e-03
8.547210000000001751e-01,7.250385390005429677e-03
8.548612000000002098e-01,7.250385390005429677e-03
8.550014000000002445e-01,7.250385390005429677e-03
8.551416000000002793e-01,7.250385390005429677e-03
8.552818000000003140e-01,7.250385390005429677e-03
8.554220000000003488e-01,7.250385390005429677e-03
8.555622000000003835e-01,7.250385390005429677e-03
8.557024000000004182e-01,7.250385390005429677e-03
8.558426000000004530e-01,7.250385390005429677e-03
8.559828000000004877e-01,7.250385390005429677e-03
8.560299999999999576e-01,7.250385390005429677e-03
8.561691999999999636e-01,7.250385390005429677e-03
8.563083999999999696e-01,7.250385390005429677e-03
8.564475999999999756e-01,7.250385390005429677e-03
8.565867999999999816e-01,7.250385390005429677e-03
8.567259999999999875e-01,7.250385390005429677e-03
8.568651999999999935e-01,7.250385390005429677e-03
8.570043999999999995e-01,7.250385390005429677e-03
8.571436000000000055e-01,7.250385390005429677e-03
8.572828000000000115e-01,7.250385390005429677e-03
8.574220000000000175e-01,7.250385390005429677e-03
8.575612000000000235e-01,7.250385390005429677e-03
8.577004000000000294e-01,7.250385390005429677e-03
8.578396000000000354e-01,7.250385390005429677e-03
8.579788000000000414e-01,7.250385390005429677e-03
8.579900000000000304e-01,7.250385390005429677e-03
8.581302000000000652e-01,7.250385390005429677e-03
8.582704000000000999e-01,7.250385390005429677e-03
8.584106000000001346e-01,7.250385390005429677e-03
8.585508000000001694e-01,7.250385390005429677e-03
8.586910000000002041e-01,7.250385390005429677e-03
8.588312000000002389e-01,7.250385390005429677e-03
8.589714000000002736e-01,7.250385390005429677e-03
8.591116000000003083e-01,7.250385390005429677e-03
8.592518000000003431e-01,7.250385390005429677e-03
8.593920000000003778e-01,7.250385390005429677e-03
8.595322000000004126e-01,7.250385390005429677e-03
8.596724000000004473e-01,7.250385390005429677e-03
8.598126000000004820e-01,7.250385390005429677e-03
8.599528000000005168e-01,7.250385390005429677e-03
8.599999999999999867e-01,7.250385390005429677e-03
8.601404000000000272e-01,7.250385390005429677e-03
8.602808000000000677e-01,7.250385390005429677e-03
8.604212000000001082e-01,7.250385390005429677e-03
8.605616000000001486e-01,7.250385390005429677e-03
8.607020000000001891e-01,7.250385390005429677e-03
8.608424000000002296e-01,7.250385390005429677e-03
8.609828000000002701e-01,7.250385390005429677e-03
8.611232000000003106e-01,7.250385390005429677e-03
8.612636000000003511e-01,7.250385390005429677e-03
8.614040000000003916e-01,7.250385390005429677e-03
8.615444000000004321e-01,7.250385390005429677e-03
8.616848000000004726e-01,7.250385390005429677e-03
8.618252000000005131e-01,7.250385390005429677e-03
8.619656000000005536e-01,7.250385390005429677e-03
8.620200000000000085e-01,7.250385390005429677e-03
8.621602000000000432e-01,7.250385390005429677e-03
8.623004000000000779e-01,7.250385390005429677e-03
8.624406000000001127e-01,7.250385390005429677e-03
8.625808000000001474e-01,7.250385390005429677e-03
8.627210000000001822e-01,7.250385390005429677e-03
8.628612000000002169e-01,7.250385390005429677e-03
8.630014000000002516e-01,7.250385390005429677e-03
8.631416000000002864e-01,7.250385390005429677e-03
8.632818000000003211e-01,7.250385390005429677e-03
8.634220000000003559e-01,7.250385390005429677e-03
8.635622000000003906e-01,7.250385390005429677e-03
8.637024000000004254e-01,7.250385390005429677e-03
8.638426000000004601e-01,7.250385390005429677e-03
8.639828000000004948e-01,7.250385390005429677e-03
8.640299999999999647e-01,7.250385390005429677e-03
8.641701999999999995e-01,7.250385390005429677e-03
8.643104000000000342e-01,7.250385390005429677e-03
8.644506000000000689e-01,7.250385390005429677e-03
8.645908000000001037e-01,7.250385390005429677e-03
8.647310000000001384e-01,7.250385390005429677e-03
8.648712000000001732e-01,7.250385390005429677e-03
8.650114000000002079e-01,7.250385390005429677e-03
8.651516000000002427e-01,7.250385390005429677e-03
8.652918000000002774e-01,7.250385390005429677e-03
8.654320000000003121e-01,7.250385390005429677e-03
8.655722000000003469e-01,7.250385390005429677e-03
8.657124000000003816e-01,7.250385390005429677e-03
8.658526000000004164e-01,7.250385390005429677e-03
8.659928000000004511e-01,7.250385390005429677e-03
8.660400000000000320e-01,7.250385390005429677e-03
8.661792000000000380e-01,7.250385390005429677e-03
8.663184000000000440e-01,7.250385390005429677e-03
8.664576000000000500e-01,7.250385390005429677e-03
8.665968000000000560e-01,7.250385390005429677e-03
8.667360000000000619e-01,7.250385390005429677e-03
8.668752000000000679e-01,7.250385390005429677e-03
8.670144000000000739e-01,7.250385390005429677e-03
8.671536000000000799e-01,7.250385390005429677e-03
8.672928000000000859e-01,7.250385390005429677e-03
8.674320000000000919e-01,7.250385390005429677e-03
8.675712000000000979e-01,7.250385390005429677e-03
8.677104000000001038e-01,7.250385390005429677e-03
8.678496000000001098e-01,7.250385390005429677e-03
8.679888000000001158e-01,7.250385390005429677e-03
8.679999999999999938e-01,7.250385390005429677e-03
8.681402000000000285e-01,7.250385390005429677e-03
8.682804000000000633e-01,7.250385390005429677e-03
8.684206000000000980e-01,7.250385390005429677e-03
8.685608000000001327e-01,7.250385390005429677e-03
8.687010000000001675e-01,7.250385390005429677e-03
8.688412000000002022e-01,7.250385390005429677e-03
8.689814000000002370e-01,7.250385390005429677e-03
8.691216000000002717e-01,7.250385390005429677e-03
8.692618000000003065e-01,7.250385390005429677e-03
8.694020000000003412e-01,7.250385390005429677e-03
8.695422000000003759e-01,7.250385390005429677e-03
8.696824000000004107e-01,7.250385390005429677e-03
8.698226000000004454e-01,7.250385390005429677e-03
8.699628000000004802e-01,7.250385390005429677e-03
8.700099999999999500e-01,7.250385390005429677e-03
8.701503999999999905e-01,7.250385390005429677e-03
8.702908000000000310e-01,7.250385390005429677e-03
8.704312000000000715e-01,7.250385390005429677e-03
8.705716000000001120e-01,7.250385390005429677e-03
8.707120000000001525e-01,7.250385390005429677e-03
8.708524000000001930e-01,7.250385390005429677e-03
8.709928000000002335e-01,7.250385390005429677e-03
8.711332000000002740e-01,7.250385390005429677e-03
8.712736000000003145e-01,7.250385390005429677e-03
8.714140000000003550e-01,7.250385390005429677e-03
8.715544000000003955e-01,7.250385390005429677e-03
8.716948000000004360e-01,7.250385390005429677e-03
8.718352000000004765e-01,7.250385390005429677e-03
8.719756000000005169e-01,7.250385390005429677e-03
8.720299999999999718e-01,7.250385390005429677e-03
8.721702000000000066e-01,7.250385390005429677e-03
8.723104000000000413e-01,7.250385390005429677e-03
8.724506000000000761e-01,7.250385390005429677e-03
8.725908000000001108e-01,7.250385390005429677e-03
8.727310000000001455e-01,7.250385390005429677e-03
8.728712000000001803e-01,7.250385390005429677e-03
8.730114000000002150e-01,7.250385390005429677e-03
8.731516000000002498e-01,7.250385390005429677e-03
8.732918000000002845e-01,7.250385390005429677e-03
8.734320000000003192e-01,7.250385390005429677e-03
8.735722000000003540e-01,7.250385390005429677e-03
8.737124000000003887e-01,7.250385390005429677e-03
8.738526000000004235e-01,7.250385390005429677e-03
8.739928000000004582e-01,7.250385390005429677e-03
8.740400000000000391e-01,7.250385390005429677e-03
8.741790000000000393e-01,7.250385390005429677e-03
8.743180000000000396e-01,7.250385390005429677e-03
8.744570000000000398e-01,7.250385390005429677e-03
8.745960000000000401e-01,7.250385390005429677e-03
8.747350000000000403e-01,7.250385390005429677e-03
8.748740000000000405e-01,7.250385390005429677e-03
8.750130000000000408e-01,7.250385390005429677e-03
8.751520000000000410e-01,7.250385390005429677e-03
8.752910000000000412e-01,7.250385390005429677e-03
8.754300000000000415e-01,7.250385390005429677e-03
8.755690000000000417e-01,7.250385390005429677e-03
8.757080000000000419e-01,7.250385390005429677e-03
8.758470000000000422e-01,7.250385390005429677e-03
8.759860000000000424e-01,7.250385390005429677e-03
8.759900000000000464e-01,7.250385390005429677e-03
8.761304000000000869e-01,7.250385390005429677e-03
8.762708000000001274e-01,7.250385390005429677e-03
8.764112000000001679e-01,7.250385390005429677e-03
8.765516000000002084e-01,7.250385390005429677e-03
8.766920000000002489e-01,7.250385390005429677e-03
8.768324000000002894e-01,7.250385390005429677e-03
8.769728000000003298e-01,7.250385390005429677e-03
8.771132000000003703e-01,7.250385390005429677e-03
8.772536000000004108e-01,7.250385390005429677e-03
8.773940000000004513e-01,7.250385390005429677e-03
8.775344000000004918e-01,7.250385390005429677e-03
8.776748000000005323e-01,7.250385390005429677e-03
8.778152000000005728e-01,7.250385390005429677e-03
8.779556000000006133e-01,7.250385390005429677e-03
8.780099999999999572e-01,7.250385390005429677e-03
8.781501999999999919e-01,7.250385390005429677e-03
8.782904000000000266e-01,7.250385390005429677e-03
8.784306000000000614e-01,7.250385390005429677e-03
8.785708000000000961e-01,7.250385390005429677e-03
8.787110000000001309e-01,7.250385390005429677e-03
8.788512000000001656e-01,7.250385390005429677e-03
8.789914000000002003e-01,7.250385390005429677e-03
8.791316000000002351e-01,7.250385390005429677e-03
8.792718000000002698e-01,7.250385390005429677e-03
8.794120000000003046e-01,7.250385390005429677e-03
8.795522000000003393e-01,7.250385390005429677e-03
8.796924000000003740e-01,7.250385390005429677e-03
8.798326000000004088e-01,7.250385390005429677e-03
8.799728000000004435e-01,7.250385390005429677e-03
8.800200000000000244e-01,7.250385390005429677e-03
8.801604000000000649e-01,7.250385390005429677e-03
8.803008000000001054e-01,7.250385390005429677e-03
8.804412000000001459e-01,7.250385390005429677e-03
8.805816000000001864e-01,7.250385390005429677e-03
8.807220000000002269e-01,7.250385390005429677e-03
8.808624000000002674e-01,7.250385390005429677e-03
8.810028000000003079e-01,7.250385390005429677e-03
8.811432000000003484e-01,7.250385390005429677e-03
8.812836000000003889e-01,7.250385390005429677e-03
8.814240000000004294e-01,7.250385390005429677e-03
8.815644000000004699e-01,7.250385390005429677e-03
8.817048000000005104e-01,7.250385390005429677e-03
8.818452000000005508e-01,7.250385390005429677e-03
8.819856000000005913e-01,7.250385390005429677e-03
8.820400000000000462e-01,7.250385390005429677e-03
8.821790000000000465e-01,7.250385390005429677e-03
8.823180000000000467e-01,7.250385390005429677e-03
8.824570000000000469e-01,7.250385390005429677e-03
8.825960000000000472e-01,7.250385390005429677e-03
8.827350000000000474e-01,7.250385390005429677e-03
8.828740000000000476e-01,7.250385390005429677e-03
8.830130000000000479e-01,7.250385390005429677e-03
8.831520000000000481e-01,7.250385390005429677e-03
8.832910000000000483e-01,7.250385390005429677e-03
8.834300000000000486e-01,7.250385390005429677e-03
8.835690000000000488e-01,7.250385390005429677e-03
8.837080000000000490e-01,7.250385390005429677e-03
8.838470000000000493e-01,7.250385390005429677e-03
8.839860000000000495e-01,7.250385390005429677e-03
8.839900000000000535e-01,7.250385390005429677e-03
8.841302000000000882e-01,7.250385390005429677e-03
8.842704000000001230e-01,7.250385390005429677e-03
8.844106000000001577e-01,7.250385390005429677e-03
8.845508000000001925e-01,7.250385390005429677e-03
8.846910000000002272e-01,7.250385390005429677e-03
8.848312000000002620e-01,7.250385390005429677e-03
8.849714000000002967e-01,7.250385390005429677e-03
8.851116000000003314e-01,7.250385390005429677e-03
8.852518000000003662e-01,7.250385390005429677e-03
8.853920000000004009e-01,7.250385390005429677e-03
8.855322000000004357e-01,7.250385390005429677e-03
8.856724000000004704e-01,7.250385390005429677e-03
8.858126000000005051e-01,7.250385390005429677e-03
8.859528000000005399e-01,7.250385390005429677e-03
8.860000000000000098e-01,7.250385390005429677e-03
8.861404000000000503e-01,7.250385390005429677e-03
8.862808000000000908e-01,7.250385390005429677e-03
8.864212000000001312e-01,7.250385390005429677e-03
8.865616000000001717e-01,7.250385390005429677e-03
8.867020000000002122e-01,7.250385390005429677e-03
8.868424000000002527e-01,7.250385390005429677e-03
8.869828000000002932e-01,7.250385390005429677e-03
8.871232000000003337e-01,7.250385390005429677e-03
8.872636000000003742e-01,7.250385390005429677e-03
8.874040000000004147e-01,7.250385390005429677e-03
8.875444000000004552e-01,7.250385390005429677e-03
8.876848000000004957e-01,7.250385390005429677e-03
8.878252000000005362e-01,7.250385390005429677e-03
8.879656000000005767e-01,7.250385390005429677e-03
8.880200000000000315e-01,7.250385390005429677e-03
8.881602000000000663e-01,7.250385390005429677e-03
8.883004000000001010e-01,7.250385390005429677e-03
8.884406000000001358e-01,7.250385390005429677e-03
8.885808000000001705e-01,7.250385390005429677e-03
8.887210000000002053e-01,7.250385390005429677e-03
8.888612000000002400e-01,7.250385390005429677e-03
8.890014000000002747e-01,7.250385390005429677e-03
8.891416000000003095e-01,7.250385390005429677e-03
8.892818000000003442e-01,7.250385390005429677e-03
8.894220000000003790e-01,7.250385390005429677e-03
8.895622000000004137e-01,7.250385390005429677e-03
8.897024000000004484e-01,7.250385390005429677e-03
8.898426000000004832e-01,7.250385390005429677e-03
8.899828000000005179e-01,7.250385390005429677e-03
8.900299999999999878e-01,7.250385390005429677e-03
8.901704000000000283e-01,7.250385390005429677e-03
8.903108000000000688e-01,7.250385390005429677e-03
8.904512000000001093e-01,7.250385390005429677e-03
8.905916000000001498e-01,7.250385390005429677e-03
8.907320000000001903e-01,7.250385390005429677e-03
8.908724000000002308e-01,7.250385390005429677e-03
8.910128000000002713e-01,7.250385390005429677e-03
8.911532000000003118e-01,7.250385390005429677e-03
8.912936000000003522e-01,7.250385390005429677e-03
8.914340000000003927e-01,7.250385390005429677e-03
8.915744000000004332e-01,7.250385390005429677e-03
8.917148000000004737e-01,7.250385390005429677e-03
8.918552000000005142e-01,7.250385390005429677e-03
8.919956000000005547e-01,7.250385390005429677e-03
8.920500000000000096e-01,7.250385390005429677e-03
8.921890000000000098e-01,7.250385390005429677e-03
8.923280000000000101e-01,7.250385390005429677e-03
8.924670000000000103e-01,7.250385390005429677e-03
8.926060000000000105e-01,7.250385390005429677e-03
8.927450000000000108e-01,7.250385390005429677e-03
8.928840000000000110e-01,7.250385390005429677e-03
8.930230000000000112e-01,7.250385390005429677e-03
8.931620000000000115e-01,7.250385390005429677e-03
8.933010000000000117e-01,7.250385390005429677e-03
8.934400000000000119e-01,7.250385390005429677e-03
8.935790000000000122e-01,7.250385390005429677e-03
8.937180000000000124e-01,7.250385390005429677e-03
8.938570000000000126e-01,7.250385390005429677e-03
8.939960000000000129e-01,7.250385390005429677e-03
8.940000000000000169e-01,7.250385390005429677e-03
8.941402000000000516e-01,7.250385390005429677e-03
8.942804000000000864e-01,7.250385390005429677e-03
8.944206000000001211e-01,7.250385390005429677e-03
8.945608000000001558e-01,7.250385390005429677e-03
8.947010000000001906e-01,7.250385390005429677e-03
8.948412000000002253e-01,7.250385390005429677e-03
8.949814000000002601e-01,7.250385390005429677e-03
8.951216000000002948e-01,7.250385390005429677e-03
8.952618000000003295e-01,7.250385390005429677e-03
8.954020000000003643e-01,7.250385390005429677e-03
8.955422000000003990e-01,7.250385390005429677e-03
8.956824000000004338e-01,7.250385390005429677e-03
8.958226000000004685e-01,7.250385390005429677e-03
8.959628000000005033e-01,7.250385390005429677e-03
8.960099999999999731e-01,7.250385390005429677e-03
8.961504000000000136e-01,7.250385390005429677e-03
8.962908000000000541e-01,7.250385390005429677e-03
8.964312000000000946e-01,7.250385390005429677e-03
8.965716000000001351e-01,7.250385390005429677e-03
8.967120000000001756e-01,7.250385390005429677e-03
8.968524000000002161e-01,7.250385390005429677e-03
8.969928000000002566e-01,7.250385390005429677e-03
8.971332000000002971e-01,7.250385390005429677e-03
8.972736000000003376e-01,7.250385390005429677e-03
8.974140000000003781e-01,7.250385390005429677e-03
8.975544000000004186e-01,7.250385390005429677e-03
8.976948000000004591e-01,7.250385390005429677e-03
8.978352000000004995e-01,7.250385390005429677e-03
8.979756000000005400e-01,7.250385390005429677e-03
8.980299999999999949e-01,7.250385390005429677e-03
8.981702000000000297e-01,7.250385390005429677e-03
8.983104000000000644e-01,7.250385390005429677e-03
8.984506000000000991e-01,7.250385390005429677e-03
8.985908000000001339e-01,7.250385390005429677e-03
8.987310000000001686e-01,7.250385390005429677e-03
8.988712000000002034e-01,7.250385390005429677e-03
8.990114000000002381e-01,7.250385390005429677e-03
8.991516000000002728e-01,7.250385390005429677e-03
8.992918000000003076e-01,7.250385390005429677e-03
8.994320000000003423e-01,7.250385390005429677e-03
8.995722000000003771e-01,7.250385390005429677e-03
8.997124000000004118e-01,7.250385390005429677e-03
8.998526000000004466e-01,7.250385390005429677e-03
8.999928000000004813e-01,7.250385390005429677e-03
9.000399999999999512e-01,7.250385390005429677e-03
9.001789999999999514e-01,7.250385390005429677e-03
9.003179999999999517e-01,7.250385390005429677e-03
9.004569999999999519e-01,7.250385390005429677e-03
9.005959999999999521e-01,7.250385390005429677e-03
9.007349999999999524e-01,7.250385390005429677e-03
9.008739999999999526e-01,7.250385390005429677e-03
9.010129999999999528e-01,7.250385390005429677e-03
9.011519999999999531e-01,7.250385390005429677e-03
9.012909999999999533e-01,7.250385390005429677e-03
9.014299999999999535e-01,7.250385390005429677e-03
9.015689999999999538e-01,7.250385390005429677e-03
9.017079999999999540e-01,7.250385390005429677e-03
9.018469999999999542e-01,7.250385390005429677e-03
9.019859999999999545e-01,7.250385390005429677e-03
9.019899999999999585e-01,7.250385390005429677e-03
9.021303999999999990e-01,7.250385390005429677e-03
9.022708000000000395e-01,7.250385390005429677e-03
9.024112000000000799e-01,7.250385390005429677e-03
9.025516000000001204e-01,7.250385390005429677e-03
9.026920000000001609e-01,7.250385390005429677e-03
9.028324000000002014e-01,7.250385390005429677e-03
9.029728000000002419e-01,7.250385390005429677e-03
9.031132000000002824e-01,7.250385390005429677e-03
9.032536000000003229e-01,7.250385390005429677e-03
9.033940000000003634e-01,7.250385390005429677e-03
9.035344000000004039e-01,7.250385390005429677e-03
9.036748000000004444e-01,7.250385390005429677e-03
9.038152000000004849e-01,7.250385390005429677e-03
9.039556000000005254e-01,7.250385390005429677e-03
9.040099999999999802e-01,7.250385390005429677e-03
9.041502000000000150e-01,7.250385390005429677e-03
9.042904000000000497e-01,7.250385390005429677e-03
9.044306000000000845e-01,7.250385390005429677e-03
9.045708000000001192e-01,7.250385390005429677e-03
9.047110000000001540e-01,7.250385390005429677e-03
9.048512000000001887e-01,7.250385390005429677e-03
9.049914000000002234e-01,7.250385390005429677e-03
9.051316000000002582e-01,7.250385390005429677e-03
9.052718000000002929e-01,7.250385390005429677e-03
9.054120000000003277e-01,7.250385390005429677e-03
9.055522000000003624e-01,7.250385390005429677e-03
9.056924000000003971e-01,7.250385390005429677e-03
9.058326000000004319e-01,7.250385390005429677e-03
9.059728000000004666e-01,7.250385390005429677e-03
9.060200000000000475e-01,7.250385390005429677e-03
9.061604000000000880e-01,7.250385390005429677e-03
9.063008000000001285e-01,7.250385390005429677e-03
9.064412000000001690e-01,7.250385390005429677e-03
9.065816000000002095e-01,7.250385390005429677e-03
9.067220000000002500e-01,7.250385390005429677e-03
9.068624000000002905e-01,7.250385390005429677e-03
9.070028000000003310e-01,7.250385390005429677e-03
9.071432000000003715e-01,7.250385390005429677e-03
9.072836000000004120e-01,7.250385390005429677e-03
9.074240000000004525e-01,7.250385390005429677e-03
9.075644000000004930e-01,7.250385390005429677e-03
9.077048000000005334e-01,7.250385390005429677e-03
9.078452000000005739e-01,7.250385390005429677e-03
9.079856000000006144e-01,7.250385390005429677e-03
9.080399999999999583e-01,7.250385390005429677e-03
9.081789999999999585e-01,7.250385390005429677e-03
9.083179999999999588e-01,7.250385390005429677e-03
9.084569999999999590e-01,7.250385390005429677e-03
9.085959999999999592e-01,7.250385390005429677e-03
9.087349999999999595e-01,7.250385390005429677e-03
9.088739999999999597e-01,7.250385390005429677e-03
9.090129999999999599e-01,7.250385390005429677e-03
9.091519999999999602e-01,7.250385390005429677e-03
9.092909999999999604e-01,7.250385390005429677e-03
9.094299999999999606e-01,7.250385390005429677e-03
9.095689999999999609e-01,7.250385390005429677e-03
9.097079999999999611e-01,7.250385390005429677e-03
9.098469999999999613e-01,7.250385390005429677e-03
9.099859999999999616e-01,7.250385390005429677e-03
9.099899999999999656e-01,7.250385390005429677e-03
9.101302000000000003e-01,7.250385390005429677e-03
9.102704000000000351e-01,7.250385390005429677e-03
9.104106000000000698e-01,7.250385390005429677e-03
9.105508000000001045e-01,7.250385390005429677e-03
9.106910000000001393e-01,7.250385390005429677e-03
9.108312000000001740e-01,7.250385390005429677e-03
9.109714000000002088e-01,7.250385390005429677e-03
9.111116000000002435e-01,7.250385390005429677e-03
9.112518000000002782e-01,7.250385390005429677e-03
9.113920000000003130e-01,7.250385390005429677e-03
9.115322000000003477e-01,7.250385390005429677e-03
9.116724000000003825e-01,7.250385390005429677e-03
9.118126000000004172e-01,7.250385390005429677e-03
9.119528000000004520e-01,7.250385390005429677e-03
9.120000000000000329e-01,7.250385390005429677e-03
9.121404000000000734e-01,7.250385390005429677e-03
9.122808000000001138e-01,7.250385390005429677e-03
9.124212000000001543e-01,7.250385390005429677e-03
9.125616000000001948e-01,7.250385390005429677e-03
9.127020000000002353e-01,7.250385390005429677e-03
9.128424000000002758e-01,7.250385390005429677e-03
9.129828000000003163e-01,7.250385390005429677e-03
9.131232000000003568e-01,7.250385390005429677e-03
9.132636000000003973e-01,7.250385390005429677e-03
9.134040000000004378e-01,7.250385390005429677e-03
9.135444000000004783e-01,7.250385390005429677e-03
9.136848000000005188e-01,7.250385390005429677e-03
9.138252000000005593e-01,7.250385390005429677e-03
9.139656000000005998e-01,7.250385390005429677e-03
9.140200000000000546e-01,7.250385390005429677e-03
9.141602000000000894e-01,7.250385390005429677e-03
9.143004000000001241e-01,7.250385390005429677e-03
9.144406000000001589e-01,7.250385390005429677e-03
9.145808000000001936e-01,7.250385390005429677e-03
9.147210000000002283e-01,7.250385390005429677e-03
9.148612000000002631e-01,7.250385390005429677e-03
9.150014000000002978e-01,7.250385390005429677e-03
9.151416000000003326e-01,7.250385390005429677e-03
9.152818000000003673e-01,7.250385390005429677e-03
9.154220000000004021e-01,7.250385390005429677e-03
9.155622000000004368e-01,7.250385390005429677e-03
9.157024000000004715e-01,7.250385390005429677e-03
9.158426000000005063e-01,7.250385390005429677e-03
9.159828000000005410e-01,7.250385390005429677e-03
9.160300000000000109e-01,7.250385390005429677e-03
9.161704000000000514e-01,7.250385390005429677e-03
9.163108000000000919e-01,7.250385390005429677e-03
9.164512000000001324e-01,7.250385390005429677e-03
9.165916000000001729e-01,7.250385390005429677e-03
9.167320000000002134e-01,7.250385390005429677e-03
9.168724000000002539e-01,7.250385390005429677e-03
9.170128000000002944e-01,7.250385390005429677e-03
9.171532000000003348e-01,7.250385390005429677e-03
9.172936000000003753e-01,7.250385390005429677e-03
9.174340000000004158e-01,7.250385390005429677e-03
9.175744000000004563e-01,7.250385390005429677e-03
9.177148000000004968e-01,7.250385390005429677e-03
9.178552000000005373e-01,7.250385390005429677e-03
9.179956000000005778e-01,7.250385390005429677e-03
9.180500000000000327e-01,7.250385390005429677e-03
9.181890000000000329e-01,7.250385390005429677e-03
9.183280000000000332e-01,7.250385390005429677e-03
9.184670000000000334e-01,7.250385390005429677e-03
9.186060000000000336e-01,7.250385390005429677e-03
9.187450000000000339e-01,7.250385390005429677e-03
9.188840000000000341e-01,7.250385390005429677e-03
9.190230000000000343e-01,7.250385390005429677e-03
9.191620000000000346e-01,7.250385390005429677e-03
9.193010000000000348e-01,7.250385390005429677e-03
9.194400000000000350e-01,7.250385390005429677e-03
9.195790000000000353e-01,7.250385390005429677e-03
9.197180000000000355e-01,7.250385390005429677e-03
9.198570000000000357e-01,7.250385390005429677e-03
9.199960000000000360e-01,7.250385390005429677e-03
9.200000000000000400e-01,7.250385390005429677e-03
9.201402000000000747e-01,7.250385390005429677e-03
9.202804000000001095e-01,7.250385390005429677e-03
9.204206000000001442e-01,7.250385390005429677e-03
9.205608000000001789e-01,7.250385390005429677e-03
9.207010000000002137e-01,7.250385390005429677e-03
9.208412000000002484e-01,7.250385390005429677e-03
9.209814000000002832e-01,7.250385390005429677e-03
9.211216000000003179e-01,7.250385390005429677e-03
9.212618000000003526e-01,7.250385390005429677e-03
9.214020000000003874e-01,7.250385390005429677e-03
9.215422000000004221e-01,7.250385390005429677e-03
9.216824000000004569e-01,7.250385390005429677e-03
9.218226000000004916e-01,7.250385390005429677e-03
9.219628000000005263e-01,7.250385390005429677e-03
9.220099999999999962e-01,7.250385390005429677e-03
9.221504000000000367e-01,7.250385390005429677e-03
9.222908000000000772e-01,7.250385390005429677e-03
9.224312000000001177e-01,7.250385390005429677e-03
9.225716000000001582e-01,7.250385390005429677e-03
9.227120000000001987e-01,7.250385390005429677e-03
9.228524000000002392e-01,7.250385390005429677e-03
9.229928000000002797e-01,7.250385390005429677e-03
9.231332000000003202e-01,7.250385390005429677e-03
9.232736000000003607e-01,7.250385390005429677e-03
9.234140000000004012e-01,7.250385390005429677e-03
9.235544000000004417e-01,7.250385390005429677e-03
9.236948000000004821e-01,7.250385390005429677e-03
9.238352000000005226e-01,7.250385390005429677e-03
9.239756000000005631e-01,7.250385390005429677e-03
9.240300000000000180e-01,7.250385390005429677e-03
9.241702000000000528e-01,7.250385390005429677e-03
9.243104000000000875e-01,7.250385390005429677e-03
9.244506000000001222e-01,7.250385390005429677e-03
9.245908000000001570e-01,7.250385390005429677e-03
9.247310000000001917e-01,7.250385390005429677e-03
9.248712000000002265e-01,7.250385390005429677e-03
9.250114000000002612e-01,7.250385390005429677e-03
9.251516000000002959e-01,7.250385390005429677e-03
9.252918000000003307e-01,7.250385390005429677e-03
9.254320000000003654e-01,7.250385390005429677e-03
9.255722000000004002e-01,7.250385390005429677e-03
9.257124000000004349e-01,7.250385390005429677e-03
9.258526000000004696e-01,7.250385390005429677e-03
9.259928000000005044e-01,7.250385390005429677e-03
9.260399999999999743e-01,7.250385390005429677e-03
9.261791999999999803e-01,7.250385390005429677e-03
9.263183999999999862e-01,7.250385390005429677e-03
9.264575999999999922e-01,7.250385390005429677e-03
9.265967999999999982e-01,7.250385390005429677e-03
9.267360000000000042e-01,7.250385390005429677e-03
9.268752000000000102e-01,7.250385390005429677e-03
9.270144000000000162e-01,7.250385390005429677e-03
9.271536000000000222e-01,7.250385390005429677e-03
9.272928000000000281e-01,7.250385390005429677e-03
9.274320000000000341e-01,7.250385390005429677e-03
9.275712000000000401e-01,7.250385390005429677e-03
9.277104000000000461e-01,7.250385390005429677e-03
9.278496000000000521e-01,7.250385390005429677e-03
9.279888000000000581e-01,7.250385390005429677e-03
9.280000000000000471e-01,7.250385390005429677e-03
9.281402000000000818e-01,7.250385390005429677e-03
9.282804000000001166e-01,7.250385390005429677e-03
9.284206000000001513e-01,7.250385390005429677e-03
9.285608000000001860e-01,7.250385390005429677e-03
9.287010000000002208e-01,7.250385390005429677e-03
9.288412000000002555e-01,7.250385390005429677e-03
9.289814000000002903e-01,7.250385390005429677e-03
9.291216000000003250e-01,7.250385390005429677e-03
9.292618000000003597e-01,7.250385390005429677e-03
9.294020000000003945e-01,7.250385390005429677e-03
9.295422000000004292e-01,7.250385390005429677e-03
9.296824000000004640e-01,7.250385390005429677e-03
9.298226000000004987e-01,7.250385390005429677e-03
9.299628000000005335e-01,7.250385390005429677e-03
9.300100000000000033e-01,7.250385390005429677e-03
9.301502000000000381e-01,7.250385390005429677e-03
9.302904000000000728e-01,7.250385390005429677e-03
9.304306000000001076e-01,7.250385390005429677e-03
9.305708000000001423e-01,7.250385390005429677e-03
9.307110000000001770e-01,7.250385390005429677e-03
9.308512000000002118e-01,7.250385390005429677e-03
9.309914000000002465e-01,7.250385390005429677e-03
9.311316000000002813e-01,7.250385390005429677e-03
9.312718000000003160e-01,7.250385390005429677e-03
9.314120000000003508e-01,7.250385390005429677e-03
9.315522000000003855e-01,7.250385390005429677e-03
9.316924000000004202e-01,7.250385390005429677e-03
9.318326000000004550e-01,7.250385390005429677e-03
9.319728000000004897e-01,7.250385390005429677e-03
9.320199999999999596e-01,7.250385390005429677e-03
9.321604000000000001e-01,7.250385390005429677e-03
9.323008000000000406e-01,7.250385390005429677e-03
9.324412000000000811e-01,7.250385390005429677e-03
9.325816000000001216e-01,7.250385390005429677e-03
9.327220000000001621e-01,7.250385390005429677e-03
9.328624000000002026e-01,7.250385390005429677e-03
9.330028000000002431e-01,7.250385390005429677e-03
9.331432000000002835e-01,7.250385390005429677e-03
9.332836000000003240e-01,7.250385390005429677e-03
9.334240000000003645e-01,7.250385390005429677e-03
9.335644000000004050e-01,7.250385390005429677e-03
9.337048000000004455e-01,7.250385390005429677e-03
9.338452000000004860e-01,7.250385390005429677e-03
9.339856000000005265e-01,7.250385390005429677e-03
9.340399999999999814e-01,7.250385390005429677e-03
9.341789999999999816e-01,7.250385390005429677e-03
9.343179999999999819e-01,7.250385390005429677e-03
9.344569999999999821e-01,7.250385390005429677e-03
9.345959999999999823e-01,7.250385390005429677e-03
9.347349999999999826e-01,7.250385390005429677e-03
9.348739999999999828e-01,7.250385390005429677e-03
9.350129999999999830e-01,7.250385390005429677e-03
9.351519999999999833e-01,7.250385390005429677e-03
9.352909999999999835e-01,7.250385390005429677e-03
9.354299999999999837e-01,7.250385390005429677e-03
9.355689999999999840e-01,7.250385390005429677e-03
9.357079999999999842e-01,7.250385390005429677e-03
9.358469999999999844e-01,7.250385390005429677e-03
9.359859999999999847e-01,7.250385390005429677e-03
9.359899999999999887e-01,7.250385390005429677e-03
9.361304000000000292e-01,7.250385390005429677e-03
9.362708000000000697e-01,7.250385390005429677e-03
9.364112000000001101e-01,7.250385390005429677e-03
9.365516000000001506e-01,7.250385390005429677e-03
9.366920000000001911e-01,7.250385390005429677e-03
9.368324000000002316e-01,7.250385390005429677e-03
9.369728000000002721e-01,7.250385390005429677e-03
9.371132000000003126e-01,7.250385390005429677e-03
9.372536000000003531e-01,7.250385390005429677e-03
9.373940000000003936e-01,7.250385390005429677e-03
9.375344000000004341e-01,7.250385390005429677e-03
9.376748000000004746e-01,7.250385390005429677e-03
9.378152000000005151e-01,7.250385390005429677e-03
9.379556000000005556e-01,7.250385390005429677e-03
9.380100000000000104e-01,7.250385390005429677e-03
9.381502000000000452e-01,7.250385390005429677e-03
9.382904000000000799e-01,7.250385390005429677e-03
9.384306000000001147e-01,7.250385390005429677e-03
9.385708000000001494e-01,7.250385390005429677e-03
9.387110000000001842e-01,7.250385390005429677e-03
9.388512000000002189e-01,7.250385390005429677e-03
9.389914000000002536e-01,7.250385390005429677e-03
9.391316000000002884e-01,7.250385390005429677e-03
9.392718000000003231e-01,7.250385390005429677e-03
9.394120000000003579e-01,7.250385390005429677e-03
9.395522000000003926e-01,7.250385390005429677e-03
9.396924000000004273e-01,7.250385390005429677e-03
9.398326000000004621e-01,7.250385390005429677e-03
9.399728000000004968e-01,7.250385390005429677e-03
9.400199999999999667e-01,7.250385390005429677e-03
9.401602000000000015e-01,7.250385390005429677e-03
9.403004000000000362e-01,7.250385390005429677e-03
9.404406000000000709e-01,7.250385390005429677e-03
9.405808000000001057e-01,7.250385390005429677e-03
9.407210000000001404e-01,7.250385390005429677e-03
9.408612000000001752e-01,7.250385390005429677e-03
9.410014000000002099e-01,7.250385390005429677e-03
9.411416000000002446e-01,7.250385390005429677e-03
9.412818000000002794e-01,7.250385390005429677e-03
9.414220000000003141e-01,7.250385390005429677e-03
9.415622000000003489e-01,7.250385390005429677e-03
9.417024000000003836e-01,7.250385390005429677e-03
9.418426000000004183e-01,7.250385390005429677e-03
9.419828000000004531e-01,7.250385390005429677e-03
9.420300000000000340e-01,7.250385390005429677e-03
9.421692000000000400e-01,7.250385390005429677e-03
9.423084000000000460e-01,7.250385390005429677e-03
9.424476000000000520e-01,7.250385390005429677e-03
9.425868000000000579e-01,7.250385390005429677e-03
9.427260000000000639e-01,7.250385390005429677e-03
9.428652000000000699e-01,7.250385390005429677e-03
9.430044000000000759e-01,7.250385390005429677e-03
9.431436000000000819e-01,7.250385390005429677e-03
9.432828000000000879e-01,7.250385390005429677e-03
9.434220000000000939e-01,7.250385390005429677e-03
9.435612000000000998e-01,7.250385390005429677e-03
9.437004000000001058e-01,7.250385390005429677e-03
9.438396000000001118e-01,7.250385390005429677e-03
9.439788000000001178e-01,7.250385390005429677e-03
9.439899999999999958e-01,7.250385390005429677e-03
9.441302000000000305e-01,7.250385390005429677e-03
9.442704000000000653e-01,7.250385390005429677e-03
9.444106000000001000e-01,7.250385390005429677e-03
9.445508000000001347e-01,7.250385390005429677e-03
9.446910000000001695e-01,7.250385390005429677e-03
9.448312000000002042e-01,7.250385390005429677e-03
9.449714000000002390e-01,7.250385390005429677e-03
9.451116000000002737e-01,7.250385390005429677e-03
9.452518000000003084e-01,7.250385390005429677e-03
9.453920000000003432e-01,7.250385390005429677e-03
9.455322000000003779e-01,7.250385390005429677e-03
9.456724000000004127e-01,7.250385390005429677e-03
9.458126000000004474e-01,7.250385390005429677e-03
9.459528000000004822e-01,7.250385390005429677e-03
9.459999999999999520e-01,7.250385390005429677e-03
9.461401999999999868e-01,7.250385390005429677e-03
9.462804000000000215e-01,7.250385390005429677e-03
9.464206000000000563e-01,7.250385390005429677e-03
9.465608000000000910e-01,7.250385390005429677e-03
9.467010000000001257e-01,7.250385390005429677e-03
9.468412000000001605e-01,7.250385390005429677e-03
9.469814000000001952e-01,7.250385390005429677e-03
9.471216000000002300e-01,7.250385390005429677e-03
9.472618000000002647e-01,7.250385390005429677e-03
9.474020000000002995e-01,7.250385390005429677e-03
9.475422000000003342e-01,7.250385390005429677e-03
9.476824000000003689e-01,7.250385390005429677e-03
9.478226000000004037e-01,7.250385390005429677e-03
9.479628000000004384e-01,7.250385390005429677e-03
9.480100000000000193e-01,7.250385390005429677e-03
9.481504000000000598e-01,7.250385390005429677e-03
9.482908000000001003e-01,7.250385390005429677e-03
9.484312000000001408e-01,7.250385390005429677e-03
9.485716000000001813e-01,7.250385390005429677e-03
9.487120000000002218e-01,7.250385390005429677e-03
9.488524000000002623e-01,7.250385390005429677e-03
9.489928000000003028e-01,7.250385390005429677e-03
9.491332000000003433e-01,7.250385390005429677e-03
9.492736000000003838e-01,7.250385390005429677e-03
9.494140000000004243e-01,7.250385390005429677e-03
9.495544000000004647e-01,7.250385390005429677e-03
9.496948000000005052e-01,7.250385390005429677e-03
9.498352000000005457e-01,7.250385390005429677e-03
9.499756000000005862e-01,7.250385390005429677e-03
9.500300000000000411e-01,7.250385390005429677e-03
9.501702000000000758e-01,7.250385390005429677e-03
9.503104000000001106e-01,7.250385390005429677e-03
9.504506000000001453e-01,7.250385390005429677e-03
9.505908000000001801e-01,7.250385390005429677e-03
9.507310000000002148e-01,7.250385390005429677e-03
9.508712000000002496e-01,7.250385390005429677e-03
9.510114000000002843e-01,7.250385390005429677e-03
9.511516000000003190e-01,7.250385390005429677e-03
9.512918000000003538e-01,7.250385390005429677e-03
9.514320000000003885e-01,7.250385390005429677e-03
9.515722000000004233e-01,7.250385390005429677e-03
9.517124000000004580e-01,7.250385390005429677e-03
9.518526000000004927e-01,7.250385390005429677e-03
9.519928000000005275e-01,7.250385390005429677e-03
9.520399999999999974e-01,7.250385390005429677e-03
9.521792000000000034e-01,7.250385390005429677e-03
9.523184000000000093e-01,7.250385390005429677e-03
9.524576000000000153e-01,7.250385390005429677e-03
9.525968000000000213e-01,7.250385390005429677e-03
9.527360000000000273e-01,7.250385390005429677e-03
9.528752000000000333e-01,7.250385390005429677e-03
9.530144000000000393e-01,7.250385390005429677e-03
9.531536000000000453e-01,7.250385390005429677e-03
9.532928000000000512e-01,7.250385390005429677e-03
9.534320000000000572e-01,7.250385390005429677e-03
9.535712000000000632e-01,7.250385390005429677e-03
9.537104000000000692e-01,7.250385390005429677e-03
9.538496000000000752e-01,7.250385390005429677e-03
9.539888000000000812e-01,7.250385390005429677e-03
9.539999999999999591e-01,7.250385390005429677e-03
9.541401999999999939e-01,7.250385390005429677e-03
9.542804000000000286e-01,7.250385390005429677e-03
9.544206000000000634e-01,7.250385390005429677e-03
9.545608000000000981e-01,7.250385390005429677e-03
9.547010000000001329e-01,7.250385390005429677e-03
9.548412000000001676e-01,7.250385390005429677e-03
9.549814000000002023e-01,7.250385390005429677e-03
9.551216000000002371e-01,7.250385390005429677e-03
9.552618000000002718e-01,7.250385390005429677e-03
9.554020000000003066e-01,7.250385390005429677e-03
9.555422000000003413e-01,7.250385390005429677e-03
9.556824000000003760e-01,7.250385390005429677e-03
9.558226000000004108e-01,7.250385390005429677e-03
9.559628000000004455e-01,7.250385390005429677e-03
9.560100000000000264e-01,7.250385390005429677e-03
9.561502000000000612e-01,7.250385390005429677e-03
9.562904000000000959e-01,7.250385390005429677e-03
9.564306000000001307e-01,7.250385390005429677e-03
9.565708000000001654e-01,7.250385390005429677e-03
9.567110000000002001e-01,7.250385390005429677e-03
9.568512000000002349e-01,7.250385390005429677e-03
9.569914000000002696e-01,7.250385390005429677e-03
9.571316000000003044e-01,7.250385390005429677e-03
9.572718000000003391e-01,7.250385390005429677e-03
9.574120000000003738e-01,7.250385390005429677e-03
9.575522000000004086e-01,7.250385390005429677e-03
9.576924000000004433e-01,7.250385390005429677e-03
9.578326000000004781e-01,7.250385390005429677e-03
9.579728000000005128e-01,7.250385390005429677e-03
9.580199999999999827e-01,7.250385390005429677e-03
9.581604000000000232e-01,7.250385390005429677e-03
9.583008000000000637e-01,7.250385390005429677e-03
9.584412000000001042e-01,7.250385390005429677e-03
9.585816000000001447e-01,7.250385390005429677e-03
9.587220000000001852e-01,7.250385390005429677e-03
9.588624000000002257e-01,7.250385390005429677e-03
9.590028000000002661e-01,7.250385390005429677e-03
9.591432000000003066e-01,7.250385390005429677e-03
9.592836000000003471e-01,7.250385390005429677e-03
9.594240000000003876e-01,7.250385390005429677e-03
9.595644000000004281e-01,7.250385390005429677e-03
9.597048000000004686e-01,7.250385390005429677e-03
9.598452000000005091e-01,7.250385390005429677e-03
9.599856000000005496e-01,7.250385390005429677e-03
9.600400000000000045e-01,7.250385390005429677e-03
9.601790000000000047e-01,7.250385390005429677e-03
9.603180000000000049e-01,7.250385390005429677e-03
9.604570000000000052e-01,7.250385390005429677e-03
9.605960000000000054e-01,7.250385390005429677e-03
9.607350000000000056e-01,7.250385390005429677e-03
9.608740000000000059e-01,7.250385390005429677e-03
9.610130000000000061e-01,7.250385390005429677e-03
9.611520000000000064e-01,7.250385390005429677e-03
9.612910000000000066e-01,7.250385390005429677e-03
9.614300000000000068e-01,7.250385390005429677e-03
9.615690000000000071e-01,7.250385390005429677e-03
9.617080000000000073e-01,7.250385390005429677e-03
9.618470000000000075e-01,7.250385390005429677e-03
9.619860000000000078e-01,7.250385390005429677e-03
9.619900000000000118e-01,7.250385390005429677e-03
9.621304000000000523e-01,7.250385390005429677e-03
9.622708000000000927e-01,7.250385390005429677e-03
9.624112000000001332e-01,7.250385390005429677e-03
9.625516000000001737e-01,7.250385390005429677e-03
9.626920000000002142e-01,7.250385390005429677e-03
9.628324000000002547e-01,7.250385390005429677e-03
9.629728000000002952e-01,7.250385390005429677e-03
9.631132000000003357e-01,7.250385390005429677e-03
9.632536000000003762e-01,7.250385390005429677e-03
9.633940000000004167e-01,7.250385390005429677e-03
9.635344000000004572e-01,7.250385390005429677e-03
9.636748000000004977e-01,7.250385390005429677e-03
9.638152000000005382e-01,7.250385390005429677e-03
9.639556000000005787e-01,7.250385390005429677e-03
9.640100000000000335e-01,7.250385390005429677e-03
9.641502000000000683e-01,7.250385390005429677e-03
9.642904000000001030e-01,7.250385390005429677e-03
9.644306000000001378e-01,7.250385390005429677e-03
9.645708000000001725e-01,7.250385390005429677e-03
9.647110000000002072e-01,7.250385390005429677e-03
9.648512000000002420e-01,7.250385390005429677e-03
9.649914000000002767e-01,7.250385390005429677e-03
9.651316000000003115e-01,7.250385390005429677e-03
9.652718000000003462e-01,7.250385390005429677e-03
9.654120000000003810e-01,7.250385390005429677e-03
9.655522000000004157e-01,7.250385390005429677e-03
9.656924000000004504e-01,7.250385390005429677e-03
9.658326000000004852e-01,7.250385390005429677e-03
9.659728000000005199e-01,7.250385390005429677e-03
9.660199999999999898e-01,7.250385390005429677e-03
9.661602000000000245e-01,7.250385390005429677e-03
9.663004000000000593e-01,7.250385390005429677e-03
9.664406000000000940e-01,7.250385390005429677e-03
9.665808000000001288e-01,7.250385390005429677e-03
9.667210000000001635e-01,7.250385390005429677e-03
9.668612000000001983e-01,7.250385390005429677e-03
9.670014000000002330e-01,7.250385390005429677e-03
9.671416000000002677e-01,7.250385390005429677e-03
9.672818000000003025e-01,7.250385390005429677e-03
9.674220000000003372e-01,7.250385390005429677e-03
9.675622000000003720e-01,7.250385390005429677e-03
9.677024000000004067e-01,7.250385390005429677e-03
9.678426000000004414e-01,7.250385390005429677e-03
9.679828000000004762e-01,7.250385390005429677e-03
9.680299999999999461e-01,7.250385390005429677e-03
9.681691999999999521e-01,7.250385390005429677e-03
9.683083999999999580e-01,7.250385390005429677e-03
9.684475999999999640e-01,7.250385390005429677e-03
9.685867999999999700e-01,7.250385390005429677e-03
9.687259999999999760e-01,7.250385390005429677e-03
9.688651999999999820e-01,7.250385390005429677e-03
9.690043999999999880e-01,7.250385390005429677e-03
9.691435999999999940e-01,7.250385390005429677e-03
9.692827999999999999e-01,7.250385390005429677e-03
9.694220000000000059e-01,7.250385390005429677e-03
9.695612000000000119e-01,7.250385390005429677e-03
9.697004000000000179e-01,7.250385390005429677e-03
9.698396000000000239e-01,7.250385390005429677e-03
9.699788000000000299e-01,7.250385390005429677e-03
9.699900000000000189e-01,7.250385390005429677e-03
9.701302000000000536e-01,7.250385390005429677e-03
9.702704000000000883e-01,7.250385390005429677e-03
9.704106000000001231e-01,7.250385390005429677e-03
9.705508000000001578e-01,7.250385390005429677e-03
9.706910000000001926e-01,7.250385390005429677e-03
9.708312000000002273e-01,7.250385390005429677e-03
9.709714000000002621e-01,7.250385390005429677e-03
9.711116000000002968e-01,7.250385390005429677e-03
9.712518000000003315e-01,7.250385390005429677e-03
9.713920000000003663e-01,7.250385390005429677e-03
9.715322000000004010e-01,7.250385390005429677e-03
9.716724000000004358e-01,7.250385390005429677e-03
9.718126000000004705e-01,7.250385390005429677e-03
9.719528000000005052e-01,7.250385390005429677e-03
9.719999999999999751e-01,7.250385390005429677e-03
9.721404000000000156e-01,7.250385390005429677e-03
9.722808000000000561e-01,7.250385390005429677e-03
9.724212000000000966e-01,7.250385390005429677e-03
9.725616000000001371e-01,7.250385390005429677e-03
9.727020000000001776e-01,7.250385390005429677e-03
9.728424000000002181e-01,7.250385390005429677e-03
9.729828000000002586e-01,7.250385390005429677e-03
9.731232000000002991e-01,7.250385390005429677e-03
9.732636000000003396e-01,7.250385390005429677e-03
9.734040000000003801e-01,7.250385390005429677e-03
9.735444000000004205e-01,7.250385390005429677e-03
9.736848000000004610e-01,7.250385390005429677e-03
9.738252000000005015e-01,7.250385390005429677e-03
9.739656000000005420e-01,7.250385390005429677e-03
9.740199999999999969e-01,7.250385390005429677e-03
9.741602000000000317e-01,7.250385390005429677e-03
9.743004000000000664e-01,7.250385390005429677e-03
9.744406000000001011e-01,7.250385390005429677e-03
9.745808000000001359e-01,7.250385390005429677e-03
9.747210000000001706e-01,7.250385390005429677e-03
9.748612000000002054e-01,7.250385390005429677e-03
9.750014000000002401e-01,7.250385390005429677e-03
9.751416000000002748e-01,7.250385390005429677e-03
9.752818000000003096e-01,7.250385390005429677e-03
9.754220000000003443e-01,7.250385390005429677e-03
9.755622000000003791e-01,7.250385390005429677e-03
9.757024000000004138e-01,7.250385390005429677e-03
9.758426000000004485e-01,7.250385390005429677e-03
9.759828000000004833e-01,7.250385390005429677e-03
9.760299999999999532e-01,7.250385390005429677e-03
9.761701999999999879e-01,7.250385390005429677e-03
9.763104000000000227e-01,7.250385390005429677e-03
9.764506000000000574e-01,7.250385390005429677e-03
9.765908000000000921e-01,7.250385390005429677e-03
9.767310000000001269e-01,7.250385390005429677e-03
9.768712000000001616e-01,7.250385390005429677e-03
9.770114000000001964e-01,7.250385390005429677e-03
9.771516000000002311e-01,7.250385390005429677e-03
9.772918000000002658e-01,7.250385390005429677e-03
9.774320000000003006e-01,7.250385390005429677e-03
9.775722000000003353e-01,7.250385390005429677e-03
9.777124000000003701e-01,7.250385390005429677e-03
9.778526000000004048e-01,7.250385390005429677e-03
9.779928000000004396e-01,7.250385390005429677e-03
9.780400000000000205e-01,7.250385390005429677e-03
9.781792000000000264e-01,7.250385390005429677e-03
9.783184000000000324e-01,7.250385390005429677e-03
9.784576000000000384e-01,7.250385390005429677e-03
9.785968000000000444e-01,7.250385390005429677e-03
9.787360000000000504e-01,7.250385390005429677e-03
9.788752000000000564e-01,7.250385390005429677e-03
9.790144000000000624e-01,7.250385390005429677e-03
9.791536000000000683e-01,7.250385390005429677e-03
9.792928000000000743e-01,7.250385390005429677e-03
9.794320000000000803e-01,7.250385390005429677e-03
9.795712000000000863e-01,7.250385390005429677e-03
9.797104000000000923e-01,7.250385390005429677e-03
9.798496000000000983e-01,7.250385390005429677e-03
9.799888000000001043e-01,7.250385390005429677e-03
9.799999999999999822e-01,7.250385390005429677e-03
9.801402000000000170e-01,7.250385390005429677e-03
9.802804000000000517e-01,7.250385390005429677e-03
9.804206000000000865e-01,7.250385390005429677e-03
9.805608000000001212e-01,7.250385390005429677e-03
9.807010000000001559e-01,7.250385390005429677e-03
9.808412000000001907e-01,7.250385390005429677e-03
9.809814000000002254e-01,7.250385390005429677e-03
9.811216000000002602e-01,7.250385390005429677e-03
9.812618000000002949e-01,7.250385390005429677e-03
9.814020000000003296e-01,7.250385390005429677e-03
9.815422000000003644e-01,7.250385390005429677e-03
9.816824000000003991e-01,7.250385390005429677e-03
9.818226000000004339e-01,7.250385390005429677e-03
9.819628000000004686e-01,7.250385390005429677e-03
9.820100000000000495e-01,7.250385390005429677e-03
9.821504000000000900e-01,7.250385390005429677e-03
9.822908000000001305e-01,7.250385390005429677e-03
9.824312000000001710e-01,7.250385390005429677e-03
9.825716000000002115e-01,7.250385390005429677e-03
9.827120000000002520e-01,7.250385390005429677e-03
9.828524000000002925e-01,7.250385390005429677e-03
9.829928000000003330e-01,7.250385390005429677e-03
9.831332000000003735e-01,7.250385390005429677e-03
9.832736000000004140e-01,7.250385390005429677e-03
9.834140000000004544e-01,7.250385390005429677e-03
9.835544000000004949e-01,7.250385390005429677e-03
9.836948000000005354e-01,7.250385390005429677e-03
9.838352000000005759e-01,7.250385390005429677e-03
9.839756000000006164e-01,7.250385390005429677e-03
9.840299999999999603e-01,7.250385390005429677e-03
9.841701999999999950e-01,7.250385390005429677e-03
9.843104000000000298e-01,7.250385390005429677e-03
9.844506000000000645e-01,7.250385390005429677e-03
9.845908000000000992e-01,7.250385390005429677e-03
9.847310000000001340e-01,7.250385390005429677e-03
9.848712000000001687e-01,7.250385390005429677e-03
9.850114000000002035e-01,7.250385390005429677e-03
9.851516000000002382e-01,7.250385390005429677e-03
9.852918000000002730e-01,7.250385390005429677e-03
9.854320000000003077e-01,7.250385390005429677e-03
9.855722000000003424e-01,7.250385390005429677e-03
9.857124000000003772e-01,7.250385390005429677e-03
9.858526000000004119e-01,7.250385390005429677e-03
9.859928000000004467e-01,7.250385390005429677e-03
9.860400000000000276e-01,7.250385390005429677e-03
9.861790000000000278e-01,7.250385390005429677e-03
9.863180000000000280e-01,7.250385390005429677e-03
9.864570000000000283e-01,7.250385390005429677e-03
9.865960000000000285e-01,7.250385390005429677e-03
9.867350000000000287e-01,7.250385390005429677e-03
9.868740000000000290e-01,7.250385390005429677e-03
9.870130000000000292e-01,7.250385390005429677e-03
9.871520000000000294e-01,7.250385390005429677e-03
9.872910000000000297e-01,7.250385390005429677e-03
9.874300000000000299e-01,7.250385390005429677e-03
9.875690000000000301e-01,7.250385390005429677e-03
9.877080000000000304e-01,7.250385390005429677e-03
9.878470000000000306e-01,7.250385390005429677e-03
9.879860000000000309e-01,7.250385390005429677e-03
9.879900000000000349e-01,7.250385390005429677e-03
9.881304000000000753e-01,7.250385390005429677e-03
9.882708000000001158e-01,7.250385390005429677e-03
9.884112000000001563e-01,7.250385390005429677e-03
9.885516000000001968e-01,7.250385390005429677e-03
9.886920000000002373e-01,7.250385390005429677e-03
9.888324000000002778e-01,7.250385390005429677e-03
9.889728000000003183e-01,7.250385390005429677e-03
9.891132000000003588e-01,7.250385390005429677e-03
9.892536000000003993e-01,7.250385390005429677e-03
9.893940000000004398e-01,7.250385390005429677e-03
9.895344000000004803e-01,7.250385390005429677e-03
9.896748000000005208e-01,7.250385390005429677e-03
9.898152000000005613e-01,7.250385390005429677e-03
9.899556000000006017e-01,7.250385390005429677e-03
9.900099999999999456e-01,7.250385390005429677e-03
9.901501999999999803e-01,7.250385390005429677e-03
9.902904000000000151e-01,7.250385390005429677e-03
9.904306000000000498e-01,7.250385390005429677e-03
9.905708000000000846e-01,7.250385390005429677e-03
9.907110000000001193e-01,7.250385390005429677e-03
9.908512000000001541e-01,7.250385390005429677e-03
9.909914000000001888e-01,7.250385390005429677e-03
9.911316000000002235e-01,7.250385390005429677e-03
9.912718000000002583e-01,7.250385390005429677e-03
9.914120000000002930e-01,7.250385390005429677e-03
9.915522000000003278e-01,7.250385390005429677e-03
9.916924000000003625e-01,7.250385390005429677e-03
9.918326000000003972e-01,7.250385390005429677e-03
9.919728000000004320e-01,7.250385390005429677e-03
9.920200000000000129e-01,7.250385390005429677e-03
9.921604000000000534e-01,7.250385390005429677e-03
9.923008000000000939e-01,7.250385390005429677e-03
9.924412000000001344e-01,7.250385390005429677e-03
9.925816000000001749e-01,7.250385390005429677e-03
9.927220000000002154e-01,7.250385390005429677e-03
9.928624000000002559e-01,7.250385390005429677e-03
9.930028000000002963e-01,7.250385390005429677e-03
9.931432000000003368e-01,7.250385390005429677e-03
9.932836000000003773e-01,7.250385390005429677e-03
9.934240000000004178e-01,7.250385390005429677e-03
9.935644000000004583e-01,7.250385390005429677e-03
9.937048000000004988e-01,7.250385390005429677e-03
9.938452000000005393e-01,7.250385390005429677e-03
9.939856000000005798e-01,7.250385390005429677e-03
9.940400000000000347e-01,7.250385390005429677e-03
9.941790000000000349e-01,7.250385390005429677e-03
9.943180000000000351e-01,7.250385390005429677e-03
9.944570000000000354e-01,7.250385390005429677e-03
9.945960000000000356e-01,7.250385390005429677e-03
9.947350000000000358e-01,7.250385390005429677e-03
9.948740000000000361e-01,7.250385390005429677e-03
9.950130000000000363e-01,7.250385390005429677e-03
9.951520000000000366e-01,7.250385390005429677e-03
9.952910000000000368e-01,7.250385390005429677e-03
9.954300000000000370e-01,7.250385390005429677e-03
9.955690000000000373e-01,7.250385390005429677e-03
9.957080000000000375e-01,7.250385390005429677e-03
9.958470000000000377e-01,7.250385390005429677e-03
9.959860000000000380e-01,7.250385390005429677e-03
9.959900000000000420e-01,7.250385390005429677e-03
9.961302000000000767e-01,7.250385390005429677e-03
9.962704000000001114e-01,7.250385390005429677e-03
9.964106000000001462e-01,7.250385390005429677e-03
9.965508000000001809e-01,7.250385390005429677e-03
9.966910000000002157e-01,7.250385390005429677e-03
9.968312000000002504e-01,7.250385390005429677e-03
9.969714000000002851e-01,7.250385390005429677e-03
9.971116000000003199e-01,7.250385390005429677e-03
9.972518000000003546e-01,7.250385390005429677e-03
9.973920000000003894e-01,7.250385390005429677e-03
9.975322000000004241e-01,7.250385390005429677e-03
9.976724000000004589e-01,7.250385390005429677e-03
9.978126000000004936e-01,7.250385390005429677e-03
9.979528000000005283e-01,7.250385390005429677e-03
9.979999999999999982e-01,7.250385390005429677e-03
9.981404000000000387e-01,7.250385390005429677e-03
9.982808000000000792e-01,7.250385390005429677e-03
9.984212000000001197e-01,7.250385390005429677e-03
9.985616000000001602e-01,7.250385390005429677e-03
9.987020000000002007e-01,7.250385390005429677e-03
9.988424000000002412e-01,7.250385390005429677e-03
9.989828000000002817e-01,7.250385390005429677e-03
9.991232000000003222e-01,7.250385390005429677e-03
9.992636000000003627e-01,7.250385390005429677e-03
9.994040000000004031e-01,7.250385390005429677e-03
9.995444000000004436e-01,7.250385390005429677e-03
9.996848000000004841e-01,7.250385390005429677e-03
9.998252000000005246e-01,7.250385390005429677e-03
9.999656000000005651e-01,7.250385390005429677e-03
1.000019999999999909e+00,7.250385390005429677e-03
1.000160199999999833e+00,7.250385390005429677e-03
1.000300399999999756e+00,7.250385390005429677e-03
1.000440599999999680e+00,7.250385390005429677e-03
1.000580799999999604e+00,7.250385390005429677e-03
1.000720999999999528e+00,7.250385390005429677e-03
1.000861199999999451e+00,7.250385390005429677e-03
1.001001399999999375e+00,7.250385390005429677e-03
1.001141599999999299e+00,7.250385390005429677e-03
1.001281799999999222e+00,7.250385390005429677e-03
1.001421999999999146e+00,7.250385390005429677e-03
1.001562199999999070e+00,7.250385390005429677e-03
1.001702399999998994e+00,7.250385390005429677e-03
1.001842599999998917e+00,7.250385390005429677e-03
1.001982799999998841e+00,7.250385390005429677e-03
1.002029999999999976e+00,7.250385390005429677e-03
1.002170400000000017e+00,7.250385390005429677e-03
1.002310800000000057e+00,7.250385390005429677e-03
1.002451200000000098e+00,7.250385390005429677e-03
1.002591600000000138e+00,7.250385390005429677e-03
1.002732000000000179e+00,7.250385390005429677e-03
1.002872400000000219e+00,7.250385390005429677e-03
1.003012800000000260e+00,7.250385390005429677e-03
1.003153200000000300e+00,7.250385390005429677e-03
1.003293600000000341e+00,7.250385390005429677e-03
1.003434000000000381e+00,7.250385390005429677e-03
1.003574400000000422e+00,7.250385390005429677e-03
1.003714800000000462e+00,7.250385390005429677e-03
1.003855200000000503e+00,7.250385390005429677e-03
1.003995600000000543e+00,7.250385390005429677e-03
1.004050000000000109e+00,7.250385390005429677e-03
1.004188999999999998e+00,7.250385390005429677e-03
1.004327999999999887e+00,7.250385390005429677e-03
1.004466999999999777e+00,7.250385390005429677e-03
1.004605999999999666e+00,7.250385390005429677e-03
1.004744999999999555e+00,7.250385390005429677e-03
1.004883999999999444e+00,7.250385390005429677e-03
1.005022999999999334e+00,7.250385390005429677e-03
1.005161999999999223e+00,7.250385390005429677e-03
1.005300999999999112e+00,7.250385390005429677e-03
1.005439999999999001e+00,7.250385390005429677e-03
1.005578999999998890e+00,7.250385390005429677e-03
1.005717999999998780e+00,7.250385390005429677e-03
1.005856999999998669e+00,7.250385390005429677e-03
1.005995999999998558e+00,7.250385390005429677e-03
1.006000000000000005e+00,7.250385390005429677e-03
1.006140199999999929e+00,7.250385390005429677e-03
1.006280399999999853e+00,7.250385390005429677e-03
1.006420599999999776e+00,7.250385390005429677e-03
1.006560799999999700e+00,7.250385390005429677e-03
1.006700999999999624e+00,7.250385390005429677e-03
1.006841199999999548e+00,7.250385390005429677e-03
1.006981399999999471e+00,7.250385390005429677e-03
1.007121599999999395e+00,7.250385390005429677e-03
1.007261799999999319e+00,7.250385390005429677e-03
1.007401999999999243e+00,7.250385390005429677e-03
1.007542199999999166e+00,7.250385390005429677e-03
1.007682399999999090e+00,7.250385390005429677e-03
1.007822599999999014e+00,7.250385390005429677e-03
1.007962799999998937e+00,7.250385390005429677e-03
1.008010000000000073e+00,7.250385390005429677e-03
1.008150400000000113e+00,7.250385390005429677e-03
1.008290800000000154e+00,7.250385390005429677e-03
1.008431200000000194e+00,7.250385390005429677e-03
1.008571600000000235e+00,7.250385390005429677e-03
1.008712000000000275e+00,7.250385390005429677e-03
1.008852400000000316e+00,7.250385390005429677e-03
1.008992800000000356e+00,7.250385390005429677e-03
1.009133200000000397e+00,7.250385390005429677e-03
1.009273600000000437e+00,7.250385390005429677e-03
1.009414000000000478e+00,7.250385390005429677e-03
1.009554400000000518e+00,7.250385390005429677e-03
1.009694800000000559e+00,7.250385390005429677e-03
1.009835200000000599e+00,7.250385390005429677e-03
1.009975600000000640e+00,7.250385390005429677e-03
1.010029999999999983e+00,7.250385390005429677e-03
1.010170199999999907e+00,7.250385390005429677e-03
1.010310399999999831e+00,7.250385390005429677e-03
1.010450599999999755e+00,7.250385390005429677e-03
1.010590799999999678e+00,7.250385390005429677e-03
1.010730999999999602e+00,7.250385390005429677e-03
1.010871199999999526e+00,7.250385390005429677e-03
1.011011399999999449e+00,7.250385390005429677e-03
1.011151599999999373e+00,7.250385390005429677e-03
1.011291799999999297e+00,7.250385390005429677e-03
1.011431999999999221e+00,7.250385390005429677e-03
1.011572199999999144e+00,7.250385390005429677e-03
1.011712399999999068e+00,7.250385390005429677e-03
1.011852599999998992e+00,7.250385390005429677e-03
1.011992799999998915e+00,7.250385390005429677e-03
1.012040000000000051e+00,7.250385390005429677e-03
1.012178999999999940e+00,7.250385390005429677e-03
1.012317999999999829e+00,7.250385390005429677e-03
1.012456999999999718e+00,7.250385390005429677e-03
1.012595999999999608e+00,7.250385390005429677e-03
1.012734999999999497e+00,7.250385390005429677e-03
1.012873999999999386e+00,7.250385390005429677e-03
1.013012999999999275e+00,7.250385390005429677e-03
1.013151999999999164e+00,7.250385390005429677e-03
1.013290999999999054e+00,7.250385390005429677e-03
1.013429999999998943e+00,7.250385390005429677e-03
1.013568999999998832e+00,7.250385390005429677e-03
1.013707999999998721e+00,7.250385390005429677e-03
1.013846999999998610e+00,7.250385390005429677e-03
1.013985999999998500e+00,7.250385390005429677e-03
1.013989999999999947e+00,7.250385390005429677e-03
1.014130399999999987e+00,7.250385390005429677e-03
1.014270800000000028e+00,7.250385390005429677e-03
1.014411200000000068e+00,7.250385390005429677e-03
1.014551600000000109e+00,7.250385390005429677e-03
1.014692000000000149e+00,7.250385390005429677e-03
1.014832400000000190e+00,7.250385390005429677e-03
1.014972800000000230e+00,7.250385390005429677e-03
1.015113200000000271e+00,7.250385390005429677e-03
1.015253600000000311e+00,7.250385390005429677e-03
1.015394000000000352e+00,7.250385390005429677e-03
1.015534400000000392e+00,7.250385390005429677e-03
1.015674800000000433e+00,7.250385390005429677e-03
1.015815200000000473e+00,7.250385390005429677e-03
1.015955600000000514e+00,7.250385390005429677e-03
1.016010000000000080e+00,7.250385390005429677e-03
1.016150200000000003e+00,7.250385390005429677e-03
1.016290399999999927e+00,7.250385390005429677e-03
1.016430599999999851e+00,7.250385390005429677e-03
1.016570799999999775e+00,7.250385390005429677e-03
1.016710999999999698e+00,7.250385390005429677e-03
1.016851199999999622e+00,7.250385390005429677e-03
1.016991399999999546e+00,7.250385390005429677e-03
1.017131599999999469e+00,7.250385390005429677e-03
1.017271799999999393e+00,7.250385390005429677e-03
1.017411999999999317e+00,7.250385390005429677e-03
1.017552199999999241e+00,7.250385390005429677e-03
1.017692399999999164e+00,7.250385390005429677e-03
1.017832599999999088e+00,7.250385390005429677e-03
1.017972799999999012e+00,7.250385390005429677e-03
1.018019999999999925e+00,7.250385390005429677e-03
1.018160399999999965e+00,7.250385390005429677e-03
1.018300800000000006e+00,7.250385390005429677e-03
1.018441200000000046e+00,7.250385390005429677e-03
1.018581600000000087e+00,7.250385390005429677e-03
1.018722000000000127e+00,7.250385390005429677e-03
1.018862400000000168e+00,7.250385390005429677e-03
1.019002800000000208e+00,7.250385390005429677e-03
1.019143200000000249e+00,7.250385390005429677e-03
1.019283600000000289e+00,7.250385390005429677e-03
1.019424000000000330e+00,7.250385390005429677e-03
1.019564400000000370e+00,7.250385390005429677e-03
1.019704800000000411e+00,7.250385390005429677e-03
1.019845200000000451e+00,7.250385390005429677e-03
1.019985600000000492e+00,7.250385390005429677e-03
1.020040000000000058e+00,7.250385390005429677e-03
1.020178999999999947e+00,7.250385390005429677e-03
1.020317999999999836e+00,7.250385390005429677e-03
1.020456999999999725e+00,7.250385390005429677e-03
1.020595999999999615e+00,7.250385390005429677e-03
1.020734999999999504e+00,7.250385390005429677e-03
1.020873999999999393e+00,7.250385390005429677e-03
1.021012999999999282e+00,7.250385390005429677e-03
1.021151999999999171e+00,7.250385390005429677e-03
1.021290999999999061e+00,7.250385390005429677e-03
1.021429999999998950e+00,7.250385390005429677e-03
1.021568999999998839e+00,7.250385390005429677e-03
1.021707999999998728e+00,7.250385390005429677e-03
1.021846999999998618e+00,7.250385390005429677e-03
1.021985999999998507e+00,7.250385390005429677e-03
1.021989999999999954e+00,7.250385390005429677e-03
1.022130199999999878e+00,7.250385390005429677e-03
1.022270399999999801e+00,7.250385390005429677e-03
1.022410599999999725e+00,7.250385390005429677e-03
1.022550799999999649e+00,7.250385390005429677e-03
1.022690999999999573e+00,7.250385390005429677e-03
1.022831199999999496e+00,7.250385390005429677e-03
1.022971399999999420e+00,7.250385390005429677e-03
1.023111599999999344e+00,7.250385390005429677e-03
1.023251799999999267e+00,7.250385390005429677e-03
1.023391999999999191e+00,7.250385390005429677e-03
1.023532199999999115e+00,7.250385390005429677e-03
1.023672399999999039e+00,7.250385390005429677e-03
1.023812599999998962e+00,7.250385390005429677e-03
1.023952799999998886e+00,7.250385390005429677e-03
1.024000000000000021e+00,7.250385390005429677e-03
1.024140400000000062e+00,7.250385390005429677e-03
1.024280800000000102e+00,7.250385390005429677e-03
1.024421200000000143e+00,7.250385390005429677e-03
1.024561600000000183e+00,7.250385390005429677e-03
1.024702000000000224e+00,7.250385390005429677e-03
1.024842400000000264e+00,7.250385390005429677e-03
1.024982800000000305e+00,7.250385390005429677e-03
1.025123200000000345e+00,7.250385390005429677e-03
1.025263600000000386e+00,7.250385390005429677e-03
1.025404000000000426e+00,7.250385390005429677e-03
1.025544400000000467e+00,7.250385390005429677e-03
1.025684800000000507e+00,7.250385390005429677e-03
1.025825200000000548e+00,7.250385390005429677e-03
1.025965600000000588e+00,7.250385390005429677e-03
1.026019999999999932e+00,7.250385390005429677e-03
1.026160199999999856e+00,7.250385390005429677e-03
1.026300399999999780e+00,7.250385390005429677e-03
1.026440599999999703e+00,7.250385390005429677e-03
1.026580799999999627e+00,7.250385390005429677e-03
1.026720999999999551e+00,7.250385390005429677e-03
1.026861199999999474e+00,7.250385390005429677e-03
1.027001399999999398e+00,7.250385390005429677e-03
1.027141599999999322e+00,7.250385390005429677e-03
1.027281799999999246e+00,7.250385390005429677e-03
1.027421999999999169e+00,7.250385390005429677e-03
1.027562199999999093e+00,7.250385390005429677e-03
1.027702399999999017e+00,7.250385390005429677e-03
1.027842599999998940e+00,7.250385390005429677e-03
1.027982799999998864e+00,7.250385390005429677e-03
1.028029999999999999e+00,7.250385390005429677e-03
1.028170400000000040e+00,7.250385390005429677e-03
1.028310800000000080e+00,7.250385390005429677e-03
1.028451200000000121e+00,7.250385390005429677e-03
1.028591600000000161e+00,7.250385390005429677e-03
1.028732000000000202e+00,7.250385390005429677e-03
1.028872400000000242e+00,7.250385390005429677e-03
1.029012800000000283e+00,7.250385390005429677e-03
1.029153200000000323e+00,7.250385390005429677e-03
1.029293600000000364e+00,7.250385390005429677e-03
1.029434000000000404e+00,7.250385390005429677e-03
1.029574400000000445e+00,7.250385390005429677e-03
1.029714800000000485e+00,7.250385390005429677e-03
1.029855200000000526e+00,7.250385390005429677e-03
1.029995600000000566e+00,7.250385390005429677e-03
1.030049999999999910e+00,7.250385390005429677e-03
1.030189000000000021e+00,7.250385390005429677e-03
1.030328000000000133e+00,7.250385390005429677e-03
1.030467000000000244e+00,7.250385390005429677e-03
1.030606000000000355e+00,7.250385390005429677e-03
1.030745000000000466e+00,7.250385390005429677e-03
1.030884000000000578e+00,7.250385390005429677e-03
1.031023000000000689e+00,7.250385390005429677e-03
1.031162000000000800e+00,7.250385390005429677e-03
1.031301000000000911e+00,7.250385390005429677e-03
1.031440000000001023e+00,7.250385390005429677e-03
1.031579000000001134e+00,7.250385390005429677e-03
1.031718000000001245e+00,7.250385390005429677e-03
1.031857000000001356e+00,7.250385390005429677e-03
1.031996000000001468e+00,7.250385390005429677e-03
1.032000000000000028e+00,7.250385390005429677e-03
1.032140199999999952e+00,7.250385390005429677e-03
1.032280399999999876e+00,7.250385390005429677e-03
1.032420599999999800e+00,7.250385390005429677e-03
1.032560799999999723e+00,7.250385390005429677e-03
1.032700999999999647e+00,7.250385390005429677e-03
1.032841199999999571e+00,7.250385390005429677e-03
1.032981399999999494e+00,7.250385390005429677e-03
1.033121599999999418e+00,7.250385390005429677e-03
1.033261799999999342e+00,7.250385390005429677e-03
1.033401999999999266e+00,7.250385390005429677e-03
1.033542199999999189e+00,7.250385390005429677e-03
1.033682399999999113e+00,7.250385390005429677e-03
1.033822599999999037e+00,7.250385390005429677e-03
1.033962799999998960e+00,7.250385390005429677e-03
1.034010000000000096e+00,7.250385390005429677e-03
1.034150400000000136e+00,7.250385390005429677e-03
1.034290800000000177e+00,7.250385390005429677e-03
1.034431200000000217e+00,7.250385390005429677e-03
1.034571600000000258e+00,7.250385390005429677e-03
1.034712000000000298e+00,7.250385390005429677e-03
1.034852400000000339e+00,7.250385390005429677e-03
1.034992800000000379e+00,7.250385390005429677e-03
1.035133200000000420e+00,7.250385390005429677e-03
1.035273600000000460e+00,7.250385390005429677e-03
1.035414000000000501e+00,7.250385390005429677e-03
1.035554400000000541e+00,7.250385390005429677e-03
1.035694800000000582e+00,7.250385390005429677e-03
1.035835200000000622e+00,7.250385390005429677e-03
1.035975600000000663e+00,7.250385390005429677e-03
1.036030000000000006e+00,7.250385390005429677e-03
1.036170199999999930e+00,7.250385390005429677e-03
1.036310399999999854e+00,7.250385390005429677e-03
1.036450599999999778e+00,7.250385390005429677e-03
1.036590799999999701e+00,7.250385390005429677e-03
1.036730999999999625e+00,7.250385390005429677e-03
1.036871199999999549e+00,7.250385390005429677e-03
1.037011399999999472e+00,7.250385390005429677e-03
1.037151599999999396e+00,7.250385390005429677e-03
1.037291799999999320e+00,7.250385390005429677e-03
1.037431999999999244e+00,7.250385390005429677e-03
1.037572199999999167e+00,7.250385390005429677e-03
1.037712399999999091e+00,7.250385390005429677e-03
1.037852599999999015e+00,7.250385390005429677e-03
1.037992799999998939e+00,7.250385390005429677e-03
1.038040000000000074e+00,7.250385390005429677e-03
1.038178999999999963e+00,7.250385390005429677e-03
1.038317999999999852e+00,7.250385390005429677e-03
1.038456999999999741e+00,7.250385390005429677e-03
1.038595999999999631e+00,7.250385390005429677e-03
1.038734999999999520e+00,7.250385390005429677e-03
1.038873999999999409e+00,7.250385390005429677e-03
1.039012999999999298e+00,7.250385390005429677e-03
1.039151999999999187e+00,7.250385390005429677e-03
1.039290999999999077e+00,7.250385390005429677e-03
1.039429999999998966e+00,7.250385390005429677e-03
1.039568999999998855e+00,7.250385390005429677e-03
1.039707999999998744e+00,7.250385390005429677e-03
1.039846999999998634e+00,7.250385390005429677e-03
1.039985999999998523e+00,7.250385390005429677e-03
1.039989999999999970e+00,7.250385390005429677e-03
1.040130400000000011e+00,7.250385390005429677e-03
1.040270800000000051e+00,7.250385390005429677e-03
1.040411200000000091e+00,7.250385390005429677e-03
1.040551600000000132e+00,7.250385390005429677e-03
1.040692000000000172e+00,7.250385390005429677e-03
1.040832400000000213e+00,7.250385390005429677e-03
1.040972800000000253e+00,7.250385390005429677e-03
1.041113200000000294e+00,7.250385390005429677e-03
1.041253600000000334e+00,7.250385390005429677e-03
1.041394000000000375e+00,7.250385390005429677e-03
1.041534400000000415e+00,7.250385390005429677e-03
1.041674800000000456e+00,7.250385390005429677e-03
1.041815200000000496e+00,7.250385390005429677e-03
1.041955600000000537e+00,7.250385390005429677e-03
1.042010000000000103e+00,7.250385390005429677e-03
1.042150200000000027e+00,7.250385390005429677e-03
1.042290399999999950e+00,7.250385390005429677e-03
1.042430599999999874e+00,7.250385390005429677e-03
1.042570799999999798e+00,7.250385390005429677e-03
1.042710999999999721e+00,7.250385390005429677e-03
1.042851199999999645e+00,7.250385390005429677e-03
1.042991399999999569e+00,7.250385390005429677e-03
1.043131599999999493e+00,7.250385390005429677e-03
1.043271799999999416e+00,7.250385390005429677e-03
1.043411999999999340e+00,7.250385390005429677e-03
1.043552199999999264e+00,7.250385390005429677e-03
1.043692399999999187e+00,7.250385390005429677e-03
1.043832599999999111e+00,7.250385390005429677e-03
1.043972799999999035e+00,7.250385390005429677e-03
1.044019999999999948e+00,7.250385390005429677e-03
1.044160399999999989e+00,7.250385390005429677e-03
1.044300800000000029e+00,7.250385390005429677e-03
1.044441200000000070e+00,7.250385390005429677e-03
1.044581600000000110e+00,7.250385390005429677e-03
1.044722000000000151e+00,7.250385390005429677e-03
1.044862400000000191e+00,7.250385390005429677e-03
1.045002800000000232e+00,7.250385390005429677e-03
1.045143200000000272e+00,7.250385390005429677e-03
1.045283600000000312e+00,7.250385390005429677e-03
1.045424000000000353e+00,7.250385390005429677e-03
1.045564400000000393e+00,7.250385390005429677e-03
1.045704800000000434e+00,7.250385390005429677e-03
1.045845200000000474e+00,7.250385390005429677e-03
1.045985600000000515e+00,7.250385390005429677e-03
1.046040000000000081e+00,7.250385390005429677e-03
1.046178999999999970e+00,7.250385390005429677e-03
1.046317999999999859e+00,7.250385390005429677e-03
1.046456999999999748e+00,7.250385390005429677e-03
1.046595999999999638e+00,7.250385390005429677e-03
1.046734999999999527e+00,7.250385390005429677e-03
1.046873999999999416e+00,7.250385390005429677e-03
1.047012999999999305e+00,7.250385390005429677e-03
1.047151999999999195e+00,7.250385390005429677e-03
1.047290999999999084e+00,7.250385390005429677e-03
1.047429999999998973e+00,7.250385390005429677e-03
1.047568999999998862e+00,7.250385390005429677e-03
1.047707999999998751e+00,7.250385390005429677e-03
1.047846999999998641e+00,7.250385390005429677e-03
1.047985999999998530e+00,7.250385390005429677e-03
1.047989999999999977e+00,7.250385390005429677e-03
1.048130199999999901e+00,7.250385390005429677e-03
1.048270399999999825e+00,7.250385390005429677e-03
1.048410599999999748e+00,7.250385390005429677e-03
1.048550799999999672e+00,7.250385390005429677e-03
1.048690999999999596e+00,7.250385390005429677e-03
1.048831199999999519e+00,7.250385390005429677e-03
1.048971399999999443e+00,7.250385390005429677e-03
1.049111599999999367e+00,7.250385390005429677e-03
1.049251799999999291e+00,7.250385390005429677e-03
1.049391999999999214e+00,7.250385390005429677e-03
1.049532199999999138e+00,7.250385390005429677e-03
1.049672399999999062e+00,7.250385390005429677e-03
1.049812599999998985e+00,7.250385390005429677e-03
1.049952799999998909e+00,7.250385390005429677e-03
1.050000000000000044e+00,7.250385390005429677e-03
1.050140400000000085e+00,7.250385390005429677e-03
1.050280800000000125e+00,7.250385390005429677e-03
1.050421200000000166e+00,7.250385390005429677e-03
1.050561600000000206e+00,7.250385390005429677e-03
1.050702000000000247e+00,7.250385390005429677e-03
1.050842400000000287e+00,7.250385390005429677e-03
1.050982800000000328e+00,7.250385390005429677e-03
1.051123200000000368e+00,7.250385390005429677e-03
1.051263600000000409e+00,7.250385390005429677e-03
1.051404000000000449e+00,7.250385390005429677e-03
1.051544400000000490e+00,7.250385390005429677e-03
1.051684800000000530e+00,7.250385390005429677e-03
1.051825200000000571e+00,7.250385390005429677e-03
1.051965600000000611e+00,7.250385390005429677e-03
1.052019999999999955e+00,7.250385390005429677e-03
1.052160199999999879e+00,7.250385390005429677e-03
1.052300399999999803e+00,7.250385390005429677e-03
1.052440599999999726e+00,7.250385390005429677e-03
1.052580799999999650e+00,7.250385390005429677e-03
1.052720999999999574e+00,7.250385390005429677e-03
1.052861199999999497e+00,7.250385390005429677e-03
1.053001399999999421e+00,7.250385390005429677e-03
1.053141599999999345e+00,7.250385390005429677e-03
1.053281799999999269e+00,7.250385390005429677e-03
1.053421999999999192e+00,7.250385390005429677e-03
1.053562199999999116e+00,7.250385390005429677e-03
1.053702399999999040e+00,7.250385390005429677e-03
1.053842599999998964e+00,7.250385390005429677e-03
1.053982799999998887e+00,7.250385390005429677e-03
1.054030000000000022e+00,7.250385390005429677e-03
1.054170400000000063e+00,7.250385390005429677e-03
1.054310800000000103e+00,7.250385390005429677e-03
1.054451200000000144e+00,7.250385390005429677e-03
1.054591600000000184e+00,7.250385390005429677e-03
1.054732000000000225e+00,7.250385390005429677e-03
1.054872400000000265e+00,7.250385390005429677e-03
1.055012800000000306e+00,7.250385390005429677e-03
1.055153200000000346e+00,7.250385390005429677e-03
1.055293600000000387e+00,7.250385390005429677e-03
1.055434000000000427e+00,7.250385390005429677e-03
1.055574400000000468e+00,7.250385390005429677e-03
1.055714800000000508e+00,7.250385390005429677e-03
1.055855200000000549e+00,7.250385390005429677e-03
1.055995600000000589e+00,7.250385390005429677e-03
1.056049999999999933e+00,7.250385390005429677e-03
1.056189000000000044e+00,7.250385390005429677e-03
1.056328000000000156e+00,7.250385390005429677e-03
1.056467000000000267e+00,7.250385390005429677e-03
1.056606000000000378e+00,7.250385390005429677e-03
1.056745000000000489e+00,7.250385390005429677e-03
1.056884000000000601e+00,7.250385390005429677e-03
1.057023000000000712e+00,7.250385390005429677e-03
1.057162000000000823e+00,7.250385390005429677e-03
1.057301000000000935e+00,7.250385390005429677e-03
1.057440000000001046e+00,7.250385390005429677e-03
1.057579000000001157e+00,7.250385390005429677e-03
1.057718000000001268e+00,7.250385390005429677e-03
1.057857000000001380e+00,7.250385390005429677e-03
1.057996000000001491e+00,7.250385390005429677e-03
1.058000000000000052e+00,7.250385390005429677e-03
1.058140199999999975e+00,7.250385390005429677e-03
1.058280399999999899e+00,7.250385390005429677e-03
1.058420599999999823e+00,7.250385390005429677e-03
1.058560799999999746e+00,7.250385390005429677e-03
1.058700999999999670e+00,7.250385390005429677e-03
1.058841199999999594e+00,7.250385390005429677e-03
1.058981399999999518e+00,7.250385390005429677e-03
1.059121599999999441e+00,7.250385390005429677e-03
1.059261799999999365e+00,7.250385390005429677e-03
1.059401999999999289e+00,7.250385390005429677e-03
1.059542199999999212e+00,7.250385390005429677e-03
1.059682399999999136e+00,7.250385390005429677e-03
1.059822599999999060e+00,7.250385390005429677e-03
1.059962799999998984e+00,7.250385390005429677e-03
1.060009999999999897e+00,7.250385390005429677e-03
1.060150399999999937e+00,7.250385390005429677e-03
1.060290799999999978e+00,7.250385390005429677e-03
1.060431200000000018e+00,7.250385390005429677e-03
1.060571600000000059e+00,7.250385390005429677e-03
1.060712000000000099e+00,7.250385390005429677e-03
1.060852400000000140e+00,7.250385390005429677e-03
1.060992800000000180e+00,7.250385390005429677e-03
1.061133200000000221e+00,7.250385390005429677e-03
1.061273600000000261e+00,7.250385390005429677e-03
1.061414000000000302e+00,7.250385390005429677e-03
1.061554400000000342e+00,7.250385390005429677e-03
1.061694800000000383e+00,7.250385390005429677e-03
1.061835200000000423e+00,7.250385390005429677e-03
1.061975600000000464e+00,7.250385390005429677e-03
1.062030000000000030e+00,7.250385390005429677e-03
1.062170199999999953e+00,7.250385390005429677e-03
1.062310399999999877e+00,7.250385390005429677e-03
1.062450599999999801e+00,7.250385390005429677e-03
1.062590799999999724e+00,7.250385390005429677e-03
1.062730999999999648e+00,7.250385390005429677e-03
1.062871199999999572e+00,7.250385390005429677e-03
1.063011399999999496e+00,7.250385390005429677e-03
1.063151599999999419e+00,7.250385390005429677e-03
1.063291799999999343e+00,7.250385390005429677e-03
1.063431999999999267e+00,7.250385390005429677e-03
1.063572199999999190e+00,7.250385390005429677e-03
1.063712399999999114e+00,7.250385390005429677e-03
1.063852599999999038e+00,7.250385390005429677e-03
1.063992799999998962e+00,7.250385390005429677e-03
1.064040000000000097e+00,7.250385390005429677e-03
1.064179200000000103e+00,7.250385390005429677e-03
1.064318400000000109e+00,7.250385390005429677e-03
1.064457600000000115e+00,7.250385390005429677e-03
1.064596800000000121e+00,7.250385390005429677e-03
1.064736000000000127e+00,7.250385390005429677e-03
1.064875200000000133e+00,7.250385390005429677e-03
1.065014400000000139e+00,7.250385390005429677e-03
1.065153600000000145e+00,7.250385390005429677e-03
1.065292800000000151e+00,7.250385390005429677e-03
1.065432000000000157e+00,7.250385390005429677e-03
1.065571200000000163e+00,7.250385390005429677e-03
1.065710400000000169e+00,7.250385390005429677e-03
1.065849600000000175e+00,7.250385390005429677e-03
1.065988800000000181e+00,7.250385390005429677e-03
1.066000000000000059e+00,7.250385390005429677e-03
1.066140199999999982e+00,7.250385390005429677e-03
1.066280399999999906e+00,7.250385390005429677e-03
1.066420599999999830e+00,7.250385390005429677e-03
1.066560799999999753e+00,7.250385390005429677e-03
1.066700999999999677e+00,7.250385390005429677e-03
1.066841199999999601e+00,7.250385390005429677e-03
1.066981399999999525e+00,7.250385390005429677e-03
1.067121599999999448e+00,7.250385390005429677e-03
1.067261799999999372e+00,7.250385390005429677e-03
1.067401999999999296e+00,7.250385390005429677e-03
1.067542199999999220e+00,7.250385390005429677e-03
1.067682399999999143e+00,7.250385390005429677e-03
1.067822599999999067e+00,7.250385390005429677e-03
1.067962799999998991e+00,7.250385390005429677e-03
1.068009999999999904e+00,7.250385390005429677e-03
1.068150199999999828e+00,7.250385390005429677e-03
1.068290399999999751e+00,7.250385390005429677e-03
1.068430599999999675e+00,7.250385390005429677e-03
1.068570799999999599e+00,7.250385390005429677e-03
1.068710999999999522e+00,7.250385390005429677e-03
1.068851199999999446e+00,7.250385390005429677e-03
1.068991399999999370e+00,7.250385390005429677e-03
1.069131599999999294e+00,7.250385390005429677e-03
1.069271799999999217e+00,7.250385390005429677e-03
1.069411999999999141e+00,7.250385390005429677e-03
1.069552199999999065e+00,7.250385390005429677e-03
1.069692399999998988e+00,7.250385390005429677e-03
1.069832599999998912e+00,7.250385390005429677e-03
1.069972799999998836e+00,7.250385390005429677e-03
1.070019999999999971e+00,7.250385390005429677e-03
1.070160400000000012e+00,7.250385390005429677e-03
1.070300800000000052e+00,7.250385390005429677e-03
1.070441200000000093e+00,7.250385390005429677e-03
1.070581600000000133e+00,7.250385390005429677e-03
1.070722000000000174e+00,7.250385390005429677e-03
1.070862400000000214e+00,7.250385390005429677e-03
1.071002800000000255e+00,7.250385390005429677e-03
1.071143200000000295e+00,7.250385390005429677e-03
1.071283600000000336e+00,7.250385390005429677e-03
1.071424000000000376e+00,7.250385390005429677e-03
1.071564400000000417e+00,7.250385390005429677e-03
1.071704800000000457e+00,7.250385390005429677e-03
1.071845200000000498e+00,7.250385390005429677e-03
1.071985600000000538e+00,7.250385390005429677e-03
1.072040000000000104e+00,7.250385390005429677e-03
1.072178999999999993e+00,7.250385390005429677e-03
1.072317999999999882e+00,7.250385390005429677e-03
1.072456999999999772e+00,7.250385390005429677e-03
1.072595999999999661e+00,7.250385390005429677e-03
1.072734999999999550e+00,7.250385390005429677e-03
1.072873999999999439e+00,7.250385390005429677e-03
1.073012999999999328e+00,7.250385390005429677e-03
1.073151999999999218e+00,7.250385390005429677e-03
1.073290999999999107e+00,7.250385390005429677e-03
1.073429999999998996e+00,7.250385390005429677e-03
1.073568999999998885e+00,7.250385390005429677e-03
1.073707999999998774e+00,7.250385390005429677e-03
1.073846999999998664e+00,7.250385390005429677e-03
1.073985999999998553e+00,7.250385390005429677e-03
1.073990000000000000e+00,7.250385390005429677e-03
1.074130400000000041e+00,7.250385390005429677e-03
1.074270800000000081e+00,7.250385390005429677e-03
1.074411200000000122e+00,7.250385390005429677e-03
1.074551600000000162e+00,7.250385390005429677e-03
1.074692000000000203e+00,7.250385390005429677e-03
1.074832400000000243e+00,7.250385390005429677e-03
1.074972800000000284e+00,7.250385390005429677e-03
1.075113200000000324e+00,7.250385390005429677e-03
1.075253600000000365e+00,7.250385390005429677e-03
1.075394000000000405e+00,7.250385390005429677e-03
1.075534400000000446e+00,7.250385390005429677e-03
1.075674800000000486e+00,7.250385390005429677e-03
1.075815200000000527e+00,7.250385390005429677e-03
1.075955600000000567e+00,7.250385390005429677e-03
1.076009999999999911e+00,7.250385390005429677e-03
1.076150199999999835e+00,7.250385390005429677e-03
1.076290399999999758e+00,7.250385390005429677e-03
1.076430599999999682e+00,7.250385390005429677e-03
1.076570799999999606e+00,7.250385390005429677e-03
1.076710999999999530e+00,7.250385390005429677e-03
1.076851199999999453e+00,7.250385390005429677e-03
1.076991399999999377e+00,7.250385390005429677e-03
1.077131599999999301e+00,7.250385390005429677e-03
1.077271799999999224e+00,7.250385390005429677e-03
1.077411999999999148e+00,7.250385390005429677e-03
1.077552199999999072e+00,7.250385390005429677e-03
1.077692399999998996e+00,7.250385390005429677e-03
1.077832599999998919e+00,7.250385390005429677e-03
1.077972799999998843e+00,7.250385390005429677e-03
1.078019999999999978e+00,7.250385390005429677e-03
1.078160199999999902e+00,7.250385390005429677e-03
1.078300399999999826e+00,7.250385390005429677e-03
1.078440599999999749e+00,7.250385390005429677e-03
1.078580799999999673e+00,7.250385390005429677e-03
1.078720999999999597e+00,7.250385390005429677e-03
1.078861199999999521e+00,7.250385390005429677e-03
1.079001399999999444e+00,7.250385390005429677e-03
1.079141599999999368e+00,7.250385390005429677e-03
1.079281799999999292e+00,7.250385390005429677e-03
1.079421999999999215e+00,7.250385390005429677e-03
1.079562199999999139e+00,7.250385390005429677e-03
1.079702399999999063e+00,7.250385390005429677e-03
1.079842599999998987e+00,7.250385390005429677e-03
1.079982799999998910e+00,7.250385390005429677e-03
1.080030000000000046e+00,7.250385390005429677e-03
1.080169200000000052e+00,7.250385390005429677e-03
1.080308400000000058e+00,7.250385390005429677e-03
1.080447600000000064e+00,7.250385390005429677e-03
1.080586800000000069e+00,7.250385390005429677e-03
1.080726000000000075e+00,7.250385390005429677e-03
1.080865200000000081e+00,7.250385390005429677e-03
1.081004400000000087e+00,7.250385390005429677e-03
1.081143600000000093e+00,7.250385390005429677e-03
1.081282800000000099e+00,7.250385390005429677e-03
1.081422000000000105e+00,7.250385390005429677e-03
1.081561200000000111e+00,7.250385390005429677e-03
1.081700400000000117e+00,7.250385390005429677e-03
1.081839600000000123e+00,7.250385390005429677e-03
1.081978800000000129e+00,7.250385390005429677e-03
1.081990000000000007e+00,7.250385390005429677e-03
1.082130199999999931e+00,7.250385390005429677e-03
1.082270399999999855e+00,7.250385390005429677e-03
1.082410599999999778e+00,7.250385390005429677e-03
1.082550799999999702e+00,7.250385390005429677e-03
1.082690999999999626e+00,7.250385390005429677e-03
1.082831199999999550e+00,7.250385390005429677e-03
1.082971399999999473e+00,7.250385390005429677e-03
1.083111599999999397e+00,7.250385390005429677e-03
1.083251799999999321e+00,7.250385390005429677e-03
1.083391999999999245e+00,7.250385390005429677e-03
1.083532199999999168e+00,7.250385390005429677e-03
1.083672399999999092e+00,7.250385390005429677e-03
1.083812599999999016e+00,7.250385390005429677e-03
1.083952799999998939e+00,7.250385390005429677e-03
1.084000000000000075e+00,7.250385390005429677e-03
1.084140400000000115e+00,7.250385390005429677e-03
1.084280800000000156e+00,7.250385390005429677e-03
1.084421200000000196e+00,7.250385390005429677e-03
1.084561600000000237e+00,7.250385390005429677e-03
1.084702000000000277e+00,7.250385390005429677e-03
1.084842400000000318e+00,7.250385390005429677e-03
1.084982800000000358e+00,7.250385390005429677e-03
1.085123200000000399e+00,7.250385390005429677e-03
1.085263600000000439e+00,7.250385390005429677e-03
1.085404000000000480e+00,7.250385390005429677e-03
1.085544400000000520e+00,7.250385390005429677e-03
1.085684800000000561e+00,7.250385390005429677e-03
1.085825200000000601e+00,7.250385390005429677e-03
1.085965600000000642e+00,7.250385390005429677e-03
1.086019999999999985e+00,7.250385390005429677e-03
1.086160199999999909e+00,7.250385390005429677e-03
1.086300399999999833e+00,7.250385390005429677e-03
1.086440599999999757e+00,7.250385390005429677e-03
1.086580799999999680e+00,7.250385390005429677e-03
1.086720999999999604e+00,7.250385390005429677e-03
1.086861199999999528e+00,7.250385390005429677e-03
1.087001399999999451e+00,7.250385390005429677e-03
1.087141599999999375e+00,7.250385390005429677e-03
1.087281799999999299e+00,7.250385390005429677e-03
1.087421999999999223e+00,7.250385390005429677e-03
1.087562199999999146e+00,7.250385390005429677e-03
1.087702399999999070e+00,7.250385390005429677e-03
1.087842599999998994e+00,7.250385390005429677e-03
1.087982799999998917e+00,7.250385390005429677e-03
1.088030000000000053e+00,7.250385390005429677e-03
1.088170199999999976e+00,7.250385390005429677e-03
1.088310399999999900e+00,7.250385390005429677e-03
1.088450599999999824e+00,7.250385390005429677e-03
1.088590799999999748e+00,7.250385390005429677e-03
1.088730999999999671e+00,7.250385390005429677e-03
1.088871199999999595e+00,7.250385390005429677e-03
1.089011399999999519e+00,7.250385390005429677e-03
1.089151599999999442e+00,7.250385390005429677e-03
1.089291799999999366e+00,7.250385390005429677e-03
1.089431999999999290e+00,7.250385390005429677e-03
1.089572199999999214e+00,7.250385390005429677e-03
1.089712399999999137e+00,7.250385390005429677e-03
1.089852599999999061e+00,7.250385390005429677e-03
1.089992799999998985e+00,7.250385390005429677e-03
1.090039999999999898e+00,7.250385390005429677e-03
1.090179199999999904e+00,7.250385390005429677e-03
1.090318399999999910e+00,7.250385390005429677e-03
1.090457599999999916e+00,7.250385390005429677e-03
1.090596799999999922e+00,7.250385390005429677e-03
1.090735999999999928e+00,7.250385390005429677e-03
1.090875199999999934e+00,7.250385390005429677e-03
1.091014399999999940e+00,7.250385390005429677e-03
1.091153599999999946e+00,7.250385390005429677e-03
1.091292799999999952e+00,7.250385390005429677e-03
1.091431999999999958e+00,7.250385390005429677e-03
1.091571199999999964e+00,7.250385390005429677e-03
1.091710399999999970e+00,7.250385390005429677e-03
1.091849599999999976e+00,7.250385390005429677e-03
1.091988799999999982e+00,7.250385390005429677e-03
1.092000000000000082e+00,7.250385390005429677e-03
1.092140200000000005e+00,7.250385390005429677e-03
1.092280399999999929e+00,7.250385390005429677e-03
1.092420599999999853e+00,7.250385390005429677e-03
1.092560799999999777e+00,7.250385390005429677e-03
1.092700999999999700e+00,7.250385390005429677e-03
1.092841199999999624e+00,7.250385390005429677e-03
1.092981399999999548e+00,7.250385390005429677e-03
1.093121599999999471e+00,7.250385390005429677e-03
1.093261799999999395e+00,7.250385390005429677e-03
1.093401999999999319e+00,7.250385390005429677e-03
1.093542199999999243e+00,7.250385390005429677e-03
1.093682399999999166e+00,7.250385390005429677e-03
1.093822599999999090e+00,7.250385390005429677e-03
1.093962799999999014e+00,7.250385390005429677e-03
1.094009999999999927e+00,7.250385390005429677e-03
1.094150399999999967e+00,7.250385390005429677e-03
1.094290800000000008e+00,7.250385390005429677e-03
1.094431200000000048e+00,7.250385390005429677e-03
1.094571600000000089e+00,7.250385390005429677e-03
1.094712000000000129e+00,7.250385390005429677e-03
1.094852400000000170e+00,7.250385390005429677e-03
1.094992800000000210e+00,7.250385390005429677e-03
1.095133200000000251e+00,7.250385390005429677e-03
1.095273600000000291e+00,7.250385390005429677e-03
1.095414000000000332e+00,7.250385390005429677e-03
1.095554400000000372e+00,7.250385390005429677e-03
1.095694800000000413e+00,7.250385390005429677e-03
1.095835200000000453e+00,7.250385390005429677e-03
1.095975600000000494e+00,7.250385390005429677e-03
1.096030000000000060e+00,7.250385390005429677e-03
1.096170199999999983e+00,7.250385390005429677e-03
1.096310399999999907e+00,7.250385390005429677e-03
1.096450599999999831e+00,7.250385390005429677e-03
1.096590799999999755e+00,7.250385390005429677e-03
1.096730999999999678e+00,7.250385390005429677e-03
1.096871199999999602e+00,7.250385390005429677e-03
1.097011399999999526e+00,7.250385390005429677e-03
1.097151599999999450e+00,7.250385390005429677e-03
1.097291799999999373e+00,7.250385390005429677e-03
1.097431999999999297e+00,7.250385390005429677e-03
1.097572199999999221e+00,7.250385390005429677e-03
1.097712399999999144e+00,7.250385390005429677e-03
1.097852599999999068e+00,7.250385390005429677e-03
1.097992799999998992e+00,7.250385390005429677e-03
1.098039999999999905e+00,7.250385390005429677e-03
1.098179000000000016e+00,7.250385390005429677e-03
1.098318000000000128e+00,7.250385390005429677e-03
1.098457000000000239e+00,7.250385390005429677e-03
1.098596000000000350e+00,7.250385390005429677e-03
1.098735000000000461e+00,7.250385390005429677e-03
1.098874000000000573e+00,7.250385390005429677e-03
1.099013000000000684e+00,7.250385390005429677e-03
1.099152000000000795e+00,7.250385390005429677e-03
1.099291000000000906e+00,7.250385390005429677e-03
1.099430000000001018e+00,7.250385390005429677e-03
1.099569000000001129e+00,7.250385390005429677e-03
1.099708000000001240e+00,7.250385390005429677e-03
1.099847000000001351e+00,7.250385390005429677e-03
1.099986000000001463e+00,7.250385390005429677e-03
1.099990000000000023e+00,7.250385390005429677e-03
1.100130400000000064e+00,7.250385390005429677e-03
1.100270800000000104e+00,7.250385390005429677e-03
1.100411200000000145e+00,7.250385390005429677e-03
1.100551600000000185e+00,7.250385390005429677e-03
1.100692000000000226e+00,7.250385390005429677e-03
1.100832400000000266e+00,7.250385390005429677e-03
1.100972800000000307e+00,7.250385390005429677e-03
1.101113200000000347e+00,7.250385390005429677e-03
1.101253600000000388e+00,7.250385390005429677e-03
1.101394000000000428e+00,7.250385390005429677e-03
1.101534400000000469e+00,7.250385390005429677e-03
1.101674800000000509e+00,7.250385390005429677e-03
1.101815200000000550e+00,7.250385390005429677e-03
1.101955600000000590e+00,7.250385390005429677e-03
1.102009999999999934e+00,7.250385390005429677e-03
1.102150199999999858e+00,7.250385390005429677e-03
1.102290399999999781e+00,7.250385390005429677e-03
1.102430599999999705e+00,7.250385390005429677e-03
1.102570799999999629e+00,7.250385390005429677e-03
1.102710999999999553e+00,7.250385390005429677e-03
1.102851199999999476e+00,7.250385390005429677e-03
1.102991399999999400e+00,7.250385390005429677e-03
1.103131599999999324e+00,7.250385390005429677e-03
1.103271799999999248e+00,7.250385390005429677e-03
1.103411999999999171e+00,7.250385390005429677e-03
1.103552199999999095e+00,7.250385390005429677e-03
1.103692399999999019e+00,7.250385390005429677e-03
1.103832599999998942e+00,7.250385390005429677e-03
1.103972799999998866e+00,7.250385390005429677e-03
1.104020000000000001e+00,7.250385390005429677e-03
1.104160199999999925e+00,7.250385390005429677e-03
1.104300399999999849e+00,7.250385390005429677e-03
1.104440599999999773e+00,7.250385390005429677e-03
1.104580799999999696e+00,7.250385390005429677e-03
1.104720999999999620e+00,7.250385390005429677e-03
1.104861199999999544e+00,7.250385390005429677e-03
1.105001399999999467e+00,7.250385390005429677e-03
1.105141599999999391e+00,7.250385390005429677e-03
1.105281799999999315e+00,7.250385390005429677e-03
1.105421999999999239e+00,7.250385390005429677e-03
1.105562199999999162e+00,7.250385390005429677e-03
1.105702399999999086e+00,7.250385390005429677e-03
1.105842599999999010e+00,7.250385390005429677e-03
1.105982799999998933e+00,7.250385390005429677e-03
1.106030000000000069e+00,7.250385390005429677e-03
1.106169200000000075e+00,7.250385390005429677e-03
1.106308400000000081e+00,7.250385390005429677e-03
1.106447600000000087e+00,7.250385390005429677e-03
1.106586800000000093e+00,7.250385390005429677e-03
1.106726000000000099e+00,7.250385390005429677e-03
1.106865200000000105e+00,7.250385390005429677e-03
1.107004400000000111e+00,7.250385390005429677e-03
1.107143600000000117e+00,7.250385390005429677e-03
1.107282800000000123e+00,7.250385390005429677e-03
1.107422000000000128e+00,7.250385390005429677e-03
1.107561200000000134e+00,7.250385390005429677e-03
1.107700400000000140e+00,7.250385390005429677e-03
1.107839600000000146e+00,7.250385390005429677e-03
1.107978800000000152e+00,7.250385390005429677e-03
1.107990000000000030e+00,7.250385390005429677e-03
1.108130199999999954e+00,7.250385390005429677e-03
1.108270399999999878e+00,7.250385390005429677e-03
1.108410599999999802e+00,7.250385390005429677e-03
1.108550799999999725e+00,7.250385390005429677e-03
1.108690999999999649e+00,7.250385390005429677e-03
1.108831199999999573e+00,7.250385390005429677e-03
1.108971399999999496e+00,7.250385390005429677e-03
1.109111599999999420e+00,7.250385390005429677e-03
1.109251799999999344e+00,7.250385390005429677e-03
1.109391999999999268e+00,7.250385390005429677e-03
1.109532199999999191e+00,7.250385390005429677e-03
1.109672399999999115e+00,7.250385390005429677e-03
1.109812599999999039e+00,7.250385390005429677e-03
1.109952799999998962e+00,7.250385390005429677e-03
1.110000000000000098e+00,7.250385390005429677e-03
1.110140400000000138e+00,7.250385390005429677e-03
1.110280800000000179e+00,7.250385390005429677e-03
1.110421200000000219e+00,7.250385390005429677e-03
1.110561600000000260e+00,7.250385390005429677e-03
1.110702000000000300e+00,7.250385390005429677e-03
1.110842400000000341e+00,7.250385390005429677e-03
1.110982800000000381e+00,7.250385390005429677e-03
1.111123200000000422e+00,7.250385390005429677e-03
1.111263600000000462e+00,7.250385390005429677e-03
1.111404000000000503e+00,7.250385390005429677e-03
1.111544400000000543e+00,7.250385390005429677e-03
1.111684800000000584e+00,7.250385390005429677e-03
1.111825200000000624e+00,7.250385390005429677e-03
1.111965600000000665e+00,7.250385390005429677e-03
1.112020000000000008e+00,7.250385390005429677e-03
1.112160199999999932e+00,7.250385390005429677e-03
1.112300399999999856e+00,7.250385390005429677e-03
1.112440599999999780e+00,7.250385390005429677e-03
1.112580799999999703e+00,7.250385390005429677e-03
1.112720999999999627e+00,7.250385390005429677e-03
1.112861199999999551e+00,7.250385390005429677e-03
1.113001399999999474e+00,7.250385390005429677e-03
1.113141599999999398e+00,7.250385390005429677e-03
1.113281799999999322e+00,7.250385390005429677e-03
1.113421999999999246e+00,7.250385390005429677e-03
1.113562199999999169e+00,7.250385390005429677e-03
1.113702399999999093e+00,7.250385390005429677e-03
1.113842599999999017e+00,7.250385390005429677e-03
1.113982799999998941e+00,7.250385390005429677e-03
1.114030000000000076e+00,7.250385390005429677e-03
1.114170199999999999e+00,7.250385390005429677e-03
1.114310399999999923e+00,7.250385390005429677e-03
1.114450599999999847e+00,7.250385390005429677e-03
1.114590799999999771e+00,7.250385390005429677e-03
1.114730999999999694e+00,7.250385390005429677e-03
1.114871199999999618e+00,7.250385390005429677e-03
1.115011399999999542e+00,7.250385390005429677e-03
1.115151599999999465e+00,7.250385390005429677e-03
1.115291799999999389e+00,7.250385390005429677e-03
1.115431999999999313e+00,7.250385390005429677e-03
1.115572199999999237e+00,7.250385390005429677e-03
1.115712399999999160e+00,7.250385390005429677e-03
1.115852599999999084e+00,7.250385390005429677e-03
1.115992799999999008e+00,7.250385390005429677e-03
1.116039999999999921e+00,7.250385390005429677e-03
1.116179199999999927e+00,7.250385390005429677e-03
1.116318399999999933e+00,7.250385390005429677e-03
1.116457599999999939e+00,7.250385390005429677e-03
1.116596799999999945e+00,7.250385390005429677e-03
1.116735999999999951e+00,7.250385390005429677e-03
1.116875199999999957e+00,7.250385390005429677e-03
1.117014399999999963e+00,7.250385390005429677e-03
1.117153599999999969e+00,7.250385390005429677e-03
1.117292799999999975e+00,7.250385390005429677e-03
1.117431999999999981e+00,7.250385390005429677e-03
1.117571199999999987e+00,7.250385390005429677e-03
1.117710399999999993e+00,7.250385390005429677e-03
1.117849599999999999e+00,7.250385390005429677e-03
1.117988800000000005e+00,7.250385390005429677e-03
1.118000000000000105e+00,7.250385390005429677e-03
1.118140200000000029e+00,7.250385390005429677e-03
1.118280399999999952e+00,7.250385390005429677e-03
1.118420599999999876e+00,7.250385390005429677e-03
1.118560799999999800e+00,7.250385390005429677e-03
1.118700999999999723e+00,7.250385390005429677e-03
1.118841199999999647e+00,7.250385390005429677e-03
1.118981399999999571e+00,7.250385390005429677e-03
1.119121599999999495e+00,7.250385390005429677e-03
1.119261799999999418e+00,7.250385390005429677e-03
1.119401999999999342e+00,7.250385390005429677e-03
1.119542199999999266e+00,7.250385390005429677e-03
1.119682399999999189e+00,7.250385390005429677e-03
1.119822599999999113e+00,7.250385390005429677e-03
1.119962799999999037e+00,7.250385390005429677e-03
1.120009999999999950e+00,7.250385390005429677e-03
1.120150399999999991e+00,7.250385390005429677e-03
1.120290800000000031e+00,7.250385390005429677e-03
1.120431200000000072e+00,7.250385390005429677e-03
1.120571600000000112e+00,7.250385390005429677e-03
1.120712000000000153e+00,7.250385390005429677e-03
1.120852400000000193e+00,7.250385390005429677e-03
1.120992800000000233e+00,7.250385390005429677e-03
1.121133200000000274e+00,7.250385390005429677e-03
1.121273600000000314e+00,7.250385390005429677e-03
1.121414000000000355e+00,7.250385390005429677e-03
1.121554400000000395e+00,7.250385390005429677e-03
1.121694800000000436e+00,7.250385390005429677e-03
1.121835200000000476e+00,7.250385390005429677e-03
1.121975600000000517e+00,7.250385390005429677e-03
1.122030000000000083e+00,7.250385390005429677e-03
1.122170200000000007e+00,7.250385390005429677e-03
1.122310399999999930e+00,7.250385390005429677e-03
1.122450599999999854e+00,7.250385390005429677e-03
1.122590799999999778e+00,7.250385390005429677e-03
1.122730999999999701e+00,7.250385390005429677e-03
1.122871199999999625e+00,7.250385390005429677e-03
1.123011399999999549e+00,7.250385390005429677e-03
1.123151599999999473e+00,7.250385390005429677e-03
1.123291799999999396e+00,7.250385390005429677e-03
1.123431999999999320e+00,7.250385390005429677e-03
1.123572199999999244e+00,7.250385390005429677e-03
1.123712399999999167e+00,7.250385390005429677e-03
1.123852599999999091e+00,7.250385390005429677e-03
1.123992799999999015e+00,7.250385390005429677e-03
1.124039999999999928e+00,7.250385390005429677e-03
1.124179000000000039e+00,7.250385390005429677e-03
1.124318000000000151e+00,7.250385390005429677e-03
1.124457000000000262e+00,7.250385390005429677e-03
1.124596000000000373e+00,7.250385390005429677e-03
1.124735000000000484e+00,7.250385390005429677e-03
1.124874000000000596e+00,7.250385390005429677e-03
1.125013000000000707e+00,7.250385390005429677e-03
1.125152000000000818e+00,7.250385390005429677e-03
1.125291000000000929e+00,7.250385390005429677e-03
1.125430000000001041e+00,7.250385390005429677e-03
1.125569000000001152e+00,7.250385390005429677e-03
1.125708000000001263e+00,7.250385390005429677e-03
1.125847000000001374e+00,7.250385390005429677e-03
1.125986000000001486e+00,7.250385390005429677e-03
1.125990000000000046e+00,7.250385390005429677e-03
1.126130400000000087e+00,7.250385390005429677e-03
1.126270800000000127e+00,7.250385390005429677e-03
1.126411200000000168e+00,7.250385390005429677e-03
1.126551600000000208e+00,7.250385390005429677e-03
1.126692000000000249e+00,7.250385390005429677e-03
1.126832400000000289e+00,7.250385390005429677e-03
1.126972800000000330e+00,7.250385390005429677e-03
1.127113200000000370e+00,7.250385390005429677e-03
1.127253600000000411e+00,7.250385390005429677e-03
1.127394000000000451e+00,7.250385390005429677e-03
1.127534400000000492e+00,7.250385390005429677e-03
1.127674800000000532e+00,7.250385390005429677e-03
1.127815200000000573e+00,7.250385390005429677e-03
1.127955600000000613e+00,7.250385390005429677e-03
1.128009999999999957e+00,7.250385390005429677e-03
1.128150199999999881e+00,7.250385390005429677e-03
1.128290399999999805e+00,7.250385390005429677e-03
1.128430599999999728e+00,7.250385390005429677e-03
1.128570799999999652e+00,7.250385390005429677e-03
1.128710999999999576e+00,7.250385390005429677e-03
1.128851199999999499e+00,7.250385390005429677e-03
1.128991399999999423e+00,7.250385390005429677e-03
1.129131599999999347e+00,7.250385390005429677e-03
1.129271799999999271e+00,7.250385390005429677e-03
1.129411999999999194e+00,7.250385390005429677e-03
1.129552199999999118e+00,7.250385390005429677e-03
1.129692399999999042e+00,7.250385390005429677e-03
1.129832599999998966e+00,7.250385390005429677e-03
1.129972799999998889e+00,7.250385390005429677e-03
1.130020000000000024e+00,7.250385390005429677e-03
1.130160400000000065e+00,7.250385390005429677e-03
1.130300800000000105e+00,7.250385390005429677e-03
1.130441200000000146e+00,7.250385390005429677e-03
1.130581600000000186e+00,7.250385390005429677e-03
1.130722000000000227e+00,7.250385390005429677e-03
1.130862400000000267e+00,7.250385390005429677e-03
1.131002800000000308e+00,7.250385390005429677e-03
1.131143200000000348e+00,7.250385390005429677e-03
1.131283600000000389e+00,7.250385390005429677e-03
1.131424000000000429e+00,7.250385390005429677e-03
1.131564400000000470e+00,7.250385390005429677e-03
1.131704800000000510e+00,7.250385390005429677e-03
1.131845200000000551e+00,7.250385390005429677e-03
1.131985600000000591e+00,7.250385390005429677e-03
1.132039999999999935e+00,7.250385390005429677e-03
1.132179000000000046e+00,7.250385390005429677e-03
1.132318000000000158e+00,7.250385390005429677e-03
1.132457000000000269e+00,7.250385390005429677e-03
1.132596000000000380e+00,7.250385390005429677e-03
1.132735000000000491e+00,7.250385390005429677e-03
1.132874000000000603e+00,7.250385390005429677e-03
1.133013000000000714e+00,7.250385390005429677e-03
1.133152000000000825e+00,7.250385390005429677e-03
1.133291000000000937e+00,7.250385390005429677e-03
1.133430000000001048e+00,7.250385390005429677e-03
1.133569000000001159e+00,7.250385390005429677e-03
1.133708000000001270e+00,7.250385390005429677e-03
1.133847000000001382e+00,7.250385390005429677e-03
1.133986000000001493e+00,7.250385390005429677e-03
1.133990000000000054e+00,7.250385390005429677e-03
1.134130199999999977e+00,7.250385390005429677e-03
1.134270399999999901e+00,7.250385390005429677e-03
1.134410599999999825e+00,7.250385390005429677e-03
1.134550799999999748e+00,7.250385390005429677e-03
1.134690999999999672e+00,7.250385390005429677e-03
1.134831199999999596e+00,7.250385390005429677e-03
1.134971399999999520e+00,7.250385390005429677e-03
1.135111599999999443e+00,7.250385390005429677e-03
1.135251799999999367e+00,7.250385390005429677e-03
1.135391999999999291e+00,7.250385390005429677e-03
1.135532199999999214e+00,7.250385390005429677e-03
1.135672399999999138e+00,7.250385390005429677e-03
1.135812599999999062e+00,7.250385390005429677e-03
1.135952799999998986e+00,7.250385390005429677e-03
1.135999999999999899e+00,7.250385390005429677e-03
1.136140399999999939e+00,7.250385390005429677e-03
1.136280799999999980e+00,7.250385390005429677e-03
1.136421200000000020e+00,7.250385390005429677e-03
1.136561600000000061e+00,7.250385390005429677e-03
1.136702000000000101e+00,7.250385390005429677e-03
1.136842400000000142e+00,7.250385390005429677e-03
1.136982800000000182e+00,7.250385390005429677e-03
1.137123200000000223e+00,7.250385390005429677e-03
1.137263600000000263e+00,7.250385390005429677e-03
1.137404000000000304e+00,7.250385390005429677e-03
1.137544400000000344e+00,7.250385390005429677e-03
1.137684800000000385e+00,7.250385390005429677e-03
1.137825200000000425e+00,7.250385390005429677e-03
1.137965600000000466e+00,7.250385390005429677e-03
1.138020000000000032e+00,7.250385390005429677e-03
1.138160199999999955e+00,7.250385390005429677e-03
1.138300399999999879e+00,7.250385390005429677e-03
1.138440599999999803e+00,7.250385390005429677e-03
1.138580799999999726e+00,7.250385390005429677e-03
1.138720999999999650e+00,7.250385390005429677e-03
1.138861199999999574e+00,7.250385390005429677e-03
1.139001399999999498e+00,7.250385390005429677e-03
1.139141599999999421e+00,7.250385390005429677e-03
1.139281799999999345e+00,7.250385390005429677e-03
1.139421999999999269e+00,7.250385390005429677e-03
1.139562199999999192e+00,7.250385390005429677e-03
1.139702399999999116e+00,7.250385390005429677e-03
1.139842599999999040e+00,7.250385390005429677e-03
1.139982799999998964e+00,7.250385390005429677e-03
1.140030000000000099e+00,7.250385390005429677e-03
1.140170400000000139e+00,7.250385390005429677e-03
1.140310800000000180e+00,7.250385390005429677e-03
1.140451200000000220e+00,7.250385390005429677e-03
1.140591600000000261e+00,7.250385390005429677e-03
1.140732000000000301e+00,7.250385390005429677e-03
1.140872400000000342e+00,7.250385390005429677e-03
1.141012800000000382e+00,7.250385390005429677e-03
1.141153200000000423e+00,7.250385390005429677e-03
1.141293600000000463e+00,7.250385390005429677e-03
1.141434000000000504e+00,7.250385390005429677e-03
1.141574400000000544e+00,7.250385390005429677e-03
1.141714800000000585e+00,7.250385390005429677e-03
1.141855200000000625e+00,7.250385390005429677e-03
1.141995600000000666e+00,7.250385390005429677e-03
1.142050000000000010e+00,7.250385390005429677e-03
1.142188999999999899e+00,7.250385390005429677e-03
1.142327999999999788e+00,7.250385390005429677e-03
1.142466999999999677e+00,7.250385390005429677e-03
1.142605999999999566e+00,7.250385390005429677e-03
1.142744999999999456e+00,7.250385390005429677e-03
1.142883999999999345e+00,7.250385390005429677e-03
1.143022999999999234e+00,7.250385390005429677e-03
1.143161999999999123e+00,7.250385390005429677e-03
1.143300999999999013e+00,7.250385390005429677e-03
1.143439999999998902e+00,7.250385390005429677e-03
1.143578999999998791e+00,7.250385390005429677e-03
1.143717999999998680e+00,7.250385390005429677e-03
1.143856999999998569e+00,7.250385390005429677e-03
1.143995999999998459e+00,7.250385390005429677e-03
1.143999999999999906e+00,7.250385390005429677e-03
1.144140199999999830e+00,7.250385390005429677e-03
1.144280399999999753e+00,7.250385390005429677e-03
1.144420599999999677e+00,7.250385390005429677e-03
1.144560799999999601e+00,7.250385390005429677e-03
1.144700999999999524e+00,7.250385390005429677e-03
1.144841199999999448e+00,7.250385390005429677e-03
1.144981399999999372e+00,7.250385390005429677e-03
1.145121599999999296e+00,7.250385390005429677e-03
1.145261799999999219e+00,7.250385390005429677e-03
1.145401999999999143e+00,7.250385390005429677e-03
1.145542199999999067e+00,7.250385390005429677e-03
1.145682399999998990e+00,7.250385390005429677e-03
1.145822599999998914e+00,7.250385390005429677e-03
1.145962799999998838e+00,7.250385390005429677e-03
1.146009999999999973e+00,7.250385390005429677e-03
1.146150400000000014e+00,7.250385390005429677e-03
1.146290800000000054e+00,7.250385390005429677e-03
1.146431200000000095e+00,7.250385390005429677e-03
1.146571600000000135e+00,7.250385390005429677e-03
1.146712000000000176e+00,7.250385390005429677e-03
1.146852400000000216e+00,7.250385390005429677e-03
1.146992800000000257e+00,7.250385390005429677e-03
1.147133200000000297e+00,7.250385390005429677e-03
1.147273600000000338e+00,7.250385390005429677e-03
1.147414000000000378e+00,7.250385390005429677e-03
1.147554400000000419e+00,7.250385390005429677e-03
1.147694800000000459e+00,7.250385390005429677e-03
1.147835200000000500e+00,7.250385390005429677e-03
1.147975600000000540e+00,7.250385390005429677e-03
1.148030000000000106e+00,7.250385390005429677e-03
1.148170200000000030e+00,7.250385390005429677e-03
1.148310399999999953e+00,7.250385390005429677e-03
1.148450599999999877e+00,7.250385390005429677e-03
1.148590799999999801e+00,7.250385390005429677e-03
1.148730999999999725e+00,7.250385390005429677e-03
1.148871199999999648e+00,7.250385390005429677e-03
1.149011399999999572e+00,7.250385390005429677e-03
1.149151599999999496e+00,7.250385390005429677e-03
1.149291799999999419e+00,7.250385390005429677e-03
1.149431999999999343e+00,7.250385390005429677e-03
1.149572199999999267e+00,7.250385390005429677e-03
1.149712399999999191e+00,7.250385390005429677e-03
1.149852599999999114e+00,7.250385390005429677e-03
1.149992799999999038e+00,7.250385390005429677e-03
1.150039999999999951e+00,7.250385390005429677e-03
1.150179000000000062e+00,7.250385390005429677e-03
1.150318000000000174e+00,7.250385390005429677e-03
1.150457000000000285e+00,7.250385390005429677e-03
1.150596000000000396e+00,7.250385390005429677e-03
1.150735000000000507e+00,7.250385390005429677e-03
1.150874000000000619e+00,7.250385390005429677e-03
1.151013000000000730e+00,7.250385390005429677e-03
1.151152000000000841e+00,7.250385390005429677e-03
1.151291000000000952e+00,7.250385390005429677e-03
1.151430000000001064e+00,7.250385390005429677e-03
1.151569000000001175e+00,7.250385390005429677e-03
1.151708000000001286e+00,7.250385390005429677e-03
1.151847000000001398e+00,7.250385390005429677e-03
1.151986000000001509e+00,7.250385390005429677e-03
1.151990000000000069e+00,7.250385390005429677e-03
1.152130400000000110e+00,7.250385390005429677e-03
1.152270800000000150e+00,7.250385390005429677e-03
1.152411200000000191e+00,7.250385390005429677e-03
1.152551600000000231e+00,7.250385390005429677e-03
1.152692000000000272e+00,7.250385390005429677e-03
1.152832400000000312e+00,7.250385390005429677e-03
1.152972800000000353e+00,7.250385390005429677e-03
1.153113200000000393e+00,7.250385390005429677e-03
1.153253600000000434e+00,7.250385390005429677e-03
1.153394000000000474e+00,7.250385390005429677e-03
1.153534400000000515e+00,7.250385390005429677e-03
1.153674800000000555e+00,7.250385390005429677e-03
1.153815200000000596e+00,7.250385390005429677e-03
1.153955600000000636e+00,7.250385390005429677e-03
1.154009999999999980e+00,7.250385390005429677e-03
1.154150199999999904e+00,7.250385390005429677e-03
1.154290399999999828e+00,7.250385390005429677e-03
1.154430599999999751e+00,7.250385390005429677e-03
1.154570799999999675e+00,7.250385390005429677e-03
1.154710999999999599e+00,7.250385390005429677e-03
1.154851199999999523e+00,7.250385390005429677e-03
1.154991399999999446e+00,7.250385390005429677e-03
1.155131599999999370e+00,7.250385390005429677e-03
1.155271799999999294e+00,7.250385390005429677e-03
1.155411999999999217e+00,7.250385390005429677e-03
1.155552199999999141e+00,7.250385390005429677e-03
1.155692399999999065e+00,7.250385390005429677e-03
1.155832599999998989e+00,7.250385390005429677e-03
1.155972799999998912e+00,7.250385390005429677e-03
1.156020000000000048e+00,7.250385390005429677e-03
1.156160400000000088e+00,7.250385390005429677e-03
1.156300800000000129e+00,7.250385390005429677e-03
1.156441200000000169e+00,7.250385390005429677e-03
1.156581600000000210e+00,7.250385390005429677e-03
1.156722000000000250e+00,7.250385390005429677e-03
1.156862400000000290e+00,7.250385390005429677e-03
1.157002800000000331e+00,7.250385390005429677e-03
1.157143200000000371e+00,7.250385390005429677e-03
1.157283600000000412e+00,7.250385390005429677e-03
1.157424000000000452e+00,7.250385390005429677e-03
1.157564400000000493e+00,7.250385390005429677e-03
1.157704800000000533e+00,7.250385390005429677e-03
1.157845200000000574e+00,7.250385390005429677e-03
1.157985600000000614e+00,7.250385390005429677e-03
1.158039999999999958e+00,7.250385390005429677e-03
1.158179000000000070e+00,7.250385390005429677e-03
1.158318000000000181e+00,7.250385390005429677e-03
1.158457000000000292e+00,7.250385390005429677e-03
1.158596000000000403e+00,7.250385390005429677e-03
1.158735000000000515e+00,7.250385390005429677e-03
1.158874000000000626e+00,7.250385390005429677e-03
1.159013000000000737e+00,7.250385390005429677e-03
1.159152000000000848e+00,7.250385390005429677e-03
1.159291000000000960e+00,7.250385390005429677e-03
1.159430000000001071e+00,7.250385390005429677e-03
1.159569000000001182e+00,7.250385390005429677e-03
1.159708000000001293e+00,7.250385390005429677e-03
1.159847000000001405e+00,7.250385390005429677e-03
1.159986000000001516e+00,7.250385390005429677e-03
1.159990000000000077e+00,7.250385390005429677e-03
1.160130200000000000e+00,7.250385390005429677e-03
1.160270399999999924e+00,7.250385390005429677e-03
1.160410599999999848e+00,7.250385390005429677e-03
1.160550799999999771e+00,7.250385390005429677e-03
1.160690999999999695e+00,7.250385390005429677e-03
1.160831199999999619e+00,7.250385390005429677e-03
1.160971399999999543e+00,7.250385390005429677e-03
1.161111599999999466e+00,7.250385390005429677e-03
1.161251799999999390e+00,7.250385390005429677e-03
1.161391999999999314e+00,7.250385390005429677e-03
1.161532199999999238e+00,7.250385390005429677e-03
1.161672399999999161e+00,7.250385390005429677e-03
1.161812599999999085e+00,7.250385390005429677e-03
1.161952799999999009e+00,7.250385390005429677e-03
1.161999999999999922e+00,7.250385390005429677e-03
1.162140399999999962e+00,7.250385390005429677e-03
1.162280800000000003e+00,7.250385390005429677e-03
1.162421200000000043e+00,7.250385390005429677e-03
1.162561600000000084e+00,7.250385390005429677e-03
1.162702000000000124e+00,7.250385390005429677e-03
1.162842400000000165e+00,7.250385390005429677e-03
1.162982800000000205e+00,7.250385390005429677e-03
1.163123200000000246e+00,7.250385390005429677e-03
1.163263600000000286e+00,7.250385390005429677e-03
1.163404000000000327e+00,7.250385390005429677e-03
1.163544400000000367e+00,7.250385390005429677e-03
1.163684800000000408e+00,7.250385390005429677e-03
1.163825200000000448e+00,7.250385390005429677e-03
1.163965600000000489e+00,7.250385390005429677e-03
1.164020000000000055e+00,7.250385390005429677e-03
1.164160199999999978e+00,7.250385390005429677e-03
1.164300399999999902e+00,7.250385390005429677e-03
1.164440599999999826e+00,7.250385390005429677e-03
1.164580799999999750e+00,7.250385390005429677e-03
1.164720999999999673e+00,7.250385390005429677e-03
1.164861199999999597e+00,7.250385390005429677e-03
1.165001399999999521e+00,7.250385390005429677e-03
1.165141599999999444e+00,7.250385390005429677e-03
1.165281799999999368e+00,7.250385390005429677e-03
1.165421999999999292e+00,7.250385390005429677e-03
1.165562199999999216e+00,7.250385390005429677e-03
1.165702399999999139e+00,7.250385390005429677e-03
1.165842599999999063e+00,7.250385390005429677e-03
1.165982799999998987e+00,7.250385390005429677e-03
1.166029999999999900e+00,7.250385390005429677e-03
1.166170399999999940e+00,7.250385390005429677e-03
1.166310799999999981e+00,7.250385390005429677e-03
1.166451200000000021e+00,7.250385390005429677e-03
1.166591600000000062e+00,7.250385390005429677e-03
1.166732000000000102e+00,7.250385390005429677e-03
1.166872400000000143e+00,7.250385390005429677e-03
1.167012800000000183e+00,7.250385390005429677e-03
1.167153200000000224e+00,7.250385390005429677e-03
1.167293600000000264e+00,7.250385390005429677e-03
1.167434000000000305e+00,7.250385390005429677e-03
1.167574400000000345e+00,7.250385390005429677e-03
1.167714800000000386e+00,7.250385390005429677e-03
1.167855200000000426e+00,7.250385390005429677e-03
1.167995600000000467e+00,7.250385390005429677e-03
1.168050000000000033e+00,7.250385390005429677e-03
1.168188999999999922e+00,7.250385390005429677e-03
1.168327999999999811e+00,7.250385390005429677e-03
1.168466999999999700e+00,7.250385390005429677e-03
1.168605999999999590e+00,7.250385390005429677e-03
1.168744999999999479e+00,7.250385390005429677e-03
1.168883999999999368e+00,7.250385390005429677e-03
1.169022999999999257e+00,7.250385390005429677e-03
1.169161999999999146e+00,7.250385390005429677e-03
1.169300999999999036e+00,7.250385390005429677e-03
1.169439999999998925e+00,7.250385390005429677e-03
1.169578999999998814e+00,7.250385390005429677e-03
1.169717999999998703e+00,7.250385390005429677e-03
1.169856999999998592e+00,7.250385390005429677e-03
1.169995999999998482e+00,7.250385390005429677e-03
1.169999999999999929e+00,7.250385390005429677e-03
1.170140199999999853e+00,7.250385390005429677e-03
1.170280399999999776e+00,7.250385390005429677e-03
1.170420599999999700e+00,7.250385390005429677e-03
1.170560799999999624e+00,7.250385390005429677e-03
1.170700999999999548e+00,7.250385390005429677e-03
1.170841199999999471e+00,7.250385390005429677e-03
1.170981399999999395e+00,7.250385390005429677e-03
1.171121599999999319e+00,7.250385390005429677e-03
1.171261799999999242e+00,7.250385390005429677e-03
1.171401999999999166e+00,7.250385390005429677e-03
1.171542199999999090e+00,7.250385390005429677e-03
1.171682399999999014e+00,7.250385390005429677e-03
1.171822599999998937e+00,7.250385390005429677e-03
1.171962799999998861e+00,7.250385390005429677e-03
1.172009999999999996e+00,7.250385390005429677e-03
1.172150400000000037e+00,7.250385390005429677e-03
1.172290800000000077e+00,7.250385390005429677e-03
1.172431200000000118e+00,7.250385390005429677e-03
1.172571600000000158e+00,7.250385390005429677e-03
1.172712000000000199e+00,7.250385390005429677e-03
1.172852400000000239e+00,7.250385390005429677e-03
1.172992800000000280e+00,7.250385390005429677e-03
1.173133200000000320e+00,7.250385390005429677e-03
1.173273600000000361e+00,7.250385390005429677e-03
1.173414000000000401e+00,7.250385390005429677e-03
1.173554400000000442e+00,7.250385390005429677e-03
1.173694800000000482e+00,7.250385390005429677e-03
1.173835200000000523e+00,7.250385390005429677e-03
1.173975600000000563e+00,7.250385390005429677e-03
1.174029999999999907e+00,7.250385390005429677e-03
1.174170199999999831e+00,7.250385390005429677e-03
1.174310399999999754e+00,7.250385390005429677e-03
1.174450599999999678e+00,7.250385390005429677e-03
1.174590799999999602e+00,7.250385390005429677e-03
1.174730999999999526e+00,7.250385390005429677e-03
1.174871199999999449e+00,7.250385390005429677e-03
1.175011399999999373e+00,7.250385390005429677e-03
1.175151599999999297e+00,7.250385390005429677e-03
1.175291799999999220e+00,7.250385390005429677e-03
1.175431999999999144e+00,7.250385390005429677e-03
1.175572199999999068e+00,7.250385390005429677e-03
1.175712399999998992e+00,7.250385390005429677e-03
1.175852599999998915e+00,7.250385390005429677e-03
1.175992799999998839e+00,7.250385390005429677e-03
1.176039999999999974e+00,7.250385390005429677e-03
1.176179199999999980e+00,7.250385390005429677e-03
1.176318399999999986e+00,7.250385390005429677e-03
1.176457599999999992e+00,7.250385390005429677e-03
1.176596799999999998e+00,7.250385390005429677e-03
1.176736000000000004e+00,7.250385390005429677e-03
1.176875200000000010e+00,7.250385390005429677e-03
1.177014400000000016e+00,7.250385390005429677e-03
1.177153600000000022e+00,7.250385390005429677e-03
1.177292800000000028e+00,7.250385390005429677e-03
1.177432000000000034e+00,7.250385390005429677e-03
1.177571200000000040e+00,7.250385390005429677e-03
1.177710400000000046e+00,7.250385390005429677e-03
1.177849600000000052e+00,7.250385390005429677e-03
1.177988800000000058e+00,7.250385390005429677e-03
1.177999999999999936e+00,7.250385390005429677e-03
1.178140199999999860e+00,7.250385390005429677e-03
1.178280399999999783e+00,7.250385390005429677e-03
1.178420599999999707e+00,7.250385390005429677e-03
1.178560799999999631e+00,7.250385390005429677e-03
1.178700999999999555e+00,7.250385390005429677e-03
1.178841199999999478e+00,7.250385390005429677e-03
1.178981399999999402e+00,7.250385390005429677e-03
1.179121599999999326e+00,7.250385390005429677e-03
1.179261799999999250e+00,7.250385390005429677e-03
1.179401999999999173e+00,7.250385390005429677e-03
1.179542199999999097e+00,7.250385390005429677e-03
1.179682399999999021e+00,7.250385390005429677e-03
1.179822599999998944e+00,7.250385390005429677e-03
1.179962799999998868e+00,7.250385390005429677e-03
1.180010000000000003e+00,7.250385390005429677e-03
1.180150199999999927e+00,7.250385390005429677e-03
1.180290399999999851e+00,7.250385390005429677e-03
1.180430599999999774e+00,7.250385390005429677e-03
1.180570799999999698e+00,7.250385390005429677e-03
1.180710999999999622e+00,7.250385390005429677e-03
1.180851199999999546e+00,7.250385390005429677e-03
1.180991399999999469e+00,7.250385390005429677e-03
1.181131599999999393e+00,7.250385390005429677e-03
1.181271799999999317e+00,7.250385390005429677e-03
1.181411999999999241e+00,7.250385390005429677e-03
1.181552199999999164e+00,7.250385390005429677e-03
1.181692399999999088e+00,7.250385390005429677e-03
1.181832599999999012e+00,7.250385390005429677e-03
1.181972799999998935e+00,7.250385390005429677e-03
1.182020000000000071e+00,7.250385390005429677e-03
1.182160400000000111e+00,7.250385390005429677e-03
1.182300800000000152e+00,7.250385390005429677e-03
1.182441200000000192e+00,7.250385390005429677e-03
1.182581600000000233e+00,7.250385390005429677e-03
1.182722000000000273e+00,7.250385390005429677e-03
1.182862400000000314e+00,7.250385390005429677e-03
1.183002800000000354e+00,7.250385390005429677e-03
1.183143200000000395e+00,7.250385390005429677e-03
1.183283600000000435e+00,7.250385390005429677e-03
1.183424000000000476e+00,7.250385390005429677e-03
1.183564400000000516e+00,7.250385390005429677e-03
1.183704800000000557e+00,7.250385390005429677e-03
1.183845200000000597e+00,7.250385390005429677e-03
1.183985600000000638e+00,7.250385390005429677e-03
1.184039999999999981e+00,7.250385390005429677e-03
1.184179000000000093e+00,7.250385390005429677e-03
1.184318000000000204e+00,7.250385390005429677e-03
1.184457000000000315e+00,7.250385390005429677e-03
1.184596000000000426e+00,7.250385390005429677e-03
1.184735000000000538e+00,7.250385390005429677e-03
1.184874000000000649e+00,7.250385390005429677e-03
1.185013000000000760e+00,7.250385390005429677e-03
1.185152000000000871e+00,7.250385390005429677e-03
1.185291000000000983e+00,7.250385390005429677e-03
1.185430000000001094e+00,7.250385390005429677e-03
1.185569000000001205e+00,7.250385390005429677e-03
1.185708000000001316e+00,7.250385390005429677e-03
1.185847000000001428e+00,7.250385390005429677e-03
1.185986000000001539e+00,7.250385390005429677e-03
1.185990000000000100e+00,7.250385390005429677e-03
1.186130400000000140e+00,7.250385390005429677e-03
1.186270800000000181e+00,7.250385390005429677e-03
1.186411200000000221e+00,7.250385390005429677e-03
1.186551600000000262e+00,7.250385390005429677e-03
1.186692000000000302e+00,7.250385390005429677e-03
1.186832400000000343e+00,7.250385390005429677e-03
1.186972800000000383e+00,7.250385390005429677e-03
1.187113200000000424e+00,7.250385390005429677e-03
1.187253600000000464e+00,7.250385390005429677e-03
1.187394000000000505e+00,7.250385390005429677e-03
1.187534400000000545e+00,7.250385390005429677e-03
1.187674800000000586e+00,7.250385390005429677e-03
1.187815200000000626e+00,7.250385390005429677e-03
1.187955600000000667e+00,7.250385390005429677e-03
1.188010000000000010e+00,7.250385390005429677e-03
1.188150199999999934e+00,7.250385390005429677e-03
1.188290399999999858e+00,7.250385390005429677e-03
1.188430599999999782e+00,7.250385390005429677e-03
1.188570799999999705e+00,7.250385390005429677e-03
1.188710999999999629e+00,7.250385390005429677e-03
1.188851199999999553e+00,7.250385390005429677e-03
1.188991399999999476e+00,7.250385390005429677e-03
1.189131599999999400e+00,7.250385390005429677e-03
1.189271799999999324e+00,7.250385390005429677e-03
1.189411999999999248e+00,7.250385390005429677e-03
1.189552199999999171e+00,7.250385390005429677e-03
1.189692399999999095e+00,7.250385390005429677e-03
1.189832599999999019e+00,7.250385390005429677e-03
1.189972799999998943e+00,7.250385390005429677e-03
1.190020000000000078e+00,7.250385390005429677e-03
1.190160200000000001e+00,7.250385390005429677e-03
1.190300399999999925e+00,7.250385390005429677e-03
1.190440599999999849e+00,7.250385390005429677e-03
1.190580799999999773e+00,7.250385390005429677e-03
1.190720999999999696e+00,7.250385390005429677e-03
1.190861199999999620e+00,7.250385390005429677e-03
1.191001399999999544e+00,7.250385390005429677e-03
1.191141599999999467e+00,7.250385390005429677e-03
1.191281799999999391e+00,7.250385390005429677e-03
1.191421999999999315e+00,7.250385390005429677e-03
1.191562199999999239e+00,7.250385390005429677e-03
1.191702399999999162e+00,7.250385390005429677e-03
1.191842599999999086e+00,7.250385390005429677e-03
1.191982799999999010e+00,7.250385390005429677e-03
1.192029999999999923e+00,7.250385390005429677e-03
1.192169199999999929e+00,7.250385390005429677e-03
1.192308399999999935e+00,7.250385390005429677e-03
1.192447599999999941e+00,7.250385390005429677e-03
1.192586799999999947e+00,7.250385390005429677e-03
1.192725999999999953e+00,7.250385390005429677e-03
1.192865199999999959e+00,7.250385390005429677e-03
1.193004399999999965e+00,7.250385390005429677e-03
1.193143599999999971e+00,7.250385390005429677e-03
1.193282799999999977e+00,7.250385390005429677e-03
1.193421999999999983e+00,7.250385390005429677e-03
1.193561199999999989e+00,7.250385390005429677e-03
1.193700399999999995e+00,7.250385390005429677e-03
1.193839600000000001e+00,7.250385390005429677e-03
1.193978800000000007e+00,7.250385390005429677e-03
1.193990000000000107e+00,7.250385390005429677e-03
1.194130200000000031e+00,7.250385390005429677e-03
1.194270399999999954e+00,7.250385390005429677e-03
1.194410599999999878e+00,7.250385390005429677e-03
1.194550799999999802e+00,7.250385390005429677e-03
1.194690999999999725e+00,7.250385390005429677e-03
1.194831199999999649e+00,7.250385390005429677e-03
1.194971399999999573e+00,7.250385390005429677e-03
1.195111599999999497e+00,7.250385390005429677e-03
1.195251799999999420e+00,7.250385390005429677e-03
1.195391999999999344e+00,7.250385390005429677e-03
1.195532199999999268e+00,7.250385390005429677e-03
1.195672399999999191e+00,7.250385390005429677e-03
1.195812599999999115e+00,7.250385390005429677e-03
1.195952799999999039e+00,7.250385390005429677e-03
1.195999999999999952e+00,7.250385390005429677e-03
1.196140199999999876e+00,7.250385390005429677e-03
1.196280399999999799e+00,7.250385390005429677e-03
1.196420599999999723e+00,7.250385390005429677e-03
1.196560799999999647e+00,7.250385390005429677e-03
1.196700999999999571e+00,7.250385390005429677e-03
1.196841199999999494e+00,7.250385390005429677e-03
1.196981399999999418e+00,7.250385390005429677e-03
1.197121599999999342e+00,7.250385390005429677e-03
1.197261799999999266e+00,7.250385390005429677e-03
1.197401999999999189e+00,7.250385390005429677e-03
1.197542199999999113e+00,7.250385390005429677e-03
1.197682399999999037e+00,7.250385390005429677e-03
1.197822599999998960e+00,7.250385390005429677e-03
1.197962799999998884e+00,7.250385390005429677e-03
1.198010000000000019e+00,7.250385390005429677e-03
1.198150400000000060e+00,7.250385390005429677e-03
1.198290800000000100e+00,7.250385390005429677e-03
1.198431200000000141e+00,7.250385390005429677e-03
1.198571600000000181e+00,7.250385390005429677e-03
1.198712000000000222e+00,7.250385390005429677e-03
1.198852400000000262e+00,7.250385390005429677e-03
1.198992800000000303e+00,7.250385390005429677e-03
1.199133200000000343e+00,7.250385390005429677e-03
1.199273600000000384e+00,7.250385390005429677e-03
1.199414000000000424e+00,7.250385390005429677e-03
1.199554400000000465e+00,7.250385390005429677e-03
1.199694800000000505e+00,7.250385390005429677e-03
1.199835200000000546e+00,7.250385390005429677e-03
1.199975600000000586e+00,7.250385390005429677e-03
1.200029999999999930e+00,7.250385390005429677e-03
1.200170199999999854e+00,7.250385390005429677e-03
1.200310399999999778e+00,7.250385390005429677e-03
1.200450599999999701e+00,7.250385390005429677e-03
1.200590799999999625e+00,7.250385390005429677e-03
1.200730999999999549e+00,7.250385390005429677e-03
1.200871199999999472e+00,7.250385390005429677e-03
1.201011399999999396e+00,7.250385390005429677e-03
1.201151599999999320e+00,7.250385390005429677e-03
1.201291799999999244e+00,7.250385390005429677e-03
1.201431999999999167e+00,7.250385390005429677e-03
1.201572199999999091e+00,7.250385390005429677e-03
1.201712399999999015e+00,7.250385390005429677e-03
1.201852599999998938e+00,7.250385390005429677e-03
1.201992799999998862e+00,7.250385390005429677e-03
1.202039999999999997e+00,7.250385390005429677e-03
1.202179200000000003e+00,7.250385390005429677e-03
1.202318400000000009e+00,7.250385390005429677e-03
1.202457600000000015e+00,7.250385390005429677e-03
1.202596800000000021e+00,7.250385390005429677e-03
1.202736000000000027e+00,7.250385390005429677e-03
1.202875200000000033e+00,7.250385390005429677e-03
1.203014400000000039e+00,7.250385390005429677e-03
1.203153600000000045e+00,7.250385390005429677e-03
1.203292800000000051e+00,7.250385390005429677e-03
1.203432000000000057e+00,7.250385390005429677e-03
1.203571200000000063e+00,7.250385390005429677e-03
1.203710400000000069e+00,7.250385390005429677e-03
1.203849600000000075e+00,7.250385390005429677e-03
1.203988800000000081e+00,7.250385390005429677e-03
1.203999999999999959e+00,7.250385390005429677e-03
1.204140199999999883e+00,7.250385390005429677e-03
1.204280399999999807e+00,7.250385390005429677e-03
1.204420599999999730e+00,7.250385390005429677e-03
1.204560799999999654e+00,7.250385390005429677e-03
1.204700999999999578e+00,7.250385390005429677e-03
1.204841199999999501e+00,7.250385390005429677e-03
1.204981399999999425e+00,7.250385390005429677e-03
1.205121599999999349e+00,7.250385390005429677e-03
1.205261799999999273e+00,7.250385390005429677e-03
1.205401999999999196e+00,7.250385390005429677e-03
1.205542199999999120e+00,7.250385390005429677e-03
1.205682399999999044e+00,7.250385390005429677e-03
1.205822599999998967e+00,7.250385390005429677e-03
1.205962799999998891e+00,7.250385390005429677e-03
1.206010000000000026e+00,7.250385390005429677e-03
1.206150199999999950e+00,7.250385390005429677e-03
1.206290399999999874e+00,7.250385390005429677e-03
1.206430599999999798e+00,7.250385390005429677e-03
1.206570799999999721e+00,7.250385390005429677e-03
1.206710999999999645e+00,7.250385390005429677e-03
1.206851199999999569e+00,7.250385390005429677e-03
1.206991399999999492e+00,7.250385390005429677e-03
1.207131599999999416e+00,7.250385390005429677e-03
1.207271799999999340e+00,7.250385390005429677e-03
1.207411999999999264e+00,7.250385390005429677e-03
1.207552199999999187e+00,7.250385390005429677e-03
1.207692399999999111e+00,7.250385390005429677e-03
1.207832599999999035e+00,7.250385390005429677e-03
1.207972799999998958e+00,7.250385390005429677e-03
1.208020000000000094e+00,7.250385390005429677e-03
1.208160400000000134e+00,7.250385390005429677e-03
1.208300800000000175e+00,7.250385390005429677e-03
1.208441200000000215e+00,7.250385390005429677e-03
1.208581600000000256e+00,7.250385390005429677e-03
1.208722000000000296e+00,7.250385390005429677e-03
1.208862400000000337e+00,7.250385390005429677e-03
1.209002800000000377e+00,7.250385390005429677e-03
1.209143200000000418e+00,7.250385390005429677e-03
1.209283600000000458e+00,7.250385390005429677e-03
1.209424000000000499e+00,7.250385390005429677e-03
1.209564400000000539e+00,7.250385390005429677e-03
1.209704800000000580e+00,7.250385390005429677e-03
1.209845200000000620e+00,7.250385390005429677e-03
1.209985600000000661e+00,7.250385390005429677e-03
1.210040000000000004e+00,7.250385390005429677e-03
1.210178999999999894e+00,7.250385390005429677e-03
1.210317999999999783e+00,7.250385390005429677e-03
1.210456999999999672e+00,7.250385390005429677e-03
1.210595999999999561e+00,7.250385390005429677e-03
1.210734999999999451e+00,7.250385390005429677e-03
1.210873999999999340e+00,7.250385390005429677e-03
1.211012999999999229e+00,7.250385390005429677e-03
1.211151999999999118e+00,7.250385390005429677e-03
1.211290999999999007e+00,7.250385390005429677e-03
1.211429999999998897e+00,7.250385390005429677e-03
1.211568999999998786e+00,7.250385390005429677e-03
1.211707999999998675e+00,7.250385390005429677e-03
1.211846999999998564e+00,7.250385390005429677e-03
1.211985999999998453e+00,7.250385390005429677e-03
1.211989999999999901e+00,7.250385390005429677e-03
1.212130399999999941e+00,7.250385390005429677e-03
1.212270799999999982e+00,7.250385390005429677e-03
1.212411200000000022e+00,7.250385390005429677e-03
1.212551600000000063e+00,7.250385390005429677e-03
1.212692000000000103e+00,7.250385390005429677e-03
1.212832400000000144e+00,7.250385390005429677e-03
1.212972800000000184e+00,7.250385390005429677e-03
1.213113200000000225e+00,7.250385390005429677e-03
1.213253600000000265e+00,7.250385390005429677e-03
1.213394000000000306e+00,7.250385390005429677e-03
1.213534400000000346e+00,7.250385390005429677e-03
1.213674800000000387e+00,7.250385390005429677e-03
1.213815200000000427e+00,7.250385390005429677e-03
1.213955600000000468e+00,7.250385390005429677e-03
1.214010000000000034e+00,7.250385390005429677e-03
1.214150199999999957e+00,7.250385390005429677e-03
1.214290399999999881e+00,7.250385390005429677e-03
1.214430599999999805e+00,7.250385390005429677e-03
1.214570799999999728e+00,7.250385390005429677e-03
1.214710999999999652e+00,7.250385390005429677e-03
1.214851199999999576e+00,7.250385390005429677e-03
1.214991399999999500e+00,7.250385390005429677e-03
1.215131599999999423e+00,7.250385390005429677e-03
1.215271799999999347e+00,7.250385390005429677e-03
1.215411999999999271e+00,7.250385390005429677e-03
1.215552199999999194e+00,7.250385390005429677e-03
1.215692399999999118e+00,7.250385390005429677e-03
1.215832599999999042e+00,7.250385390005429677e-03
1.215972799999998966e+00,7.250385390005429677e-03
1.216020000000000101e+00,7.250385390005429677e-03
1.216160200000000025e+00,7.250385390005429677e-03
1.216300399999999948e+00,7.250385390005429677e-03
1.216440599999999872e+00,7.250385390005429677e-03
1.216580799999999796e+00,7.250385390005429677e-03
1.216720999999999719e+00,7.250385390005429677e-03
1.216861199999999643e+00,7.250385390005429677e-03
1.217001399999999567e+00,7.250385390005429677e-03
1.217141599999999491e+00,7.250385390005429677e-03
1.217281799999999414e+00,7.250385390005429677e-03
1.217421999999999338e+00,7.250385390005429677e-03
1.217562199999999262e+00,7.250385390005429677e-03
1.217702399999999185e+00,7.250385390005429677e-03
1.217842599999999109e+00,7.250385390005429677e-03
1.217982799999999033e+00,7.250385390005429677e-03
1.218029999999999946e+00,7.250385390005429677e-03
1.218169199999999952e+00,7.250385390005429677e-03
1.218308399999999958e+00,7.250385390005429677e-03
1.218447599999999964e+00,7.250385390005429677e-03
1.218586799999999970e+00,7.250385390005429677e-03
1.218725999999999976e+00,7.250385390005429677e-03
1.218865199999999982e+00,7.250385390005429677e-03
1.219004399999999988e+00,7.250385390005429677e-03
1.219143599999999994e+00,7.250385390005429677e-03
1.219282800000000000e+00,7.250385390005429677e-03
1.219422000000000006e+00,7.250385390005429677e-03
1.219561200000000012e+00,7.250385390005429677e-03
1.219700400000000018e+00,7.250385390005429677e-03
1.219839600000000024e+00,7.250385390005429677e-03
1.219978800000000030e+00,7.250385390005429677e-03
1.219989999999999908e+00,7.250385390005429677e-03
1.220130199999999832e+00,7.250385390005429677e-03
1.220270399999999755e+00,7.250385390005429677e-03
1.220410599999999679e+00,7.250385390005429677e-03
1.220550799999999603e+00,7.250385390005429677e-03
1.220690999999999526e+00,7.250385390005429677e-03
1.220831199999999450e+00,7.250385390005429677e-03
1.220971399999999374e+00,7.250385390005429677e-03
1.221111599999999298e+00,7.250385390005429677e-03
1.221251799999999221e+00,7.250385390005429677e-03
1.221391999999999145e+00,7.250385390005429677e-03
1.221532199999999069e+00,7.250385390005429677e-03
1.221672399999998992e+00,7.250385390005429677e-03
1.221812599999998916e+00,7.250385390005429677e-03
1.221952799999998840e+00,7.250385390005429677e-03
1.221999999999999975e+00,7.250385390005429677e-03
1.222140400000000016e+00,7.250385390005429677e-03
1.222280800000000056e+00,7.250385390005429677e-03
1.222421200000000097e+00,7.250385390005429677e-03
1.222561600000000137e+00,7.250385390005429677e-03
1.222702000000000178e+00,7.250385390005429677e-03
1.222842400000000218e+00,7.250385390005429677e-03
1.222982800000000259e+00,7.250385390005429677e-03
1.223123200000000299e+00,7.250385390005429677e-03
1.223263600000000340e+00,7.250385390005429677e-03
1.223404000000000380e+00,7.250385390005429677e-03
1.223544400000000421e+00,7.250385390005429677e-03
1.223684800000000461e+00,7.250385390005429677e-03
1.223825200000000502e+00,7.250385390005429677e-03
1.223965600000000542e+00,7.250385390005429677e-03
1.224020000000000108e+00,7.250385390005429677e-03
1.224160200000000032e+00,7.250385390005429677e-03
1.224300399999999955e+00,7.250385390005429677e-03
1.224440599999999879e+00,7.250385390005429677e-03
1.224580799999999803e+00,7.250385390005429677e-03
1.224720999999999727e+00,7.250385390005429677e-03
1.224861199999999650e+00,7.250385390005429677e-03
1.225001399999999574e+00,7.250385390005429677e-03
1.225141599999999498e+00,7.250385390005429677e-03
1.225281799999999421e+00,7.250385390005429677e-03
1.225421999999999345e+00,7.250385390005429677e-03
1.225562199999999269e+00,7.250385390005429677e-03
1.225702399999999193e+00,7.250385390005429677e-03
1.225842599999999116e+00,7.250385390005429677e-03
1.225982799999999040e+00,7.250385390005429677e-03
1.226029999999999953e+00,7.250385390005429677e-03
1.226170199999999877e+00,7.250385390005429677e-03
1.226310399999999801e+00,7.250385390005429677e-03
1.226450599999999724e+00,7.250385390005429677e-03
1.226590799999999648e+00,7.250385390005429677e-03
1.226730999999999572e+00,7.250385390005429677e-03
1.226871199999999495e+00,7.250385390005429677e-03
1.227011399999999419e+00,7.250385390005429677e-03
1.227151599999999343e+00,7.250385390005429677e-03
1.227291799999999267e+00,7.250385390005429677e-03
1.227431999999999190e+00,7.250385390005429677e-03
1.227572199999999114e+00,7.250385390005429677e-03
1.227712399999999038e+00,7.250385390005429677e-03
1.227852599999998962e+00,7.250385390005429677e-03
1.227992799999998885e+00,7.250385390005429677e-03
1.228040000000000020e+00,7.250385390005429677e-03
1.228179200000000026e+00,7.250385390005429677e-03
1.228318400000000032e+00,7.250385390005429677e-03
1.228457600000000038e+00,7.250385390005429677e-03
1.228596800000000044e+00,7.250385390005429677e-03
1.228736000000000050e+00,7.250385390005429677e-03
1.228875200000000056e+00,7.250385390005429677e-03
1.229014400000000062e+00,7.250385390005429677e-03
1.229153600000000068e+00,7.250385390005429677e-03
1.229292800000000074e+00,7.250385390005429677e-03
1.229432000000000080e+00,7.250385390005429677e-03
1.229571200000000086e+00,7.250385390005429677e-03
1.229710400000000092e+00,7.250385390005429677e-03
1.229849600000000098e+00,7.250385390005429677e-03
1.229988800000000104e+00,7.250385390005429677e-03
1.229999999999999982e+00,7.250385390005429677e-03
1.230140199999999906e+00,7.250385390005429677e-03
1.230280399999999830e+00,7.250385390005429677e-03
1.230420599999999753e+00,7.250385390005429677e-03
1.230560799999999677e+00,7.250385390005429677e-03
1.230700999999999601e+00,7.250385390005429677e-03
1.230841199999999525e+00,7.250385390005429677e-03
1.230981399999999448e+00,7.250385390005429677e-03
1.231121599999999372e+00,7.250385390005429677e-03
1.231261799999999296e+00,7.250385390005429677e-03
1.231401999999999219e+00,7.250385390005429677e-03
1.231542199999999143e+00,7.250385390005429677e-03
1.231682399999999067e+00,7.250385390005429677e-03
1.231822599999998991e+00,7.250385390005429677e-03
1.231962799999998914e+00,7.250385390005429677e-03
1.232010000000000050e+00,7.250385390005429677e-03
1.232150400000000090e+00,7.250385390005429677e-03
1.232290800000000131e+00,7.250385390005429677e-03
1.232431200000000171e+00,7.250385390005429677e-03
1.232571600000000211e+00,7.250385390005429677e-03
1.232712000000000252e+00,7.250385390005429677e-03
1.232852400000000292e+00,7.250385390005429677e-03
1.232992800000000333e+00,7.250385390005429677e-03
1.233133200000000373e+00,7.250385390005429677e-03
1.233273600000000414e+00,7.250385390005429677e-03
1.233414000000000454e+00,7.250385390005429677e-03
1.233554400000000495e+00,7.250385390005429677e-03
1.233694800000000535e+00,7.250385390005429677e-03
1.233835200000000576e+00,7.250385390005429677e-03
1.233975600000000616e+00,7.250385390005429677e-03
1.234029999999999960e+00,7.250385390005429677e-03
1.234170199999999884e+00,7.250385390005429677e-03
1.234310399999999808e+00,7.250385390005429677e-03
1.234450599999999731e+00,7.250385390005429677e-03
1.234590799999999655e+00,7.250385390005429677e-03
1.234730999999999579e+00,7.250385390005429677e-03
1.234871199999999503e+00,7.250385390005429677e-03
1.235011399999999426e+00,7.250385390005429677e-03
1.235151599999999350e+00,7.250385390005429677e-03
1.235291799999999274e+00,7.250385390005429677e-03
1.235431999999999197e+00,7.250385390005429677e-03
1.235572199999999121e+00,7.250385390005429677e-03
1.235712399999999045e+00,7.250385390005429677e-03
1.235852599999998969e+00,7.250385390005429677e-03
1.235992799999998892e+00,7.250385390005429677e-03
1.236040000000000028e+00,7.250385390005429677e-03
1.236178999999999917e+00,7.250385390005429677e-03
1.236317999999999806e+00,7.250385390005429677e-03
1.236456999999999695e+00,7.250385390005429677e-03
1.236595999999999584e+00,7.250385390005429677e-03
1.236734999999999474e+00,7.250385390005429677e-03
1.236873999999999363e+00,7.250385390005429677e-03
1.237012999999999252e+00,7.250385390005429677e-03
1.237151999999999141e+00,7.250385390005429677e-03
1.237290999999999030e+00,7.250385390005429677e-03
1.237429999999998920e+00,7.250385390005429677e-03
1.237568999999998809e+00,7.250385390005429677e-03
1.237707999999998698e+00,7.250385390005429677e-03
1.237846999999998587e+00,7.250385390005429677e-03
1.237985999999998477e+00,7.250385390005429677e-03
1.237989999999999924e+00,7.250385390005429677e-03
1.238130399999999964e+00,7.250385390005429677e-03
1.238270800000000005e+00,7.250385390005429677e-03
1.238411200000000045e+00,7.250385390005429677e-03
1.238551600000000086e+00,7.250385390005429677e-03
1.238692000000000126e+00,7.250385390005429677e-03
1.238832400000000167e+00,7.250385390005429677e-03
1.238972800000000207e+00,7.250385390005429677e-03
1.239113200000000248e+00,7.250385390005429677e-03
1.239253600000000288e+00,7.250385390005429677e-03
1.239394000000000329e+00,7.250385390005429677e-03
1.239534400000000369e+00,7.250385390005429677e-03
1.239674800000000410e+00,7.250385390005429677e-03
1.239815200000000450e+00,7.250385390005429677e-03
1.239955600000000491e+00,7.250385390005429677e-03
1.240010000000000057e+00,7.250385390005429677e-03
1.240150199999999980e+00,7.250385390005429677e-03
1.240290399999999904e+00,7.250385390005429677e-03
1.240430599999999828e+00,7.250385390005429677e-03
1.240570799999999752e+00,7.250385390005429677e-03
1.240710999999999675e+00,7.250385390005429677e-03
1.240851199999999599e+00,7.250385390005429677e-03
1.240991399999999523e+00,7.250385390005429677e-03
1.241131599999999446e+00,7.250385390005429677e-03
1.241271799999999370e+00,7.250385390005429677e-03
1.241411999999999294e+00,7.250385390005429677e-03
1.241552199999999218e+00,7.250385390005429677e-03
1.241692399999999141e+00,7.250385390005429677e-03
1.241832599999999065e+00,7.250385390005429677e-03
1.241972799999998989e+00,7.250385390005429677e-03
1.242019999999999902e+00,7.250385390005429677e-03
1.242160399999999942e+00,7.250385390005429677e-03
1.242300799999999983e+00,7.250385390005429677e-03
1.242441200000000023e+00,7.250385390005429677e-03
1.242581600000000064e+00,7.250385390005429677e-03
1.242722000000000104e+00,7.250385390005429677e-03
1.242862400000000145e+00,7.250385390005429677e-03
1.243002800000000185e+00,7.250385390005429677e-03
1.243143200000000226e+00,7.250385390005429677e-03
1.243283600000000266e+00,7.250385390005429677e-03
1.243424000000000307e+00,7.250385390005429677e-03
1.243564400000000347e+00,7.250385390005429677e-03
1.243704800000000388e+00,7.250385390005429677e-03
1.243845200000000428e+00,7.250385390005429677e-03
1.243985600000000469e+00,7.250385390005429677e-03
1.244040000000000035e+00,7.250385390005429677e-03
1.244178999999999924e+00,7.250385390005429677e-03
1.244317999999999813e+00,7.250385390005429677e-03
1.244456999999999702e+00,7.250385390005429677e-03
1.244595999999999592e+00,7.250385390005429677e-03
1.244734999999999481e+00,7.250385390005429677e-03
1.244873999999999370e+00,7.250385390005429677e-03
1.245012999999999259e+00,7.250385390005429677e-03
1.245151999999999148e+00,7.250385390005429677e-03
1.245290999999999038e+00,7.250385390005429677e-03
1.245429999999998927e+00,7.250385390005429677e-03
1.245568999999998816e+00,7.250385390005429677e-03
1.245707999999998705e+00,7.250385390005429677e-03
1.245846999999998594e+00,7.250385390005429677e-03
1.245985999999998484e+00,7.250385390005429677e-03
1.245989999999999931e+00,7.250385390005429677e-03
1.246130199999999855e+00,7.250385390005429677e-03
1.246270399999999778e+00,7.250385390005429677e-03
1.246410599999999702e+00,7.250385390005429677e-03
1.246550799999999626e+00,7.250385390005429677e-03
1.246690999999999550e+00,7.250385390005429677e-03
1.246831199999999473e+00,7.250385390005429677e-03
1.246971399999999397e+00,7.250385390005429677e-03
1.247111599999999321e+00,7.250385390005429677e-03
1.247251799999999244e+00,7.250385390005429677e-03
1.247391999999999168e+00,7.250385390005429677e-03
1.247532199999999092e+00,7.250385390005429677e-03
1.247672399999999016e+00,7.250385390005429677e-03
1.247812599999998939e+00,7.250385390005429677e-03
1.247952799999998863e+00,7.250385390005429677e-03
1.247999999999999998e+00,7.250385390005429677e-03
1.248140400000000039e+00,7.250385390005429677e-03
1.248280800000000079e+00,7.250385390005429677e-03
1.248421200000000120e+00,7.250385390005429677e-03
1.248561600000000160e+00,7.250385390005429677e-03
1.248702000000000201e+00,7.250385390005429677e-03
1.248842400000000241e+00,7.250385390005429677e-03
1.248982800000000282e+00,7.250385390005429677e-03
1.249123200000000322e+00,7.250385390005429677e-03
1.249263600000000363e+00,7.250385390005429677e-03
1.249404000000000403e+00,7.250385390005429677e-03
1.249544400000000444e+00,7.250385390005429677e-03
1.249684800000000484e+00,7.250385390005429677e-03
1.249825200000000525e+00,7.250385390005429677e-03
1.249965600000000565e+00,7.250385390005429677e-03
1.250019999999999909e+00,7.250385390005429677e-03
1.250160199999999833e+00,7.250385390005429677e-03
1.250300399999999756e+00,7.250385390005429677e-03
1.250440599999999680e+00,7.250385390005429677e-03
1.250580799999999604e+00,7.250385390005429677e-03
1.250720999999999528e+00,7.250385390005429677e-03
1.250861199999999451e+00,7.250385390005429677e-03
1.251001399999999375e+00,7.250385390005429677e-03
1.251141599999999299e+00,7.250385390005429677e-03
1.251281799999999222e+00,7.250385390005429677e-03
1.251421999999999146e+00,7.250385390005429677e-03
1.251562199999999070e+00,7.250385390005429677e-03
1.251702399999998994e+00,7.250385390005429677e-03
1.251842599999998917e+00,7.250385390005429677e-03
1.251982799999998841e+00,7.250385390005429677e-03
1.252029999999999976e+00,7.250385390005429677e-03
1.252170400000000017e+00,7.250385390005429677e-03
1.252310800000000057e+00,7.250385390005429677e-03
1.252451200000000098e+00,7.250385390005429677e-03
1.252591600000000138e+00,7.250385390005429677e-03
1.252732000000000179e+00,7.250385390005429677e-03
1.252872400000000219e+00,7.250385390005429677e-03
1.253012800000000260e+00,7.250385390005429677e-03
1.253153200000000300e+00,7.250385390005429677e-03
1.253293600000000341e+00,7.250385390005429677e-03
1.253434000000000381e+00,7.250385390005429677e-03
1.253574400000000422e+00,7.250385390005429677e-03
1.253714800000000462e+00,7.250385390005429677e-03
1.253855200000000503e+00,7.250385390005429677e-03
1.253995600000000543e+00,7.250385390005429677e-03
1.254050000000000109e+00,7.250385390005429677e-03
1.254188999999999998e+00,7.250385390005429677e-03
1.254327999999999887e+00,7.250385390005429677e-03
1.254466999999999777e+00,7.250385390005429677e-03
1.254605999999999666e+00,7.250385390005429677e-03
1.254744999999999555e+00,7.250385390005429677e-03
1.254883999999999444e+00,7.250385390005429677e-03
1.255022999999999334e+00,7.250385390005429677e-03
1.255161999999999223e+00,7.250385390005429677e-03
1.255300999999999112e+00,7.250385390005429677e-03
1.255439999999999001e+00,7.250385390005429677e-03
1.255578999999998890e+00,7.250385390005429677e-03
1.255717999999998780e+00,7.250385390005429677e-03
1.255856999999998669e+00,7.250385390005429677e-03
1.255995999999998558e+00,7.250385390005429677e-03
1.256000000000000005e+00,7.250385390005429677e-03
1.256140199999999929e+00,7.250385390005429677e-03
1.256280399999999853e+00,7.250385390005429677e-03
1.256420599999999776e+00,7.250385390005429677e-03
1.256560799999999700e+00,7.250385390005429677e-03
1.256700999999999624e+00,7.250385390005429677e-03
1.256841199999999548e+00,7.250385390005429677e-03
1.256981399999999471e+00,7.250385390005429677e-03
1.257121599999999395e+00,7.250385390005429677e-03
1.257261799999999319e+00,7.250385390005429677e-03
1.257401999999999243e+00,7.250385390005429677e-03
1.257542199999999166e+00,7.250385390005429677e-03
1.257682399999999090e+00,7.250385390005429677e-03
1.257822599999999014e+00,7.250385390005429677e-03
1.257962799999998937e+00,7.250385390005429677e-03
1.258010000000000073e+00,7.250385390005429677e-03
1.258150400000000113e+00,7.250385390005429677e-03
1.258290800000000154e+00,7.250385390005429677e-03
1.258431200000000194e+00,7.250385390005429677e-03
1.258571600000000235e+00,7.250385390005429677e-03
1.258712000000000275e+00,7.250385390005429677e-03
1.258852400000000316e+00,7.250385390005429677e-03
1.258992800000000356e+00,7.250385390005429677e-03
1.259133200000000397e+00,7.250385390005429677e-03
1.259273600000000437e+00,7.250385390005429677e-03
1.259414000000000478e+00,7.250385390005429677e-03
1.259554400000000518e+00,7.250385390005429677e-03
1.259694800000000559e+00,7.250385390005429677e-03
1.259835200000000599e+00,7.250385390005429677e-03
1.259975600000000640e+00,7.250385390005429677e-03
1.260029999999999983e+00,7.250385390005429677e-03
1.260170199999999907e+00,7.250385390005429677e-03
1.260310399999999831e+00,7.250385390005429677e-03
1.260450599999999755e+00,7.250385390005429677e-03
1.260590799999999678e+00,7.250385390005429677e-03
1.260730999999999602e+00,7.250385390005429677e-03
1.260871199999999526e+00,7.250385390005429677e-03
1.261011399999999449e+00,7.250385390005429677e-03
1.261151599999999373e+00,7.250385390005429677e-03
1.261291799999999297e+00,7.250385390005429677e-03
1.261431999999999221e+00,7.250385390005429677e-03
1.261572199999999144e+00,7.250385390005429677e-03
1.261712399999999068e+00,7.250385390005429677e-03
1.261852599999998992e+00,7.250385390005429677e-03
1.261992799999998915e+00,7.250385390005429677e-03
1.262040000000000051e+00,7.250385390005429677e-03
1.262178999999999940e+00,7.250385390005429677e-03
1.262317999999999829e+00,7.250385390005429677e-03
1.262456999999999718e+00,7.250385390005429677e-03
1.262595999999999608e+00,7.250385390005429677e-03
1.262734999999999497e+00,7.250385390005429677e-03
1.262873999999999386e+00,7.250385390005429677e-03
1.263012999999999275e+00,7.250385390005429677e-03
1.263151999999999164e+00,7.250385390005429677e-03
1.263290999999999054e+00,7.250385390005429677e-03
1.263429999999998943e+00,7.250385390005429677e-03
1.263568999999998832e+00,7.250385390005429677e-03
1.263707999999998721e+00,7.250385390005429677e-03
1.263846999999998610e+00,7.250385390005429677e-03
1.263985999999998500e+00,7.250385390005429677e-03
1.263989999999999947e+00,7.250385390005429677e-03
1.264130399999999987e+00,7.250385390005429677e-03
1.264270800000000028e+00,7.250385390005429677e-03
1.264411200000000068e+00,7.250385390005429677e-03
1.264551600000000109e+00,7.250385390005429677e-03
1.264692000000000149e+00,7.250385390005429677e-03
1.264832400000000190e+00,7.250385390005429677e-03
1.264972800000000230e+00,7.250385390005429677e-03
1.265113200000000271e+00,7.250385390005429677e-03
1.265253600000000311e+00,7.250385390005429677e-03
1.265394000000000352e+00,7.250385390005429677e-03
1.265534400000000392e+00,7.250385390005429677e-03
1.265674800000000433e+00,7.250385390005429677e-03
1.265815200000000473e+00,7.250385390005429677e-03
1.265955600000000514e+00,7.250385390005429677e-03
1.266010000000000080e+00,7.250385390005429677e-03
1.266150200000000003e+00,7.250385390005429677e-03
1.266290399999999927e+00,7.250385390005429677e-03
1.266430599999999851e+00,7.250385390005429677e-03
1.266570799999999775e+00,7.250385390005429677e-03
1.266710999999999698e+00,7.250385390005429677e-03
1.266851199999999622e+00,7.250385390005429677e-03
1.266991399999999546e+00,7.250385390005429677e-03
1.267131599999999469e+00,7.250385390005429677e-03
1.267271799999999393e+00,7.250385390005429677e-03
1.267411999999999317e+00,7.250385390005429677e-03
1.267552199999999241e+00,7.250385390005429677e-03
1.267692399999999164e+00,7.250385390005429677e-03
1.267832599999999088e+00,7.250385390005429677e-03
1.267972799999999012e+00,7.250385390005429677e-03
1.268019999999999925e+00,7.250385390005429677e-03
1.268160399999999965e+00,7.250385390005429677e-03
1.268300800000000006e+00,7.250385390005429677e-03
1.268441200000000046e+00,7.250385390005429677e-03
1.268581600000000087e+00,7.250385390005429677e-03
1.268722000000000127e+00,7.250385390005429677e-03
1.268862400000000168e+00,7.250385390005429677e-03
1.269002800000000208e+00,7.250385390005429677e-03
1.269143200000000249e+00,7.250385390005429677e-03
1.269283600000000289e+00,7.250385390005429677e-03
1.269424000000000330e+00,7.250385390005429677e-03
1.269564400000000370e+00,7.250385390005429677e-03
1.269704800000000411e+00,7.250385390005429677e-03
1.269845200000000451e+00,7.250385390005429677e-03
1.269985600000000492e+00,7.250385390005429677e-03
1.270040000000000058e+00,7.250385390005429677e-03
1.270178999999999947e+00,7.250385390005429677e-03
1.270317999999999836e+00,7.250385390005429677e-03
1.270456999999999725e+00,7.250385390005429677e-03
1.270595999999999615e+00,7.250385390005429677e-03
1.270734999999999504e+00,7.250385390005429677e-03
1.270873999999999393e+00,7.250385390005429677e-03
1.271012999999999282e+00,7.250385390005429677e-03
1.271151999999999171e+00,7.250385390005429677e-03
1.271290999999999061e+00,7.250385390005429677e-03
1.271429999999998950e+00,7.250385390005429677e-03
1.271568999999998839e+00,7.250385390005429677e-03
1.271707999999998728e+00,7.250385390005429677e-03
1.271846999999998618e+00,7.250385390005429677e-03
1.271985999999998507e+00,7.250385390005429677e-03
1.271989999999999954e+00,7.250385390005429677e-03
1.272130199999999878e+00,7.250385390005429677e-03
1.272270399999999801e+00,7.250385390005429677e-03
1.272410599999999725e+00,7.250385390005429677e-03
1.272550799999999649e+00,7.250385390005429677e-03
1.272690999999999573e+00,7.250385390005429677e-03
1.272831199999999496e+00,7.250385390005429677e-03
1.272971399999999420e+00,7.250385390005429677e-03
1.273111599999999344e+00,7.250385390005429677e-03
1.273251799999999267e+00,7.250385390005429677e-03
1.273391999999999191e+00,7.250385390005429677e-03
1.273532199999999115e+00,7.250385390005429677e-03
1.273672399999999039e+00,7.250385390005429677e-03
1.273812599999998962e+00,7.250385390005429677e-03
1.273952799999998886e+00,7.250385390005429677e-03
1.274000000000000021e+00,7.250385390005429677e-03
1.274140400000000062e+00,7.250385390005429677e-03
1.274280800000000102e+00,7.250385390005429677e-03
1.274421200000000143e+00,7.250385390005429677e-03
1.274561600000000183e+00,7.250385390005429677e-03
1.274702000000000224e+00,7.250385390005429677e-03
1.274842400000000264e+00,7.250385390005429677e-03
1.274982800000000305e+00,7.250385390005429677e-03
1.275123200000000345e+00,7.250385390005429677e-03
1.275263600000000386e+00,7.250385390005429677e-03
1.275404000000000426e+00,7.250385390005429677e-03
1.275544400000000467e+00,7.250385390005429677e-03
1.275684800000000507e+00,7.250385390005429677e-03
1.275825200000000548e+00,7.250385390005429677e-03
1.275965600000000588e+00,7.250385390005429677e-03
1.276019999999999932e+00,7.250385390005429677e-03
1.276160199999999856e+00,7.250385390005429677e-03
1.276300399999999780e+00,7.250385390005429677e-03
1.276440599999999703e+00,7.250385390005429677e-03
1.276580799999999627e+00,7.250385390005429677e-03
1.276720999999999551e+00,7.250385390005429677e-03
1.276861199999999474e+00,7.250385390005429677e-03
1.277001399999999398e+00,7.250385390005429677e-03
1.277141599999999322e+00,7.250385390005429677e-03
1.277281799999999246e+00,7.250385390005429677e-03
1.277421999999999169e+00,7.250385390005429677e-03
1.277562199999999093e+00,7.250385390005429677e-03
1.277702399999999017e+00,7.250385390005429677e-03
1.277842599999998940e+00,7.250385390005429677e-03
1.277982799999998864e+00,7.250385390005429677e-03
1.278029999999999999e+00,7.250385390005429677e-03
1.278170400000000040e+00,7.250385390005429677e-03
1.278310800000000080e+00,7.250385390005429677e-03
1.278451200000000121e+00,7.250385390005429677e-03
1.278591600000000161e+00,7.250385390005429677e-03
1.278732000000000202e+00,7.250385390005429677e-03
1.278872400000000242e+00,7.250385390005429677e-03
1.279012800000000283e+00,7.250385390005429677e-03
1.279153200000000323e+00,7.250385390005429677e-03
1.279293600000000364e+00,7.250385390005429677e-03
1.279434000000000404e+00,7.250385390005429677e-03
1.279574400000000445e+00,7.250385390005429677e-03
1.279714800000000485e+00,7.250385390005429677e-03
1.279855200000000526e+00,7.250385390005429677e-03
1.279995600000000566e+00,7.250385390005429677e-03
1.280049999999999910e+00,7.250385390005429677e-03
1.280189000000000021e+00,7.250385390005429677e-03
1.280328000000000133e+00,7.250385390005429677e-03
1.280467000000000244e+00,7.250385390005429677e-03
1.280606000000000355e+00,7.250385390005429677e-03
1.280745000000000466e+00,7.250385390005429677e-03
1.280884000000000578e+00,7.250385390005429677e-03
1.281023000000000689e+00,7.250385390005429677e-03
1.281162000000000800e+00,7.250385390005429677e-03
1.281301000000000911e+00,7.250385390005429677e-03
1.281440000000001023e+00,7.250385390005429677e-03
1.281579000000001134e+00,7.250385390005429677e-03
1.281718000000001245e+00,7.250385390005429677e-03
1.281857000000001356e+00,7.250385390005429677e-03
1.281996000000001468e+00,7.250385390005429677e-03
1.282000000000000028e+00,7.250385390005429677e-03
1.282140199999999952e+00,7.250385390005429677e-03
1.282280399999999876e+00,7.250385390005429677e-03
1.282420599999999800e+00,7.250385390005429677e-03
1.282560799999999723e+00,7.250385390005429677e-03
1.282700999999999647e+00,7.250385390005429677e-03
1.282841199999999571e+00,7.250385390005429677e-03
1.282981399999999494e+00,7.250385390005429677e-03
1.283121599999999418e+00,7.250385390005429677e-03
1.283261799999999342e+00,7.250385390005429677e-03
1.283401999999999266e+00,7.250385390005429677e-03
1.283542199999999189e+00,7.250385390005429677e-03
1.283682399999999113e+00,7.250385390005429677e-03
1.283822599999999037e+00,7.250385390005429677e-03
1.283962799999998960e+00,7.250385390005429677e-03
1.284010000000000096e+00,7.250385390005429677e-03
1.284150400000000136e+00,7.250385390005429677e-03
1.284290800000000177e+00,7.250385390005429677e-03
1.284431200000000217e+00,7.250385390005429677e-03
1.284571600000000258e+00,7.250385390005429677e-03
1.284712000000000298e+00,7.250385390005429677e-03
1.284852400000000339e+00,7.250385390005429677e-03
1.284992800000000379e+00,7.250385390005429677e-03
1.285133200000000420e+00,7.250385390005429677e-03
1.285273600000000460e+00,7.250385390005429677e-03
1.285414000000000501e+00,7.250385390005429677e-03
1.285554400000000541e+00,7.250385390005429677e-03
1.285694800000000582e+00,7.250385390005429677e-03
1.285835200000000622e+00,7.250385390005429677e-03
1.285975600000000663e+00,7.250385390005429677e-03
1.286030000000000006e+00,7.250385390005429677e-03
1.286170199999999930e+00,7.250385390005429677e-03
1.286310399999999854e+00,7.250385390005429677e-03
1.286450599999999778e+00,7.250385390005429677e-03
1.286590799999999701e+00,7.250385390005429677e-03
1.286730999999999625e+00,7.250385390005429677e-03
1.286871199999999549e+00,7.250385390005429677e-03
1.287011399999999472e+00,7.250385390005429677e-03
1.287151599999999396e+00,7.250385390005429677e-03
1.287291799999999320e+00,7.250385390005429677e-03
1.287431999999999244e+00,7.250385390005429677e-03
1.287572199999999167e+00,7.250385390005429677e-03
1.287712399999999091e+00,7.250385390005429677e-03
1.287852599999999015e+00,7.250385390005429677e-03
1.287992799999998939e+00,7.250385390005429677e-03
1.288040000000000074e+00,7.250385390005429677e-03
1.288178999999999963e+00,7.250385390005429677e-03
1.288317999999999852e+00,7.250385390005429677e-03
1.288456999999999741e+00,7.250385390005429677e-03
1.288595999999999631e+00,7.250385390005429677e-03
1.288734999999999520e+00,7.250385390005429677e-03
1.288873999999999409e+00,7.250385390005429677e-03
1.289012999999999298e+00,7.250385390005429677e-03
1.289151999999999187e+00,7.250385390005429677e-03
1.289290999999999077e+00,7.250385390005429677e-03
1.289429999999998966e+00,7.250385390005429677e-03
1.289568999999998855e+00,7.250385390005429677e-03
1.289707999999998744e+00,7.250385390005429677e-03
1.289846999999998634e+00,7.250385390005429677e-03
1.289985999999998523e+00,7.250385390005429677e-03
1.289989999999999970e+00,7.250385390005429677e-03
1.290130400000000011e+00,7.250385390005429677e-03
1.290270800000000051e+00,7.250385390005429677e-03
1.290411200000000091e+00,7.250385390005429677e-03
1.290551600000000132e+00,7.250385390005429677e-03
1.290692000000000172e+00,7.250385390005429677e-03
1.290832400000000213e+00,7.250385390005429677e-03
1.290972800000000253e+00,7.250385390005429677e-03
1.291113200000000294e+00,7.250385390005429677e-03
1.291253600000000334e+00,7.250385390005429677e-03
1.291394000000000375e+00,7.250385390005429677e-03
1.291534400000000415e+00,7.250385390005429677e-03
1.291674800000000456e+00,7.250385390005429677e-03
1.291815200000000496e+00,7.250385390005429677e-03
1.291955600000000537e+00,7.250385390005429677e-03
1.292010000000000103e+00,7.250385390005429677e-03
1.292150200000000027e+00,7.250385390005429677e-03
1.292290399999999950e+00,7.250385390005429677e-03
1.292430599999999874e+00,7.250385390005429677e-03
1.292570799999999798e+00,7.250385390005429677e-03
1.292710999999999721e+00,7.250385390005429677e-03
1.292851199999999645e+00,7.250385390005429677e-03
1.292991399999999569e+00,7.250385390005429677e-03
1.293131599999999493e+00,7.250385390005429677e-03
1.293271799999999416e+00,7.250385390005429677e-03
1.293411999999999340e+00,7.250385390005429677e-03
1.293552199999999264e+00,7.250385390005429677e-03
1.293692399999999187e+00,7.250385390005429677e-03
1.293832599999999111e+00,7.250385390005429677e-03
1.293972799999999035e+00,7.250385390005429677e-03
1.294019999999999948e+00,7.250385390005429677e-03
1.294160399999999989e+00,7.250385390005429677e-03
1.294300800000000029e+00,7.250385390005429677e-03
1.294441200000000070e+00,7.250385390005429677e-03
1.294581600000000110e+00,7.250385390005429677e-03
1.294722000000000151e+00,7.250385390005429677e-03
1.294862400000000191e+00,7.250385390005429677e-03
1.295002800000000232e+00,7.250385390005429677e-03
1.295143200000000272e+00,7.250385390005429677e-03
1.295283600000000312e+00,7.250385390005429677e-03
1.295424000000000353e+00,7.250385390005429677e-03
1.295564400000000393e+00,7.250385390005429677e-03
1.295704800000000434e+00,7.250385390005429677e-03
1.295845200000000474e+00,7.250385390005429677e-03
1.295985600000000515e+00,7.250385390005429677e-03
1.296040000000000081e+00,7.250385390005429677e-03
1.296178999999999970e+00,7.250385390005429677e-03
1.296317999999999859e+00,7.250385390005429677e-03
1.296456999999999748e+00,7.250385390005429677e-03
1.296595999999999638e+00,7.250385390005429677e-03
1.296734999999999527e+00,7.250385390005429677e-03
1.296873999999999416e+00,7.250385390005429677e-03
1.297012999999999305e+00,7.250385390005429677e-03
1.297151999999999195e+00,7.250385390005429677e-03
1.297290999999999084e+00,7.250385390005429677e-03
1.297429999999998973e+00,7.250385390005429677e-03
1.297568999999998862e+00,7.250385390005429677e-03
1.297707999999998751e+00,7.250385390005429677e-03
1.297846999999998641e+00,7.250385390005429677e-03
1.297985999999998530e+00,7.250385390005429677e-03
1.297989999999999977e+00,7.250385390005429677e-03
1.298130199999999901e+00,7.250385390005429677e-03
1.298270399999999825e+00,7.250385390005429677e-03
1.298410599999999748e+00,7.250385390005429677e-03
1.298550799999999672e+00,7.250385390005429677e-03
1.298690999999999596e+00,7.250385390005429677e-03
1.298831199999999519e+00,7.250385390005429677e-03
1.298971399999999443e+00,7.250385390005429677e-03
1.299111599999999367e+00,7.250385390005429677e-03
1.299251799999999291e+00,7.250385390005429677e-03
1.299391999999999214e+00,7.250385390005429677e-03
1.299532199999999138e+00,7.250385390005429677e-03
1.299672399999999062e+00,7.250385390005429677e-03
1.299812599999998985e+00,7.250385390005429677e-03
1.299952799999998909e+00,7.250385390005429677e-03
1.300000000000000044e+00,7.250385390005429677e-03
1.300140400000000085e+00,7.250385390005429677e-03
1.300280800000000125e+00,7.250385390005429677e-03
1.300421200000000166e+00,7.250385390005429677e-03
1.300561600000000206e+00,7.250385390005429677e-03
1.300702000000000247e+00,7.250385390005429677e-03
1.300842400000000287e+00,7.250385390005429677e-03
1.300982800000000328e+00,7.250385390005429677e-03
1.301123200000000368e+00,7.250385390005429677e-03
1.301263600000000409e+00,7.250385390005429677e-03
1.301404000000000449e+00,7.250385390005429677e-03
1.301544400000000490e+00,7.250385390005429677e-03
1.301684800000000530e+00,7.250385390005429677e-03
1.301825200000000571e+00,7.250385390005429677e-03
1.301965600000000611e+00,7.250385390005429677e-03
1.302019999999999955e+00,7.250385390005429677e-03
1.302160199999999879e+00,7.250385390005429677e-03
1.302300399999999803e+00,7.250385390005429677e-03
1.302440599999999726e+00,7.250385390005429677e-03
1.302580799999999650e+00,7.250385390005429677e-03
1.302720999999999574e+00,7.250385390005429677e-03
1.302861199999999497e+00,7.250385390005429677e-03
1.303001399999999421e+00,7.250385390005429677e-03
1.303141599999999345e+00,7.250385390005429677e-03
1.303281799999999269e+00,7.250385390005429677e-03
1.303421999999999192e+00,7.250385390005429677e-03
1.303562199999999116e+00,7.250385390005429677e-03
1.303702399999999040e+00,7.250385390005429677e-03
1.303842599999998964e+00,7.250385390005429677e-03
1.303982799999998887e+00,7.250385390005429677e-03
1.304030000000000022e+00,7.250385390005429677e-03
1.304170400000000063e+00,7.250385390005429677e-03
1.304310800000000103e+00,7.250385390005429677e-03
1.304451200000000144e+00,7.250385390005429677e-03
1.304591600000000184e+00,7.250385390005429677e-03
1.304732000000000225e+00,7.250385390005429677e-03
1.304872400000000265e+00,7.250385390005429677e-03
1.305012800000000306e+00,7.250385390005429677e-03
1.305153200000000346e+00,7.250385390005429677e-03
1.305293600000000387e+00,7.250385390005429677e-03
1.305434000000000427e+00,7.250385390005429677e-03
1.305574400000000468e+00,7.250385390005429677e-03
1.305714800000000508e+00,7.250385390005429677e-03
1.305855200000000549e+00,7.250385390005429677e-03
1.305995600000000589e+00,7.250385390005429677e-03
1.306049999999999933e+00,7.250385390005429677e-03
1.306189000000000044e+00,7.250385390005429677e-03
1.306328000000000156e+00,7.250385390005429677e-03
1.306467000000000267e+00,7.250385390005429677e-03
1.306606000000000378e+00,7.250385390005429677e-03
1.306745000000000489e+00,7.250385390005429677e-03
1.306884000000000601e+00,7.250385390005429677e-03
1.307023000000000712e+00,7.250385390005429677e-03
1.307162000000000823e+00,7.250385390005429677e-03
1.307301000000000935e+00,7.250385390005429677e-03
1.307440000000001046e+00,7.250385390005429677e-03
1.307579000000001157e+00,7.250385390005429677e-03
1.307718000000001268e+00,7.250385390005429677e-03
1.307857000000001380e+00,7.250385390005429677e-03
1.307996000000001491e+00,7.250385390005429677e-03
1.308000000000000052e+00,7.250385390005429677e-03
1.308140199999999975e+00,7.250385390005429677e-03
1.308280399999999899e+00,7.250385390005429677e-03
1.308420599999999823e+00,7.250385390005429677e-03
1.308560799999999746e+00,7.250385390005429677e-03
1.308700999999999670e+00,7.250385390005429677e-03
1.308841199999999594e+00,7.250385390005429677e-03
1.308981399999999518e+00,7.250385390005429677e-03
1.309121599999999441e+00,7.250385390005429677e-03
1.309261799999999365e+00,7.250385390005429677e-03
1.309401999999999289e+00,7.250385390005429677e-03
1.309542199999999212e+00,7.250385390005429677e-03
1.309682399999999136e+00,7.250385390005429677e-03
1.309822599999999060e+00,7.250385390005429677e-03
1.309962799999998984e+00,7.250385390005429677e-03
1.310009999999999897e+00,7.250385390005429677e-03
1.310150399999999937e+00,7.250385390005429677e-03
1.310290799999999978e+00,7.250385390005429677e-03
1.310431200000000018e+00,7.250385390005429677e-03
1.310571600000000059e+00,7.250385390005429677e-03
1.310712000000000099e+00,7.250385390005429677e-03
1.310852400000000140e+00,7.250385390005429677e-03
1.310992800000000180e+00,7.250385390005429677e-03
1.311133200000000221e+00,7.250385390005429677e-03
1.311273600000000261e+00,7.250385390005429677e-03
1.311414000000000302e+00,7.250385390005429677e-03
1.311554400000000342e+00,7.250385390005429677e-03
1.311694800000000383e+00,7.250385390005429677e-03
1.311835200000000423e+00,7.250385390005429677e-03
1.311975600000000464e+00,7.250385390005429677e-03
1.312030000000000030e+00,7.250385390005429677e-03
1.312170199999999953e+00,7.250385390005429677e-03
1.312310399999999877e+00,7.250385390005429677e-03
1.312450599999999801e+00,7.250385390005429677e-03
1.312590799999999724e+00,7.250385390005429677e-03
1.312730999999999648e+00,7.250385390005429677e-03
1.312871199999999572e+00,7.250385390005429677e-03
1.313011399999999496e+00,7.250385390005429677e-03
1.313151599999999419e+00,7.250385390005429677e-03
1.313291799999999343e+00,7.250385390005429677e-03
1.313431999999999267e+00,7.250385390005429677e-03
1.313572199999999190e+00,7.250385390005429677e-03
1.313712399999999114e+00,7.250385390005429677e-03
1.313852599999999038e+00,7.250385390005429677e-03
1.313992799999998962e+00,7.250385390005429677e-03
1.314040000000000097e+00,7.250385390005429677e-03
1.314179200000000103e+00,7.250385390005429677e-03
1.314318400000000109e+00,7.250385390005429677e-03
1.314457600000000115e+00,7.250385390005429677e-03
1.314596800000000121e+00,7.250385390005429677e-03
1.314736000000000127e+00,7.250385390005429677e-03
1.314875200000000133e+00,7.250385390005429677e-03
1.315014400000000139e+00,7.250385390005429677e-03
1.315153600000000145e+00,7.250385390005429677e-03
1.315292800000000151e+00,7.250385390005429677e-03
1.315432000000000157e+00,7.250385390005429677e-03
1.315571200000000163e+00,7.250385390005429677e-03
1.315710400000000169e+00,7.250385390005429677e-03
1.315849600000000175e+00,7.250385390005429677e-03
1.315988800000000181e+00,7.250385390005429677e-03
1.316000000000000059e+00,7.250385390005429677e-03
1.316140199999999982e+00,7.250385390005429677e-03
1.316280399999999906e+00,7.250385390005429677e-03
1.316420599999999830e+00,7.250385390005429677e-03
1.316560799999999753e+00,7.250385390005429677e-03
1.316700999999999677e+00,7.250385390005429677e-03
1.316841199999999601e+00,7.250385390005429677e-03
1.316981399999999525e+00,7.250385390005429677e-03
1.317121599999999448e+00,7.250385390005429677e-03
1.317261799999999372e+00,7.250385390005429677e-03
1.317401999999999296e+00,7.250385390005429677e-03
1.317542199999999220e+00,7.250385390005429677e-03
1.317682399999999143e+00,7.250385390005429677e-03
1.317822599999999067e+00,7.250385390005429677e-03
1.317962799999998991e+00,7.250385390005429677e-03
1.318009999999999904e+00,7.250385390005429677e-03
1.318150199999999828e+00,7.250385390005429677e-03
1.318290399999999751e+00,7.250385390005429677e-03
1.318430599999999675e+00,7.250385390005429677e-03
1.318570799999999599e+00,7.250385390005429677e-03
1.318710999999999522e+00,7.250385390005429677e-03
1.318851199999999446e+00,7.250385390005429677e-03
1.318991399999999370e+00,7.250385390005429677e-03
1.319131599999999294e+00,7.250385390005429677e-03
1.319271799999999217e+00,7.250385390005429677e-03
1.319411999999999141e+00,7.250385390005429677e-03
1.319552199999999065e+00,7.250385390005429677e-03
1.319692399999998988e+00,7.250385390005429677e-03
1.319832599999998912e+00,7.250385390005429677e-03
1.319972799999998836e+00,7.250385390005429677e-03
1.320019999999999971e+00,7.250385390005429677e-03
1.320160400000000012e+00,7.250385390005429677e-03
1.320300800000000052e+00,7.250385390005429677e-03
1.320441200000000093e+00,7.250385390005429677e-03
1.320581600000000133e+00,7.250385390005429677e-03
1.320722000000000174e+00,7.250385390005429677e-03
1.320862400000000214e+00,7.250385390005429677e-03
1.321002800000000255e+00,7.250385390005429677e-03
1.321143200000000295e+00,7.250385390005429677e-03
1.321283600000000336e+00,7.250385390005429677e-03
1.321424000000000376e+00,7.250385390005429677e-03
1.321564400000000417e+00,7.250385390005429677e-03
1.321704800000000457e+00,7.250385390005429677e-03
1.321845200000000498e+00,7.250385390005429677e-03
1.321985600000000538e+00,7.250385390005429677e-03
1.322040000000000104e+00,7.250385390005429677e-03
1.322178999999999993e+00,7.250385390005429677e-03
1.322317999999999882e+00,7.250385390005429677e-03
1.322456999999999772e+00,7.250385390005429677e-03
1.322595999999999661e+00,7.250385390005429677e-03
1.322734999999999550e+00,7.250385390005429677e-03
1.322873999999999439e+00,7.250385390005429677e-03
1.323012999999999328e+00,7.250385390005429677e-03
1.323151999999999218e+00,7.250385390005429677e-03
1.323290999999999107e+00,7.250385390005429677e-03
1.323429999999998996e+00,7.250385390005429677e-03
1.323568999999998885e+00,7.250385390005429677e-03
1.323707999999998774e+00,7.250385390005429677e-03
1.323846999999998664e+00,7.250385390005429677e-03
1.323985999999998553e+00,7.250385390005429677e-03
1.323990000000000000e+00,7.250385390005429677e-03
1.324130400000000041e+00,7.250385390005429677e-03
1.324270800000000081e+00,7.250385390005429677e-03
1.324411200000000122e+00,7.250385390005429677e-03
1.324551600000000162e+00,7.250385390005429677e-03
1.324692000000000203e+00,7.250385390005429677e-03
1.324832400000000243e+00,7.250385390005429677e-03
1.324972800000000284e+00,7.250385390005429677e-03
1.325113200000000324e+00,7.250385390005429677e-03
1.325253600000000365e+00,7.250385390005429677e-03
1.325394000000000405e+00,7.250385390005429677e-03
1.325534400000000446e+00,7.250385390005429677e-03
1.325674800000000486e+00,7.250385390005429677e-03
1.325815200000000527e+00,7.250385390005429677e-03
1.325955600000000567e+00,7.250385390005429677e-03
1.326009999999999911e+00,7.250385390005429677e-03
1.326150199999999835e+00,7.250385390005429677e-03
1.326290399999999758e+00,7.250385390005429677e-03
1.326430599999999682e+00,7.250385390005429677e-03
1.326570799999999606e+00,7.250385390005429677e-03
1.326710999999999530e+00,7.250385390005429677e-03
1.326851199999999453e+00,7.250385390005429677e-03
1.326991399999999377e+00,7.250385390005429677e-03
1.327131599999999301e+00,7.250385390005429677e-03
1.327271799999999224e+00,7.250385390005429677e-03
1.327411999999999148e+00,7.250385390005429677e-03
1.327552199999999072e+00,7.250385390005429677e-03
1.327692399999998996e+00,7.250385390005429677e-03
1.327832599999998919e+00,7.250385390005429677e-03
1.327972799999998843e+00,7.250385390005429677e-03
1.328019999999999978e+00,7.250385390005429677e-03
1.328160199999999902e+00,7.250385390005429677e-03
1.328300399999999826e+00,7.250385390005429677e-03
1.328440599999999749e+00,7.250385390005429677e-03
1.328580799999999673e+00,7.250385390005429677e-03
1.328720999999999597e+00,7.250385390005429677e-03
1.328861199999999521e+00,7.250385390005429677e-03
1.329001399999999444e+00,7.250385390005429677e-03
1.329141599999999368e+00,7.250385390005429677e-03
1.329281799999999292e+00,7.250385390005429677e-03
1.329421999999999215e+00,7.250385390005429677e-03
1.329562199999999139e+00,7.250385390005429677e-03
1.329702399999999063e+00,7.250385390005429677e-03
1.329842599999998987e+00,7.250385390005429677e-03
1.329982799999998910e+00,7.250385390005429677e-03
1.330030000000000046e+00,7.250385390005429677e-03
1.330169200000000052e+00,7.250385390005429677e-03
1.330308400000000058e+00,7.250385390005429677e-03
1.330447600000000064e+00,7.250385390005429677e-03
1.330586800000000069e+00,7.250385390005429677e-03
1.330726000000000075e+00,7.250385390005429677e-03
1.330865200000000081e+00,7.250385390005429677e-03
1.331004400000000087e+00,7.250385390005429677e-03
1.331143600000000093e+00,7.250385390005429677e-03
1.331282800000000099e+00,7.250385390005429677e-03
1.331422000000000105e+00,7.250385390005429677e-03
1.331561200000000111e+00,7.250385390005429677e-03
1.331700400000000117e+00,7.250385390005429677e-03
1.331839600000000123e+00,7.250385390005429677e-03
1.331978800000000129e+00,7.250385390005429677e-03
1.331990000000000007e+00,7.250385390005429677e-03
1.332130199999999931e+00,7.250385390005429677e-03
1.332270399999999855e+00,7.250385390005429677e-03
1.332410599999999778e+00,7.250385390005429677e-03
1.332550799999999702e+00,7.250385390005429677e-03
1.332690999999999626e+00,7.250385390005429677e-03
1.332831199999999550e+00,7.250385390005429677e-03
1.332971399999999473e+00,7.250385390005429677e-03
1.333111599999999397e+00,7.250385390005429677e-03
1.333251799999999321e+00,7.250385390005429677e-03
1.333391999999999245e+00,7.250385390005429677e-03
1.333532199999999168e+00,7.250385390005429677e-03
1.333672399999999092e+00,7.250385390005429677e-03
1.333812599999999016e+00,7.250385390005429677e-03
1.333952799999998939e+00,7.250385390005429677e-03
1.334000000000000075e+00,7.250385390005429677e-03
1.334140400000000115e+00,7.250385390005429677e-03
1.334280800000000156e+00,7.250385390005429677e-03
1.334421200000000196e+00,7.250385390005429677e-03
1.334561600000000237e+00,7.250385390005429677e-03
1.334702000000000277e+00,7.250385390005429677e-03
1.334842400000000318e+00,7.250385390005429677e-03
1.334982800000000358e+00,7.250385390005429677e-03
1.335123200000000399e+00,7.250385390005429677e-03
1.335263600000000439e+00,7.250385390005429677e-03
1.335404000000000480e+00,7.250385390005429677e-03
1.335544400000000520e+00,7.250385390005429677e-03
1.335684800000000561e+00,7.250385390005429677e-03
1.335825200000000601e+00,7.250385390005429677e-03
1.335965600000000642e+00,7.250385390005429677e-03
1.336019999999999985e+00,7.250385390005429677e-03
1.336160199999999909e+00,7.250385390005429677e-03
1.336300399999999833e+00,7.250385390005429677e-03
1.336440599999999757e+00,7.250385390005429677e-03
1.336580799999999680e+00,7.250385390005429677e-03
1.336720999999999604e+00,7.250385390005429677e-03
1.336861199999999528e+00,7.250385390005429677e-03
1.337001399999999451e+00,7.250385390005429677e-03
1.337141599999999375e+00,7.250385390005429677e-03
1.337281799999999299e+00,7.250385390005429677e-03
1.337421999999999223e+00,7.250385390005429677e-03
1.337562199999999146e+00,7.250385390005429677e-03
1.337702399999999070e+00,7.250385390005429677e-03
1.337842599999998994e+00,7.250385390005429677e-03
1.337982799999998917e+00,7.250385390005429677e-03
1.338030000000000053e+00,7.250385390005429677e-03
1.338170199999999976e+00,7.250385390005429677e-03
1.338310399999999900e+00,7.250385390005429677e-03
1.338450599999999824e+00,7.250385390005429677e-03
1.338590799999999748e+00,7.250385390005429677e-03
1.338730999999999671e+00,7.250385390005429677e-03
1.338871199999999595e+00,7.250385390005429677e-03
1.339011399999999519e+00,7.250385390005429677e-03
1.339151599999999442e+00,7.250385390005429677e-03
1.339291799999999366e+00,7.250385390005429677e-03
1.339431999999999290e+00,7.250385390005429677e-03
1.339572199999999214e+00,7.250385390005429677e-03
1.339712399999999137e+00,7.250385390005429677e-03
1.339852599999999061e+00,7.250385390005429677e-03
1.339992799999998985e+00,7.250385390005429677e-03
1.340039999999999898e+00,7.250385390005429677e-03
1.340179199999999904e+00,7.250385390005429677e-03
1.340318399999999910e+00,7.250385390005429677e-03
1.340457599999999916e+00,7.250385390005429677e-03
1.340596799999999922e+00,7.250385390005429677e-03
1.340735999999999928e+00,7.250385390005429677e-03
1.340875199999999934e+00,7.250385390005429677e-03
1.341014399999999940e+00,7.250385390005429677e-03
1.341153599999999946e+00,7.250385390005429677e-03
1.341292799999999952e+00,7.250385390005429677e-03
1.341431999999999958e+00,7.250385390005429677e-03
1.341571199999999964e+00,7.250385390005429677e-03
1.341710399999999970e+00,7.250385390005429677e-03
1.341849599999999976e+00,7.250385390005429677e-03
1.341988799999999982e+00,7.250385390005429677e-03
1.342000000000000082e+00,7.250385390005429677e-03
1.342140200000000005e+00,7.250385390005429677e-03
1.342280399999999929e+00,7.250385390005429677e-03
1.342420599999999853e+00,7.250385390005429677e-03
1.342560799999999777e+00,7.250385390005429677e-03
1.342700999999999700e+00,7.250385390005429677e-03
1.342841199999999624e+00,7.250385390005429677e-03
1.342981399999999548e+00,7.250385390005429677e-03
1.343121599999999471e+00,7.250385390005429677e-03
1.343261799999999395e+00,7.250385390005429677e-03
1.343401999999999319e+00,7.250385390005429677e-03
1.343542199999999243e+00,7.250385390005429677e-03
1.343682399999999166e+00,7.250385390005429677e-03
1.343822599999999090e+00,7.250385390005429677e-03
1.343962799999999014e+00,7.250385390005429677e-03
1.344009999999999927e+00,7.250385390005429677e-03
1.344150399999999967e+00,7.250385390005429677e-03
1.344290800000000008e+00,7.250385390005429677e-03
1.344431200000000048e+00,7.250385390005429677e-03
1.344571600000000089e+00,7.250385390005429677e-03
1.344712000000000129e+00,7.250385390005429677e-03
1.344852400000000170e+00,7.250385390005429677e-03
1.344992800000000210e+00,7.250385390005429677e-03
1.345133200000000251e+00,7.250385390005429677e-03
1.345273600000000291e+00,7.250385390005429677e-03
1.345414000000000332e+00,7.250385390005429677e-03
1.345554400000000372e+00,7.250385390005429677e-03
1.345694800000000413e+00,7.250385390005429677e-03
1.345835200000000453e+00,7.250385390005429677e-03
1.345975600000000494e+00,7.250385390005429677e-03
1.346030000000000060e+00,7.250385390005429677e-03
1.346170199999999983e+00,7.250385390005429677e-03
1.346310399999999907e+00,7.250385390005429677e-03
1.346450599999999831e+00,7.250385390005429677e-03
1.346590799999999755e+00,7.250385390005429677e-03
1.346730999999999678e+00,7.250385390005429677e-03
1.346871199999999602e+00,7.250385390005429677e-03
1.347011399999999526e+00,7.250385390005429677e-03
1.347151599999999450e+00,7.250385390005429677e-03
1.347291799999999373e+00,7.250385390005429677e-03
1.347431999999999297e+00,7.250385390005429677e-03
1.347572199999999221e+00,7.250385390005429677e-03
1.347712399999999144e+00,7.250385390005429677e-03
1.347852599999999068e+00,7.250385390005429677e-03
1.347992799999998992e+00,7.250385390005429677e-03
1.348039999999999905e+00,7.250385390005429677e-03
1.348179000000000016e+00,7.250385390005429677e-03
1.348318000000000128e+00,7.250385390005429677e-03
1.348457000000000239e+00,7.250385390005429677e-03
1.348596000000000350e+00,7.250385390005429677e-03
1.348735000000000461e+00,7.250385390005429677e-03
1.348874000000000573e+00,7.250385390005429677e-03
1.349013000000000684e+00,7.250385390005429677e-03
1.349152000000000795e+00,7.250385390005429677e-03
1.349291000000000906e+00,7.250385390005429677e-03
1.349430000000001018e+00,7.250385390005429677e-03
1.349569000000001129e+00,7.250385390005429677e-03
1.349708000000001240e+00,7.250385390005429677e-03
1.349847000000001351e+00,7.250385390005429677e-03
1.349986000000001463e+00,7.250385390005429677e-03
1.349990000000000023e+00,7.250385390005429677e-03
1.350130400000000064e+00,7.250385390005429677e-03
1.350270800000000104e+00,7.250385390005429677e-03
1.350411200000000145e+00,7.250385390005429677e-03
1.350551600000000185e+00,7.250385390005429677e-03
1.350692000000000226e+00,7.250385390005429677e-03
1.350832400000000266e+00,7.250385390005429677e-03
1.350972800000000307e+00,7.250385390005429677e-03
1.351113200000000347e+00,7.250385390005429677e-03
1.351253600000000388e+00,7.250385390005429677e-03
1.351394000000000428e+00,7.250385390005429677e-03
1.351534400000000469e+00,7.250385390005429677e-03
1.351674800000000509e+00,7.250385390005429677e-03
1.351815200000000550e+00,7.250385390005429677e-03
1.351955600000000590e+00,7.250385390005429677e-03
1.352009999999999934e+00,7.250385390005429677e-03
1.352150199999999858e+00,7.250385390005429677e-03
1.352290399999999781e+00,7.250385390005429677e-03
1.352430599999999705e+00,7.250385390005429677e-03
1.352570799999999629e+00,7.250385390005429677e-03
1.352710999999999553e+00,7.250385390005429677e-03
1.352851199999999476e+00,7.250385390005429677e-03
1.352991399999999400e+00,7.250385390005429677e-03
1.353131599999999324e+00,7.250385390005429677e-03
1.353271799999999248e+00,7.250385390005429677e-03
1.353411999999999171e+00,7.250385390005429677e-03
1.353552199999999095e+00,7.250385390005429677e-03
1.353692399999999019e+00,7.250385390005429677e-03
1.353832599999998942e+00,7.250385390005429677e-03
1.353972799999998866e+00,7.250385390005429677e-03
1.354020000000000001e+00,7.250385390005429677e-03
1.354160199999999925e+00,7.250385390005429677e-03
1.354300399999999849e+00,7.250385390005429677e-03
1.354440599999999773e+00,7.250385390005429677e-03
1.354580799999999696e+00,7.250385390005429677e-03
1.354720999999999620e+00,7.250385390005429677e-03
1.354861199999999544e+00,7.250385390005429677e-03
1.355001399999999467e+00,7.250385390005429677e-03
1.355141599999999391e+00,7.250385390005429677e-03
1.355281799999999315e+00,7.250385390005429677e-03
1.355421999999999239e+00,7.250385390005429677e-03
1.355562199999999162e+00,7.250385390005429677e-03
1.355702399999999086e+00,7.250385390005429677e-03
1.355842599999999010e+00,7.250385390005429677e-03
1.355982799999998933e+00,7.250385390005429677e-03
1.356030000000000069e+00,7.250385390005429677e-03
1.356169200000000075e+00,7.250385390005429677e-03
1.356308400000000081e+00,7.250385390005429677e-03
1.356447600000000087e+00,7.250385390005429677e-03
1.356586800000000093e+00,7.250385390005429677e-03
1.356726000000000099e+00,7.250385390005429677e-03
1.356865200000000105e+00,7.250385390005429677e-03
1.357004400000000111e+00,7.250385390005429677e-03
1.357143600000000117e+00,7.250385390005429677e-03
1.357282800000000123e+00,7.250385390005429677e-03
1.357422000000000128e+00,7.250385390005429677e-03
1.357561200000000134e+00,7.250385390005429677e-03
1.357700400000000140e+00,7.250385390005429677e-03
1.357839600000000146e+00,7.250385390005429677e-03
1.357978800000000152e+00,7.250385390005429677e-03
1.357990000000000030e+00,7.250385390005429677e-03
1.358130199999999954e+00,7.250385390005429677e-03
1.358270399999999878e+00,7.250385390005429677e-03
1.358410599999999802e+00,7.250385390005429677e-03
1.358550799999999725e+00,7.250385390005429677e-03
1.358690999999999649e+00,7.250385390005429677e-03
1.358831199999999573e+00,7.250385390005429677e-03
1.358971399999999496e+00,7.250385390005429677e-03
1.359111599999999420e+00,7.250385390005429677e-03
1.359251799999999344e+00,7.250385390005429677e-03
1.359391999999999268e+00,7.250385390005429677e-03
1.359532199999999191e+00,7.250385390005429677e-03
1.359672399999999115e+00,7.250385390005429677e-03
1.359812599999999039e+00,7.250385390005429677e-03
1.359952799999998962e+00,7.250385390005429677e-03
1.360000000000000098e+00,7.250385390005429677e-03
1.360140400000000138e+00,7.250385390005429677e-03
1.360280800000000179e+00,7.250385390005429677e-03
1.360421200000000219e+00,7.250385390005429677e-03
1.360561600000000260e+00,7.250385390005429677e-03
1.360702000000000300e+00,7.250385390005429677e-03
1.360842400000000341e+00,7.250385390005429677e-03
1.360982800000000381e+00,7.250385390005429677e-03
1.361123200000000422e+00,7.250385390005429677e-03
1.361263600000000462e+00,7.250385390005429677e-03
1.361404000000000503e+00,7.250385390005429677e-03
1.361544400000000543e+00,7.250385390005429677e-03
1.361684800000000584e+00,7.250385390005429677e-03
1.361825200000000624e+00,7.250385390005429677e-03
1.361965600000000665e+00,7.250385390005429677e-03
1.362020000000000008e+00,7.250385390005429677e-03
1.362160199999999932e+00,7.250385390005429677e-03
1.362300399999999856e+00,7.250385390005429677e-03
1.362440599999999780e+00,7.250385390005429677e-03
1.362580799999999703e+00,7.250385390005429677e-03
1.362720999999999627e+00,7.250385390005429677e-03
1.362861199999999551e+00,7.250385390005429677e-03
1.363001399999999474e+00,7.250385390005429677e-03
1.363141599999999398e+00,7.250385390005429677e-03
1.363281799999999322e+00,7.250385390005429677e-03
1.363421999999999246e+00,7.250385390005429677e-03
1.363562199999999169e+00,7.250385390005429677e-03
1.363702399999999093e+00,7.250385390005429677e-03
1.363842599999999017e+00,7.250385390005429677e-03
1.363982799999998941e+00,7.250385390005429677e-03
1.364030000000000076e+00,7.250385390005429677e-03
1.364170199999999999e+00,7.250385390005429677e-03
1.364310399999999923e+00,7.250385390005429677e-03
1.364450599999999847e+00,7.250385390005429677e-03
1.364590799999999771e+00,7.250385390005429677e-03
1.364730999999999694e+00,7.250385390005429677e-03
1.364871199999999618e+00,7.250385390005429677e-03
1.365011399999999542e+00,7.250385390005429677e-03
1.365151599999999465e+00,7.250385390005429677e-03
1.365291799999999389e+00,7.250385390005429677e-03
1.365431999999999313e+00,7.250385390005429677e-03
1.365572199999999237e+00,7.250385390005429677e-03
1.365712399999999160e+00,7.250385390005429677e-03
1.365852599999999084e+00,7.250385390005429677e-03
1.365992799999999008e+00,7.250385390005429677e-03
1.366039999999999921e+00,7.250385390005429677e-03
1.366179199999999927e+00,7.250385390005429677e-03
1.366318399999999933e+00,7.250385390005429677e-03
1.366457599999999939e+00,7.250385390005429677e-03
1.366596799999999945e+00,7.250385390005429677e-03
1.366735999999999951e+00,7.250385390005429677e-03
1.366875199999999957e+00,7.250385390005429677e-03
1.367014399999999963e+00,7.250385390005429677e-03
1.367153599999999969e+00,7.250385390005429677e-03
1.367292799999999975e+00,7.250385390005429677e-03
1.367431999999999981e+00,7.250385390005429677e-03
1.367571199999999987e+00,7.250385390005429677e-03
1.367710399999999993e+00,7.250385390005429677e-03
1.367849599999999999e+00,7.250385390005429677e-03
1.367988800000000005e+00,7.250385390005429677e-03
1.368000000000000105e+00,7.250385390005429677e-03
1.368140200000000029e+00,7.250385390005429677e-03
1.368280399999999952e+00,7.250385390005429677e-03
1.368420599999999876e+00,7.250385390005429677e-03
1.368560799999999800e+00,7.250385390005429677e-03
1.368700999999999723e+00,7.250385390005429677e-03
1.368841199999999647e+00,7.250385390005429677e-03
1.368981399999999571e+00,7.250385390005429677e-03
1.369121599999999495e+00,7.250385390005429677e-03
1.369261799999999418e+00,7.250385390005429677e-03
1.369401999999999342e+00,7.250385390005429677e-03
1.369542199999999266e+00,7.250385390005429677e-03
1.369682399999999189e+00,7.250385390005429677e-03
1.369822599999999113e+00,7.250385390005429677e-03
1.369962799999999037e+00,7.250385390005429677e-03
1.370009999999999950e+00,7.250385390005429677e-03
1.370150399999999991e+00,7.250385390005429677e-03
1.370290800000000031e+00,7.250385390005429677e-03
1.370431200000000072e+00,7.250385390005429677e-03
1.370571600000000112e+00,7.250385390005429677e-03
1.370712000000000153e+00,7.250385390005429677e-03
1.370852400000000193e+00,7.250385390005429677e-03
1.370992800000000233e+00,7.250385390005429677e-03
1.371133200000000274e+00,7.250385390005429677e-03
1.371273600000000314e+00,7.250385390005429677e-03
1.371414000000000355e+00,7.250385390005429677e-03
1.371554400000000395e+00,7.250385390005429677e-03
1.371694800000000436e+00,7.250385390005429677e-03
1.371835200000000476e+00,7.250385390005429677e-03
1.371975600000000517e+00,7.250385390005429677e-03
1.372030000000000083e+00,7.250385390005429677e-03
1.372170200000000007e+00,7.250385390005429677e-03
1.372310399999999930e+00,7.250385390005429677e-03
1.372450599999999854e+00,7.250385390005429677e-03
1.372590799999999778e+00,7.250385390005429677e-03
1.372730999999999701e+00,7.250385390005429677e-03
1.372871199999999625e+00,7.250385390005429677e-03
1.373011399999999549e+00,7.250385390005429677e-03
1.373151599999999473e+00,7.250385390005429677e-03
1.373291799999999396e+00,7.250385390005429677e-03
1.373431999999999320e+00,7.250385390005429677e-03
1.373572199999999244e+00,7.250385390005429677e-03
1.373712399999999167e+00,7.250385390005429677e-03
1.373852599999999091e+00,7.250385390005429677e-03
1.373992799999999015e+00,7.250385390005429677e-03
1.374039999999999928e+00,7.250385390005429677e-03
1.374179000000000039e+00,7.250385390005429677e-03
1.374318000000000151e+00,7.250385390005429677e-03
1.374457000000000262e+00,7.250385390005429677e-03
1.374596000000000373e+00,7.250385390005429677e-03
1.374735000000000484e+00,7.250385390005429677e-03
1.374874000000000596e+00,7.250385390005429677e-03
1.375013000000000707e+00,7.250385390005429677e-03
1.375152000000000818e+00,7.250385390005429677e-03
1.375291000000000929e+00,7.250385390005429677e-03
1.375430000000001041e+00,7.250385390005429677e-03
1.375569000000001152e+00,7.250385390005429677e-03
1.375708000000001263e+00,7.250385390005429677e-03
1.375847000000001374e+00,7.250385390005429677e-03
1.375986000000001486e+00,7.250385390005429677e-03
1.375990000000000046e+00,7.250385390005429677e-03
1.376130400000000087e+00,7.250385390005429677e-03
1.376270800000000127e+00,7.250385390005429677e-03
1.376411200000000168e+00,7.250385390005429677e-03
1.376551600000000208e+00,7.250385390005429677e-03
1.376692000000000249e+00,7.250385390005429677e-03
1.376832400000000289e+00,7.250385390005429677e-03
1.376972800000000330e+00,7.250385390005429677e-03
1.377113200000000370e+00,7.250385390005429677e-03
1.377253600000000411e+00,7.250385390005429677e-03
1.377394000000000451e+00,7.250385390005429677e-03
1.377534400000000492e+00,7.250385390005429677e-03
1.377674800000000532e+00,7.250385390005429677e-03
1.377815200000000573e+00,7.250385390005429677e-03
1.377955600000000613e+00,7.250385390005429677e-03
1.378009999999999957e+00,7.250385390005429677e-03
1.378150199999999881e+00,7.250385390005429677e-03
1.378290399999999805e+00,7.250385390005429677e-03
1.378430599999999728e+00,7.250385390005429677e-03
1.378570799999999652e+00,7.250385390005429677e-03
1.378710999999999576e+00,7.250385390005429677e-03
1.378851199999999499e+00,7.250385390005429677e-03
1.378991399999999423e+00,7.250385390005429677e-03
1.379131599999999347e+00,7.250385390005429677e-03
1.379271799999999271e+00,7.250385390005429677e-03
1.379411999999999194e+00,7.250385390005429677e-03
1.379552199999999118e+00,7.250385390005429677e-03
1.379692399999999042e+00,7.250385390005429677e-03
1.379832599999998966e+00,7.250385390005429677e-03
1.379972799999998889e+00,7.250385390005429677e-03
1.380020000000000024e+00,7.250385390005429677e-03
1.380160400000000065e+00,7.250385390005429677e-03
1.380300800000000105e+00,7.250385390005429677e-03
1.380441200000000146e+00,7.250385390005429677e-03
1.380581600000000186e+00,7.250385390005429677e-03
1.380722000000000227e+00,7.250385390005429677e-03
1.380862400000000267e+00,7.250385390005429677e-03
1.381002800000000308e+00,7.250385390005429677e-03
1.381143200000000348e+00,7.250385390005429677e-03
1.381283600000000389e+00,7.250385390005429677e-03
1.381424000000000429e+00,7.250385390005429677e-03
1.381564400000000470e+00,7.250385390005429677e-03
1.381704800000000510e+00,7.250385390005429677e-03
1.381845200000000551e+00,7.250385390005429677e-03
1.381985600000000591e+00,7.250385390005429677e-03
1.382039999999999935e+00,7.250385390005429677e-03
1.382179000000000046e+00,7.250385390005429677e-03
1.382318000000000158e+00,7.250385390005429677e-03
1.382457000000000269e+00,7.250385390005429677e-03
1.382596000000000380e+00,7.250385390005429677e-03
1.382735000000000491e+00,7.250385390005429677e-03
1.382874000000000603e+00,7.250385390005429677e-03
1.383013000000000714e+00,7.250385390005429677e-03
1.383152000000000825e+00,7.250385390005429677e-03
1.383291000000000937e+00,7.250385390005429677e-03
1.383430000000001048e+00,7.250385390005429677e-03
1.383569000000001159e+00,7.250385390005429677e-03
1.383708000000001270e+00,7.250385390005429677e-03
1.383847000000001382e+00,7.250385390005429677e-03
1.383986000000001493e+00,7.250385390005429677e-03
1.383990000000000054e+00,7.250385390005429677e-03
1.384130199999999977e+00,7.250385390005429677e-03
1.384270399999999901e+00,7.250385390005429677e-03
1.384410599999999825e+00,7.250385390005429677e-03
1.384550799999999748e+00,7.250385390005429677e-03
1.384690999999999672e+00,7.250385390005429677e-03
1.384831199999999596e+00,7.250385390005429677e-03
1.384971399999999520e+00,7.250385390005429677e-03
1.385111599999999443e+00,7.250385390005429677e-03
1.385251799999999367e+00,7.250385390005429677e-03
1.385391999999999291e+00,7.250385390005429677e-03
1.385532199999999214e+00,7.250385390005429677e-03
1.385672399999999138e+00,7.250385390005429677e-03
1.385812599999999062e+00,7.250385390005429677e-03
1.385952799999998986e+00,7.250385390005429677e-03
1.385999999999999899e+00,7.250385390005429677e-03
1.386140399999999939e+00,7.250385390005429677e-03
1.386280799999999980e+00,7.250385390005429677e-03
1.386421200000000020e+00,7.250385390005429677e-03
1.386561600000000061e+00,7.250385390005429677e-03
1.386702000000000101e+00,7.250385390005429677e-03
1.386842400000000142e+00,7.250385390005429677e-03
1.386982800000000182e+00,7.250385390005429677e-03
1.387123200000000223e+00,7.250385390005429677e-03
1.387263600000000263e+00,7.250385390005429677e-03
1.387404000000000304e+00,7.250385390005429677e-03
1.387544400000000344e+00,7.250385390005429677e-03
1.387684800000000385e+00,7.250385390005429677e-03
1.387825200000000425e+00,7.250385390005429677e-03
1.387965600000000466e+00,7.250385390005429677e-03
1.388020000000000032e+00,7.250385390005429677e-03
1.388160199999999955e+00,7.250385390005429677e-03
1.388300399999999879e+00,7.250385390005429677e-03
1.388440599999999803e+00,7.250385390005429677e-03
1.388580799999999726e+00,7.250385390005429677e-03
1.388720999999999650e+00,7.250385390005429677e-03
1.388861199999999574e+00,7.250385390005429677e-03
1.389001399999999498e+00,7.250385390005429677e-03
1.389141599999999421e+00,7.250385390005429677e-03
1.389281799999999345e+00,7.250385390005429677e-03
1.389421999999999269e+00,7.250385390005429677e-03
1.389562199999999192e+00,7.250385390005429677e-03
1.389702399999999116e+00,7.250385390005429677e-03
1.389842599999999040e+00,7.250385390005429677e-03
1.389982799999998964e+00,7.250385390005429677e-03
1.390030000000000099e+00,7.250385390005429677e-03
1.390170400000000139e+00,7.250385390005429677e-03
1.390310800000000180e+00,7.250385390005429677e-03
1.390451200000000220e+00,7.250385390005429677e-03
1.390591600000000261e+00,7.250385390005429677e-03
1.390732000000000301e+00,7.250385390005429677e-03
1.390872400000000342e+00,7.250385390005429677e-03
1.391012800000000382e+00,7.250385390005429677e-03
1.391153200000000423e+00,7.250385390005429677e-03
1.391293600000000463e+00,7.250385390005429677e-03
1.391434000000000504e+00,7.250385390005429677e-03
1.391574400000000544e+00,7.250385390005429677e-03
1.391714800000000585e+00,7.250385390005429677e-03
1.391855200000000625e+00,7.250385390005429677e-03
1.391995600000000666e+00,7.250385390005429677e-03
1.392050000000000010e+00,7.250385390005429677e-03
1.392188999999999899e+00,7.250385390005429677e-03
1.392327999999999788e+00,7.250385390005429677e-03
1.392466999999999677e+00,7.250385390005429677e-03
1.392605999999999566e+00,7.250385390005429677e-03
1.392744999999999456e+00,7.250385390005429677e-03
1.392883999999999345e+00,7.250385390005429677e-03
1.393022999999999234e+00,7.250385390005429677e-03
1.393161999999999123e+00,7.250385390005429677e-03
1.393300999999999013e+00,7.250385390005429677e-03
1.393439999999998902e+00,7.250385390005429677e-03
1.393578999999998791e+00,7.250385390005429677e-03
1.393717999999998680e+00,7.250385390005429677e-03
1.393856999999998569e+00,7.250385390005429677e-03
1.393995999999998459e+00,7.250385390005429677e-03
1.393999999999999906e+00,7.250385390005429677e-03
1.394140199999999830e+00,7.250385390005429677e-03
1.394280399999999753e+00,7.250385390005429677e-03
1.394420599999999677e+00,7.250385390005429677e-03
1.394560799999999601e+00,7.250385390005429677e-03
1.394700999999999524e+00,7.250385390005429677e-03
1.394841199999999448e+00,7.250385390005429677e-03
1.394981399999999372e+00,7.250385390005429677e-03
1.395121599999999296e+00,7.250385390005429677e-03
1.395261799999999219e+00,7.250385390005429677e-03
1.395401999999999143e+00,7.250385390005429677e-03
1.395542199999999067e+00,7.250385390005429677e-03
1.395682399999998990e+00,7.250385390005429677e-03
1.395822599999998914e+00,7.250385390005429677e-03
1.395962799999998838e+00,7.250385390005429677e-03
1.396009999999999973e+00,7.250385390005429677e-03
1.396150400000000014e+00,7.250385390005429677e-03
1.396290800000000054e+00,7.250385390005429677e-03
1.396431200000000095e+00,7.250385390005429677e-03
1.396571600000000135e+00,7.250385390005429677e-03
1.396712000000000176e+00,7.250385390005429677e-03
1.396852400000000216e+00,7.250385390005429677e-03
1.396992800000000257e+00,7.250385390005429677e-03
1.397133200000000297e+00,7.250385390005429677e-03
1.397273600000000338e+00,7.250385390005429677e-03
1.397414000000000378e+00,7.250385390005429677e-03
1.397554400000000419e+00,7.250385390005429677e-03
1.397694800000000459e+00,7.250385390005429677e-03
1.397835200000000500e+00,7.250385390005429677e-03
1.397975600000000540e+00,7.250385390005429677e-03
1.398030000000000106e+00,7.250385390005429677e-03
1.398170200000000030e+00,7.250385390005429677e-03
1.398310399999999953e+00,7.250385390005429677e-03
1.398450599999999877e+00,7.250385390005429677e-03
1.398590799999999801e+00,7.250385390005429677e-03
1.398730999999999725e+00,7.250385390005429677e-03
1.398871199999999648e+00,7.250385390005429677e-03
1.399011399999999572e+00,7.250385390005429677e-03
1.399151599999999496e+00,7.250385390005429677e-03
1.399291799999999419e+00,7.250385390005429677e-03
1.399431999999999343e+00,7.250385390005429677e-03
1.399572199999999267e+00,7.250385390005429677e-03
1.399712399999999191e+00,7.250385390005429677e-03
1.399852599999999114e+00,7.250385390005429677e-03
1.399992799999999038e+00,7.250385390005429677e-03
1.400039999999999951e+00,7.250385390005429677e-03
1.400179000000000062e+00,7.250385390005429677e-03
1.400318000000000174e+00,7.250385390005429677e-03
1.400457000000000285e+00,7.250385390005429677e-03
1.400596000000000396e+00,7.250385390005429677e-03
1.400735000000000507e+00,7.250385390005429677e-03
1.400874000000000619e+00,7.250385390005429677e-03
1.401013000000000730e+00,7.250385390005429677e-03
1.401152000000000841e+00,7.250385390005429677e-03
1.401291000000000952e+00,7.250385390005429677e-03
1.401430000000001064e+00,7.250385390005429677e-03
1.401569000000001175e+00,7.250385390005429677e-03
1.401708000000001286e+00,7.250385390005429677e-03
1.401847000000001398e+00,7.250385390005429677e-03
1.401986000000001509e+00,7.250385390005429677e-03
1.401990000000000069e+00,7.250385390005429677e-03
1.402130400000000110e+00,7.250385390005429677e-03
1.402270800000000150e+00,7.250385390005429677e-03
1.402411200000000191e+00,7.250385390005429677e-03
1.402551600000000231e+00,7.250385390005429677e-03
1.402692000000000272e+00,7.250385390005429677e-03
1.402832400000000312e+00,7.250385390005429677e-03
1.402972800000000353e+00,7.250385390005429677e-03
1.403113200000000393e+00,7.250385390005429677e-03
1.403253600000000434e+00,7.250385390005429677e-03
1.403394000000000474e+00,7.250385390005429677e-03
1.403534400000000515e+00,7.250385390005429677e-03
1.403674800000000555e+00,7.250385390005429677e-03
1.403815200000000596e+00,7.250385390005429677e-03
1.403955600000000636e+00,7.250385390005429677e-03
1.404009999999999980e+00,7.250385390005429677e-03
1.404150199999999904e+00,7.250385390005429677e-03
1.404290399999999828e+00,7.250385390005429677e-03
1.404430599999999751e+00,7.250385390005429677e-03
1.404570799999999675e+00,7.250385390005429677e-03
1.404710999999999599e+00,7.250385390005429677e-03
1.404851199999999523e+00,7.250385390005429677e-03
1.404991399999999446e+00,7.250385390005429677e-03
1.405131599999999370e+00,7.250385390005429677e-03
1.405271799999999294e+00,7.250385390005429677e-03
1.405411999999999217e+00,7.250385390005429677e-03
1.405552199999999141e+00,7.250385390005429677e-03
1.405692399999999065e+00,7.250385390005429677e-03
1.405832599999998989e+00,7.250385390005429677e-03
1.405972799999998912e+00,7.250385390005429677e-03
1.406020000000000048e+00,7.250385390005429677e-03
1.406160400000000088e+00,7.250385390005429677e-03
1.406300800000000129e+00,7.250385390005429677e-03
1.406441200000000169e+00,7.250385390005429677e-03
1.406581600000000210e+00,7.250385390005429677e-03
1.406722000000000250e+00,7.250385390005429677e-03
1.406862400000000290e+00,7.250385390005429677e-03
1.407002800000000331e+00,7.250385390005429677e-03
1.407143200000000371e+00,7.250385390005429677e-03
1.407283600000000412e+00,7.250385390005429677e-03
1.407424000000000452e+00,7.250385390005429677e-03
1.407564400000000493e+00,7.250385390005429677e-03
1.407704800000000533e+00,7.250385390005429677e-03
1.407845200000000574e+00,7.250385390005429677e-03
1.407985600000000614e+00,7.250385390005429677e-03
1.408039999999999958e+00,7.250385390005429677e-03
1.408179000000000070e+00,7.250385390005429677e-03
1.408318000000000181e+00,7.250385390005429677e-03
1.408457000000000292e+00,7.250385390005429677e-03
1.408596000000000403e+00,7.250385390005429677e-03
1.408735000000000515e+00,7.250385390005429677e-03
1.408874000000000626e+00,7.250385390005429677e-03
1.409013000000000737e+00,7.250385390005429677e-03
1.409152000000000848e+00,7.250385390005429677e-03
1.409291000000000960e+00,7.250385390005429677e-03
1.409430000000001071e+00,7.250385390005429677e-03
1.409569000000001182e+00,7.250385390005429677e-03
1.409708000000001293e+00,7.250385390005429677e-03
1.409847000000001405e+00,7.250385390005429677e-03
1.409986000000001516e+00,7.250385390005429677e-03
1.409990000000000077e+00,7.250385390005429677e-03
1.410130200000000000e+00,7.250385390005429677e-03
1.410270399999999924e+00,7.250385390005429677e-03
1.410410599999999848e+00,7.250385390005429677e-03
1.410550799999999771e+00,7.250385390005429677e-03
1.410690999999999695e+00,7.250385390005429677e-03
1.410831199999999619e+00,7.250385390005429677e-03
1.410971399999999543e+00,7.250385390005429677e-03
1.411111599999999466e+00,7.250385390005429677e-03
1.411251799999999390e+00,7.250385390005429677e-03
1.411391999999999314e+00,7.250385390005429677e-03
1.411532199999999238e+00,7.250385390005429677e-03
1.411672399999999161e+00,7.250385390005429677e-03
1.411812599999999085e+00,7.250385390005429677e-03
1.411952799999999009e+00,7.250385390005429677e-03
1.411999999999999922e+00,7.250385390005429677e-03
1.412140399999999962e+00,7.250385390005429677e-03
1.412280800000000003e+00,7.250385390005429677e-03
1.412421200000000043e+00,7.250385390005429677e-03
1.412561600000000084e+00,7.250385390005429677e-03
1.412702000000000124e+00,7.250385390005429677e-03
1.412842400000000165e+00,7.250385390005429677e-03
1.412982800000000205e+00,7.250385390005429677e-03
1.413123200000000246e+00,7.250385390005429677e-03
1.413263600000000286e+00,7.250385390005429677e-03
1.413404000000000327e+00,7.250385390005429677e-03
1.413544400000000367e+00,7.250385390005429677e-03
1.413684800000000408e+00,7.250385390005429677e-03
1.413825200000000448e+00,7.250385390005429677e-03
1.413965600000000489e+00,7.250385390005429677e-03
1.414020000000000055e+00,7.250385390005429677e-03
1.414160199999999978e+00,7.250385390005429677e-03
1.414300399999999902e+00,7.250385390005429677e-03
1.414440599999999826e+00,7.250385390005429677e-03
1.414580799999999750e+00,7.250385390005429677e-03
1.414720999999999673e+00,7.250385390005429677e-03
1.414861199999999597e+00,7.250385390005429677e-03
1.415001399999999521e+00,7.250385390005429677e-03
1.415141599999999444e+00,7.250385390005429677e-03
1.415281799999999368e+00,7.250385390005429677e-03
1.415421999999999292e+00,7.250385390005429677e-03
1.415562199999999216e+00,7.250385390005429677e-03
1.415702399999999139e+00,7.250385390005429677e-03
1.415842599999999063e+00,7.250385390005429677e-03
1.415982799999998987e+00,7.250385390005429677e-03
1.416029999999999900e+00,7.250385390005429677e-03
1.416170399999999940e+00,7.250385390005429677e-03
1.416310799999999981e+00,7.250385390005429677e-03
1.416451200000000021e+00,7.250385390005429677e-03
1.416591600000000062e+00,7.250385390005429677e-03
1.416732000000000102e+00,7.250385390005429677e-03
1.416872400000000143e+00,7.250385390005429677e-03
1.417012800000000183e+00,7.250385390005429677e-03
1.417153200000000224e+00,7.250385390005429677e-03
1.417293600000000264e+00,7.250385390005429677e-03
1.417434000000000305e+00,7.250385390005429677e-03
1.417574400000000345e+00,7.250385390005429677e-03
1.417714800000000386e+00,7.250385390005429677e-03
1.417855200000000426e+00,7.250385390005429677e-03
1.417995600000000467e+00,7.250385390005429677e-03
1.418050000000000033e+00,7.250385390005429677e-03
1.418188999999999922e+00,7.250385390005429677e-03
1.418327999999999811e+00,7.250385390005429677e-03
1.418466999999999700e+00,7.250385390005429677e-03
1.418605999999999590e+00,7.250385390005429677e-03
1.418744999999999479e+00,7.250385390005429677e-03
1.418883999999999368e+00,7.250385390005429677e-03
1.419022999999999257e+00,7.250385390005429677e-03
1.419161999999999146e+00,7.250385390005429677e-03
1.419300999999999036e+00,7.250385390005429677e-03
1.419439999999998925e+00,7.250385390005429677e-03
1.419578999999998814e+00,7.250385390005429677e-03
1.419717999999998703e+00,7.250385390005429677e-03
1.419856999999998592e+00,7.250385390005429677e-03
1.419995999999998482e+00,7.250385390005429677e-03
1.419999999999999929e+00,7.250385390005429677e-03
1.420140199999999853e+00,7.250385390005429677e-03
1.420280399999999776e+00,7.250385390005429677e-03
1.420420599999999700e+00,7.250385390005429677e-03
1.420560799999999624e+00,7.250385390005429677e-03
1.420700999999999548e+00,7.250385390005429677e-03
1.420841199999999471e+00,7.250385390005429677e-03
1.420981399999999395e+00,7.250385390005429677e-03
1.421121599999999319e+00,7.250385390005429677e-03
1.421261799999999242e+00,7.250385390005429677e-03
1.421401999999999166e+00,7.250385390005429677e-03
1.421542199999999090e+00,7.250385390005429677e-03
1.421682399999999014e+00,7.250385390005429677e-03
1.421822599999998937e+00,7.250385390005429677e-03
1.421962799999998861e+00,7.250385390005429677e-03
1.422009999999999996e+00,7.250385390005429677e-03
1.422150400000000037e+00,7.250385390005429677e-03
1.422290800000000077e+00,7.250385390005429677e-03
1.422431200000000118e+00,7.250385390005429677e-03
1.422571600000000158e+00,7.250385390005429677e-03
1.422712000000000199e+00,7.250385390005429677e-03
1.422852400000000239e+00,7.250385390005429677e-03
1.422992800000000280e+00,7.250385390005429677e-03
1.423133200000000320e+00,7.250385390005429677e-03
1.423273600000000361e+00,7.250385390005429677e-03
1.423414000000000401e+00,7.250385390005429677e-03
1.423554400000000442e+00,7.250385390005429677e-03
1.423694800000000482e+00,7.250385390005429677e-03
1.423835200000000523e+00,7.250385390005429677e-03
1.423975600000000563e+00,7.250385390005429677e-03
1.424029999999999907e+00,7.250385390005429677e-03
1.424170199999999831e+00,7.250385390005429677e-03
1.424310399999999754e+00,7.250385390005429677e-03
1.424450599999999678e+00,7.250385390005429677e-03
1.424590799999999602e+00,7.250385390005429677e-03
1.424730999999999526e+00,7.250385390005429677e-03
1.424871199999999449e+00,7.250385390005429677e-03
1.425011399999999373e+00,7.250385390005429677e-03
1.425151599999999297e+00,7.250385390005429677e-03
1.425291799999999220e+00,7.250385390005429677e-03
1.425431999999999144e+00,7.250385390005429677e-03
1.425572199999999068e+00,7.250385390005429677e-03
1.425712399999998992e+00,7.250385390005429677e-03
1.425852599999998915e+00,7.250385390005429677e-03
1.425992799999998839e+00,7.250385390005429677e-03
1.426039999999999974e+00,7.250385390005429677e-03
1.426179199999999980e+00,7.250385390005429677e-03
1.426318399999999986e+00,7.250385390005429677e-03
1.426457599999999992e+00,7.250385390005429677e-03
1.426596799999999998e+00,7.250385390005429677e-03
1.426736000000000004e+00,7.250385390005429677e-03
1.426875200000000010e+00,7.250385390005429677e-03
1.427014400000000016e+00,7.250385390005429677e-03
1.427153600000000022e+00,7.250385390005429677e-03
1.427292800000000028e+00,7.250385390005429677e-03
1.427432000000000034e+00,7.250385390005429677e-03
1.427571200000000040e+00,7.250385390005429677e-03
1.427710400000000046e+00,7.250385390005429677e-03
1.427849600000000052e+00,7.250385390005429677e-03
1.427988800000000058e+00,7.250385390005429677e-03
1.427999999999999936e+00,7.250385390005429677e-03
1.428140199999999860e+00,7.250385390005429677e-03
1.428280399999999783e+00,7.250385390005429677e-03
1.428420599999999707e+00,7.250385390005429677e-03
1.428560799999999631e+00,7.250385390005429677e-03
1.428700999999999555e+00,7.250385390005429677e-03
1.428841199999999478e+00,7.250385390005429677e-03
1.428981399999999402e+00,7.250385390005429677e-03
1.429121599999999326e+00,7.250385390005429677e-03
1.429261799999999250e+00,7.250385390005429677e-03
1.429401999999999173e+00,7.250385390005429677e-03
1.429542199999999097e+00,7.250385390005429677e-03
1.429682399999999021e+00,7.250385390005429677e-03
1.429822599999998944e+00,7.250385390005429677e-03
1.429962799999998868e+00,7.250385390005429677e-03
1.430010000000000003e+00,7.250385390005429677e-03
1.430150199999999927e+00,7.250385390005429677e-03
1.430290399999999851e+00,7.250385390005429677e-03
1.430430599999999774e+00,7.250385390005429677e-03
1.430570799999999698e+00,7.250385390005429677e-03
1.430710999999999622e+00,7.250385390005429677e-03
1.430851199999999546e+00,7.250385390005429677e-03
1.430991399999999469e+00,7.250385390005429677e-03
1.431131599999999393e+00,7.250385390005429677e-03
1.431271799999999317e+00,7.250385390005429677e-03
1.431411999999999241e+00,7.250385390005429677e-03
1.431552199999999164e+00,7.250385390005429677e-03
1.431692399999999088e+00,7.250385390005429677e-03
1.431832599999999012e+00,7.250385390005429677e-03
1.431972799999998935e+00,7.250385390005429677e-03
1.432020000000000071e+00,7.250385390005429677e-03
1.432160400000000111e+00,7.250385390005429677e-03
1.432300800000000152e+00,7.250385390005429677e-03
1.432441200000000192e+00,7.250385390005429677e-03
1.432581600000000233e+00,7.250385390005429677e-03
1.432722000000000273e+00,7.250385390005429677e-03
1.432862400000000314e+00,7.250385390005429677e-03
1.433002800000000354e+00,7.250385390005429677e-03
1.433143200000000395e+00,7.250385390005429677e-03
1.433283600000000435e+00,7.250385390005429677e-03
1.433424000000000476e+00,7.250385390005429677e-03
1.433564400000000516e+00,7.250385390005429677e-03
1.433704800000000557e+00,7.250385390005429677e-03
1.433845200000000597e+00,7.250385390005429677e-03
1.433985600000000638e+00,7.250385390005429677e-03
1.434039999999999981e+00,7.250385390005429677e-03
1.434179000000000093e+00,7.250385390005429677e-03
1.434318000000000204e+00,7.250385390005429677e-03
1.434457000000000315e+00,7.250385390005429677e-03
1.434596000000000426e+00,7.250385390005429677e-03
1.434735000000000538e+00,7.250385390005429677e-03
1.434874000000000649e+00,7.250385390005429677e-03
1.435013000000000760e+00,7.250385390005429677e-03
1.435152000000000871e+00,7.250385390005429677e-03
1.435291000000000983e+00,7.250385390005429677e-03
1.435430000000001094e+00,7.250385390005429677e-03
1.435569000000001205e+00,7.250385390005429677e-03
1.435708000000001316e+00,7.250385390005429677e-03
1.435847000000001428e+00,7.250385390005429677e-03
1.435986000000001539e+00,7.250385390005429677e-03
1.435990000000000100e+00,7.250385390005429677e-03
1.436130400000000140e+00,7.250385390005429677e-03
1.436270800000000181e+00,7.250385390005429677e-03
1.436411200000000221e+00,7.250385390005429677e-03
1.436551600000000262e+00,7.250385390005429677e-03
1.436692000000000302e+00,7.250385390005429677e-03
1.436832400000000343e+00,7.250385390005429677e-03
1.436972800000000383e+00,7.250385390005429677e-03
1.437113200000000424e+00,7.250385390005429677e-03
1.437253600000000464e+00,7.250385390005429677e-03
1.437394000000000505e+00,7.250385390005429677e-03
1.437534400000000545e+00,7.250385390005429677e-03
1.437674800000000586e+00,7.250385390005429677e-03
1.437815200000000626e+00,7.250385390005429677e-03
1.437955600000000667e+00,7.250385390005429677e-03
1.438010000000000010e+00,7.250385390005429677e-03
1.438150199999999934e+00,7.250385390005429677e-03
1.438290399999999858e+00,7.250385390005429677e-03
1.438430599999999782e+00,7.250385390005429677e-03
1.438570799999999705e+00,7.250385390005429677e-03
1.438710999999999629e+00,7.250385390005429677e-03
1.438851199999999553e+00,7.250385390005429677e-03
1.438991399999999476e+00,7.250385390005429677e-03
1.439131599999999400e+00,7.250385390005429677e-03
1.439271799999999324e+00,7.250385390005429677e-03
1.439411999999999248e+00,7.250385390005429677e-03
1.439552199999999171e+00,7.250385390005429677e-03
1.439692399999999095e+00,7.250385390005429677e-03
1.439832599999999019e+00,7.250385390005429677e-03
1.439972799999998943e+00,7.250385390005429677e-03
1.440020000000000078e+00,7.250385390005429677e-03
1.440160200000000001e+00,7.250385390005429677e-03
1.440300399999999925e+00,7.250385390005429677e-03
1.440440599999999849e+00,7.250385390005429677e-03
1.440580799999999773e+00,7.250385390005429677e-03
1.440720999999999696e+00,7.250385390005429677e-03
1.440861199999999620e+00,7.250385390005429677e-03
1.441001399999999544e+00,7.250385390005429677e-03
1.441141599999999467e+00,7.250385390005429677e-03
1.441281799999999391e+00,7.250385390005429677e-03
1.441421999999999315e+00,7.250385390005429677e-03
1.441562199999999239e+00,7.250385390005429677e-03
1.441702399999999162e+00,7.250385390005429677e-03
1.441842599999999086e+00,7.250385390005429677e-03
1.441982799999999010e+00,7.250385390005429677e-03
1.442029999999999923e+00,7.250385390005429677e-03
1.442169199999999929e+00,7.250385390005429677e-03
1.442308399999999935e+00,7.250385390005429677e-03
1.442447599999999941e+00,7.250385390005429677e-03
1.442586799999999947e+00,7.250385390005429677e-03
1.442725999999999953e+00,7.250385390005429677e-03
1.442865199999999959e+00,7.250385390005429677e-03
1.443004399999999965e+00,7.250385390005429677e-03
1.443143599999999971e+00,7.250385390005429677e-03
1.443282799999999977e+00,7.250385390005429677e-03
1.443421999999999983e+00,7.250385390005429677e-03
1.443561199999999989e+00,7.250385390005429677e-03
1.443700399999999995e+00,7.250385390005429677e-03
1.443839600000000001e+00,7.250385390005429677e-03
1.443978800000000007e+00,7.250385390005429677e-03
1.443990000000000107e+00,7.250385390005429677e-03
1.444130200000000031e+00,7.250385390005429677e-03
1.444270399999999954e+00,7.250385390005429677e-03
1.444410599999999878e+00,7.250385390005429677e-03
1.444550799999999802e+00,7.250385390005429677e-03
1.444690999999999725e+00,7.250385390005429677e-03
1.444831199999999649e+00,7.250385390005429677e-03
1.444971399999999573e+00,7.250385390005429677e-03
1.445111599999999497e+00,7.250385390005429677e-03
1.445251799999999420e+00,7.250385390005429677e-03
1.445391999999999344e+00,7.250385390005429677e-03
1.445532199999999268e+00,7.250385390005429677e-03
1.445672399999999191e+00,7.250385390005429677e-03
1.445812599999999115e+00,7.250385390005429677e-03
1.445952799999999039e+00,7.250385390005429677e-03
1.445999999999999952e+00,7.250385390005429677e-03
1.446140199999999876e+00,7.250385390005429677e-03
1.446280399999999799e+00,7.250385390005429677e-03
1.446420599999999723e+00,7.250385390005429677e-03
1.446560799999999647e+00,7.250385390005429677e-03
1.446700999999999571e+00,7.250385390005429677e-03
1.446841199999999494e+00,7.250385390005429677e-03
1.446981399999999418e+00,7.250385390005429677e-03
1.447121599999999342e+00,7.250385390005429677e-03
1.447261799999999266e+00,7.250385390005429677e-03
1.447401999999999189e+00,7.250385390005429677e-03
1.447542199999999113e+00,7.250385390005429677e-03
1.447682399999999037e+00,7.250385390005429677e-03
1.447822599999998960e+00,7.250385390005429677e-03
1.447962799999998884e+00,7.250385390005429677e-03
1.448010000000000019e+00,7.250385390005429677e-03
1.448150400000000060e+00,7.250385390005429677e-03
1.448290800000000100e+00,7.250385390005429677e-03
1.448431200000000141e+00,7.250385390005429677e-03
1.448571600000000181e+00,7.250385390005429677e-03
1.448712000000000222e+00,7.250385390005429677e-03
1.448852400000000262e+00,7.250385390005429677e-03
1.448992800000000303e+00,7.250385390005429677e-03
1.449133200000000343e+00,7.250385390005429677e-03
1.449273600000000384e+00,7.250385390005429677e-03
1.449414000000000424e+00,7.250385390005429677e-03
1.449554400000000465e+00,7.250385390005429677e-03
1.449694800000000505e+00,7.250385390005429677e-03
1.449835200000000546e+00,7.250385390005429677e-03
1.449975600000000586e+00,7.250385390005429677e-03
1.450029999999999930e+00,7.250385390005429677e-03
1.450170199999999854e+00,7.250385390005429677e-03
1.450310399999999778e+00,7.250385390005429677e-03
1.450450599999999701e+00,7.250385390005429677e-03
1.450590799999999625e+00,7.250385390005429677e-03
1.450730999999999549e+00,7.250385390005429677e-03
1.450871199999999472e+00,7.250385390005429677e-03
1.451011399999999396e+00,7.250385390005429677e-03
1.451151599999999320e+00,7.250385390005429677e-03
1.451291799999999244e+00,7.250385390005429677e-03
1.451431999999999167e+00,7.250385390005429677e-03
1.451572199999999091e+00,7.250385390005429677e-03
1.451712399999999015e+00,7.250385390005429677e-03
1.451852599999998938e+00,7.250385390005429677e-03
1.451992799999998862e+00,7.250385390005429677e-03
1.452039999999999997e+00,7.250385390005429677e-03
1.452179200000000003e+00,7.250385390005429677e-03
1.452318400000000009e+00,7.250385390005429677e-03
1.452457600000000015e+00,7.250385390005429677e-03
1.452596800000000021e+00,7.250385390005429677e-03
1.452736000000000027e+00,7.250385390005429677e-03
1.452875200000000033e+00,7.250385390005429677e-03
1.453014400000000039e+00,7.250385390005429677e-03
1.453153600000000045e+00,7.250385390005429677e-03
1.453292800000000051e+00,7.250385390005429677e-03
1.453432000000000057e+00,7.250385390005429677e-03
1.453571200000000063e+00,7.250385390005429677e-03
1.453710400000000069e+00,7.250385390005429677e-03
1.453849600000000075e+00,7.250385390005429677e-03
1.453988800000000081e+00,7.250385390005429677e-03
1.453999999999999959e+00,7.250385390005429677e-03
1.454140199999999883e+00,7.250385390005429677e-03
1.454280399999999807e+00,7.250385390005429677e-03
1.454420599999999730e+00,7.250385390005429677e-03
1.454560799999999654e+00,7.250385390005429677e-03
1.454700999999999578e+00,7.250385390005429677e-03
1.454841199999999501e+00,7.250385390005429677e-03
1.454981399999999425e+00,7.250385390005429677e-03
1.455121599999999349e+00,7.250385390005429677e-03
1.455261799999999273e+00,7.250385390005429677e-03
1.455401999999999196e+00,7.250385390005429677e-03
1.455542199999999120e+00,7.250385390005429677e-03
1.455682399999999044e+00,7.250385390005429677e-03
1.455822599999998967e+00,7.250385390005429677e-03
1.455962799999998891e+00,7.250385390005429677e-03
1.456010000000000026e+00,7.250385390005429677e-03
1.456150199999999950e+00,7.250385390005429677e-03
1.456290399999999874e+00,7.250385390005429677e-03
1.456430599999999798e+00,7.250385390005429677e-03
1.456570799999999721e+00,7.250385390005429677e-03
1.456710999999999645e+00,7.250385390005429677e-03
1.456851199999999569e+00,7.250385390005429677e-03
1.456991399999999492e+00,7.250385390005429677e-03
1.457131599999999416e+00,7.250385390005429677e-03
1.457271799999999340e+00,7.250385390005429677e-03
1.457411999999999264e+00,7.250385390005429677e-03
1.457552199999999187e+00,7.250385390005429677e-03
1.457692399999999111e+00,7.250385390005429677e-03
1.457832599999999035e+00,7.250385390005429677e-03
1.457972799999998958e+00,7.250385390005429677e-03
1.458020000000000094e+00,7.250385390005429677e-03
1.458160400000000134e+00,7.250385390005429677e-03
1.458300800000000175e+00,7.250385390005429677e-03
1.458441200000000215e+00,7.250385390005429677e-03
1.458581600000000256e+00,7.250385390005429677e-03
1.458722000000000296e+00,7.250385390005429677e-03
1.458862400000000337e+00,7.250385390005429677e-03
1.459002800000000377e+00,7.250385390005429677e-03
1.459143200000000418e+00,7.250385390005429677e-03
1.459283600000000458e+00,7.250385390005429677e-03
1.459424000000000499e+00,7.250385390005429677e-03
1.459564400000000539e+00,7.250385390005429677e-03
1.459704800000000580e+00,7.250385390005429677e-03
1.459845200000000620e+00,7.250385390005429677e-03
1.459985600000000661e+00,7.250385390005429677e-03
1.460040000000000004e+00,7.250385390005429677e-03
1.460178999999999894e+00,7.250385390005429677e-03
1.460317999999999783e+00,7.250385390005429677e-03
1.460456999999999672e+00,7.250385390005429677e-03
1.460595999999999561e+00,7.250385390005429677e-03
1.460734999999999451e+00,7.250385390005429677e-03
1.460873999999999340e+00,7.250385390005429677e-03
1.461012999999999229e+00,7.250385390005429677e-03
1.461151999999999118e+00,7.250385390005429677e-03
1.461290999999999007e+00,7.250385390005429677e-03
1.461429999999998897e+00,7.250385390005429677e-03
1.461568999999998786e+00,7.250385390005429677e-03
1.461707999999998675e+00,7.250385390005429677e-03
1.461846999999998564e+00,7.250385390005429677e-03
1.461985999999998453e+00,7.250385390005429677e-03
1.461989999999999901e+00,7.250385390005429677e-03
1.462130399999999941e+00,7.250385390005429677e-03
1.462270799999999982e+00,7.250385390005429677e-03
1.462411200000000022e+00,7.250385390005429677e-03
1.462551600000000063e+00,7.250385390005429677e-03
1.462692000000000103e+00,7.250385390005429677e-03
1.462832400000000144e+00,7.250385390005429677e-03
1.462972800000000184e+00,7.250385390005429677e-03
1.463113200000000225e+00,7.250385390005429677e-03
1.463253600000000265e+00,7.250385390005429677e-03
1.463394000000000306e+00,7.250385390005429677e-03
1.463534400000000346e+00,7.250385390005429677e-03
1.463674800000000387e+00,7.250385390005429677e-03
1.463815200000000427e+00,7.250385390005429677e-03
1.463955600000000468e+00,7.250385390005429677e-03
1.464010000000000034e+00,7.250385390005429677e-03
1.464150199999999957e+00,7.250385390005429677e-03
1.464290399999999881e+00,7.250385390005429677e-03
1.464430599999999805e+00,7.250385390005429677e-03
1.464570799999999728e+00,7.250385390005429677e-03
1.464710999999999652e+00,7.250385390005429677e-03
1.464851199999999576e+00,7.250385390005429677e-03
1.464991399999999500e+00,7.250385390005429677e-03
1.465131599999999423e+00,7.250385390005429677e-03
1.465271799999999347e+00,7.250385390005429677e-03
1.465411999999999271e+00,7.250385390005429677e-03
1.465552199999999194e+00,7.250385390005429677e-03
1.465692399999999118e+00,7.250385390005429677e-03
1.465832599999999042e+00,7.250385390005429677e-03
1.465972799999998966e+00,7.250385390005429677e-03
1.466020000000000101e+00,7.250385390005429677e-03
1.466160200000000025e+00,7.250385390005429677e-03
1.466300399999999948e+00,7.250385390005429677e-03
1.466440599999999872e+00,7.250385390005429677e-03
1.466580799999999796e+00,7.250385390005429677e-03
1.466720999999999719e+00,7.250385390005429677e-03
1.466861199999999643e+00,7.250385390005429677e-03
1.467001399999999567e+00,7.250385390005429677e-03
1.467141599999999491e+00,7.250385390005429677e-03
1.467281799999999414e+00,7.250385390005429677e-03
1.467421999999999338e+00,7.250385390005429677e-03
1.467562199999999262e+00,7.250385390005429677e-03
1.467702399999999185e+00,7.250385390005429677e-03
1.467842599999999109e+00,7.250385390005429677e-03
1.467982799999999033e+00,7.250385390005429677e-03
1.468029999999999946e+00,7.250385390005429677e-03
1.468169199999999952e+00,7.250385390005429677e-03
1.468308399999999958e+00,7.250385390005429677e-03
1.468447599999999964e+00,7.250385390005429677e-03
1.468586799999999970e+00,7.250385390005429677e-03
1.468725999999999976e+00,7.250385390005429677e-03
1.468865199999999982e+00,7.250385390005429677e-03
1.469004399999999988e+00,7.250385390005429677e-03
1.469143599999999994e+00,7.250385390005429677e-03
1.469282800000000000e+00,7.250385390005429677e-03
1.469422000000000006e+00,7.250385390005429677e-03
1.469561200000000012e+00,7.250385390005429677e-03
1.469700400000000018e+00,7.250385390005429677e-03
1.469839600000000024e+00,7.250385390005429677e-03
1.469978800000000030e+00,7.250385390005429677e-03
1.469989999999999908e+00,7.250385390005429677e-03
1.470130199999999832e+00,7.250385390005429677e-03
1.470270399999999755e+00,7.250385390005429677e-03
1.470410599999999679e+00,7.250385390005429677e-03
1.470550799999999603e+00,7.250385390005429677e-03
1.470690999999999526e+00,7.250385390005429677e-03
1.470831199999999450e+00,7.250385390005429677e-03
1.470971399999999374e+00,7.250385390005429677e-03
1.471111599999999298e+00,7.250385390005429677e-03
1.471251799999999221e+00,7.250385390005429677e-03
1.471391999999999145e+00,7.250385390005429677e-03
1.471532199999999069e+00,7.250385390005429677e-03
1.471672399999998992e+00,7.250385390005429677e-03
1.471812599999998916e+00,7.250385390005429677e-03
1.471952799999998840e+00,7.250385390005429677e-03
1.471999999999999975e+00,7.250385390005429677e-03
1.472140400000000016e+00,7.250385390005429677e-03
1.472280800000000056e+00,7.250385390005429677e-03
1.472421200000000097e+00,7.250385390005429677e-03
1.472561600000000137e+00,7.250385390005429677e-03
1.472702000000000178e+00,7.250385390005429677e-03
1.472842400000000218e+00,7.250385390005429677e-03
1.472982800000000259e+00,7.250385390005429677e-03
1.473123200000000299e+00,7.250385390005429677e-03
1.473263600000000340e+00,7.250385390005429677e-03
1.473404000000000380e+00,7.250385390005429677e-03
1.473544400000000421e+00,7.250385390005429677e-03
1.473684800000000461e+00,7.250385390005429677e-03
1.473825200000000502e+00,7.250385390005429677e-03
1.473965600000000542e+00,7.250385390005429677e-03
1.474020000000000108e+00,7.250385390005429677e-03
1.474160200000000032e+00,7.250385390005429677e-03
1.474300399999999955e+00,7.250385390005429677e-03
1.474440599999999879e+00,7.250385390005429677e-03
1.474580799999999803e+00,7.250385390005429677e-03
1.474720999999999727e+00,7.250385390005429677e-03
1.474861199999999650e+00,7.250385390005429677e-03
1.475001399999999574e+00,7.250385390005429677e-03
1.475141599999999498e+00,7.250385390005429677e-03
1.475281799999999421e+00,7.250385390005429677e-03
1.475421999999999345e+00,7.250385390005429677e-03
1.475562199999999269e+00,7.250385390005429677e-03
1.475702399999999193e+00,7.250385390005429677e-03
1.475842599999999116e+00,7.250385390005429677e-03
1.475982799999999040e+00,7.250385390005429677e-03
1.476029999999999953e+00,7.250385390005429677e-03
1.476170199999999877e+00,7.250385390005429677e-03
1.476310399999999801e+00,7.250385390005429677e-03
1.476450599999999724e+00,7.250385390005429677e-03
1.476590799999999648e+00,7.250385390005429677e-03
1.476730999999999572e+00,7.250385390005429677e-03
1.476871199999999495e+00,7.250385390005429677e-03
1.477011399999999419e+00,7.250385390005429677e-03
1.477151599999999343e+00,7.250385390005429677e-03
1.477291799999999267e+00,7.250385390005429677e-03
1.477431999999999190e+00,7.250385390005429677e-03
1.477572199999999114e+00,7.250385390005429677e-03
1.477712399999999038e+00,7.250385390005429677e-03
1.477852599999998962e+00,7.250385390005429677e-03
1.477992799999998885e+00,7.250385390005429677e-03
1.478040000000000020e+00,7.250385390005429677e-03
1.478179200000000026e+00,7.250385390005429677e-03
1.478318400000000032e+00,7.250385390005429677e-03
1.478457600000000038e+00,7.250385390005429677e-03
1.478596800000000044e+00,7.250385390005429677e-03
1.478736000000000050e+00,7.250385390005429677e-03
1.478875200000000056e+00,7.250385390005429677e-03
1.479014400000000062e+00,7.250385390005429677e-03
1.479153600000000068e+00,7.250385390005429677e-03
1.479292800000000074e+00,7.250385390005429677e-03
1.479432000000000080e+00,7.250385390005429677e-03
1.479571200000000086e+00,7.250385390005429677e-03
1.479710400000000092e+00,7.250385390005429677e-03
1.479849600000000098e+00,7.250385390005429677e-03
1.479988800000000104e+00,7.250385390005429677e-03
1.479999999999999982e+00,7.250385390005429677e-03
1.480140199999999906e+00,7.250385390005429677e-03
1.480280399999999830e+00,7.250385390005429677e-03
1.480420599999999753e+00,7.250385390005429677e-03
1.480560799999999677e+00,7.250385390005429677e-03
1.480700999999999601e+00,7.250385390005429677e-03
1.480841199999999525e+00,7.250385390005429677e-03
1.480981399999999448e+00,7.250385390005429677e-03
1.481121599999999372e+00,7.250385390005429677e-03
1.481261799999999296e+00,7.250385390005429677e-03
1.481401999999999219e+00,7.250385390005429677e-03
1.481542199999999143e+00,7.250385390005429677e-03
1.481682399999999067e+00,7.250385390005429677e-03
1.481822599999998991e+00,7.250385390005429677e-03
1.481962799999998914e+00,7.250385390005429677e-03
1.482010000000000050e+00,7.250385390005429677e-03
1.482150400000000090e+00,7.250385390005429677e-03
1.482290800000000131e+00,7.250385390005429677e-03
1.482431200000000171e+00,7.250385390005429677e-03
1.482571600000000211e+00,7.250385390005429677e-03
1.482712000000000252e+00,7.250385390005429677e-03
1.482852400000000292e+00,7.250385390005429677e-03
1.482992800000000333e+00,7.250385390005429677e-03
1.483133200000000373e+00,7.250385390005429677e-03
1.483273600000000414e+00,7.250385390005429677e-03
1.483414000000000454e+00,7.250385390005429677e-03
1.483554400000000495e+00,7.250385390005429677e-03
1.483694800000000535e+00,7.250385390005429677e-03
1.483835200000000576e+00,7.250385390005429677e-03
1.483975600000000616e+00,7.250385390005429677e-03
1.484029999999999960e+00,7.250385390005429677e-03
1.484170199999999884e+00,7.250385390005429677e-03
1.484310399999999808e+00,7.250385390005429677e-03
1.484450599999999731e+00,7.250385390005429677e-03
1.484590799999999655e+00,7.250385390005429677e-03
1.484730999999999579e+00,7.250385390005429677e-03
1.484871199999999503e+00,7.250385390005429677e-03
1.485011399999999426e+00,7.250385390005429677e-03
1.485151599999999350e+00,7.250385390005429677e-03
1.485291799999999274e+00,7.250385390005429677e-03
1.485431999999999197e+00,7.250385390005429677e-03
1.485572199999999121e+00,7.250385390005429677e-03
1.485712399999999045e+00,7.250385390005429677e-03
1.485852599999998969e+00,7.250385390005429677e-03
1.485992799999998892e+00,7.250385390005429677e-03
1.486040000000000028e+00,7.250385390005429677e-03
1.486178999999999917e+00,7.250385390005429677e-03
1.486317999999999806e+00,7.250385390005429677e-03
1.486456999999999695e+00,7.250385390005429677e-03
1.486595999999999584e+00,7.250385390005429677e-03
1.486734999999999474e+00,7.250385390005429677e-03
1.486873999999999363e+00,7.250385390005429677e-03
1.487012999999999252e+00,7.250385390005429677e-03
1.487151999999999141e+00,7.250385390005429677e-03
1.487290999999999030e+00,7.250385390005429677e-03
1.487429999999998920e+00,7.250385390005429677e-03
1.487568999999998809e+00,7.250385390005429677e-03
1.487707999999998698e+00,7.250385390005429677e-03
1.487846999999998587e+00,7.250385390005429677e-03
1.487985999999998477e+00,7.250385390005429677e-03
1.487989999999999924e+00,7.250385390005429677e-03
1.488130399999999964e+00,7.250385390005429677e-03
1.488270800000000005e+00,7.250385390005429677e-03
1.488411200000000045e+00,7.250385390005429677e-03
1.488551600000000086e+00,7.250385390005429677e-03
1.488692000000000126e+00,7.250385390005429677e-03
1.488832400000000167e+00,7.250385390005429677e-03
1.488972800000000207e+00,7.250385390005429677e-03
1.489113200000000248e+00,7.250385390005429677e-03
1.489253600000000288e+00,7.250385390005429677e-03
1.489394000000000329e+00,7.250385390005429677e-03
1.489534400000000369e+00,7.250385390005429677e-03
1.489674800000000410e+00,7.250385390005429677e-03
1.489815200000000450e+00,7.250385390005429677e-03
1.489955600000000491e+00,7.250385390005429677e-03
1.490010000000000057e+00,7.250385390005429677e-03
1.490150199999999980e+00,7.250385390005429677e-03
1.490290399999999904e+00,7.250385390005429677e-03
1.490430599999999828e+00,7.250385390005429677e-03
1.490570799999999752e+00,7.250385390005429677e-03
1.490710999999999675e+00,7.250385390005429677e-03
1.490851199999999599e+00,7.250385390005429677e-03
1.490991399999999523e+00,7.250385390005429677e-03
1.491131599999999446e+00,7.250385390005429677e-03
1.491271799999999370e+00,7.250385390005429677e-03
1.491411999999999294e+00,7.250385390005429677e-03
1.491552199999999218e+00,7.250385390005429677e-03
1.491692399999999141e+00,7.250385390005429677e-03
1.491832599999999065e+00,7.250385390005429677e-03
1.491972799999998989e+00,7.250385390005429677e-03
1.492019999999999902e+00,7.250385390005429677e-03
1.492160399999999942e+00,7.250385390005429677e-03
1.492300799999999983e+00,7.250385390005429677e-03
1.492441200000000023e+00,7.250385390005429677e-03
1.492581600000000064e+00,7.250385390005429677e-03
1.492722000000000104e+00,7.250385390005429677e-03
1.492862400000000145e+00,7.250385390005429677e-03
1.493002800000000185e+00,7.250385390005429677e-03
1.493143200000000226e+00,7.250385390005429677e-03
1.493283600000000266e+00,7.250385390005429677e-03
1.493424000000000307e+00,7.250385390005429677e-03
1.493564400000000347e+00,7.250385390005429677e-03
1.493704800000000388e+00,7.250385390005429677e-03
1.493845200000000428e+00,7.250385390005429677e-03
1.493985600000000469e+00,7.250385390005429677e-03
1.494040000000000035e+00,7.250385390005429677e-03
1.494178999999999924e+00,7.250385390005429677e-03
1.494317999999999813e+00,7.250385390005429677e-03
1.494456999999999702e+00,7.250385390005429677e-03
1.494595999999999592e+00,7.250385390005429677e-03
1.494734999999999481e+00,7.250385390005429677e-03
1.494873999999999370e+00,7.250385390005429677e-03
1.495012999999999259e+00,7.250385390005429677e-03
1.495151999999999148e+00,7.250385390005429677e-03
1.495290999999999038e+00,7.250385390005429677e-03
1.495429999999998927e+00,7.250385390005429677e-03
1.495568999999998816e+00,7.250385390005429677e-03
1.495707999999998705e+00,7.250385390005429677e-03
1.495846999999998594e+00,7.250385390005429677e-03
1.495985999999998484e+00,7.250385390005429677e-03
1.495989999999999931e+00,7.250385390005429677e-03
1.496130199999999855e+00,7.250385390005429677e-03
1.496270399999999778e+00,7.250385390005429677e-03
1.496410599999999702e+00,7.250385390005429677e-03
1.496550799999999626e+00,7.250385390005429677e-03
1.496690999999999550e+00,7.250385390005429677e-03
1.496831199999999473e+00,7.250385390005429677e-03
1.496971399999999397e+00,7.250385390005429677e-03
1.497111599999999321e+00,7.250385390005429677e-03
1.497251799999999244e+00,7.250385390005429677e-03
1.497391999999999168e+00,7.250385390005429677e-03
1.497532199999999092e+00,7.250385390005429677e-03
1.497672399999999016e+00,7.250385390005429677e-03
1.497812599999998939e+00,7.250385390005429677e-03
1.497952799999998863e+00,7.250385390005429677e-03
1.497999999999999998e+00,7.250385390005429677e-03
1.498140400000000039e+00,7.250385390005429677e-03
1.498280800000000079e+00,7.250385390005429677e-03
1.498421200000000120e+00,7.250385390005429677e-03
1.498561600000000160e+00,7.250385390005429677e-03
1.498702000000000201e+00,7.250385390005429677e-03
1.498842400000000241e+00,7.250385390005429677e-03
1.498982800000000282e+00,7.250385390005429677e-03
1.499123200000000322e+00,7.250385390005429677e-03
1.499263600000000363e+00,7.250385390005429677e-03
1.499404000000000403e+00,7.250385390005429677e-03
1.499544400000000444e+00,7.250385390005429677e-03
1.499684800000000484e+00,7.250385390005429677e-03
1.499825200000000525e+00,7.250385390005429677e-03
1.499965600000000565e+00,7.250385390005429677e-03
1.500019999999999909e+00,7.250385390005429677e-03
1.500160199999999833e+00,7.250385390005429677e-03
1.500300399999999756e+00,7.250385390005429677e-03
1.500440599999999680e+00,7.250385390005429677e-03
1.500580799999999604e+00,7.250385390005429677e-03
1.500720999999999528e+00,7.250385390005429677e-03
1.500861199999999451e+00,7.250385390005429677e-03
1.501001399999999375e+00,7.250385390005429677e-03
1.501141599999999299e+00,7.250385390005429677e-03
1.501281799999999222e+00,7.250385390005429677e-03
1.501421999999999146e+00,7.250385390005429677e-03
1.501562199999999070e+00,7.250385390005429677e-03
1.501702399999998994e+00,7.250385390005429677e-03
1.501842599999998917e+00,7.250385390005429677e-03
1.501982799999998841e+00,7.250385390005429677e-03
1.502029999999999976e+00,7.250385390005429677e-03
1.502170400000000017e+00,7.250385390005429677e-03
1.502310800000000057e+00,7.250385390005429677e-03
1.502451200000000098e+00,7.250385390005429677e-03
1.502591600000000138e+00,7.250385390005429677e-03
1.502732000000000179e+00,7.250385390005429677e-03
1.502872400000000219e+00,7.250385390005429677e-03
1.503012800000000260e+00,7.250385390005429677e-03
1.503153200000000300e+00,7.250385390005429677e-03
1.503293600000000341e+00,7.250385390005429677e-03
1.503434000000000381e+00,7.250385390005429677e-03
1.503574400000000422e+00,7.250385390005429677e-03
1.503714800000000462e+00,7.250385390005429677e-03
1.503855200000000503e+00,7.250385390005429677e-03
1.503995600000000543e+00,7.250385390005429677e-03
1.504050000000000109e+00,7.250385390005429677e-03
1.504188999999999998e+00,7.250385390005429677e-03
1.504327999999999887e+00,7.250385390005429677e-03
1.504466999999999777e+00,7.250385390005429677e-03
1.504605999999999666e+00,7.250385390005429677e-03
1.504744999999999555e+00,7.250385390005429677e-03
1.504883999999999444e+00,7.250385390005429677e-03
1.505022999999999334e+00,7.250385390005429677e-03
1.505161999999999223e+00,7.250385390005429677e-03
1.505300999999999112e+00,7.250385390005429677e-03
1.505439999999999001e+00,7.250385390005429677e-03
1.505578999999998890e+00,7.250385390005429677e-03
1.505717999999998780e+00,7.250385390005429677e-03
1.505856999999998669e+00,7.250385390005429677e-03
1.505995999999998558e+00,7.250385390005429677e-03
1.506000000000000005e+00,7.250385390005429677e-03
1.506140199999999929e+00,7.250385390005429677e-03
1.506280399999999853e+00,7.250385390005429677e-03
1.506420599999999776e+00,7.250385390005429677e-03
1.506560799999999700e+00,7.250385390005429677e-03
1.506700999999999624e+00,7.250385390005429677e-03
1.506841199999999548e+00,7.250385390005429677e-03
1.506981399999999471e+00,7.250385390005429677e-03
1.507121599999999395e+00,7.250385390005429677e-03
1.507261799999999319e+00,7.250385390005429677e-03
1.507401999999999243e+00,7.250385390005429677e-03
1.507542199999999166e+00,7.250385390005429677e-03
1.507682399999999090e+00,7.250385390005429677e-03
1.507822599999999014e+00,7.250385390005429677e-03
1.507962799999998937e+00,7.250385390005429677e-03
1.508010000000000073e+00,7.250385390005429677e-03
1.508150400000000113e+00,7.250385390005429677e-03
1.508290800000000154e+00,7.250385390005429677e-03
1.508431200000000194e+00,7.250385390005429677e-03
1.508571600000000235e+00,7.250385390005429677e-03
1.508712000000000275e+00,7.250385390005429677e-03
1.508852400000000316e+00,7.250385390005429677e-03
1.508992800000000356e+00,7.250385390005429677e-03
1.509133200000000397e+00,7.250385390005429677e-03
1.509273600000000437e+00,7.250385390005429677e-03
1.509414000000000478e+00,7.250385390005429677e-03
1.509554400000000518e+00,7.250385390005429677e-03
1.509694800000000559e+00,7.250385390005429677e-03
1.509835200000000599e+00,7.250385390005429677e-03
1.509975600000000640e+00,7.250385390005429677e-03
1.510029999999999983e+00,7.250385390005429677e-03
1.510170199999999907e+00,7.250385390005429677e-03
1.510310399999999831e+00,7.250385390005429677e-03
1.510450599999999755e+00,7.250385390005429677e-03
1.510590799999999678e+00,7.250385390005429677e-03
1.510730999999999602e+00,7.250385390005429677e-03
1.510871199999999526e+00,7.250385390005429677e-03
1.511011399999999449e+00,7.250385390005429677e-03
1.511151599999999373e+00,7.250385390005429677e-03
1.511291799999999297e+00,7.250385390005429677e-03
1.511431999999999221e+00,7.250385390005429677e-03
1.511572199999999144e+00,7.250385390005429677e-03
1.511712399999999068e+00,7.250385390005429677e-03
1.511852599999998992e+00,7.250385390005429677e-03
1.511992799999998915e+00,7.250385390005429677e-03
1.512040000000000051e+00,7.250385390005429677e-03
1.512178999999999940e+00,7.250385390005429677e-03
1.512317999999999829e+00,7.250385390005429677e-03
1.512456999999999718e+00,7.250385390005429677e-03
1.512595999999999608e+00,7.250385390005429677e-03
1.512734999999999497e+00,7.250385390005429677e-03
1.512873999999999386e+00,7.250385390005429677e-03
1.513012999999999275e+00,7.250385390005429677e-03
1.513151999999999164e+00,7.250385390005429677e-03
1.513290999999999054e+00,7.250385390005429677e-03
1.513429999999998943e+00,7.250385390005429677e-03
1.513568999999998832e+00,7.250385390005429677e-03
1.513707999999998721e+00,7.250385390005429677e-03
1.513846999999998610e+00,7.250385390005429677e-03
1.513985999999998500e+00,7.250385390005429677e-03
1.513989999999999947e+00,7.250385390005429677e-03
1.514130399999999987e+00,7.250385390005429677e-03
1.514270800000000028e+00,7.250385390005429677e-03
1.514411200000000068e+00,7.250385390005429677e-03
1.514551600000000109e+00,7.250385390005429677e-03
1.514692000000000149e+00,7.250385390005429677e-03
1.514832400000000190e+00,7.250385390005429677e-03
1.514972800000000230e+00,7.250385390005429677e-03
1.515113200000000271e+00,7.250385390005429677e-03
1.515253600000000311e+00,7.250385390005429677e-03
1.515394000000000352e+00,7.250385390005429677e-03
1.515534400000000392e+00,7.250385390005429677e-03
1.515674800000000433e+00,7.250385390005429677e-03
1.515815200000000473e+00,7.250385390005429677e-03
1.515955600000000514e+00,7.250385390005429677e-03
1.516010000000000080e+00,7.250385390005429677e-03
1.516150200000000003e+00,7.250385390005429677e-03
1.516290399999999927e+00,7.250385390005429677e-03
1.516430599999999851e+00,7.250385390005429677e-03
1.516570799999999775e+00,7.250385390005429677e-03
1.516710999999999698e+00,7.250385390005429677e-03
1.516851199999999622e+00,7.250385390005429677e-03
1.516991399999999546e+00,7.250385390005429677e-03
1.517131599999999469e+00,7.250385390005429677e-03
1.517271799999999393e+00,7.250385390005429677e-03
1.517411999999999317e+00,7.250385390005429677e-03
1.517552199999999241e+00,7.250385390005429677e-03
1.517692399999999164e+00,7.250385390005429677e-03
1.517832599999999088e+00,7.250385390005429677e-03
1.517972799999999012e+00,7.250385390005429677e-03
1.518019999999999925e+00,7.250385390005429677e-03
1.518160399999999965e+00,7.250385390005429677e-03
1.518300800000000006e+00,7.250385390005429677e-03
1.518441200000000046e+00,7.250385390005429677e-03
1.518581600000000087e+00,7.250385390005429677e-03
1.518722000000000127e+00,7.250385390005429677e-03
1.518862400000000168e+00,7.250385390005429677e-03
1.519002800000000208e+00,7.250385390005429677e-03
1.519143200000000249e+00,7.250385390005429677e-03
1.519283600000000289e+00,7.250385390005429677e-03
1.519424000000000330e+00,7.250385390005429677e-03
1.519564400000000370e+00,7.250385390005429677e-03
1.519704800000000411e+00,7.250385390005429677e-03
1.519845200000000451e+00,7.250385390005429677e-03
1.519985600000000492e+00,7.250385390005429677e-03
1.520040000000000058e+00,7.250385390005429677e-03
1.520178999999999947e+00,7.250385390005429677e-03
1.520317999999999836e+00,7.250385390005429677e-03
1.520456999999999725e+00,7.250385390005429677e-03
1.520595999999999615e+00,7.250385390005429677e-03
1.520734999999999504e+00,7.250385390005429677e-03
1.520873999999999393e+00,7.250385390005429677e-03
1.521012999999999282e+00,7.250385390005429677e-03
1.521151999999999171e+00,7.250385390005429677e-03
1.521290999999999061e+00,7.250385390005429677e-03
1.521429999999998950e+00,7.250385390005429677e-03
1.521568999999998839e+00,7.250385390005429677e-03
1.521707999999998728e+00,7.250385390005429677e-03
1.521846999999998618e+00,7.250385390005429677e-03
1.521985999999998507e+00,7.250385390005429677e-03
1.521989999999999954e+00,7.250385390005429677e-03
1.522130199999999878e+00,7.250385390005429677e-03
1.522270399999999801e+00,7.250385390005429677e-03
1.522410599999999725e+00,7.250385390005429677e-03
1.522550799999999649e+00,7.250385390005429677e-03
1.522690999999999573e+00,7.250385390005429677e-03
1.522831199999999496e+00,7.250385390005429677e-03
1.522971399999999420e+00,7.250385390005429677e-03
1.523111599999999344e+00,7.250385390005429677e-03
1.523251799999999267e+00,7.250385390005429677e-03
1.523391999999999191e+00,7.250385390005429677e-03
1.523532199999999115e+00,7.250385390005429677e-03
1.523672399999999039e+00,7.250385390005429677e-03
1.523812599999998962e+00,7.250385390005429677e-03
1.523952799999998886e+00,7.250385390005429677e-03
1.524000000000000021e+00,7.250385390005429677e-03
1.524140400000000062e+00,7.250385390005429677e-03
1.524280800000000102e+00,7.250385390005429677e-03
1.524421200000000143e+00,7.250385390005429677e-03
1.524561600000000183e+00,7.250385390005429677e-03
1.524702000000000224e+00,7.250385390005429677e-03
1.524842400000000264e+00,7.250385390005429677e-03
1.524982800000000305e+00,7.250385390005429677e-03
1.525123200000000345e+00,7.250385390005429677e-03
1.525263600000000386e+00,7.250385390005429677e-03
1.525404000000000426e+00,7.250385390005429677e-03
1.525544400000000467e+00,7.250385390005429677e-03
1.525684800000000507e+00,7.250385390005429677e-03
1.525825200000000548e+00,7.250385390005429677e-03
1.525965600000000588e+00,7.250385390005429677e-03
1.526019999999999932e+00,7.250385390005429677e-03
1.526160199999999856e+00,7.250385390005429677e-03
1.526300399999999780e+00,7.250385390005429677e-03
1.526440599999999703e+00,7.250385390005429677e-03
1.526580799999999627e+00,7.250385390005429677e-03
1.526720999999999551e+00,7.250385390005429677e-03
1.526861199999999474e+00,7.250385390005429677e-03
1.527001399999999398e+00,7.250385390005429677e-03
1.527141599999999322e+00,7.250385390005429677e-03
1.527281799999999246e+00,7.250385390005429677e-03
1.527421999999999169e+00,7.250385390005429677e-03
1.527562199999999093e+00,7.250385390005429677e-03
1.527702399999999017e+00,7.250385390005429677e-03
1.527842599999998940e+00,7.250385390005429677e-03
1.527982799999998864e+00,7.250385390005429677e-03
1.528029999999999999e+00,7.250385390005429677e-03
1.528170400000000040e+00,7.250385390005429677e-03
1.528310800000000080e+00,7.250385390005429677e-03
1.528451200000000121e+00,7.250385390005429677e-03
1.528591600000000161e+00,7.250385390005429677e-03
1.528732000000000202e+00,7.250385390005429677e-03
1.528872400000000242e+00,7.250385390005429677e-03
1.529012800000000283e+00,7.250385390005429677e-03
1.529153200000000323e+00,7.250385390005429677e-03
1.529293600000000364e+00,7.250385390005429677e-03
1.529434000000000404e+00,7.250385390005429677e-03
1.529574400000000445e+00,7.250385390005429677e-03
1.529714800000000485e+00,7.250385390005429677e-03
1.529855200000000526e+00,7.250385390005429677e-03
1.529995600000000566e+00,7.250385390005429677e-03
1.530049999999999910e+00,7.250385390005429677e-03
1.530189000000000021e+00,7.250385390005429677e-03
1.530328000000000133e+00,7.250385390005429677e-03
1.530467000000000244e+00,7.250385390005429677e-03
1.530606000000000355e+00,7.250385390005429677e-03
1.530745000000000466e+00,7.250385390005429677e-03
1.530884000000000578e+00,7.250385390005429677e-03
1.531023000000000689e+00,7.250385390005429677e-03
1.531162000000000800e+00,7.250385390005429677e-03
1.531301000000000911e+00,7.250385390005429677e-03
1.531440000000001023e+00,7.250385390005429677e-03
1.531579000000001134e+00,7.250385390005429677e-03
1.531718000000001245e+00,7.250385390005429677e-03
1.531857000000001356e+00,7.250385390005429677e-03
1.531996000000001468e+00,7.250385390005429677e-03
1.532000000000000028e+00,7.250385390005429677e-03
1.532140199999999952e+00,7.250385390005429677e-03
1.532280399999999876e+00,7.250385390005429677e-03
1.532420599999999800e+00,7.250385390005429677e-03
1.532560799999999723e+00,7.250385390005429677e-03
1.532700999999999647e+00,7.250385390005429677e-03
1.532841199999999571e+00,7.250385390005429677e-03
1.532981399999999494e+00,7.250385390005429677e-03
1.533121599999999418e+00,7.250385390005429677e-03
1.533261799999999342e+00,7.250385390005429677e-03
1.533401999999999266e+00,7.250385390005429677e-03
1.533542199999999189e+00,7.250385390005429677e-03
1.533682399999999113e+00,7.250385390005429677e-03
1.533822599999999037e+00,7.250385390005429677e-03
1.533962799999998960e+00,7.250385390005429677e-03
1.534010000000000096e+00,7.250385390005429677e-03
1.534150400000000136e+00,7.250385390005429677e-03
1.534290800000000177e+00,7.250385390005429677e-03
1.534431200000000217e+00,7.250385390005429677e-03
1.534571600000000258e+00,7.250385390005429677e-03
1.534712000000000298e+00,7.250385390005429677e-03
1.534852400000000339e+00,7.250385390005429677e-03
1.534992800000000379e+00,7.250385390005429677e-03
1.535133200000000420e+00,7.250385390005429677e-03
1.535273600000000460e+00,7.250385390005429677e-03
1.535414000000000501e+00,7.250385390005429677e-03
1.535554400000000541e+00,7.250385390005429677e-03
1.535694800000000582e+00,7.250385390005429677e-03
1.535835200000000622e+00,7.250385390005429677e-03
1.535975600000000663e+00,7.250385390005429677e-03
1.536030000000000006e+00,7.250385390005429677e-03
1.536170199999999930e+00,7.250385390005429677e-03
1.536310399999999854e+00,7.250385390005429677e-03
1.536450599999999778e+00,7.250385390005429677e-03
1.536590799999999701e+00,7.250385390005429677e-03
1.536730999999999625e+00,7.250385390005429677e-03
1.536871199999999549e+00,7.250385390005429677e-03
1.537011399999999472e+00,7.250385390005429677e-03
1.537151599999999396e+00,7.250385390005429677e-03
1.537291799999999320e+00,7.250385390005429677e-03
1.537431999999999244e+00,7.250385390005429677e-03
1.537572199999999167e+00,7.250385390005429677e-03
1.537712399999999091e+00,7.250385390005429677e-03
1.537852599999999015e+00,7.250385390005429677e-03
1.537992799999998939e+00,7.250385390005429677e-03
1.538040000000000074e+00,7.250385390005429677e-03
1.538178999999999963e+00,7.250385390005429677e-03
1.538317999999999852e+00,7.250385390005429677e-03
1.538456999999999741e+00,7.250385390005429677e-03
1.538595999999999631e+00,7.250385390005429677e-03
1.538734999999999520e+00,7.250385390005429677e-03
1.538873999999999409e+00,7.250385390005429677e-03
1.539012999999999298e+00,7.250385390005429677e-03
1.539151999999999187e+00,7.250385390005429677e-03
1.539290999999999077e+00,7.250385390005429677e-03
1.539429999999998966e+00,7.250385390005429677e-03
1.539568999999998855e+00,7.250385390005429677e-03
1.539707999999998744e+00,7.250385390005429677e-03
1.539846999999998634e+00,7.250385390005429677e-03
1.539985999999998523e+00,7.250385390005429677e-03
1.539989999999999970e+00,7.250385390005429677e-03
1.540130400000000011e+00,7.250385390005429677e-03
1.540270800000000051e+00,7.250385390005429677e-03
1.540411200000000091e+00,7.250385390005429677e-03
1.540551600000000132e+00,7.250385390005429677e-03
1.540692000000000172e+00,7.250385390005429677e-03
1.540832400000000213e+00,7.250385390005429677e-03
1.540972800000000253e+00,7.250385390005429677e-03
1.541113200000000294e+00,7.250385390005429677e-03
1.541253600000000334e+00,7.250385390005429677e-03
1.541394000000000375e+00,7.250385390005429677e-03
1.541534400000000415e+00,7.250385390005429677e-03
1.541674800000000456e+00,7.250385390005429677e-03
1.541815200000000496e+00,7.250385390005429677e-03
1.541955600000000537e+00,7.250385390005429677e-03
1.542010000000000103e+00,7.250385390005429677e-03
1.542150200000000027e+00,7.250385390005429677e-03
1.542290399999999950e+00,7.250385390005429677e-03
1.542430599999999874e+00,7.250385390005429677e-03
1.542570799999999798e+00,7.250385390005429677e-03
1.542710999999999721e+00,7.250385390005429677e-03
1.542851199999999645e+00,7.250385390005429677e-03
1.542991399999999569e+00,7.250385390005429677e-03
1.543131599999999493e+00,7.250385390005429677e-03
1.543271799999999416e+00,7.250385390005429677e-03
1.543411999999999340e+00,7.250385390005429677e-03
1.543552199999999264e+00,7.250385390005429677e-03
1.543692399999999187e+00,7.250385390005429677e-03
1.543832599999999111e+00,7.250385390005429677e-03
1.543972799999999035e+00,7.250385390005429677e-03
1.544019999999999948e+00,7.250385390005429677e-03
1.544160399999999989e+00,7.250385390005429677e-03
1.544300800000000029e+00,7.250385390005429677e-03
1.544441200000000070e+00,7.250385390005429677e-03
1.544581600000000110e+00,7.250385390005429677e-03
1.544722000000000151e+00,7.250385390005429677e-03
1.544862400000000191e+00,7.250385390005429677e-03
1.545002800000000232e+00,7.250385390005429677e-03
1.545143200000000272e+00,7.250385390005429677e-03
1.545283600000000312e+00,7.250385390005429677e-03
1.545424000000000353e+00,7.250385390005429677e-03
1.545564400000000393e+00,7.250385390005429677e-03
1.545704800000000434e+00,7.250385390005429677e-03
1.545845200000000474e+00,7.250385390005429677e-03
1.545985600000000515e+00,7.250385390005429677e-03
1.546040000000000081e+00,7.250385390005429677e-03
1.546178999999999970e+00,7.250385390005429677e-03
1.546317999999999859e+00,7.250385390005429677e-03
1.546456999999999748e+00,7.250385390005429677e-03
1.546595999999999638e+00,7.250385390005429677e-03
1.546734999999999527e+00,7.250385390005429677e-03
1.546873999999999416e+00,7.250385390005429677e-03
1.547012999999999305e+00,7.250385390005429677e-03
1.547151999999999195e+00,7.250385390005429677e-03
1.547290999999999084e+00,7.250385390005429677e-03
1.547429999999998973e+00,7.250385390005429677e-03
1.547568999999998862e+00,7.250385390005429677e-03
1.547707999999998751e+00,7.250385390005429677e-03
1.547846999999998641e+00,7.250385390005429677e-03
1.547985999999998530e+00,7.250385390005429677e-03
1.547989999999999977e+00,7.250385390005429677e-03
1.548130199999999901e+00,7.250385390005429677e-03
1.548270399999999825e+00,7.250385390005429677e-03
1.548410599999999748e+00,7.250385390005429677e-03
1.548550799999999672e+00,7.250385390005429677e-03
1.548690999999999596e+00,7.250385390005429677e-03
1.548831199999999519e+00,7.250385390005429677e-03
1.548971399999999443e+00,7.250385390005429677e-03
1.549111599999999367e+00,7.250385390005429677e-03
1.549251799999999291e+00,7.250385390005429677e-03
1.549391999999999214e+00,7.250385390005429677e-03
1.549532199999999138e+00,7.250385390005429677e-03
1.549672399999999062e+00,7.250385390005429677e-03
1.549812599999998985e+00,7.250385390005429677e-03
1.549952799999998909e+00,7.250385390005429677e-03
1.550000000000000044e+00,7.250385390005429677e-03
1.550140400000000085e+00,7.250385390005429677e-03
1.550280800000000125e+00,7.250385390005429677e-03
1.550421200000000166e+00,7.250385390005429677e-03
1.550561600000000206e+00,7.250385390005429677e-03
1.550702000000000247e+00,7.250385390005429677e-03
1.550842400000000287e+00,7.250385390005429677e-03
1.550982800000000328e+00,7.250385390005429677e-03
1.551123200000000368e+00,7.250385390005429677e-03
1.551263600000000409e+00,7.250385390005429677e-03
1.551404000000000449e+00,7.250385390005429677e-03
1.551544400000000490e+00,7.250385390005429677e-03
1.551684800000000530e+00,7.250385390005429677e-03
1.551825200000000571e+00,7.250385390005429677e-03
1.551965600000000611e+00,7.250385390005429677e-03
1.552019999999999955e+00,7.250385390005429677e-03
1.552160199999999879e+00,7.250385390005429677e-03
1.552300399999999803e+00,7.250385390005429677e-03
1.552440599999999726e+00,7.250385390005429677e-03
1.552580799999999650e+00,7.250385390005429677e-03
1.552720999999999574e+00,7.250385390005429677e-03
1.552861199999999497e+00,7.250385390005429677e-03
1.553001399999999421e+00,7.250385390005429677e-03
1.553141599999999345e+00,7.250385390005429677e-03
1.553281799999999269e+00,7.250385390005429677e-03
1.553421999999999192e+00,7.250385390005429677e-03
1.553562199999999116e+00,7.250385390005429677e-03
1.553702399999999040e+00,7.250385390005429677e-03
1.553842599999998964e+00,7.250385390005429677e-03
1.553982799999998887e+00,7.250385390005429677e-03
1.554030000000000022e+00,7.250385390005429677e-03
1.554170400000000063e+00,7.250385390005429677e-03
1.554310800000000103e+00,7.250385390005429677e-03
1.554451200000000144e+00,7.250385390005429677e-03
1.554591600000000184e+00,7.250385390005429677e-03
1.554732000000000225e+00,7.250385390005429677e-03
1.554872400000000265e+00,7.250385390005429677e-03
1.555012800000000306e+00,7.250385390005429677e-03
1.555153200000000346e+00,7.250385390005429677e-03
1.555293600000000387e+00,7.250385390005429677e-03
1.555434000000000427e+00,7.250385390005429677e-03
1.555574400000000468e+00,7.250385390005429677e-03
1.555714800000000508e+00,7.250385390005429677e-03
1.555855200000000549e+00,7.250385390005429677e-03
1.555995600000000589e+00,7.250385390005429677e-03
1.556049999999999933e+00,7.250385390005429677e-03
1.556189000000000044e+00,7.250385390005429677e-03
1.556328000000000156e+00,7.250385390005429677e-03
1.556467000000000267e+00,7.250385390005429677e-03
1.556606000000000378e+00,7.250385390005429677e-03
1.556745000000000489e+00,7.250385390005429677e-03
1.556884000000000601e+00,7.250385390005429677e-03
1.557023000000000712e+00,7.250385390005429677e-03
1.557162000000000823e+00,7.250385390005429677e-03
1.557301000000000935e+00,7.250385390005429677e-03
1.557440000000001046e+00,7.250385390005429677e-03
1.557579000000001157e+00,7.250385390005429677e-03
1.557718000000001268e+00,7.250385390005429677e-03
1.557857000000001380e+00,7.250385390005429677e-03
1.557996000000001491e+00,7.250385390005429677e-03
1.558000000000000052e+00,7.250385390005429677e-03
1.558140199999999975e+00,7.250385390005429677e-03
1.558280399999999899e+00,7.250385390005429677e-03
1.558420599999999823e+00,7.250385390005429677e-03
1.558560799999999746e+00,7.250385390005429677e-03
1.558700999999999670e+00,7.250385390005429677e-03
1.558841199999999594e+00,7.250385390005429677e-03
1.558981399999999518e+00,7.250385390005429677e-03
1.559121599999999441e+00,7.250385390005429677e-03
1.559261799999999365e+00,7.250385390005429677e-03
1.559401999999999289e+00,7.250385390005429677e-03
1.559542199999999212e+00,7.250385390005429677e-03
1.559682399999999136e+00,7.250385390005429677e-03
1.559822599999999060e+00,7.250385390005429677e-03
1.559962799999998984e+00,7.250385390005429677e-03
1.560009999999999897e+00,7.250385390005429677e-03
1.560150399999999937e+00,7.250385390005429677e-03
1.560290799999999978e+00,7.250385390005429677e-03
1.560431200000000018e+00,7.250385390005429677e-03
1.560571600000000059e+00,7.250385390005429677e-03
1.560712000000000099e+00,7.250385390005429677e-03
1.560852400000000140e+00,7.250385390005429677e-03
1.560992800000000180e+00,7.250385390005429677e-03
1.561133200000000221e+00,7.250385390005429677e-03
1.561273600000000261e+00,7.250385390005429677e-03
1.561414000000000302e+00,7.250385390005429677e-03
1.561554400000000342e+00,7.250385390005429677e-03
1.561694800000000383e+00,7.250385390005429677e-03
1.561835200000000423e+00,7.250385390005429677e-03
1.561975600000000464e+00,7.250385390005429677e-03
1.562030000000000030e+00,7.250385390005429677e-03
1.562170199999999953e+00,7.250385390005429677e-03
1.562310399999999877e+00,7.250385390005429677e-03
1.562450599999999801e+00,7.250385390005429677e-03
1.562590799999999724e+00,7.250385390005429677e-03
1.562730999999999648e+00,7.250385390005429677e-03
1.562871199999999572e+00,7.250385390005429677e-03
1.563011399999999496e+00,7.250385390005429677e-03
1.563151599999999419e+00,7.250385390005429677e-03
1.563291799999999343e+00,7.250385390005429677e-03
1.563431999999999267e+00,7.250385390005429677e-03
1.563572199999999190e+00,7.250385390005429677e-03
1.563712399999999114e+00,7.250385390005429677e-03
1.563852599999999038e+00,7.250385390005429677e-03
1.563992799999998962e+00,7.250385390005429677e-03
1.564040000000000097e+00,7.250385390005429677e-03
1.564179200000000103e+00,7.250385390005429677e-03
1.564318400000000109e+00,7.250385390005429677e-03
1.564457600000000115e+00,7.250385390005429677e-03
1.564596800000000121e+00,7.250385390005429677e-03
1.564736000000000127e+00,7.250385390005429677e-03
1.564875200000000133e+00,7.250385390005429677e-03
1.565014400000000139e+00,7.250385390005429677e-03
1.565153600000000145e+00,7.250385390005429677e-03
1.565292800000000151e+00,7.250385390005429677e-03
1.565432000000000157e+00,7.250385390005429677e-03
1.565571200000000163e+00,7.250385390005429677e-03
1.565710400000000169e+00,7.250385390005429677e-03
1.565849600000000175e+00,7.250385390005429677e-03
1.565988800000000181e+00,7.250385390005429677e-03
1.566000000000000059e+00,7.250385390005429677e-03
1.566140199999999982e+00,7.250385390005429677e-03
1.566280399999999906e+00,7.250385390005429677e-03
1.566420599999999830e+00,7.250385390005429677e-03
1.566560799999999753e+00,7.250385390005429677e-03
1.566700999999999677e+00,7.250385390005429677e-03
1.566841199999999601e+00,7.250385390005429677e-03
1.566981399999999525e+00,7.250385390005429677e-03
1.567121599999999448e+00,7.250385390005429677e-03
1.567261799999999372e+00,7.250385390005429677e-03
1.567401999999999296e+00,7.250385390005429677e-03
1.567542199999999220e+00,7.250385390005429677e-03
1.567682399999999143e+00,7.250385390005429677e-03
1.567822599999999067e+00,7.250385390005429677e-03
1.567962799999998991e+00,7.250385390005429677e-03
1.568009999999999904e+00,7.250385390005429677e-03
1.568150199999999828e+00,7.250385390005429677e-03
1.568290399999999751e+00,7.250385390005429677e-03
1.568430599999999675e+00,7.250385390005429677e-03
1.568570799999999599e+00,7.250385390005429677e-03
1.568710999999999522e+00,7.250385390005429677e-03
1.568851199999999446e+00,7.250385390005429677e-03
1.568991399999999370e+00,7.250385390005429677e-03
1.569131599999999294e+00,7.250385390005429677e-03
1.569271799999999217e+00,7.250385390005429677e-03
1.569411999999999141e+00,7.250385390005429677e-03
1.569552199999999065e+00,7.250385390005429677e-03
1.569692399999998988e+00,7.250385390005429677e-03
1.569832599999998912e+00,7.250385390005429677e-03
1.569972799999998836e+00,7.250385390005429677e-03
1.570019999999999971e+00,7.250385390005429677e-03
1.570160400000000012e+00,7.250385390005429677e-03
1.570300800000000052e+00,7.250385390005429677e-03
1.570441200000000093e+00,7.250385390005429677e-03
1.570581600000000133e+00,7.250385390005429677e-03
1.570722000000000174e+00,7.250385390005429677e-03
1.570862400000000214e+00,7.250385390005429677e-03
1.571002800000000255e+00,7.250385390005429677e-03
1.571143200000000295e+00,7.250385390005429677e-03
1.571283600000000336e+00,7.250385390005429677e-03
1.571424000000000376e+00,7.250385390005429677e-03
1.571564400000000417e+00,7.250385390005429677e-03
1.571704800000000457e+00,7.250385390005429677e-03
1.571845200000000498e+00,7.250385390005429677e-03
1.571985600000000538e+00,7.250385390005429677e-03
1.572040000000000104e+00,7.250385390005429677e-03
1.572178999999999993e+00,7.250385390005429677e-03
1.572317999999999882e+00,7.250385390005429677e-03
1.572456999999999772e+00,7.250385390005429677e-03
1.572595999999999661e+00,7.250385390005429677e-03
1.572734999999999550e+00,7.250385390005429677e-03
1.572873999999999439e+00,7.250385390005429677e-03
1.573012999999999328e+00,7.250385390005429677e-03
1.573151999999999218e+00,7.250385390005429677e-03
1.573290999999999107e+00,7.250385390005429677e-03
1.573429999999998996e+00,7.250385390005429677e-03
1.573568999999998885e+00,7.250385390005429677e-03
1.573707999999998774e+00,7.250385390005429677e-03
1.573846999999998664e+00,7.250385390005429677e-03
1.573985999999998553e+00,7.250385390005429677e-03
1.573990000000000000e+00,7.250385390005429677e-03
1.574130400000000041e+00,7.250385390005429677e-03
1.574270800000000081e+00,7.250385390005429677e-03
1.574411200000000122e+00,7.250385390005429677e-03
1.574551600000000162e+00,7.250385390005429677e-03
1.574692000000000203e+00,7.250385390005429677e-03
1.574832400000000243e+00,7.250385390005429677e-03
1.574972800000000284e+00,7.250385390005429677e-03
1.575113200000000324e+00,7.250385390005429677e-03
1.575253600000000365e+00,7.250385390005429677e-03
1.575394000000000405e+00,7.250385390005429677e-03
1.575534400000000446e+00,7.250385390005429677e-03
1.575674800000000486e+00,7.250385390005429677e-03
1.575815200000000527e+00,7.250385390005429677e-03
1.575955600000000567e+00,7.250385390005429677e-03
1.576009999999999911e+00,7.250385390005429677e-03
1.576150199999999835e+00,7.250385390005429677e-03
1.576290399999999758e+00,7.250385390005429677e-03
1.576430599999999682e+00,7.250385390005429677e-03
1.576570799999999606e+00,7.250385390005429677e-03
1.576710999999999530e+00,7.250385390005429677e-03
1.576851199999999453e+00,7.250385390005429677e-03
1.576991399999999377e+00,7.250385390005429677e-03
1.577131599999999301e+00,7.250385390005429677e-03
1.577271799999999224e+00,7.250385390005429677e-03
1.577411999999999148e+00,7.250385390005429677e-03
1.577552199999999072e+00,7.250385390005429677e-03
1.577692399999998996e+00,7.250385390005429677e-03
1.577832599999998919e+00,7.250385390005429677e-03
1.577972799999998843e+00,7.250385390005429677e-03
1.578019999999999978e+00,7.250385390005429677e-03
1.578160199999999902e+00,7.250385390005429677e-03
1.578300399999999826e+00,7.250385390005429677e-03
1.578440599999999749e+00,7.250385390005429677e-03
1.578580799999999673e+00,7.250385390005429677e-03
1.578720999999999597e+00,7.250385390005429677e-03
1.578861199999999521e+00,7.250385390005429677e-03
1.579001399999999444e+00,7.250385390005429677e-03
1.579141599999999368e+00,7.250385390005429677e-03
1.579281799999999292e+00,7.250385390005429677e-03
1.579421999999999215e+00,7.250385390005429677e-03
1.579562199999999139e+00,7.250385390005429677e-03
1.579702399999999063e+00,7.250385390005429677e-03
1.579842599999998987e+00,7.250385390005429677e-03
1.579982799999998910e+00,7.250385390005429677e-03
1.580030000000000046e+00,7.250385390005429677e-03
1.580169200000000052e+00,7.250385390005429677e-03
1.580308400000000058e+00,7.250385390005429677e-03
1.580447600000000064e+00,7.250385390005429677e-03
1.580586800000000069e+00,7.250385390005429677e-03
1.580726000000000075e+00,7.250385390005429677e-03
1.580865200000000081e+00,7.250385390005429677e-03
1.581004400000000087e+00,7.250385390005429677e-03
1.581143600000000093e+00,7.250385390005429677e-03
1.581282800000000099e+00,7.250385390005429677e-03
1.581422000000000105e+00,7.250385390005429677e-03
1.581561200000000111e+00,7.250385390005429677e-03
1.581700400000000117e+00,7.250385390005429677e-03
1.581839600000000123e+00,7.250385390005429677e-03
1.581978800000000129e+00,7.250385390005429677e-03
1.581990000000000007e+00,7.250385390005429677e-03
1.582130199999999931e+00,7.250385390005429677e-03
1.582270399999999855e+00,7.250385390005429677e-03
1.582410599999999778e+00,7.250385390005429677e-03
1.582550799999999702e+00,7.250385390005429677e-03
1.582690999999999626e+00,7.250385390005429677e-03
1.582831199999999550e+00,7.250385390005429677e-03
1.582971399999999473e+00,7.250385390005429677e-03
1.583111599999999397e+00,7.250385390005429677e-03
1.583251799999999321e+00,7.250385390005429677e-03
1.583391999999999245e+00,7.250385390005429677e-03
1.583532199999999168e+00,7.250385390005429677e-03
1.583672399999999092e+00,7.250385390005429677e-03
1.583812599999999016e+00,7.250385390005429677e-03
1.583952799999998939e+00,7.250385390005429677e-03
1.584000000000000075e+00,7.250385390005429677e-03
1.584140400000000115e+00,7.250385390005429677e-03
1.584280800000000156e+00,7.250385390005429677e-03
1.584421200000000196e+00,7.250385390005429677e-03
1.584561600000000237e+00,7.250385390005429677e-03
1.584702000000000277e+00,7.250385390005429677e-03
1.584842400000000318e+00,7.250385390005429677e-03
1.584982800000000358e+00,7.250385390005429677e-03
1.585123200000000399e+00,7.250385390005429677e-03
1.585263600000000439e+00,7.250385390005429677e-03
1.585404000000000480e+00,7.250385390005429677e-03
1.585544400000000520e+00,7.250385390005429677e-03
1.585684800000000561e+00,7.250385390005429677e-03
1.585825200000000601e+00,7.250385390005429677e-03
1.585965600000000642e+00,7.250385390005429677e-03
1.586019999999999985e+00,7.250385390005429677e-03
1.586160199999999909e+00,7.250385390005429677e-03
1.586300399999999833e+00,7.250385390005429677e-03
1.586440599999999757e+00,7.250385390005429677e-03
1.586580799999999680e+00,7.250385390005429677e-03
1.586720999999999604e+00,7.250385390005429677e-03
1.586861199999999528e+00,7.250385390005429677e-03
1.587001399999999451e+00,7.250385390005429677e-03
1.587141599999999375e+00,7.250385390005429677e-03
1.587281799999999299e+00,7.250385390005429677e-03
1.587421999999999223e+00,7.250385390005429677e-03
1.587562199999999146e+00,7.250385390005429677e-03
1.587702399999999070e+00,7.250385390005429677e-03
1.587842599999998994e+00,7.250385390005429677e-03
1.587982799999998917e+00,7.250385390005429677e-03
1.588030000000000053e+00,7.250385390005429677e-03
1.588170199999999976e+00,7.250385390005429677e-03
1.588310399999999900e+00,7.250385390005429677e-03
1.588450599999999824e+00,7.250385390005429677e-03
1.588590799999999748e+00,7.250385390005429677e-03
1.588730999999999671e+00,7.250385390005429677e-03
1.588871199999999595e+00,7.250385390005429677e-03
1.589011399999999519e+00,7.250385390005429677e-03
1.589151599999999442e+00,7.250385390005429677e-03
1.589291799999999366e+00,7.250385390005429677e-03
1.589431999999999290e+00,7.250385390005429677e-03
1.589572199999999214e+00,7.250385390005429677e-03
1.589712399999999137e+00,7.250385390005429677e-03
1.589852599999999061e+00,7.250385390005429677e-03
1.589992799999998985e+00,7.250385390005429677e-03
1.590039999999999898e+00,7.250385390005429677e-03
1.590179199999999904e+00,7.250385390005429677e-03
1.590318399999999910e+00,7.250385390005429677e-03
1.590457599999999916e+00,7.250385390005429677e-03
1.590596799999999922e+00,7.250385390005429677e-03
1.590735999999999928e+00,7.250385390005429677e-03
1.590875199999999934e+00,7.250385390005429677e-03
1.591014399999999940e+00,7.250385390005429677e-03
1.591153599999999946e+00,7.250385390005429677e-03
1.591292799999999952e+00,7.250385390005429677e-03
1.591431999999999958e+00,7.250385390005429677e-03
1.591571199999999964e+00,7.250385390005429677e-03
1.591710399999999970e+00,7.250385390005429677e-03
1.591849599999999976e+00,7.250385390005429677e-03
1.591988799999999982e+00,7.250385390005429677e-03
1.592000000000000082e+00,7.250385390005429677e-03
1.592140200000000005e+00,7.250385390005429677e-03
1.592280399999999929e+00,7.250385390005429677e-03
1.592420599999999853e+00,7.250385390005429677e-03
1.592560799999999777e+00,7.250385390005429677e-03
1.592700999999999700e+00,7.250385390005429677e-03
1.592841199999999624e+00,7.250385390005429677e-03
1.592981399999999548e+00,7.250385390005429677e-03
1.593121599999999471e+00,7.250385390005429677e-03
1.593261799999999395e+00,7.250385390005429677e-03
1.593401999999999319e+00,7.250385390005429677e-03
1.593542199999999243e+00,7.250385390005429677e-03
1.593682399999999166e+00,7.250385390005429677e-03
1.593822599999999090e+00,7.250385390005429677e-03
1.593962799999999014e+00,7.250385390005429677e-03
1.594009999999999927e+00,7.250385390005429677e-03
1.594150399999999967e+00,7.250385390005429677e-03
1.594290800000000008e+00,7.250385390005429677e-03
1.594431200000000048e+00,7.250385390005429677e-03
1.594571600000000089e+00,7.250385390005429677e-03
1.594712000000000129e+00,7.250385390005429677e-03
1.594852400000000170e+00,7.250385390005429677e-03
1.594992800000000210e+00,7.250385390005429677e-03
1.595133200000000251e+00,7.250385390005429677e-03
1.595273600000000291e+00,7.250385390005429677e-03
1.595414000000000332e+00,7.250385390005429677e-03
1.595554400000000372e+00,7.250385390005429677e-03
1.595694800000000413e+00,7.250385390005429677e-03
1.595835200000000453e+00,7.250385390005429677e-03
1.595975600000000494e+00,7.250385390005429677e-03
1.596030000000000060e+00,7.250385390005429677e-03
1.596170199999999983e+00,7.250385390005429677e-03
1.596310399999999907e+00,7.250385390005429677e-03
1.596450599999999831e+00,7.250385390005429677e-03
1.596590799999999755e+00,7.250385390005429677e-03
1.596730999999999678e+00,7.250385390005429677e-03
1.596871199999999602e+00,7.250385390005429677e-03
1.597011399999999526e+00,7.250385390005429677e-03
1.597151599999999450e+00,7.250385390005429677e-03
1.597291799999999373e+00,7.250385390005429677e-03
1.597431999999999297e+00,7.250385390005429677e-03
1.597572199999999221e+00,7.250385390005429677e-03
1.597712399999999144e+00,7.250385390005429677e-03
1.597852599999999068e+00,7.250385390005429677e-03
1.597992799999998992e+00,7.250385390005429677e-03
1.598039999999999905e+00,7.250385390005429677e-03
1.598179000000000016e+00,7.250385390005429677e-03
1.598318000000000128e+00,7.250385390005429677e-03
1.598457000000000239e+00,7.250385390005429677e-03
1.598596000000000350e+00,7.250385390005429677e-03
1.598735000000000461e+00,7.250385390005429677e-03
1.598874000000000573e+00,7.250385390005429677e-03
1.599013000000000684e+00,7.250385390005429677e-03
1.599152000000000795e+00,7.250385390005429677e-03
1.599291000000000906e+00,7.250385390005429677e-03
1.599430000000001018e+00,7.250385390005429677e-03
1.599569000000001129e+00,7.250385390005429677e-03
1.599708000000001240e+00,7.250385390005429677e-03
1.599847000000001351e+00,7.250385390005429677e-03
1.599986000000001463e+00,7.250385390005429677e-03
1.599990000000000023e+00,7.250385390005429677e-03
1.600130400000000064e+00,7.250385390005429677e-03
1.600270800000000104e+00,7.250385390005429677e-03
1.600411200000000145e+00,7.250385390005429677e-03
1.600551600000000185e+00,7.250385390005429677e-03
1.600692000000000226e+00,7.250385390005429677e-03
1.600832400000000266e+00,7.250385390005429677e-03
1.600972800000000307e+00,7.250385390005429677e-03
1.601113200000000347e+00,7.250385390005429677e-03
1.601253600000000388e+00,7.250385390005429677e-03
1.601394000000000428e+00,7.250385390005429677e-03
1.601534400000000469e+00,7.250385390005429677e-03
1.601674800000000509e+00,7.250385390005429677e-03
1.601815200000000550e+00,7.250385390005429677e-03
1.601955600000000590e+00,7.250385390005429677e-03
1.602009999999999934e+00,7.250385390005429677e-03
1.602150199999999858e+00,7.250385390005429677e-03
1.602290399999999781e+00,7.250385390005429677e-03
1.602430599999999705e+00,7.250385390005429677e-03
1.602570799999999629e+00,7.250385390005429677e-03
1.602710999999999553e+00,7.250385390005429677e-03
1.602851199999999476e+00,7.250385390005429677e-03
1.602991399999999400e+00,7.250385390005429677e-03
1.603131599999999324e+00,7.250385390005429677e-03
1.603271799999999248e+00,7.250385390005429677e-03
1.603411999999999171e+00,7.250385390005429677e-03
1.603552199999999095e+00,7.250385390005429677e-03
1.603692399999999019e+00,7.250385390005429677e-03
1.603832599999998942e+00,7.250385390005429677e-03
1.603972799999998866e+00,7.250385390005429677e-03
1.604020000000000001e+00,7.250385390005429677e-03
1.604160199999999925e+00,7.250385390005429677e-03
1.604300399999999849e+00,7.250385390005429677e-03
1.604440599999999773e+00,7.250385390005429677e-03
1.604580799999999696e+00,7.250385390005429677e-03
1.604720999999999620e+00,7.250385390005429677e-03
1.604861199999999544e+00,7.250385390005429677e-03
1.605001399999999467e+00,7.250385390005429677e-03
1.605141599999999391e+00,7.250385390005429677e-03
1.605281799999999315e+00,7.250385390005429677e-03
1.605421999999999239e+00,7.250385390005429677e-03
1.605562199999999162e+00,7.250385390005429677e-03
1.605702399999999086e+00,7.250385390005429677e-03
1.605842599999999010e+00,7.250385390005429677e-03
1.605982799999998933e+00,7.250385390005429677e-03
1.606030000000000069e+00,7.250385390005429677e-03
1.606169200000000075e+00,7.250385390005429677e-03
1.606308400000000081e+00,7.250385390005429677e-03
1.606447600000000087e+00,7.250385390005429677e-03
1.606586800000000093e+00,7.250385390005429677e-03
1.606726000000000099e+00,7.250385390005429677e-03
1.606865200000000105e+00,7.250385390005429677e-03
1.607004400000000111e+00,7.250385390005429677e-03
1.607143600000000117e+00,7.250385390005429677e-03
1.607282800000000123e+00,7.250385390005429677e-03
1.607422000000000128e+00,7.250385390005429677e-03
1.607561200000000134e+00,7.250385390005429677e-03
1.607700400000000140e+00,7.250385390005429677e-03
1.607839600000000146e+00,7.250385390005429677e-03
1.607978800000000152e+00,7.250385390005429677e-03
1.607990000000000030e+00,7.250385390005429677e-03
1.608130199999999954e+00,7.250385390005429677e-03
1.608270399999999878e+00,7.250385390005429677e-03
1.608410599999999802e+00,7.250385390005429677e-03
1.608550799999999725e+00,7.250385390005429677e-03
1.608690999999999649e+00,7.250385390005429677e-03
1.608831199999999573e+00,7.250385390005429677e-03
1.608971399999999496e+00,7.250385390005429677e-03
1.609111599999999420e+00,7.250385390005429677e-03
1.609251799999999344e+00,7.250385390005429677e-03
1.609391999999999268e+00,7.250385390005429677e-03
1.609532199999999191e+00,7.250385390005429677e-03
1.609672399999999115e+00,7.250385390005429677e-03
1.609812599999999039e+00,7.250385390005429677e-03
1.609952799999998962e+00,7.250385390005429677e-03
1.610000000000000098e+00,7.250385390005429677e-03
1.610140400000000138e+00,7.250385390005429677e-03
1.610280800000000179e+00,7.250385390005429677e-03
1.610421200000000219e+00,7.250385390005429677e-03
1.610561600000000260e+00,7.250385390005429677e-03
1.610702000000000300e+00,7.250385390005429677e-03
1.610842400000000341e+00,7.250385390005429677e-03
1.610982800000000381e+00,7.250385390005429677e-03
1.611123200000000422e+00,7.250385390005429677e-03
1.611263600000000462e+00,7.250385390005429677e-03
1.611404000000000503e+00,7.250385390005429677e-03
1.611544400000000543e+00,7.250385390005429677e-03
1.611684800000000584e+00,7.250385390005429677e-03
1.611825200000000624e+00,7.250385390005429677e-03
1.611965600000000665e+00,7.250385390005429677e-03
1.612020000000000008e+00,7.250385390005429677e-03
1.612160199999999932e+00,7.250385390005429677e-03
1.612300399999999856e+00,7.250385390005429677e-03
1.612440599999999780e+00,7.250385390005429677e-03
1.612580799999999703e+00,7.250385390005429677e-03
1.612720999999999627e+00,7.250385390005429677e-03
1.612861199999999551e+00,7.250385390005429677e-03
1.613001399999999474e+00,7.250385390005429677e-03
1.613141599999999398e+00,7.250385390005429677e-03
1.613281799999999322e+00,7.250385390005429677e-03
1.613421999999999246e+00,7.250385390005429677e-03
1.613562199999999169e+00,7.250385390005429677e-03
1.613702399999999093e+00,7.250385390005429677e-03
1.613842599999999017e+00,7.250385390005429677e-03
1.613982799999998941e+00,7.250385390005429677e-03
1.614030000000000076e+00,7.250385390005429677e-03
1.614170199999999999e+00,7.250385390005429677e-03
1.614310399999999923e+00,7.250385390005429677e-03
1.614450599999999847e+00,7.250385390005429677e-03
1.614590799999999771e+00,7.250385390005429677e-03
1.614730999999999694e+00,7.250385390005429677e-03
1.614871199999999618e+00,7.250385390005429677e-03
1.615011399999999542e+00,7.250385390005429677e-03
1.615151599999999465e+00,7.250385390005429677e-03
1.615291799999999389e+00,7.250385390005429677e-03
1.615431999999999313e+00,7.250385390005429677e-03
1.615572199999999237e+00,7.250385390005429677e-03
1.615712399999999160e+00,7.250385390005429677e-03
1.615852599999999084e+00,7.250385390005429677e-03
1.615992799999999008e+00,7.250385390005429677e-03
1.616039999999999921e+00,7.250385390005429677e-03
1.616179199999999927e+00,7.250385390005429677e-03
1.616318399999999933e+00,7.250385390005429677e-03
1.616457599999999939e+00,7.250385390005429677e-03
1.616596799999999945e+00,7.250385390005429677e-03
1.616735999999999951e+00,7.250385390005429677e-03
1.616875199999999957e+00,7.250385390005429677e-03
1.617014399999999963e+00,7.250385390005429677e-03
1.617153599999999969e+00,7.250385390005429677e-03
1.617292799999999975e+00,7.250385390005429677e-03
1.617431999999999981e+00,7.250385390005429677e-03
1.617571199999999987e+00,7.250385390005429677e-03
1.617710399999999993e+00,7.250385390005429677e-03
1.617849599999999999e+00,7.250385390005429677e-03
1.617988800000000005e+00,7.250385390005429677e-03
1.618000000000000105e+00,7.250385390005429677e-03
1.618140200000000029e+00,7.250385390005429677e-03
1.618280399999999952e+00,7.250385390005429677e-03
1.618420599999999876e+00,7.250385390005429677e-03
1.618560799999999800e+00,7.250385390005429677e-03
1.618700999999999723e+00,7.250385390005429677e-03
1.618841199999999647e+00,7.250385390005429677e-03
1.618981399999999571e+00,7.250385390005429677e-03
1.619121599999999495e+00,7.250385390005429677e-03
1.619261799999999418e+00,7.250385390005429677e-03
1.619401999999999342e+00,7.250385390005429677e-03
1.619542199999999266e+00,7.250385390005429677e-03
1.619682399999999189e+00,7.250385390005429677e-03
1.619822599999999113e+00,7.250385390005429677e-03
1.619962799999999037e+00,7.250385390005429677e-03
1.620009999999999950e+00,7.250385390005429677e-03
1.620150399999999991e+00,7.250385390005429677e-03
1.620290800000000031e+00,7.250385390005429677e-03
1.620431200000000072e+00,7.250385390005429677e-03
1.620571600000000112e+00,7.250385390005429677e-03
1.620712000000000153e+00,7.250385390005429677e-03
1.620852400000000193e+00,7.250385390005429677e-03
1.620992800000000233e+00,7.250385390005429677e-03
1.621133200000000274e+00,7.250385390005429677e-03
1.621273600000000314e+00,7.250385390005429677e-03
1.621414000000000355e+00,7.250385390005429677e-03
1.621554400000000395e+00,7.250385390005429677e-03
1.621694800000000436e+00,7.250385390005429677e-03
1.621835200000000476e+00,7.250385390005429677e-03
1.621975600000000517e+00,7.250385390005429677e-03
1.622030000000000083e+00,7.250385390005429677e-03
1.622170200000000007e+00,7.250385390005429677e-03
1.622310399999999930e+00,7.250385390005429677e-03
1.622450599999999854e+00,7.250385390005429677e-03
1.622590799999999778e+00,7.250385390005429677e-03
1.622730999999999701e+00,7.250385390005429677e-03
1.622871199999999625e+00,7.250385390005429677e-03
1.623011399999999549e+00,7.250385390005429677e-03
1.623151599999999473e+00,7.250385390005429677e-03
1.623291799999999396e+00,7.250385390005429677e-03
1.623431999999999320e+00,7.250385390005429677e-03
1.623572199999999244e+00,7.250385390005429677e-03
1.623712399999999167e+00,7.250385390005429677e-03
1.623852599999999091e+00,7.250385390005429677e-03
1.623992799999999015e+00,7.250385390005429677e-03
1.624039999999999928e+00,7.250385390005429677e-03
1.624179000000000039e+00,7.250385390005429677e-03
1.624318000000000151e+00,7.250385390005429677e-03
1.624457000000000262e+00,7.250385390005429677e-03
1.624596000000000373e+00,7.250385390005429677e-03
1.624735000000000484e+00,7.250385390005429677e-03
1.624874000000000596e+00,7.250385390005429677e-03
1.625013000000000707e+00,7.250385390005429677e-03
1.625152000000000818e+00,7.250385390005429677e-03
1.625291000000000929e+00,7.250385390005429677e-03
1.625430000000001041e+00,7.250385390005429677e-03
1.625569000000001152e+00,7.250385390005429677e-03
1.625708000000001263e+00,7.250385390005429677e-03
1.625847000000001374e+00,7.250385390005429677e-03
1.625986000000001486e+00,7.250385390005429677e-03
1.625990000000000046e+00,7.250385390005429677e-03
1.626130400000000087e+00,7.250385390005429677e-03
1.626270800000000127e+00,7.250385390005429677e-03
1.626411200000000168e+00,7.250385390005429677e-03
1.626551600000000208e+00,7.250385390005429677e-03
1.626692000000000249e+00,7.250385390005429677e-03
1.626832400000000289e+00,7.250385390005429677e-03
1.626972800000000330e+00,7.250385390005429677e-03
1.627113200000000370e+00,7.250385390005429677e-03
1.627253600000000411e+00,7.250385390005429677e-03
1.627394000000000451e+00,7.250385390005429677e-03
1.627534400000000492e+00,7.250385390005429677e-03
1.627674800000000532e+00,7.250385390005429677e-03
1.627815200000000573e+00,7.250385390005429677e-03
1.627955600000000613e+00,7.250385390005429677e-03
1.628009999999999957e+00,7.250385390005429677e-03
1.628150199999999881e+00,7.250385390005429677e-03
1.628290399999999805e+00,7.250385390005429677e-03
1.628430599999999728e+00,7.250385390005429677e-03
1.628570799999999652e+00,7.250385390005429677e-03
1.628710999999999576e+00,7.250385390005429677e-03
1.628851199999999499e+00,7.250385390005429677e-03
1.628991399999999423e+00,7.250385390005429677e-03
1.629131599999999347e+00,7.250385390005429677e-03
1.629271799999999271e+00,7.250385390005429677e-03
1.629411999999999194e+00,7.250385390005429677e-03
1.629552199999999118e+00,7.250385390005429677e-03
1.629692399999999042e+00,7.250385390005429677e-03
1.629832599999998966e+00,7.250385390005429677e-03
1.629972799999998889e+00,7.250385390005429677e-03
1.630020000000000024e+00,7.250385390005429677e-03
1.630160400000000065e+00,7.250385390005429677e-03
1.630300800000000105e+00,7.250385390005429677e-03
1.630441200000000146e+00,7.250385390005429677e-03
1.630581600000000186e+00,7.250385390005429677e-03
1.630722000000000227e+00,7.250385390005429677e-03
1.630862400000000267e+00,7.250385390005429677e-03
1.631002800000000308e+00,7.250385390005429677e-03
1.631143200000000348e+00,7.250385390005429677e-03
1.631283600000000389e+00,7.250385390005429677e-03
1.631424000000000429e+00,7.250385390005429677e-03
1.631564400000000470e+00,7.250385390005429677e-03
1.631704800000000510e+00,7.250385390005429677e-03
1.631845200000000551e+00,7.250385390005429677e-03
1.631985600000000591e+00,7.250385390005429677e-03
1.632039999999999935e+00,7.250385390005429677e-03
1.632179000000000046e+00,7.250385390005429677e-03
1.632318000000000158e+00,7.250385390005429677e-03
1.632457000000000269e+00,7.250385390005429677e-03
1.632596000000000380e+00,7.250385390005429677e-03
1.632735000000000491e+00,7.250385390005429677e-03
1.632874000000000603e+00,7.250385390005429677e-03
1.633013000000000714e+00,7.250385390005429677e-03
1.633152000000000825e+00,7.250385390005429677e-03
1.633291000000000937e+00,7.250385390005429677e-03
1.633430000000001048e+00,7.250385390005429677e-03
1.633569000000001159e+00,7.250385390005429677e-03
1.633708000000001270e+00,7.250385390005429677e-03
1.633847000000001382e+00,7.250385390005429677e-03
1.633986000000001493e+00,7.250385390005429677e-03
1.633990000000000054e+00,7.250385390005429677e-03
1.634130199999999977e+00,7.250385390005429677e-03
1.634270399999999901e+00,7.250385390005429677e-03
1.634410599999999825e+00,7.250385390005429677e-03
1.634550799999999748e+00,7.250385390005429677e-03
1.634690999999999672e+00,7.250385390005429677e-03
1.634831199999999596e+00,7.250385390005429677e-03
1.634971399999999520e+00,7.250385390005429677e-03
1.635111599999999443e+00,7.250385390005429677e-03
1.635251799999999367e+00,7.250385390005429677e-03
1.635391999999999291e+00,7.250385390005429677e-03
1.635532199999999214e+00,7.250385390005429677e-03
1.635672399999999138e+00,7.250385390005429677e-03
1.635812599999999062e+00,7.250385390005429677e-03
1.635952799999998986e+00,7.250385390005429677e-03
1.635999999999999899e+00,7.250385390005429677e-03
1.636140399999999939e+00,7.250385390005429677e-03
1.636280799999999980e+00,7.250385390005429677e-03
1.636421200000000020e+00,7.250385390005429677e-03
1.636561600000000061e+00,7.250385390005429677e-03
1.636702000000000101e+00,7.250385390005429677e-03
1.636842400000000142e+00,7.250385390005429677e-03
1.636982800000000182e+00,7.250385390005429677e-03
1.637123200000000223e+00,7.250385390005429677e-03
1.637263600000000263e+00,7.250385390005429677e-03
1.637404000000000304e+00,7.250385390005429677e-03
1.637544400000000344e+00,7.250385390005429677e-03
1.637684800000000385e+00,7.250385390005429677e-03
1.637825200000000425e+00,7.250385390005429677e-03
1.637965600000000466e+00,7.250385390005429677e-03
1.638020000000000032e+00,7.250385390005429677e-03
1.638160199999999955e+00,7.250385390005429677e-03
1.638300399999999879e+00,7.250385390005429677e-03
1.638440599999999803e+00,7.250385390005429677e-03
1.638580799999999726e+00,7.250385390005429677e-03
1.638720999999999650e+00,7.250385390005429677e-03
1.638861199999999574e+00,7.250385390005429677e-03
1.639001399999999498e+00,7.250385390005429677e-03
1.639141599999999421e+00,7.250385390005429677e-03
1.639281799999999345e+00,7.250385390005429677e-03
1.639421999999999269e+00,7.250385390005429677e-03
1.639562199999999192e+00,7.250385390005429677e-03
1.639702399999999116e+00,7.250385390005429677e-03
1.639842599999999040e+00,7.250385390005429677e-03
1.639982799999998964e+00,7.250385390005429677e-03
1.640030000000000099e+00,7.250385390005429677e-03
1.640170400000000139e+00,7.250385390005429677e-03
1.640310800000000180e+00,7.250385390005429677e-03
1.640451200000000220e+00,7.250385390005429677e-03
1.640591600000000261e+00,7.250385390005429677e-03
1.640732000000000301e+00,7.250385390005429677e-03
1.640872400000000342e+00,7.250385390005429677e-03
1.641012800000000382e+00,7.250385390005429677e-03
1.641153200000000423e+00,7.250385390005429677e-03
1.641293600000000463e+00,7.250385390005429677e-03
1.641434000000000504e+00,7.250385390005429677e-03
1.641574400000000544e+00,7.250385390005429677e-03
1.641714800000000585e+00,7.250385390005429677e-03
1.641855200000000625e+00,7.250385390005429677e-03
1.641995600000000666e+00,7.250385390005429677e-03
1.642050000000000010e+00,7.250385390005429677e-03
1.642188999999999899e+00,7.250385390005429677e-03
1.642327999999999788e+00,7.250385390005429677e-03
1.642466999999999677e+00,7.250385390005429677e-03
1.642605999999999566e+00,7.250385390005429677e-03
1.642744999999999456e+00,7.250385390005429677e-03
1.642883999999999345e+00,7.250385390005429677e-03
1.643022999999999234e+00,7.250385390005429677e-03
1.643161999999999123e+00,7.250385390005429677e-03
1.643300999999999013e+00,7.250385390005429677e-03
1.643439999999998902e+00,7.250385390005429677e-03
1.643578999999998791e+00,7.250385390005429677e-03
1.643717999999998680e+00,7.250385390005429677e-03
1.643856999999998569e+00,7.250385390005429677e-03
1.643995999999998459e+00,7.250385390005429677e-03
1.643999999999999906e+00,7.250385390005429677e-03
1.644140199999999830e+00,7.250385390005429677e-03
1.644280399999999753e+00,7.250385390005429677e-03
1.644420599999999677e+00,7.250385390005429677e-03
1.644560799999999601e+00,7.250385390005429677e-03
1.644700999999999524e+00,7.250385390005429677e-03
1.644841199999999448e+00,7.250385390005429677e-03
1.644981399999999372e+00,7.250385390005429677e-03
1.645121599999999296e+00,7.250385390005429677e-03
1.645261799999999219e+00,7.250385390005429677e-03
1.645401999999999143e+00,7.250385390005429677e-03
1.645542199999999067e+00,7.250385390005429677e-03
1.645682399999998990e+00,7.250385390005429677e-03
1.645822599999998914e+00,7.250385390005429677e-03
1.645962799999998838e+00,7.250385390005429677e-03
1.646009999999999973e+00,7.250385390005429677e-03
1.646150400000000014e+00,7.250385390005429677e-03
1.646290800000000054e+00,7.250385390005429677e-03
1.646431200000000095e+00,7.250385390005429677e-03
1.646571600000000135e+00,7.250385390005429677e-03
1.646712000000000176e+00,7.250385390005429677e-03
1.646852400000000216e+00,7.250385390005429677e-03
1.646992800000000257e+00,7.250385390005429677e-03
1.647133200000000297e+00,7.250385390005429677e-03
1.647273600000000338e+00,7.250385390005429677e-03
1.647414000000000378e+00,7.250385390005429677e-03
1.647554400000000419e+00,7.250385390005429677e-03
1.647694800000000459e+00,7.250385390005429677e-03
1.647835200000000500e+00,7.250385390005429677e-03
1.647975600000000540e+00,7.250385390005429677e-03
1.648030000000000106e+00,7.250385390005429677e-03
1.648170200000000030e+00,7.250385390005429677e-03
1.648310399999999953e+00,7.250385390005429677e-03
1.648450599999999877e+00,7.250385390005429677e-03
1.648590799999999801e+00,7.250385390005429677e-03
1.648730999999999725e+00,7.250385390005429677e-03
1.648871199999999648e+00,7.250385390005429677e-03
1.649011399999999572e+00,7.250385390005429677e-03
1.649151599999999496e+00,7.250385390005429677e-03
1.649291799999999419e+00,7.250385390005429677e-03
1.649431999999999343e+00,7.250385390005429677e-03
1.649572199999999267e+00,7.250385390005429677e-03
1.649712399999999191e+00,7.250385390005429677e-03
1.649852599999999114e+00,7.250385390005429677e-03
1.649992799999999038e+00,7.250385390005429677e-03
1.650039999999999951e+00,7.250385390005429677e-03
1.650179000000000062e+00,7.250385390005429677e-03
1.650318000000000174e+00,7.250385390005429677e-03
1.650457000000000285e+00,7.250385390005429677e-03
1.650596000000000396e+00,7.250385390005429677e-03
1.650735000000000507e+00,7.250385390005429677e-03
1.650874000000000619e+00,7.250385390005429677e-03
1.651013000000000730e+00,7.250385390005429677e-03
1.651152000000000841e+00,7.250385390005429677e-03
1.651291000000000952e+00,7.250385390005429677e-03
1.651430000000001064e+00,7.250385390005429677e-03
1.651569000000001175e+00,7.250385390005429677e-03
1.651708000000001286e+00,7.250385390005429677e-03
1.651847000000001398e+00,7.250385390005429677e-03
1.651986000000001509e+00,7.250385390005429677e-03
1.651990000000000069e+00,7.250385390005429677e-03
1.652130400000000110e+00,7.250385390005429677e-03
1.652270800000000150e+00,7.250385390005429677e-03
1.652411200000000191e+00,7.250385390005429677e-03
1.652551600000000231e+00,7.250385390005429677e-03
1.652692000000000272e+00,7.250385390005429677e-03
1.652832400000000312e+00,7.250385390005429677e-03
1.652972800000000353e+00,7.250385390005429677e-03
1.653113200000000393e+00,7.250385390005429677e-03
1.653253600000000434e+00,7.250385390005429677e-03
1.653394000000000474e+00,7.250385390005429677e-03
1.653534400000000515e+00,7.250385390005429677e-03
1.653674800000000555e+00,7.250385390005429677e-03
1.653815200000000596e+00,7.250385390005429677e-03
1.653955600000000636e+00,7.250385390005429677e-03
1.654009999999999980e+00,7.250385390005429677e-03
1.654150199999999904e+00,7.250385390005429677e-03
1.654290399999999828e+00,7.250385390005429677e-03
1.654430599999999751e+00,7.250385390005429677e-03
1.654570799999999675e+00,7.250385390005429677e-03
1.654710999999999599e+00,7.250385390005429677e-03
1.654851199999999523e+00,7.250385390005429677e-03
1.654991399999999446e+00,7.250385390005429677e-03
1.655131599999999370e+00,7.250385390005429677e-03
1.655271799999999294e+00,7.250385390005429677e-03
1.655411999999999217e+00,7.250385390005429677e-03
1.655552199999999141e+00,7.250385390005429677e-03
1.655692399999999065e+00,7.250385390005429677e-03
1.655832599999998989e+00,7.250385390005429677e-03
1.655972799999998912e+00,7.250385390005429677e-03
1.656020000000000048e+00,7.250385390005429677e-03
1.656160400000000088e+00,7.250385390005429677e-03
1.656300800000000129e+00,7.250385390005429677e-03
1.656441200000000169e+00,7.250385390005429677e-03
1.656581600000000210e+00,7.250385390005429677e-03
1.656722000000000250e+00,7.250385390005429677e-03
1.656862400000000290e+00,7.250385390005429677e-03
1.657002800000000331e+00,7.250385390005429677e-03
1.657143200000000371e+00,7.250385390005429677e-03
1.657283600000000412e+00,7.250385390005429677e-03
1.657424000000000452e+00,7.250385390005429677e-03
1.657564400000000493e+00,7.250385390005429677e-03
1.657704800000000533e+00,7.250385390005429677e-03
1.657845200000000574e+00,7.250385390005429677e-03
1.657985600000000614e+00,7.250385390005429677e-03
1.658039999999999958e+00,7.250385390005429677e-03
1.658179000000000070e+00,7.250385390005429677e-03
1.658318000000000181e+00,7.250385390005429677e-03
1.658457000000000292e+00,7.250385390005429677e-03
1.658596000000000403e+00,7.250385390005429677e-03
1.658735000000000515e+00,7.250385390005429677e-03
1.658874000000000626e+00,7.250385390005429677e-03
1.659013000000000737e+00,7.250385390005429677e-03
1.659152000000000848e+00,7.250385390005429677e-03
1.659291000000000960e+00,7.250385390005429677e-03
1.659430000000001071e+00,7.250385390005429677e-03
1.659569000000001182e+00,7.250385390005429677e-03
1.659708000000001293e+00,7.250385390005429677e-03
1.659847000000001405e+00,7.250385390005429677e-03
1.659986000000001516e+00,7.250385390005429677e-03
1.659990000000000077e+00,7.250385390005429677e-03
1.660130200000000000e+00,7.250385390005429677e-03
1.660270399999999924e+00,7.250385390005429677e-03
1.660410599999999848e+00,7.250385390005429677e-03
1.660550799999999771e+00,7.250385390005429677e-03
1.660690999999999695e+00,7.250385390005429677e-03
1.660831199999999619e+00,7.250385390005429677e-03
1.660971399999999543e+00,7.250385390005429677e-03
1.661111599999999466e+00,7.250385390005429677e-03
1.661251799999999390e+00,7.250385390005429677e-03
1.661391999999999314e+00,7.250385390005429677e-03
1.661532199999999238e+00,7.250385390005429677e-03
1.661672399999999161e+00,7.250385390005429677e-03
1.661812599999999085e+00,7.250385390005429677e-03
1.661952799999999009e+00,7.250385390005429677e-03
1.661999999999999922e+00,7.250385390005429677e-03
1.662140399999999962e+00,7.250385390005429677e-03
1.662280800000000003e+00,7.250385390005429677e-03
1.662421200000000043e+00,7.250385390005429677e-03
1.662561600000000084e+00,7.250385390005429677e-03
1.662702000000000124e+00,7.250385390005429677e-03
1.662842400000000165e+00,7.250385390005429677e-03
1.662982800000000205e+00,7.250385390005429677e-03
1.663123200000000246e+00,7.250385390005429677e-03
1.663263600000000286e+00,7.250385390005429677e-03
1.663404000000000327e+00,7.250385390005429677e-03
1.663544400000000367e+00,7.250385390005429677e-03
1.663684800000000408e+00,7.250385390005429677e-03
1.663825200000000448e+00,7.250385390005429677e-03
1.663965600000000489e+00,7.250385390005429677e-03
1.664020000000000055e+00,7.250385390005429677e-03
1.664160199999999978e+00,7.250385390005429677e-03
1.664300399999999902e+00,7.250385390005429677e-03
1.664440599999999826e+00,7.250385390005429677e-03
1.664580799999999750e+00,7.250385390005429677e-03
1.664720999999999673e+00,7.250385390005429677e-03
1.664861199999999597e+00,7.250385390005429677e-03
1.665001399999999521e+00,7.250385390005429677e-03
1.665141599999999444e+00,7.250385390005429677e-03
1.665281799999999368e+00,7.250385390005429677e-03
1.665421999999999292e+00,7.250385390005429677e-03
1.665562199999999216e+00,7.250385390005429677e-03
1.665702399999999139e+00,7.250385390005429677e-03
1.665842599999999063e+00,7.250385390005429677e-03
1.665982799999998987e+00,7.250385390005429677e-03
1.666029999999999900e+00,7.250385390005429677e-03
1.666170399999999940e+00,7.250385390005429677e-03
1.666310799999999981e+00,7.250385390005429677e-03
1.666451200000000021e+00,7.250385390005429677e-03
1.666591600000000062e+00,7.250385390005429677e-03
1.666732000000000102e+00,7.250385390005429677e-03
1.666872400000000143e+00,7.250385390005429677e-03
1.667012800000000183e+00,7.250385390005429677e-03
1.667153200000000224e+00,7.250385390005429677e-03
1.667293600000000264e+00,7.250385390005429677e-03
1.667434000000000305e+00,7.250385390005429677e-03
1.667574400000000345e+00,7.250385390005429677e-03
1.667714800000000386e+00,7.250385390005429677e-03
1.667855200000000426e+00,7.250385390005429677e-03
1.667995600000000467e+00,7.250385390005429677e-03
1.668050000000000033e+00,7.250385390005429677e-03
1.668188999999999922e+00,7.250385390005429677e-03
1.668327999999999811e+00,7.250385390005429677e-03
1.668466999999999700e+00,7.250385390005429677e-03
1.668605999999999590e+00,7.250385390005429677e-03
1.668744999999999479e+00,7.250385390005429677e-03
1.668883999999999368e+00,7.250385390005429677e-03
1.669022999999999257e+00,7.250385390005429677e-03
1.669161999999999146e+00,7.250385390005429677e-03
1.669300999999999036e+00,7.250385390005429677e-03
1.669439999999998925e+00,7.250385390005429677e-03
1.669578999999998814e+00,7.250385390005429677e-03
1.669717999999998703e+00,7.250385390005429677e-03
1.669856999999998592e+00,7.250385390005429677e-03
1.669995999999998482e+00,7.250385390005429677e-03
1.669999999999999929e+00,7.250385390005429677e-03
1.670140199999999853e+00,7.250385390005429677e-03
1.670280399999999776e+00,7.250385390005429677e-03
1.670420599999999700e+00,7.250385390005429677e-03
1.670560799999999624e+00,7.250385390005429677e-03
1.670700999999999548e+00,7.250385390005429677e-03
1.670841199999999471e+00,7.250385390005429677e-03
1.670981399999999395e+00,7.250385390005429677e-03
1.671121599999999319e+00,7.250385390005429677e-03
1.671261799999999242e+00,7.250385390005429677e-03
1.671401999999999166e+00,7.250385390005429677e-03
1.671542199999999090e+00,7.250385390005429677e-03
1.671682399999999014e+00,7.250385390005429677e-03
1.671822599999998937e+00,7.250385390005429677e-03
1.671962799999998861e+00,7.250385390005429677e-03
1.672009999999999996e+00,7.250385390005429677e-03
1.672150400000000037e+00,7.250385390005429677e-03
1.672290800000000077e+00,7.250385390005429677e-03
1.672431200000000118e+00,7.250385390005429677e-03
1.672571600000000158e+00,7.250385390005429677e-03
1.672712000000000199e+00,7.250385390005429677e-03
1.672852400000000239e+00,7.250385390005429677e-03
1.672992800000000280e+00,7.250385390005429677e-03
1.673133200000000320e+00,7.250385390005429677e-03
1.673273600000000361e+00,7.250385390005429677e-03
1.673414000000000401e+00,7.250385390005429677e-03
1.673554400000000442e+00,7.250385390005429677e-03
1.673694800000000482e+00,7.250385390005429677e-03
1.673835200000000523e+00,7.250385390005429677e-03
1.673975600000000563e+00,7.250385390005429677e-03
1.674029999999999907e+00,7.250385390005429677e-03
1.674170199999999831e+00,7.250385390005429677e-03
1.674310399999999754e+00,7.250385390005429677e-03
1.674450599999999678e+00,7.250385390005429677e-03
1.674590799999999602e+00,7.250385390005429677e-03
1.674730999999999526e+00,7.250385390005429677e-03
1.674871199999999449e+00,7.250385390005429677e-03
1.675011399999999373e+00,7.250385390005429677e-03
1.675151599999999297e+00,7.250385390005429677e-03
1.675291799999999220e+00,7.250385390005429677e-03
1.675431999999999144e+00,7.250385390005429677e-03
1.675572199999999068e+00,7.250385390005429677e-03
1.675712399999998992e+00,7.250385390005429677e-03
1.675852599999998915e+00,7.250385390005429677e-03
1.675992799999998839e+00,7.250385390005429677e-03
1.676039999999999974e+00,7.250385390005429677e-03
1.676179199999999980e+00,7.250385390005429677e-03
1.676318399999999986e+00,7.250385390005429677e-03
1.676457599999999992e+00,7.250385390005429677e-03
1.676596799999999998e+00,7.250385390005429677e-03
1.676736000000000004e+00,7.250385390005429677e-03
1.676875200000000010e+00,7.250385390005429677e-03
1.677014400000000016e+00,7.250385390005429677e-03
1.677153600000000022e+00,7.250385390005429677e-03
1.677292800000000028e+00,7.250385390005429677e-03
1.677432000000000034e+00,7.250385390005429677e-03
1.677571200000000040e+00,7.250385390005429677e-03
1.677710400000000046e+00,7.250385390005429677e-03
1.677849600000000052e+00,7.250385390005429677e-03
1.677988800000000058e+00,7.250385390005429677e-03
1.677999999999999936e+00,7.250385390005429677e-03
1.678140199999999860e+00,7.250385390005429677e-03
1.678280399999999783e+00,7.250385390005429677e-03
1.678420599999999707e+00,7.250385390005429677e-03
1.678560799999999631e+00,7.250385390005429677e-03
1.678700999999999555e+00,7.250385390005429677e-03
1.678841199999999478e+00,7.250385390005429677e-03
1.678981399999999402e+00,7.250385390005429677e-03
1.679121599999999326e+00,7.250385390005429677e-03
1.679261799999999250e+00,7.250385390005429677e-03
1.679401999999999173e+00,7.250385390005429677e-03
1.679542199999999097e+00,7.250385390005429677e-03
1.679682399999999021e+00,7.250385390005429677e-03
1.679822599999998944e+00,7.250385390005429677e-03
1.679962799999998868e+00,7.250385390005429677e-03
1.680010000000000003e+00,7.250385390005429677e-03
1.680150199999999927e+00,7.250385390005429677e-03
1.680290399999999851e+00,7.250385390005429677e-03
1.680430599999999774e+00,7.250385390005429677e-03
1.680570799999999698e+00,7.250385390005429677e-03
1.680710999999999622e+00,7.250385390005429677e-03
1.680851199999999546e+00,7.250385390005429677e-03
1.680991399999999469e+00,7.250385390005429677e-03
1.681131599999999393e+00,7.250385390005429677e-03
1.681271799999999317e+00,7.250385390005429677e-03
1.681411999999999241e+00,7.250385390005429677e-03
1.681552199999999164e+00,7.250385390005429677e-03
1.681692399999999088e+00,7.250385390005429677e-03
1.681832599999999012e+00,7.250385390005429677e-03
1.681972799999998935e+00,7.250385390005429677e-03
1.682020000000000071e+00,7.250385390005429677e-03
1.682160400000000111e+00,7.250385390005429677e-03
1.682300800000000152e+00,7.250385390005429677e-03
1.682441200000000192e+00,7.250385390005429677e-03
1.682581600000000233e+00,7.250385390005429677e-03
1.682722000000000273e+00,7.250385390005429677e-03
1.682862400000000314e+00,7.250385390005429677e-03
1.683002800000000354e+00,7.250385390005429677e-03
1.683143200000000395e+00,7.250385390005429677e-03
1.683283600000000435e+00,7.250385390005429677e-03
1.683424000000000476e+00,7.250385390005429677e-03
1.683564400000000516e+00,7.250385390005429677e-03
1.683704800000000557e+00,7.250385390005429677e-03
1.683845200000000597e+00,7.250385390005429677e-03
1.683985600000000638e+00,7.250385390005429677e-03
1.684039999999999981e+00,7.250385390005429677e-03
1.684179000000000093e+00,7.250385390005429677e-03
1.684318000000000204e+00,7.250385390005429677e-03
1.684457000000000315e+00,7.250385390005429677e-03
1.684596000000000426e+00,7.250385390005429677e-03
1.684735000000000538e+00,7.250385390005429677e-03
1.684874000000000649e+00,7.250385390005429677e-03
1.685013000000000760e+00,7.250385390005429677e-03
1.685152000000000871e+00,7.250385390005429677e-03
1.685291000000000983e+00,7.250385390005429677e-03
1.685430000000001094e+00,7.250385390005429677e-03
1.685569000000001205e+00,7.250385390005429677e-03
1.685708000000001316e+00,7.250385390005429677e-03
1.685847000000001428e+00,7.250385390005429677e-03
1.685986000000001539e+00,7.250385390005429677e-03
1.685990000000000100e+00,7.250385390005429677e-03
1.686130400000000140e+00,7.250385390005429677e-03
1.686270800000000181e+00,7.250385390005429677e-03
1.686411200000000221e+00,7.250385390005429677e-03
1.686551600000000262e+00,7.250385390005429677e-03
1.686692000000000302e+00,7.250385390005429677e-03
1.686832400000000343e+00,7.250385390005429677e-03
1.686972800000000383e+00,7.250385390005429677e-03
1.687113200000000424e+00,7.250385390005429677e-03
1.687253600000000464e+00,7.250385390005429677e-03
1.687394000000000505e+00,7.250385390005429677e-03
1.687534400000000545e+00,7.250385390005429677e-03
1.687674800000000586e+00,7.250385390005429677e-03
1.687815200000000626e+00,7.250385390005429677e-03
1.687955600000000667e+00,7.250385390005429677e-03
1.688010000000000010e+00,7.250385390005429677e-03
1.688150199999999934e+00,7.250385390005429677e-03
1.688290399999999858e+00,7.250385390005429677e-03
1.688430599999999782e+00,7.250385390005429677e-03
1.688570799999999705e+00,7.250385390005429677e-03
1.688710999999999629e+00,7.250385390005429677e-03
1.688851199999999553e+00,7.250385390005429677e-03
1.688991399999999476e+00,7.250385390005429677e-03
1.689131599999999400e+00,7.250385390005429677e-03
1.689271799999999324e+00,7.250385390005429677e-03
1.689411999999999248e+00,7.250385390005429677e-03
1.689552199999999171e+00,7.250385390005429677e-03
1.689692399999999095e+00,7.250385390005429677e-03
1.689832599999999019e+00,7.250385390005429677e-03
1.689972799999998943e+00,7.250385390005429677e-03
1.690020000000000078e+00,7.250385390005429677e-03
1.690160200000000001e+00,7.250385390005429677e-03
1.690300399999999925e+00,7.250385390005429677e-03
1.690440599999999849e+00,7.250385390005429677e-03
1.690580799999999773e+00,7.250385390005429677e-03
1.690720999999999696e+00,7.250385390005429677e-03
1.690861199999999620e+00,7.250385390005429677e-03
1.691001399999999544e+00,7.250385390005429677e-03
1.691141599999999467e+00,7.250385390005429677e-03
1.691281799999999391e+00,7.250385390005429677e-03
1.691421999999999315e+00,7.250385390005429677e-03
1.691562199999999239e+00,7.250385390005429677e-03
1.691702399999999162e+00,7.250385390005429677e-03
1.691842599999999086e+00,7.250385390005429677e-03
1.691982799999999010e+00,7.250385390005429677e-03
1.692029999999999923e+00,7.250385390005429677e-03
1.692169199999999929e+00,7.250385390005429677e-03
1.692308399999999935e+00,7.250385390005429677e-03
1.692447599999999941e+00,7.250385390005429677e-03
1.692586799999999947e+00,7.250385390005429677e-03
1.692725999999999953e+00,7.250385390005429677e-03
1.692865199999999959e+00,7.250385390005429677e-03
1.693004399999999965e+00,7.250385390005429677e-03
1.693143599999999971e+00,7.250385390005429677e-03
1.693282799999999977e+00,7.250385390005429677e-03
1.693421999999999983e+00,7.250385390005429677e-03
1.693561199999999989e+00,7.250385390005429677e-03
1.693700399999999995e+00,7.250385390005429677e-03
1.693839600000000001e+00,7.250385390005429677e-03
1.693978800000000007e+00,7.250385390005429677e-03
1.693990000000000107e+00,7.250385390005429677e-03
1.694130200000000031e+00,7.250385390005429677e-03
1.694270399999999954e+00,7.250385390005429677e-03
1.694410599999999878e+00,7.250385390005429677e-03
1.694550799999999802e+00,7.250385390005429677e-03
1.694690999999999725e+00,7.250385390005429677e-03
1.694831199999999649e+00,7.250385390005429677e-03
1.694971399999999573e+00,7.250385390005429677e-03
1.695111599999999497e+00,7.250385390005429677e-03
1.695251799999999420e+00,7.250385390005429677e-03
1.695391999999999344e+00,7.250385390005429677e-03
1.695532199999999268e+00,7.250385390005429677e-03
1.695672399999999191e+00,7.250385390005429677e-03
1.695812599999999115e+00,7.250385390005429677e-03
1.695952799999999039e+00,7.250385390005429677e-03
1.695999999999999952e+00,7.250385390005429677e-03
1.696140199999999876e+00,7.250385390005429677e-03
1.696280399999999799e+00,7.250385390005429677e-03
1.696420599999999723e+00,7.250385390005429677e-03
1.696560799999999647e+00,7.250385390005429677e-03
1.696700999999999571e+00,7.250385390005429677e-03
1.696841199999999494e+00,7.250385390005429677e-03
1.696981399999999418e+00,7.250385390005429677e-03
1.697121599999999342e+00,7.250385390005429677e-03
1.697261799999999266e+00,7.250385390005429677e-03
1.697401999999999189e+00,7.250385390005429677e-03
1.697542199999999113e+00,7.250385390005429677e-03
1.697682399999999037e+00,7.250385390005429677e-03
1.697822599999998960e+00,7.250385390005429677e-03
1.697962799999998884e+00,7.250385390005429677e-03
1.698010000000000019e+00,7.250385390005429677e-03
1.698150400000000060e+00,7.250385390005429677e-03
1.698290800000000100e+00,7.250385390005429677e-03
1.698431200000000141e+00,7.250385390005429677e-03
1.698571600000000181e+00,7.250385390005429677e-03
1.698712000000000222e+00,7.250385390005429677e-03
1.698852400000000262e+00,7.250385390005429677e-03
1.698992800000000303e+00,7.250385390005429677e-03
1.699133200000000343e+00,7.250385390005429677e-03
1.699273600000000384e+00,7.250385390005429677e-03
1.699414000000000424e+00,7.250385390005429677e-03
1.699554400000000465e+00,7.250385390005429677e-03
1.699694800000000505e+00,7.250385390005429677e-03
1.699835200000000546e+00,7.250385390005429677e-03
1.699975600000000586e+00,7.250385390005429677e-03
1.700029999999999930e+00,7.250385390005429677e-03
1.700170199999999854e+00,7.250385390005429677e-03
1.700310399999999778e+00,7.250385390005429677e-03
1.700450599999999701e+00,7.250385390005429677e-03
1.700590799999999625e+00,7.250385390005429677e-03
1.700730999999999549e+00,7.250385390005429677e-03
1.700871199999999472e+00,7.250385390005429677e-03
1.701011399999999396e+00,7.250385390005429677e-03
1.701151599999999320e+00,7.250385390005429677e-03
1.701291799999999244e+00,7.250385390005429677e-03
1.701431999999999167e+00,7.250385390005429677e-03
1.701572199999999091e+00,7.250385390005429677e-03
1.701712399999999015e+00,7.250385390005429677e-03
1.701852599999998938e+00,7.250385390005429677e-03
1.701992799999998862e+00,7.250385390005429677e-03
1.702039999999999997e+00,7.250385390005429677e-03
1.702179200000000003e+00,7.250385390005429677e-03
1.702318400000000009e+00,7.250385390005429677e-03
1.702457600000000015e+00,7.250385390005429677e-03
1.702596800000000021e+00,7.250385390005429677e-03
1.702736000000000027e+00,7.250385390005429677e-03
1.702875200000000033e+00,7.250385390005429677e-03
1.703014400000000039e+00,7.250385390005429677e-03
1.703153600000000045e+00,7.250385390005429677e-03
1.703292800000000051e+00,7.250385390005429677e-03
1.703432000000000057e+00,7.250385390005429677e-03
1.703571200000000063e+00,7.250385390005429677e-03
1.703710400000000069e+00,7.250385390005429677e-03
1.703849600000000075e+00,7.250385390005429677e-03
1.703988800000000081e+00,7.250385390005429677e-03
1.703999999999999959e+00,7.250385390005429677e-03
1.704140199999999883e+00,7.250385390005429677e-03
1.704280399999999807e+00,7.250385390005429677e-03
1.704420599999999730e+00,7.250385390005429677e-03
1.704560799999999654e+00,7.250385390005429677e-03
1.704700999999999578e+00,7.250385390005429677e-03
1.704841199999999501e+00,7.250385390005429677e-03
1.704981399999999425e+00,7.250385390005429677e-03
1.705121599999999349e+00,7.250385390005429677e-03
1.705261799999999273e+00,7.250385390005429677e-03
1.705401999999999196e+00,7.250385390005429677e-03
1.705542199999999120e+00,7.250385390005429677e-03
1.705682399999999044e+00,7.250385390005429677e-03
1.705822599999998967e+00,7.250385390005429677e-03
1.705962799999998891e+00,7.250385390005429677e-03
1.706010000000000026e+00,7.250385390005429677e-03
1.706150199999999950e+00,7.250385390005429677e-03
1.706290399999999874e+00,7.250385390005429677e-03
1.706430599999999798e+00,7.250385390005429677e-03
1.706570799999999721e+00,7.250385390005429677e-03
1.706710999999999645e+00,7.250385390005429677e-03
1.706851199999999569e+00,7.250385390005429677e-03
1.706991399999999492e+00,7.250385390005429677e-03
1.707131599999999416e+00,7.250385390005429677e-03
1.707271799999999340e+00,7.250385390005429677e-03
1.707411999999999264e+00,7.250385390005429677e-03
1.707552199999999187e+00,7.250385390005429677e-03
1.707692399999999111e+00,7.250385390005429677e-03
1.707832599999999035e+00,7.250385390005429677e-03
1.707972799999998958e+00,7.250385390005429677e-03
1.708020000000000094e+00,7.250385390005429677e-03
1.708160400000000134e+00,7.250385390005429677e-03
1.708300800000000175e+00,7.250385390005429677e-03
1.708441200000000215e+00,7.250385390005429677e-03
1.708581600000000256e+00,7.250385390005429677e-03
1.708722000000000296e+00,7.250385390005429677e-03
1.708862400000000337e+00,7.250385390005429677e-03
1.709002800000000377e+00,7.250385390005429677e-03
1.709143200000000418e+00,7.250385390005429677e-03
1.709283600000000458e+00,7.250385390005429677e-03
1.709424000000000499e+00,7.250385390005429677e-03
1.709564400000000539e+00,7.250385390005429677e-03
1.709704800000000580e+00,7.250385390005429677e-03
1.709845200000000620e+00,7.250385390005429677e-03
1.709985600000000661e+00,7.250385390005429677e-03
1.710040000000000004e+00,7.250385390005429677e-03
1.710178999999999894e+00,7.250385390005429677e-03
1.710317999999999783e+00,7.250385390005429677e-03
1.710456999999999672e+00,7.250385390005429677e-03
1.710595999999999561e+00,7.250385390005429677e-03
1.710734999999999451e+00,7.250385390005429677e-03
1.710873999999999340e+00,7.250385390005429677e-03
1.711012999999999229e+00,7.250385390005429677e-03
1.711151999999999118e+00,7.250385390005429677e-03
1.711290999999999007e+00,7.250385390005429677e-03
1.711429999999998897e+00,7.250385390005429677e-03
1.711568999999998786e+00,7.250385390005429677e-03
1.711707999999998675e+00,7.250385390005429677e-03
1.711846999999998564e+00,7.250385390005429677e-03
1.711985999999998453e+00,7.250385390005429677e-03
1.711989999999999901e+00,7.250385390005429677e-03
1.712130399999999941e+00,7.250385390005429677e-03
1.712270799999999982e+00,7.250385390005429677e-03
1.712411200000000022e+00,7.250385390005429677e-03
1.712551600000000063e+00,7.250385390005429677e-03
1.712692000000000103e+00,7.250385390005429677e-03
1.712832400000000144e+00,7.250385390005429677e-03
1.712972800000000184e+00,7.250385390005429677e-03
1.713113200000000225e+00,7.250385390005429677e-03
1.713253600000000265e+00,7.250385390005429677e-03
1.713394000000000306e+00,7.250385390005429677e-03
1.713534400000000346e+00,7.250385390005429677e-03
1.713674800000000387e+00,7.250385390005429677e-03
1.713815200000000427e+00,7.250385390005429677e-03
1.713955600000000468e+00,7.250385390005429677e-03
1.714010000000000034e+00,7.250385390005429677e-03
1.714150199999999957e+00,7.250385390005429677e-03
1.714290399999999881e+00,7.250385390005429677e-03
1.714430599999999805e+00,7.250385390005429677e-03
1.714570799999999728e+00,7.250385390005429677e-03
1.714710999999999652e+00,7.250385390005429677e-03
1.714851199999999576e+00,7.250385390005429677e-03
1.714991399999999500e+00,7.250385390005429677e-03
1.715131599999999423e+00,7.250385390005429677e-03
1.715271799999999347e+00,7.250385390005429677e-03
1.715411999999999271e+00,7.250385390005429677e-03
1.715552199999999194e+00,7.250385390005429677e-03
1.715692399999999118e+00,7.250385390005429677e-03
1.715832599999999042e+00,7.250385390005429677e-03
1.715972799999998966e+00,7.250385390005429677e-03
1.716020000000000101e+00,7.250385390005429677e-03
1.716160200000000025e+00,7.250385390005429677e-03
1.716300399999999948e+00,7.250385390005429677e-03
1.716440599999999872e+00,7.250385390005429677e-03
1.716580799999999796e+00,7.250385390005429677e-03
1.716720999999999719e+00,7.250385390005429677e-03
1.716861199999999643e+00,7.250385390005429677e-03
1.717001399999999567e+00,7.250385390005429677e-03
1.717141599999999491e+00,7.250385390005429677e-03
1.717281799999999414e+00,7.250385390005429677e-03
1.717421999999999338e+00,7.250385390005429677e-03
1.717562199999999262e+00,7.250385390005429677e-03
1.717702399999999185e+00,7.250385390005429677e-03
1.717842599999999109e+00,7.250385390005429677e-03
1.717982799999999033e+00,7.250385390005429677e-03
1.718029999999999946e+00,7.250385390005429677e-03
1.718169199999999952e+00,7.250385390005429677e-03
1.718308399999999958e+00,7.250385390005429677e-03
1.718447599999999964e+00,7.250385390005429677e-03
1.718586799999999970e+00,7.250385390005429677e-03
1.718725999999999976e+00,7.250385390005429677e-03
1.718865199999999982e+00,7.250385390005429677e-03
1.719004399999999988e+00,7.250385390005429677e-03
1.719143599999999994e+00,7.250385390005429677e-03
1.719282800000000000e+00,7.250385390005429677e-03
1.719422000000000006e+00,7.250385390005429677e-03
1.719561200000000012e+00,7.250385390005429677e-03
1.719700400000000018e+00,7.250385390005429677e-03
1.719839600000000024e+00,7.250385390005429677e-03
1.719978800000000030e+00,7.250385390005429677e-03
1.719989999999999908e+00,7.250385390005429677e-03
1.720130199999999832e+00,7.250385390005429677e-03
1.720270399999999755e+00,7.250385390005429677e-03
1.720410599999999679e+00,7.250385390005429677e-03
1.720550799999999603e+00,7.250385390005429677e-03
1.720690999999999526e+00,7.250385390005429677e-03
1.720831199999999450e+00,7.250385390005429677e-03
1.720971399999999374e+00,7.250385390005429677e-03
1.721111599999999298e+00,7.250385390005429677e-03
1.721251799999999221e+00,7.250385390005429677e-03
1.721391999999999145e+00,7.250385390005429677e-03
1.721532199999999069e+00,7.250385390005429677e-03
1.721672399999998992e+00,7.250385390005429677e-03
1.721812599999998916e+00,7.250385390005429677e-03
1.721952799999998840e+00,7.250385390005429677e-03
1.721999999999999975e+00,7.250385390005429677e-03
1.722140400000000016e+00,7.250385390005429677e-03
1.722280800000000056e+00,7.250385390005429677e-03
1.722421200000000097e+00,7.250385390005429677e-03
1.722561600000000137e+00,7.250385390005429677e-03
1.722702000000000178e+00,7.250385390005429677e-03
1.722842400000000218e+00,7.250385390005429677e-03
1.722982800000000259e+00,7.250385390005429677e-03
1.723123200000000299e+00,7.250385390005429677e-03
1.723263600000000340e+00,7.250385390005429677e-03
1.723404000000000380e+00,7.250385390005429677e-03
1.723544400000000421e+00,7.250385390005429677e-03
1.723684800000000461e+00,7.250385390005429677e-03
1.723825200000000502e+00,7.250385390005429677e-03
1.723965600000000542e+00,7.250385390005429677e-03
1.724020000000000108e+00,7.250385390005429677e-03
1.724160200000000032e+00,7.250385390005429677e-03
1.724300399999999955e+00,7.250385390005429677e-03
1.724440599999999879e+00,7.250385390005429677e-03
1.724580799999999803e+00,7.250385390005429677e-03
1.724720999999999727e+00,7.250385390005429677e-03
1.724861199999999650e+00,7.250385390005429677e-03
1.725001399999999574e+00,7.250385390005429677e-03
1.725141599999999498e+00,7.250385390005429677e-03
1.725281799999999421e+00,7.250385390005429677e-03
1.725421999999999345e+00,7.250385390005429677e-03
1.725562199999999269e+00,7.250385390005429677e-03
1.725702399999999193e+00,7.250385390005429677e-03
1.725842599999999116e+00,7.250385390005429677e-03
1.725982799999999040e+00,7.250385390005429677e-03
1.726029999999999953e+00,7.250385390005429677e-03
1.726170199999999877e+00,7.250385390005429677e-03
1.726310399999999801e+00,7.250385390005429677e-03
1.726450599999999724e+00,7.250385390005429677e-03
1.726590799999999648e+00,7.250385390005429677e-03
1.726730999999999572e+00,7.250385390005429677e-03
1.726871199999999495e+00,7.250385390005429677e-03
1.727011399999999419e+00,7.250385390005429677e-03
1.727151599999999343e+00,7.250385390005429677e-03
1.727291799999999267e+00,7.250385390005429677e-03
1.727431999999999190e+00,7.250385390005429677e-03
1.727572199999999114e+00,7.250385390005429677e-03
1.727712399999999038e+00,7.250385390005429677e-03
1.727852599999998962e+00,7.250385390005429677e-03
1.727992799999998885e+00,7.250385390005429677e-03
1.728040000000000020e+00,7.250385390005429677e-03
1.728179200000000026e+00,7.250385390005429677e-03
1.728318400000000032e+00,7.250385390005429677e-03
1.728457600000000038e+00,7.250385390005429677e-03
1.728596800000000044e+00,7.250385390005429677e-03
1.728736000000000050e+00,7.250385390005429677e-03
1.728875200000000056e+00,7.250385390005429677e-03
1.729014400000000062e+00,7.250385390005429677e-03
1.729153600000000068e+00,7.250385390005429677e-03
1.729292800000000074e+00,7.250385390005429677e-03
1.729432000000000080e+00,7.250385390005429677e-03
1.729571200000000086e+00,7.250385390005429677e-03
1.729710400000000092e+00,7.250385390005429677e-03
1.729849600000000098e+00,7.250385390005429677e-03
1.729988800000000104e+00,7.250385390005429677e-03
1.729999999999999982e+00,7.250385390005429677e-03
1.730140199999999906e+00,7.250385390005429677e-03
1.730280399999999830e+00,7.250385390005429677e-03
1.730420599999999753e+00,7.250385390005429677e-03
1.730560799999999677e+00,7.250385390005429677e-03
1.730700999999999601e+00,7.250385390005429677e-03
1.730841199999999525e+00,7.250385390005429677e-03
1.730981399999999448e+00,7.250385390005429677e-03
1.731121599999999372e+00,7.250385390005429677e-03
1.731261799999999296e+00,7.250385390005429677e-03
1.731401999999999219e+00,7.250385390005429677e-03
1.731542199999999143e+00,7.250385390005429677e-03
1.731682399999999067e+00,7.250385390005429677e-03
1.731822599999998991e+00,7.250385390005429677e-03
1.731962799999998914e+00,7.250385390005429677e-03
1.732010000000000050e+00,7.250385390005429677e-03
1.732150400000000090e+00,7.250385390005429677e-03
1.732290800000000131e+00,7.250385390005429677e-03
1.732431200000000171e+00,7.250385390005429677e-03
1.732571600000000211e+00,7.250385390005429677e-03
1.732712000000000252e+00,7.250385390005429677e-03
1.732852400000000292e+00,7.250385390005429677e-03
1.732992800000000333e+00,7.250385390005429677e-03
1.733133200000000373e+00,7.250385390005429677e-03
1.733273600000000414e+00,7.250385390005429677e-03
1.733414000000000454e+00,7.250385390005429677e-03
1.733554400000000495e+00,7.250385390005429677e-03
1.733694800000000535e+00,7.250385390005429677e-03
1.733835200000000576e+00,7.250385390005429677e-03
1.733975600000000616e+00,7.250385390005429677e-03
1.734029999999999960e+00,7.250385390005429677e-03
1.734170199999999884e+00,7.250385390005429677e-03
1.734310399999999808e+00,7.250385390005429677e-03
1.734450599999999731e+00,7.250385390005429677e-03
1.734590799999999655e+00,7.250385390005429677e-03
1.734730999999999579e+00,7.250385390005429677e-03
1.734871199999999503e+00,7.250385390005429677e-03
1.735011399999999426e+00,7.250385390005429677e-03
1.735151599999999350e+00,7.250385390005429677e-03
1.735291799999999274e+00,7.250385390005429677e-03
1.735431999999999197e+00,7.250385390005429677e-03
1.735572199999999121e+00,7.250385390005429677e-03
1.735712399999999045e+00,7.250385390005429677e-03
1.735852599999998969e+00,7.250385390005429677e-03
1.735992799999998892e+00,7.250385390005429677e-03
1.736040000000000028e+00,7.250385390005429677e-03
1.736178999999999917e+00,7.250385390005429677e-03
1.736317999999999806e+00,7.250385390005429677e-03
1.736456999999999695e+00,7.250385390005429677e-03
1.736595999999999584e+00,7.250385390005429677e-03
1.736734999999999474e+00,7.250385390005429677e-03
1.736873999999999363e+00,7.250385390005429677e-03
1.737012999999999252e+00,7.250385390005429677e-03
1.737151999999999141e+00,7.250385390005429677e-03
1.737290999999999030e+00,7.250385390005429677e-03
1.737429999999998920e+00,7.250385390005429677e-03
1.737568999999998809e+00,7.250385390005429677e-03
1.737707999999998698e+00,7.250385390005429677e-03
1.737846999999998587e+00,7.250385390005429677e-03
1.737985999999998477e+00,7.250385390005429677e-03
1.737989999999999924e+00,7.250385390005429677e-03
1.738130399999999964e+00,7.250385390005429677e-03
1.738270800000000005e+00,7.250385390005429677e-03
1.738411200000000045e+00,7.250385390005429677e-03
1.738551600000000086e+00,7.250385390005429677e-03
1.738692000000000126e+00,7.250385390005429677e-03
1.738832400000000167e+00,7.250385390005429677e-03
1.738972800000000207e+00,7.250385390005429677e-03
1.739113200000000248e+00,7.250385390005429677e-03
1.739253600000000288e+00,7.250385390005429677e-03
1.739394000000000329e+00,7.250385390005429677e-03
1.739534400000000369e+00,7.250385390005429677e-03
1.739674800000000410e+00,7.250385390005429677e-03
1.739815200000000450e+00,7.250385390005429677e-03
1.739955600000000491e+00,7.250385390005429677e-03
1.740010000000000057e+00,7.250385390005429677e-03
1.740150199999999980e+00,7.250385390005429677e-03
1.740290399999999904e+00,7.250385390005429677e-03
1.740430599999999828e+00,7.250385390005429677e-03
1.740570799999999752e+00,7.250385390005429677e-03
1.740710999999999675e+00,7.250385390005429677e-03
1.740851199999999599e+00,7.250385390005429677e-03
1.740991399999999523e+00,7.250385390005429677e-03
1.741131599999999446e+00,7.250385390005429677e-03
1.741271799999999370e+00,7.250385390005429677e-03
1.741411999999999294e+00,7.250385390005429677e-03
1.741552199999999218e+00,7.250385390005429677e-03
1.741692399999999141e+00,7.250385390005429677e-03
1.741832599999999065e+00,7.250385390005429677e-03
1.741972799999998989e+00,7.250385390005429677e-03
1.742019999999999902e+00,7.250385390005429677e-03
1.742160399999999942e+00,7.250385390005429677e-03
1.742300799999999983e+00,7.250385390005429677e-03
1.742441200000000023e+00,7.250385390005429677e-03
1.742581600000000064e+00,7.250385390005429677e-03
1.742722000000000104e+00,7.250385390005429677e-03
1.742862400000000145e+00,7.250385390005429677e-03
1.743002800000000185e+00,7.250385390005429677e-03
1.743143200000000226e+00,7.250385390005429677e-03
1.743283600000000266e+00,7.250385390005429677e-03
1.743424000000000307e+00,7.250385390005429677e-03
1.743564400000000347e+00,7.250385390005429677e-03
1.743704800000000388e+00,7.250385390005429677e-03
1.743845200000000428e+00,7.250385390005429677e-03
1.743985600000000469e+00,7.250385390005429677e-03
1.744040000000000035e+00,7.250385390005429677e-03
1.744178999999999924e+00,7.250385390005429677e-03
1.744317999999999813e+00,7.250385390005429677e-03
1.744456999999999702e+00,7.250385390005429677e-03
1.744595999999999592e+00,7.250385390005429677e-03
1.744734999999999481e+00,7.250385390005429677e-03
1.744873999999999370e+00,7.250385390005429677e-03
1.745012999999999259e+00,7.250385390005429677e-03
1.745151999999999148e+00,7.250385390005429677e-03
1.745290999999999038e+00,7.250385390005429677e-03
1.745429999999998927e+00,7.250385390005429677e-03
1.745568999999998816e+00,7.250385390005429677e-03
1.745707999999998705e+00,7.250385390005429677e-03
1.745846999999998594e+00,7.250385390005429677e-03
1.745985999999998484e+00,7.250385390005429677e-03
1.745989999999999931e+00,7.250385390005429677e-03
1.746130199999999855e+00,7.250385390005429677e-03
1.746270399999999778e+00,7.250385390005429677e-03
1.746410599999999702e+00,7.250385390005429677e-03
1.746550799999999626e+00,7.250385390005429677e-03
1.746690999999999550e+00,7.250385390005429677e-03
1.746831199999999473e+00,7.250385390005429677e-03
1.746971399999999397e+00,7.250385390005429677e-03
1.747111599999999321e+00,7.250385390005429677e-03
1.747251799999999244e+00,7.250385390005429677e-03
1.747391999999999168e+00,7.250385390005429677e-03
1.747532199999999092e+00,7.250385390005429677e-03
1.747672399999999016e+00,7.250385390005429677e-03
1.747812599999998939e+00,7.250385390005429677e-03
1.747952799999998863e+00,7.250385390005429677e-03
1.747999999999999998e+00,7.250385390005429677e-03
1.748140400000000039e+00,7.250385390005429677e-03
1.748280800000000079e+00,7.250385390005429677e-03
1.748421200000000120e+00,7.250385390005429677e-03
1.748561600000000160e+00,7.250385390005429677e-03
1.748702000000000201e+00,7.250385390005429677e-03
1.748842400000000241e+00,7.250385390005429677e-03
1.748982800000000282e+00,7.250385390005429677e-03
1.749123200000000322e+00,7.250385390005429677e-03
1.749263600000000363e+00,7.250385390005429677e-03
1.749404000000000403e+00,7.250385390005429677e-03
1.749544400000000444e+00,7.250385390005429677e-03
1.749684800000000484e+00,7.250385390005429677e-03
1.749825200000000525e+00,7.250385390005429677e-03
1.749965600000000565e+00,7.250385390005429677e-03
1.750019999999999909e+00,7.250385390005429677e-03
1.750160199999999833e+00,7.250385390005429677e-03
1.750300399999999756e+00,7.250385390005429677e-03
1.750440599999999680e+00,7.250385390005429677e-03
1.750580799999999604e+00,7.250385390005429677e-03
1.750720999999999528e+00,7.250385390005429677e-03
1.750861199999999451e+00,7.250385390005429677e-03
1.751001399999999375e+00,7.250385390005429677e-03
1.751141599999999299e+00,7.250385390005429677e-03
1.751281799999999222e+00,7.250385390005429677e-03
1.751421999999999146e+00,7.250385390005429677e-03
1.751562199999999070e+00,7.250385390005429677e-03
1.751702399999998994e+00,7.250385390005429677e-03
1.751842599999998917e+00,7.250385390005429677e-03
1.751982799999998841e+00,7.250385390005429677e-03
1.752029999999999976e+00,7.250385390005429677e-03
1.752170400000000017e+00,7.250385390005429677e-03
1.752310800000000057e+00,7.250385390005429677e-03
1.752451200000000098e+00,7.250385390005429677e-03
1.752591600000000138e+00,7.250385390005429677e-03
1.752732000000000179e+00,7.250385390005429677e-03
1.752872400000000219e+00,7.250385390005429677e-03
1.753012800000000260e+00,7.250385390005429677e-03
1.753153200000000300e+00,7.250385390005429677e-03
1.753293600000000341e+00,7.250385390005429677e-03
1.753434000000000381e+00,7.250385390005429677e-03
1.753574400000000422e+00,7.250385390005429677e-03
1.753714800000000462e+00,7.250385390005429677e-03
1.753855200000000503e+00,7.250385390005429677e-03
1.753995600000000543e+00,7.250385390005429677e-03
1.754050000000000109e+00,7.250385390005429677e-03
1.754188999999999998e+00,7.250385390005429677e-03
1.754327999999999887e+00,7.250385390005429677e-03
1.754466999999999777e+00,7.250385390005429677e-03
1.754605999999999666e+00,7.250385390005429677e-03
1.754744999999999555e+00,7.250385390005429677e-03
1.754883999999999444e+00,7.250385390005429677e-03
1.755022999999999334e+00,7.250385390005429677e-03
1.755161999999999223e+00,7.250385390005429677e-03
1.755300999999999112e+00,7.250385390005429677e-03
1.755439999999999001e+00,7.250385390005429677e-03
1.755578999999998890e+00,7.250385390005429677e-03
1.755717999999998780e+00,7.250385390005429677e-03
1.755856999999998669e+00,7.250385390005429677e-03
1.755995999999998558e+00,7.250385390005429677e-03
1.756000000000000005e+00,7.250385390005429677e-03
1.756140199999999929e+00,7.250385390005429677e-03
1.756280399999999853e+00,7.250385390005429677e-03
1.756420599999999776e+00,7.250385390005429677e-03
1.756560799999999700e+00,7.250385390005429677e-03
1.756700999999999624e+00,7.250385390005429677e-03
1.756841199999999548e+00,7.250385390005429677e-03
1.756981399999999471e+00,7.250385390005429677e-03
1.757121599999999395e+00,7.250385390005429677e-03
1.757261799999999319e+00,7.250385390005429677e-03
1.757401999999999243e+00,7.250385390005429677e-03
1.757542199999999166e+00,7.250385390005429677e-03
1.757682399999999090e+00,7.250385390005429677e-03
1.757822599999999014e+00,7.250385390005429677e-03
1.757962799999998937e+00,7.250385390005429677e-03
1.758010000000000073e+00,7.250385390005429677e-03
1.758150400000000113e+00,7.250385390005429677e-03
1.758290800000000154e+00,7.250385390005429677e-03
1.758431200000000194e+00,7.250385390005429677e-03
1.758571600000000235e+00,7.250385390005429677e-03
1.758712000000000275e+00,7.250385390005429677e-03
1.758852400000000316e+00,7.250385390005429677e-03
1.758992800000000356e+00,7.250385390005429677e-03
1.759133200000000397e+00,7.250385390005429677e-03
1.759273600000000437e+00,7.250385390005429677e-03
1.759414000000000478e+00,7.250385390005429677e-03
1.759554400000000518e+00,7.250385390005429677e-03
1.759694800000000559e+00,7.250385390005429677e-03
1.759835200000000599e+00,7.250385390005429677e-03
1.759975600000000640e+00,7.250385390005429677e-03
1.760029999999999983e+00,7.250385390005429677e-03
1.760170199999999907e+00,7.250385390005429677e-03
1.760310399999999831e+00,7.250385390005429677e-03
1.760450599999999755e+00,7.250385390005429677e-03
1.760590799999999678e+00,7.250385390005429677e-03
1.760730999999999602e+00,7.250385390005429677e-03
1.760871199999999526e+00,7.250385390005429677e-03
1.761011399999999449e+00,7.250385390005429677e-03
1.761151599999999373e+00,7.250385390005429677e-03
1.761291799999999297e+00,7.250385390005429677e-03
1.761431999999999221e+00,7.250385390005429677e-03
1.761572199999999144e+00,7.250385390005429677e-03
1.761712399999999068e+00,7.250385390005429677e-03
1.761852599999998992e+00,7.250385390005429677e-03
1.761992799999998915e+00,7.250385390005429677e-03
1.762040000000000051e+00,7.250385390005429677e-03
1.762178999999999940e+00,7.250385390005429677e-03
1.762317999999999829e+00,7.250385390005429677e-03
1.762456999999999718e+00,7.250385390005429677e-03
1.762595999999999608e+00,7.250385390005429677e-03
1.762734999999999497e+00,7.250385390005429677e-03
1.762873999999999386e+00,7.250385390005429677e-03
1.763012999999999275e+00,7.250385390005429677e-03
1.763151999999999164e+00,7.250385390005429677e-03
1.763290999999999054e+00,7.250385390005429677e-03
1.763429999999998943e+00,7.250385390005429677e-03
1.763568999999998832e+00,7.250385390005429677e-03
1.763707999999998721e+00,7.250385390005429677e-03
1.763846999999998610e+00,7.250385390005429677e-03
1.763985999999998500e+00,7.250385390005429677e-03
1.763989999999999947e+00,7.250385390005429677e-03
1.764130399999999987e+00,7.250385390005429677e-03
1.764270800000000028e+00,7.250385390005429677e-03
1.764411200000000068e+00,7.250385390005429677e-03
1.764551600000000109e+00,7.250385390005429677e-03
1.764692000000000149e+00,7.250385390005429677e-03
1.764832400000000190e+00,7.250385390005429677e-03
1.764972800000000230e+00,7.250385390005429677e-03
1.765113200000000271e+00,7.250385390005429677e-03
1.765253600000000311e+00,7.250385390005429677e-03
1.765394000000000352e+00,7.250385390005429677e-03
1.765534400000000392e+00,7.250385390005429677e-03
1.765674800000000433e+00,7.250385390005429677e-03
1.765815200000000473e+00,7.250385390005429677e-03
1.765955600000000514e+00,7.250385390005429677e-03
1.766010000000000080e+00,7.250385390005429677e-03
1.766150200000000003e+00,7.250385390005429677e-03
1.766290399999999927e+00,7.250385390005429677e-03
1.766430599999999851e+00,7.250385390005429677e-03
1.766570799999999775e+00,7.250385390005429677e-03
1.766710999999999698e+00,7.250385390005429677e-03
1.766851199999999622e+00,7.250385390005429677e-03
1.766991399999999546e+00,7.250385390005429677e-03
1.767131599999999469e+00,7.250385390005429677e-03
1.767271799999999393e+00,7.250385390005429677e-03
1.767411999999999317e+00,7.250385390005429677e-03
1.767552199999999241e+00,7.250385390005429677e-03
1.767692399999999164e+00,7.250385390005429677e-03
1.767832599999999088e+00,7.250385390005429677e-03
1.767972799999999012e+00,7.250385390005429677e-03
1.768019999999999925e+00,7.250385390005429677e-03
1.768160399999999965e+00,7.250385390005429677e-03
1.768300800000000006e+00,7.250385390005429677e-03
1.768441200000000046e+00,7.250385390005429677e-03
1.768581600000000087e+00,7.250385390005429677e-03
1.768722000000000127e+00,7.250385390005429677e-03
1.768862400000000168e+00,7.250385390005429677e-03
1.769002800000000208e+00,7.250385390005429677e-03
1.769143200000000249e+00,7.250385390005429677e-03
1.769283600000000289e+00,7.250385390005429677e-03
1.769424000000000330e+00,7.250385390005429677e-03
1.769564400000000370e+00,7.250385390005429677e-03
1.769704800000000411e+00,7.250385390005429677e-03
1.769845200000000451e+00,7.250385390005429677e-03
1.769985600000000492e+00,7.250385390005429677e-03
1.770040000000000058e+00,7.250385390005429677e-03
1.770178999999999947e+00,7.250385390005429677e-03
1.770317999999999836e+00,7.250385390005429677e-03
1.770456999999999725e+00,7.250385390005429677e-03
1.770595999999999615e+00,7.250385390005429677e-03
1.770734999999999504e+00,7.250385390005429677e-03
1.770873999999999393e+00,7.250385390005429677e-03
1.771012999999999282e+00,7.250385390005429677e-03
1.771151999999999171e+00,7.250385390005429677e-03
1.771290999999999061e+00,7.250385390005429677e-03
1.771429999999998950e+00,7.250385390005429677e-03
1.771568999999998839e+00,7.250385390005429677e-03
1.771707999999998728e+00,7.250385390005429677e-03
1.771846999999998618e+00,7.250385390005429677e-03
1.771985999999998507e+00,7.250385390005429677e-03
1.771989999999999954e+00,7.250385390005429677e-03
1.772130199999999878e+00,7.250385390005429677e-03
1.772270399999999801e+00,7.250385390005429677e-03
1.772410599999999725e+00,7.250385390005429677e-03
1.772550799999999649e+00,7.250385390005429677e-03
1.772690999999999573e+00,7.250385390005429677e-03
1.772831199999999496e+00,7.250385390005429677e-03
1.772971399999999420e+00,7.250385390005429677e-03
1.773111599999999344e+00,7.250385390005429677e-03
1.773251799999999267e+00,7.250385390005429677e-03
1.773391999999999191e+00,7.250385390005429677e-03
1.773532199999999115e+00,7.250385390005429677e-03
1.773672399999999039e+00,7.250385390005429677e-03
1.773812599999998962e+00,7.250385390005429677e-03
1.773952799999998886e+00,7.250385390005429677e-03
1.774000000000000021e+00,7.250385390005429677e-03
1.774140400000000062e+00,7.250385390005429677e-03
1.774280800000000102e+00,7.250385390005429677e-03
1.774421200000000143e+00,7.250385390005429677e-03
1.774561600000000183e+00,7.250385390005429677e-03
1.774702000000000224e+00,7.250385390005429677e-03
1.774842400000000264e+00,7.250385390005429677e-03
1.774982800000000305e+00,7.250385390005429677e-03
1.775123200000000345e+00,7.250385390005429677e-03
1.775263600000000386e+00,7.250385390005429677e-03
1.775404000000000426e+00,7.250385390005429677e-03
1.775544400000000467e+00,7.250385390005429677e-03
1.775684800000000507e+00,7.250385390005429677e-03
1.775825200000000548e+00,7.250385390005429677e-03
1.775965600000000588e+00,7.250385390005429677e-03
1.776019999999999932e+00,7.250385390005429677e-03
1.776160199999999856e+00,7.250385390005429677e-03
1.776300399999999780e+00,7.250385390005429677e-03
1.776440599999999703e+00,7.250385390005429677e-03
1.776580799999999627e+00,7.250385390005429677e-03
1.776720999999999551e+00,7.250385390005429677e-03
1.776861199999999474e+00,7.250385390005429677e-03
1.777001399999999398e+00,7.250385390005429677e-03
1.777141599999999322e+00,7.250385390005429677e-03
1.777281799999999246e+00,7.250385390005429677e-03
1.777421999999999169e+00,7.250385390005429677e-03
1.777562199999999093e+00,7.250385390005429677e-03
1.777702399999999017e+00,7.250385390005429677e-03
1.777842599999998940e+00,7.250385390005429677e-03
1.777982799999998864e+00,7.250385390005429677e-03
1.778029999999999999e+00,7.250385390005429677e-03
1.778170400000000040e+00,7.250385390005429677e-03
1.778310800000000080e+00,7.250385390005429677e-03
1.778451200000000121e+00,7.250385390005429677e-03
1.778591600000000161e+00,7.250385390005429677e-03
1.778732000000000202e+00,7.250385390005429677e-03
1.778872400000000242e+00,7.250385390005429677e-03
1.779012800000000283e+00,7.250385390005429677e-03
1.779153200000000323e+00,7.250385390005429677e-03
1.779293600000000364e+00,7.250385390005429677e-03
1.779434000000000404e+00,7.250385390005429677e-03
1.779574400000000445e+00,7.250385390005429677e-03
1.779714800000000485e+00,7.250385390005429677e-03
1.779855200000000526e+00,7.250385390005429677e-03
1.779995600000000566e+00,7.250385390005429677e-03
1.780049999999999910e+00,7.250385390005429677e-03
1.780189000000000021e+00,7.250385390005429677e-03
1.780328000000000133e+00,7.250385390005429677e-03
1.780467000000000244e+00,7.250385390005429677e-03
1.780606000000000355e+00,7.250385390005429677e-03
1.780745000000000466e+00,7.250385390005429677e-03
1.780884000000000578e+00,7.250385390005429677e-03
1.781023000000000689e+00,7.250385390005429677e-03
1.781162000000000800e+00,7.250385390005429677e-03
1.781301000000000911e+00,7.250385390005429677e-03
1.781440000000001023e+00,7.250385390005429677e-03
1.781579000000001134e+00,7.250385390005429677e-03
1.781718000000001245e+00,7.250385390005429677e-03
1.781857000000001356e+00,7.250385390005429677e-03
1.781996000000001468e+00,7.250385390005429677e-03
1.782000000000000028e+00,7.250385390005429677e-03
1.782140199999999952e+00,7.250385390005429677e-03
1.782280399999999876e+00,7.250385390005429677e-03
1.782420599999999800e+00,7.250385390005429677e-03
1.782560799999999723e+00,7.250385390005429677e-03
1.782700999999999647e+00,7.250385390005429677e-03
1.782841199999999571e+00,7.250385390005429677e-03
1.782981399999999494e+00,7.250385390005429677e-03
1.783121599999999418e+00,7.250385390005429677e-03
1.783261799999999342e+00,7.250385390005429677e-03
1.783401999999999266e+00,7.250385390005429677e-03
1.783542199999999189e+00,7.250385390005429677e-03
1.783682399999999113e+00,7.250385390005429677e-03
1.783822599999999037e+00,7.250385390005429677e-03
1.783962799999998960e+00,7.250385390005429677e-03
1.784010000000000096e+00,7.250385390005429677e-03
1.784150400000000136e+00,7.250385390005429677e-03
1.784290800000000177e+00,7.250385390005429677e-03
1.784431200000000217e+00,7.250385390005429677e-03
1.784571600000000258e+00,7.250385390005429677e-03
1.784712000000000298e+00,7.250385390005429677e-03
1.784852400000000339e+00,7.250385390005429677e-03
1.784992800000000379e+00,7.250385390005429677e-03
1.785133200000000420e+00,7.250385390005429677e-03
1.785273600000000460e+00,7.250385390005429677e-03
1.785414000000000501e+00,7.250385390005429677e-03
1.785554400000000541e+00,7.250385390005429677e-03
1.785694800000000582e+00,7.250385390005429677e-03
1.785835200000000622e+00,7.250385390005429677e-03
1.785975600000000663e+00,7.250385390005429677e-03
1.786030000000000006e+00,7.250385390005429677e-03
1.786170199999999930e+00,7.250385390005429677e-03
1.786310399999999854e+00,7.250385390005429677e-03
1.786450599999999778e+00,7.250385390005429677e-03
1.786590799999999701e+00,7.250385390005429677e-03
1.786730999999999625e+00,7.250385390005429677e-03
1.786871199999999549e+00,7.250385390005429677e-03
1.787011399999999472e+00,7.250385390005429677e-03
1.787151599999999396e+00,7.250385390005429677e-03
1.787291799999999320e+00,7.250385390005429677e-03
1.787431999999999244e+00,7.250385390005429677e-03
1.787572199999999167e+00,7.250385390005429677e-03
1.787712399999999091e+00,7.250385390005429677e-03
1.787852599999999015e+00,7.250385390005429677e-03
1.787992799999998939e+00,7.250385390005429677e-03
1.788040000000000074e+00,7.250385390005429677e-03
1.788178999999999963e+00,7.250385390005429677e-03
1.788317999999999852e+00,7.250385390005429677e-03
1.788456999999999741e+00,7.250385390005429677e-03
1.788595999999999631e+00,7.250385390005429677e-03
1.788734999999999520e+00,7.250385390005429677e-03
1.788873999999999409e+00,7.250385390005429677e-03
1.789012999999999298e+00,7.250385390005429677e-03
1.789151999999999187e+00,7.250385390005429677e-03
1.789290999999999077e+00,7.250385390005429677e-03
1.789429999999998966e+00,7.250385390005429677e-03
1.789568999999998855e+00,7.250385390005429677e-03
1.789707999999998744e+00,7.250385390005429677e-03
1.789846999999998634e+00,7.250385390005429677e-03
1.789985999999998523e+00,7.250385390005429677e-03
1.789989999999999970e+00,7.250385390005429677e-03
1.790130400000000011e+00,7.250385390005429677e-03
1.790270800000000051e+00,7.250385390005429677e-03
1.790411200000000091e+00,7.250385390005429677e-03
1.790551600000000132e+00,7.250385390005429677e-03
1.790692000000000172e+00,7.250385390005429677e-03
1.790832400000000213e+00,7.250385390005429677e-03
1.790972800000000253e+00,7.250385390005429677e-03
1.791113200000000294e+00,7.250385390005429677e-03
1.791253600000000334e+00,7.250385390005429677e-03
1.791394000000000375e+00,7.250385390005429677e-03
1.791534400000000415e+00,7.250385390005429677e-03
1.791674800000000456e+00,7.250385390005429677e-03
1.791815200000000496e+00,7.250385390005429677e-03
1.791955600000000537e+00,7.250385390005429677e-03
1.792010000000000103e+00,7.250385390005429677e-03
1.792150200000000027e+00,7.250385390005429677e-03
1.792290399999999950e+00,7.250385390005429677e-03
1.792430599999999874e+00,7.250385390005429677e-03
1.792570799999999798e+00,7.250385390005429677e-03
1.792710999999999721e+00,7.250385390005429677e-03
1.792851199999999645e+00,7.250385390005429677e-03
1.792991399999999569e+00,7.250385390005429677e-03
1.793131599999999493e+00,7.250385390005429677e-03
1.793271799999999416e+00,7.250385390005429677e-03
1.793411999999999340e+00,7.250385390005429677e-03
1.793552199999999264e+00,7.250385390005429677e-03
1.793692399999999187e+00,7.250385390005429677e-03
1.793832599999999111e+00,7.250385390005429677e-03
1.793972799999999035e+00,7.250385390005429677e-03
1.794019999999999948e+00,7.250385390005429677e-03
1.794160399999999989e+00,7.250385390005429677e-03
1.794300800000000029e+00,7.250385390005429677e-03
1.794441200000000070e+00,7.250385390005429677e-03
1.794581600000000110e+00,7.250385390005429677e-03
1.794722000000000151e+00,7.250385390005429677e-03
1.794862400000000191e+00,7.250385390005429677e-03
1.795002800000000232e+00,7.250385390005429677e-03
1.795143200000000272e+00,7.250385390005429677e-03
1.795283600000000312e+00,7.250385390005429677e-03
1.795424000000000353e+00,7.250385390005429677e-03
1.795564400000000393e+00,7.250385390005429677e-03
1.795704800000000434e+00,7.250385390005429677e-03
1.795845200000000474e+00,7.250385390005429677e-03
1.795985600000000515e+00,7.250385390005429677e-03
1.796040000000000081e+00,7.250385390005429677e-03
1.796178999999999970e+00,7.250385390005429677e-03
1.796317999999999859e+00,7.250385390005429677e-03
1.796456999999999748e+00,7.250385390005429677e-03
1.796595999999999638e+00,7.250385390005429677e-03
1.796734999999999527e+00,7.250385390005429677e-03
1.796873999999999416e+00,7.250385390005429677e-03
1.797012999999999305e+00,7.250385390005429677e-03
1.797151999999999195e+00,7.250385390005429677e-03
1.797290999999999084e+00,7.250385390005429677e-03
1.797429999999998973e+00,7.250385390005429677e-03
1.797568999999998862e+00,7.250385390005429677e-03
1.797707999999998751e+00,7.250385390005429677e-03
1.797846999999998641e+00,7.250385390005429677e-03
1.797985999999998530e+00,7.250385390005429677e-03
1.797989999999999977e+00,7.250385390005429677e-03
1.798130199999999901e+00,7.250385390005429677e-03
1.798270399999999825e+00,7.250385390005429677e-03
1.798410599999999748e+00,7.250385390005429677e-03
1.798550799999999672e+00,7.250385390005429677e-03
1.798690999999999596e+00,7.250385390005429677e-03
1.798831199999999519e+00,7.250385390005429677e-03
1.798971399999999443e+00,7.250385390005429677e-03
1.799111599999999367e+00,7.250385390005429677e-03
1.799251799999999291e+00,7.250385390005429677e-03
1.799391999999999214e+00,7.250385390005429677e-03
1.799532199999999138e+00,7.250385390005429677e-03
1.799672399999999062e+00,7.250385390005429677e-03
1.799812599999998985e+00,7.250385390005429677e-03
1.799952799999998909e+00,7.250385390005429677e-03
1.800000000000000044e+00,7.250385390005429677e-03
1.800140400000000085e+00,7.250385390005429677e-03
1.800280800000000125e+00,7.250385390005429677e-03
1.800421200000000166e+00,7.250385390005429677e-03
1.800561600000000206e+00,7.250385390005429677e-03
1.800702000000000247e+00,7.250385390005429677e-03
1.800842400000000287e+00,7.250385390005429677e-03
1.800982800000000328e+00,7.250385390005429677e-03
1.801123200000000368e+00,7.250385390005429677e-03
1.801263600000000409e+00,7.250385390005429677e-03
1.801404000000000449e+00,7.250385390005429677e-03
1.801544400000000490e+00,7.250385390005429677e-03
1.801684800000000530e+00,7.250385390005429677e-03
1.801825200000000571e+00,7.250385390005429677e-03
1.801965600000000611e+00,7.250385390005429677e-03
1.802019999999999955e+00,7.250385390005429677e-03
1.802160199999999879e+00,7.250385390005429677e-03
1.802300399999999803e+00,7.250385390005429677e-03
1.802440599999999726e+00,7.250385390005429677e-03
1.802580799999999650e+00,7.250385390005429677e-03
1.802720999999999574e+00,7.250385390005429677e-03
1.802861199999999497e+00,7.250385390005429677e-03
1.803001399999999421e+00,7.250385390005429677e-03
1.803141599999999345e+00,7.250385390005429677e-03
1.803281799999999269e+00,7.250385390005429677e-03
1.803421999999999192e+00,7.250385390005429677e-03
1.803562199999999116e+00,7.250385390005429677e-03
1.803702399999999040e+00,7.250385390005429677e-03
1.803842599999998964e+00,7.250385390005429677e-03
1.803982799999998887e+00,7.250385390005429677e-03
1.804030000000000022e+00,7.250385390005429677e-03
1.804170400000000063e+00,7.250908791305533604e-03
1.804310800000000103e+00,7.251432199825992922e-03
1.804451200000000144e+00,7.251955615566196139e-03
1.804591600000000184e+00,7.252479038525527430e-03
1.804732000000000225e+00,7.253002468703393518e-03
1.804872400000000265e+00,7.253525906099172506e-03
1.805012800000000306e+00,7.254049350712258974e-03
1.805153200000000346e+00,7.254572802542037964e-03
1.805293600000000387e+00,7.255096261587904057e-03
1.805434000000000427e+00,7.255619727849252701e-03
1.805574400000000468e+00,7.256143201325456794e-03
1.805714800000000508e+00,7.256666682015925664e-03
1.805855200000000549e+00,7.257190169920047819e-03
1.805995600000000589e+00,7.257713665037203964e-03
1.806049999999999933e+00,7.257916502685544773e-03
1.806189000000000044e+00,7.258434787616179114e-03
1.806328000000000156e+00,7.258953079594321865e-03
1.806467000000000267e+00,7.259471378619385823e-03
1.806606000000000378e+00,7.259989684690782916e-03
1.806745000000000489e+00,7.260507997807918133e-03
1.806884000000000601e+00,7.261026317970192996e-03
1.807023000000000712e+00,7.261544645177020300e-03
1.807162000000000823e+00,7.262062979427806771e-03
1.807301000000000935e+00,7.262581320721963468e-03
1.807440000000001046e+00,7.263099669058901454e-03
1.807579000000001157e+00,7.263618024438020515e-03
1.807718000000001268e+00,7.264136386858727375e-03
1.807857000000001380e+00,7.264654756320437431e-03
1.807996000000001491e+00,7.265173132822556543e-03
1.808000000000000052e+00,7.265188050235851618e-03
1.808140199999999975e+00,7.265710909244065333e-03
1.808280399999999899e+00,7.266233775391157078e-03
1.808420599999999823e+00,7.266756648676517098e-03
1.808560799999999746e+00,7.267279529099542577e-03
1.808700999999999670e+00,7.267802416659625495e-03
1.808841199999999594e+00,7.268325311356153492e-03
1.808981399999999518e+00,7.268848213188515948e-03
1.809121599999999441e+00,7.269371122156104842e-03
1.809261799999999365e+00,7.269894038258314754e-03
1.809401999999999289e+00,7.270416961494539400e-03
1.809542199999999212e+00,7.270939891864173360e-03
1.809682399999999136e+00,7.271462829366591267e-03
1.809822599999999060e+00,7.271985774001201580e-03
1.809962799999998984e+00,7.272508725767390207e-03
1.810009999999999897e+00,7.272684785313085140e-03
1.810150399999999937e+00,7.272684785313085140e-03
1.810290799999999978e+00,7.272684785313085140e-03
1.810431200000000018e+00,7.272684785313085140e-03
1.810571600000000059e+00,7.272684785313085140e-03
1.810712000000000099e+00,7.272684785313085140e-03
1.810852400000000140e+00,7.272684785313085140e-03
1.810992800000000180e+00,7.272684785313085140e-03
1.811133200000000221e+00,7.272684785313085140e-03
1.811273600000000261e+00,7.272684785313085140e-03
1.811414000000000302e+00,7.272684785313085140e-03
1.811554400000000342e+00,7.272684785313085140e-03
1.811694800000000383e+00,7.272684785313085140e-03
1.811835200000000423e+00,7.272684785313085140e-03
1.811975600000000464e+00,7.272684785313085140e-03
1.812030000000000030e+00,7.272684785313085140e-03
1.812170199999999953e+00,7.272684785313085140e-03
1.812310399999999877e+00,7.272684785313085140e-03
1.812450599999999801e+00,7.272684785313085140e-03
1.812590799999999724e+00,7.272684785313085140e-03
1.812730999999999648e+00,7.272684785313085140e-03
1.812871199999999572e+00,7.272684785313085140e-03
1.813011399999999496e+00,7.272684785313085140e-03
1.813151599999999419e+00,7.272684785313085140e-03
1.813291799999999343e+00,7.272684785313085140e-03
1.813431999999999267e+00,7.272684785313085140e-03
1.813572199999999190e+00,7.272684785313085140e-03
1.813712399999999114e+00,7.272684785313085140e-03
1.813852599999999038e+00,7.272684785313085140e-03
1.813992799999998962e+00,7.272684785313085140e-03
1.814040000000000097e+00,7.272684785313085140e-03
1.814179200000000103e+00,7.272684785313085140e-03
1.814318400000000109e+00,7.272684785313085140e-03
1.814457600000000115e+00,7.272684785313085140e-03
1.814596800000000121e+00,7.272684785313085140e-03
1.814736000000000127e+00,7.272684785313085140e-03
1.814875200000000133e+00,7.272684785313085140e-03
1.815014400000000139e+00,7.272684785313085140e-03
1.815153600000000145e+00,7.272684785313085140e-03
1.815292800000000151e+00,7.272684785313085140e-03
1.815432000000000157e+00,7.272684785313085140e-03
1.815571200000000163e+00,7.272684785313085140e-03
1.815710400000000169e+00,7.272684785313085140e-03
1.815849600000000175e+00,7.272684785313085140e-03
1.815988800000000181e+00,7.272684785313085140e-03
1.816000000000000059e+00,7.272684785313085140e-03
1.816140199999999982e+00,7.272684785313085140e-03
1.816280399999999906e+00,7.272684785313085140e-03
1.816420599999999830e+00,7.272684785313085140e-03
1.816560799999999753e+00,7.272684785313085140e-03
1.816700999999999677e+00,7.272684785313085140e-03
1.816841199999999601e+00,7.272684785313085140e-03
1.816981399999999525e+00,7.272684785313085140e-03
1.817121599999999448e+00,7.272684785313085140e-03
1.817261799999999372e+00,7.272684785313085140e-03
1.817401999999999296e+00,7.272684785313085140e-03
1.817542199999999220e+00,7.272684785313085140e-03
1.817682399999999143e+00,7.272684785313085140e-03
1.817822599999999067e+00,7.272684785313085140e-03
1.817962799999998991e+00,7.272684785313085140e-03
1.818009999999999904e+00,7.272684785313085140e-03
1.818150199999999828e+00,7.272684785313085140e-03
1.818290399999999751e+00,7.272684785313085140e-03
1.818430599999999675e+00,7.272684785313085140e-03
1.818570799999999599e+00,7.272684785313085140e-03
1.818710999999999522e+00,7.272684785313085140e-03
1.818851199999999446e+00,7.272684785313085140e-03
1.818991399999999370e+00,7.272684785313085140e-03
1.819131599999999294e+00,7.272684785313085140e-03
1.819271799999999217e+00,7.272684785313085140e-03
1.819411999999999141e+00,7.272684785313085140e-03
1.819552199999999065e+00,7.272684785313085140e-03
1.819692399999998988e+00,7.272684785313085140e-03
1.819832599999998912e+00,7.272684785313085140e-03
1.819972799999998836e+00,7.272684785313085140e-03
1.820019999999999971e+00,7.272684785313085140e-03
1.820160400000000012e+00,7.272684785313085140e-03
1.820300800000000052e+00,7.272684785313085140e-03
1.820441200000000093e+00,7.272684785313085140e-03
1.820581600000000133e+00,7.272684785313085140e-03
1.820722000000000174e+00,7.272684785313085140e-03
1.820862400000000214e+00,7.272684785313085140e-03
1.821002800000000255e+00,7.272684785313085140e-03
1.821143200000000295e+00,7.272684785313085140e-03
1.821283600000000336e+00,7.272684785313085140e-03
1.821424000000000376e+00,7.272684785313085140e-03
1.821564400000000417e+00,7.272684785313085140e-03
1.821704800000000457e+00,7.272684785313085140e-03
1.821845200000000498e+00,7.272684785313085140e-03
1.821985600000000538e+00,7.272684785313085140e-03
1.822040000000000104e+00,7.272684785313085140e-03
1.822178999999999993e+00,7.272684785313085140e-03
1.822317999999999882e+00,7.272684785313085140e-03
1.822456999999999772e+00,7.272684785313085140e-03
1.822595999999999661e+00,7.272684785313085140e-03
1.822734999999999550e+00,7.272684785313085140e-03
1.822873999999999439e+00,7.272684785313085140e-03
1.823012999999999328e+00,7.272684785313085140e-03
1.823151999999999218e+00,7.272684785313085140e-03
1.823290999999999107e+00,7.272684785313085140e-03
1.823429999999998996e+00,7.272684785313085140e-03
1.823568999999998885e+00,7.272684785313085140e-03
1.823707999999998774e+00,7.272684785313085140e-03
1.823846999999998664e+00,7.272684785313085140e-03
1.823985999999998553e+00,7.272684785313085140e-03
1.823990000000000000e+00,7.272684785313085140e-03
1.824130400000000041e+00,7.272684785313085140e-03
1.824270800000000081e+00,7.272684785313085140e-03
1.824411200000000122e+00,7.272684785313085140e-03
1.824551600000000162e+00,7.272684785313085140e-03
1.824692000000000203e+00,7.272684785313085140e-03
1.824832400000000243e+00,7.272684785313085140e-03
1.824972800000000284e+00,7.272684785313085140e-03
1.825113200000000324e+00,7.272684785313085140e-03
1.825253600000000365e+00,7.272684785313085140e-03
1.825394000000000405e+00,7.272684785313085140e-03
1.825534400000000446e+00,7.272684785313085140e-03
1.825674800000000486e+00,7.272684785313085140e-03
1.825815200000000527e+00,7.272684785313085140e-03
1.825955600000000567e+00,7.272684785313085140e-03
1.826009999999999911e+00,7.272684785313085140e-03
1.826150199999999835e+00,7.272684785313085140e-03
1.826290399999999758e+00,7.272684785313085140e-03
1.826430599999999682e+00,7.272684785313085140e-03
1.826570799999999606e+00,7.272684785313085140e-03
1.826710999999999530e+00,7.272684785313085140e-03
1.826851199999999453e+00,7.272684785313085140e-03
1.826991399999999377e+00,7.272684785313085140e-03
1.827131599999999301e+00,7.272684785313085140e-03
1.827271799999999224e+00,7.272684785313085140e-03
1.827411999999999148e+00,7.272684785313085140e-03
1.827552199999999072e+00,7.272684785313085140e-03
1.827692399999998996e+00,7.272684785313085140e-03
1.827832599999998919e+00,7.272684785313085140e-03
1.827972799999998843e+00,7.272684785313085140e-03
1.828019999999999978e+00,7.272684785313085140e-03
1.828160199999999902e+00,7.272684785313085140e-03
1.828300399999999826e+00,7.272684785313085140e-03
1.828440599999999749e+00,7.272684785313085140e-03
1.828580799999999673e+00,7.272684785313085140e-03
1.828720999999999597e+00,7.272684785313085140e-03
1.828861199999999521e+00,7.272684785313085140e-03
1.829001399999999444e+00,7.272684785313085140e-03
1.829141599999999368e+00,7.272684785313085140e-03
1.829281799999999292e+00,7.272684785313085140e-03
1.829421999999999215e+00,7.272684785313085140e-03
1.829562199999999139e+00,7.272684785313085140e-03
1.829702399999999063e+00,7.272684785313085140e-03
1.829842599999998987e+00,7.272684785313085140e-03
1.829982799999998910e+00,7.272684785313085140e-03
1.830030000000000046e+00,7.272684785313085140e-03
1.830169200000000052e+00,7.272684785313085140e-03
1.830308400000000058e+00,7.272684785313085140e-03
1.830447600000000064e+00,7.272684785313085140e-03
1.830586800000000069e+00,7.272684785313085140e-03
1.830726000000000075e+00,7.272684785313085140e-03
1.830865200000000081e+00,7.272684785313085140e-03
1.831004400000000087e+00,7.272684785313085140e-03
1.831143600000000093e+00,7.272684785313085140e-03
1.831282800000000099e+00,7.272684785313085140e-03
1.831422000000000105e+00,7.272684785313085140e-03
1.831561200000000111e+00,7.272684785313085140e-03
1.831700400000000117e+00,7.272684785313085140e-03
1.831839600000000123e+00,7.272684785313085140e-03
1.831978800000000129e+00,7.272684785313085140e-03
1.831990000000000007e+00,7.272684785313085140e-03
1.832130199999999931e+00,7.272684785313085140e-03
1.832270399999999855e+00,7.272684785313085140e-03
1.832410599999999778e+00,7.272684785313085140e-03
1.832550799999999702e+00,7.272684785313085140e-03
1.832690999999999626e+00,7.272684785313085140e-03
1.832831199999999550e+00,7.272684785313085140e-03
1.832971399999999473e+00,7.272684785313085140e-03
1.833111599999999397e+00,7.272684785313085140e-03
1.833251799999999321e+00,7.272684785313085140e-03
1.833391999999999245e+00,7.272684785313085140e-03
1.833532199999999168e+00,7.272684785313085140e-03
1.833672399999999092e+00,7.272684785313085140e-03
1.833812599999999016e+00,7.272684785313085140e-03
1.833952799999998939e+00,7.272684785313085140e-03
1.834000000000000075e+00,7.272684785313085140e-03
1.834140400000000115e+00,7.272684785313085140e-03
1.834280800000000156e+00,7.272684785313085140e-03
1.834421200000000196e+00,7.272684785313085140e-03
1.834561600000000237e+00,7.272684785313085140e-03
1.834702000000000277e+00,7.272684785313085140e-03
1.834842400000000318e+00,7.272684785313085140e-03
1.834982800000000358e+00,7.272684785313085140e-03
1.835123200000000399e+00,7.272684785313085140e-03
1.835263600000000439e+00,7.272684785313085140e-03
1.835404000000000480e+00,7.272684785313085140e-03
1.835544400000000520e+00,7.272684785313085140e-03
1.835684800000000561e+00,7.272684785313085140e-03
1.835825200000000601e+00,7.272684785313085140e-03
1.835965600000000642e+00,7.272684785313085140e-03
1.836019999999999985e+00,7.272684785313085140e-03
1.836160199999999909e+00,7.272684785313085140e-03
1.836300399999999833e+00,7.272684785313085140e-03
1.836440599999999757e+00,7.272684785313085140e-03
1.836580799999999680e+00,7.272684785313085140e-03
1.836720999999999604e+00,7.272684785313085140e-03
1.836861199999999528e+00,7.272684785313085140e-03
1.837001399999999451e+00,7.272684785313085140e-03
1.837141599999999375e+00,7.272684785313085140e-03
1.837281799999999299e+00,7.272684785313085140e-03
1.837421999999999223e+00,7.272684785313085140e-03
1.837562199999999146e+00,7.272684785313085140e-03
1.837702399999999070e+00,7.272684785313085140e-03
1.837842599999998994e+00,7.272684785313085140e-03
1.837982799999998917e+00,7.272684785313085140e-03
1.838030000000000053e+00,7.272684785313085140e-03
1.838170199999999976e+00,7.272684785313085140e-03
1.838310399999999900e+00,7.272684785313085140e-03
1.838450599999999824e+00,7.272684785313085140e-03
1.838590799999999748e+00,7.272684785313085140e-03
1.838730999999999671e+00,7.272684785313085140e-03
1.838871199999999595e+00,7.272684785313085140e-03
1.839011399999999519e+00,7.272684785313085140e-03
1.839151599999999442e+00,7.272684785313085140e-03
1.839291799999999366e+00,7.272684785313085140e-03
1.839431999999999290e+00,7.272684785313085140e-03
1.839572199999999214e+00,7.272684785313085140e-03
1.839712399999999137e+00,7.272684785313085140e-03
1.839852599999999061e+00,7.272684785313085140e-03
1.839992799999998985e+00,7.272684785313085140e-03
1.840039999999999898e+00,7.272684785313085140e-03
1.840179199999999904e+00,7.272684785313085140e-03
1.840318399999999910e+00,7.272684785313085140e-03
1.840457599999999916e+00,7.272684785313085140e-03
1.840596799999999922e+00,7.272684785313085140e-03
1.840735999999999928e+00,7.272684785313085140e-03
1.840875199999999934e+00,7.272684785313085140e-03
1.841014399999999940e+00,7.272684785313085140e-03
1.841153599999999946e+00,7.272684785313085140e-03
1.841292799999999952e+00,7.272684785313085140e-03
1.841431999999999958e+00,7.272684785313085140e-03
1.841571199999999964e+00,7.272684785313085140e-03
1.841710399999999970e+00,7.272684785313085140e-03
1.841849599999999976e+00,7.272684785313085140e-03
1.841988799999999982e+00,7.272684785313085140e-03
1.842000000000000082e+00,7.272684785313085140e-03
1.842140200000000005e+00,7.272684785313085140e-03
1.842280399999999929e+00,7.272684785313085140e-03
1.842420599999999853e+00,7.272684785313085140e-03
1.842560799999999777e+00,7.272684785313085140e-03
1.842700999999999700e+00,7.272684785313085140e-03
1.842841199999999624e+00,7.272684785313085140e-03
1.842981399999999548e+00,7.272684785313085140e-03
1.843121599999999471e+00,7.272684785313085140e-03
1.843261799999999395e+00,7.272684785313085140e-03
1.843401999999999319e+00,7.272684785313085140e-03
1.843542199999999243e+00,7.272684785313085140e-03
1.843682399999999166e+00,7.272684785313085140e-03
1.843822599999999090e+00,7.272684785313085140e-03
1.843962799999999014e+00,7.272684785313085140e-03
1.844009999999999927e+00,7.272684785313085140e-03
1.844150399999999967e+00,7.272684785313085140e-03
1.844290800000000008e+00,7.272684785313085140e-03
1.844431200000000048e+00,7.272684785313085140e-03
1.844571600000000089e+00,7.272684785313085140e-03
1.844712000000000129e+00,7.272684785313085140e-03
1.844852400000000170e+00,7.272684785313085140e-03
1.844992800000000210e+00,7.272684785313085140e-03
1.845133200000000251e+00,7.272684785313085140e-03
1.845273600000000291e+00,7.272684785313085140e-03
1.845414000000000332e+00,7.272684785313085140e-03
1.845554400000000372e+00,7.272684785313085140e-03
1.845694800000000413e+00,7.272684785313085140e-03
1.845835200000000453e+00,7.272684785313085140e-03
1.845975600000000494e+00,7.272684785313085140e-03
1.846030000000000060e+00,7.272684785313085140e-03
1.846170199999999983e+00,7.272684785313085140e-03
1.846310399999999907e+00,7.272684785313085140e-03
1.846450599999999831e+00,7.272684785313085140e-03
1.846590799999999755e+00,7.272684785313085140e-03
1.846730999999999678e+00,7.272684785313085140e-03
1.846871199999999602e+00,7.272684785313085140e-03
1.847011399999999526e+00,7.272684785313085140e-03
1.847151599999999450e+00,7.272684785313085140e-03
1.847291799999999373e+00,7.272684785313085140e-03
1.847431999999999297e+00,7.272684785313085140e-03
1.847572199999999221e+00,7.272684785313085140e-03
1.847712399999999144e+00,7.272684785313085140e-03
1.847852599999999068e+00,7.272684785313085140e-03
1.847992799999998992e+00,7.272684785313085140e-03
1.848039999999999905e+00,7.272684785313085140e-03
1.848179000000000016e+00,7.272684785313085140e-03
1.848318000000000128e+00,7.272684785313085140e-03
1.848457000000000239e+00,7.272684785313085140e-03
1.848596000000000350e+00,7.272684785313085140e-03
1.848735000000000461e+00,7.272684785313085140e-03
1.848874000000000573e+00,7.272684785313085140e-03
1.849013000000000684e+00,7.272684785313085140e-03
1.849152000000000795e+00,7.272684785313085140e-03
1.849291000000000906e+00,7.272684785313085140e-03
1.849430000000001018e+00,7.272684785313085140e-03
1.849569000000001129e+00,7.272684785313085140e-03
1.849708000000001240e+00,7.272684785313085140e-03
1.849847000000001351e+00,7.272684785313085140e-03
1.849986000000001463e+00,7.272684785313085140e-03
1.849990000000000023e+00,7.272684785313085140e-03
1.850130400000000064e+00,7.272684785313085140e-03
1.850270800000000104e+00,7.272684785313085140e-03
1.850411200000000145e+00,7.272684785313085140e-03
1.850551600000000185e+00,7.272684785313085140e-03
1.850692000000000226e+00,7.272684785313085140e-03
1.850832400000000266e+00,7.272684785313085140e-03
1.850972800000000307e+00,7.272684785313085140e-03
1.851113200000000347e+00,7.272684785313085140e-03
1.851253600000000388e+00,7.272684785313085140e-03
1.851394000000000428e+00,7.272684785313085140e-03
1.851534400000000469e+00,7.272684785313085140e-03
1.851674800000000509e+00,7.272684785313085140e-03
1.851815200000000550e+00,7.272684785313085140e-03
1.851955600000000590e+00,7.272684785313085140e-03
1.852009999999999934e+00,7.272684785313085140e-03
1.852150199999999858e+00,7.272684785313085140e-03
1.852290399999999781e+00,7.272684785313085140e-03
1.852430599999999705e+00,7.272684785313085140e-03
1.852570799999999629e+00,7.272684785313085140e-03
1.852710999999999553e+00,7.272684785313085140e-03
1.852851199999999476e+00,7.272684785313085140e-03
1.852991399999999400e+00,7.272684785313085140e-03
1.853131599999999324e+00,7.272684785313085140e-03
1.853271799999999248e+00,7.272684785313085140e-03
1.853411999999999171e+00,7.272684785313085140e-03
1.853552199999999095e+00,7.272684785313085140e-03
1.853692399999999019e+00,7.272684785313085140e-03
1.853832599999998942e+00,7.272684785313085140e-03
1.853972799999998866e+00,7.272684785313085140e-03
1.854020000000000001e+00,7.272684785313085140e-03
1.854160199999999925e+00,7.272684785313085140e-03
1.854300399999999849e+00,7.272684785313085140e-03
1.854440599999999773e+00,7.272684785313085140e-03
1.854580799999999696e+00,7.272684785313085140e-03
1.854720999999999620e+00,7.272684785313085140e-03
1.854861199999999544e+00,7.272684785313085140e-03
1.855001399999999467e+00,7.272684785313085140e-03
1.855141599999999391e+00,7.272684785313085140e-03
1.855281799999999315e+00,7.272684785313085140e-03
1.855421999999999239e+00,7.272684785313085140e-03
1.855562199999999162e+00,7.272684785313085140e-03
1.855702399999999086e+00,7.272684785313085140e-03
1.855842599999999010e+00,7.272684785313085140e-03
1.855982799999998933e+00,7.272684785313085140e-03
1.856030000000000069e+00,7.272684785313085140e-03
1.856169200000000075e+00,7.272684785313085140e-03
1.856308400000000081e+00,7.272684785313085140e-03
1.856447600000000087e+00,7.272684785313085140e-03
1.856586800000000093e+00,7.272684785313085140e-03
1.856726000000000099e+00,7.272684785313085140e-03
1.856865200000000105e+00,7.272684785313085140e-03
1.857004400000000111e+00,7.272684785313085140e-03
1.857143600000000117e+00,7.272684785313085140e-03
1.857282800000000123e+00,7.272684785313085140e-03
1.857422000000000128e+00,7.272684785313085140e-03
1.857561200000000134e+00,7.272684785313085140e-03
1.857700400000000140e+00,7.272684785313085140e-03
1.857839600000000146e+00,7.272684785313085140e-03
1.857978800000000152e+00,7.272684785313085140e-03
1.857990000000000030e+00,7.272684785313085140e-03
1.858130199999999954e+00,7.272684785313085140e-03
1.858270399999999878e+00,7.272684785313085140e-03
1.858410599999999802e+00,7.272684785313085140e-03
1.858550799999999725e+00,7.272684785313085140e-03
1.858690999999999649e+00,7.272684785313085140e-03
1.858831199999999573e+00,7.272684785313085140e-03
1.858971399999999496e+00,7.272684785313085140e-03
1.859111599999999420e+00,7.272684785313085140e-03
1.859251799999999344e+00,7.272684785313085140e-03
1.859391999999999268e+00,7.272684785313085140e-03
1.859532199999999191e+00,7.272684785313085140e-03
1.859672399999999115e+00,7.272684785313085140e-03
1.859812599999999039e+00,7.272684785313085140e-03
1.859952799999998962e+00,7.272684785313085140e-03
1.860000000000000098e+00,7.272684785313085140e-03
1.860140400000000138e+00,7.272684785313085140e-03
1.860280800000000179e+00,7.272684785313085140e-03
1.860421200000000219e+00,7.272684785313085140e-03
1.860561600000000260e+00,7.272684785313085140e-03
1.860702000000000300e+00,7.272684785313085140e-03
1.860842400000000341e+00,7.272684785313085140e-03
1.860982800000000381e+00,7.272684785313085140e-03
1.861123200000000422e+00,7.272684785313085140e-03
1.861263600000000462e+00,7.272684785313085140e-03
1.861404000000000503e+00,7.272684785313085140e-03
1.861544400000000543e+00,7.272684785313085140e-03
1.861684800000000584e+00,7.272684785313085140e-03
1.861825200000000624e+00,7.272684785313085140e-03
1.861965600000000665e+00,7.272684785313085140e-03
1.862020000000000008e+00,7.272684785313085140e-03
1.862160199999999932e+00,7.272684785313085140e-03
1.862300399999999856e+00,7.272684785313085140e-03
1.862440599999999780e+00,7.272684785313085140e-03
1.862580799999999703e+00,7.272684785313085140e-03
1.862720999999999627e+00,7.272684785313085140e-03
1.862861199999999551e+00,7.272684785313085140e-03
1.863001399999999474e+00,7.272684785313085140e-03
1.863141599999999398e+00,7.272684785313085140e-03
1.863281799999999322e+00,7.272684785313085140e-03
1.863421999999999246e+00,7.272684785313085140e-03
1.863562199999999169e+00,7.272684785313085140e-03
1.863702399999999093e+00,7.272684785313085140e-03
1.863842599999999017e+00,7.272684785313085140e-03
1.863982799999998941e+00,7.272684785313085140e-03
1.864030000000000076e+00,7.272684785313085140e-03
1.864170199999999999e+00,7.272684785313085140e-03
1.864310399999999923e+00,7.272684785313085140e-03
1.864450599999999847e+00,7.272684785313085140e-03
1.864590799999999771e+00,7.272684785313085140e-03
1.864730999999999694e+00,7.272684785313085140e-03
1.864871199999999618e+00,7.272684785313085140e-03
1.865011399999999542e+00,7.272684785313085140e-03
1.865151599999999465e+00,7.272684785313085140e-03
1.865291799999999389e+00,7.272684785313085140e-03
1.865431999999999313e+00,7.272684785313085140e-03
1.865572199999999237e+00,7.272684785313085140e-03
1.865712399999999160e+00,7.272684785313085140e-03
1.865852599999999084e+00,7.272684785313085140e-03
1.865992799999999008e+00,7.272684785313085140e-03
1.866039999999999921e+00,7.272684785313085140e-03
1.866179199999999927e+00,7.272684785313085140e-03
1.866318399999999933e+00,7.272684785313085140e-03
1.866457599999999939e+00,7.272684785313085140e-03
1.866596799999999945e+00,7.272684785313085140e-03
1.866735999999999951e+00,7.272684785313085140e-03
1.866875199999999957e+00,7.272684785313085140e-03
1.867014399999999963e+00,7.272684785313085140e-03
1.867153599999999969e+00,7.272684785313085140e-03
1.867292799999999975e+00,7.272684785313085140e-03
1.867431999999999981e+00,7.272684785313085140e-03
1.867571199999999987e+00,7.272684785313085140e-03
1.867710399999999993e+00,7.272684785313085140e-03
1.867849599999999999e+00,7.272684785313085140e-03
1.867988800000000005e+00,7.272684785313085140e-03
1.868000000000000105e+00,7.272684785313085140e-03
1.868140200000000029e+00,7.272684785313085140e-03
1.868280399999999952e+00,7.272684785313085140e-03
1.868420599999999876e+00,7.272684785313085140e-03
1.868560799999999800e+00,7.272684785313085140e-03
1.868700999999999723e+00,7.272684785313085140e-03
1.868841199999999647e+00,7.272684785313085140e-03
1.868981399999999571e+00,7.272684785313085140e-03
1.869121599999999495e+00,7.272684785313085140e-03
1.869261799999999418e+00,7.272684785313085140e-03
1.869401999999999342e+00,7.272684785313085140e-03
1.869542199999999266e+00,7.272684785313085140e-03
1.869682399999999189e+00,7.272684785313085140e-03
1.869822599999999113e+00,7.272684785313085140e-03
1.869962799999999037e+00,7.272684785313085140e-03
1.870009999999999950e+00,7.272684785313085140e-03
1.870150399999999991e+00,7.272684785313085140e-03
1.870290800000000031e+00,7.272684785313085140e-03
1.870431200000000072e+00,7.272684785313085140e-03
1.870571600000000112e+00,7.272684785313085140e-03
1.870712000000000153e+00,7.272684785313085140e-03
1.870852400000000193e+00,7.272684785313085140e-03
1.870992800000000233e+00,7.272684785313085140e-03
1.871133200000000274e+00,7.272684785313085140e-03
1.871273600000000314e+00,7.272684785313085140e-03
1.871414000000000355e+00,7.272684785313085140e-03
1.871554400000000395e+00,7.272684785313085140e-03
1.871694800000000436e+00,7.272684785313085140e-03
1.871835200000000476e+00,7.272684785313085140e-03
1.871975600000000517e+00,7.272684785313085140e-03
1.872030000000000083e+00,7.272684785313085140e-03
1.872170200000000007e+00,7.272684785313085140e-03
1.872310399999999930e+00,7.272684785313085140e-03
1.872450599999999854e+00,7.272684785313085140e-03
1.872590799999999778e+00,7.272684785313085140e-03
1.872730999999999701e+00,7.272684785313085140e-03
1.872871199999999625e+00,7.272684785313085140e-03
1.873011399999999549e+00,7.272684785313085140e-03
1.873151599999999473e+00,7.272684785313085140e-03
1.873291799999999396e+00,7.272684785313085140e-03
1.873431999999999320e+00,7.272684785313085140e-03
1.873572199999999244e+00,7.272684785313085140e-03
1.873712399999999167e+00,7.272684785313085140e-03
1.873852599999999091e+00,7.272684785313085140e-03
1.873992799999999015e+00,7.272684785313085140e-03
1.874039999999999928e+00,7.272684785313085140e-03
1.874179000000000039e+00,7.272684785313085140e-03
1.874318000000000151e+00,7.272684785313085140e-03
1.874457000000000262e+00,7.272684785313085140e-03
1.874596000000000373e+00,7.272684785313085140e-03
1.874735000000000484e+00,7.272684785313085140e-03
1.874874000000000596e+00,7.272684785313085140e-03
1.875013000000000707e+00,7.272684785313085140e-03
1.875152000000000818e+00,7.272684785313085140e-03
1.875291000000000929e+00,7.272684785313085140e-03
1.875430000000001041e+00,7.272684785313085140e-03
1.875569000000001152e+00,7.272684785313085140e-03
1.875708000000001263e+00,7.272684785313085140e-03
1.875847000000001374e+00,7.272684785313085140e-03
1.875986000000001486e+00,7.272684785313085140e-03
1.875990000000000046e+00,7.272684785313085140e-03
1.876130400000000087e+00,7.272684785313085140e-03
1.876270800000000127e+00,7.272684785313085140e-03
1.876411200000000168e+00,7.272684785313085140e-03
1.876551600000000208e+00,7.272684785313085140e-03
1.876692000000000249e+00,7.272684785313085140e-03
1.876832400000000289e+00,7.272684785313085140e-03
1.876972800000000330e+00,7.272684785313085140e-03
1.877113200000000370e+00,7.272684785313085140e-03
1.877253600000000411e+00,7.272684785313085140e-03
1.877394000000000451e+00,7.272684785313085140e-03
1.877534400000000492e+00,7.272684785313085140e-03
1.877674800000000532e+00,7.272684785313085140e-03
1.877815200000000573e+00,7.272684785313085140e-03
1.877955600000000613e+00,7.272684785313085140e-03
1.878009999999999957e+00,7.272684785313085140e-03
1.878150199999999881e+00,7.272684785313085140e-03
1.878290399999999805e+00,7.272684785313085140e-03
1.878430599999999728e+00,7.272684785313085140e-03
1.878570799999999652e+00,7.272684785313085140e-03
1.878710999999999576e+00,7.272684785313085140e-03
1.878851199999999499e+00,7.272684785313085140e-03
1.878991399999999423e+00,7.272684785313085140e-03
1.879131599999999347e+00,7.272684785313085140e-03
1.879271799999999271e+00,7.272684785313085140e-03
1.879411999999999194e+00,7.272684785313085140e-03
1.879552199999999118e+00,7.272684785313085140e-03
1.879692399999999042e+00,7.272684785313085140e-03
1.879832599999998966e+00,7.272684785313085140e-03
1.879972799999998889e+00,7.272684785313085140e-03
1.880020000000000024e+00,7.272684785313085140e-03
1.880160400000000065e+00,7.272684785313085140e-03
1.880300800000000105e+00,7.272684785313085140e-03
1.880441200000000146e+00,7.272684785313085140e-03
1.880581600000000186e+00,7.272684785313085140e-03
1.880722000000000227e+00,7.272684785313085140e-03
1.880862400000000267e+00,7.272684785313085140e-03
1.881002800000000308e+00,7.272684785313085140e-03
1.881143200000000348e+00,7.272684785313085140e-03
1.881283600000000389e+00,7.272684785313085140e-03
1.881424000000000429e+00,7.272684785313085140e-03
1.881564400000000470e+00,7.272684785313085140e-03
1.881704800000000510e+00,7.272684785313085140e-03
1.881845200000000551e+00,7.272684785313085140e-03
1.881985600000000591e+00,7.272684785313085140e-03
1.882039999999999935e+00,7.272684785313085140e-03
1.882179000000000046e+00,7.272684785313085140e-03
1.882318000000000158e+00,7.272684785313085140e-03
1.882457000000000269e+00,7.272684785313085140e-03
1.882596000000000380e+00,7.272684785313085140e-03
1.882735000000000491e+00,7.272684785313085140e-03
1.882874000000000603e+00,7.272684785313085140e-03
1.883013000000000714e+00,7.272684785313085140e-03
1.883152000000000825e+00,7.272684785313085140e-03
1.883291000000000937e+00,7.272684785313085140e-03
1.883430000000001048e+00,7.272684785313085140e-03
1.883569000000001159e+00,7.272684785313085140e-03
1.883708000000001270e+00,7.272684785313085140e-03
1.883847000000001382e+00,7.272684785313085140e-03
1.883986000000001493e+00,7.272684785313085140e-03
1.883990000000000054e+00,7.272684785313085140e-03
1.884130199999999977e+00,7.272684785313085140e-03
1.884270399999999901e+00,7.272684785313085140e-03
1.884410599999999825e+00,7.272684785313085140e-03
1.884550799999999748e+00,7.272684785313085140e-03
1.884690999999999672e+00,7.272684785313085140e-03
1.884831199999999596e+00,7.272684785313085140e-03
1.884971399999999520e+00,7.272684785313085140e-03
1.885111599999999443e+00,7.272684785313085140e-03
1.885251799999999367e+00,7.272684785313085140e-03
1.885391999999999291e+00,7.272684785313085140e-03
1.885532199999999214e+00,7.272684785313085140e-03
1.885672399999999138e+00,7.272684785313085140e-03
1.885812599999999062e+00,7.272684785313085140e-03
1.885952799999998986e+00,7.272684785313085140e-03
1.885999999999999899e+00,7.272684785313085140e-03
1.886140399999999939e+00,7.272684785313085140e-03
1.886280799999999980e+00,7.272684785313085140e-03
1.886421200000000020e+00,7.272684785313085140e-03
1.886561600000000061e+00,7.272684785313085140e-03
1.886702000000000101e+00,7.272684785313085140e-03
1.886842400000000142e+00,7.272684785313085140e-03
1.886982800000000182e+00,7.272684785313085140e-03
1.887123200000000223e+00,7.272684785313085140e-03
1.887263600000000263e+00,7.272684785313085140e-03
1.887404000000000304e+00,7.272684785313085140e-03
1.887544400000000344e+00,7.272684785313085140e-03
1.887684800000000385e+00,7.272684785313085140e-03
1.887825200000000425e+00,7.272684785313085140e-03
1.887965600000000466e+00,7.272684785313085140e-03
1.888020000000000032e+00,7.272684785313085140e-03
1.888160199999999955e+00,7.272684785313085140e-03
1.888300399999999879e+00,7.272684785313085140e-03
1.888440599999999803e+00,7.272684785313085140e-03
1.888580799999999726e+00,7.272684785313085140e-03
1.888720999999999650e+00,7.272684785313085140e-03
1.888861199999999574e+00,7.272684785313085140e-03
1.889001399999999498e+00,7.272684785313085140e-03
1.889141599999999421e+00,7.272684785313085140e-03
1.889281799999999345e+00,7.272684785313085140e-03
1.889421999999999269e+00,7.272684785313085140e-03
1.889562199999999192e+00,7.272684785313085140e-03
1.889702399999999116e+00,7.272684785313085140e-03
1.889842599999999040e+00,7.272684785313085140e-03
1.889982799999998964e+00,7.272684785313085140e-03
1.890030000000000099e+00,7.272684785313085140e-03
1.890170400000000139e+00,7.272684785313085140e-03
1.890310800000000180e+00,7.272684785313085140e-03
1.890451200000000220e+00,7.272684785313085140e-03
1.890591600000000261e+00,7.272684785313085140e-03
1.890732000000000301e+00,7.272684785313085140e-03
1.890872400000000342e+00,7.272684785313085140e-03
1.891012800000000382e+00,7.272684785313085140e-03
1.891153200000000423e+00,7.272684785313085140e-03
1.891293600000000463e+00,7.272684785313085140e-03
1.891434000000000504e+00,7.272684785313085140e-03
1.891574400000000544e+00,7.272684785313085140e-03
1.891714800000000585e+00,7.272684785313085140e-03
1.891855200000000625e+00,7.272684785313085140e-03
1.891995600000000666e+00,7.272684785313085140e-03
1.892050000000000010e+00,7.272684785313085140e-03
1.892188999999999899e+00,7.272684785313085140e-03
1.892327999999999788e+00,7.272684785313085140e-03
1.892466999999999677e+00,7.272684785313085140e-03
1.892605999999999566e+00,7.272684785313085140e-03
1.892744999999999456e+00,7.272684785313085140e-03
1.892883999999999345e+00,7.272684785313085140e-03
1.893022999999999234e+00,7.272684785313085140e-03
1.893161999999999123e+00,7.272684785313085140e-03
1.893300999999999013e+00,7.272684785313085140e-03
1.893439999999998902e+00,7.272684785313085140e-03
1.893578999999998791e+00,7.272684785313085140e-03
1.893717999999998680e+00,7.272684785313085140e-03
1.893856999999998569e+00,7.272684785313085140e-03
1.893995999999998459e+00,7.272684785313085140e-03
1.893999999999999906e+00,7.272684785313085140e-03
1.894140199999999830e+00,7.272684785313085140e-03
1.894280399999999753e+00,7.272684785313085140e-03
1.894420599999999677e+00,7.272684785313085140e-03
1.894560799999999601e+00,7.272684785313085140e-03
1.894700999999999524e+00,7.272684785313085140e-03
1.894841199999999448e+00,7.272684785313085140e-03
1.894981399999999372e+00,7.272684785313085140e-03
1.895121599999999296e+00,7.272684785313085140e-03
1.895261799999999219e+00,7.272684785313085140e-03
1.895401999999999143e+00,7.272684785313085140e-03
1.895542199999999067e+00,7.272684785313085140e-03
1.895682399999998990e+00,7.272684785313085140e-03
1.895822599999998914e+00,7.272684785313085140e-03
1.895962799999998838e+00,7.272684785313085140e-03
1.896009999999999973e+00,7.272684785313085140e-03
1.896150400000000014e+00,7.272684785313085140e-03
1.896290800000000054e+00,7.272684785313085140e-03
1.896431200000000095e+00,7.272684785313085140e-03
1.896571600000000135e+00,7.272684785313085140e-03
1.896712000000000176e+00,7.272684785313085140e-03
1.896852400000000216e+00,7.272684785313085140e-03
1.896992800000000257e+00,7.272684785313085140e-03
1.897133200000000297e+00,7.272684785313085140e-03
1.897273600000000338e+00,7.272684785313085140e-03
1.897414000000000378e+00,7.272684785313085140e-03
1.897554400000000419e+00,7.272684785313085140e-03
1.897694800000000459e+00,7.272684785313085140e-03
1.897835200000000500e+00,7.272684785313085140e-03
1.897975600000000540e+00,7.272684785313085140e-03
1.898030000000000106e+00,7.272684785313085140e-03
1.898170200000000030e+00,7.272684785313085140e-03
1.898310399999999953e+00,7.272684785313085140e-03
1.898450599999999877e+00,7.272684785313085140e-03
1.898590799999999801e+00,7.272684785313085140e-03
1.898730999999999725e+00,7.272684785313085140e-03
1.898871199999999648e+00,7.272684785313085140e-03
1.899011399999999572e+00,7.272684785313085140e-03
1.899151599999999496e+00,7.272684785313085140e-03
1.899291799999999419e+00,7.272684785313085140e-03
1.899431999999999343e+00,7.272684785313085140e-03
1.899572199999999267e+00,7.272684785313085140e-03
1.899712399999999191e+00,7.272684785313085140e-03
1.899852599999999114e+00,7.272684785313085140e-03
1.899992799999999038e+00,7.272684785313085140e-03
1.900039999999999951e+00,7.272684785313085140e-03
1.900179000000000062e+00,7.272684785313085140e-03
1.900318000000000174e+00,7.272684785313085140e-03
1.900457000000000285e+00,7.272684785313085140e-03
1.900596000000000396e+00,7.272684785313085140e-03
1.900735000000000507e+00,7.272684785313085140e-03
1.900874000000000619e+00,7.272684785313085140e-03
1.901013000000000730e+00,7.272684785313085140e-03
1.901152000000000841e+00,7.272684785313085140e-03
1.901291000000000952e+00,7.272684785313085140e-03
1.901430000000001064e+00,7.272684785313085140e-03
1.901569000000001175e+00,7.272684785313085140e-03
1.901708000000001286e+00,7.272684785313085140e-03
1.901847000000001398e+00,7.272684785313085140e-03
1.901986000000001509e+00,7.272684785313085140e-03
1.901990000000000069e+00,7.272684785313085140e-03
1.902130400000000110e+00,7.272684785313085140e-03
1.902270800000000150e+00,7.272684785313085140e-03
1.902411200000000191e+00,7.272684785313085140e-03
1.902551600000000231e+00,7.272684785313085140e-03
1.902692000000000272e+00,7.272684785313085140e-03
1.902832400000000312e+00,7.272684785313085140e-03
1.902972800000000353e+00,7.272684785313085140e-03
1.903113200000000393e+00,7.272684785313085140e-03
1.903253600000000434e+00,7.272684785313085140e-03
1.903394000000000474e+00,7.272684785313085140e-03
1.903534400000000515e+00,7.272684785313085140e-03
1.903674800000000555e+00,7.272684785313085140e-03
1.903815200000000596e+00,7.272684785313085140e-03
1.903955600000000636e+00,7.272684785313085140e-03
1.904009999999999980e+00,7.272684785313085140e-03
1.904150199999999904e+00,7.272684785313085140e-03
1.904290399999999828e+00,7.272684785313085140e-03
1.904430599999999751e+00,7.272684785313085140e-03
1.904570799999999675e+00,7.272684785313085140e-03
1.904710999999999599e+00,7.272684785313085140e-03
1.904851199999999523e+00,7.272684785313085140e-03
1.904991399999999446e+00,7.272684785313085140e-03
1.905131599999999370e+00,7.272684785313085140e-03
1.905271799999999294e+00,7.272684785313085140e-03
1.905411999999999217e+00,7.272684785313085140e-03
1.905552199999999141e+00,7.272684785313085140e-03
1.905692399999999065e+00,7.272684785313085140e-03
1.905832599999998989e+00,7.272684785313085140e-03
1.905972799999998912e+00,7.272684785313085140e-03
1.906020000000000048e+00,7.272684785313085140e-03
1.906160400000000088e+00,7.272684785313085140e-03
1.906300800000000129e+00,7.272684785313085140e-03
1.906441200000000169e+00,7.272684785313085140e-03
1.906581600000000210e+00,7.272684785313085140e-03
1.906722000000000250e+00,7.272684785313085140e-03
1.906862400000000290e+00,7.272684785313085140e-03
1.907002800000000331e+00,7.272684785313085140e-03
1.907143200000000371e+00,7.272684785313085140e-03
1.907283600000000412e+00,7.272684785313085140e-03
1.907424000000000452e+00,7.272684785313085140e-03
1.907564400000000493e+00,7.272684785313085140e-03
1.907704800000000533e+00,7.272684785313085140e-03
1.907845200000000574e+00,7.272684785313085140e-03
1.907985600000000614e+00,7.272684785313085140e-03
1.908039999999999958e+00,7.272684785313085140e-03
1.908179000000000070e+00,7.272684785313085140e-03
1.908318000000000181e+00,7.272684785313085140e-03
1.908457000000000292e+00,7.272684785313085140e-03
1.908596000000000403e+00,7.272684785313085140e-03
1.908735000000000515e+00,7.272684785313085140e-03
1.908874000000000626e+00,7.272684785313085140e-03
1.909013000000000737e+00,7.272684785313085140e-03
1.909152000000000848e+00,7.272684785313085140e-03
1.909291000000000960e+00,7.272684785313085140e-03
1.909430000000001071e+00,7.272684785313085140e-03
1.909569000000001182e+00,7.272684785313085140e-03
1.909708000000001293e+00,7.272684785313085140e-03
1.909847000000001405e+00,7.272684785313085140e-03
1.909986000000001516e+00,7.272684785313085140e-03
1.909990000000000077e+00,7.272684785313085140e-03
1.910130200000000000e+00,7.272684785313085140e-03
1.910270399999999924e+00,7.272684785313085140e-03
1.910410599999999848e+00,7.272684785313085140e-03
1.910550799999999771e+00,7.272684785313085140e-03
1.910690999999999695e+00,7.272684785313085140e-03
1.910831199999999619e+00,7.272684785313085140e-03
1.910971399999999543e+00,7.272684785313085140e-03
1.911111599999999466e+00,7.272684785313085140e-03
1.911251799999999390e+00,7.272684785313085140e-03
1.911391999999999314e+00,7.272684785313085140e-03
1.911532199999999238e+00,7.272684785313085140e-03
1.911672399999999161e+00,7.272684785313085140e-03
1.911812599999999085e+00,7.272684785313085140e-03
1.911952799999999009e+00,7.272684785313085140e-03
1.911999999999999922e+00,7.272684785313085140e-03
1.912140399999999962e+00,7.272684785313085140e-03
1.912280800000000003e+00,7.272684785313085140e-03
1.912421200000000043e+00,7.272684785313085140e-03
1.912561600000000084e+00,7.272684785313085140e-03
1.912702000000000124e+00,7.272684785313085140e-03
1.912842400000000165e+00,7.272684785313085140e-03
1.912982800000000205e+00,7.272684785313085140e-03
1.913123200000000246e+00,7.272684785313085140e-03
1.913263600000000286e+00,7.272684785313085140e-03
1.913404000000000327e+00,7.272684785313085140e-03
1.913544400000000367e+00,7.272684785313085140e-03
1.913684800000000408e+00,7.272684785313085140e-03
1.913825200000000448e+00,7.272684785313085140e-03
1.913965600000000489e+00,7.272684785313085140e-03
1.914020000000000055e+00,7.272684785313085140e-03
1.914160199999999978e+00,7.272684785313085140e-03
1.914300399999999902e+00,7.272684785313085140e-03
1.914440599999999826e+00,7.272684785313085140e-03
1.914580799999999750e+00,7.272684785313085140e-03
1.914720999999999673e+00,7.272684785313085140e-03
1.914861199999999597e+00,7.272684785313085140e-03
1.915001399999999521e+00,7.272684785313085140e-03
1.915141599999999444e+00,7.272684785313085140e-03
1.915281799999999368e+00,7.272684785313085140e-03
1.915421999999999292e+00,7.272684785313085140e-03
1.915562199999999216e+00,7.272684785313085140e-03
1.915702399999999139e+00,7.272684785313085140e-03
1.915842599999999063e+00,7.272684785313085140e-03
1.915982799999998987e+00,7.272684785313085140e-03
1.916029999999999900e+00,7.272684785313085140e-03
1.916170399999999940e+00,7.273208422071610925e-03
1.916310799999999981e+00,7.273732065980895861e-03
1.916451200000000021e+00,7.274255717040324122e-03
1.916591600000000062e+00,7.274779375249298963e-03
1.916732000000000102e+00,7.275303040607201087e-03
1.916872400000000143e+00,7.275826713113419004e-03
1.917012800000000183e+00,7.276350392767352501e-03
1.917153200000000224e+00,7.276874079568382281e-03
1.917293600000000264e+00,7.277397773515899455e-03
1.917434000000000305e+00,7.277921474609300341e-03
1.917574400000000345e+00,7.278445182847969978e-03
1.917714800000000386e+00,7.278968898231303816e-03
1.917855200000000426e+00,7.279492620758691232e-03
1.917995600000000467e+00,7.280016350429515531e-03
1.918050000000000033e+00,7.280219278945206443e-03
1.918188999999999922e+00,7.280737796020675390e-03
1.918327999999999811e+00,7.281256320100520582e-03
1.918466999999999700e+00,7.281774851184156551e-03
1.918605999999999590e+00,7.282293389270980480e-03
1.918744999999999479e+00,7.282811934360407767e-03
1.918883999999999368e+00,7.283330486451860750e-03
1.919022999999999257e+00,7.283849045544736611e-03
1.919161999999999146e+00,7.284367611638445546e-03
1.919300999999999036e+00,7.284886184732388206e-03
1.919439999999998925e+00,7.285404764825979991e-03
1.919578999999998814e+00,7.285923351918629359e-03
1.919717999999998703e+00,7.286441946009751709e-03
1.919856999999998592e+00,7.286960547098749429e-03
1.919995999999998482e+00,7.287479155185030109e-03
1.919999999999999929e+00,7.287494079262205569e-03
1.920140199999999853e+00,7.288017171834983675e-03
1.920280399999999776e+00,7.288540271528876242e-03
1.920420599999999700e+00,7.289063378343280455e-03
1.920560799999999624e+00,7.289586492277602171e-03
1.920700999999999548e+00,7.290109613331233369e-03
1.920841199999999471e+00,7.290632741503554753e-03
1.920981399999999395e+00,7.291155876793966109e-03
1.921121599999999319e+00,7.291679019201857681e-03
1.921261799999999242e+00,7.292202168726626653e-03
1.921401999999999166e+00,7.292725325367672810e-03
1.921542199999999090e+00,7.293248489124386398e-03
1.921682399999999014e+00,7.293771659996169804e-03
1.921822599999998937e+00,7.294294837982413272e-03
1.921962799999998861e+00,7.294818023082501844e-03
1.922009999999999996e+00,7.294994161177647575e-03
1.922150400000000037e+00,7.295518102149101645e-03
1.922290800000000077e+00,7.296042050257067584e-03
1.922431200000000118e+00,7.296566005500936501e-03
1.922571600000000158e+00,7.297089967880082163e-03
1.922712000000000199e+00,7.297613937393919101e-03
1.922852400000000239e+00,7.298137914041830619e-03
1.922992800000000280e+00,7.298661897823213902e-03
1.923133200000000320e+00,7.299185888737453123e-03
1.923273600000000361e+00,7.299709886783946333e-03
1.923414000000000401e+00,7.300233891962090715e-03
1.923554400000000442e+00,7.300757904271269576e-03
1.923694800000000482e+00,7.301281923710876628e-03
1.923835200000000523e+00,7.301805950280305588e-03
1.923975600000000563e+00,7.302329983978951035e-03
1.924029999999999907e+00,7.302533030289381187e-03
1.924170199999999831e+00,7.303056327376464957e-03
1.924310399999999754e+00,7.303579631574851593e-03
1.924450599999999678e+00,7.304102942883943482e-03
1.924590799999999602e+00,7.304626261303134339e-03
1.924730999999999526e+00,7.305149586831817879e-03
1.924871199999999449e+00,7.305672919469392151e-03
1.925011399999999373e+00,7.306196259215248269e-03
1.925151599999999297e+00,7.306719606068785150e-03
1.925291799999999220e+00,7.307242960029402580e-03
1.925431999999999144e+00,7.307766321096481263e-03
1.925572199999999068e+00,7.308289689269435729e-03
1.925712399999998992e+00,7.308813064547659694e-03
1.925852599999998915e+00,7.309336446930532992e-03
1.925992799999998839e+00,7.309859836417471890e-03
1.926039999999999974e+00,7.310036043318835289e-03
1.926179199999999980e+00,7.310555709048604384e-03
1.926318399999999986e+00,7.311075381784296230e-03
1.926457599999999992e+00,7.311595061525327094e-03
1.926596799999999998e+00,7.312114748271102832e-03
1.926736000000000004e+00,7.312634442021031037e-03
1.926875200000000010e+00,7.313154142774527106e-03
1.927014400000000016e+00,7.313673850530996896e-03
1.927153600000000022e+00,7.314193565289854940e-03
1.927292800000000028e+00,7.314713287050501889e-03
1.927432000000000034e+00,7.315233015812353141e-03
1.927571200000000040e+00,7.315752751574824964e-03
1.927710400000000046e+00,7.316272494337318875e-03
1.927849600000000052e+00,7.316792244099237265e-03
1.927988800000000058e+00,7.317312000859996397e-03
1.927999999999999936e+00,7.317353820672831306e-03
1.928140199999999860e+00,7.317877318962391631e-03
1.928280399999999783e+00,7.318400824353472715e-03
1.928420599999999707e+00,7.318924336845474346e-03
1.928560799999999631e+00,7.319447856437785033e-03
1.928700999999999555e+00,7.319971383129811500e-03
1.928841199999999478e+00,7.320494916920939656e-03
1.928981399999999402e+00,7.321018457810575357e-03
1.929121599999999326e+00,7.321542005798109716e-03
1.929261799999999250e+00,7.322065560882950325e-03
1.929401999999999173e+00,7.322589123064487428e-03
1.929542199999999097e+00,7.323112692342119943e-03
1.929682399999999021e+00,7.323636268715241586e-03
1.929822599999998944e+00,7.324159852183263417e-03
1.929962799999998868e+00,7.324683442745564405e-03
1.930010000000000003e+00,7.324859717338332368e-03
1.930150199999999927e+00,7.325383317385886217e-03
1.930290399999999851e+00,7.325906924529848596e-03
1.930430599999999774e+00,7.326430538769610618e-03
1.930570799999999698e+00,7.326954160104579873e-03
1.930710999999999622e+00,7.327477788534148342e-03
1.930851199999999546e+00,7.328001424057716678e-03
1.930991399999999469e+00,7.328525066674681197e-03
1.931131599999999393e+00,7.329048716384435613e-03
1.931271799999999317e+00,7.329572373186391855e-03
1.931411999999999241e+00,7.330096037079938433e-03
1.931552199999999164e+00,7.330619708064481203e-03
1.931692399999999088e+00,7.331143386139407810e-03
1.931832599999999012e+00,7.331667071304128445e-03
1.931972799999998935e+00,7.332190763558034223e-03
1.932020000000000071e+00,7.332367072384949822e-03
1.932160400000000111e+00,7.332891521200258535e-03
1.932300800000000152e+00,7.333415977126938635e-03
1.932441200000000192e+00,7.333940440164365623e-03
1.932581600000000233e+00,7.334464910311954897e-03
1.932722000000000273e+00,7.334989387569090628e-03
1.932862400000000314e+00,7.335513871935181278e-03
1.933002800000000354e+00,7.336038363409615355e-03
1.933143200000000395e+00,7.336562861991793513e-03
1.933283600000000435e+00,7.337087367681109466e-03
1.933424000000000476e+00,7.337611880476959531e-03
1.933564400000000516e+00,7.338136400378737420e-03
1.933704800000000557e+00,7.338660927385841186e-03
1.933845200000000597e+00,7.339185461497670614e-03
1.933985600000000638e+00,7.339710002713626356e-03
1.934039999999999981e+00,7.339913245660049587e-03
1.934179000000000093e+00,7.340432566134844766e-03
1.934318000000000204e+00,7.340951893575977175e-03
1.934457000000000315e+00,7.341471227982869149e-03
1.934596000000000426e+00,7.341990569354930017e-03
1.934735000000000538e+00,7.342509917691576043e-03
1.934874000000000649e+00,7.343029272992213953e-03
1.935013000000000760e+00,7.343548635256266083e-03
1.935152000000000871e+00,7.344068004483157372e-03
1.935291000000000983e+00,7.344587380672289341e-03
1.935430000000001094e+00,7.345106763823084327e-03
1.935569000000001205e+00,7.345626153934956860e-03
1.935708000000001316e+00,7.346145551007315401e-03
1.935847000000001428e+00,7.346664955039585755e-03
1.935986000000001539e+00,7.347184366031172913e-03
1.935990000000000100e+00,7.347199313212557023e-03
1.936130400000000140e+00,7.347723962950429913e-03
1.936270800000000181e+00,7.348248619789293605e-03
1.936411200000000221e+00,7.348773283728552222e-03
1.936551600000000262e+00,7.349297954767603815e-03
1.936692000000000302e+00,7.349822632905847301e-03
1.936832400000000343e+00,7.350347318142673794e-03
1.936972800000000383e+00,7.350872010477493487e-03
1.937113200000000424e+00,7.351396709909687952e-03
1.937253600000000464e+00,7.351921416438675187e-03
1.937394000000000505e+00,7.352446130063837633e-03
1.937534400000000545e+00,7.352970850784575942e-03
1.937674800000000586e+00,7.353495578600297705e-03
1.937815200000000626e+00,7.354020313510393168e-03
1.937955600000000667e+00,7.354545055514263852e-03
1.938010000000000010e+00,7.354748376255277297e-03
1.938150199999999934e+00,7.355272380589169927e-03
1.938290399999999858e+00,7.355796391998690835e-03
1.938430599999999782e+00,7.356320410483241541e-03
1.938570799999999705e+00,7.356844436042221831e-03
1.938710999999999629e+00,7.357368468675028889e-03
1.938851199999999553e+00,7.357892508381067703e-03
1.938991399999999476e+00,7.358416555159738928e-03
1.939131599999999400e+00,7.358940609010451023e-03
1.939271799999999324e+00,7.359464669932603773e-03
1.939411999999999248e+00,7.359988737925595229e-03
1.939552199999999171e+00,7.360512812988821707e-03
1.939692399999999095e+00,7.361036895121686463e-03
1.939832599999999019e+00,7.361560984323603160e-03
1.939972799999998943e+00,7.362085080593965512e-03
1.940020000000000078e+00,7.362261525431649731e-03
1.940160200000000001e+00,7.362785631152355369e-03
1.940300399999999925e+00,7.363309743943272610e-03
1.940440599999999849e+00,7.363833863803795170e-03
1.940580799999999773e+00,7.364357990733332374e-03
1.940720999999999696e+00,7.364882124731281406e-03
1.940861199999999620e+00,7.365406265797046388e-03
1.941001399999999544e+00,7.365930413930028842e-03
1.941141599999999467e+00,7.366454569129637225e-03
1.941281799999999391e+00,7.366978731395273927e-03
1.941421999999999315e+00,7.367502900726334396e-03
1.941562199999999239e+00,7.368027077122214948e-03
1.941702399999999162e+00,7.368551260582334450e-03
1.941842599999999086e+00,7.369075451106084015e-03
1.941982799999999010e+00,7.369599648692865164e-03
1.942029999999999923e+00,7.369776127638365780e-03
1.942169199999999929e+00,7.369776127638365780e-03
1.942308399999999935e+00,7.369776127638365780e-03
1.942447599999999941e+00,7.369776127638365780e-03
1.942586799999999947e+00,7.369776127638365780e-03
1.942725999999999953e+00,7.369776127638365780e-03
1.942865199999999959e+00,7.369776127638365780e-03
1.943004399999999965e+00,7.369776127638365780e-03
1.943143599999999971e+00,7.369776127638365780e-03
1.943282799999999977e+00,7.369776127638365780e-03
1.943421999999999983e+00,7.369776127638365780e-03
1.943561199999999989e+00,7.369776127638365780e-03
1.943700399999999995e+00,7.369776127638365780e-03
1.943839600000000001e+00,7.369776127638365780e-03
1.943978800000000007e+00,7.369776127638365780e-03
1.943990000000000107e+00,7.369776127638365780e-03
1.944130200000000031e+00,7.369776127638365780e-03
1.944270399999999954e+00,7.369776127638365780e-03
1.944410599999999878e+00,7.369776127638365780e-03
1.944550799999999802e+00,7.369776127638365780e-03
1.944690999999999725e+00,7.369776127638365780e-03
1.944831199999999649e+00,7.369776127638365780e-03
1.944971399999999573e+00,7.369776127638365780e-03
1.945111599999999497e+00,7.369776127638365780e-03
1.945251799999999420e+00,7.369776127638365780e-03
1.945391999999999344e+00,7.369776127638365780e-03
1.945532199999999268e+00,7.369776127638365780e-03
1.945672399999999191e+00,7.369776127638365780e-03
1.945812599999999115e+00,7.369776127638365780e-03
1.945952799999999039e+00,7.369776127638365780e-03
1.945999999999999952e+00,7.369776127638365780e-03
1.946140199999999876e+00,7.369776127638365780e-03
1.946280399999999799e+00,7.369776127638365780e-03
1.946420599999999723e+00,7.369776127638365780e-03
1.946560799999999647e+00,7.369776127638365780e-03
1.946700999999999571e+00,7.369776127638365780e-03
1.946841199999999494e+00,7.369776127638365780e-03
1.946981399999999418e+00,7.369776127638365780e-03
1.947121599999999342e+00,7.369776127638365780e-03
1.947261799999999266e+00,7.369776127638365780e-03
1.947401999999999189e+00,7.369776127638365780e-03
1.947542199999999113e+00,7.369776127638365780e-03
1.947682399999999037e+00,7.369776127638365780e-03
1.947822599999998960e+00,7.369776127638365780e-03
1.947962799999998884e+00,7.369776127638365780e-03
1.948010000000000019e+00,7.369776127638365780e-03
1.948150400000000060e+00,7.369776127638365780e-03
1.948290800000000100e+00,7.369776127638365780e-03
1.948431200000000141e+00,7.369776127638365780e-03
1.948571600000000181e+00,7.369776127638365780e-03
1.948712000000000222e+00,7.369776127638365780e-03
1.948852400000000262e+00,7.369776127638365780e-03
1.948992800000000303e+00,7.369776127638365780e-03
1.949133200000000343e+00,7.369776127638365780e-03
1.949273600000000384e+00,7.369776127638365780e-03
1.949414000000000424e+00,7.369776127638365780e-03
1.949554400000000465e+00,7.369776127638365780e-03
1.949694800000000505e+00,7.369776127638365780e-03
1.949835200000000546e+00,7.369776127638365780e-03
1.949975600000000586e+00,7.369776127638365780e-03
1.950029999999999930e+00,7.369776127638365780e-03
1.950170199999999854e+00,7.369776127638365780e-03
1.950310399999999778e+00,7.369776127638365780e-03
1.950450599999999701e+00,7.369776127638365780e-03
1.950590799999999625e+00,7.369776127638365780e-03
1.950730999999999549e+00,7.369776127638365780e-03
1.950871199999999472e+00,7.369776127638365780e-03
1.951011399999999396e+00,7.369776127638365780e-03
1.951151599999999320e+00,7.369776127638365780e-03
1.951291799999999244e+00,7.369776127638365780e-03
1.951431999999999167e+00,7.369776127638365780e-03
1.951572199999999091e+00,7.369776127638365780e-03
1.951712399999999015e+00,7.369776127638365780e-03
1.951852599999998938e+00,7.369776127638365780e-03
1.951992799999998862e+00,7.369776127638365780e-03
1.952039999999999997e+00,7.369776127638365780e-03
1.952179200000000003e+00,7.369776127638365780e-03
1.952318400000000009e+00,7.369776127638365780e-03
1.952457600000000015e+00,7.369776127638365780e-03
1.952596800000000021e+00,7.369776127638365780e-03
1.952736000000000027e+00,7.369776127638365780e-03
1.952875200000000033e+00,7.369776127638365780e-03
1.953014400000000039e+00,7.369776127638365780e-03
1.953153600000000045e+00,7.369776127638365780e-03
1.953292800000000051e+00,7.369776127638365780e-03
1.953432000000000057e+00,7.369776127638365780e-03
1.953571200000000063e+00,7.369776127638365780e-03
1.953710400000000069e+00,7.369776127638365780e-03
1.953849600000000075e+00,7.369776127638365780e-03
1.953988800000000081e+00,7.369776127638365780e-03
1.953999999999999959e+00,7.369776127638365780e-03
1.954140199999999883e+00,7.369776127638365780e-03
1.954280399999999807e+00,7.369776127638365780e-03
1.954420599999999730e+00,7.369776127638365780e-03
1.954560799999999654e+00,7.369776127638365780e-03
1.954700999999999578e+00,7.369776127638365780e-03
1.954841199999999501e+00,7.369776127638365780e-03
1.954981399999999425e+00,7.369776127638365780e-03
1.955121599999999349e+00,7.369776127638365780e-03
1.955261799999999273e+00,7.369776127638365780e-03
1.955401999999999196e+00,7.369776127638365780e-03
1.955542199999999120e+00,7.369776127638365780e-03
1.955682399999999044e+00,7.369776127638365780e-03
1.955822599999998967e+00,7.369776127638365780e-03
1.955962799999998891e+00,7.369776127638365780e-03
1.956010000000000026e+00,7.369776127638365780e-03
1.956150199999999950e+00,7.369776127638365780e-03
1.956290399999999874e+00,7.369776127638365780e-03
1.956430599999999798e+00,7.369776127638365780e-03
1.956570799999999721e+00,7.369776127638365780e-03
1.956710999999999645e+00,7.369776127638365780e-03
1.956851199999999569e+00,7.369776127638365780e-03
1.956991399999999492e+00,7.369776127638365780e-03
1.957131599999999416e+00,7.369776127638365780e-03
1.957271799999999340e+00,7.369776127638365780e-03
1.957411999999999264e+00,7.369776127638365780e-03
1.957552199999999187e+00,7.369776127638365780e-03
1.957692399999999111e+00,7.369776127638365780e-03
1.957832599999999035e+00,7.369776127638365780e-03
1.957972799999998958e+00,7.369776127638365780e-03
1.958020000000000094e+00,7.369776127638365780e-03
1.958160400000000134e+00,7.369776127638365780e-03
1.958300800000000175e+00,7.369776127638365780e-03
1.958441200000000215e+00,7.369776127638365780e-03
1.958581600000000256e+00,7.369776127638365780e-03
1.958722000000000296e+00,7.369776127638365780e-03
1.958862400000000337e+00,7.369776127638365780e-03
1.959002800000000377e+00,7.369776127638365780e-03
1.959143200000000418e+00,7.369776127638365780e-03
1.959283600000000458e+00,7.369776127638365780e-03
1.959424000000000499e+00,7.369776127638365780e-03
1.959564400000000539e+00,7.369776127638365780e-03
1.959704800000000580e+00,7.369776127638365780e-03
1.959845200000000620e+00,7.369776127638365780e-03
1.959985600000000661e+00,7.369776127638365780e-03
1.960040000000000004e+00,7.369776127638365780e-03
1.960178999999999894e+00,7.369776127638365780e-03
1.960317999999999783e+00,7.369776127638365780e-03
1.960456999999999672e+00,7.369776127638365780e-03
1.960595999999999561e+00,7.369776127638365780e-03
1.960734999999999451e+00,7.369776127638365780e-03
1.960873999999999340e+00,7.369776127638365780e-03
1.961012999999999229e+00,7.369776127638365780e-03
1.961151999999999118e+00,7.369776127638365780e-03
1.961290999999999007e+00,7.369776127638365780e-03
1.961429999999998897e+00,7.369776127638365780e-03
1.961568999999998786e+00,7.369776127638365780e-03
1.961707999999998675e+00,7.369776127638365780e-03
1.961846999999998564e+00,7.369776127638365780e-03
1.961985999999998453e+00,7.369776127638365780e-03
1.961989999999999901e+00,7.369776127638365780e-03
1.962130399999999941e+00,7.369776127638365780e-03
1.962270799999999982e+00,7.369776127638365780e-03
1.962411200000000022e+00,7.369776127638365780e-03
1.962551600000000063e+00,7.369776127638365780e-03
1.962692000000000103e+00,7.369776127638365780e-03
1.962832400000000144e+00,7.369776127638365780e-03
1.962972800000000184e+00,7.369776127638365780e-03
1.963113200000000225e+00,7.369776127638365780e-03
1.963253600000000265e+00,7.369776127638365780e-03
1.963394000000000306e+00,7.369776127638365780e-03
1.963534400000000346e+00,7.369776127638365780e-03
1.963674800000000387e+00,7.369776127638365780e-03
1.963815200000000427e+00,7.369776127638365780e-03
1.963955600000000468e+00,7.369776127638365780e-03
1.964010000000000034e+00,7.369776127638365780e-03
1.964150199999999957e+00,7.369776127638365780e-03
1.964290399999999881e+00,7.369776127638365780e-03
1.964430599999999805e+00,7.369776127638365780e-03
1.964570799999999728e+00,7.369776127638365780e-03
1.964710999999999652e+00,7.369776127638365780e-03
1.964851199999999576e+00,7.369776127638365780e-03
1.964991399999999500e+00,7.369776127638365780e-03
1.965131599999999423e+00,7.369776127638365780e-03
1.965271799999999347e+00,7.369776127638365780e-03
1.965411999999999271e+00,7.369776127638365780e-03
1.965552199999999194e+00,7.369776127638365780e-03
1.965692399999999118e+00,7.369776127638365780e-03
1.965832599999999042e+00,7.369776127638365780e-03
1.965972799999998966e+00,7.369776127638365780e-03
1.966020000000000101e+00,7.369776127638365780e-03
1.966160200000000025e+00,7.369776127638365780e-03
1.966300399999999948e+00,7.369776127638365780e-03
1.966440599999999872e+00,7.369776127638365780e-03
1.966580799999999796e+00,7.369776127638365780e-03
1.966720999999999719e+00,7.369776127638365780e-03
1.966861199999999643e+00,7.369776127638365780e-03
1.967001399999999567e+00,7.369776127638365780e-03
1.967141599999999491e+00,7.369776127638365780e-03
1.967281799999999414e+00,7.369776127638365780e-03
1.967421999999999338e+00,7.369776127638365780e-03
1.967562199999999262e+00,7.369776127638365780e-03
1.967702399999999185e+00,7.369776127638365780e-03
1.967842599999999109e+00,7.369776127638365780e-03
1.967982799999999033e+00,7.369776127638365780e-03
1.968029999999999946e+00,7.369776127638365780e-03
1.968169199999999952e+00,7.369776127638365780e-03
1.968308399999999958e+00,7.369776127638365780e-03
1.968447599999999964e+00,7.369776127638365780e-03
1.968586799999999970e+00,7.369776127638365780e-03
1.968725999999999976e+00,7.369776127638365780e-03
1.968865199999999982e+00,7.369776127638365780e-03
1.969004399999999988e+00,7.369776127638365780e-03
1.969143599999999994e+00,7.369776127638365780e-03
1.969282800000000000e+00,7.369776127638365780e-03
1.969422000000000006e+00,7.369776127638365780e-03
1.969561200000000012e+00,7.369776127638365780e-03
1.969700400000000018e+00,7.369776127638365780e-03
1.969839600000000024e+00,7.369776127638365780e-03
1.969978800000000030e+00,7.369776127638365780e-03
1.969989999999999908e+00,7.369776127638365780e-03
1.970130199999999832e+00,7.369776127638365780e-03
1.970270399999999755e+00,7.369776127638365780e-03
1.970410599999999679e+00,7.369776127638365780e-03
1.970550799999999603e+00,7.369776127638365780e-03
1.970690999999999526e+00,7.369776127638365780e-03
1.970831199999999450e+00,7.369776127638365780e-03
1.970971399999999374e+00,7.369776127638365780e-03
1.971111599999999298e+00,7.369776127638365780e-03
1.971251799999999221e+00,7.369776127638365780e-03
1.971391999999999145e+00,7.369776127638365780e-03
1.971532199999999069e+00,7.369776127638365780e-03
1.971672399999998992e+00,7.369776127638365780e-03
1.971812599999998916e+00,7.369776127638365780e-03
1.971952799999998840e+00,7.369776127638365780e-03
1.971999999999999975e+00,7.369776127638365780e-03
1.972125600000000034e+00,7.369776127638365780e-03
1.972251200000000093e+00,7.369776127638365780e-03
1.972376800000000152e+00,7.369776127638365780e-03
1.972502400000000211e+00,7.369776127638365780e-03
1.972628000000000270e+00,7.369776127638365780e-03
1.972753600000000329e+00,7.369776127638365780e-03
1.972879200000000388e+00,7.369776127638365780e-03
1.973004800000000447e+00,7.369776127638365780e-03
1.973130400000000506e+00,7.369776127638365780e-03
1.973256000000000565e+00,7.369776127638365780e-03
1.973279999999999923e+00,7.369776127638365780e-03
