# Time (s), Beta Fraction
2.000000000000000164e-05,0.000000000000000000e+00
1.601999999999999908e-04,0.000000000000000000e+00
3.003999999999999834e-04,0.000000000000000000e+00
4.405999999999999760e-04,0.000000000000000000e+00
5.808000000000000228e-04,0.000000000000000000e+00
7.209999999999999612e-04,0.000000000000000000e+00
8.612000000000000080e-04,0.000000000000000000e+00
1.001399999999999946e-03,0.000000000000000000e+00
1.141599999999999993e-03,0.000000000000000000e+00
1.281800000000000040e-03,0.000000000000000000e+00
1.422000000000000087e-03,0.000000000000000000e+00
1.562200000000000134e-03,0.000000000000000000e+00
1.702399999999999747e-03,0.000000000000000000e+00
1.842599999999999794e-03,0.000000000000000000e+00
1.982799999999999840e-03,0.000000000000000000e+00
2.030000000000000120e-03,0.000000000000000000e+00
2.170400000000000280e-03,0.000000000000000000e+00
2.310800000000000440e-03,0.000000000000000000e+00
2.451200000000000601e-03,0.000000000000000000e+00
2.591600000000000761e-03,0.000000000000000000e+00
2.732000000000000921e-03,0.000000000000000000e+00
2.872400000000001081e-03,0.000000000000000000e+00
3.012800000000001241e-03,0.000000000000000000e+00
3.153200000000001401e-03,0.000000000000000000e+00
3.293600000000001561e-03,0.000000000000000000e+00
3.434000000000001721e-03,0.000000000000000000e+00
3.574400000000001881e-03,0.000000000000000000e+00
3.714800000000002041e-03,0.000000000000000000e+00
3.855200000000002201e-03,0.000000000000000000e+00
3.995600000000001928e-03,0.000000000000000000e+00
4.049999999999999781e-03,0.000000000000000000e+00
4.189000000000000015e-03,0.000000000000000000e+00
4.328000000000000250e-03,0.000000000000000000e+00
4.467000000000000484e-03,0.000000000000000000e+00
4.606000000000000719e-03,0.000000000000000000e+00
4.745000000000000953e-03,0.000000000000000000e+00
4.884000000000001188e-03,0.000000000000000000e+00
5.023000000000001422e-03,0.000000000000000000e+00
5.162000000000001657e-03,0.000000000000000000e+00
5.301000000000001891e-03,0.000000000000000000e+00
5.440000000000002126e-03,0.000000000000000000e+00
5.579000000000002360e-03,0.000000000000000000e+00
5.718000000000002594e-03,0.000000000000000000e+00
5.857000000000002829e-03,0.000000000000000000e+00
5.996000000000003063e-03,0.000000000000000000e+00
6.000000000000000125e-03,0.000000000000000000e+00
6.140200000000000172e-03,0.000000000000000000e+00
6.280400000000000219e-03,0.000000000000000000e+00
6.420600000000000265e-03,0.000000000000000000e+00
6.560800000000000312e-03,0.000000000000000000e+00
6.701000000000000359e-03,0.000000000000000000e+00
6.841200000000000406e-03,0.000000000000000000e+00
6.981400000000000453e-03,0.000000000000000000e+00
7.121600000000000499e-03,0.000000000000000000e+00
7.261800000000000546e-03,0.000000000000000000e+00
7.402000000000000593e-03,0.000000000000000000e+00
7.542200000000000640e-03,0.000000000000000000e+00
7.682400000000000687e-03,0.000000000000000000e+00
7.822600000000000733e-03,0.000000000000000000e+00
7.962800000000000780e-03,0.000000000000000000e+00
8.009999999999999759e-03,0.000000000000000000e+00
8.150400000000000353e-03,0.000000000000000000e+00
8.290800000000000947e-03,0.000000000000000000e+00
8.431200000000001540e-03,0.000000000000000000e+00
8.571600000000002134e-03,0.000000000000000000e+00
8.712000000000002728e-03,0.000000000000000000e+00
8.852400000000003322e-03,0.000000000000000000e+00
8.992800000000003915e-03,0.000000000000000000e+00
9.133200000000004509e-03,0.000000000000000000e+00
9.273600000000005103e-03,0.000000000000000000e+00
9.414000000000005697e-03,0.000000000000000000e+00
9.554400000000006291e-03,0.000000000000000000e+00
9.694800000000006884e-03,0.000000000000000000e+00
9.835200000000007478e-03,0.000000000000000000e+00
9.975600000000008072e-03,0.000000000000000000e+00
1.003000000000000072e-02,0.000000000000000000e+00
1.017020000000000077e-02,0.000000000000000000e+00
1.031040000000000081e-02,0.000000000000000000e+00
1.045060000000000086e-02,0.000000000000000000e+00
1.059080000000000091e-02,0.000000000000000000e+00
1.073100000000000095e-02,0.000000000000000000e+00
1.087120000000000100e-02,0.000000000000000000e+00
1.101140000000000105e-02,0.000000000000000000e+00
1.115160000000000109e-02,0.000000000000000000e+00
1.129180000000000114e-02,0.000000000000000000e+00
1.143200000000000119e-02,0.000000000000000000e+00
1.157220000000000124e-02,0.000000000000000000e+00
1.171240000000000128e-02,0.000000000000000000e+00
1.185260000000000133e-02,0.000000000000000000e+00
1.199280000000000138e-02,0.000000000000000000e+00
1.204000000000000035e-02,0.000000000000000000e+00
1.217900000000000059e-02,0.000000000000000000e+00
1.231800000000000082e-02,0.000000000000000000e+00
1.245700000000000106e-02,0.000000000000000000e+00
1.259600000000000129e-02,0.000000000000000000e+00
1.273500000000000153e-02,0.000000000000000000e+00
1.287400000000000176e-02,0.000000000000000000e+00
1.301300000000000200e-02,0.000000000000000000e+00
1.315200000000000223e-02,0.000000000000000000e+00
1.329100000000000247e-02,0.000000000000000000e+00
1.343000000000000270e-02,0.000000000000000000e+00
1.356900000000000293e-02,0.000000000000000000e+00
1.370800000000000317e-02,0.000000000000000000e+00
1.384700000000000340e-02,0.000000000000000000e+00
1.398600000000000364e-02,0.000000000000000000e+00
1.399000000000000070e-02,0.000000000000000000e+00
1.413040000000000129e-02,0.000000000000000000e+00
1.427080000000000189e-02,0.000000000000000000e+00
1.441120000000000248e-02,0.000000000000000000e+00
1.455160000000000307e-02,0.000000000000000000e+00
1.469200000000000367e-02,0.000000000000000000e+00
1.483240000000000426e-02,0.000000000000000000e+00
1.497280000000000486e-02,0.000000000000000000e+00
1.511320000000000545e-02,0.000000000000000000e+00
1.525360000000000604e-02,0.000000000000000000e+00
1.539400000000000664e-02,0.000000000000000000e+00
1.553440000000000723e-02,0.000000000000000000e+00
1.567480000000000956e-02,0.000000000000000000e+00
1.581520000000000842e-02,0.000000000000000000e+00
1.595560000000000728e-02,0.000000000000000000e+00
1.600999999999999993e-02,0.000000000000000000e+00
1.615019999999999997e-02,0.000000000000000000e+00
1.629040000000000002e-02,0.000000000000000000e+00
1.643060000000000007e-02,0.000000000000000000e+00
1.657080000000000011e-02,0.000000000000000000e+00
1.671100000000000016e-02,0.000000000000000000e+00
1.685120000000000021e-02,0.000000000000000000e+00
1.699140000000000025e-02,0.000000000000000000e+00
1.713160000000000030e-02,0.000000000000000000e+00
1.727180000000000035e-02,0.000000000000000000e+00
1.741200000000000039e-02,0.000000000000000000e+00
1.755220000000000044e-02,0.000000000000000000e+00
1.769240000000000049e-02,0.000000000000000000e+00
1.783260000000000053e-02,0.000000000000000000e+00
1.797280000000000058e-02,0.000000000000000000e+00
1.802000000000000129e-02,0.000000000000000000e+00
1.816040000000000015e-02,0.000000000000000000e+00
1.830079999999999901e-02,0.000000000000000000e+00
1.844119999999999787e-02,0.000000000000000000e+00
1.858159999999999673e-02,0.000000000000000000e+00
1.872199999999999559e-02,0.000000000000000000e+00
1.886239999999999445e-02,0.000000000000000000e+00
1.900279999999999331e-02,0.000000000000000000e+00
1.914319999999999217e-02,0.000000000000000000e+00
1.928359999999999103e-02,0.000000000000000000e+00
1.942399999999998988e-02,0.000000000000000000e+00
1.956439999999998874e-02,0.000000000000000000e+00
1.970479999999998760e-02,0.000000000000000000e+00
1.984519999999998646e-02,0.000000000000000000e+00
1.998559999999998532e-02,0.000000000000000000e+00
2.003999999999999879e-02,0.000000000000000000e+00
2.017899999999999902e-02,0.000000000000000000e+00
2.031799999999999926e-02,0.000000000000000000e+00
2.045699999999999949e-02,0.000000000000000000e+00
2.059599999999999972e-02,0.000000000000000000e+00
2.073499999999999996e-02,0.000000000000000000e+00
2.087400000000000019e-02,0.000000000000000000e+00
2.101300000000000043e-02,0.000000000000000000e+00
2.115200000000000066e-02,0.000000000000000000e+00
2.129100000000000090e-02,0.000000000000000000e+00
2.143000000000000113e-02,0.000000000000000000e+00
2.156900000000000137e-02,0.000000000000000000e+00
2.170800000000000160e-02,0.000000000000000000e+00
2.184700000000000183e-02,0.000000000000000000e+00
2.198600000000000207e-02,0.000000000000000000e+00
2.198999999999999913e-02,0.000000000000000000e+00
2.213019999999999918e-02,0.000000000000000000e+00
2.227039999999999922e-02,0.000000000000000000e+00
2.241059999999999927e-02,0.000000000000000000e+00
2.255079999999999932e-02,0.000000000000000000e+00
2.269099999999999936e-02,0.000000000000000000e+00
2.283119999999999941e-02,0.000000000000000000e+00
2.297139999999999946e-02,0.000000000000000000e+00
2.311159999999999951e-02,0.000000000000000000e+00
2.325179999999999955e-02,0.000000000000000000e+00
2.339199999999999960e-02,0.000000000000000000e+00
2.353219999999999965e-02,0.000000000000000000e+00
2.367239999999999969e-02,0.000000000000000000e+00
2.381259999999999974e-02,0.000000000000000000e+00
2.395279999999999979e-02,0.000000000000000000e+00
2.400000000000000050e-02,0.000000000000000000e+00
2.414039999999999936e-02,0.000000000000000000e+00
2.428079999999999822e-02,0.000000000000000000e+00
2.442119999999999708e-02,0.000000000000000000e+00
2.456159999999999594e-02,0.000000000000000000e+00
2.470199999999999479e-02,0.000000000000000000e+00
2.484239999999999365e-02,0.000000000000000000e+00
2.498279999999999251e-02,0.000000000000000000e+00
2.512319999999999137e-02,0.000000000000000000e+00
2.526359999999999023e-02,0.000000000000000000e+00
2.540399999999998909e-02,0.000000000000000000e+00
2.554439999999998795e-02,0.000000000000000000e+00
2.568479999999998681e-02,0.000000000000000000e+00
2.582519999999998567e-02,0.000000000000000000e+00
2.596559999999998453e-02,0.000000000000000000e+00
2.602000000000000146e-02,0.000000000000000000e+00
2.616020000000000151e-02,0.000000000000000000e+00
2.630040000000000155e-02,0.000000000000000000e+00
2.644060000000000160e-02,0.000000000000000000e+00
2.658080000000000165e-02,0.000000000000000000e+00
2.672100000000000170e-02,0.000000000000000000e+00
2.686120000000000174e-02,0.000000000000000000e+00
2.700140000000000179e-02,0.000000000000000000e+00
2.714160000000000184e-02,0.000000000000000000e+00
2.728180000000000188e-02,0.000000000000000000e+00
2.742200000000000193e-02,0.000000000000000000e+00
2.756220000000000198e-02,0.000000000000000000e+00
2.770240000000000202e-02,0.000000000000000000e+00
2.784260000000000207e-02,0.000000000000000000e+00
2.798280000000000212e-02,0.000000000000000000e+00
2.802999999999999936e-02,0.000000000000000000e+00
2.817039999999999822e-02,0.000000000000000000e+00
2.831079999999999708e-02,0.000000000000000000e+00
2.845119999999999594e-02,0.000000000000000000e+00
2.859159999999999480e-02,0.000000000000000000e+00
2.873199999999999366e-02,0.000000000000000000e+00
2.887239999999999251e-02,0.000000000000000000e+00
2.901279999999999137e-02,0.000000000000000000e+00
2.915319999999999023e-02,0.000000000000000000e+00
2.929359999999998909e-02,0.000000000000000000e+00
2.943399999999998795e-02,0.000000000000000000e+00
2.957439999999998681e-02,0.000000000000000000e+00
2.971479999999998567e-02,0.000000000000000000e+00
2.985519999999998453e-02,0.000000000000000000e+00
2.999559999999998339e-02,0.000000000000000000e+00
3.005000000000000032e-02,0.000000000000000000e+00
3.018900000000000056e-02,0.000000000000000000e+00
3.032800000000000079e-02,0.000000000000000000e+00
3.046700000000000103e-02,0.000000000000000000e+00
3.060600000000000126e-02,0.000000000000000000e+00
3.074500000000000149e-02,0.000000000000000000e+00
3.088400000000000173e-02,0.000000000000000000e+00
3.102300000000000196e-02,0.000000000000000000e+00
3.116200000000000220e-02,0.000000000000000000e+00
3.130100000000000243e-02,0.000000000000000000e+00
3.144000000000000267e-02,0.000000000000000000e+00
3.157900000000000290e-02,0.000000000000000000e+00
3.171800000000000314e-02,0.000000000000000000e+00
3.185700000000000337e-02,0.000000000000000000e+00
3.199600000000000360e-02,0.000000000000000000e+00
3.200000000000000067e-02,0.000000000000000000e+00
3.214020000000000071e-02,0.000000000000000000e+00
3.228040000000000076e-02,0.000000000000000000e+00
3.242060000000000081e-02,0.000000000000000000e+00
3.256080000000000085e-02,0.000000000000000000e+00
3.270100000000000090e-02,0.000000000000000000e+00
3.284120000000000095e-02,0.000000000000000000e+00
3.298140000000000099e-02,0.000000000000000000e+00
3.312160000000000104e-02,0.000000000000000000e+00
3.326180000000000109e-02,0.000000000000000000e+00
3.340200000000000113e-02,0.000000000000000000e+00
3.354220000000000118e-02,0.000000000000000000e+00
3.368240000000000123e-02,0.000000000000000000e+00
3.382260000000000127e-02,0.000000000000000000e+00
3.396280000000000132e-02,0.000000000000000000e+00
3.400999999999999857e-02,0.000000000000000000e+00
3.415039999999999742e-02,0.000000000000000000e+00
3.429079999999999628e-02,0.000000000000000000e+00
3.443119999999999514e-02,0.000000000000000000e+00
3.457159999999999400e-02,0.000000000000000000e+00
3.471199999999999286e-02,0.000000000000000000e+00
3.485239999999999172e-02,0.000000000000000000e+00
3.499279999999999058e-02,0.000000000000000000e+00
3.513319999999998944e-02,0.000000000000000000e+00
3.527359999999998830e-02,0.000000000000000000e+00
3.541399999999998716e-02,0.000000000000000000e+00
3.555439999999998602e-02,0.000000000000000000e+00
3.569479999999998487e-02,0.000000000000000000e+00
3.583519999999998373e-02,0.000000000000000000e+00
3.597559999999998259e-02,0.000000000000000000e+00
3.602999999999999953e-02,0.000000000000000000e+00
3.617019999999999957e-02,0.000000000000000000e+00
3.631039999999999962e-02,0.000000000000000000e+00
3.645059999999999967e-02,0.000000000000000000e+00
3.659079999999999971e-02,0.000000000000000000e+00
3.673099999999999976e-02,0.000000000000000000e+00
3.687119999999999981e-02,0.000000000000000000e+00
3.701139999999999985e-02,0.000000000000000000e+00
3.715159999999999990e-02,0.000000000000000000e+00
3.729179999999999995e-02,0.000000000000000000e+00
3.743200000000000000e-02,0.000000000000000000e+00
3.757220000000000004e-02,0.000000000000000000e+00
3.771240000000000009e-02,0.000000000000000000e+00
3.785260000000000014e-02,0.000000000000000000e+00
3.799280000000000018e-02,0.000000000000000000e+00
3.803999999999999743e-02,0.000000000000000000e+00
3.817899999999999766e-02,0.000000000000000000e+00
3.831799999999999790e-02,0.000000000000000000e+00
3.845699999999999813e-02,0.000000000000000000e+00
3.859599999999999836e-02,0.000000000000000000e+00
3.873499999999999860e-02,0.000000000000000000e+00
3.887399999999999883e-02,0.000000000000000000e+00
3.901299999999999907e-02,0.000000000000000000e+00
3.915199999999999930e-02,0.000000000000000000e+00
3.929099999999999954e-02,0.000000000000000000e+00
3.942999999999999977e-02,0.000000000000000000e+00
3.956900000000000001e-02,0.000000000000000000e+00
3.970800000000000024e-02,0.000000000000000000e+00
3.984700000000000047e-02,0.000000000000000000e+00
3.998600000000000071e-02,0.000000000000000000e+00
3.998999999999999777e-02,0.000000000000000000e+00
4.013039999999999663e-02,0.000000000000000000e+00
4.027079999999999549e-02,0.000000000000000000e+00
4.041119999999999435e-02,0.000000000000000000e+00
4.055159999999999321e-02,0.000000000000000000e+00
4.069199999999999207e-02,0.000000000000000000e+00
4.083239999999999092e-02,0.000000000000000000e+00
4.097279999999998978e-02,0.000000000000000000e+00
4.111319999999998864e-02,0.000000000000000000e+00
4.125359999999998750e-02,0.000000000000000000e+00
4.139399999999998636e-02,0.000000000000000000e+00
4.153439999999998522e-02,0.000000000000000000e+00
4.167479999999998408e-02,0.000000000000000000e+00
4.181519999999998294e-02,0.000000000000000000e+00
4.195559999999998180e-02,0.000000000000000000e+00
4.200999999999999873e-02,0.000000000000000000e+00
4.215019999999999878e-02,0.000000000000000000e+00
4.229039999999999883e-02,0.000000000000000000e+00
4.243059999999999887e-02,0.000000000000000000e+00
4.257079999999999892e-02,0.000000000000000000e+00
4.271099999999999897e-02,0.000000000000000000e+00
4.285119999999999901e-02,0.000000000000000000e+00
4.299139999999999906e-02,0.000000000000000000e+00
4.313159999999999911e-02,0.000000000000000000e+00
4.327179999999999915e-02,0.000000000000000000e+00
4.341199999999999920e-02,0.000000000000000000e+00
4.355219999999999925e-02,0.000000000000000000e+00
4.369239999999999929e-02,0.000000000000000000e+00
4.383259999999999934e-02,0.000000000000000000e+00
4.397279999999999939e-02,0.000000000000000000e+00
4.401999999999999663e-02,0.000000000000000000e+00
4.416039999999999549e-02,0.000000000000000000e+00
4.430079999999999435e-02,0.000000000000000000e+00
4.444119999999999321e-02,0.000000000000000000e+00
4.458159999999999207e-02,0.000000000000000000e+00
4.472199999999999093e-02,0.000000000000000000e+00
4.486239999999998979e-02,0.000000000000000000e+00
4.500279999999998864e-02,0.000000000000000000e+00
4.514319999999998750e-02,0.000000000000000000e+00
4.528359999999998636e-02,0.000000000000000000e+00
4.542399999999998522e-02,0.000000000000000000e+00
4.556439999999998408e-02,0.000000000000000000e+00
4.570479999999998294e-02,0.000000000000000000e+00
4.584519999999998180e-02,0.000000000000000000e+00
4.598559999999998066e-02,0.000000000000000000e+00
4.603999999999999759e-02,0.000000000000000000e+00
4.617899999999999783e-02,0.000000000000000000e+00
4.631799999999999806e-02,0.000000000000000000e+00
4.645699999999999830e-02,0.000000000000000000e+00
4.659599999999999853e-02,0.000000000000000000e+00
4.673499999999999877e-02,0.000000000000000000e+00
4.687399999999999900e-02,0.000000000000000000e+00
4.701299999999999923e-02,0.000000000000000000e+00
4.715199999999999947e-02,0.000000000000000000e+00
4.729099999999999970e-02,0.000000000000000000e+00
4.742999999999999994e-02,0.000000000000000000e+00
4.756900000000000017e-02,0.000000000000000000e+00
4.770800000000000041e-02,0.000000000000000000e+00
4.784700000000000064e-02,0.000000000000000000e+00
4.798600000000000088e-02,0.000000000000000000e+00
4.798999999999999794e-02,0.000000000000000000e+00
4.813019999999999798e-02,0.000000000000000000e+00
4.827039999999999803e-02,0.000000000000000000e+00
4.841059999999999808e-02,0.000000000000000000e+00
4.855079999999999812e-02,0.000000000000000000e+00
4.869099999999999817e-02,0.000000000000000000e+00
4.883119999999999822e-02,0.000000000000000000e+00
4.897139999999999826e-02,0.000000000000000000e+00
4.911159999999999831e-02,0.000000000000000000e+00
4.925179999999999836e-02,0.000000000000000000e+00
4.939199999999999841e-02,0.000000000000000000e+00
4.953219999999999845e-02,0.000000000000000000e+00
4.967239999999999850e-02,0.000000000000000000e+00
4.981259999999999855e-02,0.000000000000000000e+00
4.995279999999999859e-02,0.000000000000000000e+00
5.000000000000000278e-02,0.000000000000000000e+00
5.014040000000000163e-02,0.000000000000000000e+00
5.028080000000000049e-02,0.000000000000000000e+00
5.042119999999999935e-02,0.000000000000000000e+00
5.056159999999999821e-02,0.000000000000000000e+00
5.070199999999999707e-02,0.000000000000000000e+00
5.084239999999999593e-02,0.000000000000000000e+00
5.098279999999999479e-02,0.000000000000000000e+00
5.112319999999999365e-02,0.000000000000000000e+00
5.126359999999999251e-02,0.000000000000000000e+00
5.140399999999999137e-02,0.000000000000000000e+00
5.154439999999999023e-02,0.000000000000000000e+00
5.168479999999998908e-02,0.000000000000000000e+00
5.182519999999998794e-02,0.000000000000000000e+00
5.196559999999998680e-02,0.000000000000000000e+00
5.201999999999999680e-02,0.000000000000000000e+00
5.216019999999999684e-02,0.000000000000000000e+00
5.230039999999999689e-02,0.000000000000000000e+00
5.244059999999999694e-02,0.000000000000000000e+00
5.258079999999999699e-02,0.000000000000000000e+00
5.272099999999999703e-02,0.000000000000000000e+00
5.286119999999999708e-02,0.000000000000000000e+00
5.300139999999999713e-02,0.000000000000000000e+00
5.314159999999999717e-02,0.000000000000000000e+00
5.328179999999999722e-02,0.000000000000000000e+00
5.342199999999999727e-02,0.000000000000000000e+00
5.356219999999999731e-02,0.000000000000000000e+00
5.370239999999999736e-02,0.000000000000000000e+00
5.384259999999999741e-02,0.000000000000000000e+00
5.398279999999999745e-02,0.000000000000000000e+00
5.403000000000000164e-02,0.000000000000000000e+00
5.417040000000000050e-02,0.000000000000000000e+00
5.431079999999999935e-02,0.000000000000000000e+00
5.445119999999999821e-02,0.000000000000000000e+00
5.459159999999999707e-02,0.000000000000000000e+00
5.473199999999999593e-02,0.000000000000000000e+00
5.487239999999999479e-02,0.000000000000000000e+00
5.501279999999999365e-02,0.000000000000000000e+00
5.515319999999999251e-02,0.000000000000000000e+00
5.529359999999999137e-02,0.000000000000000000e+00
5.543399999999999023e-02,0.000000000000000000e+00
5.557439999999998909e-02,0.000000000000000000e+00
5.571479999999998795e-02,0.000000000000000000e+00
5.585519999999998680e-02,0.000000000000000000e+00
5.599559999999998566e-02,0.000000000000000000e+00
5.605000000000000260e-02,0.000000000000000000e+00
5.618900000000000283e-02,0.000000000000000000e+00
5.632800000000000307e-02,0.000000000000000000e+00
5.646700000000000330e-02,0.000000000000000000e+00
5.660600000000000354e-02,0.000000000000000000e+00
5.674500000000000377e-02,0.000000000000000000e+00
5.688400000000000400e-02,0.000000000000000000e+00
5.702300000000000424e-02,0.000000000000000000e+00
5.716200000000000447e-02,0.000000000000000000e+00
5.730100000000000471e-02,0.000000000000000000e+00
5.744000000000000494e-02,0.000000000000000000e+00
5.757900000000000518e-02,0.000000000000000000e+00
5.771800000000000541e-02,0.000000000000000000e+00
5.785700000000000565e-02,0.000000000000000000e+00
5.799600000000000588e-02,0.000000000000000000e+00
5.800000000000000294e-02,0.000000000000000000e+00
5.814020000000000299e-02,0.000000000000000000e+00
5.828040000000000304e-02,0.000000000000000000e+00
5.842060000000000308e-02,0.000000000000000000e+00
5.856080000000000313e-02,0.000000000000000000e+00
5.870100000000000318e-02,0.000000000000000000e+00
5.884120000000000322e-02,0.000000000000000000e+00
5.898140000000000327e-02,0.000000000000000000e+00
5.912160000000000332e-02,0.000000000000000000e+00
5.926180000000000336e-02,0.000000000000000000e+00
5.940200000000000341e-02,0.000000000000000000e+00
5.954220000000000346e-02,0.000000000000000000e+00
5.968240000000000350e-02,0.000000000000000000e+00
5.982260000000000355e-02,0.000000000000000000e+00
5.996280000000000360e-02,0.000000000000000000e+00
6.001000000000000084e-02,0.000000000000000000e+00
6.015039999999999970e-02,0.000000000000000000e+00
6.029079999999999856e-02,0.000000000000000000e+00
6.043119999999999742e-02,0.000000000000000000e+00
6.057159999999999628e-02,0.000000000000000000e+00
6.071199999999999514e-02,0.000000000000000000e+00
6.085239999999999400e-02,0.000000000000000000e+00
6.099279999999999285e-02,0.000000000000000000e+00
6.113319999999999171e-02,0.000000000000000000e+00
6.127359999999999057e-02,0.000000000000000000e+00
6.141399999999998943e-02,0.000000000000000000e+00
6.155439999999998829e-02,0.000000000000000000e+00
6.169479999999998715e-02,0.000000000000000000e+00
6.183519999999998601e-02,0.000000000000000000e+00
6.197559999999998487e-02,0.000000000000000000e+00
6.203000000000000180e-02,0.000000000000000000e+00
6.217020000000000185e-02,0.000000000000000000e+00
6.231040000000000190e-02,0.000000000000000000e+00
6.245060000000000194e-02,0.000000000000000000e+00
6.259080000000000199e-02,0.000000000000000000e+00
6.273100000000000898e-02,0.000000000000000000e+00
6.287120000000000208e-02,0.000000000000000000e+00
6.301139999999999519e-02,0.000000000000000000e+00
6.315160000000000218e-02,0.000000000000000000e+00
6.329180000000000916e-02,0.000000000000000000e+00
6.343200000000000227e-02,0.000000000000000000e+00
6.357219999999999538e-02,0.000000000000000000e+00
6.371240000000000236e-02,0.000000000000000000e+00
6.385260000000000935e-02,0.000000000000000000e+00
6.399280000000000246e-02,0.000000000000000000e+00
6.403999999999999970e-02,0.000000000000000000e+00
6.417920000000000569e-02,0.000000000000000000e+00
6.431840000000001167e-02,0.000000000000000000e+00
6.445760000000001766e-02,0.000000000000000000e+00
6.459680000000002364e-02,0.000000000000000000e+00
6.473600000000002963e-02,0.000000000000000000e+00
6.487520000000003562e-02,0.000000000000000000e+00
6.501440000000004160e-02,0.000000000000000000e+00
6.515360000000004759e-02,0.000000000000000000e+00
6.529280000000005357e-02,0.000000000000000000e+00
6.543200000000005956e-02,0.000000000000000000e+00
6.557120000000006554e-02,0.000000000000000000e+00
6.571040000000007153e-02,0.000000000000000000e+00
6.584960000000007752e-02,0.000000000000000000e+00
6.598880000000008350e-02,0.000000000000000000e+00
6.600000000000000311e-02,0.000000000000000000e+00
6.614019999999999622e-02,0.000000000000000000e+00
6.628039999999998932e-02,0.000000000000000000e+00
6.642059999999998243e-02,0.000000000000000000e+00
6.656079999999997554e-02,0.000000000000000000e+00
6.670099999999996865e-02,0.000000000000000000e+00
6.684119999999996176e-02,0.000000000000000000e+00
6.698139999999995486e-02,0.000000000000000000e+00
6.712159999999994797e-02,0.000000000000000000e+00
6.726179999999994108e-02,0.000000000000000000e+00
6.740199999999993419e-02,0.000000000000000000e+00
6.754219999999992730e-02,0.000000000000000000e+00
6.768239999999992040e-02,0.000000000000000000e+00
6.782259999999991351e-02,0.000000000000000000e+00
6.796279999999990662e-02,0.000000000000000000e+00
6.801000000000000101e-02,0.000000000000000000e+00
6.815019999999999412e-02,0.000000000000000000e+00
6.829039999999998722e-02,0.000000000000000000e+00
6.843059999999998033e-02,0.000000000000000000e+00
6.857079999999997344e-02,0.000000000000000000e+00
6.871099999999996655e-02,0.000000000000000000e+00
6.885119999999995966e-02,0.000000000000000000e+00
6.899139999999995276e-02,0.000000000000000000e+00
6.913159999999994587e-02,0.000000000000000000e+00
6.927179999999993898e-02,0.000000000000000000e+00
6.941199999999993209e-02,0.000000000000000000e+00
6.955219999999992520e-02,0.000000000000000000e+00
6.969239999999991830e-02,0.000000000000000000e+00
6.983259999999991141e-02,0.000000000000000000e+00
6.997279999999990452e-02,0.000000000000000000e+00
7.001999999999999891e-02,0.000000000000000000e+00
7.016039999999999777e-02,0.000000000000000000e+00
7.030079999999999663e-02,0.000000000000000000e+00
7.044119999999999548e-02,0.000000000000000000e+00
7.058159999999999434e-02,0.000000000000000000e+00
7.072199999999999320e-02,0.000000000000000000e+00
7.086239999999999206e-02,0.000000000000000000e+00
7.100279999999999092e-02,0.000000000000000000e+00
7.114319999999998978e-02,0.000000000000000000e+00
7.128359999999998864e-02,0.000000000000000000e+00
7.142399999999998750e-02,0.000000000000000000e+00
7.156439999999998636e-02,0.000000000000000000e+00
7.170479999999998522e-02,0.000000000000000000e+00
7.184519999999998408e-02,0.000000000000000000e+00
7.198559999999998293e-02,0.000000000000000000e+00
7.204000000000000681e-02,0.000000000000000000e+00
7.217900000000000704e-02,0.000000000000000000e+00
7.231800000000000728e-02,0.000000000000000000e+00
7.245700000000000751e-02,0.000000000000000000e+00
7.259600000000000775e-02,0.000000000000000000e+00
7.273500000000000798e-02,0.000000000000000000e+00
7.287400000000000821e-02,0.000000000000000000e+00
7.301300000000000845e-02,0.000000000000000000e+00
7.315200000000000868e-02,0.000000000000000000e+00
7.329100000000000892e-02,0.000000000000000000e+00
7.343000000000000915e-02,0.000000000000000000e+00
7.356900000000000939e-02,0.000000000000000000e+00
7.370800000000000962e-02,0.000000000000000000e+00
7.384700000000000986e-02,0.000000000000000000e+00
7.398600000000001009e-02,0.000000000000000000e+00
7.399000000000000021e-02,0.000000000000000000e+00
7.413039999999999907e-02,0.000000000000000000e+00
7.427079999999999793e-02,0.000000000000000000e+00
7.441119999999999679e-02,0.000000000000000000e+00
7.455159999999999565e-02,0.000000000000000000e+00
7.469199999999999451e-02,0.000000000000000000e+00
7.483239999999999337e-02,0.000000000000000000e+00
7.497279999999999223e-02,0.000000000000000000e+00
7.511319999999999109e-02,0.000000000000000000e+00
7.525359999999998994e-02,0.000000000000000000e+00
7.539399999999998880e-02,0.000000000000000000e+00
7.553439999999998766e-02,0.000000000000000000e+00
7.567479999999998652e-02,0.000000000000000000e+00
7.581519999999998538e-02,0.000000000000000000e+00
7.595559999999998424e-02,0.000000000000000000e+00
7.600999999999999424e-02,0.000000000000000000e+00
7.615020000000000122e-02,0.000000000000000000e+00
7.629040000000000821e-02,0.000000000000000000e+00
7.643060000000001519e-02,0.000000000000000000e+00
7.657080000000002218e-02,0.000000000000000000e+00
7.671100000000002916e-02,0.000000000000000000e+00
7.685120000000003615e-02,0.000000000000000000e+00
7.699140000000004314e-02,0.000000000000000000e+00
7.713160000000005012e-02,0.000000000000000000e+00
7.727180000000005711e-02,0.000000000000000000e+00
7.741200000000006409e-02,0.000000000000000000e+00
7.755220000000007108e-02,0.000000000000000000e+00
7.769240000000007806e-02,0.000000000000000000e+00
7.783260000000008505e-02,0.000000000000000000e+00
7.797280000000009204e-02,0.000000000000000000e+00
7.802000000000000601e-02,0.000000000000000000e+00
7.816019999999999912e-02,0.000000000000000000e+00
7.830039999999999223e-02,0.000000000000000000e+00
7.844059999999998534e-02,0.000000000000000000e+00
7.858079999999997844e-02,0.000000000000000000e+00
7.872099999999997155e-02,0.000000000000000000e+00
7.886119999999996466e-02,0.000000000000000000e+00
7.900139999999995777e-02,0.000000000000000000e+00
7.914159999999995088e-02,0.000000000000000000e+00
7.928179999999994398e-02,0.000000000000000000e+00
7.942199999999993709e-02,0.000000000000000000e+00
7.956219999999993020e-02,0.000000000000000000e+00
7.970239999999992331e-02,0.000000000000000000e+00
7.984259999999991642e-02,0.000000000000000000e+00
7.998279999999990952e-02,0.000000000000000000e+00
8.003000000000000391e-02,0.000000000000000000e+00
8.016920000000000990e-02,0.000000000000000000e+00
8.030840000000001588e-02,0.000000000000000000e+00
8.044760000000002187e-02,0.000000000000000000e+00
8.058680000000002785e-02,0.000000000000000000e+00
8.072600000000003384e-02,0.000000000000000000e+00
8.086520000000003983e-02,0.000000000000000000e+00
8.100440000000004581e-02,0.000000000000000000e+00
8.114360000000005180e-02,0.000000000000000000e+00
8.128280000000005778e-02,0.000000000000000000e+00
8.142200000000006377e-02,0.000000000000000000e+00
8.156120000000006975e-02,0.000000000000000000e+00
8.170040000000007574e-02,0.000000000000000000e+00
8.183960000000008173e-02,0.000000000000000000e+00
8.197880000000008771e-02,0.000000000000000000e+00
8.198999999999999344e-02,0.000000000000000000e+00
8.213020000000000043e-02,0.000000000000000000e+00
8.227040000000000741e-02,0.000000000000000000e+00
8.241060000000001440e-02,0.000000000000000000e+00
8.255080000000002138e-02,0.000000000000000000e+00
8.269100000000002837e-02,0.000000000000000000e+00
8.283120000000003536e-02,0.000000000000000000e+00
8.297140000000004234e-02,0.000000000000000000e+00
8.311160000000004933e-02,0.000000000000000000e+00
8.325180000000005631e-02,0.000000000000000000e+00
8.339200000000006330e-02,0.000000000000000000e+00
8.353220000000007028e-02,0.000000000000000000e+00
8.367240000000007727e-02,0.000000000000000000e+00
8.381260000000008425e-02,0.000000000000000000e+00
8.395280000000009124e-02,0.000000000000000000e+00
8.400000000000000522e-02,0.000000000000000000e+00
8.414040000000000408e-02,0.000000000000000000e+00
8.428080000000000294e-02,0.000000000000000000e+00
8.442120000000000180e-02,0.000000000000000000e+00
8.456160000000000065e-02,0.000000000000000000e+00
8.470199999999999951e-02,0.000000000000000000e+00
8.484239999999999837e-02,0.000000000000000000e+00
8.498279999999999723e-02,0.000000000000000000e+00
8.512319999999999609e-02,0.000000000000000000e+00
8.526359999999999495e-02,0.000000000000000000e+00
8.540399999999999381e-02,0.000000000000000000e+00
8.554439999999999267e-02,0.000000000000000000e+00
8.568479999999999153e-02,0.000000000000000000e+00
8.582519999999999039e-02,0.000000000000000000e+00
8.596559999999998924e-02,0.000000000000000000e+00
8.601999999999999924e-02,0.000000000000000000e+00
8.616019999999999235e-02,0.000000000000000000e+00
8.630039999999998546e-02,0.000000000000000000e+00
8.644059999999997856e-02,0.000000000000000000e+00
8.658079999999997167e-02,0.000000000000000000e+00
8.672099999999996478e-02,0.000000000000000000e+00
8.686119999999995789e-02,0.000000000000000000e+00
8.700139999999995100e-02,0.000000000000000000e+00
8.714159999999994410e-02,0.000000000000000000e+00
8.728179999999993721e-02,0.000000000000000000e+00
8.742199999999993032e-02,0.000000000000000000e+00
8.756219999999992343e-02,0.000000000000000000e+00
8.770239999999991654e-02,0.000000000000000000e+00
8.784259999999990964e-02,0.000000000000000000e+00
8.798279999999990275e-02,0.000000000000000000e+00
8.802999999999999714e-02,0.000000000000000000e+00
8.817019999999999025e-02,0.000000000000000000e+00
8.831039999999998336e-02,0.000000000000000000e+00
8.845059999999997646e-02,0.000000000000000000e+00
8.859079999999996957e-02,0.000000000000000000e+00
8.873099999999996268e-02,0.000000000000000000e+00
8.887119999999995579e-02,0.000000000000000000e+00
8.901139999999994890e-02,0.000000000000000000e+00
8.915159999999994200e-02,0.000000000000000000e+00
8.929179999999993511e-02,0.000000000000000000e+00
8.943199999999992822e-02,0.000000000000000000e+00
8.957219999999992133e-02,0.000000000000000000e+00
8.971239999999991444e-02,0.000000000000000000e+00
8.985259999999990754e-02,0.000000000000000000e+00
8.999279999999990065e-02,0.000000000000000000e+00
9.003999999999999504e-02,0.000000000000000000e+00
9.017920000000000103e-02,0.000000000000000000e+00
9.031840000000000701e-02,0.000000000000000000e+00
9.045760000000001300e-02,0.000000000000000000e+00
9.059680000000001898e-02,0.000000000000000000e+00
9.073600000000002497e-02,0.000000000000000000e+00
9.087520000000003095e-02,0.000000000000000000e+00
9.101440000000003694e-02,0.000000000000000000e+00
9.115360000000004292e-02,0.000000000000000000e+00
9.129280000000004891e-02,0.000000000000000000e+00
9.143200000000005490e-02,0.000000000000000000e+00
9.157120000000006088e-02,0.000000000000000000e+00
9.171040000000006687e-02,0.000000000000000000e+00
9.184960000000007285e-02,0.000000000000000000e+00
9.198880000000007884e-02,0.000000000000000000e+00
9.199999999999999845e-02,0.000000000000000000e+00
9.214019999999999155e-02,0.000000000000000000e+00
9.228039999999998466e-02,0.000000000000000000e+00
9.242059999999997777e-02,0.000000000000000000e+00
9.256079999999997088e-02,0.000000000000000000e+00
9.270099999999996399e-02,0.000000000000000000e+00
9.284119999999995709e-02,0.000000000000000000e+00
9.298139999999995020e-02,0.000000000000000000e+00
9.312159999999994331e-02,0.000000000000000000e+00
9.326179999999993642e-02,0.000000000000000000e+00
9.340199999999992952e-02,0.000000000000000000e+00
9.354219999999992263e-02,0.000000000000000000e+00
9.368239999999991574e-02,0.000000000000000000e+00
9.382259999999990885e-02,0.000000000000000000e+00
9.396279999999990196e-02,0.000000000000000000e+00
9.400999999999999635e-02,0.000000000000000000e+00
9.415039999999999520e-02,0.000000000000000000e+00
9.429079999999999406e-02,0.000000000000000000e+00
9.443119999999999292e-02,0.000000000000000000e+00
9.457159999999999178e-02,0.000000000000000000e+00
9.471199999999999064e-02,0.000000000000000000e+00
9.485239999999998950e-02,0.000000000000000000e+00
9.499279999999998836e-02,0.000000000000000000e+00
9.513319999999998722e-02,0.000000000000000000e+00
9.527359999999998608e-02,0.000000000000000000e+00
9.541399999999998494e-02,0.000000000000000000e+00
9.555439999999998379e-02,0.000000000000000000e+00
9.569479999999998265e-02,0.000000000000000000e+00
9.583519999999998151e-02,0.000000000000000000e+00
9.597559999999998037e-02,0.000000000000000000e+00
9.603000000000000425e-02,0.000000000000000000e+00
9.617019999999999735e-02,0.000000000000000000e+00
9.631039999999999046e-02,0.000000000000000000e+00
9.645059999999998357e-02,0.000000000000000000e+00
9.659079999999997668e-02,0.000000000000000000e+00
9.673099999999996979e-02,0.000000000000000000e+00
9.687119999999996289e-02,0.000000000000000000e+00
9.701139999999995600e-02,0.000000000000000000e+00
9.715159999999994911e-02,0.000000000000000000e+00
9.729179999999994222e-02,0.000000000000000000e+00
9.743199999999993532e-02,0.000000000000000000e+00
9.757219999999992843e-02,0.000000000000000000e+00
9.771239999999992154e-02,0.000000000000000000e+00
9.785259999999991465e-02,0.000000000000000000e+00
9.799279999999990776e-02,0.000000000000000000e+00
9.804000000000000214e-02,0.000000000000000000e+00
9.817900000000000238e-02,0.000000000000000000e+00
9.831800000000000261e-02,0.000000000000000000e+00
9.845700000000000285e-02,0.000000000000000000e+00
9.859600000000000308e-02,0.000000000000000000e+00
9.873500000000000332e-02,0.000000000000000000e+00
9.887400000000000355e-02,0.000000000000000000e+00
9.901300000000000379e-02,0.000000000000000000e+00
9.915200000000000402e-02,0.000000000000000000e+00
9.929100000000000426e-02,0.000000000000000000e+00
9.943000000000000449e-02,0.000000000000000000e+00
9.956900000000000472e-02,0.000000000000000000e+00
9.970800000000000496e-02,0.000000000000000000e+00
9.984700000000000519e-02,0.000000000000000000e+00
9.998600000000000543e-02,0.000000000000000000e+00
9.998999999999999555e-02,0.000000000000000000e+00
1.001303999999999944e-01,0.000000000000000000e+00
1.002707999999999933e-01,0.000000000000000000e+00
1.004111999999999921e-01,0.000000000000000000e+00
1.005515999999999910e-01,0.000000000000000000e+00
1.006919999999999898e-01,0.000000000000000000e+00
1.008323999999999887e-01,0.000000000000000000e+00
1.009727999999999876e-01,0.000000000000000000e+00
1.011131999999999864e-01,0.000000000000000000e+00
1.012535999999999853e-01,0.000000000000000000e+00
1.013939999999999841e-01,0.000000000000000000e+00
1.015343999999999830e-01,0.000000000000000000e+00
1.016747999999999819e-01,0.000000000000000000e+00
1.018151999999999807e-01,0.000000000000000000e+00
1.019555999999999796e-01,0.000000000000000000e+00
1.020100000000000035e-01,0.000000000000000000e+00
1.021501999999999966e-01,0.000000000000000000e+00
1.022903999999999897e-01,0.000000000000000000e+00
1.024305999999999828e-01,0.000000000000000000e+00
1.025707999999999759e-01,0.000000000000000000e+00
1.027109999999999690e-01,0.000000000000000000e+00
1.028511999999999621e-01,0.000000000000000000e+00
1.029913999999999552e-01,0.000000000000000000e+00
1.031315999999999483e-01,0.000000000000000000e+00
1.032717999999999414e-01,0.000000000000000000e+00
1.034119999999999345e-01,0.000000000000000000e+00
1.035521999999999276e-01,0.000000000000000000e+00
1.036923999999999207e-01,0.000000000000000000e+00
1.038325999999999139e-01,0.000000000000000000e+00
1.039727999999999070e-01,0.000000000000000000e+00
1.040200000000000014e-01,0.000000000000000000e+00
1.041601999999999945e-01,0.000000000000000000e+00
1.043003999999999876e-01,0.000000000000000000e+00
1.044405999999999807e-01,0.000000000000000000e+00
1.045807999999999738e-01,0.000000000000000000e+00
1.047209999999999669e-01,0.000000000000000000e+00
1.048611999999999600e-01,0.000000000000000000e+00
1.050013999999999531e-01,0.000000000000000000e+00
1.051415999999999462e-01,0.000000000000000000e+00
1.052817999999999393e-01,0.000000000000000000e+00
1.054219999999999324e-01,0.000000000000000000e+00
1.055621999999999255e-01,0.000000000000000000e+00
1.057023999999999186e-01,0.000000000000000000e+00
1.058425999999999118e-01,0.000000000000000000e+00
1.059827999999999049e-01,0.000000000000000000e+00
1.060299999999999992e-01,0.000000000000000000e+00
1.061692000000000052e-01,0.000000000000000000e+00
1.063084000000000112e-01,0.000000000000000000e+00
1.064476000000000172e-01,0.000000000000000000e+00
1.065868000000000232e-01,0.000000000000000000e+00
1.067260000000000292e-01,0.000000000000000000e+00
1.068652000000000352e-01,0.000000000000000000e+00
1.070044000000000411e-01,0.000000000000000000e+00
1.071436000000000471e-01,0.000000000000000000e+00
1.072828000000000531e-01,0.000000000000000000e+00
1.074220000000000591e-01,0.000000000000000000e+00
1.075612000000000651e-01,0.000000000000000000e+00
1.077004000000000711e-01,0.000000000000000000e+00
1.078396000000000771e-01,0.000000000000000000e+00
1.079788000000000830e-01,0.000000000000000000e+00
1.079900000000000027e-01,0.000000000000000000e+00
1.081301999999999958e-01,0.000000000000000000e+00
1.082703999999999889e-01,0.000000000000000000e+00
1.084105999999999820e-01,0.000000000000000000e+00
1.085507999999999751e-01,0.000000000000000000e+00
1.086909999999999682e-01,0.000000000000000000e+00
1.088311999999999613e-01,0.000000000000000000e+00
1.089713999999999544e-01,0.000000000000000000e+00
1.091115999999999475e-01,0.000000000000000000e+00
1.092517999999999406e-01,0.000000000000000000e+00
1.093919999999999337e-01,0.000000000000000000e+00
1.095321999999999268e-01,0.000000000000000000e+00
1.096723999999999200e-01,0.000000000000000000e+00
1.098125999999999131e-01,0.000000000000000000e+00
1.099527999999999062e-01,0.000000000000000000e+00
1.100000000000000006e-01,0.000000000000000000e+00
1.101403999999999994e-01,0.000000000000000000e+00
1.102807999999999983e-01,0.000000000000000000e+00
1.104211999999999971e-01,0.000000000000000000e+00
1.105615999999999960e-01,0.000000000000000000e+00
1.107019999999999949e-01,0.000000000000000000e+00
1.108423999999999937e-01,0.000000000000000000e+00
1.109827999999999926e-01,0.000000000000000000e+00
1.111231999999999914e-01,0.000000000000000000e+00
1.112635999999999903e-01,0.000000000000000000e+00
1.114039999999999891e-01,0.000000000000000000e+00
1.115443999999999880e-01,0.000000000000000000e+00
1.116847999999999869e-01,0.000000000000000000e+00
1.118251999999999857e-01,0.000000000000000000e+00
1.119655999999999846e-01,0.000000000000000000e+00
1.120199999999999946e-01,0.000000000000000000e+00
1.121602000000000016e-01,0.000000000000000000e+00
1.123004000000000085e-01,0.000000000000000000e+00
1.124406000000000155e-01,0.000000000000000000e+00
1.125808000000000225e-01,0.000000000000000000e+00
1.127210000000000295e-01,0.000000000000000000e+00
1.128612000000000365e-01,0.000000000000000000e+00
1.130014000000000435e-01,0.000000000000000000e+00
1.131416000000000505e-01,0.000000000000000000e+00
1.132818000000000574e-01,0.000000000000000000e+00
1.134220000000000644e-01,0.000000000000000000e+00
1.135622000000000714e-01,0.000000000000000000e+00
1.137024000000000784e-01,0.000000000000000000e+00
1.138426000000000854e-01,0.000000000000000000e+00
1.139828000000000924e-01,0.000000000000000000e+00
1.140300000000000064e-01,0.000000000000000000e+00
1.141701999999999995e-01,0.000000000000000000e+00
1.143103999999999926e-01,0.000000000000000000e+00
1.144505999999999857e-01,0.000000000000000000e+00
1.145907999999999788e-01,0.000000000000000000e+00
1.147309999999999719e-01,0.000000000000000000e+00
1.148711999999999650e-01,0.000000000000000000e+00
1.150113999999999581e-01,0.000000000000000000e+00
1.151515999999999512e-01,0.000000000000000000e+00
1.152917999999999443e-01,0.000000000000000000e+00
1.154319999999999374e-01,0.000000000000000000e+00
1.155721999999999305e-01,0.000000000000000000e+00
1.157123999999999236e-01,0.000000000000000000e+00
1.158525999999999168e-01,0.000000000000000000e+00
1.159927999999999099e-01,0.000000000000000000e+00
1.160400000000000043e-01,0.000000000000000000e+00
1.161792000000000102e-01,0.000000000000000000e+00
1.163184000000000162e-01,0.000000000000000000e+00
1.164576000000000222e-01,0.000000000000000000e+00
1.165968000000000282e-01,0.000000000000000000e+00
1.167360000000000342e-01,0.000000000000000000e+00
1.168752000000000402e-01,0.000000000000000000e+00
1.170144000000000462e-01,0.000000000000000000e+00
1.171536000000000521e-01,0.000000000000000000e+00
1.172928000000000581e-01,0.000000000000000000e+00
1.174320000000000641e-01,0.000000000000000000e+00
1.175712000000000701e-01,0.000000000000000000e+00
1.177104000000000761e-01,0.000000000000000000e+00
1.178496000000000821e-01,0.000000000000000000e+00
1.179888000000000881e-01,0.000000000000000000e+00
1.179999999999999938e-01,0.000000000000000000e+00
1.181402000000000008e-01,0.000000000000000000e+00
1.182804000000000078e-01,0.000000000000000000e+00
1.184206000000000147e-01,0.000000000000000000e+00
1.185608000000000217e-01,0.000000000000000000e+00
1.187010000000000287e-01,0.000000000000000000e+00
1.188412000000000357e-01,0.000000000000000000e+00
1.189814000000000427e-01,0.000000000000000000e+00
1.191216000000000497e-01,0.000000000000000000e+00
1.192618000000000567e-01,0.000000000000000000e+00
1.194020000000000636e-01,0.000000000000000000e+00
1.195422000000000706e-01,0.000000000000000000e+00
1.196824000000000776e-01,0.000000000000000000e+00
1.198226000000000846e-01,0.000000000000000000e+00
1.199628000000000916e-01,0.000000000000000000e+00
1.200100000000000056e-01,0.000000000000000000e+00
1.201504000000000044e-01,0.000000000000000000e+00
1.202908000000000033e-01,0.000000000000000000e+00
1.204312000000000021e-01,0.000000000000000000e+00
1.205716000000000010e-01,0.000000000000000000e+00
1.207119999999999999e-01,0.000000000000000000e+00
1.208523999999999987e-01,0.000000000000000000e+00
1.209927999999999976e-01,0.000000000000000000e+00
1.211331999999999964e-01,0.000000000000000000e+00
1.212735999999999953e-01,0.000000000000000000e+00
1.214139999999999942e-01,0.000000000000000000e+00
1.215543999999999930e-01,0.000000000000000000e+00
1.216947999999999919e-01,0.000000000000000000e+00
1.218351999999999907e-01,0.000000000000000000e+00
1.219755999999999896e-01,0.000000000000000000e+00
1.220299999999999996e-01,0.000000000000000000e+00
1.221701999999999927e-01,0.000000000000000000e+00
1.223103999999999858e-01,0.000000000000000000e+00
1.224505999999999789e-01,0.000000000000000000e+00
1.225907999999999720e-01,0.000000000000000000e+00
1.227309999999999651e-01,0.000000000000000000e+00
1.228711999999999582e-01,0.000000000000000000e+00
1.230113999999999513e-01,0.000000000000000000e+00
1.231515999999999444e-01,0.000000000000000000e+00
1.232917999999999376e-01,0.000000000000000000e+00
1.234319999999999307e-01,0.000000000000000000e+00
1.235721999999999238e-01,0.000000000000000000e+00
1.237123999999999169e-01,0.000000000000000000e+00
1.238525999999999100e-01,0.000000000000000000e+00
1.239927999999999031e-01,0.000000000000000000e+00
1.240399999999999975e-01,0.000000000000000000e+00
1.241789999999999977e-01,0.000000000000000000e+00
1.243179999999999980e-01,0.000000000000000000e+00
1.244569999999999982e-01,0.000000000000000000e+00
1.245959999999999984e-01,0.000000000000000000e+00
1.247349999999999987e-01,0.000000000000000000e+00
1.248739999999999989e-01,0.000000000000000000e+00
1.250129999999999852e-01,0.000000000000000000e+00
1.251519999999999855e-01,0.000000000000000000e+00
1.252909999999999857e-01,0.000000000000000000e+00
1.254299999999999859e-01,0.000000000000000000e+00
1.255689999999999862e-01,0.000000000000000000e+00
1.257079999999999864e-01,0.000000000000000000e+00
1.258469999999999867e-01,0.000000000000000000e+00
1.259859999999999869e-01,0.000000000000000000e+00
1.259899999999999909e-01,0.000000000000000000e+00
1.261304000000000036e-01,0.000000000000000000e+00
1.262708000000000164e-01,0.000000000000000000e+00
1.264112000000000291e-01,0.000000000000000000e+00
1.265516000000000418e-01,0.000000000000000000e+00
1.266920000000000546e-01,0.000000000000000000e+00
1.268324000000000673e-01,0.000000000000000000e+00
1.269728000000000800e-01,0.000000000000000000e+00
1.271132000000000928e-01,0.000000000000000000e+00
1.272536000000001055e-01,0.000000000000000000e+00
1.273940000000001183e-01,0.000000000000000000e+00
1.275344000000001310e-01,0.000000000000000000e+00
1.276748000000001437e-01,0.000000000000000000e+00
1.278152000000001565e-01,0.000000000000000000e+00
1.279556000000001692e-01,0.000000000000000000e+00
1.280100000000000127e-01,0.000000000000000000e+00
1.281502000000000197e-01,0.000000000000000000e+00
1.282904000000000266e-01,0.000000000000000000e+00
1.284306000000000336e-01,0.000000000000000000e+00
1.285708000000000406e-01,0.000000000000000000e+00
1.287110000000000476e-01,0.000000000000000000e+00
1.288512000000000546e-01,0.000000000000000000e+00
1.289914000000000616e-01,0.000000000000000000e+00
1.291316000000000686e-01,0.000000000000000000e+00
1.292718000000000755e-01,0.000000000000000000e+00
1.294120000000000825e-01,0.000000000000000000e+00
1.295522000000000895e-01,0.000000000000000000e+00
1.296924000000000965e-01,0.000000000000000000e+00
1.298326000000001035e-01,0.000000000000000000e+00
1.299728000000001105e-01,0.000000000000000000e+00
1.300199999999999967e-01,0.000000000000000000e+00
1.301604000000000094e-01,0.000000000000000000e+00
1.303008000000000222e-01,0.000000000000000000e+00
1.304412000000000349e-01,0.000000000000000000e+00
1.305816000000000476e-01,0.000000000000000000e+00
1.307220000000000604e-01,0.000000000000000000e+00
1.308624000000000731e-01,0.000000000000000000e+00
1.310028000000000858e-01,0.000000000000000000e+00
1.311432000000000986e-01,0.000000000000000000e+00
1.312836000000001113e-01,0.000000000000000000e+00
1.314240000000001241e-01,0.000000000000000000e+00
1.315644000000001368e-01,0.000000000000000000e+00
1.317048000000001495e-01,0.000000000000000000e+00
1.318452000000001623e-01,0.000000000000000000e+00
1.319856000000001750e-01,0.000000000000000000e+00
1.320399999999999907e-01,0.000000000000000000e+00
1.321789999999999909e-01,0.000000000000000000e+00
1.323179999999999912e-01,0.000000000000000000e+00
1.324569999999999914e-01,0.000000000000000000e+00
1.325959999999999916e-01,0.000000000000000000e+00
1.327349999999999919e-01,0.000000000000000000e+00
1.328739999999999921e-01,0.000000000000000000e+00
1.330129999999999924e-01,0.000000000000000000e+00
1.331519999999999926e-01,0.000000000000000000e+00
1.332909999999999928e-01,0.000000000000000000e+00
1.334299999999999931e-01,0.000000000000000000e+00
1.335689999999999933e-01,0.000000000000000000e+00
1.337079999999999935e-01,0.000000000000000000e+00
1.338469999999999938e-01,0.000000000000000000e+00
1.339859999999999940e-01,0.000000000000000000e+00
1.339899999999999980e-01,0.000000000000000000e+00
1.341302000000000050e-01,0.000000000000000000e+00
1.342704000000000120e-01,0.000000000000000000e+00
1.344106000000000189e-01,0.000000000000000000e+00
1.345508000000000259e-01,0.000000000000000000e+00
1.346910000000000329e-01,0.000000000000000000e+00
1.348312000000000399e-01,0.000000000000000000e+00
1.349714000000000469e-01,0.000000000000000000e+00
1.351116000000000539e-01,0.000000000000000000e+00
1.352518000000000609e-01,0.000000000000000000e+00
1.353920000000000678e-01,0.000000000000000000e+00
1.355322000000000748e-01,0.000000000000000000e+00
1.356724000000000818e-01,0.000000000000000000e+00
1.358126000000000888e-01,0.000000000000000000e+00
1.359528000000000958e-01,0.000000000000000000e+00
1.360000000000000098e-01,0.000000000000000000e+00
1.361404000000000225e-01,0.000000000000000000e+00
1.362808000000000352e-01,0.000000000000000000e+00
1.364212000000000480e-01,0.000000000000000000e+00
1.365616000000000607e-01,0.000000000000000000e+00
1.367020000000000735e-01,0.000000000000000000e+00
1.368424000000000862e-01,0.000000000000000000e+00
1.369828000000000989e-01,0.000000000000000000e+00
1.371232000000001117e-01,0.000000000000000000e+00
1.372636000000001244e-01,0.000000000000000000e+00
1.374040000000001371e-01,0.000000000000000000e+00
1.375444000000001499e-01,0.000000000000000000e+00
1.376848000000001626e-01,0.000000000000000000e+00
1.378252000000001753e-01,0.000000000000000000e+00
1.379656000000001881e-01,0.000000000000000000e+00
1.380200000000000038e-01,0.000000000000000000e+00
1.381602000000000108e-01,0.000000000000000000e+00
1.383004000000000178e-01,0.000000000000000000e+00
1.384406000000000247e-01,0.000000000000000000e+00
1.385808000000000317e-01,0.000000000000000000e+00
1.387210000000000387e-01,0.000000000000000000e+00
1.388612000000000457e-01,0.000000000000000000e+00
1.390014000000000527e-01,0.000000000000000000e+00
1.391416000000000597e-01,0.000000000000000000e+00
1.392818000000000667e-01,0.000000000000000000e+00
1.394220000000000736e-01,0.000000000000000000e+00
1.395622000000000806e-01,0.000000000000000000e+00
1.397024000000000876e-01,0.000000000000000000e+00
1.398426000000000946e-01,0.000000000000000000e+00
1.399828000000001016e-01,0.000000000000000000e+00
1.400299999999999878e-01,0.000000000000000000e+00
1.401704000000000006e-01,0.000000000000000000e+00
1.403108000000000133e-01,0.000000000000000000e+00
1.404512000000000260e-01,0.000000000000000000e+00
1.405916000000000388e-01,0.000000000000000000e+00
1.407320000000000515e-01,0.000000000000000000e+00
1.408724000000000642e-01,0.000000000000000000e+00
1.410128000000000770e-01,0.000000000000000000e+00
1.411532000000000897e-01,0.000000000000000000e+00
1.412936000000001024e-01,0.000000000000000000e+00
1.414340000000001152e-01,0.000000000000000000e+00
1.415744000000001279e-01,0.000000000000000000e+00
1.417148000000001407e-01,0.000000000000000000e+00
1.418552000000001534e-01,0.000000000000000000e+00
1.419956000000001661e-01,0.000000000000000000e+00
1.420500000000000096e-01,0.000000000000000000e+00
1.421890000000000098e-01,0.000000000000000000e+00
1.423280000000000101e-01,0.000000000000000000e+00
1.424670000000000103e-01,0.000000000000000000e+00
1.426060000000000105e-01,0.000000000000000000e+00
1.427450000000000108e-01,0.000000000000000000e+00
1.428840000000000110e-01,0.000000000000000000e+00
1.430230000000000112e-01,0.000000000000000000e+00
1.431620000000000115e-01,0.000000000000000000e+00
1.433010000000000117e-01,0.000000000000000000e+00
1.434400000000000119e-01,0.000000000000000000e+00
1.435790000000000122e-01,0.000000000000000000e+00
1.437180000000000124e-01,0.000000000000000000e+00
1.438570000000000126e-01,0.000000000000000000e+00
1.439960000000000129e-01,0.000000000000000000e+00
1.439999999999999891e-01,0.000000000000000000e+00
1.441401999999999961e-01,0.000000000000000000e+00
1.442804000000000031e-01,0.000000000000000000e+00
1.444206000000000101e-01,0.000000000000000000e+00
1.445608000000000171e-01,0.000000000000000000e+00
1.447010000000000240e-01,0.000000000000000000e+00
1.448412000000000310e-01,0.000000000000000000e+00
1.449814000000000380e-01,0.000000000000000000e+00
1.451216000000000450e-01,0.000000000000000000e+00
1.452618000000000520e-01,0.000000000000000000e+00
1.454020000000000590e-01,0.000000000000000000e+00
1.455422000000000660e-01,0.000000000000000000e+00
1.456824000000000729e-01,0.000000000000000000e+00
1.458226000000000799e-01,0.000000000000000000e+00
1.459628000000000869e-01,0.000000000000000000e+00
1.460100000000000009e-01,0.000000000000000000e+00
1.461504000000000136e-01,0.000000000000000000e+00
1.462908000000000264e-01,0.000000000000000000e+00
1.464312000000000391e-01,0.000000000000000000e+00
1.465716000000000518e-01,0.000000000000000000e+00
1.467120000000000646e-01,0.000000000000000000e+00
1.468524000000000773e-01,0.000000000000000000e+00
1.469928000000000901e-01,0.000000000000000000e+00
1.471332000000001028e-01,0.000000000000000000e+00
1.472736000000001155e-01,0.000000000000000000e+00
1.474140000000001283e-01,0.000000000000000000e+00
1.475544000000001410e-01,0.000000000000000000e+00
1.476948000000001537e-01,0.000000000000000000e+00
1.478352000000001665e-01,0.000000000000000000e+00
1.479756000000001792e-01,0.000000000000000000e+00
1.480299999999999949e-01,0.000000000000000000e+00
1.481702000000000019e-01,0.000000000000000000e+00
1.483104000000000089e-01,0.000000000000000000e+00
1.484506000000000159e-01,0.000000000000000000e+00
1.485908000000000229e-01,0.000000000000000000e+00
1.487310000000000298e-01,0.000000000000000000e+00
1.488712000000000368e-01,0.000000000000000000e+00
1.490114000000000438e-01,0.000000000000000000e+00
1.491516000000000508e-01,0.000000000000000000e+00
1.492918000000000578e-01,0.000000000000000000e+00
1.494320000000000648e-01,0.000000000000000000e+00
1.495722000000000718e-01,0.000000000000000000e+00
1.497124000000000787e-01,0.000000000000000000e+00
1.498526000000000857e-01,0.000000000000000000e+00
1.499928000000000927e-01,0.000000000000000000e+00
1.500400000000000067e-01,0.000000000000000000e+00
1.501790000000000069e-01,0.000000000000000000e+00
1.503180000000000072e-01,0.000000000000000000e+00
1.504570000000000074e-01,0.000000000000000000e+00
1.505960000000000076e-01,0.000000000000000000e+00
1.507350000000000079e-01,0.000000000000000000e+00
1.508740000000000081e-01,0.000000000000000000e+00
1.510130000000000083e-01,0.000000000000000000e+00
1.511520000000000086e-01,0.000000000000000000e+00
1.512910000000000088e-01,0.000000000000000000e+00
1.514300000000000090e-01,0.000000000000000000e+00
1.515690000000000093e-01,0.000000000000000000e+00
1.517080000000000095e-01,0.000000000000000000e+00
1.518470000000000097e-01,0.000000000000000000e+00
1.519860000000000100e-01,0.000000000000000000e+00
1.519899999999999862e-01,0.000000000000000000e+00
1.521303999999999990e-01,0.000000000000000000e+00
1.522708000000000117e-01,0.000000000000000000e+00
1.524112000000000244e-01,0.000000000000000000e+00
1.525516000000000372e-01,0.000000000000000000e+00
1.526920000000000499e-01,0.000000000000000000e+00
1.528324000000000626e-01,0.000000000000000000e+00
1.529728000000000754e-01,0.000000000000000000e+00
1.531132000000000881e-01,0.000000000000000000e+00
1.532536000000001009e-01,0.000000000000000000e+00
1.533940000000001136e-01,0.000000000000000000e+00
1.535344000000001263e-01,0.000000000000000000e+00
1.536748000000001391e-01,0.000000000000000000e+00
1.538152000000001518e-01,0.000000000000000000e+00
1.539556000000001645e-01,0.000000000000000000e+00
1.540100000000000080e-01,0.000000000000000000e+00
1.541502000000000150e-01,0.000000000000000000e+00
1.542904000000000220e-01,0.000000000000000000e+00
1.544306000000000290e-01,0.000000000000000000e+00
1.545708000000000359e-01,0.000000000000000000e+00
1.547110000000000429e-01,0.000000000000000000e+00
1.548512000000000499e-01,0.000000000000000000e+00
1.549914000000000569e-01,0.000000000000000000e+00
1.551316000000000639e-01,0.000000000000000000e+00
1.552718000000000709e-01,0.000000000000000000e+00
1.554120000000000779e-01,0.000000000000000000e+00
1.555522000000000848e-01,0.000000000000000000e+00
1.556924000000000918e-01,0.000000000000000000e+00
1.558326000000000988e-01,0.000000000000000000e+00
1.559728000000001058e-01,0.000000000000000000e+00
1.560199999999999920e-01,0.000000000000000000e+00
1.561604000000000048e-01,0.000000000000000000e+00
1.563008000000000175e-01,0.000000000000000000e+00
1.564412000000000302e-01,0.000000000000000000e+00
1.565816000000000430e-01,0.000000000000000000e+00
1.567220000000000557e-01,0.000000000000000000e+00
1.568624000000000684e-01,0.000000000000000000e+00
1.570028000000000812e-01,0.000000000000000000e+00
1.571432000000000939e-01,0.000000000000000000e+00
1.572836000000001067e-01,0.000000000000000000e+00
1.574240000000001194e-01,0.000000000000000000e+00
1.575644000000001321e-01,0.000000000000000000e+00
1.577048000000001449e-01,0.000000000000000000e+00
1.578452000000001576e-01,0.000000000000000000e+00
1.579856000000001703e-01,0.000000000000000000e+00
1.580400000000000138e-01,0.000000000000000000e+00
1.581790000000000140e-01,0.000000000000000000e+00
1.583180000000000143e-01,0.000000000000000000e+00
1.584570000000000145e-01,0.000000000000000000e+00
1.585960000000000147e-01,0.000000000000000000e+00
1.587350000000000150e-01,0.000000000000000000e+00
1.588740000000000152e-01,0.000000000000000000e+00
1.590130000000000154e-01,0.000000000000000000e+00
1.591520000000000157e-01,0.000000000000000000e+00
1.592910000000000159e-01,0.000000000000000000e+00
1.594300000000000161e-01,0.000000000000000000e+00
1.595690000000000164e-01,0.000000000000000000e+00
1.597080000000000166e-01,0.000000000000000000e+00
1.598470000000000169e-01,0.000000000000000000e+00
1.599860000000000171e-01,0.000000000000000000e+00
1.599899999999999933e-01,0.000000000000000000e+00
1.601302000000000003e-01,0.000000000000000000e+00
1.602704000000000073e-01,0.000000000000000000e+00
1.604106000000000143e-01,0.000000000000000000e+00
1.605508000000000213e-01,0.000000000000000000e+00
1.606910000000000283e-01,0.000000000000000000e+00
1.608312000000000352e-01,0.000000000000000000e+00
1.609714000000000422e-01,0.000000000000000000e+00
1.611116000000000492e-01,0.000000000000000000e+00
1.612518000000000562e-01,0.000000000000000000e+00
1.613920000000000632e-01,0.000000000000000000e+00
1.615322000000000702e-01,0.000000000000000000e+00
1.616724000000000772e-01,0.000000000000000000e+00
1.618126000000000841e-01,0.000000000000000000e+00
1.619528000000000911e-01,0.000000000000000000e+00
1.620000000000000051e-01,0.000000000000000000e+00
1.621404000000000178e-01,0.000000000000000000e+00
1.622808000000000306e-01,0.000000000000000000e+00
1.624212000000000433e-01,0.000000000000000000e+00
1.625616000000000561e-01,0.000000000000000000e+00
1.627020000000000688e-01,0.000000000000000000e+00
1.628424000000000815e-01,0.000000000000000000e+00
1.629828000000000943e-01,0.000000000000000000e+00
1.631232000000001070e-01,0.000000000000000000e+00
1.632636000000001197e-01,0.000000000000000000e+00
1.634040000000001325e-01,0.000000000000000000e+00
1.635444000000001452e-01,0.000000000000000000e+00
1.636848000000001579e-01,0.000000000000000000e+00
1.638252000000001707e-01,0.000000000000000000e+00
1.639656000000001834e-01,0.000000000000000000e+00
1.640199999999999991e-01,0.000000000000000000e+00
1.641602000000000061e-01,0.000000000000000000e+00
1.643004000000000131e-01,0.000000000000000000e+00
1.644406000000000201e-01,0.000000000000000000e+00
1.645808000000000271e-01,0.000000000000000000e+00
1.647210000000000341e-01,0.000000000000000000e+00
1.648612000000000410e-01,0.000000000000000000e+00
1.650014000000000480e-01,0.000000000000000000e+00
1.651416000000000550e-01,0.000000000000000000e+00
1.652818000000000620e-01,0.000000000000000000e+00
1.654220000000000690e-01,0.000000000000000000e+00
1.655622000000000760e-01,0.000000000000000000e+00
1.657024000000000830e-01,0.000000000000000000e+00
1.658426000000000899e-01,0.000000000000000000e+00
1.659828000000000969e-01,0.000000000000000000e+00
1.660300000000000109e-01,0.000000000000000000e+00
1.661704000000000236e-01,0.000000000000000000e+00
1.663108000000000364e-01,0.000000000000000000e+00
1.664512000000000491e-01,0.000000000000000000e+00
1.665916000000000619e-01,0.000000000000000000e+00
1.667320000000000746e-01,0.000000000000000000e+00
1.668724000000000873e-01,0.000000000000000000e+00
1.670128000000001001e-01,0.000000000000000000e+00
1.671532000000001128e-01,0.000000000000000000e+00
1.672936000000001255e-01,0.000000000000000000e+00
1.674340000000001383e-01,0.000000000000000000e+00
1.675744000000001510e-01,0.000000000000000000e+00
1.677148000000001637e-01,0.000000000000000000e+00
1.678552000000001765e-01,0.000000000000000000e+00
1.679956000000001892e-01,0.000000000000000000e+00
1.680500000000000049e-01,0.000000000000000000e+00
1.681890000000000052e-01,0.000000000000000000e+00
1.683280000000000054e-01,0.000000000000000000e+00
1.684670000000000056e-01,0.000000000000000000e+00
1.686060000000000059e-01,0.000000000000000000e+00
1.687450000000000061e-01,0.000000000000000000e+00
1.688840000000000063e-01,0.000000000000000000e+00
1.690230000000000066e-01,0.000000000000000000e+00
1.691620000000000068e-01,0.000000000000000000e+00
1.693010000000000070e-01,0.000000000000000000e+00
1.694400000000000073e-01,0.000000000000000000e+00
1.695790000000000075e-01,0.000000000000000000e+00
1.697180000000000077e-01,0.000000000000000000e+00
1.698570000000000080e-01,0.000000000000000000e+00
1.699960000000000082e-01,0.000000000000000000e+00
1.700000000000000122e-01,0.000000000000000000e+00
1.701402000000000192e-01,0.000000000000000000e+00
1.702804000000000262e-01,0.000000000000000000e+00
1.704206000000000332e-01,0.000000000000000000e+00
1.705608000000000402e-01,0.000000000000000000e+00
1.707010000000000471e-01,0.000000000000000000e+00
1.708412000000000541e-01,0.000000000000000000e+00
1.709814000000000611e-01,0.000000000000000000e+00
1.711216000000000681e-01,0.000000000000000000e+00
1.712618000000000751e-01,0.000000000000000000e+00
1.714020000000000821e-01,0.000000000000000000e+00
1.715422000000000891e-01,0.000000000000000000e+00
1.716824000000000960e-01,0.000000000000000000e+00
1.718226000000001030e-01,0.000000000000000000e+00
1.719628000000001100e-01,0.000000000000000000e+00
1.720099999999999962e-01,0.000000000000000000e+00
1.721504000000000090e-01,0.000000000000000000e+00
1.722908000000000217e-01,0.000000000000000000e+00
1.724312000000000344e-01,0.000000000000000000e+00
1.725716000000000472e-01,0.000000000000000000e+00
1.727120000000000599e-01,0.000000000000000000e+00
1.728524000000000727e-01,0.000000000000000000e+00
1.729928000000000854e-01,0.000000000000000000e+00
1.731332000000000981e-01,0.000000000000000000e+00
1.732736000000001109e-01,0.000000000000000000e+00
1.734140000000001236e-01,0.000000000000000000e+00
1.735544000000001363e-01,0.000000000000000000e+00
1.736948000000001491e-01,0.000000000000000000e+00
1.738352000000001618e-01,0.000000000000000000e+00
1.739756000000001745e-01,0.000000000000000000e+00
1.740299999999999903e-01,0.000000000000000000e+00
1.741701999999999972e-01,0.000000000000000000e+00
1.743104000000000042e-01,0.000000000000000000e+00
1.744506000000000112e-01,0.000000000000000000e+00
1.745908000000000182e-01,0.000000000000000000e+00
1.747310000000000252e-01,0.000000000000000000e+00
1.748712000000000322e-01,0.000000000000000000e+00
1.750114000000000392e-01,0.000000000000000000e+00
1.751516000000000461e-01,0.000000000000000000e+00
1.752918000000000531e-01,0.000000000000000000e+00
1.754320000000000601e-01,0.000000000000000000e+00
1.755722000000000671e-01,0.000000000000000000e+00
1.757124000000000741e-01,0.000000000000000000e+00
1.758526000000000811e-01,0.000000000000000000e+00
1.759928000000000881e-01,0.000000000000000000e+00
1.760400000000000020e-01,0.000000000000000000e+00
1.761792000000000080e-01,0.000000000000000000e+00
1.763184000000000140e-01,0.000000000000000000e+00
1.764576000000000200e-01,0.000000000000000000e+00
1.765968000000000260e-01,0.000000000000000000e+00
1.767360000000000320e-01,0.000000000000000000e+00
1.768752000000000379e-01,0.000000000000000000e+00
1.770144000000000439e-01,0.000000000000000000e+00
1.771536000000000499e-01,0.000000000000000000e+00
1.772928000000000559e-01,0.000000000000000000e+00
1.774320000000000619e-01,0.000000000000000000e+00
1.775712000000000679e-01,0.000000000000000000e+00
1.777104000000000739e-01,0.000000000000000000e+00
1.778496000000000798e-01,0.000000000000000000e+00
1.779888000000000858e-01,0.000000000000000000e+00
1.779999999999999916e-01,0.000000000000000000e+00
1.781401999999999985e-01,0.000000000000000000e+00
1.782804000000000055e-01,0.000000000000000000e+00
1.784206000000000125e-01,0.000000000000000000e+00
1.785608000000000195e-01,0.000000000000000000e+00
1.787010000000000265e-01,0.000000000000000000e+00
1.788412000000000335e-01,0.000000000000000000e+00
1.789814000000000405e-01,0.000000000000000000e+00
1.791216000000000474e-01,0.000000000000000000e+00
1.792618000000000544e-01,0.000000000000000000e+00
1.794020000000000614e-01,0.000000000000000000e+00
1.795422000000000684e-01,0.000000000000000000e+00
1.796824000000000754e-01,0.000000000000000000e+00
1.798226000000000824e-01,0.000000000000000000e+00
1.799628000000000894e-01,0.000000000000000000e+00
1.800100000000000033e-01,0.000000000000000000e+00
1.801502000000000103e-01,0.000000000000000000e+00
1.802904000000000173e-01,0.000000000000000000e+00
1.804306000000000243e-01,0.000000000000000000e+00
1.805708000000000313e-01,0.000000000000000000e+00
1.807110000000000383e-01,0.000000000000000000e+00
1.808512000000000453e-01,0.000000000000000000e+00
1.809914000000000522e-01,0.000000000000000000e+00
1.811316000000000592e-01,0.000000000000000000e+00
1.812718000000000662e-01,0.000000000000000000e+00
1.814120000000000732e-01,0.000000000000000000e+00
1.815522000000000802e-01,0.000000000000000000e+00
1.816924000000000872e-01,0.000000000000000000e+00
1.818326000000000942e-01,0.000000000000000000e+00
1.819728000000001011e-01,0.000000000000000000e+00
1.820199999999999874e-01,0.000000000000000000e+00
1.821604000000000001e-01,0.000000000000000000e+00
1.823008000000000128e-01,0.000000000000000000e+00
1.824412000000000256e-01,0.000000000000000000e+00
1.825816000000000383e-01,0.000000000000000000e+00
1.827220000000000510e-01,0.000000000000000000e+00
1.828624000000000638e-01,0.000000000000000000e+00
1.830028000000000765e-01,0.000000000000000000e+00
1.831432000000000893e-01,0.000000000000000000e+00
1.832836000000001020e-01,0.000000000000000000e+00
1.834240000000001147e-01,0.000000000000000000e+00
1.835644000000001275e-01,0.000000000000000000e+00
1.837048000000001402e-01,0.000000000000000000e+00
1.838452000000001529e-01,0.000000000000000000e+00
1.839856000000001657e-01,0.000000000000000000e+00
1.840400000000000091e-01,0.000000000000000000e+00
1.841790000000000094e-01,0.000000000000000000e+00
1.843180000000000096e-01,0.000000000000000000e+00
1.844570000000000098e-01,0.000000000000000000e+00
1.845960000000000101e-01,0.000000000000000000e+00
1.847350000000000103e-01,0.000000000000000000e+00
1.848740000000000105e-01,0.000000000000000000e+00
1.850130000000000108e-01,0.000000000000000000e+00
1.851520000000000110e-01,0.000000000000000000e+00
1.852910000000000112e-01,0.000000000000000000e+00
1.854300000000000115e-01,0.000000000000000000e+00
1.855690000000000117e-01,0.000000000000000000e+00
1.857080000000000120e-01,0.000000000000000000e+00
1.858470000000000122e-01,0.000000000000000000e+00
1.859860000000000124e-01,0.000000000000000000e+00
1.859899999999999887e-01,0.000000000000000000e+00
1.861304000000000014e-01,0.000000000000000000e+00
1.862708000000000141e-01,0.000000000000000000e+00
1.864112000000000269e-01,0.000000000000000000e+00
1.865516000000000396e-01,0.000000000000000000e+00
1.866920000000000524e-01,0.000000000000000000e+00
1.868324000000000651e-01,0.000000000000000000e+00
1.869728000000000778e-01,0.000000000000000000e+00
1.871132000000000906e-01,0.000000000000000000e+00
1.872536000000001033e-01,0.000000000000000000e+00
1.873940000000001160e-01,0.000000000000000000e+00
1.875344000000001288e-01,0.000000000000000000e+00
1.876748000000001415e-01,0.000000000000000000e+00
1.878152000000001542e-01,0.000000000000000000e+00
1.879556000000001670e-01,0.000000000000000000e+00
1.880100000000000104e-01,0.000000000000000000e+00
1.881502000000000174e-01,0.000000000000000000e+00
1.882904000000000244e-01,0.000000000000000000e+00
1.884306000000000314e-01,0.000000000000000000e+00
1.885708000000000384e-01,0.000000000000000000e+00
1.887110000000000454e-01,0.000000000000000000e+00
1.888512000000000524e-01,0.000000000000000000e+00
1.889914000000000593e-01,0.000000000000000000e+00
1.891316000000000663e-01,0.000000000000000000e+00
1.892718000000000733e-01,0.000000000000000000e+00
1.894120000000000803e-01,0.000000000000000000e+00
1.895522000000000873e-01,0.000000000000000000e+00
1.896924000000000943e-01,0.000000000000000000e+00
1.898326000000001013e-01,0.000000000000000000e+00
1.899728000000001082e-01,0.000000000000000000e+00
1.900199999999999945e-01,0.000000000000000000e+00
1.901602000000000015e-01,0.000000000000000000e+00
1.903004000000000084e-01,0.000000000000000000e+00
1.904406000000000154e-01,0.000000000000000000e+00
1.905808000000000224e-01,0.000000000000000000e+00
1.907210000000000294e-01,0.000000000000000000e+00
1.908612000000000364e-01,0.000000000000000000e+00
1.910014000000000434e-01,0.000000000000000000e+00
1.911416000000000504e-01,0.000000000000000000e+00
1.912818000000000573e-01,0.000000000000000000e+00
1.914220000000000643e-01,0.000000000000000000e+00
1.915622000000000713e-01,0.000000000000000000e+00
1.917024000000000783e-01,0.000000000000000000e+00
1.918426000000000853e-01,0.000000000000000000e+00
1.919828000000000923e-01,0.000000000000000000e+00
1.920300000000000062e-01,0.000000000000000000e+00
1.921692000000000122e-01,0.000000000000000000e+00
1.923084000000000182e-01,0.000000000000000000e+00
1.924476000000000242e-01,0.000000000000000000e+00
1.925868000000000302e-01,0.000000000000000000e+00
1.927260000000000362e-01,0.000000000000000000e+00
1.928652000000000422e-01,0.000000000000000000e+00
1.930044000000000481e-01,0.000000000000000000e+00
1.931436000000000541e-01,0.000000000000000000e+00
1.932828000000000601e-01,0.000000000000000000e+00
1.934220000000000661e-01,0.000000000000000000e+00
1.935612000000000721e-01,0.000000000000000000e+00
1.937004000000000781e-01,0.000000000000000000e+00
1.938396000000000841e-01,0.000000000000000000e+00
1.939788000000000900e-01,0.000000000000000000e+00
1.939899999999999958e-01,0.000000000000000000e+00
1.941302000000000028e-01,0.000000000000000000e+00
1.942704000000000097e-01,0.000000000000000000e+00
1.944106000000000167e-01,0.000000000000000000e+00
1.945508000000000237e-01,0.000000000000000000e+00
1.946910000000000307e-01,0.000000000000000000e+00
1.948312000000000377e-01,0.000000000000000000e+00
1.949714000000000447e-01,0.000000000000000000e+00
1.951116000000000517e-01,0.000000000000000000e+00
1.952518000000000586e-01,0.000000000000000000e+00
1.953920000000000656e-01,0.000000000000000000e+00
1.955322000000000726e-01,0.000000000000000000e+00
1.956724000000000796e-01,0.000000000000000000e+00
1.958126000000000866e-01,0.000000000000000000e+00
1.959528000000000936e-01,0.000000000000000000e+00
1.960000000000000075e-01,0.000000000000000000e+00
1.961402000000000145e-01,0.000000000000000000e+00
1.962804000000000215e-01,0.000000000000000000e+00
1.964206000000000285e-01,0.000000000000000000e+00
1.965608000000000355e-01,0.000000000000000000e+00
1.967010000000000425e-01,0.000000000000000000e+00
1.968412000000000495e-01,0.000000000000000000e+00
1.969814000000000564e-01,0.000000000000000000e+00
1.971216000000000634e-01,0.000000000000000000e+00
1.972618000000000704e-01,0.000000000000000000e+00
1.974020000000000774e-01,0.000000000000000000e+00
1.975422000000000844e-01,0.000000000000000000e+00
1.976824000000000914e-01,0.000000000000000000e+00
1.978226000000000984e-01,0.000000000000000000e+00
1.979628000000001053e-01,0.000000000000000000e+00
1.980099999999999916e-01,0.000000000000000000e+00
1.981504000000000043e-01,0.000000000000000000e+00
1.982908000000000170e-01,0.000000000000000000e+00
1.984312000000000298e-01,0.000000000000000000e+00
1.985716000000000425e-01,0.000000000000000000e+00
1.987120000000000553e-01,0.000000000000000000e+00
1.988524000000000680e-01,0.000000000000000000e+00
1.989928000000000807e-01,0.000000000000000000e+00
1.991332000000000935e-01,0.000000000000000000e+00
1.992736000000001062e-01,0.000000000000000000e+00
1.994140000000001189e-01,0.000000000000000000e+00
1.995544000000001317e-01,0.000000000000000000e+00
1.996948000000001444e-01,0.000000000000000000e+00
1.998352000000001572e-01,0.000000000000000000e+00
1.999756000000001699e-01,0.000000000000000000e+00
2.000300000000000133e-01,0.000000000000000000e+00
2.001702000000000203e-01,0.000000000000000000e+00
2.003104000000000273e-01,0.000000000000000000e+00
2.004506000000000343e-01,0.000000000000000000e+00
2.005908000000000413e-01,0.000000000000000000e+00
2.007310000000000483e-01,0.000000000000000000e+00
2.008712000000000553e-01,0.000000000000000000e+00
2.010114000000000622e-01,0.000000000000000000e+00
2.011516000000000692e-01,0.000000000000000000e+00
2.012918000000000762e-01,0.000000000000000000e+00
2.014320000000000832e-01,0.000000000000000000e+00
2.015722000000000902e-01,0.000000000000000000e+00
2.017124000000000972e-01,0.000000000000000000e+00
2.018526000000001042e-01,0.000000000000000000e+00
2.019928000000001111e-01,0.000000000000000000e+00
2.020399999999999974e-01,0.000000000000000000e+00
2.021792000000000034e-01,0.000000000000000000e+00
2.023184000000000093e-01,0.000000000000000000e+00
2.024576000000000153e-01,0.000000000000000000e+00
2.025968000000000213e-01,0.000000000000000000e+00
2.027360000000000273e-01,0.000000000000000000e+00
2.028752000000000333e-01,0.000000000000000000e+00
2.030144000000000393e-01,0.000000000000000000e+00
2.031536000000000453e-01,0.000000000000000000e+00
2.032928000000000512e-01,0.000000000000000000e+00
2.034320000000000572e-01,0.000000000000000000e+00
2.035712000000000632e-01,0.000000000000000000e+00
2.037104000000000692e-01,0.000000000000000000e+00
2.038496000000000752e-01,0.000000000000000000e+00
2.039888000000000812e-01,0.000000000000000000e+00
2.039999999999999869e-01,0.000000000000000000e+00
2.041401999999999939e-01,0.000000000000000000e+00
2.042804000000000009e-01,0.000000000000000000e+00
2.044206000000000079e-01,0.000000000000000000e+00
2.045608000000000148e-01,0.000000000000000000e+00
2.047010000000000218e-01,0.000000000000000000e+00
2.048412000000000288e-01,0.000000000000000000e+00
2.049814000000000358e-01,0.000000000000000000e+00
2.051216000000000428e-01,0.000000000000000000e+00
2.052618000000000498e-01,0.000000000000000000e+00
2.054020000000000568e-01,0.000000000000000000e+00
2.055422000000000637e-01,0.000000000000000000e+00
2.056824000000000707e-01,0.000000000000000000e+00
2.058226000000000777e-01,0.000000000000000000e+00
2.059628000000000847e-01,0.000000000000000000e+00
2.060099999999999987e-01,0.000000000000000000e+00
2.061502000000000057e-01,0.000000000000000000e+00
2.062904000000000126e-01,0.000000000000000000e+00
2.064306000000000196e-01,0.000000000000000000e+00
2.065708000000000266e-01,0.000000000000000000e+00
2.067110000000000336e-01,0.000000000000000000e+00
2.068512000000000406e-01,0.000000000000000000e+00
2.069914000000000476e-01,0.000000000000000000e+00
2.071316000000000546e-01,0.000000000000000000e+00
2.072718000000000615e-01,0.000000000000000000e+00
2.074120000000000685e-01,0.000000000000000000e+00
2.075522000000000755e-01,0.000000000000000000e+00
2.076924000000000825e-01,0.000000000000000000e+00
2.078326000000000895e-01,0.000000000000000000e+00
2.079728000000000965e-01,0.000000000000000000e+00
2.080200000000000105e-01,0.000000000000000000e+00
2.081604000000000232e-01,0.000000000000000000e+00
2.083008000000000359e-01,0.000000000000000000e+00
2.084412000000000487e-01,0.000000000000000000e+00
2.085816000000000614e-01,0.000000000000000000e+00
2.087220000000000741e-01,0.000000000000000000e+00
2.088624000000000869e-01,0.000000000000000000e+00
2.090028000000000996e-01,0.000000000000000000e+00
2.091432000000001123e-01,0.000000000000000000e+00
2.092836000000001251e-01,0.000000000000000000e+00
2.094240000000001378e-01,0.000000000000000000e+00
2.095644000000001506e-01,0.000000000000000000e+00
2.097048000000001633e-01,0.000000000000000000e+00
2.098452000000001760e-01,0.000000000000000000e+00
2.099856000000001888e-01,0.000000000000000000e+00
2.100400000000000045e-01,0.000000000000000000e+00
2.101790000000000047e-01,1.000000000000000000e+00
2.103180000000000049e-01,1.000000000000000000e+00
2.104570000000000052e-01,1.000000000000000000e+00
2.105960000000000054e-01,1.000000000000000000e+00
2.107350000000000056e-01,1.000000000000000000e+00
2.108740000000000059e-01,1.000000000000000000e+00
2.110130000000000061e-01,1.000000000000000000e+00
2.111520000000000064e-01,1.000000000000000000e+00
2.112910000000000066e-01,1.000000000000000000e+00
2.114300000000000068e-01,1.000000000000000000e+00
2.115690000000000071e-01,1.000000000000000000e+00
2.117080000000000073e-01,1.000000000000000000e+00
2.118470000000000075e-01,1.000000000000000000e+00
2.119860000000000078e-01,1.000000000000000000e+00
2.119900000000000118e-01,1.000000000000000000e+00
2.121304000000000245e-01,1.000000000000000000e+00
2.122708000000000372e-01,1.000000000000000000e+00
2.124112000000000500e-01,1.000000000000000000e+00
2.125516000000000627e-01,1.000000000000000000e+00
2.126920000000000754e-01,1.000000000000000000e+00
2.128324000000000882e-01,1.000000000000000000e+00
2.129728000000001009e-01,1.000000000000000000e+00
2.131132000000001137e-01,1.000000000000000000e+00
2.132536000000001264e-01,1.000000000000000000e+00
2.133940000000001391e-01,1.000000000000000000e+00
2.135344000000001519e-01,1.000000000000000000e+00
2.136748000000001646e-01,1.000000000000000000e+00
2.138152000000001773e-01,1.000000000000000000e+00
2.139556000000001901e-01,1.000000000000000000e+00
2.140100000000000058e-01,1.000000000000000000e+00
2.141502000000000128e-01,1.000000000000000000e+00
2.142904000000000198e-01,1.000000000000000000e+00
2.144306000000000267e-01,1.000000000000000000e+00
2.145708000000000337e-01,1.000000000000000000e+00
2.147110000000000407e-01,1.000000000000000000e+00
2.148512000000000477e-01,1.000000000000000000e+00
2.149914000000000547e-01,1.000000000000000000e+00
2.151316000000000617e-01,1.000000000000000000e+00
2.152718000000000687e-01,1.000000000000000000e+00
2.154120000000000756e-01,1.000000000000000000e+00
2.155522000000000826e-01,1.000000000000000000e+00
2.156924000000000896e-01,1.000000000000000000e+00
2.158326000000000966e-01,1.000000000000000000e+00
2.159728000000001036e-01,1.000000000000000000e+00
2.160199999999999898e-01,1.000000000000000000e+00
2.161601999999999968e-01,1.000000000000000000e+00
2.163004000000000038e-01,1.000000000000000000e+00
2.164406000000000108e-01,1.000000000000000000e+00
2.165808000000000177e-01,1.000000000000000000e+00
2.167210000000000247e-01,1.000000000000000000e+00
2.168612000000000317e-01,1.000000000000000000e+00
2.170014000000000387e-01,1.000000000000000000e+00
2.171416000000000457e-01,1.000000000000000000e+00
2.172818000000000527e-01,1.000000000000000000e+00
2.174220000000000597e-01,1.000000000000000000e+00
2.175622000000000666e-01,1.000000000000000000e+00
2.177024000000000736e-01,1.000000000000000000e+00
2.178426000000000806e-01,0.000000000000000000e+00
2.179828000000000876e-01,0.000000000000000000e+00
2.180300000000000016e-01,0.000000000000000000e+00
2.181692000000000076e-01,0.000000000000000000e+00
2.183084000000000136e-01,0.000000000000000000e+00
2.184476000000000195e-01,0.000000000000000000e+00
2.185868000000000255e-01,0.000000000000000000e+00
2.187260000000000315e-01,0.000000000000000000e+00
2.188652000000000375e-01,1.000000000000000000e+00
2.190044000000000435e-01,1.000000000000000000e+00
2.191436000000000495e-01,1.000000000000000000e+00
2.192828000000000555e-01,1.000000000000000000e+00
2.194220000000000614e-01,1.000000000000000000e+00
2.195612000000000674e-01,1.000000000000000000e+00
2.197004000000000734e-01,1.000000000000000000e+00
2.198396000000000794e-01,1.000000000000000000e+00
2.199788000000000854e-01,1.000000000000000000e+00
2.199899999999999911e-01,1.000000000000000000e+00
2.201301999999999981e-01,1.000000000000000000e+00
2.202704000000000051e-01,1.000000000000000000e+00
2.204106000000000121e-01,1.000000000000000000e+00
2.205508000000000191e-01,1.000000000000000000e+00
2.206910000000000260e-01,1.000000000000000000e+00
2.208312000000000330e-01,1.000000000000000000e+00
2.209714000000000400e-01,1.000000000000000000e+00
2.211116000000000470e-01,1.000000000000000000e+00
2.212518000000000540e-01,1.000000000000000000e+00
2.213920000000000610e-01,1.000000000000000000e+00
2.215322000000000680e-01,1.000000000000000000e+00
2.216724000000000749e-01,1.000000000000000000e+00
2.218126000000000819e-01,1.000000000000000000e+00
2.219528000000000889e-01,1.000000000000000000e+00
2.220000000000000029e-01,1.000000000000000000e+00
2.221404000000000156e-01,1.000000000000000000e+00
2.222808000000000284e-01,1.000000000000000000e+00
2.224212000000000411e-01,1.000000000000000000e+00
2.225616000000000538e-01,1.000000000000000000e+00
2.227020000000000666e-01,1.000000000000000000e+00
2.228424000000000793e-01,1.000000000000000000e+00
2.229828000000000920e-01,1.000000000000000000e+00
2.231232000000001048e-01,1.000000000000000000e+00
2.232636000000001175e-01,1.000000000000000000e+00
2.234040000000001303e-01,1.000000000000000000e+00
2.235444000000001430e-01,1.000000000000000000e+00
2.236848000000001557e-01,1.000000000000000000e+00
2.238252000000001685e-01,1.000000000000000000e+00
2.239656000000001812e-01,1.000000000000000000e+00
2.240199999999999969e-01,1.000000000000000000e+00
2.241602000000000039e-01,1.000000000000000000e+00
2.243004000000000109e-01,1.000000000000000000e+00
2.244406000000000179e-01,1.000000000000000000e+00
2.245808000000000249e-01,1.000000000000000000e+00
2.247210000000000318e-01,1.000000000000000000e+00
2.248612000000000388e-01,1.000000000000000000e+00
2.250014000000000458e-01,1.000000000000000000e+00
2.251416000000000528e-01,1.000000000000000000e+00
2.252818000000000598e-01,1.000000000000000000e+00
2.254220000000000668e-01,1.000000000000000000e+00
2.255622000000000738e-01,1.000000000000000000e+00
2.257024000000000807e-01,1.000000000000000000e+00
2.258426000000000877e-01,1.000000000000000000e+00
2.259828000000000947e-01,1.000000000000000000e+00
2.260300000000000087e-01,1.000000000000000000e+00
2.261702000000000157e-01,1.000000000000000000e+00
2.263104000000000227e-01,1.000000000000000000e+00
2.264506000000000296e-01,1.000000000000000000e+00
2.265908000000000366e-01,1.000000000000000000e+00
2.267310000000000436e-01,1.000000000000000000e+00
2.268712000000000506e-01,1.000000000000000000e+00
2.270114000000000576e-01,1.000000000000000000e+00
2.271516000000000646e-01,1.000000000000000000e+00
2.272918000000000716e-01,1.000000000000000000e+00
2.274320000000000785e-01,1.000000000000000000e+00
2.275722000000000855e-01,1.000000000000000000e+00
2.277124000000000925e-01,1.000000000000000000e+00
2.278526000000000995e-01,1.000000000000000000e+00
2.279928000000001065e-01,1.000000000000000000e+00
2.280399999999999927e-01,1.000000000000000000e+00
2.281791999999999987e-01,1.000000000000000000e+00
2.283184000000000047e-01,1.000000000000000000e+00
2.284576000000000107e-01,1.000000000000000000e+00
2.285968000000000167e-01,1.000000000000000000e+00
2.287360000000000226e-01,1.000000000000000000e+00
2.288752000000000286e-01,1.000000000000000000e+00
2.290144000000000346e-01,1.000000000000000000e+00
2.291536000000000406e-01,1.000000000000000000e+00
2.292928000000000466e-01,1.000000000000000000e+00
2.294320000000000526e-01,1.000000000000000000e+00
2.295712000000000585e-01,1.000000000000000000e+00
2.297104000000000645e-01,1.000000000000000000e+00
2.298496000000000705e-01,1.000000000000000000e+00
2.299888000000000765e-01,1.000000000000000000e+00
2.300000000000000100e-01,1.000000000000000000e+00
2.301402000000000170e-01,1.000000000000000000e+00
2.302804000000000240e-01,1.000000000000000000e+00
2.304206000000000309e-01,1.000000000000000000e+00
2.305608000000000379e-01,1.000000000000000000e+00
2.307010000000000449e-01,1.000000000000000000e+00
2.308412000000000519e-01,1.000000000000000000e+00
2.309814000000000589e-01,1.000000000000000000e+00
2.311216000000000659e-01,1.000000000000000000e+00
2.312618000000000729e-01,1.000000000000000000e+00
2.314020000000000798e-01,1.000000000000000000e+00
2.315422000000000868e-01,1.000000000000000000e+00
2.316824000000000938e-01,1.000000000000000000e+00
2.318226000000001008e-01,1.000000000000000000e+00
2.319628000000001078e-01,1.000000000000000000e+00
2.320099999999999940e-01,1.000000000000000000e+00
2.321504000000000068e-01,1.000000000000000000e+00
2.322908000000000195e-01,1.000000000000000000e+00
2.324312000000000322e-01,1.000000000000000000e+00
2.325716000000000450e-01,1.000000000000000000e+00
2.327120000000000577e-01,1.000000000000000000e+00
2.328524000000000704e-01,1.000000000000000000e+00
2.329928000000000832e-01,1.000000000000000000e+00
2.331332000000000959e-01,1.000000000000000000e+00
2.332736000000001086e-01,1.000000000000000000e+00
2.334140000000001214e-01,1.000000000000000000e+00
2.335544000000001341e-01,1.000000000000000000e+00
2.336948000000001469e-01,1.000000000000000000e+00
2.338352000000001596e-01,1.000000000000000000e+00
2.339756000000001723e-01,1.000000000000000000e+00
2.340299999999999880e-01,1.000000000000000000e+00
2.341701999999999950e-01,1.000000000000000000e+00
2.343104000000000020e-01,1.000000000000000000e+00
2.344506000000000090e-01,1.000000000000000000e+00
2.345908000000000160e-01,1.000000000000000000e+00
2.347310000000000230e-01,1.000000000000000000e+00
2.348712000000000300e-01,1.000000000000000000e+00
2.350114000000000369e-01,1.000000000000000000e+00
2.351516000000000439e-01,1.000000000000000000e+00
2.352918000000000509e-01,1.000000000000000000e+00
2.354320000000000579e-01,1.000000000000000000e+00
2.355722000000000649e-01,1.000000000000000000e+00
2.357124000000000719e-01,1.000000000000000000e+00
2.358526000000000789e-01,1.000000000000000000e+00
2.359928000000000858e-01,1.000000000000000000e+00
2.360399999999999998e-01,1.000000000000000000e+00
2.361790000000000000e-01,1.000000000000000000e+00
2.363180000000000003e-01,1.000000000000000000e+00
2.364570000000000005e-01,1.000000000000000000e+00
2.365960000000000008e-01,1.000000000000000000e+00
2.367350000000000010e-01,1.000000000000000000e+00
2.368740000000000012e-01,1.000000000000000000e+00
2.370130000000000015e-01,1.000000000000000000e+00
2.371520000000000017e-01,1.000000000000000000e+00
2.372910000000000019e-01,1.000000000000000000e+00
2.374300000000000022e-01,1.000000000000000000e+00
2.375690000000000024e-01,1.000000000000000000e+00
2.377080000000000026e-01,1.000000000000000000e+00
2.378470000000000029e-01,1.000000000000000000e+00
2.379860000000000031e-01,1.000000000000000000e+00
2.379900000000000071e-01,1.000000000000000000e+00
2.381304000000000198e-01,1.000000000000000000e+00
2.382708000000000326e-01,1.000000000000000000e+00
2.384112000000000453e-01,1.000000000000000000e+00
2.385516000000000580e-01,1.000000000000000000e+00
2.386920000000000708e-01,1.000000000000000000e+00
2.388324000000000835e-01,1.000000000000000000e+00
2.389728000000000963e-01,1.000000000000000000e+00
2.391132000000001090e-01,1.000000000000000000e+00
2.392536000000001217e-01,1.000000000000000000e+00
2.393940000000001345e-01,1.000000000000000000e+00
2.395344000000001472e-01,1.000000000000000000e+00
2.396748000000001599e-01,1.000000000000000000e+00
2.398152000000001727e-01,1.000000000000000000e+00
2.399556000000001854e-01,1.000000000000000000e+00
2.400100000000000011e-01,1.000000000000000000e+00
2.401502000000000081e-01,1.000000000000000000e+00
2.402904000000000151e-01,1.000000000000000000e+00
2.404306000000000221e-01,1.000000000000000000e+00
2.405708000000000291e-01,1.000000000000000000e+00
2.407110000000000360e-01,1.000000000000000000e+00
2.408512000000000430e-01,1.000000000000000000e+00
2.409914000000000500e-01,1.000000000000000000e+00
2.411316000000000570e-01,1.000000000000000000e+00
2.412718000000000640e-01,1.000000000000000000e+00
2.414120000000000710e-01,1.000000000000000000e+00
2.415522000000000780e-01,1.000000000000000000e+00
2.416924000000000849e-01,1.000000000000000000e+00
2.418326000000000919e-01,1.000000000000000000e+00
2.419728000000000989e-01,1.000000000000000000e+00
2.420200000000000129e-01,1.000000000000000000e+00
2.421604000000000256e-01,1.000000000000000000e+00
2.423008000000000384e-01,1.000000000000000000e+00
2.424412000000000511e-01,1.000000000000000000e+00
2.425816000000000638e-01,1.000000000000000000e+00
2.427220000000000766e-01,1.000000000000000000e+00
2.428624000000000893e-01,1.000000000000000000e+00
2.430028000000001021e-01,1.000000000000000000e+00
2.431432000000001148e-01,1.000000000000000000e+00
2.432836000000001275e-01,1.000000000000000000e+00
2.434240000000001403e-01,1.000000000000000000e+00
2.435644000000001530e-01,1.000000000000000000e+00
2.437048000000001657e-01,1.000000000000000000e+00
2.438452000000001785e-01,1.000000000000000000e+00
2.439856000000001912e-01,1.000000000000000000e+00
2.440400000000000069e-01,1.000000000000000000e+00
2.441790000000000072e-01,1.000000000000000000e+00
2.443180000000000074e-01,1.000000000000000000e+00
2.444570000000000076e-01,1.000000000000000000e+00
2.445960000000000079e-01,1.000000000000000000e+00
2.447350000000000081e-01,1.000000000000000000e+00
2.448740000000000083e-01,1.000000000000000000e+00
2.450130000000000086e-01,1.000000000000000000e+00
2.451520000000000088e-01,1.000000000000000000e+00
2.452910000000000090e-01,1.000000000000000000e+00
2.454300000000000093e-01,1.000000000000000000e+00
2.455690000000000095e-01,1.000000000000000000e+00
2.457080000000000097e-01,1.000000000000000000e+00
2.458470000000000100e-01,1.000000000000000000e+00
2.459860000000000102e-01,1.000000000000000000e+00
2.459899999999999864e-01,1.000000000000000000e+00
2.461301999999999934e-01,1.000000000000000000e+00
2.462704000000000004e-01,1.000000000000000000e+00
2.464106000000000074e-01,1.000000000000000000e+00
2.465508000000000144e-01,1.000000000000000000e+00
2.466910000000000214e-01,1.000000000000000000e+00
2.468312000000000284e-01,1.000000000000000000e+00
2.469714000000000353e-01,1.000000000000000000e+00
2.471116000000000423e-01,1.000000000000000000e+00
2.472518000000000493e-01,1.000000000000000000e+00
2.473920000000000563e-01,1.000000000000000000e+00
2.475322000000000633e-01,1.000000000000000000e+00
2.476724000000000703e-01,1.000000000000000000e+00
2.478126000000000773e-01,1.000000000000000000e+00
2.479528000000000842e-01,1.000000000000000000e+00
2.479999999999999982e-01,1.000000000000000000e+00
2.481404000000000110e-01,1.000000000000000000e+00
2.482808000000000237e-01,1.000000000000000000e+00
2.484212000000000364e-01,1.000000000000000000e+00
2.485616000000000492e-01,1.000000000000000000e+00
2.487020000000000619e-01,1.000000000000000000e+00
2.488424000000000746e-01,1.000000000000000000e+00
2.489828000000000874e-01,1.000000000000000000e+00
2.491232000000001001e-01,1.000000000000000000e+00
2.492636000000001129e-01,1.000000000000000000e+00
2.494040000000001256e-01,1.000000000000000000e+00
2.495444000000001383e-01,1.000000000000000000e+00
2.496848000000001511e-01,1.000000000000000000e+00
2.498252000000001638e-01,1.000000000000000000e+00
2.499656000000001765e-01,1.000000000000000000e+00
2.500200000000000200e-01,1.000000000000000000e+00
2.501601999999999992e-01,1.000000000000000000e+00
2.503003999999999785e-01,1.000000000000000000e+00
2.504405999999999577e-01,1.000000000000000000e+00
2.505807999999999369e-01,1.000000000000000000e+00
2.507209999999999162e-01,1.000000000000000000e+00
2.508611999999998954e-01,1.000000000000000000e+00
2.510013999999998746e-01,1.000000000000000000e+00
2.511415999999998538e-01,1.000000000000000000e+00
2.512817999999998331e-01,1.000000000000000000e+00
2.514219999999998123e-01,1.000000000000000000e+00
2.515621999999997915e-01,1.000000000000000000e+00
2.517023999999997708e-01,1.000000000000000000e+00
2.518425999999997500e-01,1.000000000000000000e+00
2.519827999999997292e-01,1.000000000000000000e+00
2.520299999999999763e-01,1.000000000000000000e+00
2.521703999999999612e-01,1.000000000000000000e+00
2.523107999999999462e-01,1.000000000000000000e+00
2.524511999999999312e-01,1.000000000000000000e+00
2.525915999999999162e-01,1.000000000000000000e+00
2.527319999999999012e-01,1.000000000000000000e+00
2.528723999999998862e-01,1.000000000000000000e+00
2.530127999999998711e-01,1.000000000000000000e+00
2.531531999999998561e-01,1.000000000000000000e+00
2.532935999999998411e-01,1.000000000000000000e+00
2.534339999999998261e-01,1.000000000000000000e+00
2.535743999999998111e-01,1.000000000000000000e+00
2.537147999999997960e-01,1.000000000000000000e+00
2.538551999999997810e-01,1.000000000000000000e+00
2.539955999999997660e-01,1.000000000000000000e+00
2.540499999999999980e-01,1.000000000000000000e+00
2.541889999999999983e-01,1.000000000000000000e+00
2.543279999999999985e-01,1.000000000000000000e+00
2.544669999999999987e-01,1.000000000000000000e+00
2.546059999999999990e-01,1.000000000000000000e+00
2.547449999999999992e-01,1.000000000000000000e+00
2.548839999999999995e-01,1.000000000000000000e+00
2.550229999999999997e-01,1.000000000000000000e+00
2.551619999999999999e-01,1.000000000000000000e+00
2.553010000000000002e-01,1.000000000000000000e+00
2.554400000000000004e-01,1.000000000000000000e+00
2.555790000000000006e-01,1.000000000000000000e+00
2.557180000000000009e-01,1.000000000000000000e+00
2.558570000000000011e-01,1.000000000000000000e+00
2.559960000000000013e-01,1.000000000000000000e+00
2.560000000000000053e-01,1.000000000000000000e+00
2.561401999999999846e-01,1.000000000000000000e+00
2.562803999999999638e-01,1.000000000000000000e+00
2.564205999999999430e-01,1.000000000000000000e+00
2.565607999999999222e-01,1.000000000000000000e+00
2.567009999999999015e-01,1.000000000000000000e+00
2.568411999999998807e-01,1.000000000000000000e+00
2.569813999999998599e-01,1.000000000000000000e+00
2.571215999999998392e-01,1.000000000000000000e+00
2.572617999999998184e-01,1.000000000000000000e+00
2.574019999999997976e-01,1.000000000000000000e+00
2.575421999999997769e-01,1.000000000000000000e+00
2.576823999999997561e-01,1.000000000000000000e+00
2.578225999999997353e-01,1.000000000000000000e+00
2.579627999999997146e-01,1.000000000000000000e+00
2.580100000000000171e-01,1.000000000000000000e+00
2.581504000000000021e-01,1.000000000000000000e+00
2.582907999999999871e-01,1.000000000000000000e+00
2.584311999999999721e-01,1.000000000000000000e+00
2.585715999999999570e-01,1.000000000000000000e+00
2.587119999999999420e-01,1.000000000000000000e+00
2.588523999999999270e-01,1.000000000000000000e+00
2.589927999999999120e-01,1.000000000000000000e+00
2.591331999999998970e-01,1.000000000000000000e+00
2.592735999999998819e-01,1.000000000000000000e+00
2.594139999999998669e-01,1.000000000000000000e+00
2.595543999999998519e-01,1.000000000000000000e+00
2.596947999999998369e-01,1.000000000000000000e+00
2.598351999999998219e-01,1.000000000000000000e+00
2.599755999999998068e-01,1.000000000000000000e+00
2.600299999999999834e-01,1.000000000000000000e+00
2.601701999999999626e-01,1.000000000000000000e+00
2.603103999999999418e-01,1.000000000000000000e+00
2.604505999999999211e-01,1.000000000000000000e+00
2.605907999999999003e-01,1.000000000000000000e+00
2.607309999999998795e-01,1.000000000000000000e+00
2.608711999999998588e-01,1.000000000000000000e+00
2.610113999999998380e-01,1.000000000000000000e+00
2.611515999999998172e-01,1.000000000000000000e+00
2.612917999999997964e-01,1.000000000000000000e+00
2.614319999999997757e-01,1.000000000000000000e+00
2.615721999999997549e-01,1.000000000000000000e+00
2.617123999999997341e-01,1.000000000000000000e+00
2.618525999999997134e-01,1.000000000000000000e+00
2.619927999999996926e-01,1.000000000000000000e+00
2.620399999999999952e-01,1.000000000000000000e+00
2.621789999999999954e-01,1.000000000000000000e+00
2.623179999999999956e-01,1.000000000000000000e+00
2.624569999999999959e-01,1.000000000000000000e+00
2.625959999999999961e-01,1.000000000000000000e+00
2.627349999999999963e-01,1.000000000000000000e+00
2.628739999999999966e-01,1.000000000000000000e+00
2.630129999999999968e-01,1.000000000000000000e+00
2.631519999999999970e-01,1.000000000000000000e+00
2.632909999999999973e-01,1.000000000000000000e+00
2.634299999999999975e-01,1.000000000000000000e+00
2.635689999999999977e-01,1.000000000000000000e+00
2.637079999999999980e-01,1.000000000000000000e+00
2.638469999999999982e-01,1.000000000000000000e+00
2.639859999999999984e-01,1.000000000000000000e+00
2.639900000000000024e-01,1.000000000000000000e+00
2.641303999999999874e-01,1.000000000000000000e+00
2.642707999999999724e-01,1.000000000000000000e+00
2.644111999999999574e-01,1.000000000000000000e+00
2.645515999999999424e-01,1.000000000000000000e+00
2.646919999999999273e-01,9.789737055066000115e-01
2.648323999999999123e-01,9.583895160733232332e-01
2.649727999999998973e-01,9.382381358689768636e-01
2.651131999999998823e-01,9.185104645192571082e-01
2.652535999999998673e-01,8.991975929970056347e-01
2.653939999999998522e-01,8.802907995988942247e-01
2.655343999999998372e-01,8.617815460066958755e-01
2.656747999999998222e-01,8.436614734313815367e-01
2.658151999999998072e-01,8.259223988382775605e-01
2.659555999999997922e-01,8.085563112516085393e-01
2.660100000000000242e-01,8.018831046499395043e-01
2.661502000000000034e-01,8.018842390155701549e-01
2.662903999999999827e-01,8.018853876675057224e-01
2.664305999999999619e-01,8.018865506053791670e-01
2.665707999999999411e-01,8.018877278288235599e-01
2.667109999999999204e-01,8.018889193374720836e-01
2.668511999999998996e-01,8.018901251309576983e-01
2.669913999999998788e-01,8.018913452089134752e-01
2.671315999999998581e-01,8.018925795709725968e-01
2.672717999999998373e-01,8.018938282167681342e-01
2.674119999999998165e-01,8.018950911459331587e-01
2.675521999999997957e-01,8.018963683581008528e-01
2.676923999999997750e-01,8.018976598529041766e-01
2.678325999999997542e-01,8.018989656299764235e-01
2.679727999999997334e-01,8.019002856889506647e-01
2.680199999999999805e-01,8.019007317193304063e-01
2.681603999999999655e-01,8.019020733745273466e-01
2.683007999999999504e-01,8.019034299274946376e-01
2.684411999999999354e-01,8.019048013778489192e-01
2.685815999999999204e-01,8.019061877252070536e-01
2.687219999999999054e-01,8.019075889691857917e-01
2.688623999999998904e-01,8.019090051094019955e-01
2.690027999999998753e-01,8.019104361454721941e-01
2.691431999999998603e-01,8.019118820770134715e-01
2.692835999999998453e-01,8.019133429036424676e-01
2.694239999999998303e-01,8.019148186249759336e-01
2.695643999999998153e-01,8.019163092406307314e-01
2.697047999999998003e-01,8.019178147502237231e-01
2.698451999999997852e-01,8.019193351533715486e-01
2.699855999999997702e-01,8.019208704496911810e-01
2.700400000000000023e-01,8.019214675558405947e-01
2.701790000000000025e-01,8.019229990865572866e-01
2.703180000000000027e-01,8.019245364479121729e-01
2.704570000000000030e-01,8.019260796397565949e-01
2.705960000000000032e-01,8.019276286619417826e-01
2.707350000000000034e-01,8.019291835143190772e-01
2.708740000000000037e-01,8.019307441967397088e-01
2.710130000000000039e-01,8.019323107090550184e-01
2.711520000000000041e-01,8.019338830511163474e-01
2.712910000000000044e-01,8.019354612227749257e-01
2.714300000000000046e-01,8.019370452238820945e-01
2.715690000000000048e-01,8.019386350542890840e-01
2.717080000000000051e-01,8.019402307138472352e-01
2.718470000000000053e-01,8.019418322024077783e-01
2.719860000000000055e-01,8.019434395198221655e-01
2.719900000000000095e-01,8.019434857781017056e-01
2.721301999999999888e-01,8.019434857781017056e-01
2.722703999999999680e-01,8.019434857781017056e-01
2.724105999999999472e-01,8.019434857781017056e-01
2.725507999999999265e-01,8.019434857781017056e-01
2.726909999999999057e-01,8.019434857781017056e-01
2.728311999999998849e-01,8.019434857781017056e-01
2.729713999999998641e-01,8.019434857781017056e-01
2.731115999999998434e-01,8.019434857781017056e-01
2.732517999999998226e-01,8.019434857781017056e-01
2.733919999999998018e-01,8.019434857781017056e-01
2.735321999999997811e-01,8.019434857781017056e-01
2.736723999999997603e-01,8.019434857781017056e-01
2.738125999999997395e-01,8.019434857781017056e-01
2.739527999999997188e-01,8.019434857781017056e-01
2.740000000000000213e-01,8.019434857781017056e-01
2.741404000000000063e-01,8.019434857781017056e-01
2.742807999999999913e-01,8.019434857781017056e-01
2.744211999999999763e-01,8.019434857781017056e-01
2.745615999999999612e-01,8.019434857781017056e-01
2.747019999999999462e-01,8.019434857781017056e-01
2.748423999999999312e-01,8.019434857781017056e-01
2.749827999999999162e-01,8.019434857781017056e-01
2.751231999999999012e-01,8.019434857781017056e-01
2.752635999999998861e-01,8.019434857781017056e-01
2.754039999999998711e-01,8.019434857781017056e-01
2.755443999999998561e-01,8.019434857781017056e-01
2.756847999999998411e-01,8.019434857781017056e-01
2.758251999999998261e-01,8.019434857781017056e-01
2.759655999999998111e-01,8.019434857781017056e-01
2.760199999999999876e-01,8.019434857781017056e-01
2.761601999999999668e-01,8.019434857781017056e-01
2.763003999999999460e-01,8.019434857781017056e-01
2.764405999999999253e-01,8.019434857781017056e-01
2.765807999999999045e-01,8.019434857781017056e-01
2.767209999999998837e-01,8.019434857781017056e-01
2.768611999999998630e-01,8.019434857781017056e-01
2.770013999999998422e-01,8.019434857781017056e-01
2.771415999999998214e-01,8.019434857781017056e-01
2.772817999999998007e-01,8.019434857781017056e-01
2.774219999999997799e-01,8.019434857781017056e-01
2.775621999999997591e-01,8.019434857781017056e-01
2.777023999999997383e-01,8.019434857781017056e-01
2.778425999999997176e-01,8.019434857781017056e-01
2.779827999999996968e-01,8.019434857781017056e-01
2.780299999999999994e-01,8.019434857781017056e-01
2.781703999999999843e-01,8.019448772823356553e-01
2.783107999999999693e-01,8.019462722682552114e-01
2.784511999999999543e-01,8.019476707357706680e-01
2.785915999999999393e-01,8.019490726847923190e-01
2.787319999999999243e-01,8.019504781152302364e-01
2.788723999999999092e-01,8.019518870269946031e-01
2.790127999999998942e-01,8.019532994199956022e-01
2.791531999999998792e-01,8.019547152941435275e-01
2.792935999999998642e-01,8.019561346493484510e-01
2.794339999999998492e-01,8.019575574855206668e-01
2.795743999999998342e-01,8.019589838025703576e-01
2.797147999999998191e-01,8.019604136004077066e-01
2.798551999999998041e-01,8.019618468789428967e-01
2.799955999999997891e-01,8.019632836380862217e-01
2.800500000000000211e-01,8.019638408514234706e-01
2.801890000000000214e-01,8.019652695283945310e-01
2.803280000000000216e-01,8.019667031146774372e-01
2.804670000000000218e-01,8.019681416101469562e-01
2.806060000000000221e-01,8.019695850146778549e-01
2.807450000000000223e-01,8.019710333281447889e-01
2.808840000000000225e-01,8.019724865504224143e-01
2.810230000000000228e-01,8.019739446813856087e-01
2.811620000000000230e-01,8.019754077209091392e-01
2.813010000000000232e-01,8.019768756688677724e-01
2.814400000000000235e-01,8.019783485251361643e-01
2.815790000000000237e-01,8.019798262895889707e-01
2.817180000000000240e-01,8.019813089621011803e-01
2.818570000000000242e-01,8.019827965425474492e-01
2.819960000000000244e-01,8.019842890308025440e-01
2.819999999999999729e-01,8.019843319839036200e-01
2.821401999999999521e-01,8.019858386222683544e-01
2.822803999999999314e-01,8.019873463833909755e-01
2.824205999999999106e-01,8.019888552672423954e-01
2.825607999999998898e-01,8.019903652737933042e-01
2.827009999999998691e-01,8.019918764030146141e-01
2.828411999999998483e-01,8.019933886548772373e-01
2.829813999999998275e-01,8.019949020293519748e-01
2.831215999999998068e-01,8.019964165264096279e-01
2.832617999999997860e-01,8.019979321460211086e-01
2.834019999999997652e-01,8.019994488881573291e-01
2.835421999999997444e-01,8.020009667527890906e-01
2.836823999999997237e-01,8.020024857398871942e-01
2.838225999999997029e-01,8.020040058494224411e-01
2.839627999999996821e-01,8.020055270813658543e-01
2.840099999999999847e-01,8.020060393472515647e-01
2.841503999999999697e-01,8.020060393472515647e-01
2.842907999999999547e-01,8.020060393472515647e-01
2.844311999999999396e-01,8.020060393472515647e-01
2.845715999999999246e-01,8.020060393472515647e-01
2.847119999999999096e-01,8.020060393472515647e-01
2.848523999999998946e-01,8.020060393472515647e-01
2.849927999999998796e-01,8.020060393472515647e-01
2.851331999999998645e-01,8.020060393472515647e-01
2.852735999999998495e-01,8.020060393472515647e-01
2.854139999999998345e-01,8.020060393472515647e-01
2.855543999999998195e-01,8.020060393472515647e-01
2.856947999999998045e-01,8.020060393472515647e-01
2.858351999999997894e-01,8.020060393472515647e-01
2.859755999999997744e-01,8.020060393472515647e-01
2.860300000000000065e-01,8.020060393472515647e-01
2.861701999999999857e-01,8.020060393472515647e-01
2.863103999999999649e-01,8.020060393472515647e-01
2.864505999999999442e-01,8.020060393472515647e-01
2.865907999999999234e-01,8.020060393472515647e-01
2.867309999999999026e-01,8.020060393472515647e-01
2.868711999999998818e-01,8.020060393472515647e-01
2.870113999999998611e-01,8.020060393472515647e-01
2.871515999999998403e-01,8.020060393472515647e-01
2.872917999999998195e-01,8.020060393472515647e-01
2.874319999999997988e-01,8.020060393472515647e-01
2.875721999999997780e-01,8.020060393472515647e-01
2.877123999999997572e-01,8.020060393472515647e-01
2.878525999999997365e-01,8.020060393472515647e-01
2.879927999999997157e-01,8.020060393472515647e-01
2.880400000000000182e-01,8.020060393472515647e-01
2.881790000000000185e-01,8.020060393472515647e-01
2.883180000000000187e-01,8.020060393472515647e-01
2.884570000000000189e-01,8.020060393472515647e-01
2.885960000000000192e-01,8.020060393472515647e-01
2.887350000000000194e-01,8.020060393472515647e-01
2.888740000000000197e-01,8.020060393472515647e-01
2.890130000000000199e-01,8.020060393472515647e-01
2.891520000000000201e-01,8.020060393472515647e-01
2.892910000000000204e-01,8.020060393472515647e-01
2.894300000000000206e-01,8.020060393472515647e-01
2.895690000000000208e-01,8.020060393472515647e-01
2.897080000000000211e-01,8.020060393472515647e-01
2.898470000000000213e-01,8.020060393472515647e-01
2.899860000000000215e-01,8.020060393472515647e-01
2.899900000000000255e-01,8.020060393472515647e-01
2.901304000000000105e-01,8.020060393472515647e-01
2.902707999999999955e-01,8.020060393472515647e-01
2.904111999999999805e-01,8.020060393472515647e-01
2.905515999999999655e-01,8.020060393472515647e-01
2.906919999999999504e-01,8.020060393472515647e-01
2.908323999999999354e-01,8.020060393472515647e-01
2.909727999999999204e-01,7.909606937089849188e-01
2.911131999999999054e-01,7.800774722386421001e-01
2.912535999999998904e-01,7.693539952691059725e-01
2.913939999999998753e-01,7.587879180621384112e-01
2.915343999999998603e-01,7.483769302956939651e-01
2.916747999999998453e-01,7.381187555587533922e-01
2.918151999999998303e-01,7.280111508535820342e-01
2.919555999999998153e-01,7.180519061052836882e-01
2.920099999999999918e-01,7.142151986983455991e-01
2.921501999999999710e-01,7.043799261187979610e-01
2.922903999999999503e-01,6.946901780694316741e-01
2.924305999999999295e-01,6.851438013421182749e-01
2.925707999999999087e-01,6.757386745879958578e-01
2.927109999999998879e-01,6.664727078460774834e-01
2.928511999999998672e-01,6.573438420788284553e-01
2.929913999999998464e-01,6.483500487146208746e-01
2.931315999999998256e-01,6.394893291969486748e-01
2.932717999999998049e-01,6.307597145403212036e-01
2.934119999999997841e-01,6.221592648927276592e-01
2.935521999999997633e-01,6.136860691045671334e-01
2.936923999999997426e-01,6.053382443039654337e-01
2.938325999999997218e-01,5.971139354783747688e-01
2.939727999999997010e-01,5.890113150623568217e-01
2.940200000000000036e-01,5.862971943152027743e-01
2.941603999999999886e-01,5.785982034980918787e-01
2.943007999999999735e-01,5.710096348171431746e-01
2.944411999999999585e-01,5.635299045520441030e-01
2.945815999999999435e-01,5.561574516968561532e-01
2.947219999999999285e-01,5.488907376342417876e-01
2.948623999999999135e-01,5.417282458143517498e-01
2.950027999999998984e-01,5.346684814383300122e-01
2.951431999999998834e-01,5.277099711463459908e-01
2.952835999999998684e-01,5.208512627101130610e-01
2.954239999999998534e-01,5.140909247298051099e-01
2.955643999999998384e-01,5.074275463353322690e-01
2.957047999999998233e-01,5.008597368918884518e-01
2.958451999999998083e-01,4.943861257097350026e-01
2.959855999999997933e-01,4.880053617581338599e-01
2.960400000000000253e-01,4.855469038433967710e-01
2.961790000000000256e-01,4.794070491785563104e-01
2.963180000000000258e-01,4.733536477930360697e-01
2.964570000000000261e-01,4.673854823665729019e-01
2.965960000000000263e-01,4.615013527195887533e-01
2.967350000000000265e-01,4.557000755718411678e-01
2.968740000000000268e-01,4.499804843044680758e-01
2.970130000000000270e-01,4.443414287253866779e-01
2.971520000000000272e-01,4.387817748379896909e-01
2.972910000000000275e-01,4.333004046131040954e-01
2.974300000000000277e-01,4.278962157641607589e-01
2.975690000000000279e-01,4.225681215255240875e-01
2.977080000000000282e-01,4.173150504339490641e-01
2.978470000000000284e-01,4.121359461131149371e-01
2.979860000000000286e-01,4.070297670611874863e-01
2.979899999999999771e-01,4.068828870224794891e-01
2.981301999999999564e-01,4.022150176458657023e-01
2.982703999999999356e-01,3.976081162485722298e-01
2.984105999999999148e-01,3.930613865155781483e-01
2.985507999999998940e-01,3.885740425326916214e-01
2.986909999999998733e-01,3.841453086507052306e-01
2.988311999999998525e-01,3.797744193513211131e-01
2.989713999999998317e-01,3.754606191148296968e-01
2.991115999999998110e-01,3.712031622895159422e-01
2.992517999999997902e-01,3.670013129627722193e-01
2.993919999999997694e-01,3.628543448338918398e-01
2.995321999999997487e-01,3.587615410885288125e-01
2.996723999999997279e-01,3.547221942747927348e-01
2.998125999999997071e-01,3.507356061809646097e-01
2.999527999999996863e-01,3.468010877148091642e-01
2.999999999999999889e-01,3.454823606657138613e-01
3.001403999999999739e-01,3.442984513361851406e-01
3.002807999999999589e-01,3.431192775393662742e-01
3.004211999999999438e-01,3.419448203335461733e-01
3.005615999999999288e-01,3.407750608527762570e-01
3.007019999999999138e-01,3.396099803065726896e-01
3.008423999999998988e-01,3.384495599796094045e-01
3.009827999999998838e-01,3.372937812314224515e-01
3.011231999999998687e-01,3.361426254961054627e-01
3.012635999999998537e-01,3.349960742820168869e-01
3.014039999999998387e-01,3.338541091714772313e-01
3.015443999999998237e-01,3.327167118204788498e-01
3.016847999999998087e-01,3.315838639583859604e-01
3.018251999999997937e-01,3.304555473876460980e-01
3.019655999999997786e-01,3.293317439834930194e-01
3.020200000000000107e-01,3.288969866888141191e-01
3.021601999999999899e-01,3.288987586084704540e-01
3.023003999999999691e-01,3.289005327474644469e-01
3.024405999999999484e-01,3.289023091073363658e-01
3.025807999999999276e-01,3.289040876896269228e-01
3.027209999999999068e-01,3.289058684958771628e-01
3.028611999999998861e-01,3.289076515276284640e-01
3.030013999999998653e-01,3.289094367864225932e-01
3.031415999999998445e-01,3.289112242738017056e-01
3.032817999999998237e-01,3.289130139913082340e-01
3.034219999999998030e-01,3.289148059404851110e-01
3.035621999999997822e-01,3.289166001228756020e-01
3.037023999999997614e-01,3.289183965400233056e-01
3.038425999999997407e-01,3.289201951934720980e-01
3.039827999999997199e-01,3.289219960847663549e-01
3.040300000000000225e-01,3.289226026292048632e-01
3.041704000000000074e-01,3.289244099094041363e-01
3.043107999999999924e-01,3.289262202575424787e-01
3.044511999999999774e-01,3.289280336765125212e-01
3.045915999999999624e-01,3.289298501692077825e-01
3.047319999999999474e-01,3.289316697385227806e-01
3.048723999999999323e-01,3.289334923873529215e-01
3.050127999999999173e-01,3.289353181185945552e-01
3.051531999999999023e-01,3.289371469351450306e-01
3.052935999999998873e-01,3.289389788399024739e-01
3.054339999999998723e-01,3.289408138357661215e-01
3.055743999999998572e-01,3.289426519256359871e-01
3.057147999999998422e-01,3.289444931124131388e-01
3.058551999999998272e-01,3.289463373989994777e-01
3.059955999999998122e-01,3.289481847882979038e-01
3.060499999999999887e-01,3.289489010510672218e-01
3.061889999999999890e-01,3.289507320717099947e-01
3.063279999999999892e-01,3.289525639542433266e-01
3.064669999999999894e-01,3.289543966988913160e-01
3.066059999999999897e-01,3.289562303058780612e-01
3.067449999999999899e-01,3.289580647754276610e-01
3.068839999999999901e-01,3.289599001077642693e-01
3.070229999999999904e-01,3.289617363031119845e-01
3.071619999999999906e-01,3.289635733616949609e-01
3.073009999999999908e-01,3.289654112837374078e-01
3.074399999999999911e-01,3.289672500694635904e-01
3.075789999999999913e-01,3.289690897190976071e-01
3.077179999999999915e-01,3.289709302328638341e-01
3.078569999999999918e-01,3.289727716109864808e-01
3.079959999999999920e-01,3.289746138536898123e-01
3.079999999999999960e-01,3.289746668684794817e-01
3.081401999999999752e-01,3.286063120672688131e-01
3.082803999999999545e-01,3.282387988903114340e-01
3.084205999999999337e-01,3.278721254146472197e-01
3.085607999999999129e-01,3.275062897217105307e-01
3.087009999999998922e-01,3.271412898973189987e-01
3.088411999999998714e-01,3.267771240316640902e-01
3.089813999999998506e-01,3.264137902193000040e-01
3.091215999999998298e-01,3.260512865591354559e-01
3.092617999999998091e-01,3.256896111544224648e-01
3.094019999999997883e-01,3.253287621127470275e-01
3.095421999999997675e-01,3.249687375460181271e-01
3.096823999999997468e-01,3.246095355704596286e-01
3.098225999999997260e-01,3.242511543065990653e-01
3.099627999999997052e-01,3.238935918792586466e-01
3.100100000000000078e-01,3.237733069654204487e-01
3.101503999999999928e-01,3.232367757258212682e-01
3.102907999999999777e-01,3.227020895788697552e-01
3.104311999999999627e-01,3.221692421794240535e-01
3.105715999999999477e-01,3.216382272041627410e-01
3.107119999999999327e-01,3.211090383515096680e-01
3.108523999999999177e-01,3.205816693415595720e-01
3.109927999999999026e-01,3.200561139160032487e-01
3.111331999999998876e-01,3.195323658380533893e-01
3.112735999999998726e-01,3.190104188923705286e-01
3.114139999999998576e-01,3.184902668849893259e-01
3.115543999999998426e-01,3.179719036432450685e-01
3.116947999999998276e-01,3.174553230157003969e-01
3.118351999999998125e-01,3.169405188720722522e-01
3.119755999999997975e-01,3.164274851031591562e-01
3.120299999999999740e-01,3.162289682172120808e-01
3.121701999999999533e-01,3.160521339499109961e-01
3.123103999999999325e-01,3.158755102962232386e-01
3.124505999999999117e-01,3.156990970053027978e-01
3.125907999999998910e-01,3.155228938266033123e-01
3.127309999999998702e-01,3.153469005098759603e-01
3.128711999999998494e-01,3.151711168051706813e-01
3.130113999999998287e-01,3.149955424628345102e-01
3.131515999999998079e-01,3.148201772335123549e-01
3.132917999999997871e-01,3.146450208681459970e-01
3.134319999999997663e-01,3.144700731179734254e-01
3.135721999999997456e-01,3.142953337345296139e-01
3.137123999999997248e-01,3.141208024696446333e-01
3.138525999999997040e-01,3.139464790754447621e-01
3.139927999999996833e-01,3.137723633043514870e-01
3.140399999999999858e-01,3.137137686788405433e-01
3.141791999999999918e-01,3.137155385291938159e-01
3.143183999999999978e-01,3.137173090517780261e-01
3.144576000000000038e-01,3.137190802467330619e-01
3.145968000000000098e-01,3.137208521141988116e-01
3.147360000000000158e-01,3.137226246543151076e-01
3.148752000000000217e-01,3.137243978672219491e-01
3.150144000000000277e-01,3.137261717530592797e-01
3.151536000000000337e-01,3.137279463119669320e-01
3.152928000000000397e-01,3.137297215440848497e-01
3.154320000000000457e-01,3.137314974495529762e-01
3.155712000000000517e-01,3.137332740285113108e-01
3.157104000000000577e-01,3.137350512810997971e-01
3.158496000000000636e-01,3.137368292074584342e-01
3.159888000000000696e-01,3.137386078077272211e-01
3.160000000000000031e-01,3.137387509176185474e-01
3.161401999999999823e-01,3.137405430267624085e-01
3.162803999999999616e-01,3.137423358129789452e-01
3.164205999999999408e-01,3.137441292764082679e-01
3.165607999999999200e-01,3.137459234171905975e-01
3.167009999999998993e-01,3.137477182354661553e-01
3.168411999999998785e-01,3.137495137313751070e-01
3.169813999999998577e-01,3.137513099050577292e-01
3.171215999999998369e-01,3.137531067566542431e-01
3.172617999999998162e-01,3.137549042863048698e-01
3.174019999999997954e-01,3.137567024941498861e-01
3.175421999999997746e-01,3.137585013803295131e-01
3.176823999999997539e-01,3.137603009449839719e-01
3.178225999999997331e-01,3.137621011882535949e-01
3.179627999999997123e-01,3.137639021102787140e-01
3.180100000000000149e-01,3.137645084883303737e-01
3.181501999999999941e-01,3.136647138767253429e-01
3.182903999999999733e-01,3.135649892972569575e-01
3.184305999999999526e-01,3.134653347007790858e-01
3.185707999999999318e-01,3.133657500381806793e-01
3.187109999999999110e-01,3.132662352603845513e-01
3.188511999999998903e-01,3.131667903183481538e-01
3.189913999999998695e-01,3.130674151630631341e-01
3.191315999999998487e-01,3.129681097455561112e-01
3.192717999999998280e-01,3.128688740168875659e-01
3.194119999999998072e-01,3.127697079281525072e-01
3.195521999999997864e-01,3.126706114304800277e-01
3.196923999999997656e-01,3.125715844750340811e-01
3.198325999999997449e-01,3.124726270130122607e-01
3.199727999999997241e-01,3.123737389956467991e-01
3.200200000000000267e-01,3.123404550357735676e-01
3.201604000000000116e-01,3.119701475012062186e-01
3.203007999999999966e-01,3.116008140121643288e-01
3.204411999999999816e-01,3.112324520065486988e-01
3.205815999999999666e-01,3.108650589289988497e-01
3.207219999999999516e-01,3.104986322308764812e-01
3.208623999999999366e-01,3.101331693702469305e-01
3.210027999999999215e-01,3.097686678118619641e-01
3.211431999999999065e-01,3.094051250271413478e-01
3.212835999999998915e-01,3.090425384941566378e-01
3.214239999999998765e-01,3.086809056976126397e-01
3.215643999999998615e-01,3.083202241288307555e-01
3.217047999999998464e-01,3.079604912857303312e-01
3.218451999999998314e-01,3.076017046728127813e-01
3.219855999999998164e-01,3.072438618011433809e-01
3.220399999999999929e-01,3.071053519700318590e-01
3.221789999999999932e-01,3.064940868873727853e-01
3.223179999999999934e-01,3.058855783868378309e-01
3.224569999999999936e-01,3.052798140372494640e-01
3.225959999999999939e-01,3.046767814634894211e-01
3.227349999999999941e-01,3.040764683462474638e-01
3.228739999999999943e-01,3.034788624217682473e-01
3.230129999999999946e-01,3.028839514816020762e-01
3.231519999999999948e-01,3.022917233723543262e-01
3.232909999999999950e-01,3.017021659954384205e-01
3.234299999999999953e-01,3.011152673068272501e-01
3.235689999999999955e-01,3.005310153168085918e-01
3.237079999999999957e-01,2.999493980897386392e-01
3.238469999999999960e-01,2.993704037437998622e-01
3.239859999999999962e-01,2.987940204507565367e-01
3.239900000000000002e-01,2.987774360431415532e-01
3.241303999999999852e-01,2.980459332976166387e-01
3.242707999999999702e-01,2.973186366699204219e-01
3.244111999999999552e-01,2.965955219750080474e-01
3.245515999999999401e-01,2.958765651668968655e-01
3.246919999999999251e-01,2.951617423378679606e-01
3.248323999999999101e-01,2.944510297176721192e-01
3.249727999999998951e-01,2.937444036727371310e-01
3.251131999999998801e-01,2.930418407053834162e-01
3.252535999999998650e-01,2.923433174530422063e-01
3.253939999999998500e-01,2.916488106874796093e-01
3.255343999999998350e-01,2.909582973140223405e-01
3.256747999999998200e-01,2.902717543707907799e-01
3.258151999999998050e-01,2.895891590279363603e-01
3.259555999999997900e-01,2.889104885868805095e-01
3.260100000000000220e-01,2.886481158829469207e-01
3.261502000000000012e-01,2.878642601733298889e-01
3.262903999999999805e-01,2.870856519976257015e-01
3.264305999999999597e-01,2.863122562261389836e-01
3.265707999999999389e-01,2.855440379643512383e-01
3.267109999999999181e-01,2.847809625513451071e-01
3.268511999999998974e-01,2.840229955582416199e-01
3.269913999999998766e-01,2.832701027866464383e-01
3.271315999999998558e-01,2.825222502671066449e-01
3.272717999999998351e-01,2.817794042575789693e-01
3.274119999999998143e-01,2.810415312419061173e-01
3.275521999999997935e-01,2.803085979283055362e-01
3.276923999999997728e-01,2.795805712478668381e-01
3.278325999999997520e-01,2.788574183530599937e-01
3.279727999999997312e-01,2.781391066162536285e-01
3.280199999999999783e-01,2.778978258745342655e-01
3.281601999999999575e-01,2.771254640133362646e-01
3.283003999999999367e-01,2.763587119764577826e-01
3.284405999999999159e-01,2.755975290185818105e-01
3.285807999999998952e-01,2.748418746903329435e-01
3.287209999999998744e-01,2.740917088361281007e-01
3.288611999999998536e-01,2.733469915920422322e-01
3.290013999999998329e-01,2.726076833836909019e-01
3.291415999999998121e-01,2.718737449241259707e-01
3.292817999999997913e-01,2.711451372117487102e-01
3.294219999999997706e-01,2.704218215282372384e-01
3.295621999999997498e-01,2.697037594364888324e-01
3.297023999999997290e-01,2.689909127785773402e-01
3.298425999999997082e-01,2.682832436737254689e-01
3.299827999999996875e-01,2.675807145162920619e-01
3.300299999999999900e-01,2.673447808438353945e-01
3.301691999999999960e-01,2.666065980246735689e-01
3.303084000000000020e-01,2.658741040786047893e-01
3.304476000000000080e-01,2.651472551638104358e-01
3.305868000000000140e-01,2.644260077763431749e-01
3.307260000000000200e-01,2.637103187475229316e-01
3.308652000000000259e-01,2.630001452413526231e-01
3.310044000000000319e-01,2.622954447519548760e-01
3.311436000000000379e-01,2.615961751010279501e-01
3.312828000000000439e-01,2.609022944353205364e-01
3.314220000000000499e-01,2.602137612241275377e-01
3.315612000000000559e-01,2.595305342568041684e-01
3.317004000000000619e-01,2.588525726402987059e-01
3.318396000000000678e-01,2.581798357967058921e-01
3.319788000000000738e-01,2.575122834608378763e-01
3.319900000000000073e-01,2.574586058957286649e-01
3.321301999999999865e-01,2.567976393891147069e-01
3.322703999999999658e-01,2.561417587740107971e-01
3.324105999999999450e-01,2.554909249163727081e-01
3.325507999999999242e-01,2.548450989832783398e-01
3.326909999999999035e-01,2.542042424406101286e-01
3.328311999999998827e-01,2.535683170507565531e-01
3.329713999999998619e-01,2.529372848703301813e-01
3.331115999999998412e-01,2.523111082479039258e-01
3.332517999999998204e-01,2.516897498217642859e-01
3.333919999999997996e-01,2.510731725176823526e-01
3.335321999999997788e-01,2.504613395467016890e-01
3.336723999999997581e-01,2.498542144029428647e-01
3.338125999999997373e-01,2.492517608614259750e-01
3.339527999999997165e-01,2.486539429759087039e-01
3.340000000000000191e-01,2.484532045067653350e-01
3.341404000000000041e-01,2.478897388721007511e-01
3.342807999999999891e-01,2.473304021961607591e-01
3.344211999999999740e-01,2.467751642227964393e-01
3.345615999999999590e-01,2.462239949175695219e-01
3.347019999999999440e-01,2.456768644661280199e-01
3.348423999999999290e-01,2.451337432725932963e-01
3.349827999999999140e-01,2.445946019579590125e-01
3.351231999999998989e-01,2.440594113585021763e-01
3.352635999999998839e-01,2.435281425242054043e-01
3.354039999999998689e-01,2.430007667171910635e-01
3.355443999999998539e-01,2.424772554101666255e-01
3.356847999999998389e-01,2.419575802848817903e-01
3.358251999999998239e-01,2.414417132305962665e-01
3.359655999999998088e-01,2.409296263425594331e-01
3.360199999999999854e-01,2.407317768028424121e-01
3.361601999999999646e-01,2.403529305526962423e-01
3.363003999999999438e-01,2.399761591681853767e-01
3.364405999999999231e-01,2.396014512856831091e-01
3.365807999999999023e-01,2.392287956037988383e-01
3.367209999999998815e-01,2.388581808830376740e-01
3.368611999999998607e-01,2.384895959454608194e-01
3.370013999999998400e-01,2.381230296743493957e-01
3.371415999999998192e-01,2.377584710138680446e-01
3.372817999999997984e-01,2.373959089687325275e-01
3.374219999999997777e-01,2.370353326038771025e-01
3.375621999999997569e-01,2.366767310441255656e-01
3.377023999999997361e-01,2.363200934738626247e-01
3.378425999999997154e-01,2.359654091367081596e-01
3.379827999999996946e-01,2.356126673351924827e-01
3.380299999999999971e-01,2.354941323679761167e-01
3.381701999999999764e-01,2.352871672178753482e-01
3.383103999999999556e-01,2.350808720357031589e-01
3.384505999999999348e-01,2.348752446527028193e-01
3.385907999999999141e-01,2.346702829071384278e-01
3.387309999999998933e-01,2.344659846442714857e-01
3.388711999999998725e-01,2.342623477163390255e-01
3.390113999999998518e-01,2.340593699825301854e-01
3.391515999999998310e-01,2.338570493089645597e-01
3.392917999999998102e-01,2.336553835686689951e-01
3.394319999999997894e-01,2.334543706415557196e-01
3.395721999999997687e-01,2.332540084144000270e-01
3.397123999999997479e-01,2.330542947808176280e-01
3.398525999999997271e-01,2.328552276412432231e-01
3.399927999999997064e-01,2.326568049029075214e-01
3.400400000000000089e-01,2.325900764819923694e-01
3.401792000000000149e-01,2.324811144668236240e-01
3.403184000000000209e-01,2.323723469869097835e-01
3.404576000000000269e-01,2.322637736949374476e-01
3.405968000000000329e-01,2.321553942442134977e-01
3.407360000000000388e-01,2.320472082886632093e-01
3.408752000000000448e-01,2.319392154828303632e-01
3.410144000000000508e-01,2.318314154818752471e-01
3.411536000000000568e-01,2.317238079415737673e-01
3.412928000000000628e-01,2.316163925183164496e-01
3.414320000000000688e-01,2.315091688691074401e-01
3.415712000000000748e-01,2.314021366515627287e-01
3.417104000000000807e-01,2.312952955239101493e-01
3.418496000000000867e-01,2.311886451449874924e-01
3.419888000000000927e-01,2.310821851742416166e-01
3.420000000000000262e-01,2.310736206619513622e-01
3.421402000000000054e-01,2.309946931553833460e-01
3.422803999999999847e-01,2.309158703212120800e-01
3.424205999999999639e-01,2.308371520206227157e-01
3.425607999999999431e-01,2.307585381149844794e-01
3.427009999999999224e-01,2.306800284658504507e-01
3.428411999999999016e-01,2.306016229349573399e-01
3.429813999999998808e-01,2.305233213842251550e-01
3.431215999999998600e-01,2.304451236757570909e-01
3.432617999999998393e-01,2.303670296718393073e-01
3.434019999999998185e-01,2.302890392349403736e-01
3.435421999999997977e-01,2.302111522277113798e-01
3.436823999999997770e-01,2.301333685129856033e-01
3.438225999999997562e-01,2.300556879537780652e-01
3.439627999999997354e-01,2.299781104132856413e-01
3.440099999999999825e-01,2.299520046812609797e-01
3.441503999999999674e-01,2.298547134940129855e-01
3.442907999999999524e-01,2.297575844075947504e-01
3.444311999999999374e-01,2.296606171519234296e-01
3.445715999999999224e-01,2.295638114573661515e-01
3.447119999999999074e-01,2.294671670547392406e-01
3.448523999999998924e-01,2.293706836753078848e-01
3.449927999999998773e-01,2.292743610507845808e-01
3.451331999999998623e-01,2.291781989133289121e-01
3.452735999999998473e-01,2.290821969955469939e-01
3.454139999999998323e-01,2.289863550304901407e-01
3.455543999999998173e-01,2.288906727516546447e-01
3.456947999999998022e-01,2.287951498929806649e-01
3.458351999999997872e-01,2.286997861888517836e-01
3.459755999999997722e-01,2.286045813740941179e-01
3.460300000000000042e-01,2.285677167372922591e-01
3.461701999999999835e-01,2.284696745837629939e-01
3.463103999999999627e-01,2.283718010402810972e-01
3.464505999999999419e-01,2.282740958168760770e-01
3.465907999999999212e-01,2.281765586240758203e-01
3.467309999999999004e-01,2.280791891729062604e-01
3.468711999999998796e-01,2.279819871748901550e-01
3.470113999999998589e-01,2.278849523420464207e-01
3.471515999999998381e-01,2.277880843868893557e-01
3.472917999999998173e-01,2.276913830224275292e-01
3.474319999999997965e-01,2.275948479621630050e-01
3.475721999999997758e-01,2.274984789200907853e-01
3.477123999999997550e-01,2.274022756106974796e-01
3.478525999999997342e-01,2.273062377489609709e-01
3.479927999999997135e-01,2.272103650503490835e-01
3.480400000000000160e-01,2.271781070733112085e-01
3.481790000000000163e-01,2.271012665983742629e-01
3.483180000000000165e-01,2.270245322820113598e-01
3.484570000000000167e-01,2.269479039775595952e-01
3.485960000000000170e-01,2.268713815385586807e-01
3.487350000000000172e-01,2.267949648187508327e-01
3.488740000000000174e-01,2.267186536720801060e-01
3.490130000000000177e-01,2.266424479526926161e-01
3.491520000000000179e-01,2.265663475149357620e-01
3.492910000000000181e-01,2.264903522133582259e-01
3.494300000000000184e-01,2.264144619027096406e-01
3.495690000000000186e-01,2.263386764379403671e-01
3.497080000000000188e-01,2.262629956742010506e-01
3.498470000000000191e-01,2.261874194668425098e-01
3.499860000000000193e-01,2.261119476714154031e-01
3.499900000000000233e-01,2.261097759076488023e-01
3.501304000000000083e-01,2.260594019525050680e-01
3.502707999999999933e-01,2.260090745141963842e-01
3.504111999999999782e-01,2.259587935497676670e-01
3.505515999999999632e-01,2.259085590163035784e-01
3.506919999999999482e-01,2.258583708709283044e-01
3.508323999999999332e-01,2.258082290708056661e-01
3.509727999999999182e-01,2.257581335731391192e-01
3.511131999999999032e-01,2.257080843351714217e-01
3.512535999999998881e-01,2.256580813141851882e-01
3.513939999999998731e-01,2.256081244675021136e-01
3.515343999999998581e-01,2.255582137524835273e-01
3.516747999999998431e-01,2.255083491265299500e-01
3.518151999999998281e-01,2.254585305470814260e-01
3.519555999999998130e-01,2.254087579716171907e-01
3.520099999999999896e-01,2.253894797751960777e-01
3.521501999999999688e-01,2.253480856418458300e-01
3.522903999999999480e-01,2.253067233393512003e-01
3.524305999999999273e-01,2.252653928432352126e-01
3.525707999999999065e-01,2.252240941290397647e-01
3.527109999999998857e-01,2.251828271723254060e-01
3.528511999999998650e-01,2.251415919486716710e-01
3.529913999999998442e-01,2.251003884336766347e-01
3.531315999999998234e-01,2.250592166029573571e-01
3.532717999999998026e-01,2.250180764321496607e-01
3.534119999999997819e-01,2.249769678969079090e-01
3.535521999999997611e-01,2.249358909729053391e-01
3.536923999999997403e-01,2.248948456358338399e-01
3.538325999999997196e-01,2.248538318614040632e-01
3.539727999999996988e-01,2.248128496253452013e-01
3.540200000000000014e-01,2.247990560410859651e-01
3.541601999999999806e-01,2.247476518084036146e-01
3.543003999999999598e-01,2.246962972073149878e-01
3.544405999999999390e-01,2.246449921898999724e-01
3.545807999999999183e-01,2.245937367082847524e-01
3.547209999999998975e-01,2.245425307146416971e-01
3.548611999999998767e-01,2.244913741611893609e-01
3.550013999999998560e-01,2.244402670001925948e-01
3.551415999999998352e-01,2.243892091839619907e-01
3.552817999999998144e-01,2.243382006648545479e-01
3.554219999999997937e-01,2.242872413952732291e-01
3.555621999999997729e-01,2.242363313276666270e-01
3.557023999999997521e-01,2.241854704145296306e-01
3.558425999999997313e-01,2.241346586084026482e-01
3.559827999999997106e-01,2.240838958618722732e-01
3.560300000000000131e-01,2.240668115372564939e-01
3.561692000000000191e-01,2.239904021536961443e-01
3.563084000000000251e-01,2.239141039608251171e-01
3.564476000000000311e-01,2.238379167968391759e-01
3.565868000000000371e-01,2.237618405001693400e-01
3.567260000000000431e-01,2.236858749094818855e-01
3.568652000000000490e-01,2.236100198636777892e-01
3.570044000000000550e-01,2.235342752018925072e-01
3.571436000000000610e-01,2.234586407634956418e-01
3.572828000000000670e-01,2.233831163880904969e-01
3.574220000000000730e-01,2.233077019155136345e-01
3.575612000000000790e-01,2.232323971858348743e-01
3.577004000000000850e-01,2.231572020393566280e-01
3.578396000000000909e-01,2.230821163166138987e-01
3.579788000000000969e-01,2.230071398583735043e-01
3.579899999999999749e-01,2.230011079770501947e-01
3.581301999999999541e-01,2.228971034434014120e-01
3.582703999999999334e-01,2.227933091833345092e-01
3.584105999999999126e-01,2.226897247717234407e-01
3.585507999999998918e-01,2.225863497843024730e-01
3.586909999999998711e-01,2.224831837976636306e-01
3.588311999999998503e-01,2.223802263892542541e-01
3.589713999999998295e-01,2.222774771373766667e-01
3.591115999999998087e-01,2.221749356211858428e-01
3.592517999999997880e-01,2.220726014206868548e-01
3.593919999999997672e-01,2.219704741167348727e-01
3.595321999999997464e-01,2.218685532910315006e-01
3.596723999999997257e-01,2.217668385261247765e-01
3.598125999999997049e-01,2.216653294054067302e-01
3.599527999999996841e-01,2.215640255131110514e-01
3.599999999999999867e-01,2.215299435960732533e-01
3.601403999999999717e-01,2.213991153637229203e-01
3.602807999999999566e-01,2.212686296500765426e-01
3.604211999999999416e-01,2.211384855583931053e-01
3.605615999999999266e-01,2.210086821942789381e-01
3.607019999999999116e-01,2.208792186656823864e-01
3.608423999999998966e-01,2.207500940828869274e-01
3.609827999999998815e-01,2.206213075585057304e-01
3.611231999999998665e-01,2.204928582074747734e-01
3.612635999999998515e-01,2.203647451470477359e-01
3.614039999999998365e-01,2.202369674967887825e-01
3.615443999999998215e-01,2.201095243785676780e-01
3.616847999999998065e-01,2.199824149165529041e-01
3.618251999999997914e-01,2.198556382372059970e-01
3.619655999999997764e-01,2.197291934692755522e-01
3.620200000000000085e-01,2.196802504035055836e-01
3.621601999999999877e-01,2.195274624764049776e-01
3.623003999999999669e-01,2.193751596590803876e-01
3.624405999999999461e-01,2.192233404112823303e-01
3.625807999999999254e-01,2.190720031976519655e-01
3.627209999999999046e-01,2.189211464877053315e-01
3.628611999999998838e-01,2.187707687558176906e-01
3.630013999999998631e-01,2.186208684812082081e-01
3.631415999999998423e-01,2.184714441479247427e-01
3.632817999999998215e-01,2.183224942448284134e-01
3.634219999999998008e-01,2.181740172655780574e-01
3.635621999999997800e-01,2.180260117086154636e-01
3.637023999999997592e-01,2.178784760771498297e-01
3.638425999999997384e-01,2.177314088791426627e-01
3.639827999999997177e-01,2.175848086272930137e-01
3.640300000000000202e-01,2.175355067738371506e-01
3.641701999999999995e-01,2.173684541082643307e-01
3.643103999999999787e-01,2.172020084160758424e-01
3.644505999999999579e-01,2.170361674918791506e-01
3.645907999999999372e-01,2.168709291382949766e-01
3.647309999999999164e-01,2.167062911659279889e-01
3.648711999999998956e-01,2.165422513933379367e-01
3.650113999999998748e-01,2.163788076470105626e-01
3.651515999999998541e-01,2.162159577613289585e-01
3.652917999999998333e-01,2.160536995785448111e-01
3.654319999999998125e-01,2.158920309487497580e-01
3.655721999999997918e-01,2.157309497298471879e-01
3.657123999999997710e-01,2.155704537875233751e-01
3.658525999999997502e-01,2.154105409952196126e-01
3.659927999999997295e-01,2.152512092341039018e-01
3.660399999999999765e-01,2.151976340728813941e-01
3.661791999999999825e-01,2.150200939912341180e-01
3.663183999999999885e-01,2.148432762142473695e-01
3.664575999999999945e-01,2.146671778032944733e-01
3.665968000000000004e-01,2.144917958317043016e-01
3.667360000000000064e-01,2.143171273847124247e-01
3.668752000000000124e-01,2.141431695594130380e-01
3.670144000000000184e-01,2.139699194647106673e-01
3.671536000000000244e-01,2.137973742212715411e-01
3.672928000000000304e-01,2.136255309614766285e-01
3.674320000000000364e-01,2.134543868293731217e-01
3.675712000000000423e-01,2.132839389806276964e-01
3.677104000000000483e-01,2.131141845824788827e-01
3.678496000000000543e-01,2.129451208136897700e-01
3.679888000000000603e-01,2.127767448645018211e-01
3.679999999999999938e-01,2.127632018256634394e-01
3.681401999999999730e-01,2.125872897351974711e-01
3.682803999999999522e-01,2.124121286595970215e-01
3.684205999999999315e-01,2.122377153925829596e-01
3.685607999999999107e-01,2.120640467415640940e-01
3.687009999999998899e-01,2.118911195275794412e-01
3.688411999999998692e-01,2.117189305852394954e-01
3.689813999999998484e-01,2.115474767626692731e-01
3.691215999999998276e-01,2.113767549214495833e-01
3.692617999999998069e-01,2.112067619365598503e-01
3.694019999999997861e-01,2.110374946963210485e-01
3.695421999999997653e-01,2.108689501023391921e-01
3.696823999999997445e-01,2.107011250694477145e-01
3.698225999999997238e-01,2.105340165256515128e-01
3.699627999999997030e-01,2.103676214120704380e-01
3.700100000000000056e-01,2.103116832595741670e-01
3.701503999999999905e-01,2.101490316743439557e-01
3.702907999999999755e-01,2.099870627631680309e-01
3.704311999999999605e-01,2.098257736607567203e-01
3.705715999999999455e-01,2.096651615138471758e-01
3.707119999999999305e-01,2.095052234811514147e-01
3.708523999999999154e-01,2.093459567333070259e-01
3.709927999999999004e-01,2.091873584528267660e-01
3.711331999999998854e-01,2.090294258340490430e-01
3.712735999999998704e-01,2.088721560830876234e-01
3.714139999999998554e-01,2.087155464177834485e-01
3.715543999999998404e-01,2.085595940676540083e-01
3.716947999999998253e-01,2.084042962738449356e-01
3.718351999999998103e-01,2.082496502890813783e-01
3.719755999999997953e-01,2.080956533776189277e-01
3.720300000000000273e-01,2.080360823442695128e-01
3.721702000000000066e-01,2.078980214999043286e-01
3.723103999999999858e-01,2.077604831954216191e-01
3.724505999999999650e-01,2.076234654530851875e-01
3.725907999999999443e-01,2.074869663026441824e-01
3.727309999999999235e-01,2.073509837813051204e-01
3.728711999999999027e-01,2.072155159337031316e-01
3.730113999999998819e-01,2.070805608118742036e-01
3.731515999999998612e-01,2.069461164752272042e-01
3.732917999999998404e-01,2.068121809905156816e-01
3.734319999999998196e-01,2.066787524318102198e-01
3.735721999999997989e-01,2.065458288804709053e-01
3.737123999999997781e-01,2.064134084251195711e-01
3.738525999999997573e-01,2.062814891616122637e-01
3.739927999999997366e-01,2.061500691930119311e-01
3.740399999999999836e-01,2.061058816135812322e-01
3.741789999999999838e-01,2.059932603047542887e-01
3.743179999999999841e-01,2.058810061350709875e-01
3.744569999999999843e-01,2.057691179076782673e-01
3.745959999999999845e-01,2.056575944296248348e-01
3.747349999999999848e-01,2.055464345118482861e-01
3.748739999999999850e-01,2.054356369691626716e-01
3.750129999999999852e-01,2.053252006202453961e-01
3.751519999999999855e-01,2.052151242876251169e-01
3.752909999999999857e-01,2.051054067976689765e-01
3.754299999999999859e-01,2.049960469805699459e-01
3.755689999999999862e-01,2.048870436703346121e-01
3.757079999999999864e-01,2.047783957047706327e-01
3.758469999999999867e-01,2.046701019254743015e-01
3.759859999999999869e-01,2.045621611778183357e-01
3.759899999999999909e-01,2.045590552615758062e-01
3.761303999999999759e-01,2.044718456760847847e-01
3.762707999999999608e-01,2.043848665593746006e-01
3.764111999999999458e-01,2.042981173023853403e-01
3.765515999999999308e-01,2.042115972976668026e-01
3.766919999999999158e-01,2.041253059393739466e-01
3.768323999999999008e-01,2.040392426232627843e-01
3.769727999999998858e-01,2.039534067466862721e-01
3.771131999999998707e-01,2.038677977085898707e-01
3.772535999999998557e-01,2.037824149095075477e-01
3.773939999999998407e-01,2.036972577515574478e-01
3.775343999999998257e-01,2.036123256384376745e-01
3.776747999999998107e-01,2.035276179754222925e-01
3.778151999999997956e-01,2.034431341693569983e-01
3.779555999999997806e-01,2.033588736286549015e-01
3.780100000000000127e-01,2.033262591540151432e-01
3.781501999999999919e-01,2.032531007311861870e-01
3.782903999999999711e-01,2.031801107879037671e-01
3.784305999999999504e-01,2.031072889361691391e-01
3.785707999999999296e-01,2.030346347888775105e-01
3.787109999999999088e-01,2.029621479598154865e-01
3.788511999999998880e-01,2.028898280636588503e-01
3.789913999999998673e-01,2.028176747159710080e-01
3.791315999999998465e-01,2.027456875332007691e-01
3.792717999999998257e-01,2.026738661326797919e-01
3.794119999999998050e-01,2.026022101326214742e-01
3.795521999999997842e-01,2.025307191521183992e-01
3.796923999999997634e-01,2.024593928111400043e-01
3.798325999999997427e-01,2.023882307305312489e-01
3.799727999999997219e-01,2.023172325320102827e-01
3.800200000000000244e-01,2.022933487029554556e-01
3.801604000000000094e-01,2.022271370622910069e-01
3.803007999999999944e-01,2.021610680621382938e-01
3.804411999999999794e-01,2.020951413952052356e-01
3.805815999999999644e-01,2.020293567548616664e-01
3.807219999999999493e-01,2.019637138351380035e-01
3.808623999999999343e-01,2.018982123307239140e-01
3.810027999999999193e-01,2.018328519369667617e-01
3.811431999999999043e-01,2.017676323498701629e-01
3.812835999999998893e-01,2.017025532660926546e-01
3.814239999999998743e-01,2.016376143829463619e-01
3.815643999999998592e-01,2.015728153983954440e-01
3.817047999999998442e-01,2.015081560110546510e-01
3.818451999999998292e-01,2.014436359201881022e-01
3.819855999999998142e-01,2.013792548257077319e-01
3.820399999999999907e-01,2.013543302942691904e-01
3.821789999999999909e-01,2.012926688308244172e-01
3.823179999999999912e-01,2.012311349752905487e-01
3.824569999999999914e-01,2.011697284635839411e-01
3.825959999999999916e-01,2.011084490321676244e-01
3.827349999999999919e-01,2.010472964180499700e-01
3.828739999999999921e-01,2.009862703587834698e-01
3.830129999999999924e-01,2.009253705924639588e-01
3.831519999999999926e-01,2.008645968577290608e-01
3.832909999999999928e-01,2.008039488937575223e-01
3.834299999999999931e-01,2.007434264402677693e-01
3.835689999999999933e-01,2.006830292375166858e-01
3.837079999999999935e-01,2.006227570262990589e-01
3.838469999999999938e-01,2.005626095479456916e-01
3.839859999999999940e-01,2.005025865443230693e-01
3.839899999999999980e-01,2.005008593667164662e-01
3.841301999999999772e-01,2.004481429131996784e-01
3.842703999999999565e-01,2.003955224801987622e-01
3.844105999999999357e-01,2.003429978928168431e-01
3.845507999999999149e-01,2.002905689764756803e-01
3.846909999999998941e-01,2.002382355569150008e-01
3.848311999999998734e-01,2.001859974601919445e-01
3.849713999999998526e-01,2.001338545126806201e-01
3.851115999999998318e-01,2.000818065410711055e-01
3.852517999999998111e-01,2.000298533723693373e-01
3.853919999999997903e-01,1.999779948338964441e-01
3.855321999999997695e-01,1.999262307532878591e-01
3.856723999999997488e-01,1.998745609584929861e-01
3.858125999999997280e-01,1.998229852777748672e-01
3.859527999999997072e-01,1.997715035397090722e-01
3.860000000000000098e-01,1.997541822404014233e-01
3.861403999999999948e-01,1.997096048711960448e-01
3.862807999999999797e-01,1.996650979797364167e-01
3.864211999999999647e-01,1.996206614545958935e-01
3.865615999999999497e-01,1.995762951845236888e-01
3.867019999999999347e-01,1.995319990584450975e-01
3.868423999999999197e-01,1.994877729654610521e-01
3.869827999999999046e-01,1.994436167948477889e-01
3.871231999999998896e-01,1.993995304360566267e-01
3.872635999999998746e-01,1.993555137787136333e-01
3.874039999999998596e-01,1.993115667126192925e-01
3.875443999999998446e-01,1.992676891277483930e-01
3.876847999999998295e-01,1.992238809142496958e-01
3.878251999999998145e-01,1.991801419624456004e-01
3.879655999999997995e-01,1.991364721628321455e-01
3.880199999999999760e-01,1.991195620460333160e-01
3.881601999999999553e-01,1.990810051001575820e-01
3.883003999999999345e-01,1.990425020948078938e-01
3.884405999999999137e-01,1.990040529545225034e-01
3.885807999999998930e-01,1.989656576039451341e-01
3.887209999999998722e-01,1.989273159678246472e-01
3.888611999999998514e-01,1.988890279710157083e-01
3.890013999999998306e-01,1.988507935384775660e-01
3.891415999999998099e-01,1.988126125952748291e-01
3.892817999999997891e-01,1.987744850665768004e-01
3.894219999999997683e-01,1.987364108776573657e-01
3.895621999999997476e-01,1.986983899538952159e-01
3.897023999999997268e-01,1.986604222207731807e-01
3.898425999999997060e-01,1.986225076038784509e-01
3.899827999999996853e-01,1.985846460289023563e-01
3.900299999999999878e-01,1.985719054876990963e-01
3.901703999999999728e-01,1.985365244093656445e-01
3.903107999999999578e-01,1.985011896723934965e-01
3.904511999999999428e-01,1.984659012160858715e-01
3.905915999999999277e-01,1.984306589798250364e-01
3.907319999999999127e-01,1.983954629030733052e-01
3.908723999999998977e-01,1.983603129253718178e-01
3.910127999999998827e-01,1.983252089863413170e-01
3.911531999999998677e-01,1.982901510256809274e-01
3.912935999999998526e-01,1.982551389831693767e-01
3.914339999999998376e-01,1.982201727986641071e-01
3.915743999999998226e-01,1.981852524121014980e-01
3.917147999999998076e-01,1.981503777634959773e-01
3.918551999999997926e-01,1.981155487929411319e-01
3.919955999999997776e-01,1.980807654406089302e-01
3.920500000000000096e-01,1.980672949754274104e-01
3.921890000000000098e-01,1.980308363375017366e-01
3.923280000000000101e-01,1.979944278433484195e-01
3.924670000000000103e-01,1.979580694240014038e-01
3.926060000000000105e-01,1.979217610105900027e-01
3.927450000000000108e-01,1.978855025343378982e-01
3.928840000000000110e-01,1.978492939265634742e-01
3.930230000000000112e-01,1.978131351186798170e-01
3.931620000000000115e-01,1.977770260421938264e-01
3.933010000000000117e-01,1.977409666287071044e-01
3.934400000000000119e-01,1.977049568099150667e-01
3.935790000000000122e-01,1.976689965176071651e-01
3.937180000000000124e-01,1.976330856836664429e-01
3.938570000000000126e-01,1.975972242400699797e-01
3.939960000000000129e-01,1.975614121188883354e-01
3.940000000000000169e-01,1.975603815950929265e-01
3.941401999999999961e-01,1.975220406057289768e-01
3.942803999999999753e-01,1.974837561527561514e-01
3.944205999999999546e-01,1.974455281528075812e-01
3.945607999999999338e-01,1.974073565226395210e-01
3.947009999999999130e-01,1.973692411791309054e-01
3.948411999999998923e-01,1.973311820392832372e-01
3.949813999999998715e-01,1.972931790202204771e-01
3.951215999999998507e-01,1.972552320391885994e-01
3.952617999999998299e-01,1.972173410135558136e-01
3.954019999999998092e-01,1.971795058608120099e-01
3.955421999999997884e-01,1.971417264985688700e-01
3.956823999999997676e-01,1.971040028445594228e-01
3.958225999999997469e-01,1.970663348166382667e-01
3.959627999999997261e-01,1.970287223327807924e-01
3.960099999999999731e-01,1.970160659343719312e-01
3.961503999999999581e-01,1.969737702294392934e-01
3.962907999999999431e-01,1.969315447964589127e-01
3.964311999999999281e-01,1.968893895186778487e-01
3.965715999999999131e-01,1.968473042795372274e-01
3.967119999999998980e-01,1.968052889626716873e-01
3.968523999999998830e-01,1.967633434519093782e-01
3.969927999999998680e-01,1.967214676312712962e-01
3.971331999999998530e-01,1.966796613849711717e-01
3.972735999999998380e-01,1.966379245974151369e-01
3.974139999999998230e-01,1.965962571532013925e-01
3.975543999999998079e-01,1.965546589371197639e-01
3.976947999999997929e-01,1.965131298341517008e-01
3.978351999999997779e-01,1.964716697294695003e-01
3.979755999999997629e-01,1.964302785084364178e-01
3.980299999999999949e-01,1.964142512190776291e-01
3.981701999999999741e-01,1.963672388020940573e-01
3.983103999999999534e-01,1.963203153062011985e-01
3.984505999999999326e-01,1.962734805632102564e-01
3.985907999999999118e-01,1.962267344052505136e-01
3.987309999999998911e-01,1.961800766647688876e-01
3.988711999999998703e-01,1.961335071745291536e-01
3.990113999999998495e-01,1.960870257676113892e-01
3.991515999999998288e-01,1.960406322774115306e-01
3.992917999999998080e-01,1.959943265376403732e-01
3.994319999999997872e-01,1.959481083823234604e-01
3.995721999999997665e-01,1.959019776458001960e-01
3.997123999999997457e-01,1.958559341627232886e-01
3.998525999999997249e-01,1.958099777680583076e-01
3.999927999999997041e-01,1.957641082970827950e-01
4.000400000000000067e-01,1.957486756390595106e-01
4.001790000000000069e-01,1.956962427397758164e-01
4.003180000000000072e-01,1.956439234920566150e-01
4.004570000000000074e-01,1.955917176495549636e-01
4.005960000000000076e-01,1.955396249664581587e-01
4.007350000000000079e-01,1.954876451974860707e-01
4.008740000000000081e-01,1.954357780978903669e-01
4.010130000000000083e-01,1.953840234234530682e-01
4.011520000000000086e-01,1.953323809304858827e-01
4.012910000000000088e-01,1.952808503758282077e-01
4.014300000000000090e-01,1.952294315168471295e-01
4.015690000000000093e-01,1.951781241114350918e-01
4.017080000000000095e-01,1.951269279180096738e-01
4.018470000000000097e-01,1.950758426955120362e-01
4.019860000000000100e-01,1.950248682034055880e-01
4.019900000000000140e-01,1.950234014032380392e-01
4.021303999999999990e-01,1.949687088944158653e-01
4.022707999999999839e-01,1.949141438661231573e-01
4.024111999999999689e-01,1.948597060212209353e-01
4.025515999999999539e-01,1.948053950632624431e-01
4.026919999999999389e-01,1.947512106964921497e-01
4.028323999999999239e-01,1.946971526258438612e-01
4.029727999999999088e-01,1.946432205569391671e-01
4.031131999999998938e-01,1.945894141960857748e-01
4.032535999999998788e-01,1.945357332502758441e-01
4.033939999999998638e-01,1.944821774271845438e-01
4.035343999999998488e-01,1.944287464351686090e-01
4.036747999999998338e-01,1.943754399832643420e-01
4.038151999999998187e-01,1.943222577811861695e-01
4.039555999999998037e-01,1.942691995393254212e-01
4.040099999999999802e-01,1.942486599532919911e-01
4.041501999999999595e-01,1.941912488948549509e-01
4.042903999999999387e-01,1.941339831013171313e-01
4.044305999999999179e-01,1.940768622051204373e-01
4.045707999999998972e-01,1.940198858396370296e-01
4.047109999999998764e-01,1.939630536391665494e-01
4.048511999999998556e-01,1.939063652389341197e-01
4.049913999999998349e-01,1.938498202750877919e-01
4.051315999999998141e-01,1.937934183846961034e-01
4.052717999999997933e-01,1.937371592057461900e-01
4.054119999999997725e-01,1.936810423771408995e-01
4.055521999999997518e-01,1.936250675386969045e-01
4.056923999999997310e-01,1.935692343311421482e-01
4.058325999999997102e-01,1.935135423961137358e-01
4.059727999999996895e-01,1.934579913761553804e-01
4.060199999999999920e-01,1.934393054214482710e-01
4.061603999999999770e-01,1.933821673068124580e-01
4.063007999999999620e-01,1.933251784014821117e-01
4.064411999999999470e-01,1.932683383158151358e-01
4.065815999999999319e-01,1.932116466611869532e-01
4.067219999999999169e-01,1.931551030499877308e-01
4.068623999999999019e-01,1.930987070956199370e-01
4.070027999999998869e-01,1.930424584124954546e-01
4.071431999999998719e-01,1.929863566160332500e-01
4.072835999999998569e-01,1.929304013226563752e-01
4.074239999999998418e-01,1.928745921497897475e-01
4.075643999999998268e-01,1.928189287158572629e-01
4.077047999999998118e-01,1.927634106402792424e-01
4.078451999999997968e-01,1.927080375434697679e-01
4.079855999999997818e-01,1.926528090468343501e-01
4.080400000000000138e-01,1.926314316578436880e-01
4.081790000000000140e-01,1.925757239075004401e-01
4.083180000000000143e-01,1.925201634270488071e-01
4.084570000000000145e-01,1.924647498271638835e-01
4.085960000000000147e-01,1.924094827195497182e-01
4.087350000000000150e-01,1.923543617169370945e-01
4.088740000000000152e-01,1.922993864330805325e-01
4.090130000000000154e-01,1.922445564827556241e-01
4.091520000000000157e-01,1.921898714817563691e-01
4.092910000000000159e-01,1.921353310468923992e-01
4.094300000000000161e-01,1.920809347959863134e-01
4.095690000000000164e-01,1.920266823478712359e-01
4.097080000000000166e-01,1.919725733223877073e-01
4.098470000000000169e-01,1.919186073403814641e-01
4.099860000000000171e-01,1.918647840237005520e-01
4.099900000000000211e-01,1.918632352694122911e-01
4.101302000000000003e-01,1.918133243944869504e-01
4.102703999999999795e-01,1.917635362072573901e-01
4.104105999999999588e-01,1.917138704061407406e-01
4.105507999999999380e-01,1.916643266902950948e-01
4.106909999999999172e-01,1.916149047596183985e-01
4.108311999999998965e-01,1.915656043147462295e-01
4.109713999999998757e-01,1.915164250570502436e-01
4.111115999999998549e-01,1.914673666886355097e-01
4.112517999999998342e-01,1.914184289123399552e-01
4.113919999999998134e-01,1.913696114317318120e-01
4.115321999999997926e-01,1.913209139511080625e-01
4.116723999999997718e-01,1.912723361754925522e-01
4.118125999999997511e-01,1.912238778106338799e-01
4.119527999999997303e-01,1.911755385630042881e-01
4.119999999999999774e-01,1.911592780691978577e-01
4.121403999999999623e-01,1.911145704736584294e-01
4.122807999999999473e-01,1.910699648540260531e-01
4.124211999999999323e-01,1.910254609776985690e-01
4.125615999999999173e-01,1.909810586126043930e-01
4.127019999999999023e-01,1.909367575272010731e-01
4.128423999999998872e-01,1.908925574904745126e-01
4.129827999999998722e-01,1.908484582719374156e-01
4.131231999999998572e-01,1.908044596416282879e-01
4.132635999999998422e-01,1.907605613701102154e-01
4.134039999999998272e-01,1.907167632284695324e-01
4.135443999999998121e-01,1.906730649883144890e-01
4.136847999999997971e-01,1.906294664217749180e-01
4.138251999999997821e-01,1.905859673014997924e-01
4.139655999999997671e-01,1.905425674006570036e-01
4.140199999999999991e-01,1.905257663671573454e-01
4.141601999999999784e-01,1.904853352979678505e-01
4.143003999999999576e-01,1.904449904142866412e-01
4.144405999999999368e-01,1.904047315323951217e-01
4.145807999999999161e-01,1.903645584689661607e-01
4.147209999999998953e-01,1.903244710410635365e-01
4.148611999999998745e-01,1.902844690661409377e-01
4.150013999999998537e-01,1.902445523620412970e-01
4.151415999999998330e-01,1.902047207469956813e-01
4.152817999999998122e-01,1.901649740396227362e-01
4.154219999999997914e-01,1.901253120589276868e-01
4.155621999999997707e-01,1.900857346243016721e-01
4.157023999999997499e-01,1.900462415555207452e-01
4.158425999999997291e-01,1.900068326727450962e-01
4.159827999999997084e-01,1.899675077965183867e-01
4.160300000000000109e-01,1.899542781230800781e-01
4.161703999999999959e-01,1.899173343633225874e-01
4.163107999999999809e-01,1.898804647982549332e-01
4.164511999999999659e-01,1.898436692788707525e-01
4.165915999999999508e-01,1.898069476564631097e-01
4.167319999999999358e-01,1.897702997826233862e-01
4.168723999999999208e-01,1.897337255092416131e-01
4.170127999999999058e-01,1.896972246885045843e-01
4.171531999999998908e-01,1.896607971728964115e-01
4.172935999999998757e-01,1.896244428151975248e-01
4.174339999999998607e-01,1.895881614684835625e-01
4.175743999999998457e-01,1.895519529861257046e-01
4.177147999999998307e-01,1.895158172217891179e-01
4.178551999999998157e-01,1.894797540294334004e-01
4.179955999999998006e-01,1.894437632633112489e-01
4.180499999999999772e-01,1.894298289879426944e-01
4.181889999999999774e-01,1.893948151125424140e-01
4.183279999999999776e-01,1.893598698384784118e-01
4.184669999999999779e-01,1.893249930313427587e-01
4.186059999999999781e-01,1.892901845569908703e-01
4.187449999999999783e-01,1.892554442815409521e-01
4.188839999999999786e-01,1.892207720713735553e-01
4.190229999999999788e-01,1.891861677931309105e-01
4.191619999999999790e-01,1.891516313137167060e-01
4.193009999999999793e-01,1.891171625002953105e-01
4.194399999999999795e-01,1.890827612202912178e-01
4.195789999999999798e-01,1.890484273413889360e-01
4.197179999999999800e-01,1.890141607315320993e-01
4.198569999999999802e-01,1.889799612589230238e-01
4.199959999999999805e-01,1.889458287920222634e-01
4.199999999999999845e-01,1.889448466182442887e-01
4.201401999999999637e-01,1.889133923986172636e-01
4.202803999999999429e-01,1.888819950850886276e-01
4.204205999999999221e-01,1.888506545747054011e-01
4.205607999999999014e-01,1.888193707647010111e-01
4.207009999999998806e-01,1.887881435524946250e-01
4.208411999999998598e-01,1.887569728356911503e-01
4.209813999999998391e-01,1.887258585120806798e-01
4.211215999999998183e-01,1.886948004796381584e-01
4.212617999999997975e-01,1.886637986365231612e-01
4.214019999999997768e-01,1.886328528810796712e-01
4.215421999999997560e-01,1.886019631118353024e-01
4.216823999999997352e-01,1.885711292275014106e-01
4.218225999999997144e-01,1.885403511269725385e-01
4.219627999999996937e-01,1.885096287093261935e-01
4.220099999999999962e-01,1.884992919487922247e-01
4.221503999999999812e-01,1.884707929273551352e-01
4.222907999999999662e-01,1.884423418500817959e-01
4.224311999999999512e-01,1.884139386363149482e-01
4.225715999999999362e-01,1.883855832055335577e-01
4.227119999999999211e-01,1.883572754773520375e-01
4.228523999999999061e-01,1.883290153715194704e-01
4.229927999999998911e-01,1.883008028079206087e-01
4.231331999999998761e-01,1.882726377065748746e-01
4.232735999999998611e-01,1.882445199876356945e-01
4.234139999999998460e-01,1.882164495713916086e-01
4.235543999999998310e-01,1.881884263782644950e-01
4.236947999999998160e-01,1.881604503288106800e-01
4.238351999999998010e-01,1.881325213437200494e-01
4.239755999999997860e-01,1.881046393438154940e-01
4.240300000000000180e-01,1.880938431110211750e-01
4.241701999999999972e-01,1.880678916618607754e-01
4.243103999999999765e-01,1.880419809432070100e-01
4.244505999999999557e-01,1.880161108911337919e-01
4.245907999999999349e-01,1.879902814418152879e-01
4.247309999999999142e-01,1.879644925315259174e-01
4.248711999999998934e-01,1.879387440966401313e-01
4.250113999999998726e-01,1.879130360736324112e-01
4.251515999999998519e-01,1.878873683990766041e-01
4.252917999999998311e-01,1.878617410096462548e-01
4.254319999999998103e-01,1.878361538421143839e-01
4.255721999999997895e-01,1.878106068333532663e-01
4.257123999999997688e-01,1.877850999203339866e-01
4.258525999999997480e-01,1.877596330401267721e-01
4.259927999999997272e-01,1.877342061299006604e-01
4.260399999999999743e-01,1.877256503855501135e-01
4.261791999999999803e-01,1.877014107144964195e-01
4.263183999999999862e-01,1.876772073872132740e-01
4.264575999999999922e-01,1.876530403492085997e-01
4.265967999999999982e-01,1.876289095460721423e-01
4.267360000000000042e-01,1.876048149234750273e-01
4.268752000000000102e-01,1.875807564271699812e-01
4.270144000000000162e-01,1.875567340029909991e-01
4.271536000000000222e-01,1.875327475968533442e-01
4.272928000000000281e-01,1.875087971547533261e-01
4.274320000000000341e-01,1.874848826227681897e-01
4.275712000000000401e-01,1.874610039470561151e-01
4.277104000000000461e-01,1.874371610738559957e-01
4.278496000000000521e-01,1.874133539494872158e-01
4.279888000000000581e-01,1.873895825203498733e-01
4.279999999999999916e-01,1.873876701076812035e-01
4.281401999999999708e-01,1.873653212669722512e-01
4.282803999999999500e-01,1.873430039808201553e-01
4.284205999999999293e-01,1.873207182046725539e-01
4.285607999999999085e-01,1.872984638940402569e-01
4.287009999999998877e-01,1.872762410044968018e-01
4.288411999999998669e-01,1.872540494916783427e-01
4.289813999999998462e-01,1.872318893112838722e-01
4.291215999999998254e-01,1.872097604190747777e-01
4.292617999999998046e-01,1.871876627708748408e-01
4.294019999999997839e-01,1.871655963225704600e-01
4.295421999999997631e-01,1.871435610301100949e-01
4.296823999999997423e-01,1.871215568495046000e-01
4.298225999999997216e-01,1.870995837368267800e-01
4.299627999999997008e-01,1.870776416482115012e-01
4.300100000000000033e-01,1.870702580973475637e-01
4.301501999999999826e-01,1.870486527644038555e-01
4.302903999999999618e-01,1.870270775248659145e-01
4.304305999999999410e-01,1.870055323368178257e-01
4.305707999999999203e-01,1.869840171584017385e-01
4.307109999999998995e-01,1.869625319478178671e-01
4.308511999999998787e-01,1.869410766633253784e-01
4.309913999999998580e-01,1.869196512632408380e-01
4.311315999999998372e-01,1.868982557059393201e-01
4.312717999999998164e-01,1.868768899498534086e-01
4.314119999999997956e-01,1.868555539534743071e-01
4.315521999999997749e-01,1.868342476753505066e-01
4.316923999999997541e-01,1.868129710740881189e-01
4.318325999999997333e-01,1.867917241083515423e-01
4.319727999999997126e-01,1.867705067368622407e-01
4.320200000000000151e-01,1.867633670086927822e-01
4.321604000000000001e-01,1.867419571447893611e-01
4.323007999999999851e-01,1.867205774287006292e-01
4.324411999999999701e-01,1.866992278179746556e-01
4.325815999999999550e-01,1.866779082702193504e-01
4.327219999999999400e-01,1.866566187431021318e-01
4.328623999999999250e-01,1.866353591943501478e-01
4.330027999999999100e-01,1.866141295817499435e-01
4.331431999999998950e-01,1.865929298631477939e-01
4.332835999999998799e-01,1.865717599964490381e-01
4.334239999999998649e-01,1.865506199396184117e-01
4.335643999999998499e-01,1.865295096506797146e-01
4.337047999999998349e-01,1.865084290877161433e-01
4.338451999999998199e-01,1.864873782088696252e-01
4.339855999999998049e-01,1.864663569723412628e-01
4.340399999999999814e-01,1.864582164395371944e-01
4.341789999999999816e-01,1.864359111849978046e-01
4.343179999999999819e-01,1.864136393228275068e-01
4.344569999999999821e-01,1.863914008030358449e-01
4.345959999999999823e-01,1.863691955757073027e-01
4.347349999999999826e-01,1.863470235910007489e-01
4.348739999999999828e-01,1.863248847991501034e-01
4.350129999999999830e-01,1.863027791504634489e-01
4.351519999999999833e-01,1.862807065953233643e-01
4.352909999999999835e-01,1.862586670841868131e-01
4.354299999999999837e-01,1.862366605675848108e-01
4.355689999999999840e-01,1.862146869961225359e-01
4.357079999999999842e-01,1.861927463204788857e-01
4.358469999999999844e-01,1.861708384914068093e-01
4.359859999999999847e-01,1.861489634597329745e-01
4.359899999999999887e-01,1.861483339895775302e-01
4.361303999999999736e-01,1.861259526728512581e-01
4.362707999999999586e-01,1.861036056907268144e-01
4.364111999999999436e-01,1.860812929905323321e-01
4.365515999999999286e-01,1.860590145196768797e-01
4.366919999999999136e-01,1.860367702256500166e-01
4.368323999999998986e-01,1.860145600560219048e-01
4.369727999999998835e-01,1.859923839584434191e-01
4.371131999999998685e-01,1.859702418806453705e-01
4.372535999999998535e-01,1.859481337704388393e-01
4.373939999999998385e-01,1.859260595757150636e-01
4.375343999999998235e-01,1.859040192444452178e-01
4.376747999999998084e-01,1.858820127246801901e-01
4.378151999999997934e-01,1.858600399645506940e-01
4.379555999999997784e-01,1.858381009122668237e-01
4.380100000000000104e-01,1.858296053683148319e-01
4.381501999999999897e-01,1.858063781671851489e-01
4.382903999999999689e-01,1.857831887709033847e-01
4.384305999999999481e-01,1.857600371179379817e-01
4.385707999999999274e-01,1.857369231468575244e-01
4.387109999999999066e-01,1.857138467963306283e-01
4.388511999999998858e-01,1.856908080051256071e-01
4.389913999999998651e-01,1.856678067121104725e-01
4.391315999999998443e-01,1.856448428562528230e-01
4.392717999999998235e-01,1.856219163766195113e-01
4.394119999999998027e-01,1.855990272123765328e-01
4.395521999999997820e-01,1.855761753027889149e-01
4.396923999999997612e-01,1.855533605872207170e-01
4.398325999999997404e-01,1.855305830051344751e-01
4.399727999999997197e-01,1.855078424960912020e-01
4.400200000000000222e-01,1.855001908324467319e-01
4.401602000000000015e-01,1.854762700513872264e-01
4.403003999999999807e-01,1.854523903140632424e-01
4.404405999999999599e-01,1.854285515500511128e-01
4.405807999999999391e-01,1.854047536890479631e-01
4.407209999999999184e-01,1.853809966608717108e-01
4.408611999999998976e-01,1.853572803954606218e-01
4.410013999999998768e-01,1.853336048228731991e-01
4.411415999999998561e-01,1.853099698732878498e-01
4.412817999999998353e-01,1.852863754770028848e-01
4.414219999999998145e-01,1.852628215644360754e-01
4.415621999999997938e-01,1.852393080661247637e-01
4.417023999999997730e-01,1.852158349127254189e-01
4.418425999999997522e-01,1.851924020350134148e-01
4.419827999999997314e-01,1.851690093638829193e-01
4.420299999999999785e-01,1.851611384969322760e-01
4.421691999999999845e-01,1.851363805561968556e-01
4.423083999999999905e-01,1.851116676782214032e-01
4.424475999999999964e-01,1.850869997809855283e-01
4.425868000000000024e-01,1.850623767826183874e-01
4.427260000000000084e-01,1.850377986013980181e-01
4.428652000000000144e-01,1.850132651557511165e-01
4.430044000000000204e-01,1.849887763642530381e-01
4.431436000000000264e-01,1.849643321456273526e-01
4.432828000000000324e-01,1.849399324187454008e-01
4.434220000000000383e-01,1.849155771026261830e-01
4.435612000000000443e-01,1.848912661164362481e-01
4.437004000000000503e-01,1.848669993794892497e-01
4.438396000000000563e-01,1.848427768112456127e-01
4.439788000000000623e-01,1.848185983313124225e-01
4.439899999999999958e-01,1.848166532217511149e-01
4.441301999999999750e-01,1.847924567087462222e-01
4.442703999999999542e-01,1.847683043563191907e-01
4.444105999999999335e-01,1.847441960838734909e-01
4.445507999999999127e-01,1.847201318109595869e-01
4.446909999999998919e-01,1.846961114572747142e-01
4.448311999999998712e-01,1.846721349426628800e-01
4.449713999999998504e-01,1.846482021871141965e-01
4.451115999999998296e-01,1.846243131107648816e-01
4.452517999999998088e-01,1.846004676338969253e-01
4.453919999999997881e-01,1.845766656769377567e-01
4.455321999999997673e-01,1.845529071604600224e-01
4.456723999999997465e-01,1.845291920051813639e-01
4.458125999999997258e-01,1.845055201319641958e-01
4.459527999999997050e-01,1.844818914618151506e-01
4.460000000000000075e-01,1.844739414822322843e-01
4.461401999999999868e-01,1.844503828319498107e-01
4.462803999999999660e-01,1.844268671555004957e-01
4.464205999999999452e-01,1.844033943744948223e-01
4.465607999999999245e-01,1.843799644106862701e-01
4.467009999999999037e-01,1.843565771859712044e-01
4.468411999999998829e-01,1.843332326223882101e-01
4.469813999999998622e-01,1.843099306421183137e-01
4.471215999999998414e-01,1.842866711674843172e-01
4.472617999999998206e-01,1.842634541209507981e-01
4.474019999999997999e-01,1.842402794251237763e-01
4.475421999999997791e-01,1.842171470027503810e-01
4.476823999999997583e-01,1.841940567767188508e-01
4.478225999999997375e-01,1.841710086700578675e-01
4.479627999999997168e-01,1.841480026059365560e-01
4.480100000000000193e-01,1.841402621026358988e-01
4.481504000000000043e-01,1.841177814478923702e-01
4.482907999999999893e-01,1.840953409619909831e-01
4.484311999999999743e-01,1.840729405731573731e-01
4.485715999999999593e-01,1.840505802097452959e-01
4.487119999999999442e-01,1.840282598002366266e-01
4.488523999999999292e-01,1.840059792732410271e-01
4.489927999999999142e-01,1.839837385574956130e-01
4.491331999999998992e-01,1.839615375818649534e-01
4.492735999999998842e-01,1.839393762753407380e-01
4.494139999999998691e-01,1.839172545670414438e-01
4.495543999999998541e-01,1.838951723862123355e-01
4.496947999999998391e-01,1.838731296622249101e-01
4.498351999999998241e-01,1.838511263245770078e-01
4.499755999999998091e-01,1.838291623028923683e-01
4.500299999999999856e-01,1.838206579250455386e-01
4.501701999999999648e-01,1.837992427917091165e-01
4.503103999999999441e-01,1.837778650597733376e-01
4.504505999999999233e-01,1.837565246639168981e-01
4.505907999999999025e-01,1.837352215389326249e-01
4.507309999999998817e-01,1.837139556197271428e-01
4.508711999999998610e-01,1.836927268413207637e-01
4.510113999999998402e-01,1.836715351388473749e-01
4.511515999999998194e-01,1.836503804475539958e-01
4.512917999999997987e-01,1.836292627028008884e-01
4.514319999999997779e-01,1.836081818400611132e-01
4.515721999999997571e-01,1.835871377949205296e-01
4.517123999999997364e-01,1.835661305030773516e-01
4.518525999999997156e-01,1.835451599003421475e-01
4.519927999999996948e-01,1.835242259226376182e-01
4.520399999999999974e-01,1.835171823983700046e-01
4.521792000000000034e-01,1.834964959277032293e-01
4.523184000000000093e-01,1.834758452422005082e-01
4.524576000000000153e-01,1.834552302799578039e-01
4.525968000000000213e-01,1.834346509791779933e-01
4.527360000000000273e-01,1.834141072781709791e-01
4.528752000000000333e-01,1.833935991153533562e-01
4.530144000000000393e-01,1.833731264292481900e-01
4.531536000000000453e-01,1.833526891584850160e-01
4.532928000000000512e-01,1.833322872417993965e-01
4.534320000000000572e-01,1.833119206180329197e-01
4.535712000000000632e-01,1.832915892261329782e-01
4.537104000000000692e-01,1.832712930051525468e-01
4.538496000000000752e-01,1.832510318942500716e-01
4.539888000000000812e-01,1.832308058326893585e-01
4.540000000000000147e-01,1.832291786752958673e-01
4.541401999999999939e-01,1.832099143855725476e-01
4.542803999999999731e-01,1.831906818956037242e-01
4.544205999999999523e-01,1.831714811528971643e-01
4.545607999999999316e-01,1.831523121050473435e-01
4.547009999999999108e-01,1.831331746997352239e-01
4.548411999999998900e-01,1.831140688847282538e-01
4.549813999999998693e-01,1.830949946078799240e-01
4.551215999999998485e-01,1.830759518171297673e-01
4.552617999999998277e-01,1.830569404605035810e-01
4.554019999999998070e-01,1.830379604861126497e-01
4.555421999999997862e-01,1.830190118421539669e-01
4.556823999999997654e-01,1.830000944769101245e-01
4.558225999999997446e-01,1.829812083387490906e-01
4.559627999999997239e-01,1.829623533761238763e-01
4.560100000000000264e-01,1.829560091598722016e-01
4.561502000000000057e-01,1.829378066034663686e-01
4.562903999999999849e-01,1.829196331186671021e-01
4.564305999999999641e-01,1.829014886590433209e-01
4.565707999999999434e-01,1.828833731782385508e-01
4.567109999999999226e-01,1.828652866299703694e-01
4.568511999999999018e-01,1.828472289680298513e-01
4.569913999999998810e-01,1.828292001462823446e-01
4.571315999999998603e-01,1.828112001186668056e-01
4.572717999999998395e-01,1.827932288391954652e-01
4.574119999999998187e-01,1.827752862619541618e-01
4.575521999999997980e-01,1.827573723411023421e-01
4.576923999999997772e-01,1.827394870308720609e-01
4.578325999999997564e-01,1.827216302855690921e-01
4.579727999999997357e-01,1.827038020595719292e-01
4.580199999999999827e-01,1.826978032056015833e-01
4.581603999999999677e-01,1.826807462872698240e-01
4.583007999999999527e-01,1.826637154880046410e-01
4.584411999999999376e-01,1.826467107678101387e-01
4.585815999999999226e-01,1.826297320867518170e-01
4.587219999999999076e-01,1.826127794049562381e-01
4.588623999999998926e-01,1.825958526826110262e-01
4.590027999999998776e-01,1.825789518799647571e-01
4.591431999999998625e-01,1.825620769573269575e-01
4.592835999999998475e-01,1.825452278750677726e-01
4.594239999999998325e-01,1.825284045936181876e-01
4.595643999999998175e-01,1.825116070734695839e-01
4.597047999999998025e-01,1.824948352751740721e-01
4.598451999999997875e-01,1.824780891593440479e-01
4.599855999999997724e-01,1.824613686866523032e-01
4.600400000000000045e-01,1.824548939464261110e-01
4.601790000000000047e-01,1.824384963118895753e-01
4.603180000000000049e-01,1.824221233544728316e-01
4.604570000000000052e-01,1.824057750370390307e-01
4.605960000000000054e-01,1.823894513225067238e-01
4.607350000000000056e-01,1.823731521738508610e-01
4.608740000000000059e-01,1.823568775541015707e-01
4.610130000000000061e-01,1.823406274263446036e-01
4.611520000000000064e-01,1.823244017537218875e-01
4.612910000000000066e-01,1.823082004994300842e-01
4.614300000000000068e-01,1.822920236267219218e-01
4.615690000000000071e-01,1.822758710989048625e-01
4.617080000000000073e-01,1.822597428793416574e-01
4.618470000000000075e-01,1.822436389314506799e-01
4.619860000000000078e-01,1.822275592187047044e-01
4.619900000000000118e-01,1.822270965132266607e-01
4.621303999999999967e-01,1.822120951471724037e-01
4.622707999999999817e-01,1.821971148756310610e-01
4.624111999999999667e-01,1.821821556689404709e-01
4.625515999999999517e-01,1.821672174974796610e-01
4.626919999999999367e-01,1.821523003316692924e-01
4.628323999999999216e-01,1.821374041419721035e-01
4.629727999999999066e-01,1.821225288988919111e-01
4.631131999999998916e-01,1.821076745729741653e-01
4.632535999999998766e-01,1.820928411348055054e-01
4.633939999999998616e-01,1.820780285550145372e-01
4.635343999999998466e-01,1.820632368042706117e-01
4.636747999999998315e-01,1.820484658532842692e-01
4.638151999999998165e-01,1.820337156728077943e-01
4.639555999999998015e-01,1.820189862336341058e-01
4.640099999999999780e-01,1.820132822126727667e-01
4.641501999999999573e-01,1.819990801156351479e-01
4.642903999999999365e-01,1.819848973118500801e-01
4.644305999999999157e-01,1.819707337751081955e-01
4.645707999999998949e-01,1.819565894792355421e-01
4.647109999999998742e-01,1.819424643980938061e-01
4.648511999999998534e-01,1.819283585055802011e-01
4.649913999999998326e-01,1.819142717756273564e-01
4.651315999999998119e-01,1.819002041822034288e-01
4.652717999999997911e-01,1.818861556993117690e-01
4.654119999999997703e-01,1.818721263009910327e-01
4.655521999999997496e-01,1.818581159613154030e-01
4.656923999999997288e-01,1.818441246543939238e-01
4.658325999999997080e-01,1.818301523543711662e-01
4.659727999999996872e-01,1.818161990354265622e-01
4.660199999999999898e-01,1.818115036347524027e-01
4.661601999999999690e-01,1.817979739473143397e-01
4.663003999999999483e-01,1.817844621140686234e-01
4.664405999999999275e-01,1.817709681114543230e-01
4.665807999999999067e-01,1.817574919159417046e-01
4.667209999999998860e-01,1.817440335040318988e-01
4.668611999999998652e-01,1.817305928522571223e-01
4.670013999999998444e-01,1.817171699371805671e-01
4.671415999999998236e-01,1.817037647353962893e-01
4.672817999999998029e-01,1.816903772235293202e-01
4.674219999999997821e-01,1.816770073782354444e-01
4.675621999999997613e-01,1.816636551762014218e-01
4.677023999999997406e-01,1.816503205941445431e-01
4.678425999999997198e-01,1.816370036088129636e-01
4.679827999999996990e-01,1.816237041969855914e-01
4.680300000000000016e-01,1.816192287824943685e-01
4.681692000000000076e-01,1.816059444972396575e-01
4.683084000000000136e-01,1.815926777533359848e-01
4.684476000000000195e-01,1.815794285276207676e-01
4.685868000000000255e-01,1.815661967969619539e-01
4.687260000000000315e-01,1.815529825382580231e-01
4.688652000000000375e-01,1.815397857284379857e-01
4.690044000000000435e-01,1.815266063444612721e-01
4.691436000000000495e-01,1.815134443633178440e-01
4.692828000000000555e-01,1.815002997620278613e-01
4.694220000000000614e-01,1.814871725176420147e-01
4.695612000000000674e-01,1.814740626072413043e-01
4.697004000000000734e-01,1.814609700079368171e-01
4.698396000000000794e-01,1.814478946968699491e-01
4.699788000000000854e-01,1.814348366512124056e-01
4.699900000000000189e-01,1.814337861156211096e-01
4.701301999999999981e-01,1.814210422784643395e-01
4.702703999999999773e-01,1.814083148875670348e-01
4.704105999999999566e-01,1.813956039217049510e-01
4.705507999999999358e-01,1.813829093596809328e-01
4.706909999999999150e-01,1.813702311803256917e-01
4.708311999999998942e-01,1.813575693624966956e-01
4.709713999999998735e-01,1.813449238850791678e-01
4.711115999999998527e-01,1.813322947269851992e-01
4.712517999999998319e-01,1.813196818671544142e-01
4.713919999999998112e-01,1.813070852845533043e-01
4.715321999999997904e-01,1.812945049581757839e-01
4.716723999999997696e-01,1.812819408670427457e-01
4.718125999999997489e-01,1.812693929902022827e-01
4.719527999999997281e-01,1.812568613067292445e-01
4.719999999999999751e-01,1.812526442007944549e-01
4.721403999999999601e-01,1.812400952868171711e-01
4.722807999999999451e-01,1.812275626178324606e-01
4.724211999999999301e-01,1.812150461728104789e-01
4.725615999999999151e-01,1.812025459307488040e-01
4.727019999999999000e-01,1.811900618706721033e-01
4.728423999999998850e-01,1.811775939716323558e-01
4.729827999999998700e-01,1.811651422127084077e-01
4.731231999999998550e-01,1.811527065730064168e-01
4.732635999999998400e-01,1.811402870316595193e-01
4.734039999999998249e-01,1.811278835678279409e-01
4.735443999999998099e-01,1.811154961606986635e-01
4.736847999999997949e-01,1.811031247894857588e-01
4.738251999999997799e-01,1.810907694334301654e-01
4.739655999999997649e-01,1.810784300717998008e-01
4.740199999999999969e-01,1.810736514086199733e-01
4.741601999999999761e-01,1.810610923357992563e-01
4.743003999999999554e-01,1.810485498403807680e-01
4.744405999999999346e-01,1.810360239004830119e-01
4.745807999999999138e-01,1.810235144942534680e-01
4.747209999999998931e-01,1.810110215998683714e-01
4.748611999999998723e-01,1.809985451955329339e-01
4.750013999999998515e-01,1.809860852594810110e-01
4.751415999999998308e-01,1.809736417699753241e-01
4.752817999999998100e-01,1.809612147053070164e-01
4.754219999999997892e-01,1.809488040437962075e-01
4.755621999999997684e-01,1.809364097637913282e-01
4.757023999999997477e-01,1.809240318436696748e-01
4.758425999999997269e-01,1.809116702618368544e-01
4.759827999999997061e-01,1.808993249967271177e-01
4.760300000000000087e-01,1.808951706647118352e-01
4.761701999999999879e-01,1.808825701096959948e-01
4.763103999999999671e-01,1.808699865607773516e-01
4.764505999999999464e-01,1.808574199950037098e-01
4.765907999999999256e-01,1.808448703894544041e-01
4.767309999999999048e-01,1.808323377212390781e-01
4.768711999999998841e-01,1.808198219674989060e-01
4.770113999999998633e-01,1.808073231054052599e-01
4.771515999999998425e-01,1.807948411121609311e-01
4.772917999999998218e-01,1.807823759649989093e-01
4.774319999999998010e-01,1.807699276411836031e-01
4.775721999999997802e-01,1.807574961180092865e-01
4.777123999999997594e-01,1.807450813728016525e-01
4.778525999999997387e-01,1.807326833829163704e-01
4.779927999999997179e-01,1.807203021257399733e-01
4.780400000000000205e-01,1.807161357236750643e-01
4.781792000000000264e-01,1.807032678758514477e-01
4.783184000000000324e-01,1.806904181100148499e-01
4.784576000000000384e-01,1.806775864007562626e-01
4.785968000000000444e-01,1.806647727227025380e-01
4.787360000000000504e-01,1.806519770505160549e-01
4.788752000000000564e-01,1.806391993588948308e-01
4.790144000000000624e-01,1.806264396225725211e-01
4.791536000000000683e-01,1.806136978163181972e-01
4.792928000000000743e-01,1.806009739149363469e-01
4.794320000000000803e-01,1.805882678932669849e-01
4.795712000000000863e-01,1.805755797261854312e-01
4.797104000000000923e-01,1.805629093886023107e-01
4.798496000000000983e-01,1.805502568554634424e-01
4.799888000000001043e-01,1.805376221017498395e-01
4.799999999999999822e-01,1.805366056274574360e-01
4.801401999999999615e-01,1.805240081803443086e-01
4.802803999999999407e-01,1.805114284098182642e-01
4.804205999999999199e-01,1.804988662910754771e-01
4.805607999999998992e-01,1.804863217993473157e-01
4.807009999999998784e-01,1.804737949098998984e-01
4.808411999999998576e-01,1.804612855980336494e-01
4.809813999999998368e-01,1.804487938390840762e-01
4.811215999999998161e-01,1.804363196084211030e-01
4.812617999999997953e-01,1.804238628814494039e-01
4.814019999999997745e-01,1.804114236336077370e-01
4.815421999999997538e-01,1.803990018403697215e-01
4.816823999999997330e-01,1.803865974772433933e-01
4.818225999999997122e-01,1.803742105197707613e-01
4.819627999999996915e-01,1.803618409435285841e-01
4.820099999999999940e-01,1.803576785474244604e-01
4.821503999999999790e-01,1.803452752616467869e-01
4.822907999999999640e-01,1.803328894602305166e-01
4.824311999999999490e-01,1.803205211185286982e-01
4.825715999999999339e-01,1.803081702119291307e-01
4.827119999999999189e-01,1.802958367158543629e-01
4.828523999999999039e-01,1.802835206057615824e-01
4.829927999999998889e-01,1.802712218571425051e-01
4.831331999999998739e-01,1.802589404455233746e-01
4.832735999999998588e-01,1.802466763464650734e-01
4.834139999999998438e-01,1.802344295355627901e-01
4.835543999999998288e-01,1.802221999884462411e-01
4.836947999999998138e-01,1.802099876807793377e-01
4.838351999999997988e-01,1.801977925882605192e-01
4.839755999999997838e-01,1.801856146866223085e-01
4.840300000000000158e-01,1.801808987628563674e-01
4.841701999999999950e-01,1.801687043668123156e-01
4.843103999999999743e-01,1.801565272176771648e-01
4.844505999999999535e-01,1.801443672910580940e-01
4.845907999999999327e-01,1.801322245625966989e-01
4.847309999999999119e-01,1.801200990079692144e-01
4.848711999999998912e-01,1.801079906028860700e-01
4.850113999999998704e-01,1.800958993230921124e-01
4.851515999999998496e-01,1.800838251443666049e-01
4.852917999999998289e-01,1.800717680425228950e-01
4.854319999999998081e-01,1.800597279934087469e-01
4.855721999999997873e-01,1.800477049729060086e-01
4.857123999999997666e-01,1.800356989569302790e-01
4.858525999999997458e-01,1.800237099214317960e-01
4.859927999999997250e-01,1.800117378423944370e-01
4.860400000000000276e-01,1.800077092203308249e-01
4.861790000000000278e-01,1.799955793300538343e-01
4.863180000000000280e-01,1.799834668545109428e-01
4.864570000000000283e-01,1.799713717686998171e-01
4.865960000000000285e-01,1.799592940476546499e-01
4.867350000000000287e-01,1.799472336664448280e-01
4.868740000000000290e-01,1.799351906001757095e-01
4.870130000000000292e-01,1.799231648239884018e-01
4.871520000000000294e-01,1.799111563130599833e-01
4.872910000000000297e-01,1.798991650426028377e-01
4.874300000000000299e-01,1.798871909878649866e-01
4.875690000000000301e-01,1.798752341241299790e-01
4.877080000000000304e-01,1.798632944267168909e-01
4.878470000000000306e-01,1.798513718709804365e-01
4.879860000000000309e-01,1.798394664323104131e-01
4.879899999999999793e-01,1.798391238439330797e-01
4.881303999999999643e-01,1.798276500574449432e-01
4.882707999999999493e-01,1.798161921699648058e-01
4.884111999999999343e-01,1.798047501594617348e-01
4.885515999999999193e-01,1.797933240039352176e-01
4.886919999999999042e-01,1.797819136814153840e-01
4.888323999999998892e-01,1.797705191699627836e-01
4.889727999999998742e-01,1.797591404476682753e-01
4.891131999999998592e-01,1.797477774926531380e-01
4.892535999999998442e-01,1.797364302830689597e-01
4.893939999999998292e-01,1.797250987970975267e-01
4.895343999999998141e-01,1.797137830129509339e-01
4.896747999999997991e-01,1.797024829088715858e-01
4.898151999999997841e-01,1.796911984631317516e-01
4.899555999999997691e-01,1.796799296540340096e-01
4.900100000000000011e-01,1.796755657380659787e-01
4.901501999999999803e-01,1.796644246242845577e-01
4.902903999999999596e-01,1.796532988029896361e-01
4.904305999999999388e-01,1.796421882531905601e-01
4.905707999999999180e-01,1.796310929539253198e-01
4.907109999999998973e-01,1.796200128842608823e-01
4.908511999999998765e-01,1.796089480232927471e-01
4.909913999999998557e-01,1.795978983501451687e-01
4.911315999999998350e-01,1.795868638439711562e-01
4.912717999999998142e-01,1.795758444839522516e-01
4.914119999999997934e-01,1.795648402492985296e-01
4.915521999999997727e-01,1.795538511192487086e-01
4.916923999999997519e-01,1.795428770730698176e-01
4.918325999999997311e-01,1.795319180900576406e-01
4.919727999999997103e-01,1.795209741495361611e-01
4.920200000000000129e-01,1.795172914457462410e-01
4.921603999999999979e-01,1.795065782990034053e-01
4.923007999999999829e-01,1.794958795736575352e-01
4.924411999999999678e-01,1.794851952502953818e-01
4.925815999999999528e-01,1.794745253095297866e-01
4.927219999999999378e-01,1.794638697319999032e-01
4.928623999999999228e-01,1.794532284983706427e-01
4.930027999999999078e-01,1.794426015893332282e-01
4.931431999999998927e-01,1.794319889856047512e-01
4.932835999999998777e-01,1.794213906679281711e-01
4.934239999999998627e-01,1.794108066170725380e-01
4.935643999999998477e-01,1.794002368138326586e-01
4.937047999999998327e-01,1.793896812390293194e-01
4.938451999999998177e-01,1.793791398735089526e-01
4.939855999999998026e-01,1.793686126981439699e-01
4.940399999999999792e-01,1.793645359218262181e-01
4.941789999999999794e-01,1.793539653716595961e-01
4.943179999999999796e-01,1.793434091362962057e-01
4.944569999999999799e-01,1.793328671963507759e-01
4.945959999999999801e-01,1.793223395324641256e-01
4.947349999999999803e-01,1.793118261253034973e-01
4.948739999999999806e-01,1.793013269555622236e-01
4.950129999999999808e-01,1.792908420039597273e-01
4.951519999999999810e-01,1.792803712512415215e-01
4.952909999999999813e-01,1.792699146781794317e-01
4.954299999999999815e-01,1.792594722655710404e-01
4.955689999999999817e-01,1.792490439942400204e-01
4.957079999999999820e-01,1.792386298450360238e-01
4.958469999999999822e-01,1.792282297988346818e-01
4.959859999999999824e-01,1.792178438365374937e-01
4.959899999999999864e-01,1.792175449715872615e-01
4.961301999999999657e-01,1.792076184135344974e-01
4.962703999999999449e-01,1.791977047214922125e-01
4.964105999999999241e-01,1.791878038787844130e-01
4.965507999999999034e-01,1.791779158687567541e-01
4.966909999999998826e-01,1.791680406747766519e-01
4.968311999999998618e-01,1.791581782802329492e-01
4.969713999999998411e-01,1.791483286685360277e-01
4.971115999999998203e-01,1.791384918231178069e-01
4.972517999999997995e-01,1.791286677274316341e-01
4.973919999999997787e-01,1.791188563649523946e-01
4.975321999999997580e-01,1.791090577191761790e-01
4.976723999999997372e-01,1.790992717736207274e-01
4.978125999999997164e-01,1.790894985118249849e-01
4.979527999999996957e-01,1.790797379173493242e-01
4.979999999999999982e-01,1.790764533320579055e-01
4.981403999999999832e-01,1.790669748614757140e-01
4.982807999999999682e-01,1.790575083417341729e-01
4.984211999999999532e-01,1.790480537577647802e-01
4.985615999999999381e-01,1.790386110945187959e-01
4.987019999999999231e-01,1.790291803369657986e-01
4.988423999999999081e-01,1.790197614700949069e-01
4.989827999999998931e-01,1.790103544789134471e-01
4.991231999999998781e-01,1.790009593484485073e-01
4.992635999999998631e-01,1.789915760637452724e-01
4.994039999999998480e-01,1.789822046098684671e-01
4.995443999999998330e-01,1.789728449719009129e-01
4.996847999999998180e-01,1.789634971349449710e-01
4.998251999999998030e-01,1.789541610841210995e-01
4.999655999999997880e-01,1.789448368045692961e-01
5.000200000000000200e-01,1.789412257446454380e-01
5.001602000000000547e-01,1.789321077278595018e-01
5.003004000000000895e-01,1.789230009728260962e-01
5.004406000000001242e-01,1.789139054656354588e-01
5.005808000000001590e-01,1.789048211923953691e-01
5.007210000000001937e-01,1.788957481392307036e-01
5.008612000000002284e-01,1.788866862922836587e-01
5.010014000000002632e-01,1.788776356377128618e-01
5.011416000000002979e-01,1.788685961616947040e-01
5.012818000000003327e-01,1.788595678504224518e-01
5.014220000000003674e-01,1.788505506901066910e-01
5.015622000000004022e-01,1.788415446669743281e-01
5.017024000000004369e-01,1.788325497672699216e-01
5.018426000000004716e-01,1.788235659772549058e-01
5.019828000000005064e-01,1.788145932832073681e-01
5.020299999999999763e-01,1.788115737759849999e-01
5.021704000000000168e-01,1.788028445859546345e-01
5.023108000000000573e-01,1.787941259021839091e-01
5.024512000000000977e-01,1.787854177120277166e-01
5.025916000000001382e-01,1.787767200028561598e-01
5.027320000000001787e-01,1.787680327620545517e-01
5.028724000000002192e-01,1.787593559770233043e-01
5.030128000000002597e-01,1.787506896351782615e-01
5.031532000000003002e-01,1.787420337239501444e-01
5.032936000000003407e-01,1.787333882307848842e-01
5.034340000000003812e-01,1.787247531431435110e-01
5.035744000000004217e-01,1.787161284485022650e-01
5.037148000000004622e-01,1.787075141343522633e-01
5.038552000000005027e-01,1.786989101881998332e-01
5.039956000000005432e-01,1.786903165975662899e-01
5.040499999999999980e-01,1.786869884411698139e-01
5.041889999999999983e-01,1.786783544164416426e-01
5.043279999999999985e-01,1.786697308497907644e-01
5.044669999999999987e-01,1.786611177285495344e-01
5.046059999999999990e-01,1.786525150400659623e-01
5.047449999999999992e-01,1.786439227717031564e-01
5.048839999999999995e-01,1.786353409108395462e-01
5.050229999999999997e-01,1.786267694448689936e-01
5.051619999999999999e-01,1.786182083612005700e-01
5.053010000000000002e-01,1.786096576472585573e-01
5.054400000000000004e-01,1.786011172904824473e-01
5.055790000000000006e-01,1.785925872783270529e-01
5.057180000000000009e-01,1.785840675982621750e-01
5.058570000000000011e-01,1.785755582377730466e-01
5.059960000000000013e-01,1.785670591843599997e-01
5.060000000000000053e-01,1.785668146158185809e-01
5.061402000000000401e-01,1.785586242448770067e-01
5.062804000000000748e-01,1.785504434462434897e-01
5.064206000000001096e-01,1.785422722087303127e-01
5.065608000000001443e-01,1.785341105211633028e-01
5.067010000000001790e-01,1.785259583723812771e-01
5.068412000000002138e-01,1.785178157512357089e-01
5.069814000000002485e-01,1.785096826465916164e-01
5.071216000000002833e-01,1.785015590473268965e-01
5.072618000000003180e-01,1.784934449423321023e-01
5.074020000000003527e-01,1.784853403205111100e-01
5.075422000000003875e-01,1.784772451707808960e-01
5.076824000000004222e-01,1.784691594820708715e-01
5.078226000000004570e-01,1.784610832433237704e-01
5.079628000000004917e-01,1.784530164434954269e-01
5.080099999999999616e-01,1.784503017286427351e-01
5.081504000000000021e-01,1.784423446070017016e-01
5.082908000000000426e-01,1.784343966729743380e-01
5.084312000000000831e-01,1.784264579159519082e-01
5.085716000000001236e-01,1.784185283253386656e-01
5.087120000000001641e-01,1.784106078905502990e-01
5.088524000000002045e-01,1.784026966010153759e-01
5.089928000000002450e-01,1.783947944461745649e-01
5.091332000000002855e-01,1.783869014154801924e-01
5.092736000000003260e-01,1.783790174983973520e-01
5.094140000000003665e-01,1.783711426844032388e-01
5.095544000000004070e-01,1.783632769629867054e-01
5.096948000000004475e-01,1.783554203236494828e-01
5.098352000000004880e-01,1.783475727559046264e-01
5.099756000000005285e-01,1.783397342492779591e-01
5.100299999999999834e-01,1.783366984668336430e-01
5.101702000000000181e-01,1.783288703575490741e-01
5.103104000000000529e-01,1.783210512894081168e-01
5.104506000000000876e-01,1.783132412519686794e-01
5.105908000000001223e-01,1.783054402348006606e-01
5.107310000000001571e-01,1.782976482274862828e-01
5.108712000000001918e-01,1.782898652196190925e-01
5.110114000000002266e-01,1.782820912008052927e-01
5.111516000000002613e-01,1.782743261606629659e-01
5.112918000000002960e-01,1.782665700888219629e-01
5.114320000000003308e-01,1.782588229749244579e-01
5.115722000000003655e-01,1.782510848086242827e-01
5.117124000000004003e-01,1.782433555795872593e-01
5.118526000000004350e-01,1.782356352774915331e-01
5.119928000000004698e-01,1.782279238920264630e-01
5.120400000000000507e-01,1.782253287724839819e-01
5.121790000000000509e-01,1.782174496320007018e-01
5.123180000000000511e-01,1.782095798039402545e-01
5.124570000000000514e-01,1.782017192772958891e-01
5.125960000000000516e-01,1.781938680410742881e-01
5.127350000000000518e-01,1.781860260842951238e-01
5.128740000000000521e-01,1.781781933959907249e-01
5.130130000000000523e-01,1.781703699652067430e-01
5.131520000000000525e-01,1.781625557810018190e-01
5.132910000000000528e-01,1.781547508324470286e-01
5.134300000000000530e-01,1.781469551086267700e-01
5.135690000000000532e-01,1.781391685986384310e-01
5.137080000000000535e-01,1.781313912915918340e-01
5.138470000000000537e-01,1.781236231766100131e-01
5.139860000000000539e-01,1.781158642428289918e-01
5.139899999999999469e-01,1.781156409717618017e-01
5.141303999999999874e-01,1.781080532126182447e-01
5.142708000000000279e-01,1.781004742343386127e-01
5.144112000000000684e-01,1.780929040267615893e-01
5.145516000000001089e-01,1.780853425797369605e-01
5.146920000000001494e-01,1.780777898831269468e-01
5.148324000000001899e-01,1.780702459268050930e-01
5.149728000000002304e-01,1.780627107006568233e-01
5.151132000000002709e-01,1.780551841945793301e-01
5.152536000000003114e-01,1.780476663984811303e-01
5.153940000000003518e-01,1.780401573022828421e-01
5.155344000000003923e-01,1.780326568959165190e-01
5.156748000000004328e-01,1.780251651693260939e-01
5.158152000000004733e-01,1.780176821124669351e-01
5.159556000000005138e-01,1.780102077153058460e-01
5.160099999999999687e-01,1.780073129520737263e-01
5.161502000000000034e-01,1.779997888709872189e-01
5.162904000000000382e-01,1.779922735690465663e-01
5.164306000000000729e-01,1.779847670360085177e-01
5.165708000000001077e-01,1.779772692616409246e-01
5.167110000000001424e-01,1.779697802357244063e-01
5.168512000000001771e-01,1.779622999480512391e-01
5.169914000000002119e-01,1.779548283884256898e-01
5.171316000000002466e-01,1.779473655466634607e-01
5.172718000000002814e-01,1.779399114125926884e-01
5.174120000000003161e-01,1.779324659760531668e-01
5.175522000000003509e-01,1.779250292268965694e-01
5.176924000000003856e-01,1.779176011549865599e-01
5.178326000000004203e-01,1.779101817501982374e-01
5.179728000000004551e-01,1.779027710024188025e-01
5.180200000000000360e-01,1.779002770667157396e-01
5.181604000000000765e-01,1.778928789733086324e-01
5.183008000000001170e-01,1.778854895107637724e-01
5.184412000000001575e-01,1.778781086690121027e-01
5.185816000000001980e-01,1.778707364379963352e-01
5.187220000000002385e-01,1.778633728076709497e-01
5.188624000000002789e-01,1.778560177680020837e-01
5.190028000000003194e-01,1.778486713089675320e-01
5.191432000000003599e-01,1.778413334205568574e-01
5.192836000000004004e-01,1.778340040927712806e-01
5.194240000000004409e-01,1.778266833156236792e-01
5.195644000000004814e-01,1.778193710791385884e-01
5.197048000000005219e-01,1.778120673733522006e-01
5.198452000000005624e-01,1.778047721883123655e-01
5.199856000000006029e-01,1.777974855140783683e-01
5.200399999999999467e-01,1.777946634644474999e-01
5.201789999999999470e-01,1.777871946870699382e-01
5.203179999999999472e-01,1.777797348552517809e-01
5.204569999999999474e-01,1.777722839582788206e-01
5.205959999999999477e-01,1.777648419854495065e-01
5.207349999999999479e-01,1.777574089260750556e-01
5.208739999999999482e-01,1.777499847694796742e-01
5.210129999999999484e-01,1.777425695050002252e-01
5.211519999999999486e-01,1.777351631219863393e-01
5.212909999999999489e-01,1.777277656098005254e-01
5.214299999999999491e-01,1.777203769578178383e-01
5.215689999999999493e-01,1.777129971554263221e-01
5.217079999999999496e-01,1.777056261920264557e-01
5.218469999999999498e-01,1.776982640570315963e-01
5.219859999999999500e-01,1.776909107398676468e-01
5.219899999999999540e-01,1.776906991409201719e-01
5.221301999999999888e-01,1.776835237490590469e-01
5.222704000000000235e-01,1.776763567537583688e-01
5.224106000000000583e-01,1.776691981451921087e-01
5.225508000000000930e-01,1.776620479135464503e-01
5.226910000000001277e-01,1.776549060490187903e-01
5.228312000000001625e-01,1.776477725418181830e-01
5.229714000000001972e-01,1.776406473821646737e-01
5.231116000000002320e-01,1.776335305602902981e-01
5.232518000000002667e-01,1.776264220664381943e-01
5.233920000000003014e-01,1.776193218908631577e-01
5.235322000000003362e-01,1.776122300238308638e-01
5.236724000000003709e-01,1.776051464556190895e-01
5.238126000000004057e-01,1.775980711765164921e-01
5.239528000000004404e-01,1.775910041768234970e-01
5.240000000000000213e-01,1.775886259252263955e-01
5.241404000000000618e-01,1.775816220209925911e-01
5.242808000000001023e-01,1.775746262521955554e-01
5.244212000000001428e-01,1.775676386093855141e-01
5.245616000000001833e-01,1.775606590831235732e-01
5.247020000000002238e-01,1.775536876639820516e-01
5.248424000000002643e-01,1.775467243425439268e-01
5.249828000000003048e-01,1.775397691094032782e-01
5.251232000000003453e-01,1.775328219551651765e-01
5.252636000000003857e-01,1.775258828704453506e-01
5.254040000000004262e-01,1.775189518458707427e-01
5.255444000000004667e-01,1.775120288720789530e-01
5.256848000000005072e-01,1.775051139397185729e-01
5.258252000000005477e-01,1.774982070394489631e-01
5.259656000000005882e-01,1.774913081619404753e-01
5.260200000000000431e-01,1.774886362964963604e-01
5.261602000000000778e-01,1.774817638334301728e-01
5.263004000000001126e-01,1.774748993353949533e-01
5.264406000000001473e-01,1.774680427931590865e-01
5.265808000000001821e-01,1.774611941975022811e-01
5.267210000000002168e-01,1.774543535392146820e-01
5.268612000000002515e-01,1.774475208090967593e-01
5.270014000000002863e-01,1.774406959979601961e-01
5.271416000000003210e-01,1.774338790966268897e-01
5.272818000000003558e-01,1.774270700959296176e-01
5.274220000000003905e-01,1.774202689867118155e-01
5.275622000000004252e-01,1.774134757598272438e-01
5.277024000000004600e-01,1.774066904061405436e-01
5.278426000000004947e-01,1.773999129165270139e-01
5.279828000000005295e-01,1.773931432818721676e-01
5.280299999999999994e-01,1.773908650936719678e-01
5.281704000000000399e-01,1.773841801346919267e-01
5.283108000000000803e-01,1.773775028383893781e-01
5.284512000000001208e-01,1.773708331959812368e-01
5.285916000000001613e-01,1.773641711986939651e-01
5.287320000000002018e-01,1.773575168377644617e-01
5.288724000000002423e-01,1.773508701044395064e-01
5.290128000000002828e-01,1.773442309899756486e-01
5.291532000000003233e-01,1.773375994856399851e-01
5.292936000000003638e-01,1.773309755827092715e-01
5.294340000000004043e-01,1.773243592724702555e-01
5.295744000000004448e-01,1.773177505462200099e-01
5.297148000000004853e-01,1.773111493952650441e-01
5.298552000000005258e-01,1.773045558109224151e-01
5.299956000000005663e-01,1.772979697845186164e-01
5.300500000000000211e-01,1.772954190679912889e-01
5.301890000000000214e-01,1.772887394746838208e-01
5.303280000000000216e-01,1.772820676590469713e-01
5.304670000000000218e-01,1.772754036120244292e-01
5.306060000000000221e-01,1.772687473245705414e-01
5.307450000000000223e-01,1.772620987876500909e-01
5.308840000000000225e-01,1.772554579922385187e-01
5.310230000000000228e-01,1.772488249293214801e-01
5.311620000000000230e-01,1.772421995898955105e-01
5.313010000000000232e-01,1.772355819649672481e-01
5.314400000000000235e-01,1.772289720455541007e-01
5.315790000000000237e-01,1.772223698226838007e-01
5.317180000000000240e-01,1.772157752873945169e-01
5.318570000000000242e-01,1.772091884307348542e-01
5.319960000000000244e-01,1.772026092437639644e-01
5.320000000000000284e-01,1.772024199209937256e-01
5.321402000000000632e-01,1.771960622152267684e-01
5.322804000000000979e-01,1.771897116716970588e-01
5.324206000000001326e-01,1.771833682823359402e-01
5.325608000000001674e-01,1.771770320390839704e-01
5.327010000000002021e-01,1.771707029338908113e-01
5.328412000000002369e-01,1.771643809587150065e-01
5.329814000000002716e-01,1.771580661055243144e-01
5.331216000000003064e-01,1.771517583662954864e-01
5.332618000000003411e-01,1.771454577330143776e-01
5.334020000000003758e-01,1.771391641976757247e-01
5.335422000000004106e-01,1.771328777522834796e-01
5.336824000000004453e-01,1.771265983888504758e-01
5.338226000000004801e-01,1.771203260993985396e-01
5.339628000000005148e-01,1.771140608759586010e-01
5.340099999999999847e-01,1.771119524144255664e-01
5.341504000000000252e-01,1.771058001388003955e-01
5.342908000000000657e-01,1.770996546793022208e-01
5.344312000000001062e-01,1.770935160283794163e-01
5.345716000000001467e-01,1.770873841784887937e-01
5.347120000000001871e-01,1.770812591220953802e-01
5.348524000000002276e-01,1.770751408516727521e-01
5.349928000000002681e-01,1.770690293597027010e-01
5.351332000000003086e-01,1.770629246386752342e-01
5.352736000000003491e-01,1.770568266810889080e-01
5.354140000000003896e-01,1.770507354794503829e-01
5.355544000000004301e-01,1.770446510262747575e-01
5.356948000000004706e-01,1.770385733140854567e-01
5.358352000000005111e-01,1.770325023354141214e-01
5.359756000000005516e-01,1.770264380828006079e-01
5.360300000000000065e-01,1.770240894102166340e-01
5.361702000000000412e-01,1.770180986853474581e-01
5.363104000000000759e-01,1.770121145272418595e-01
5.364506000000001107e-01,1.770061369287014852e-01
5.365908000000001454e-01,1.770001658825361979e-01
5.367310000000001802e-01,1.769942013815634096e-01
5.368712000000002149e-01,1.769882434186087483e-01
5.370114000000002497e-01,1.769822919865053912e-01
5.371516000000002844e-01,1.769763470780946202e-01
5.372918000000003191e-01,1.769704086862253778e-01
5.374320000000003539e-01,1.769644768037546001e-01
5.375722000000003886e-01,1.769585514235468837e-01
5.377124000000004234e-01,1.769526325384748189e-01
5.378526000000004581e-01,1.769467201414186563e-01
5.379928000000004928e-01,1.769408142252666405e-01
5.380399999999999627e-01,1.769388266625278039e-01
5.381789999999999630e-01,1.769328880496017220e-01
5.383179999999999632e-01,1.769269559919594004e-01
5.384569999999999634e-01,1.769210304823647384e-01
5.385959999999999637e-01,1.769151115135898511e-01
5.387349999999999639e-01,1.769091990784146251e-01
5.388739999999999641e-01,1.769032931696270516e-01
5.390129999999999644e-01,1.768973937800231155e-01
5.391519999999999646e-01,1.768915009024065732e-01
5.392909999999999648e-01,1.768856145295892857e-01
5.394299999999999651e-01,1.768797346543908855e-01
5.395689999999999653e-01,1.768738612696391099e-01
5.397079999999999655e-01,1.768679943681695788e-01
5.398469999999999658e-01,1.768621339428256833e-01
5.399859999999999660e-01,1.768562799864589197e-01
5.399899999999999700e-01,1.768561115326398037e-01
5.401304000000000105e-01,1.768504902487642028e-01
5.402708000000000510e-01,1.768448749300404188e-01
5.404112000000000915e-01,1.768392655701382932e-01
5.405516000000001320e-01,1.768336621627345506e-01
5.406920000000001725e-01,1.768280647015124663e-01
5.408324000000002130e-01,1.768224731801621985e-01
5.409728000000002535e-01,1.768168875923805672e-01
5.411132000000002940e-01,1.768113079318709424e-01
5.412536000000003344e-01,1.768057341923434667e-01
5.413940000000003749e-01,1.768001663675150548e-01
5.415344000000004154e-01,1.767946044511090609e-01
5.416748000000004559e-01,1.767890484368557225e-01
5.418152000000004964e-01,1.767834983184917164e-01
5.419556000000005369e-01,1.767779540897606028e-01
5.420099999999999918e-01,1.767758067824102275e-01
5.421502000000000265e-01,1.767703232346077291e-01
5.422904000000000613e-01,1.767648454505924560e-01
5.424306000000000960e-01,1.767593734243059211e-01
5.425708000000001308e-01,1.767539071496961878e-01
5.427110000000001655e-01,1.767484466207176474e-01
5.428512000000002002e-01,1.767429918313310200e-01
5.429914000000002350e-01,1.767375427755033535e-01
5.431316000000002697e-01,1.767320994472081352e-01
5.432718000000003045e-01,1.767266618404250700e-01
5.434120000000003392e-01,1.767212299491403016e-01
5.435522000000003739e-01,1.767158037673461912e-01
5.436924000000004087e-01,1.767103832890415394e-01
5.438326000000004434e-01,1.767049685082312527e-01
5.439728000000004782e-01,1.766995594189267882e-01
5.440199999999999481e-01,1.766977390294356409e-01
5.441603999999999886e-01,1.766924159914385895e-01
5.443008000000000290e-01,1.766870984672518352e-01
5.444412000000000695e-01,1.766817864511640579e-01
5.445816000000001100e-01,1.766764799374697104e-01
5.447220000000001505e-01,1.766711789204692407e-01
5.448624000000001910e-01,1.766658833944689810e-01
5.450028000000002315e-01,1.766605933537810369e-01
5.451432000000002720e-01,1.766553087927236199e-01
5.452836000000003125e-01,1.766500297056207147e-01
5.454240000000003530e-01,1.766447560868020794e-01
5.455644000000003935e-01,1.766394879306034671e-01
5.457048000000004340e-01,1.766342252313666261e-01
5.458452000000004745e-01,1.766289679834388560e-01
5.459856000000005150e-01,1.766237161811735623e-01
5.460399999999999698e-01,1.766216821120474290e-01
5.461789999999999701e-01,1.766163517747724176e-01
5.463179999999999703e-01,1.766110270494993806e-01
5.464569999999999705e-01,1.766057079303197108e-01
5.465959999999999708e-01,1.766003944113311297e-01
5.467349999999999710e-01,1.765950864866375758e-01
5.468739999999999712e-01,1.765897841503490939e-01
5.470129999999999715e-01,1.765844873965820572e-01
5.471519999999999717e-01,1.765791962194588338e-01
5.472909999999999719e-01,1.765739106131081204e-01
5.474299999999999722e-01,1.765686305716648308e-01
5.475689999999999724e-01,1.765633560892699849e-01
5.477079999999999727e-01,1.765580871600707091e-01
5.478469999999999729e-01,1.765528237782204579e-01
5.479859999999999731e-01,1.765475659378786810e-01
5.479899999999999771e-01,1.765474146377095099e-01
5.481302000000000119e-01,1.765423088156511389e-01
5.482704000000000466e-01,1.765372082194526238e-01
5.484106000000000813e-01,1.765321128437647991e-01
5.485508000000001161e-01,1.765270226832447165e-01
5.486910000000001508e-01,1.765219377325544237e-01
5.488312000000001856e-01,1.765168579863616305e-01
5.489714000000002203e-01,1.765117834393397089e-01
5.491116000000002551e-01,1.765067140861669159e-01
5.492518000000002898e-01,1.765016499215276147e-01
5.493920000000003245e-01,1.764965909401110533e-01
5.495322000000003593e-01,1.764915371366122532e-01
5.496724000000003940e-01,1.764864885057316757e-01
5.498126000000004288e-01,1.764814450421747782e-01
5.499528000000004635e-01,1.764764067406531245e-01
5.500000000000000444e-01,1.764747111213015307e-01
5.501404000000000849e-01,1.764697205783711809e-01
5.502808000000001254e-01,1.764647351018235888e-01
5.504212000000001659e-01,1.764597546865156463e-01
5.505616000000002064e-01,1.764547793273089082e-01
5.507020000000002469e-01,1.764498090190707025e-01
5.508424000000002874e-01,1.764448437566732419e-01
5.509828000000003279e-01,1.764398835349937356e-01
5.511232000000003683e-01,1.764349283489152764e-01
5.512636000000004088e-01,1.764299781933255096e-01
5.514040000000004493e-01,1.764250330631174091e-01
5.515444000000004898e-01,1.764200929531895001e-01
5.516848000000005303e-01,1.764151578584448599e-01
5.518252000000005708e-01,1.764102277737924496e-01
5.519656000000006113e-01,1.764053026941458935e-01
5.520199999999999552e-01,1.764033951522765431e-01
5.521601999999999899e-01,1.763984747237347106e-01
5.523004000000000246e-01,1.763935592927169393e-01
5.524406000000000594e-01,1.763886488541475117e-01
5.525808000000000941e-01,1.763837434029557061e-01
5.527210000000001289e-01,1.763788429340760189e-01
5.528612000000001636e-01,1.763739474424481646e-01
5.530014000000001984e-01,1.763690569230167426e-01
5.531416000000002331e-01,1.763641713707317926e-01
5.532818000000002678e-01,1.763592907805482390e-01
5.534220000000003026e-01,1.763544151474263355e-01
5.535622000000003373e-01,1.763495444663312206e-01
5.537024000000003721e-01,1.763446787322333620e-01
5.538426000000004068e-01,1.763398179401082233e-01
5.539828000000004415e-01,1.763349620849363752e-01
5.540300000000000225e-01,1.763333278628209655e-01
5.541704000000000629e-01,1.763285071802559445e-01
5.543108000000001034e-01,1.763236913650486626e-01
5.544512000000001439e-01,1.763188804122846065e-01
5.545916000000001844e-01,1.763140743170542590e-01
5.547320000000002249e-01,1.763092730744530989e-01
5.548724000000002654e-01,1.763044766795816010e-01
5.550128000000003059e-01,1.762996851275449028e-01
5.551532000000003464e-01,1.762948984134533603e-01
5.552936000000003869e-01,1.762901165324221031e-01
5.554340000000004274e-01,1.762853394795713680e-01
5.555744000000004679e-01,1.762805672500262766e-01
5.557148000000005084e-01,1.762757998389167247e-01
5.558552000000005489e-01,1.762710372413777149e-01
5.559956000000005893e-01,1.762662794525490240e-01
5.560500000000000442e-01,1.762644367004575496e-01
5.561890000000000445e-01,1.762595747189826811e-01
5.563280000000000447e-01,1.762547177611065718e-01
5.564670000000000449e-01,1.762498658216382630e-01
5.566060000000000452e-01,1.762450188953927910e-01
5.567450000000000454e-01,1.762401769771904103e-01
5.568840000000000456e-01,1.762353400618562604e-01
5.570230000000000459e-01,1.762305081442213650e-01
5.571620000000000461e-01,1.762256812191220767e-01
5.573010000000000463e-01,1.762208592813995223e-01
5.574400000000000466e-01,1.762160423259007125e-01
5.575790000000000468e-01,1.762112303474779873e-01
5.577180000000000470e-01,1.762064233409884606e-01
5.578570000000000473e-01,1.762016213012951305e-01
5.579960000000000475e-01,1.761968242232663240e-01
5.580000000000000515e-01,1.761966861819642682e-01
5.581402000000000863e-01,1.761920096961350213e-01
5.582804000000001210e-01,1.761873379257864469e-01
5.584206000000001557e-01,1.761826708661640151e-01
5.585608000000001905e-01,1.761780085125176365e-01
5.587010000000002252e-01,1.761733508601018849e-01
5.588412000000002600e-01,1.761686979041766632e-01
5.589814000000002947e-01,1.761640496400062039e-01
5.591216000000003294e-01,1.761594060628594027e-01
5.592618000000003642e-01,1.761547671680104843e-01
5.594020000000003989e-01,1.761501329507380031e-01
5.595422000000004337e-01,1.761455034063251768e-01
5.596824000000004684e-01,1.761408785300604407e-01
5.598226000000005032e-01,1.761362583172366714e-01
5.599628000000005379e-01,1.761316427631512971e-01
5.600100000000000078e-01,1.761300894097380665e-01
5.601504000000000483e-01,1.761255119834623795e-01
5.602908000000000888e-01,1.761209391408309344e-01
5.604312000000001293e-01,1.761163708772542913e-01
5.605716000000001698e-01,1.761118071881468961e-01
5.607120000000002102e-01,1.761072480689279685e-01
5.608524000000002507e-01,1.761026935150217243e-01
5.609928000000002912e-01,1.760981435218564872e-01
5.611332000000003317e-01,1.760935980848652438e-01
5.612736000000003722e-01,1.760890571994858655e-01
5.614140000000004127e-01,1.760845208611603319e-01
5.615544000000004532e-01,1.760799890653353961e-01
5.616948000000004937e-01,1.760754618074625855e-01
5.618352000000005342e-01,1.760709390829976462e-01
5.619756000000005747e-01,1.760664208874009873e-01
5.620300000000000296e-01,1.760646709271607158e-01
5.621702000000000643e-01,1.760601614320185249e-01
5.623104000000000990e-01,1.760556564500715959e-01
5.624506000000001338e-01,1.760511559768030976e-01
5.625908000000001685e-01,1.760466600077005284e-01
5.627310000000002033e-01,1.760421685382560497e-01
5.628712000000002380e-01,1.760376815639663750e-01
5.630114000000002727e-01,1.760331990803326585e-01
5.631516000000003075e-01,1.760287210828604954e-01
5.632918000000003422e-01,1.760242475670601436e-01
5.634320000000003770e-01,1.760197785284461913e-01
5.635722000000004117e-01,1.760153139625377783e-01
5.637124000000004465e-01,1.760108538648584853e-01
5.638526000000004812e-01,1.760063982309365560e-01
5.639928000000005159e-01,1.760019470563044530e-01
5.640399999999999858e-01,1.760004490205950844e-01
5.641791999999999918e-01,1.759959451926180751e-01
5.643183999999999978e-01,1.759914459315932156e-01
5.644576000000000038e-01,1.759869512328898766e-01
5.645968000000000098e-01,1.759824610918816479e-01
5.647360000000000158e-01,1.759779755039467819e-01
5.648752000000000217e-01,1.759734944644686383e-01
5.650144000000000277e-01,1.759690179688349065e-01
5.651536000000000337e-01,1.759645460124379390e-01
5.652928000000000397e-01,1.759600785906751952e-01
5.654320000000000457e-01,1.759556156989481313e-01
5.655712000000000517e-01,1.759511573326635325e-01
5.657104000000000577e-01,1.759467034872324032e-01
5.658496000000000636e-01,1.759422541580702992e-01
5.659888000000000696e-01,1.759378093405979948e-01
5.659999999999999476e-01,1.759374517408113237e-01
5.661401999999999823e-01,1.759331167528371820e-01
5.662804000000000171e-01,1.759287860566941530e-01
5.664206000000000518e-01,1.759244596481330802e-01
5.665608000000000866e-01,1.759201375229090258e-01
5.667010000000001213e-01,1.759158196767813820e-01
5.668412000000001560e-01,1.759115061055135376e-01
5.669814000000001908e-01,1.759071968048733225e-01
5.671216000000002255e-01,1.759028917706325634e-01
5.672618000000002603e-01,1.758985909985673057e-01
5.674020000000002950e-01,1.758942944844578138e-01
5.675422000000003298e-01,1.758900022240885708e-01
5.676824000000003645e-01,1.758857142132481677e-01
5.678226000000003992e-01,1.758814304477293033e-01
5.679628000000004340e-01,1.758771509233290065e-01
5.680100000000000149e-01,1.758757106509971635e-01
5.681502000000000496e-01,1.758714659089578580e-01
5.682904000000000844e-01,1.758672253407689290e-01
5.684306000000001191e-01,1.758629889423261039e-01
5.685708000000001539e-01,1.758587567095295512e-01
5.687110000000001886e-01,1.758545286382829920e-01
5.688512000000002233e-01,1.758503047244944772e-01
5.689914000000002581e-01,1.758460849640759438e-01
5.691316000000002928e-01,1.758418693529433252e-01
5.692718000000003276e-01,1.758376578870165519e-01
5.694120000000003623e-01,1.758334505622199950e-01
5.695522000000003970e-01,1.758292473744814677e-01
5.696924000000004318e-01,1.758250483197330016e-01
5.698326000000004665e-01,1.758208533939106255e-01
5.699728000000005013e-01,1.758166625929544757e-01
5.700199999999999712e-01,1.758152521772562427e-01
5.701604000000000116e-01,1.758111149091554637e-01
5.703008000000000521e-01,1.758069816625448256e-01
5.704412000000000926e-01,1.758028524335153442e-01
5.705816000000001331e-01,1.757987272181619209e-01
5.707220000000001736e-01,1.757946060125831211e-01
5.708624000000002141e-01,1.757904888128813958e-01
5.710028000000002546e-01,1.757863756151630819e-01
5.711432000000002951e-01,1.757822664155380687e-01
5.712836000000003356e-01,1.757781612101201318e-01
5.714240000000003761e-01,1.757740599950269322e-01
5.715644000000004166e-01,1.757699627663797948e-01
5.717048000000004571e-01,1.757658695203038191e-01
5.718452000000004976e-01,1.757617802529278794e-01
5.719856000000005380e-01,1.757576949603844030e-01
5.720399999999999929e-01,1.757561126515228000e-01
5.721789999999999932e-01,1.757519656112044304e-01
5.723179999999999934e-01,1.757478226683273359e-01
5.724569999999999936e-01,1.757436838188429773e-01
5.725959999999999939e-01,1.757395490587070341e-01
5.727349999999999941e-01,1.757354183838790718e-01
5.728739999999999943e-01,1.757312917903225413e-01
5.730129999999999946e-01,1.757271692740051128e-01
5.731519999999999948e-01,1.757230508308982309e-01
5.732909999999999950e-01,1.757189364569774481e-01
5.734299999999999953e-01,1.757148261482222029e-01
5.735689999999999955e-01,1.757107199006159304e-01
5.737079999999999957e-01,1.757066177101460624e-01
5.738469999999999960e-01,1.757025195728040279e-01
5.739859999999999962e-01,1.756984254845851412e-01
5.739900000000000002e-01,1.756983076724498716e-01
5.741304000000000407e-01,1.756943574305811495e-01
5.742708000000000812e-01,1.756904109584084273e-01
5.744112000000001217e-01,1.756864682523343602e-01
5.745516000000001622e-01,1.756825293087649342e-01
5.746920000000002027e-01,1.756785941241095772e-01
5.748324000000002432e-01,1.756746626947812695e-01
5.749728000000002837e-01,1.756707350171962112e-01
5.751132000000003242e-01,1.756668110877741551e-01
5.752536000000003646e-01,1.756628909029382957e-01
5.753940000000004051e-01,1.756589744591151581e-01
5.755344000000004456e-01,1.756550617527347091e-01
5.756748000000004861e-01,1.756511527802303574e-01
5.758152000000005266e-01,1.756472475380388421e-01
5.759556000000005671e-01,1.756433460226004550e-01
5.760100000000000220e-01,1.756418348835963039e-01
5.761502000000000567e-01,1.756379637529931204e-01
5.762904000000000915e-01,1.756340962926793425e-01
5.764306000000001262e-01,1.756302324991750874e-01
5.765708000000001610e-01,1.756263723690038026e-01
5.767110000000001957e-01,1.756225158986921553e-01
5.768512000000002304e-01,1.756186630847702546e-01
5.769914000000002652e-01,1.756148139237714290e-01
5.771316000000002999e-01,1.756109684122321157e-01
5.772718000000003347e-01,1.756071265466923048e-01
5.774120000000003694e-01,1.756032883236950948e-01
5.775522000000004041e-01,1.755994537397870259e-01
5.776924000000004389e-01,1.755956227915177470e-01
5.778326000000004736e-01,1.755917954754403487e-01
5.779728000000005084e-01,1.755879717881109192e-01
5.780199999999999783e-01,1.755866849093808968e-01
5.781602000000000130e-01,1.755829038393788011e-01
5.783004000000000477e-01,1.755791263188200002e-01
5.784406000000000825e-01,1.755753523443724928e-01
5.785808000000001172e-01,1.755715819127073862e-01
5.787210000000001520e-01,1.755678150204988963e-01
5.788612000000001867e-01,1.755640516644244586e-01
5.790014000000002214e-01,1.755602918411645064e-01
5.791416000000002562e-01,1.755565355474026923e-01
5.792818000000002909e-01,1.755527827798256668e-01
5.794220000000003257e-01,1.755490335351233000e-01
5.795622000000003604e-01,1.755452878099884595e-01
5.797024000000003952e-01,1.755415456011173436e-01
5.798426000000004299e-01,1.755378069052089263e-01
5.799828000000004646e-01,1.755340717189655120e-01
5.800300000000000455e-01,1.755328146216889040e-01
5.801692000000000515e-01,1.755290521819359295e-01
5.803084000000000575e-01,1.755252933043772723e-01
5.804476000000000635e-01,1.755215379856404079e-01
5.805868000000000695e-01,1.755177862223559204e-01
5.807260000000000755e-01,1.755140380111575027e-01
5.808652000000000815e-01,1.755102933486821781e-01
5.810044000000000874e-01,1.755065522315700788e-01
5.811436000000000934e-01,1.755028146564645564e-01
5.812828000000000994e-01,1.754990806200120712e-01
5.814220000000001054e-01,1.754953501188624143e-01
5.815612000000001114e-01,1.754916231496683743e-01
5.817004000000001174e-01,1.754878997090859594e-01
5.818396000000001234e-01,1.754841797937743975e-01
5.819788000000001293e-01,1.754804634003959141e-01
5.819900000000000073e-01,1.754801644030374863e-01
5.821302000000000421e-01,1.754765505286584037e-01
5.822704000000000768e-01,1.754729399848371507e-01
5.824106000000001115e-01,1.754693327685042936e-01
5.825508000000001463e-01,1.754657288765930634e-01
5.826910000000001810e-01,1.754621283060397996e-01
5.828312000000002158e-01,1.754585310537835063e-01
5.829714000000002505e-01,1.754549371167659633e-01
5.831116000000002852e-01,1.754513464919318366e-01
5.832518000000003200e-01,1.754477591762286792e-01
5.833920000000003547e-01,1.754441751666067084e-01
5.835322000000003895e-01,1.754405944600191392e-01
5.836724000000004242e-01,1.754370170534217399e-01
5.838126000000004590e-01,1.754334429437733878e-01
5.839528000000004937e-01,1.754298721280355133e-01
5.839999999999999636e-01,1.754286703436034323e-01
5.841404000000000041e-01,1.754251445772471163e-01
5.842808000000000446e-01,1.754216220232109880e-01
5.844212000000000851e-01,1.754181026785682773e-01
5.845616000000001256e-01,1.754145865403948790e-01
5.847020000000001660e-01,1.754110736057694631e-01
5.848424000000002065e-01,1.754075638717732533e-01
5.849828000000002470e-01,1.754040573354901378e-01
5.851232000000002875e-01,1.754005539940066694e-01
5.852636000000003280e-01,1.753970538444120653e-01
5.854040000000003685e-01,1.753935568837982073e-01
5.855444000000004090e-01,1.753900631092596418e-01
5.856848000000004495e-01,1.753865725178935797e-01
5.858252000000004900e-01,1.753830851067997854e-01
5.859656000000005305e-01,1.753796008730806877e-01
5.860199999999999854e-01,1.753782513334435356e-01
5.861602000000000201e-01,1.753747832765956138e-01
5.863004000000000548e-01,1.753713183687989341e-01
5.864406000000000896e-01,1.753678566071940059e-01
5.865808000000001243e-01,1.753643979889242255e-01
5.867210000000001591e-01,1.753609425111350983e-01
5.868612000000001938e-01,1.753574901709752387e-01
5.870014000000002286e-01,1.753540409655955923e-01
5.871416000000002633e-01,1.753505948921496582e-01
5.872818000000002980e-01,1.753471519477937113e-01
5.874220000000003328e-01,1.753437121296865797e-01
5.875622000000003675e-01,1.753402754349892012e-01
5.877024000000004023e-01,1.753368418608657331e-01
5.878426000000004370e-01,1.753334114044825531e-01
5.879828000000004717e-01,1.753299840630087036e-01
5.880300000000000527e-01,1.753288305606163222e-01
5.881702000000000874e-01,1.753254277735772915e-01
5.883104000000001221e-01,1.753220280579147472e-01
5.884506000000001569e-01,1.753186314108565735e-01
5.885908000000001916e-01,1.753152378296329861e-01
5.887310000000002264e-01,1.753118473114766429e-01
5.888712000000002611e-01,1.753084598536228667e-01
5.890114000000002958e-01,1.753050754533095335e-01
5.891516000000003306e-01,1.753016941077767399e-01
5.892918000000003653e-01,1.752983158142672471e-01
5.894320000000004001e-01,1.752949405700262586e-01
5.895722000000004348e-01,1.752915683723015317e-01
5.897124000000004695e-01,1.752881992183432658e-01
5.898526000000005043e-01,1.752848331054041031e-01
5.899928000000005390e-01,1.752814700307392393e-01
5.900400000000000089e-01,1.752803381558509788e-01
5.901792000000000149e-01,1.752769357245191895e-01
5.903184000000000209e-01,1.752735364039350596e-01
5.904576000000000269e-01,1.752701401912541979e-01
5.905968000000000329e-01,1.752667470836354324e-01
5.907360000000000388e-01,1.752633570782399230e-01
5.908752000000000448e-01,1.752599701722310499e-01
5.910144000000000508e-01,1.752565863627754128e-01
5.911536000000000568e-01,1.752532056470418320e-01
5.912928000000000628e-01,1.752498280222020144e-01
5.914320000000000688e-01,1.752464534854296652e-01
5.915712000000000748e-01,1.752430820339017092e-01
5.917104000000000807e-01,1.752397136647974030e-01
5.918496000000000867e-01,1.752363483752983342e-01
5.919888000000000927e-01,1.752329861625890883e-01
5.919999999999999707e-01,1.752327156596443780e-01
5.921402000000000054e-01,1.752294324322165586e-01
5.922804000000000402e-01,1.752261521389322230e-01
5.924206000000000749e-01,1.752228747771694684e-01
5.925608000000001097e-01,1.752196003443081684e-01
5.927010000000001444e-01,1.752163288377311945e-01
5.928412000000001791e-01,1.752130602548231941e-01
5.929814000000002139e-01,1.752097945929711464e-01
5.931216000000002486e-01,1.752065318495649171e-01
5.932618000000002834e-01,1.752032720219960371e-01
5.934020000000003181e-01,1.752000151076590351e-01
5.935422000000003528e-01,1.751967611039502160e-01
5.936824000000003876e-01,1.751935100082683272e-01
5.938226000000004223e-01,1.751902618180148918e-01
5.939628000000004571e-01,1.751870165305930982e-01
5.940100000000000380e-01,1.751859242948375917e-01
5.941504000000000785e-01,1.751827086253804344e-01
5.942908000000001190e-01,1.751794958068699781e-01
5.944312000000001595e-01,1.751762858367785780e-01
5.945716000000001999e-01,1.751730787125808098e-01
5.947120000000002404e-01,1.751698744317536915e-01
5.948524000000002809e-01,1.751666729917762400e-01
5.949928000000003214e-01,1.751634743901299140e-01
5.951332000000003619e-01,1.751602786242982823e-01
5.952736000000004024e-01,1.751570856917671337e-01
5.954140000000004429e-01,1.751538955900244776e-01
5.955544000000004834e-01,1.751507083165606549e-01
5.956948000000005239e-01,1.751475238688682268e-01
5.958352000000005644e-01,1.751443422444418641e-01
5.959756000000006049e-01,1.751411634407784579e-01
5.960299999999999487e-01,1.751399321908960749e-01
5.961701999999999835e-01,1.751367601943362162e-01
5.963104000000000182e-01,1.751335910074371949e-01
5.964506000000000530e-01,1.751304246277103349e-01
5.965908000000000877e-01,1.751272610526691809e-01
5.967310000000001224e-01,1.751241002798292756e-01
5.968712000000001572e-01,1.751209423067086046e-01
5.970114000000001919e-01,1.751177871308272627e-01
5.971516000000002267e-01,1.751146347497074540e-01
5.972918000000002614e-01,1.751114851608738254e-01
5.974320000000002961e-01,1.751083383618529110e-01
5.975722000000003309e-01,1.751051943501735764e-01
5.977124000000003656e-01,1.751020531233669075e-01
5.978526000000004004e-01,1.750989146789662110e-01
5.979928000000004351e-01,1.750957790145067916e-01
5.980400000000000160e-01,1.750947236707038890e-01
5.981790000000000163e-01,1.750915377626932612e-01
5.983180000000000165e-01,1.750883547252816141e-01
5.984570000000000167e-01,1.750851745558823502e-01
5.985960000000000170e-01,1.750819972519116474e-01
5.987350000000000172e-01,1.750788228107874600e-01
5.988740000000000174e-01,1.750756512299302958e-01
5.990130000000000177e-01,1.750724825067629942e-01
5.991520000000000179e-01,1.750693166387106148e-01
5.992910000000000181e-01,1.750661536232005489e-01
5.994300000000000184e-01,1.750629934576628521e-01
5.995690000000000186e-01,1.750598361395294678e-01
5.997080000000000188e-01,1.750566816662346703e-01
5.998470000000000191e-01,1.750535300352152879e-01
5.999860000000000193e-01,1.750503812439103690e-01
5.999900000000000233e-01,1.750502906335624775e-01
6.001304000000000638e-01,1.750472375462086561e-01
6.002708000000001043e-01,1.750441871286420037e-01
6.004112000000001448e-01,1.750411393785279435e-01
6.005516000000001853e-01,1.750380942935338968e-01
6.006920000000002258e-01,1.750350518713293946e-01
6.008324000000002663e-01,1.750320121095858550e-01
6.009728000000003068e-01,1.750289750059768057e-01
6.011132000000003472e-01,1.750259405581778838e-01
6.012536000000003877e-01,1.750229087638667247e-01
6.013940000000004282e-01,1.750198796207229623e-01
6.015344000000004687e-01,1.750168531264282290e-01
6.016748000000005092e-01,1.750138292786662664e-01
6.018152000000005497e-01,1.750108080751228146e-01
6.019556000000005902e-01,1.750077895134856121e-01
6.020100000000000451e-01,1.750066203248410446e-01
6.021502000000000798e-01,1.750036099472139783e-01
6.022904000000001146e-01,1.750006021980780035e-01
6.024306000000001493e-01,1.749975970751380672e-01
6.025708000000001840e-01,1.749945945761011146e-01
6.027110000000002188e-01,1.749915946986759785e-01
6.028512000000002535e-01,1.749885974405739342e-01
6.029914000000002883e-01,1.749856027995077001e-01
6.031316000000003230e-01,1.749826107731923264e-01
6.032718000000003578e-01,1.749796213593447503e-01
6.034120000000003925e-01,1.749766345556837965e-01
6.035522000000004272e-01,1.749736503599305104e-01
6.036924000000004620e-01,1.749706687698078245e-01
6.038326000000004967e-01,1.749676897830405586e-01
6.039728000000005315e-01,1.749647133973557533e-01
6.040200000000000014e-01,1.749637116563846906e-01
6.041602000000000361e-01,1.749607552092651286e-01
6.043004000000000708e-01,1.749578013292508727e-01
6.044406000000001056e-01,1.749548500141127061e-01
6.045808000000001403e-01,1.749519012616238545e-01
6.047210000000001751e-01,1.749489550695588758e-01
6.048612000000002098e-01,1.749460114356946594e-01
6.050014000000002445e-01,1.749430703578097601e-01
6.051416000000002793e-01,1.749401318336850641e-01
6.052818000000003140e-01,1.749371958611029010e-01
6.054220000000003488e-01,1.749342624378478206e-01
6.055622000000003835e-01,1.749313315617062603e-01
6.057024000000004182e-01,1.749284032304663228e-01
6.058426000000004530e-01,1.749254774419185532e-01
6.059828000000004877e-01,1.749225541938550510e-01
6.060299999999999576e-01,1.749215703354314311e-01
6.061691999999999636e-01,1.749186148850303546e-01
6.063083999999999696e-01,1.749156620321532518e-01
6.064475999999999756e-01,1.749127117745170601e-01
6.065867999999999816e-01,1.749097641098409373e-01
6.067259999999999875e-01,1.749068190358459285e-01
6.068651999999999935e-01,1.749038765502550774e-01
6.070043999999999995e-01,1.749009366507934260e-01
6.071436000000000055e-01,1.748979993351881257e-01
6.072828000000000115e-01,1.748950646011682153e-01
6.074220000000000175e-01,1.748921324464647320e-01
6.075612000000000235e-01,1.748892028688107114e-01
6.077004000000000294e-01,1.748862758659412986e-01
6.078396000000000354e-01,1.748833514355934149e-01
6.079788000000000414e-01,1.748804295755062022e-01
6.079900000000000304e-01,1.748801944999534008e-01
6.081302000000000652e-01,1.748773459205142933e-01
6.082704000000000999e-01,1.748744997842004434e-01
6.084106000000001346e-01,1.748716560889165272e-01
6.085508000000001694e-01,1.748688148325689973e-01
6.086910000000002041e-01,1.748659760130659713e-01
6.088312000000002389e-01,1.748631396283174544e-01
6.089714000000002736e-01,1.748603056762352281e-01
6.091116000000003083e-01,1.748574741547329614e-01
6.092518000000003431e-01,1.748546450617259884e-01
6.093920000000003778e-01,1.748518183951315308e-01
6.095322000000004126e-01,1.748489941528683644e-01
6.096724000000004473e-01,1.748461723328573747e-01
6.098126000000004820e-01,1.748433529330211122e-01
6.099528000000005168e-01,1.748405359512837931e-01
6.099999999999999867e-01,1.748395878548184568e-01
6.101404000000000272e-01,1.748368032190458221e-01
6.102808000000000677e-01,1.748340209468423057e-01
6.104212000000001082e-01,1.748312410362016234e-01
6.105616000000001486e-01,1.748284634851193786e-01
6.107020000000001891e-01,1.748256882915927291e-01
6.108424000000002296e-01,1.748229154536207197e-01
6.109828000000002701e-01,1.748201449692038389e-01
6.111232000000003106e-01,1.748173768363445735e-01
6.112636000000003511e-01,1.748146110530468533e-01
6.114040000000003916e-01,1.748118476173163849e-01
6.115444000000004321e-01,1.748090865271605399e-01
6.116848000000004726e-01,1.748063277805885773e-01
6.118252000000005131e-01,1.748035713756110887e-01
6.119656000000005536e-01,1.748008173102406637e-01
6.120200000000000085e-01,1.747997505591153411e-01
6.121602000000000432e-01,1.747970098340203560e-01
6.123004000000000779e-01,1.747942714266845776e-01
6.124406000000001127e-01,1.747915353351479073e-01
6.125808000000001474e-01,1.747888015574520226e-01
6.127210000000001822e-01,1.747860700916400445e-01
6.128612000000002169e-01,1.747833409357569812e-01
6.130014000000002516e-01,1.747806140878492842e-01
6.131416000000002864e-01,1.747778895459651816e-01
6.132818000000003211e-01,1.747751673081545665e-01
6.134220000000003559e-01,1.747724473724689975e-01
6.135622000000003906e-01,1.747697297369615876e-01
6.137024000000004254e-01,1.747670143996871150e-01
6.138426000000004601e-01,1.747643013587020233e-01
6.139828000000004948e-01,1.747615906120643103e-01
6.140299999999999647e-01,1.747606782668895686e-01
6.141701999999999995e-01,1.747579905831553315e-01
6.143104000000000342e-01,1.747553051555369441e-01
6.144506000000000689e-01,1.747526219821404769e-01
6.145908000000001037e-01,1.747499410610737769e-01
6.147310000000001384e-01,1.747472623904461342e-01
6.148712000000001732e-01,1.747445859683685043e-01
6.150114000000002079e-01,1.747419117929533972e-01
6.151516000000002427e-01,1.747392398623148768e-01
6.152918000000002774e-01,1.747365701745685618e-01
6.154320000000003121e-01,1.747339027278317358e-01
6.155722000000003469e-01,1.747312375202232371e-01
6.157124000000003816e-01,1.747285745498635690e-01
6.158526000000004164e-01,1.747259138148746782e-01
6.159928000000004511e-01,1.747232553133800659e-01
6.160400000000000320e-01,1.747223605502604693e-01
6.161792000000000380e-01,1.747196769064975896e-01
6.163184000000000440e-01,1.747169955393181873e-01
6.164576000000000500e-01,1.747143164467910292e-01
6.165968000000000560e-01,1.747116396269864369e-01
6.167360000000000619e-01,1.747089650779765080e-01
6.168752000000000679e-01,1.747062927978347835e-01
6.170144000000000739e-01,1.747036227846365808e-01
6.171536000000000799e-01,1.747009550364588826e-01
6.172928000000000859e-01,1.746982895513801148e-01
6.174320000000000919e-01,1.746956263274805909e-01
6.175712000000000979e-01,1.746929653628419565e-01
6.177104000000001038e-01,1.746903066555477446e-01
6.178496000000001098e-01,1.746876502036830425e-01
6.179888000000001158e-01,1.746849960053343809e-01
6.179999999999999938e-01,1.746847824637330904e-01
6.181402000000000285e-01,1.746821973436399889e-01
6.182804000000000633e-01,1.746796143614351982e-01
6.184206000000000980e-01,1.746770335153509102e-01
6.185608000000001327e-01,1.746744548036204270e-01
6.187010000000001675e-01,1.746718782244786050e-01
6.188412000000002022e-01,1.746693037761619660e-01
6.189814000000002370e-01,1.746667314569080309e-01
6.191216000000002717e-01,1.746641612649564301e-01
6.192618000000003065e-01,1.746615931985476822e-01
6.194020000000003412e-01,1.746590272559238599e-01
6.195422000000003759e-01,1.746564634353289236e-01
6.196824000000004107e-01,1.746539017350077216e-01
6.198226000000004454e-01,1.746513421532066568e-01
6.199628000000004802e-01,1.746487846881741302e-01
6.200099999999999500e-01,1.746479239269578265e-01
6.201503999999999905e-01,1.746453961787897136e-01
6.202908000000000310e-01,1.746428704990596881e-01
6.204312000000000715e-01,1.746403468860751040e-01
6.205716000000001120e-01,1.746378253381448697e-01
6.207120000000001525e-01,1.746353058535791147e-01
6.208524000000001930e-01,1.746327884306893008e-01
6.209928000000002335e-01,1.746302730677885551e-01
6.211332000000002740e-01,1.746277597631910039e-01
6.212736000000003145e-01,1.746252485152125500e-01
6.214140000000003550e-01,1.746227393221700952e-01
6.215544000000003955e-01,1.746202321823822068e-01
6.216948000000004360e-01,1.746177270941686732e-01
6.218352000000004765e-01,1.746152240558508373e-01
6.219756000000005169e-01,1.746127230657511520e-01
6.220299999999999718e-01,1.746117543285528040e-01
6.221702000000000066e-01,1.746092644571253238e-01
6.223104000000000413e-01,1.746067766163893475e-01
6.224506000000000761e-01,1.746042908046882003e-01
6.225908000000001108e-01,1.746018070203673167e-01
6.227310000000001455e-01,1.745993252617733527e-01
6.228712000000001803e-01,1.745968455272538522e-01
6.230114000000002150e-01,1.745943678151581357e-01
6.231516000000002498e-01,1.745918921238369670e-01
6.232918000000002845e-01,1.745894184516418868e-01
6.234320000000003192e-01,1.745869467969263233e-01
6.235722000000003540e-01,1.745844771580449262e-01
6.237124000000003887e-01,1.745820095333533439e-01
6.238526000000004235e-01,1.745795439212091127e-01
6.239928000000004582e-01,1.745770803199708787e-01
6.240400000000000391e-01,1.745762511471246059e-01
6.241790000000000393e-01,1.745737521788398583e-01
6.243180000000000396e-01,1.745712552801803596e-01
6.244570000000000398e-01,1.745687604494321477e-01
6.245960000000000401e-01,1.745662676848825923e-01
6.247350000000000403e-01,1.745637769848205068e-01
6.248740000000000405e-01,1.745612883475360366e-01
6.250130000000000408e-01,1.745588017713208817e-01
6.251520000000000410e-01,1.745563172544680741e-01
6.252910000000000412e-01,1.745538347952719782e-01
6.254300000000000415e-01,1.745513543920285127e-01
6.255690000000000417e-01,1.745488760430349284e-01
6.257080000000000419e-01,1.745463997465900308e-01
6.258470000000000422e-01,1.745439255009937352e-01
6.259860000000000424e-01,1.745414533045477334e-01
6.259900000000000464e-01,1.745413821639006935e-01
6.261304000000000869e-01,1.745389878233288838e-01
6.262708000000001274e-01,1.745365954049195034e-01
6.264112000000001679e-01,1.745342049071291202e-01
6.265516000000002084e-01,1.745318163284161894e-01
6.266920000000002489e-01,1.745294296672398326e-01
6.268324000000002894e-01,1.745270449220608366e-01
6.269728000000003298e-01,1.745246620913408764e-01
6.271132000000003703e-01,1.745222811735432922e-01
6.272536000000004108e-01,1.745199021671320905e-01
6.273940000000004513e-01,1.745175250705730541e-01
6.275344000000004918e-01,1.745151498823327429e-01
6.276748000000005323e-01,1.745127766008794934e-01
6.278152000000005728e-01,1.745104052246821968e-01
6.279556000000006133e-01,1.745080357522116321e-01
6.280099999999999572e-01,1.745071179517271309e-01
6.281501999999999919e-01,1.745047562579503664e-01
6.282904000000000266e-01,1.745023964560100671e-01
6.284306000000000614e-01,1.745000385443907787e-01
6.285708000000000961e-01,1.744976825215782679e-01
6.287110000000001309e-01,1.744953283860594118e-01
6.288512000000001656e-01,1.744929761363225307e-01
6.289914000000002003e-01,1.744906257708569441e-01
6.291316000000002351e-01,1.744882772881531929e-01
6.292718000000002698e-01,1.744859306867031501e-01
6.294120000000003046e-01,1.744835859649997989e-01
6.295522000000003393e-01,1.744812431215374549e-01
6.296924000000003740e-01,1.744789021548115437e-01
6.298326000000004088e-01,1.744765630633186015e-01
6.299728000000004435e-01,1.744742258455564965e-01
6.300200000000000244e-01,1.744734392056707106e-01
6.301604000000000649e-01,1.744711249842461065e-01
6.303008000000001054e-01,1.744688126003576256e-01
6.304412000000001459e-01,1.744665020525462129e-01
6.305816000000001864e-01,1.744641933393539235e-01
6.307220000000002269e-01,1.744618864593240337e-01
6.308624000000002674e-01,1.744595814110010412e-01
6.310028000000003079e-01,1.744572781929305538e-01
6.311432000000003484e-01,1.744549768036592896e-01
6.312836000000003889e-01,1.744526772417351879e-01
6.314240000000004294e-01,1.744503795057071871e-01
6.315644000000004699e-01,1.744480835941255581e-01
6.317048000000005104e-01,1.744457895055416818e-01
6.318452000000005508e-01,1.744434972385080496e-01
6.319856000000005913e-01,1.744412067915782627e-01
6.320400000000000462e-01,1.744403195981271137e-01
6.321790000000000465e-01,1.744379854050402967e-01
6.323180000000000467e-01,1.744356531028291579e-01
6.324570000000000469e-01,1.744333226899619227e-01
6.325960000000000472e-01,1.744309941649080375e-01
6.327350000000000474e-01,1.744286675261382813e-01
6.328740000000000476e-01,1.744263427721245430e-01
6.330130000000000479e-01,1.744240199013400439e-01
6.331520000000000481e-01,1.744216989122592265e-01
6.332910000000000483e-01,1.744193798033577547e-01
6.334300000000000486e-01,1.744170625731125135e-01
6.335690000000000488e-01,1.744147472200017202e-01
6.337080000000000490e-01,1.744124337425047022e-01
6.338470000000000493e-01,1.744101221391021195e-01
6.339860000000000495e-01,1.744078124082757419e-01
6.339900000000000535e-01,1.744077459427522125e-01
6.341302000000000882e-01,1.744054990862403676e-01
6.342704000000001230e-01,1.744032540017851352e-01
6.344106000000001577e-01,1.744010106879888555e-01
6.345508000000001925e-01,1.743987691434550902e-01
6.346910000000002272e-01,1.743965293667883998e-01
6.348312000000002620e-01,1.743942913565944552e-01
6.349714000000002967e-01,1.743920551114801487e-01
6.351116000000003314e-01,1.743898206300533715e-01
6.352518000000003662e-01,1.743875879109231253e-01
6.353920000000004009e-01,1.743853569526995217e-01
6.355322000000004357e-01,1.743831277539937830e-01
6.356724000000004704e-01,1.743809003134182412e-01
6.358126000000005051e-01,1.743786746295862278e-01
6.359528000000005399e-01,1.743764507011121845e-01
6.360000000000000098e-01,1.743757021880025793e-01
6.361404000000000503e-01,1.743734993790655441e-01
6.362808000000000908e-01,1.743712982927628774e-01
6.364212000000001312e-01,1.743690989277475456e-01
6.365616000000001717e-01,1.743669012826735143e-01
6.367020000000002122e-01,1.743647053561956373e-01
6.368424000000002527e-01,1.743625111469701006e-01
6.369828000000002932e-01,1.743603186536538674e-01
6.371232000000003337e-01,1.743581278749051222e-01
6.372636000000003742e-01,1.743559388093829376e-01
6.374040000000004147e-01,1.743537514557476076e-01
6.375444000000004552e-01,1.743515658126604251e-01
6.376848000000004957e-01,1.743493818787836824e-01
6.378252000000005362e-01,1.743471996527807821e-01
6.379656000000005767e-01,1.743450191333161259e-01
6.380200000000000315e-01,1.743441745157999767e-01
6.381602000000000663e-01,1.743419998226507506e-01
6.383004000000001010e-01,1.743398268274470864e-01
6.384406000000001358e-01,1.743376555288631558e-01
6.385808000000001705e-01,1.743354859255742406e-01
6.387210000000002053e-01,1.743333180162568441e-01
6.388612000000002400e-01,1.743311517995882465e-01
6.390014000000002747e-01,1.743289872742468383e-01
6.391416000000003095e-01,1.743268244389121202e-01
6.392818000000003442e-01,1.743246632922645922e-01
6.394220000000003790e-01,1.743225038329857535e-01
6.395622000000004137e-01,1.743203460597582133e-01
6.397024000000004484e-01,1.743181899712654692e-01
6.398426000000004832e-01,1.743160355661922400e-01
6.399828000000005179e-01,1.743138828432240217e-01
6.400299999999999878e-01,1.743131582939962954e-01
6.401704000000000283e-01,1.743110260992567495e-01
6.403108000000000688e-01,1.743088955551284069e-01
6.404512000000001093e-01,1.743067666603335120e-01
6.405916000000001498e-01,1.743046394135951971e-01
6.407320000000001903e-01,1.743025138136377050e-01
6.408724000000002308e-01,1.743003898591861667e-01
6.410128000000002713e-01,1.742982675489667121e-01
6.411532000000003118e-01,1.742961468817064707e-01
6.412936000000003522e-01,1.742940278561336820e-01
6.414340000000003927e-01,1.742919104709773626e-01
6.415744000000004332e-01,1.742897947249675283e-01
6.417148000000004737e-01,1.742876806168354165e-01
6.418552000000005142e-01,1.742855681453129302e-01
6.419956000000005547e-01,1.742834573091331940e-01
6.420500000000000096e-01,1.742826396807239941e-01
6.421890000000000098e-01,1.742804887862061669e-01
6.423280000000000101e-01,1.742783395901991161e-01
6.424670000000000103e-01,1.742761920913615814e-01
6.426060000000000105e-01,1.742740462883533015e-01
6.427450000000000108e-01,1.742719021798351253e-01
6.428840000000000110e-01,1.742697597644690122e-01
6.430230000000000112e-01,1.742676190409178094e-01
6.431620000000000115e-01,1.742654800078455857e-01
6.433010000000000117e-01,1.742633426639174088e-01
6.434400000000000119e-01,1.742612070077994568e-01
6.435790000000000122e-01,1.742590730381589070e-01
6.437180000000000124e-01,1.742569407536639359e-01
6.438570000000000126e-01,1.742548101529838300e-01
6.439960000000000129e-01,1.742526812347888754e-01
6.440000000000000169e-01,1.742526199723490876e-01
6.441402000000000516e-01,1.742505497429688299e-01
6.442804000000000864e-01,1.742484811046249860e-01
6.444206000000001211e-01,1.742464140560948671e-01
6.445608000000001558e-01,1.742443485961564509e-01
6.447010000000001906e-01,1.742422847235890471e-01
6.448412000000002253e-01,1.742402224371726316e-01
6.449814000000002601e-01,1.742381617356881796e-01
6.451216000000002948e-01,1.742361026179176653e-01
6.452618000000003295e-01,1.742340450826439513e-01
6.454020000000003643e-01,1.742319891286507882e-01
6.455422000000003990e-01,1.742299347547229260e-01
6.456824000000004338e-01,1.742278819596460027e-01
6.458226000000004685e-01,1.742258307422067665e-01
6.459628000000005033e-01,1.742237811011926318e-01
6.460099999999999731e-01,1.742230912437586765e-01
6.461504000000000136e-01,1.742210622757196514e-01
6.462908000000000541e-01,1.742190348528660504e-01
6.464312000000000946e-01,1.742170089740210370e-01
6.465716000000001351e-01,1.742149846380087741e-01
6.467120000000001756e-01,1.742129618436544236e-01
6.468524000000002161e-01,1.742109405897838137e-01
6.469928000000002566e-01,1.742089208752237717e-01
6.471332000000002971e-01,1.742069026988020131e-01
6.472736000000003376e-01,1.742048860593471415e-01
6.474140000000003781e-01,1.742028709556886490e-01
6.475544000000004186e-01,1.742008573866570265e-01
6.476948000000004591e-01,1.741988453510834312e-01
6.478352000000004995e-01,1.741968348478001305e-01
6.479756000000005400e-01,1.741948258756401691e-01
6.480299999999999949e-01,1.741940477002705823e-01
6.481702000000000297e-01,1.741920455272023549e-01
6.483104000000000644e-01,1.741900448753602726e-01
6.484506000000000991e-01,1.741880457435885932e-01
6.485908000000001339e-01,1.741860481307323516e-01
6.487310000000001686e-01,1.741840520356375821e-01
6.488712000000002034e-01,1.741820574571510960e-01
6.490114000000002381e-01,1.741800643941204818e-01
6.491516000000002728e-01,1.741780728453944382e-01
6.492918000000003076e-01,1.741760828098223302e-01
6.494320000000003423e-01,1.741740942862545216e-01
6.495722000000003771e-01,1.741721072735421538e-01
6.497124000000004118e-01,1.741701217705373672e-01
6.498526000000004466e-01,1.741681377760930793e-01
6.499928000000004813e-01,1.741661552890630960e-01
6.500399999999999512e-01,1.741654880319984944e-01
6.501789999999999514e-01,1.741634761486769989e-01
6.503179999999999517e-01,1.741614658182026876e-01
6.504569999999999519e-01,1.741594570393766306e-01
6.505959999999999521e-01,1.741574498110013414e-01
6.507349999999999524e-01,1.741554441318802215e-01
6.508739999999999526e-01,1.741534400008175609e-01
6.510129999999999528e-01,1.741514374166183154e-01
6.511519999999999531e-01,1.741494363780886623e-01
6.512909999999999533e-01,1.741474368840356668e-01
6.514299999999999535e-01,1.741454389332670605e-01
6.515689999999999538e-01,1.741434425245917961e-01
6.517079999999999540e-01,1.741414476568197145e-01
6.518469999999999542e-01,1.741394543287612118e-01
6.519859999999999545e-01,1.741374625392281272e-01
6.519899999999999585e-01,1.741374052228178426e-01
6.521303999999999990e-01,1.741354764321692006e-01
6.522708000000000395e-01,1.741335490842921274e-01
6.524112000000000799e-01,1.741316231781073753e-01
6.525516000000001204e-01,1.741296987125368068e-01
6.526920000000001609e-01,1.741277756865026172e-01
6.528324000000002014e-01,1.741258540989280013e-01
6.529728000000002419e-01,1.741239339487370419e-01
6.531132000000002824e-01,1.741220152348543770e-01
6.532536000000003229e-01,1.741200979562058659e-01
6.533940000000003634e-01,1.741181821117178119e-01
6.535344000000004039e-01,1.741162677003174064e-01
6.536748000000004444e-01,1.741143547209327291e-01
6.538152000000004849e-01,1.741124431724924149e-01
6.539556000000005254e-01,1.741105330539264306e-01
6.540099999999999802e-01,1.741097931656090392e-01
6.541502000000000150e-01,1.741078899453254447e-01
6.542904000000000497e-01,1.741059881450187641e-01
6.544306000000000845e-01,1.741040877636291784e-01
6.545708000000001192e-01,1.741021888000983120e-01
6.547110000000001540e-01,1.741002912533683444e-01
6.548512000000001887e-01,1.740983951223820103e-01
6.549914000000002234e-01,1.740965004060831545e-01
6.551316000000002582e-01,1.740946071034163989e-01
6.552718000000002929e-01,1.740927152133266986e-01
6.554120000000003277e-01,1.740908247347604521e-01
6.555522000000003624e-01,1.740889356666643906e-01
6.556924000000003971e-01,1.740870480079864668e-01
6.558326000000004319e-01,1.740851617576746335e-01
6.559728000000004666e-01,1.740832769146783976e-01
6.560200000000000475e-01,1.740826425192990579e-01
6.561604000000000880e-01,1.740807776022917919e-01
6.563008000000001285e-01,1.740789140633480780e-01
6.564412000000001690e-01,1.740770519014499529e-01
6.565816000000002095e-01,1.740751911155795639e-01
6.567220000000002500e-01,1.740733317047203910e-01
6.568624000000002905e-01,1.740714736678561358e-01
6.570028000000003310e-01,1.740696170039717217e-01
6.571432000000003715e-01,1.740677617120524046e-01
6.572836000000004120e-01,1.740659077910845509e-01
6.574240000000004525e-01,1.740640552400548602e-01
6.575644000000004930e-01,1.740622040579513641e-01
6.577048000000005334e-01,1.740603542437622053e-01
6.578452000000005739e-01,1.740585057964768589e-01
6.579856000000006144e-01,1.740566587150849109e-01
6.580399999999999583e-01,1.740559432418259389e-01
6.581789999999999585e-01,1.740540624821051985e-01
6.583179999999999588e-01,1.740521831389473251e-01
6.584569999999999590e-01,1.740503052112853943e-01
6.585959999999999592e-01,1.740484286980532591e-01
6.587349999999999595e-01,1.740465535981855494e-01
6.588739999999999597e-01,1.740446799106177833e-01
6.590129999999999599e-01,1.740428076342862562e-01
6.591519999999999602e-01,1.740409367681280406e-01
6.592909999999999604e-01,1.740390673110809860e-01
6.594299999999999606e-01,1.740371992620837194e-01
6.595689999999999609e-01,1.740353326200757555e-01
6.597079999999999611e-01,1.740334673839973867e-01
6.598469999999999613e-01,1.740316035527896821e-01
6.599859999999999616e-01,1.740297411253944881e-01
6.599899999999999656e-01,1.740296875315241465e-01
6.601302000000000003e-01,1.740278770149545906e-01
6.602704000000000351e-01,1.740260678250608040e-01
6.604106000000000698e-01,1.740242599608708973e-01
6.605508000000001045e-01,1.740224534214134255e-01
6.606910000000001393e-01,1.740206482057173876e-01
6.608312000000001740e-01,1.740188443128131146e-01
6.609714000000002088e-01,1.740170417417311599e-01
6.611116000000002435e-01,1.740152404915028539e-01
6.612518000000002782e-01,1.740134405611605262e-01
6.613920000000003130e-01,1.740116419497369504e-01
6.615322000000003477e-01,1.740098446562654555e-01
6.616724000000003825e-01,1.740080486797807025e-01
6.618126000000004172e-01,1.740062540193174634e-01
6.619528000000004520e-01,1.740044606739111765e-01
6.620000000000000329e-01,1.740038570718320798e-01
6.621404000000000734e-01,1.740020822148913293e-01
6.622808000000001138e-01,1.740003086463504101e-01
6.624212000000001543e-01,1.739985363652739592e-01
6.625616000000001948e-01,1.739967653707275019e-01
6.627020000000002353e-01,1.739949956617771187e-01
6.628424000000002758e-01,1.739932272374894451e-01
6.629828000000003163e-01,1.739914600969320047e-01
6.631232000000003568e-01,1.739896942391729873e-01
6.632636000000003973e-01,1.739879296632810268e-01
6.634040000000004378e-01,1.739861663683256454e-01
6.635444000000004783e-01,1.739844043533770312e-01
6.636848000000005188e-01,1.739826436175060387e-01
6.638252000000005593e-01,1.739808841597840772e-01
6.639656000000005998e-01,1.739791259792834444e-01
6.640200000000000546e-01,1.739784449386463372e-01
6.641602000000000894e-01,1.739766921933286747e-01
6.643004000000001241e-01,1.739749407177050289e-01
6.644406000000001589e-01,1.739731905108555798e-01
6.645808000000001936e-01,1.739714415718612850e-01
6.647210000000002283e-01,1.739696938998036568e-01
6.648612000000002631e-01,1.739679474937649850e-01
6.650014000000002978e-01,1.739662023528281143e-01
6.651416000000003326e-01,1.739644584760766666e-01
6.652818000000003673e-01,1.739627158625947079e-01
6.654220000000004021e-01,1.739609745114673034e-01
6.655622000000004368e-01,1.739592344217798514e-01
6.657024000000004715e-01,1.739574955926186384e-01
6.658426000000005063e-01,1.739557580230706169e-01
6.659828000000005410e-01,1.739540217122231835e-01
6.660300000000000109e-01,1.739534373051221383e-01
6.661704000000000514e-01,1.739517182192374944e-01
6.663108000000000919e-01,1.739500003675047424e-01
6.664512000000001324e-01,1.739482837490379241e-01
6.665916000000001729e-01,1.739465683629516368e-01
6.667320000000002134e-01,1.739448542083611438e-01
6.668724000000002539e-01,1.739431412843823743e-01
6.670128000000002944e-01,1.739414295901317020e-01
6.671532000000003348e-01,1.739397191247264995e-01
6.672936000000003753e-01,1.739380098872843616e-01
6.674340000000004158e-01,1.739363018769238822e-01
6.675744000000004563e-01,1.739345950927640994e-01
6.677148000000004968e-01,1.739328895339246062e-01
6.678552000000005373e-01,1.739311851995258840e-01
6.679956000000005778e-01,1.739294820886888582e-01
6.680500000000000327e-01,1.739288223775321551e-01
6.681890000000000329e-01,1.739270866276905192e-01
6.683280000000000332e-01,1.739253521491112009e-01
6.684670000000000334e-01,1.739236189408630562e-01
6.686060000000000336e-01,1.739218870020158292e-01
6.687450000000000339e-01,1.739201563316397081e-01
6.688840000000000341e-01,1.739184269288057694e-01
6.690230000000000343e-01,1.739166987925856445e-01
6.691620000000000346e-01,1.739149719220516310e-01
6.693010000000000348e-01,1.739132463162766928e-01
6.694400000000000350e-01,1.739115219743345708e-01
6.695790000000000353e-01,1.739097988952996721e-01
6.697180000000000355e-01,1.739080770782469587e-01
6.698570000000000357e-01,1.739063565222522811e-01
6.699960000000000360e-01,1.739046372263919338e-01
6.700000000000000400e-01,1.739045877512955807e-01
6.701402000000000747e-01,1.739029153437489095e-01
6.702804000000001095e-01,1.739012441285666677e-01
6.704206000000001442e-01,1.738995741048987576e-01
6.705608000000001789e-01,1.738979052718956364e-01
6.707010000000002137e-01,1.738962376287084277e-01
6.708412000000002484e-01,1.738945711744888101e-01
6.709814000000002832e-01,1.738929059083892392e-01
6.711216000000003179e-01,1.738912418295623930e-01
6.712618000000003526e-01,1.738895789371620593e-01
6.714020000000003874e-01,1.738879172303421372e-01
6.715422000000004221e-01,1.738862567082574140e-01
6.716824000000004569e-01,1.738845973700633429e-01
6.718226000000004916e-01,1.738829392149155995e-01
6.719628000000005263e-01,1.738812822419709692e-01
6.720099999999999962e-01,1.738807245362523624e-01
6.721504000000000367e-01,1.738790834196572987e-01
6.722908000000000772e-01,1.738774434630259158e-01
6.724312000000001177e-01,1.738758046655384248e-01
6.725716000000001582e-01,1.738741670263753702e-01
6.727120000000001987e-01,1.738725305447181846e-01
6.728524000000002392e-01,1.738708952197487445e-01
6.729928000000002797e-01,1.738692610506493708e-01
6.731332000000003202e-01,1.738676280366031612e-01
6.732736000000003607e-01,1.738659961767936579e-01
6.734140000000004012e-01,1.738643654704049579e-01
6.735544000000004417e-01,1.738627359166219355e-01
6.736948000000004821e-01,1.738611075146299090e-01
6.738352000000005226e-01,1.738594802636147518e-01
6.739756000000005631e-01,1.738578541627628926e-01
6.740300000000000180e-01,1.738572242792174594e-01
6.741702000000000528e-01,1.738556021368780069e-01
6.743104000000000875e-01,1.738539811394225199e-01
6.744506000000001222e-01,1.738523612860430889e-01
6.745908000000001570e-01,1.738507425759321379e-01
6.747310000000001917e-01,1.738491250082827566e-01
6.748712000000002265e-01,1.738475085822885902e-01
6.750114000000002612e-01,1.738458932971439497e-01
6.751516000000002959e-01,1.738442791520435904e-01
6.752918000000003307e-01,1.738426661461829337e-01
6.754320000000003654e-01,1.738410542787579560e-01
6.755722000000004002e-01,1.738394435489650780e-01
6.757124000000004349e-01,1.738378339560013863e-01
6.758526000000004696e-01,1.738362254990645228e-01
6.759928000000005044e-01,1.738346181773526844e-01
6.760399999999999743e-01,1.738340771819899544e-01
6.761791999999999803e-01,1.738324504564419115e-01
6.763183999999999862e-01,1.738308248939701706e-01
6.764575999999999922e-01,1.738292004937429525e-01
6.765967999999999982e-01,1.738275772549294773e-01
6.767360000000000042e-01,1.738259551766991873e-01
6.768752000000000102e-01,1.738243342582224127e-01
6.770144000000000162e-01,1.738227144986699280e-01
6.771536000000000222e-01,1.738210958972130626e-01
6.772928000000000281e-01,1.738194784530239234e-01
6.774320000000000341e-01,1.738178621652749500e-01
6.775712000000000401e-01,1.738162470331393594e-01
6.777104000000000461e-01,1.738146330557909236e-01
6.778496000000000521e-01,1.738130202324039697e-01
6.779888000000000581e-01,1.738114085621534910e-01
6.780000000000000471e-01,1.738112788950003651e-01
6.781402000000000818e-01,1.738097050415615685e-01
6.782804000000001166e-01,1.738081322878421986e-01
6.784206000000001513e-01,1.738065606330738699e-01
6.785608000000001860e-01,1.738049900764886413e-01
6.787010000000002208e-01,1.738034206173192375e-01
6.788412000000002555e-01,1.738018522547987166e-01
6.789814000000002903e-01,1.738002849881609135e-01
6.791216000000003250e-01,1.737987188166399966e-01
6.792618000000003597e-01,1.737971537394709109e-01
6.794020000000003945e-01,1.737955897558888241e-01
6.795422000000004292e-01,1.737940268651296805e-01
6.796824000000004640e-01,1.737924650664298687e-01
6.798226000000004987e-01,1.737909043590263325e-01
6.799628000000005335e-01,1.737893447421564597e-01
6.800100000000000033e-01,1.737888198021331210e-01
6.801502000000000381e-01,1.737872694935034268e-01
6.802904000000000728e-01,1.737857202626826858e-01
6.804306000000001076e-01,1.737841721089217195e-01
6.805708000000001423e-01,1.737826250314715715e-01
6.807110000000001770e-01,1.737810790295839514e-01
6.808512000000002118e-01,1.737795341025112350e-01
6.809914000000002465e-01,1.737779902495061313e-01
6.811316000000002813e-01,1.737764474698219042e-01
6.812718000000003160e-01,1.737749057627124838e-01
6.814120000000003508e-01,1.737733651274320223e-01
6.815522000000003855e-01,1.737718255632354492e-01
6.816924000000004202e-01,1.737702870693781376e-01
6.818326000000004550e-01,1.737687496451157942e-01
6.819728000000004897e-01,1.737672132897050137e-01
6.820199999999999596e-01,1.737666961784720687e-01
6.821604000000000001e-01,1.737651744361904393e-01
6.823008000000000406e-01,1.737636537427696970e-01
6.824412000000000811e-01,1.737621340974869755e-01
6.825816000000001216e-01,1.737606154996198526e-01
6.827220000000001621e-01,1.737590979484463505e-01
6.828624000000002026e-01,1.737575814432449350e-01
6.830028000000002431e-01,1.737560659832948495e-01
6.831432000000002835e-01,1.737545515678755592e-01
6.832836000000003240e-01,1.737530381962671955e-01
6.834240000000003645e-01,1.737515258677502228e-01
6.835644000000004050e-01,1.737500145816057717e-01
6.837048000000004455e-01,1.737485043371153060e-01
6.838452000000004860e-01,1.737469951335608442e-01
6.839856000000005265e-01,1.737454869702250715e-01
6.840399999999999814e-01,1.737449027667669066e-01
6.841789999999999816e-01,1.737433655082160078e-01
6.843179999999999819e-01,1.737418293306950412e-01
6.844569999999999821e-01,1.737402942334438372e-01
6.845959999999999823e-01,1.737387602157026700e-01
6.847349999999999826e-01,1.737372272767125914e-01
6.848739999999999828e-01,1.737356954157148747e-01
6.850129999999999830e-01,1.737341646319514599e-01
6.851519999999999833e-01,1.737326349246648416e-01
6.852909999999999835e-01,1.737311062930979588e-01
6.854299999999999837e-01,1.737295787364944166e-01
6.855689999999999840e-01,1.737280522540982641e-01
6.857079999999999842e-01,1.737265268451541056e-01
6.858469999999999844e-01,1.737250025089071004e-01
6.859859999999999847e-01,1.737234792446028520e-01
6.859899999999999887e-01,1.737234354105464673e-01
6.861304000000000292e-01,1.737219589681440191e-01
6.862708000000000697e-01,1.737204835328189922e-01
6.864112000000001101e-01,1.737190091038844919e-01
6.865516000000001506e-01,1.737175356806540671e-01
6.866920000000001911e-01,1.737160632624418222e-01
6.868324000000002316e-01,1.737145918485620832e-01
6.869728000000002721e-01,1.737131214383299538e-01
6.871132000000003126e-01,1.737116520310606482e-01
6.872536000000003531e-01,1.737101836260702692e-01
6.873940000000003936e-01,1.737087162226750303e-01
6.875344000000004341e-01,1.737072498201918114e-01
6.876748000000004746e-01,1.737057844179378252e-01
6.878152000000005151e-01,1.737043200152308398e-01
6.879556000000005556e-01,1.737028566113891781e-01
6.880100000000000104e-01,1.737022897444346903e-01
6.881502000000000452e-01,1.737008302522439207e-01
6.882904000000000799e-01,1.736993717538484194e-01
6.884306000000001147e-01,1.736979142485715055e-01
6.885708000000001494e-01,1.736964577357368311e-01
6.887110000000001842e-01,1.736950022146687145e-01
6.888512000000002189e-01,1.736935476846918069e-01
6.889914000000002536e-01,1.736920941451312039e-01
6.891316000000002884e-01,1.736906415953126670e-01
6.892718000000003231e-01,1.736891900345621798e-01
6.894120000000003579e-01,1.736877394622061699e-01
6.895522000000003926e-01,1.736862898775717312e-01
6.896924000000004273e-01,1.736848412799862906e-01
6.898326000000004621e-01,1.736833936687777191e-01
6.899728000000004968e-01,1.736819470432744428e-01
6.900199999999999667e-01,1.736814601312626216e-01
6.901602000000000015e-01,1.736800225623974514e-01
6.903004000000000362e-01,1.736785859671573506e-01
6.904406000000000709e-01,1.736771503448829579e-01
6.905808000000001057e-01,1.736757156949152447e-01
6.907210000000001404e-01,1.736742820165957379e-01
6.908612000000001752e-01,1.736728493092665193e-01
6.910014000000002099e-01,1.736714175722697817e-01
6.911416000000002446e-01,1.736699868049483841e-01
6.912818000000002794e-01,1.736685570066456297e-01
6.914220000000003141e-01,1.736671281767051545e-01
6.915622000000003489e-01,1.736657003144711497e-01
6.917024000000003836e-01,1.736642734192882509e-01
6.918426000000004183e-01,1.736628474905014263e-01
6.919828000000004531e-01,1.736614225274561996e-01
6.920300000000000340e-01,1.736609429061067855e-01
6.921692000000000400e-01,1.736595011061408123e-01
6.923084000000000460e-01,1.736580602950985597e-01
6.924476000000000520e-01,1.736566204723019036e-01
6.925868000000000579e-01,1.736551816370729417e-01
6.927260000000000639e-01,1.736537437887342161e-01
6.928652000000000699e-01,1.736523069266090458e-01
6.930044000000000759e-01,1.736508710500207497e-01
6.931436000000000819e-01,1.736494361582935353e-01
6.932828000000000879e-01,1.736480022507518317e-01
6.934220000000000939e-01,1.736465693267205124e-01
6.935612000000000998e-01,1.736451373855251168e-01
6.937004000000001058e-01,1.736437064264915175e-01
6.938396000000001118e-01,1.736422764489459203e-01
6.939788000000001178e-01,1.736408474522153078e-01
6.939899999999999958e-01,1.736407324818161069e-01
6.941302000000000305e-01,1.736393375493817670e-01
6.942704000000000653e-01,1.736379435516101077e-01
6.944106000000001000e-01,1.736365504878749633e-01
6.945508000000001347e-01,1.736351583575503899e-01
6.946910000000001695e-01,1.736337671600108878e-01
6.948312000000002042e-01,1.736323768946316237e-01
6.949714000000002390e-01,1.736309875607878750e-01
6.951116000000002737e-01,1.736295991578554743e-01
6.952518000000003084e-01,1.736282116852108093e-01
6.953920000000003432e-01,1.736268251422304898e-01
6.955322000000003779e-01,1.736254395282914587e-01
6.956724000000004127e-01,1.736240548427714359e-01
6.958126000000004474e-01,1.736226710850482524e-01
6.959528000000004822e-01,1.736212882545001834e-01
6.959999999999999520e-01,1.736208228131879139e-01
6.961401999999999868e-01,1.736194486539847093e-01
6.962804000000000215e-01,1.736180754105717261e-01
6.964206000000000563e-01,1.736167030823385637e-01
6.965608000000000910e-01,1.736153316686753767e-01
6.967010000000001257e-01,1.736139611689726525e-01
6.968412000000001605e-01,1.736125915826213228e-01
6.969814000000001952e-01,1.736112229090125414e-01
6.971216000000002300e-01,1.736098551475382390e-01
6.972618000000002647e-01,1.736084882975904575e-01
6.974020000000002995e-01,1.736071223585616830e-01
6.975422000000003342e-01,1.736057573298448453e-01
6.976824000000003689e-01,1.736043932108333188e-01
6.978226000000004037e-01,1.736030300009208105e-01
6.979628000000004384e-01,1.736016676995014718e-01
6.980100000000000193e-01,1.736012091674482560e-01
6.981504000000000598e-01,1.735998600272723458e-01
6.982908000000001003e-01,1.735985117783204190e-01
6.984312000000001408e-01,1.735971644200038355e-01
6.985716000000001813e-01,1.735958179517341771e-01
6.987120000000002218e-01,1.735944723729235806e-01
6.988524000000002623e-01,1.735931276829844050e-01
6.989928000000003028e-01,1.735917838813295644e-01
6.991332000000003433e-01,1.735904409673721949e-01
6.992736000000003838e-01,1.735890989405258766e-01
6.994140000000004243e-01,1.735877578002046340e-01
6.995544000000004647e-01,1.735864175458228242e-01
6.996948000000005052e-01,1.735850781767952489e-01
6.998352000000005457e-01,1.735837396925370424e-01
6.999756000000005862e-01,1.735824020924637834e-01
7.000300000000000411e-01,1.735818839527781821e-01
7.001702000000000758e-01,1.735805498006826042e-01
7.003104000000001106e-01,1.735792165284445465e-01
7.004506000000001453e-01,1.735778841354840285e-01
7.005908000000001801e-01,1.735765526212210696e-01
7.007310000000002148e-01,1.735752219850760225e-01
7.008712000000002496e-01,1.735738922264700168e-01
7.010114000000002843e-01,1.735725633448241823e-01
7.011516000000003190e-01,1.735712353395603147e-01
7.012918000000003538e-01,1.735699082101003210e-01
7.014320000000003885e-01,1.735685819558665521e-01
7.015722000000004233e-01,1.735672565762820252e-01
7.017124000000004580e-01,1.735659320707697573e-01
7.018526000000004927e-01,1.735646084387533206e-01
7.019928000000005275e-01,1.735632856796567314e-01
7.020399999999999974e-01,1.735628404559667048e-01
7.021792000000000034e-01,1.735615018673620780e-01
7.023184000000000093e-01,1.735601641728933275e-01
7.024576000000000153e-01,1.735588273719633756e-01
7.025968000000000213e-01,1.735574914639751443e-01
7.027360000000000273e-01,1.735561564483323327e-01
7.028752000000000333e-01,1.735548223244387511e-01
7.030144000000000393e-01,1.735534890916989870e-01
7.031536000000000453e-01,1.735521567495175166e-01
7.032928000000000512e-01,1.735508252972997045e-01
7.034320000000000572e-01,1.735494947344508043e-01
7.035712000000000632e-01,1.735481650603769577e-01
7.037104000000000692e-01,1.735468362744843063e-01
7.038496000000000752e-01,1.735455083761798800e-01
7.039888000000000812e-01,1.735441813648704867e-01
7.039999999999999591e-01,1.735440745995875389e-01
7.041401999999999939e-01,1.735427788032302132e-01
7.042804000000000286e-01,1.735414838526752046e-01
7.044206000000000634e-01,1.735401897473703992e-01
7.045608000000000981e-01,1.735388964867641270e-01
7.047010000000001329e-01,1.735376040703050515e-01
7.048412000000001676e-01,1.735363124974421689e-01
7.049814000000002023e-01,1.735350217676248086e-01
7.051216000000002371e-01,1.735337318803025219e-01
7.052618000000002718e-01,1.735324428349256376e-01
7.054020000000003066e-01,1.735311546309445951e-01
7.055422000000003413e-01,1.735298672678100562e-01
7.056824000000003760e-01,1.735285807449731266e-01
7.058226000000004108e-01,1.735272950618854670e-01
7.059628000000004455e-01,1.735260102179989605e-01
7.060100000000000264e-01,1.735255777550951395e-01
7.061502000000000612e-01,1.735243005054651899e-01
7.062904000000000959e-01,1.735230240853276040e-01
7.064306000000001307e-01,1.735217484941435906e-01
7.065708000000001654e-01,1.735204737313750245e-01
7.067110000000002001e-01,1.735191997964835586e-01
7.068512000000002349e-01,1.735179266889317340e-01
7.069914000000002696e-01,1.735166544081822027e-01
7.071316000000003044e-01,1.735153829536980608e-01
7.072718000000003391e-01,1.735141123249426265e-01
7.074120000000003738e-01,1.735128425213797732e-01
7.075522000000004086e-01,1.735115735424735961e-01
7.076924000000004433e-01,1.735103053876883017e-01
7.078326000000004781e-01,1.735090380564888735e-01
7.079728000000005128e-01,1.735077715483404059e-01
7.080199999999999827e-01,1.735073452565513152e-01
7.081604000000000232e-01,1.735060905009212506e-01
7.083008000000000637e-01,1.735048365533147230e-01
7.084412000000001042e-01,1.735035834132114818e-01
7.085816000000001447e-01,1.735023310800914986e-01
7.087220000000001852e-01,1.735010795534350780e-01
7.088624000000002257e-01,1.734998288327229687e-01
7.090028000000002661e-01,1.734985789174361415e-01
7.091432000000003066e-01,1.734973298070559000e-01
7.092836000000003471e-01,1.734960815010638813e-01
7.094240000000003876e-01,1.734948339989420552e-01
7.095644000000004281e-01,1.734935873001728357e-01
7.097048000000004686e-01,1.734923414042388590e-01
7.098452000000005091e-01,1.734910963106230941e-01
7.099856000000005496e-01,1.734898520188089543e-01
7.100400000000000045e-01,1.734893700203866684e-01
7.101790000000000047e-01,1.734881013011566608e-01
7.103180000000000049e-01,1.734868334157265712e-01
7.104570000000000052e-01,1.734855663635485046e-01
7.105960000000000054e-01,1.734843001440748989e-01
7.107350000000000056e-01,1.734830347567584141e-01
7.108740000000000059e-01,1.734817702010521545e-01
7.110130000000000061e-01,1.734805064764096683e-01
7.111520000000000064e-01,1.734792435822847256e-01
7.112910000000000066e-01,1.734779815181315410e-01
7.114300000000000068e-01,1.734767202834045507e-01
7.115690000000000071e-01,1.734754598775587464e-01
7.117080000000000073e-01,1.734742003000494526e-01
7.118470000000000075e-01,1.734729415503322159e-01
7.119860000000000078e-01,1.734716836278630270e-01
7.119900000000000118e-01,1.734716474293402921e-01
7.121304000000000523e-01,1.734704276119271027e-01
7.122708000000000927e-01,1.734692085724176547e-01
7.124112000000001332e-01,1.734679903103159004e-01
7.125516000000001737e-01,1.734667728251260144e-01
7.126920000000002142e-01,1.734655561163526150e-01
7.128324000000002547e-01,1.734643401835005427e-01
7.129728000000002952e-01,1.734631250260749713e-01
7.131132000000003357e-01,1.734619106435814073e-01
7.132536000000003762e-01,1.734606970355255795e-01
7.133940000000004167e-01,1.734594842014136606e-01
7.135344000000004572e-01,1.734582721407521566e-01
7.136748000000004977e-01,1.734570608530477953e-01
7.138152000000005382e-01,1.734558503378076377e-01
7.139556000000005787e-01,1.734546405945389669e-01
7.140100000000000335e-01,1.734541719779708613e-01
7.141502000000000683e-01,1.734529649067623192e-01
7.142904000000001030e-01,1.734517586043088366e-01
7.144306000000001378e-01,1.734505530701209164e-01
7.145708000000001725e-01,1.734493483037092831e-01
7.147110000000002072e-01,1.734481443045847726e-01
7.148512000000002420e-01,1.734469410722589977e-01
7.149914000000002767e-01,1.734457386062434603e-01
7.151316000000003115e-01,1.734445369060499953e-01
7.152718000000003462e-01,1.734433359711911038e-01
7.154120000000003810e-01,1.734421358011791758e-01
7.155522000000004157e-01,1.734409363955271566e-01
7.156924000000004504e-01,1.734397377537483242e-01
7.158326000000004852e-01,1.734385398753560681e-01
7.159728000000005199e-01,1.734373427598642214e-01
7.160199999999999898e-01,1.734369398231239146e-01
7.161602000000000245e-01,1.734357494178201398e-01
7.163004000000000593e-01,1.734345597670500227e-01
7.164406000000000940e-01,1.734333708703352794e-01
7.165808000000001288e-01,1.734321827271980698e-01
7.167210000000001635e-01,1.734309953371607760e-01
7.168612000000001983e-01,1.734298086997458910e-01
7.170014000000002330e-01,1.734286228144764630e-01
7.171416000000002677e-01,1.734274376808756513e-01
7.172818000000003025e-01,1.734262532984670591e-01
7.174220000000003372e-01,1.734250696667746228e-01
7.175622000000003720e-01,1.734238867853223898e-01
7.177024000000004067e-01,1.734227046536349626e-01
7.178426000000004414e-01,1.734215232712370547e-01
7.179828000000004762e-01,1.734203426376536017e-01
7.180299999999999461e-01,1.734199452481479664e-01
7.181691999999999521e-01,1.734187499066996985e-01
7.183083999999999580e-01,1.734175553330029596e-01
7.184475999999999640e-01,1.734163615265646996e-01
7.185867999999999700e-01,1.734151684868920906e-01
7.187259999999999760e-01,1.734139762134925267e-01
7.188651999999999820e-01,1.734127847058739569e-01
7.190043999999999880e-01,1.734115939635445525e-01
7.191435999999999940e-01,1.734104039860128177e-01
7.192827999999999999e-01,1.734092147727873678e-01
7.194220000000000059e-01,1.734080263233773733e-01
7.195612000000000119e-01,1.734068386372922266e-01
7.197004000000000179e-01,1.734056517140417641e-01
7.198396000000000239e-01,1.734044655531359336e-01
7.199788000000000299e-01,1.734032801540851265e-01
7.199900000000000189e-01,1.734031847820818317e-01
7.201302000000000536e-01,1.734020269501069800e-01
7.202704000000000883e-01,1.734008698450020258e-01
7.204106000000001231e-01,1.733997134663106676e-01
7.205508000000001578e-01,1.733985578135769368e-01
7.206910000000001926e-01,1.733974028863449757e-01
7.208312000000002273e-01,1.733962486841594819e-01
7.209714000000002621e-01,1.733950952065651530e-01
7.211116000000002968e-01,1.733939424531072415e-01
7.212518000000003315e-01,1.733927904233310002e-01
7.213920000000003663e-01,1.733916391167821258e-01
7.215322000000004010e-01,1.733904885330066481e-01
7.216724000000004358e-01,1.733893386715508189e-01
7.218126000000004705e-01,1.733881895319611122e-01
7.219528000000005052e-01,1.733870411137844458e-01
7.219999999999999751e-01,1.733866545668744097e-01
7.221404000000000156e-01,1.733855166046910368e-01
7.222808000000000561e-01,1.733843793509937115e-01
7.224212000000000966e-01,1.733832428053413421e-01
7.225616000000001371e-01,1.733821069672932813e-01
7.227020000000001776e-01,1.733809718364088814e-01
7.228424000000002181e-01,1.733798374122478281e-01
7.229828000000002586e-01,1.733787036943701398e-01
7.231232000000002991e-01,1.733775706823359464e-01
7.232636000000003396e-01,1.733764383757060434e-01
7.234040000000003801e-01,1.733753067740411158e-01
7.235444000000004205e-01,1.733741758769022923e-01
7.236848000000004610e-01,1.733730456838509237e-01
7.238252000000005015e-01,1.733719161944485831e-01
7.239656000000005420e-01,1.733707874082573985e-01
7.240199999999999969e-01,1.733703501493538690e-01
7.241602000000000317e-01,1.733692238526537421e-01
7.243004000000000664e-01,1.733680982562352257e-01
7.244406000000001011e-01,1.733669733596628904e-01
7.245808000000001359e-01,1.733658491625016396e-01
7.247210000000001706e-01,1.733647256643167101e-01
7.248612000000002054e-01,1.733636028646733385e-01
7.250014000000002401e-01,1.733624807631373166e-01
7.251416000000002748e-01,1.733613593592746582e-01
7.252818000000003096e-01,1.733602386526513772e-01
7.254220000000003443e-01,1.733591186428340425e-01
7.255622000000003791e-01,1.733579993293895560e-01
7.257024000000004138e-01,1.733568807118847088e-01
7.258426000000004485e-01,1.733557627898869580e-01
7.259828000000004833e-01,1.733546455629638716e-01
7.260299999999999532e-01,1.733542695139763667e-01
7.261701999999999879e-01,1.733531585812601028e-01
7.263104000000000227e-01,1.733520483359526354e-01
7.264506000000000574e-01,1.733509387776286381e-01
7.265908000000000921e-01,1.733498299058630066e-01
7.267310000000001269e-01,1.733487217202310804e-01
7.268712000000001616e-01,1.733476142203080883e-01
7.270114000000001964e-01,1.733465074056698141e-01
7.271516000000002311e-01,1.733454012758922635e-01
7.272918000000002658e-01,1.733442958305516646e-01
7.274320000000003006e-01,1.733431910692244671e-01
7.275722000000003353e-01,1.733420869914874540e-01
7.277124000000003701e-01,1.733409835969176305e-01
7.278526000000004048e-01,1.733398808850923345e-01
7.279928000000004396e-01,1.733387788555890152e-01
7.280400000000000205e-01,1.733384079215489759e-01
7.281792000000000264e-01,1.733372922903064772e-01
7.283184000000000324e-01,1.733361773584787269e-01
7.284576000000000384e-01,1.733350631256272978e-01
7.285968000000000444e-01,1.733339495913139849e-01
7.287360000000000504e-01,1.733328367551006943e-01
7.288752000000000564e-01,1.733317246165499981e-01
7.290144000000000624e-01,1.733306131752243573e-01
7.291536000000000683e-01,1.733295024306867882e-01
7.292928000000000743e-01,1.733283923825003070e-01
7.294320000000000803e-01,1.733272830302284850e-01
7.295712000000000863e-01,1.733261743734350047e-01
7.297104000000000923e-01,1.733250664116837703e-01
7.298496000000000983e-01,1.733239591445391303e-01
7.299888000000001043e-01,1.733228525715655444e-01
7.299999999999999822e-01,1.733227635414521517e-01
7.301402000000000170e-01,1.733216827390468007e-01
7.302804000000000517e-01,1.733206025988898169e-01
7.304206000000000865e-01,1.733195231205755249e-01
7.305608000000001212e-01,1.733184443036983602e-01
7.307010000000001559e-01,1.733173661478529803e-01
7.308412000000001907e-01,1.733162886526344870e-01
7.309814000000002254e-01,1.733152118176379819e-01
7.311216000000002602e-01,1.733141356424588997e-01
7.312618000000002949e-01,1.733130601266930082e-01
7.314020000000003296e-01,1.733119852699361862e-01
7.315422000000003644e-01,1.733109110717847567e-01
7.316824000000003991e-01,1.733098375318350426e-01
7.318226000000004339e-01,1.733087646496838108e-01
7.319628000000004686e-01,1.733076924249279394e-01
7.320100000000000495e-01,1.733073315221865807e-01
7.321504000000000900e-01,1.733062691269279254e-01
7.322908000000001305e-01,1.733052073772000101e-01
7.324312000000001710e-01,1.733041462726104820e-01
7.325716000000002115e-01,1.733030858127675433e-01
7.327120000000002520e-01,1.733020259972791743e-01
7.328524000000002925e-01,1.733009668257540214e-01
7.329928000000003330e-01,1.732999082978006200e-01
7.331332000000003735e-01,1.732988504130281715e-01
7.332736000000004140e-01,1.732977931710456554e-01
7.334140000000004544e-01,1.732967365714627173e-01
7.335544000000004949e-01,1.732956806138887806e-01
7.336948000000005354e-01,1.732946252979339352e-01
7.338352000000005759e-01,1.732935706232081596e-01
7.339756000000006164e-01,1.732925165893219877e-01
7.340299999999999603e-01,1.732921082849134820e-01
7.341701999999999950e-01,1.732910564814159615e-01
7.343104000000000298e-01,1.732900053161990916e-01
7.344506000000000645e-01,1.732889547888755155e-01
7.345908000000000992e-01,1.732879048990580984e-01
7.347310000000001340e-01,1.732868556463600385e-01
7.348712000000001687e-01,1.732858070303946452e-01
7.350114000000002035e-01,1.732847590507755609e-01
7.351516000000002382e-01,1.732837117071166499e-01
7.352918000000002730e-01,1.732826649990319989e-01
7.354320000000003077e-01,1.732816189261358053e-01
7.355722000000003424e-01,1.732805734880427107e-01
7.357124000000003772e-01,1.732795286843674676e-01
7.358526000000004119e-01,1.732784845147249397e-01
7.359928000000004467e-01,1.732774409787305459e-01
7.360400000000000276e-01,1.732770897317117420e-01
7.361790000000000278e-01,1.732760294022199776e-01
7.363180000000000280e-01,1.732749697270685729e-01
7.364570000000000283e-01,1.732739107058536288e-01
7.365960000000000285e-01,1.732728523381718011e-01
7.367350000000000287e-01,1.732717946236196349e-01
7.368740000000000290e-01,1.732707375617941192e-01
7.370130000000000292e-01,1.732696811522924651e-01
7.371520000000000294e-01,1.732686253947121058e-01
7.372910000000000297e-01,1.732675702886506963e-01
7.374300000000000299e-01,1.732665158337062250e-01
7.375690000000000301e-01,1.732654620294769021e-01
7.377080000000000304e-01,1.732644088755611600e-01
7.378470000000000306e-01,1.732633563715576530e-01
7.379860000000000309e-01,1.732623045170652576e-01
7.379900000000000349e-01,1.732622742484092315e-01
7.381304000000000753e-01,1.732612541127869221e-01
7.382708000000001158e-01,1.732602345881050221e-01
7.384112000000001563e-01,1.732592156739977129e-01
7.385516000000001968e-01,1.732581973700991762e-01
7.386920000000002373e-01,1.732571796760440375e-01
7.388324000000002778e-01,1.732561625914670334e-01
7.389728000000003183e-01,1.732551461160032336e-01
7.391132000000003588e-01,1.732541302492878188e-01
7.392536000000003993e-01,1.732531149909561918e-01
7.393940000000004398e-01,1.732521003406439775e-01
7.395344000000004803e-01,1.732510862979871336e-01
7.396748000000005208e-01,1.732500728626217290e-01
7.398152000000005613e-01,1.732490600341840548e-01
7.399556000000006017e-01,1.732480478123106238e-01
7.400099999999999456e-01,1.732476557034240416e-01
7.401501999999999803e-01,1.732466456470188598e-01
7.402904000000000151e-01,1.732456361947255497e-01
7.404306000000000498e-01,1.732446273461829556e-01
7.405708000000000846e-01,1.732436191010299220e-01
7.407110000000001193e-01,1.732426114589056265e-01
7.408512000000001541e-01,1.732416044194492466e-01
7.409914000000001888e-01,1.732405979823005149e-01
7.411316000000002235e-01,1.732395921470989419e-01
7.412718000000002583e-01,1.732385869134848155e-01
7.414120000000002930e-01,1.732375822810980903e-01
7.415522000000003278e-01,1.732365782495792761e-01
7.416924000000003625e-01,1.732355748185689936e-01
7.418326000000003972e-01,1.732345719877080858e-01
7.419728000000004320e-01,1.732335697566375066e-01
7.420200000000000129e-01,1.732332324115768429e-01
7.421604000000000534e-01,1.732322391884327795e-01
7.423008000000000939e-01,1.732312465544645352e-01
7.424412000000001344e-01,1.732302545093227231e-01
7.425816000000001749e-01,1.732292630526579558e-01
7.427220000000002154e-01,1.732282721841211792e-01
7.428624000000002559e-01,1.732272819033634503e-01
7.430028000000002963e-01,1.732262922100361591e-01
7.431432000000003368e-01,1.732253031037909174e-01
7.432836000000003773e-01,1.732243145842793375e-01
7.434240000000004178e-01,1.732233266511534753e-01
7.435644000000004583e-01,1.732223393040654980e-01
7.437048000000004988e-01,1.732213525426676837e-01
7.438452000000005393e-01,1.732203663666127547e-01
7.439856000000005798e-01,1.732193807755533221e-01
7.440400000000000347e-01,1.732189989819216125e-01
7.441790000000000349e-01,1.732179937544030546e-01
7.443180000000000351e-01,1.732169891355626046e-01
7.444570000000000354e-01,1.732159851250315574e-01
7.445960000000000356e-01,1.732149817224417632e-01
7.447350000000000358e-01,1.732139789274249608e-01
7.448740000000000361e-01,1.732129767396133335e-01
7.450130000000000363e-01,1.732119751586392864e-01
7.451520000000000366e-01,1.732109741841352246e-01
7.452910000000000368e-01,1.732099738157339974e-01
7.454300000000000370e-01,1.732089740530685651e-01
7.455690000000000373e-01,1.732079748957722209e-01
7.457080000000000375e-01,1.732069763434783694e-01
7.458470000000000377e-01,1.732059783958206367e-01
7.459860000000000380e-01,1.732049810524329825e-01
7.459900000000000420e-01,1.732049523524042955e-01
7.461302000000000767e-01,1.732039815983268394e-01
7.462704000000001114e-01,1.732030114167391055e-01
7.464106000000001462e-01,1.732020418073033641e-01
7.465508000000001809e-01,1.732010727696822183e-01
7.466910000000002157e-01,1.732001043035384935e-01
7.468312000000002504e-01,1.731991364085351259e-01
7.469714000000002851e-01,1.731981690843353849e-01
7.471116000000003199e-01,1.731972023306025399e-01
7.472518000000003546e-01,1.731962361470001932e-01
7.473920000000003894e-01,1.731952705331921694e-01
7.475322000000004241e-01,1.731943054888424038e-01
7.476724000000004589e-01,1.731933410136150542e-01
7.478126000000004936e-01,1.731923771071745000e-01
7.479528000000005283e-01,1.731914137691852318e-01
7.479999999999999982e-01,1.731910895143925488e-01
7.481404000000000387e-01,1.731901347348895337e-01
7.482808000000000792e-01,1.731891805138932039e-01
7.484212000000001197e-01,1.731882268510768208e-01
7.485616000000001602e-01,1.731872737461138678e-01
7.487020000000002007e-01,1.731863211986780504e-01
7.488424000000002412e-01,1.731853692084432961e-01
7.489828000000002817e-01,1.731844177750836433e-01
7.491232000000003222e-01,1.731834668982732417e-01
7.492636000000003627e-01,1.731825165776866848e-01
7.494040000000004031e-01,1.731815668129984553e-01
7.495444000000004436e-01,1.731806176038834799e-01
7.496848000000004841e-01,1.731796689500166853e-01
7.498252000000005246e-01,1.731787208510733311e-01
7.499656000000005651e-01,1.731777733067288993e-01
7.500200000000000200e-01,1.731774062502821065e-01
7.501602000000000547e-01,1.731764605027856785e-01
7.503004000000000895e-01,1.731755153079118648e-01
7.504406000000001242e-01,1.731745706653379235e-01
7.505808000000001590e-01,1.731736265747411130e-01
7.507210000000001937e-01,1.731726830357988023e-01
7.508612000000002284e-01,1.731717400481888047e-01
7.510014000000002632e-01,1.731707976115887115e-01
7.511416000000002979e-01,1.731698557256767801e-01
7.512818000000003327e-01,1.731689143901311567e-01
7.514220000000003674e-01,1.731679736046302098e-01
7.515622000000004022e-01,1.731670333688526409e-01
7.517024000000004369e-01,1.731660936824771513e-01
7.518426000000004716e-01,1.731651545451826646e-01
7.519828000000005064e-01,1.731642159566485484e-01
7.520299999999999763e-01,1.731639000318234700e-01
7.521704000000000168e-01,1.731629697313904481e-01
7.523108000000000573e-01,1.731620399701750967e-01
7.524512000000000977e-01,1.731611107478647771e-01
7.525916000000001382e-01,1.731601820641471834e-01
7.527320000000001787e-01,1.731592539187100099e-01
7.528724000000002192e-01,1.731583263112415061e-01
7.530128000000002597e-01,1.731573992414295882e-01
7.531532000000003002e-01,1.731564727089628386e-01
7.532936000000003407e-01,1.731555467135296178e-01
7.534340000000003812e-01,1.731546212548188413e-01
7.535744000000004217e-01,1.731536963325193135e-01
7.537148000000004622e-01,1.731527719463200610e-01
7.538552000000005027e-01,1.731518480959105544e-01
7.539956000000005432e-01,1.731509247809800423e-01
7.540499999999999980e-01,1.731505671096987831e-01
7.541889999999999983e-01,1.731496251956389232e-01
7.543279999999999985e-01,1.731486838389738603e-01
7.544669999999999987e-01,1.731477430393737471e-01
7.546059999999999990e-01,1.731468027965089584e-01
7.547449999999999992e-01,1.731458631100499801e-01
7.548839999999999995e-01,1.731449239796675199e-01
7.550229999999999997e-01,1.731439854050327298e-01
7.551619999999999999e-01,1.731430473858164287e-01
7.553010000000000002e-01,1.731421099216901016e-01
7.554400000000000004e-01,1.731411730123252335e-01
7.555790000000000006e-01,1.731402366573936424e-01
7.557180000000000009e-01,1.731393008565671465e-01
7.558570000000000011e-01,1.731383656095177859e-01
7.559960000000000013e-01,1.731374309159179337e-01
7.560000000000000053e-01,1.731374040187185770e-01
7.561402000000000401e-01,1.731364941333356500e-01
7.562804000000000748e-01,1.731355847724221908e-01
7.564206000000001096e-01,1.731346759356758858e-01
7.565608000000001443e-01,1.731337676227946432e-01
7.567010000000001790e-01,1.731328598334764823e-01
7.568412000000002138e-01,1.731319525674196447e-01
7.569814000000002485e-01,1.731310458243224826e-01
7.571216000000002833e-01,1.731301396038835705e-01
7.572618000000003180e-01,1.731292339058015939e-01
7.574020000000003527e-01,1.731283287297754603e-01
7.575422000000003875e-01,1.731274240755042992e-01
7.576824000000004222e-01,1.731265199426873513e-01
7.578226000000004570e-01,1.731256163310239682e-01
7.579628000000004917e-01,1.731247132402138345e-01
7.580099999999999616e-01,1.731244092629580233e-01
7.581504000000000021e-01,1.731235140956530749e-01
7.582908000000000426e-01,1.731226194402011309e-01
7.584312000000000831e-01,1.731217252963095365e-01
7.585716000000001236e-01,1.731208316636857480e-01
7.587120000000001641e-01,1.731199385420374437e-01
7.588524000000002045e-01,1.731190459310725238e-01
7.589928000000002450e-01,1.731181538304987777e-01
7.591332000000002855e-01,1.731172622400245498e-01
7.592736000000003260e-01,1.731163711593580734e-01
7.594140000000003665e-01,1.731154805882079151e-01
7.595544000000004070e-01,1.731145905262826412e-01
7.596948000000004475e-01,1.731137009732912624e-01
7.598352000000004880e-01,1.731128119289425671e-01
7.599756000000005285e-01,1.731119233929457879e-01
7.600299999999999834e-01,1.731115791931914227e-01
7.601702000000000181e-01,1.731106922096249390e-01
7.603104000000000529e-01,1.731098057327479234e-01
7.604506000000000876e-01,1.731089197622708298e-01
7.605908000000001223e-01,1.731080342979044451e-01
7.607310000000001571e-01,1.731071493393596672e-01
7.608712000000001918e-01,1.731062648863475051e-01
7.610114000000002266e-01,1.731053809385790787e-01
7.611516000000002613e-01,1.731044974957659521e-01
7.612918000000002960e-01,1.731036145576194674e-01
7.614320000000003308e-01,1.731027321238515215e-01
7.615722000000003655e-01,1.731018501941739007e-01
7.617124000000004003e-01,1.731009687682986131e-01
7.618526000000004350e-01,1.731000878459379999e-01
7.619928000000004698e-01,1.730992074268042913e-01
7.620400000000000507e-01,1.730989110802411135e-01
7.621790000000000509e-01,1.730980161160431408e-01
7.623180000000000511e-01,1.730971216719369155e-01
7.624570000000000514e-01,1.730962277476199018e-01
7.625960000000000516e-01,1.730953343427902302e-01
7.627350000000000518e-01,1.730944414571459200e-01
7.628740000000000521e-01,1.730935490903853236e-01
7.630130000000000523e-01,1.730926572422067933e-01
7.631520000000000525e-01,1.730917659123090147e-01
7.632910000000000528e-01,1.730908751003908952e-01
7.634300000000000530e-01,1.730899848061514534e-01
7.635690000000000532e-01,1.730890950292895969e-01
7.637080000000000535e-01,1.730882057695047882e-01
7.638470000000000537e-01,1.730873170264967120e-01
7.639860000000000539e-01,1.730864287999647200e-01
7.639899999999999469e-01,1.730864032399165309e-01
7.641303999999999874e-01,1.730855415440746281e-01
7.642708000000000279e-01,1.730846803343244478e-01
7.644112000000000684e-01,1.730838196103916538e-01
7.645516000000001089e-01,1.730829593720022430e-01
7.646920000000001494e-01,1.730820996188822125e-01
7.648324000000001899e-01,1.730812403507580033e-01
7.649728000000002304e-01,1.730803815673558343e-01
7.651132000000002709e-01,1.730795232684023688e-01
7.652536000000003114e-01,1.730786654536243807e-01
7.653940000000003518e-01,1.730778081227486442e-01
7.655344000000003923e-01,1.730769512755021555e-01
7.656748000000004328e-01,1.730760949116122438e-01
7.658152000000004733e-01,1.730752390308060162e-01
7.659556000000005138e-01,1.730743836328111351e-01
7.660099999999999687e-01,1.730740522690190630e-01
7.661502000000000034e-01,1.730731983771686133e-01
7.662904000000000382e-01,1.730723449665358959e-01
7.664306000000000729e-01,1.730714920368499055e-01
7.665708000000001077e-01,1.730706395878394144e-01
7.667110000000001424e-01,1.730697876192336393e-01
7.668512000000001771e-01,1.730689361307616858e-01
7.669914000000002119e-01,1.730680851221532146e-01
7.671316000000002466e-01,1.730672345931376643e-01
7.672718000000002814e-01,1.730663845434446957e-01
7.674120000000003161e-01,1.730655349728043024e-01
7.675522000000003509e-01,1.730646858809463673e-01
7.676924000000003856e-01,1.730638372676012171e-01
7.678326000000004203e-01,1.730629891324990677e-01
7.679728000000004551e-01,1.730621414753705789e-01
7.680200000000000360e-01,1.730618561556652724e-01
7.681604000000000765e-01,1.730610159453259689e-01
7.683008000000001170e-01,1.730601762046880543e-01
7.684412000000001575e-01,1.730593369334890719e-01
7.685816000000001980e-01,1.730584981314664539e-01
7.687220000000002385e-01,1.730576597983579656e-01
7.688624000000002789e-01,1.730568219339015945e-01
7.690028000000003194e-01,1.730559845378352168e-01
7.691432000000003599e-01,1.730551476098970420e-01
7.692836000000004004e-01,1.730543111498252795e-01
7.694240000000004409e-01,1.730534751573584717e-01
7.695644000000004814e-01,1.730526396322352722e-01
7.697048000000005219e-01,1.730518045741943345e-01
7.698452000000005624e-01,1.730509699829745340e-01
7.699856000000006029e-01,1.730501358583148575e-01
7.700399999999999467e-01,1.730498127347434023e-01
7.701789999999999470e-01,1.730489617486573595e-01
7.703179999999999472e-01,1.730481112482898931e-01
7.704569999999999474e-01,1.730472612333638915e-01
7.705959999999999477e-01,1.730464117036022431e-01
7.707349999999999479e-01,1.730455626587280582e-01
7.708739999999999482e-01,1.730447140984645582e-01
7.710129999999999484e-01,1.730438660225350755e-01
7.711519999999999486e-01,1.730430184306631647e-01
7.712909999999999489e-01,1.730421713225727132e-01
7.714299999999999491e-01,1.730413246979874975e-01
7.715689999999999493e-01,1.730404785566315162e-01
7.717079999999999496e-01,1.730396328982289900e-01
7.718469999999999498e-01,1.730387877225041393e-01
7.719859999999999500e-01,1.730379430291816290e-01
7.719899999999999540e-01,1.730379187218596959e-01
7.721301999999999888e-01,1.730370963227481074e-01
7.722704000000000235e-01,1.730362743809179538e-01
7.724106000000000583e-01,1.730354528961151050e-01
7.725508000000000930e-01,1.730346318680853201e-01
7.726910000000001277e-01,1.730338112965746911e-01
7.728312000000001625e-01,1.730329911813294208e-01
7.729714000000001972e-01,1.730321715220957124e-01
7.731116000000002320e-01,1.730313523186199909e-01
7.732518000000002667e-01,1.730305335706489034e-01
7.733920000000003014e-01,1.730297152779290970e-01
7.735322000000003362e-01,1.730288974402075519e-01
7.736724000000003709e-01,1.730280800572312483e-01
7.738126000000004057e-01,1.730272631287472773e-01
7.739528000000004404e-01,1.730264466545029522e-01
7.740000000000000213e-01,1.730261718301975282e-01
7.741404000000000618e-01,1.730253625246689353e-01
7.742808000000001023e-01,1.730245536655220517e-01
7.744212000000001428e-01,1.730237452525107411e-01
7.745616000000001833e-01,1.730229372853888670e-01
7.747020000000002238e-01,1.730221297639105149e-01
7.748424000000002643e-01,1.730213226878298816e-01
7.749828000000003048e-01,1.730205160569012746e-01
7.751232000000003453e-01,1.730197098708791126e-01
7.752636000000003857e-01,1.730189041295181474e-01
7.754040000000004262e-01,1.730180988325730196e-01
7.755444000000004667e-01,1.730172939797987031e-01
7.756848000000005072e-01,1.730164895709501716e-01
7.758252000000005477e-01,1.730156856057825099e-01
7.759656000000005882e-01,1.730148820840510249e-01
7.760200000000000431e-01,1.730145708145537364e-01
7.761602000000000778e-01,1.730137686089340265e-01
7.763004000000001126e-01,1.730129668453935787e-01
7.764406000000001473e-01,1.730121655236888101e-01
7.765808000000001821e-01,1.730113646435761376e-01
7.767210000000002168e-01,1.730105642048122006e-01
7.768612000000002515e-01,1.730097642071538599e-01
7.770014000000002863e-01,1.730089646503580880e-01
7.771416000000003210e-01,1.730081655341818569e-01
7.772818000000003558e-01,1.730073668583823610e-01
7.774220000000003905e-01,1.730065686227169053e-01
7.775622000000004252e-01,1.730057708269429062e-01
7.777024000000004600e-01,1.730049734708180020e-01
7.778426000000004947e-01,1.730041765540998311e-01
7.779828000000005295e-01,1.730033800765462537e-01
7.780299999999999994e-01,1.730031119826568320e-01
7.781704000000000399e-01,1.730023224651956459e-01
7.783108000000000803e-01,1.730015333793374355e-01
7.784512000000001208e-01,1.730007447248461672e-01
7.785916000000001613e-01,1.729999565014860297e-01
7.787320000000002018e-01,1.729991687090214336e-01
7.788724000000002423e-01,1.729983813472167897e-01
7.790128000000002828e-01,1.729975944158366197e-01
7.791532000000003233e-01,1.729968079146456672e-01
7.792936000000003638e-01,1.729960218434086761e-01
7.794340000000004043e-01,1.729952362018907230e-01
7.795744000000004448e-01,1.729944509898568850e-01
7.797148000000004853e-01,1.729936662070722386e-01
7.798552000000005258e-01,1.729928818533023049e-01
7.799956000000005663e-01,1.729920979283124938e-01
7.800500000000000211e-01,1.729917942496550509e-01
7.801890000000000214e-01,1.729909943610044021e-01
7.803280000000000216e-01,1.729901949188693555e-01
7.804670000000000218e-01,1.729893959230007772e-01
7.806060000000000221e-01,1.729885973731495330e-01
7.807450000000000223e-01,1.729877992690666000e-01
7.808840000000000225e-01,1.729870016105031771e-01
7.810230000000000228e-01,1.729862043972104635e-01
7.811620000000000230e-01,1.729854076289399911e-01
7.813010000000000232e-01,1.729846113054434031e-01
7.814400000000000235e-01,1.729838154264723427e-01
7.815790000000000237e-01,1.729830199917785638e-01
7.817180000000000240e-01,1.729822250011142648e-01
7.818570000000000242e-01,1.729814304542314218e-01
7.819960000000000244e-01,1.729806363508823441e-01
7.820000000000000284e-01,1.729806134993546740e-01
7.821402000000000632e-01,1.729798403338890234e-01
7.822804000000000979e-01,1.729790675888831508e-01
7.824206000000001326e-01,1.729782952641085725e-01
7.825608000000001674e-01,1.729775233593366934e-01
7.827010000000002021e-01,1.729767518743390298e-01
7.828412000000002369e-01,1.729759808088873196e-01
7.829814000000002716e-01,1.729752101627534122e-01
7.831216000000003064e-01,1.729744399357093787e-01
7.832618000000003411e-01,1.729736701275271793e-01
7.834020000000003758e-01,1.729729007379789962e-01
7.835422000000004106e-01,1.729721317668373448e-01
7.836824000000004453e-01,1.729713632138746293e-01
7.838226000000004801e-01,1.729705950788633650e-01
7.839628000000005148e-01,1.729698273615761783e-01
7.840099999999999847e-01,1.729695689477435128e-01
7.841504000000000252e-01,1.729688078161862874e-01
7.842908000000000657e-01,1.729680470952923432e-01
7.844312000000001062e-01,1.729672867848403017e-01
7.845716000000001467e-01,1.729665268846085624e-01
7.847120000000001871e-01,1.729657673943759688e-01
7.848524000000002276e-01,1.729650083139211425e-01
7.849928000000002681e-01,1.729642496430231491e-01
7.851332000000003086e-01,1.729634913814608321e-01
7.852736000000003491e-01,1.729627335290134793e-01
7.854140000000003896e-01,1.729619760854602672e-01
7.855544000000004301e-01,1.729612190505807057e-01
7.856948000000004706e-01,1.729604624241541933e-01
7.858352000000005111e-01,1.729597062059603507e-01
7.859756000000005516e-01,1.729589503957789098e-01
7.860300000000000065e-01,1.729586576074914062e-01
7.861702000000000412e-01,1.729579029799673817e-01
7.863104000000000759e-01,1.729571487592649337e-01
7.864506000000001107e-01,1.729563949451647931e-01
7.865908000000001454e-01,1.729556415374478018e-01
7.867310000000001802e-01,1.729548885358948018e-01
7.868712000000002149e-01,1.729541359402868572e-01
7.870114000000002497e-01,1.729533837504051430e-01
7.871516000000002844e-01,1.729526319660309452e-01
7.872918000000003191e-01,1.729518805869456610e-01
7.874320000000003539e-01,1.729511296129307985e-01
7.875722000000003886e-01,1.729503790437678656e-01
7.877124000000004234e-01,1.729496288792387038e-01
7.878526000000004581e-01,1.729488791191251540e-01
7.879928000000004928e-01,1.729481297632091685e-01
7.880399999999999627e-01,1.729478775294179815e-01
7.881789999999999630e-01,1.729471155671092886e-01
7.883179999999999632e-01,1.729463540227880181e-01
7.884569999999999634e-01,1.729455928962250200e-01
7.885959999999999637e-01,1.729448321871910332e-01
7.887349999999999639e-01,1.729440718954570189e-01
7.888739999999999641e-01,1.729433120207940489e-01
7.890129999999999644e-01,1.729425525629734173e-01
7.891519999999999646e-01,1.729417935217663072e-01
7.892909999999999648e-01,1.729410348969443456e-01
7.894299999999999651e-01,1.729402766882790488e-01
7.895689999999999653e-01,1.729395188955420437e-01
7.897079999999999655e-01,1.729387615185052907e-01
7.898469999999999658e-01,1.729380045569406388e-01
7.899859999999999660e-01,1.729372480106202703e-01
7.899899999999999700e-01,1.729372262398469751e-01
7.901304000000000105e-01,1.729364921476892469e-01
7.902708000000000510e-01,1.729357584464989994e-01
7.904112000000000915e-01,1.729350251360679547e-01
7.905516000000001320e-01,1.729342922161880569e-01
7.906920000000001725e-01,1.729335596866512503e-01
7.908324000000002130e-01,1.729328275472497012e-01
7.909728000000002535e-01,1.729320957977755757e-01
7.911132000000002940e-01,1.729313644380211512e-01
7.912536000000003344e-01,1.729306334677790380e-01
7.913940000000003749e-01,1.729299028868416244e-01
7.915344000000004154e-01,1.729291726950016317e-01
7.916748000000004559e-01,1.729284428920517813e-01
7.918152000000004964e-01,1.729277134777850167e-01
7.919556000000005369e-01,1.729269844519943922e-01
7.920099999999999918e-01,1.729267020387723619e-01
7.921502000000000265e-01,1.729259740738314788e-01
7.922904000000000613e-01,1.729252464963169089e-01
7.924306000000000960e-01,1.729245193060224839e-01
7.925708000000001308e-01,1.729237925027420353e-01
7.927110000000001655e-01,1.729230660862696167e-01
7.928512000000002002e-01,1.729223400563993929e-01
7.929914000000002350e-01,1.729216144129256394e-01
7.931316000000002697e-01,1.729208891556425209e-01
7.932718000000003045e-01,1.729201642843446463e-01
7.934120000000003392e-01,1.729194397988266241e-01
7.935522000000003739e-01,1.729187156988831742e-01
7.936924000000004087e-01,1.729179919843090163e-01
7.938326000000004434e-01,1.729172686548990923e-01
7.939728000000004782e-01,1.729165457104483439e-01
7.940199999999999481e-01,1.729163023662115828e-01
7.941603999999999886e-01,1.729155855392323637e-01
7.943008000000000290e-01,1.729148690907927888e-01
7.944412000000000695e-01,1.729141530206930177e-01
7.945816000000001100e-01,1.729134373287332105e-01
7.947220000000001505e-01,1.729127220147136379e-01
7.948624000000001910e-01,1.729120070784347929e-01
7.950028000000002315e-01,1.729112925196972794e-01
7.951432000000002720e-01,1.729105783383015904e-01
7.952836000000003125e-01,1.729098645340485518e-01
7.954240000000003530e-01,1.729091511067388787e-01
7.955644000000003935e-01,1.729084380561736189e-01
7.957048000000004340e-01,1.729077253821538207e-01
7.958452000000004745e-01,1.729070130844806430e-01
7.959856000000005150e-01,1.729063011629552449e-01
7.960399999999999698e-01,1.729060253751764087e-01
7.961789999999999701e-01,1.729052989183599287e-01
7.963179999999999703e-01,1.729045728532877524e-01
7.964569999999999705e-01,1.729038471797488263e-01
7.965959999999999708e-01,1.729031218975318751e-01
7.967349999999999710e-01,1.729023970064260673e-01
7.968739999999999712e-01,1.729016725062203497e-01
7.970129999999999715e-01,1.729009483967040017e-01
7.971519999999999717e-01,1.729002246776663032e-01
7.972909999999999719e-01,1.728995013488967558e-01
7.974299999999999722e-01,1.728987784101847502e-01
7.975689999999999724e-01,1.728980558613201213e-01
7.977079999999999727e-01,1.728973337020924816e-01
7.978469999999999729e-01,1.728966119322918882e-01
7.979859999999999731e-01,1.728958905517081757e-01
7.979899999999999771e-01,1.728958697928768551e-01
7.981302000000000119e-01,1.728951672780396631e-01
7.982704000000000466e-01,1.728944651323335302e-01
7.984106000000000813e-01,1.728937633555646114e-01
7.985508000000001161e-01,1.728930619475388397e-01
7.986910000000001508e-01,1.728923609080625923e-01
7.988312000000001856e-01,1.728916602369421351e-01
7.989714000000002203e-01,1.728909599339840675e-01
7.991116000000002551e-01,1.728902599989948774e-01
7.992518000000002898e-01,1.728895604317811641e-01
7.993920000000003245e-01,1.728888612321496376e-01
7.995322000000003593e-01,1.728881623999072303e-01
7.996724000000003940e-01,1.728874639348609854e-01
7.998126000000004288e-01,1.728867658368178351e-01
7.999528000000004635e-01,1.728860681055849335e-01
8.000000000000000444e-01,1.728858332476218562e-01
8.001404000000000849e-01,1.728851413831368200e-01
8.002808000000001254e-01,1.728844498793833395e-01
8.004212000000001659e-01,1.728837587361733430e-01
8.005616000000002064e-01,1.728830679533188697e-01
8.007020000000002469e-01,1.728823775306318478e-01
8.008424000000002874e-01,1.728816874679246496e-01
8.009828000000003279e-01,1.728809977650096474e-01
8.011232000000003683e-01,1.728803084216991026e-01
8.012636000000004088e-01,1.728796194378056095e-01
8.014040000000004493e-01,1.728789308131417624e-01
8.015444000000004898e-01,1.728782425475202666e-01
8.016848000000005303e-01,1.728775546407539387e-01
8.018252000000005708e-01,1.728768670926555950e-01
8.019656000000006113e-01,1.728761799030382740e-01
8.020199999999999552e-01,1.728759136953416098e-01
8.021601999999999899e-01,1.728752274615039664e-01
8.023004000000000246e-01,1.728745415852230849e-01
8.024406000000000594e-01,1.728738560663127810e-01
8.025808000000000941e-01,1.728731709045866483e-01
8.027210000000001289e-01,1.728724860998587243e-01
8.028612000000001636e-01,1.728718016519429357e-01
8.030014000000001984e-01,1.728711175606534312e-01
8.031416000000002331e-01,1.728704338258043594e-01
8.032818000000002678e-01,1.728697504472099800e-01
8.034220000000003026e-01,1.728690674246846637e-01
8.035622000000003373e-01,1.728683847580428923e-01
8.037024000000003721e-01,1.728677024470992585e-01
8.038426000000004068e-01,1.728670204916683550e-01
8.039828000000004415e-01,1.728663388915651078e-01
8.040300000000000225e-01,1.728661094630375983e-01
8.041704000000000629e-01,1.728654336005465142e-01
8.043108000000001034e-01,1.728647580874871359e-01
8.044512000000001439e-01,1.728640829236790522e-01
8.045916000000001844e-01,1.728634081089416297e-01
8.047320000000002249e-01,1.728627336430942352e-01
8.048724000000002654e-01,1.728620595259566795e-01
8.050128000000003059e-01,1.728613857573486623e-01
8.051532000000003464e-01,1.728607123370898835e-01
8.052936000000003869e-01,1.728600392650001538e-01
8.054340000000004274e-01,1.728593665408997282e-01
8.055744000000004679e-01,1.728586941646086395e-01
8.057148000000005084e-01,1.728580221359468094e-01
8.058552000000005489e-01,1.728573504547348261e-01
8.059956000000005893e-01,1.728566791207929443e-01
8.060500000000000442e-01,1.728564190549229940e-01
8.061890000000000445e-01,1.728557339419773964e-01
8.063280000000000447e-01,1.728550491907759890e-01
8.064670000000000449e-01,1.728543648011277023e-01
8.066060000000000452e-01,1.728536807728416891e-01
8.067450000000000454e-01,1.728529971057272130e-01
8.068840000000000456e-01,1.728523137995934267e-01
8.070230000000000459e-01,1.728516308542498159e-01
8.071620000000000461e-01,1.728509482695058663e-01
8.073010000000000463e-01,1.728502660451710637e-01
8.074400000000000466e-01,1.728495841810552269e-01
8.075790000000000468e-01,1.728489026769681747e-01
8.077180000000000470e-01,1.728482215327197258e-01
8.078570000000000473e-01,1.728475407481200321e-01
8.079960000000000475e-01,1.728468603229790235e-01
8.080000000000000515e-01,1.728468407426970721e-01
8.081402000000000863e-01,1.728461780840893081e-01
8.082804000000001210e-01,1.728455157664190445e-01
8.084206000000001557e-01,1.728448537895107551e-01
8.085608000000001905e-01,1.728441921531891357e-01
8.087010000000002252e-01,1.728435308572789930e-01
8.088412000000002600e-01,1.728428699016051340e-01
8.089814000000002947e-01,1.728422092859924764e-01
8.091216000000003294e-01,1.728415490102661600e-01
8.092618000000003642e-01,1.728408890742512138e-01
8.094020000000003989e-01,1.728402294777728887e-01
8.095422000000004337e-01,1.728395702206565465e-01
8.096824000000004684e-01,1.728389113027275492e-01
8.098226000000005032e-01,1.728382527238113697e-01
8.099628000000005379e-01,1.728375944837335920e-01
8.100100000000000078e-01,1.728373729177684615e-01
8.101504000000000483e-01,1.728367201682203813e-01
8.102908000000000888e-01,1.728360677519396038e-01
8.104312000000001293e-01,1.728354156687554877e-01
8.105716000000001698e-01,1.728347639184985018e-01
8.107120000000002102e-01,1.728341125009981161e-01
8.108524000000002507e-01,1.728334614160847993e-01
8.109928000000002912e-01,1.728328106635887984e-01
8.111332000000003317e-01,1.728321602433401383e-01
8.112736000000003722e-01,1.728315101551695099e-01
8.114140000000004127e-01,1.728308603989069381e-01
8.115544000000004532e-01,1.728302109743832249e-01
8.116948000000004937e-01,1.728295618814291723e-01
8.118352000000005342e-01,1.728289131198750272e-01
8.119756000000005747e-01,1.728282646895521468e-01
8.120300000000000296e-01,1.728280134956117209e-01
8.121702000000000643e-01,1.728273659357371095e-01
8.123104000000000990e-01,1.728267187062700883e-01
8.124506000000001338e-01,1.728260718070421254e-01
8.125908000000001685e-01,1.728254252378847999e-01
8.127310000000002033e-01,1.728247789986295802e-01
8.128712000000002380e-01,1.728241330891082672e-01
8.130114000000002727e-01,1.728234875091524403e-01
8.131516000000003075e-01,1.728228422585941226e-01
8.132918000000003422e-01,1.728221973372652265e-01
8.134320000000003770e-01,1.728215527449976641e-01
8.135722000000004117e-01,1.728209084816236807e-01
8.137124000000004465e-01,1.728202645469752996e-01
8.138526000000004812e-01,1.728196209408848771e-01
8.139928000000005159e-01,1.728189776631847696e-01
8.140399999999999858e-01,1.728187611332984153e-01
8.141791999999999918e-01,1.728181093119162126e-01
8.143183999999999978e-01,1.728174578277632545e-01
8.144576000000000038e-01,1.728168066806650138e-01
8.145968000000000098e-01,1.728161558704470746e-01
8.147360000000000158e-01,1.728155053969352428e-01
8.148752000000000217e-01,1.728148552599553245e-01
8.150144000000000277e-01,1.728142054593331256e-01
8.151536000000000337e-01,1.728135559948946742e-01
8.152928000000000397e-01,1.728129068664659984e-01
8.154320000000000457e-01,1.728122580738732372e-01
8.155712000000000517e-01,1.728116096169427518e-01
8.157104000000000577e-01,1.728109614955007922e-01
8.158496000000000636e-01,1.728103137093738306e-01
8.159888000000000696e-01,1.728096662583884502e-01
8.159999999999999476e-01,1.728096141668006291e-01
8.161401999999999823e-01,1.728089812632521705e-01
8.162804000000000171e-01,1.728083486799673052e-01
8.164206000000000518e-01,1.728077164167837187e-01
8.165608000000000866e-01,1.728070844735399847e-01
8.167010000000001213e-01,1.728064528500738994e-01
8.168412000000001560e-01,1.728058215462235925e-01
8.169814000000001908e-01,1.728051905618274153e-01
8.171216000000002255e-01,1.728045598967237195e-01
8.172618000000002603e-01,1.728039295507506345e-01
8.174020000000002950e-01,1.728032995237471781e-01
8.175422000000003298e-01,1.728026698155518126e-01
8.176824000000003645e-01,1.728020404260031118e-01
8.178226000000003992e-01,1.728014113549397601e-01
8.179628000000004340e-01,1.728007826022007754e-01
8.180100000000000149e-01,1.728005709611748486e-01
8.181502000000000496e-01,1.727999452553269366e-01
8.182904000000000844e-01,1.727993198647793660e-01
8.184306000000001191e-01,1.727986947893732639e-01
8.185708000000001539e-01,1.727980700289497573e-01
8.187110000000001886e-01,1.727974455833501954e-01
8.188512000000002233e-01,1.727968214524159274e-01
8.189914000000002581e-01,1.727961976359884133e-01
8.191316000000002928e-01,1.727955741339091134e-01
8.192718000000003276e-01,1.727949509460195987e-01
8.194120000000003623e-01,1.727943280721615515e-01
8.195522000000003970e-01,1.727937055121767651e-01
8.196924000000004318e-01,1.727930832659070326e-01
8.198326000000004665e-01,1.727924613331943693e-01
8.199728000000005013e-01,1.727918397138806794e-01
8.200199999999999712e-01,1.727916304738492670e-01
8.201604000000000116e-01,1.727910139692970803e-01
8.203008000000000521e-01,1.727903977730601559e-01
8.204412000000000926e-01,1.727897818849840617e-01
8.205816000000001331e-01,1.727891663049148097e-01
8.207220000000001736e-01,1.727885510326985230e-01
8.208624000000002141e-01,1.727879360681809917e-01
8.210028000000002546e-01,1.727873214112085609e-01
8.211432000000002951e-01,1.727867070616272427e-01
8.212836000000003356e-01,1.727860930192833822e-01
8.214240000000003761e-01,1.727854792840234355e-01
8.215644000000004166e-01,1.727848658556936368e-01
8.217048000000004571e-01,1.727842527341405532e-01
8.218452000000004976e-01,1.727836399192109740e-01
8.219856000000005380e-01,1.727830274107512443e-01
8.220399999999999929e-01,1.727827901315370784e-01
8.221789999999999932e-01,1.727821650078980031e-01
8.223179999999999934e-01,1.727815402035448589e-01
8.224569999999999936e-01,1.727809157183146649e-01
8.225959999999999939e-01,1.727802915520443294e-01
8.227349999999999941e-01,1.727796677045708718e-01
8.228739999999999943e-01,1.727790441757315332e-01
8.230129999999999946e-01,1.727784209653636660e-01
8.231519999999999948e-01,1.727777980733045116e-01
8.232909999999999950e-01,1.727771754993914222e-01
8.234299999999999953e-01,1.727765532434619722e-01
8.235689999999999955e-01,1.727759313053537360e-01
8.237079999999999957e-01,1.727753096849045100e-01
8.238469999999999960e-01,1.727746883819518686e-01
8.239859999999999962e-01,1.727740673963337192e-01
8.239900000000000002e-01,1.727740495265067677e-01
8.241304000000000407e-01,1.727734467502574089e-01
8.242708000000000812e-01,1.727728442730092073e-01
8.244112000000001217e-01,1.727722420946138371e-01
8.245516000000001622e-01,1.727716402149229724e-01
8.246920000000002027e-01,1.727710386337886206e-01
8.248324000000002432e-01,1.727704373510625668e-01
8.249728000000002837e-01,1.727698363665968184e-01
8.251132000000003242e-01,1.727692356802433826e-01
8.252536000000003646e-01,1.727686352918544888e-01
8.253940000000004051e-01,1.727680352012821441e-01
8.255344000000004456e-01,1.727674354083788000e-01
8.256748000000004861e-01,1.727668359129966857e-01
8.258152000000005266e-01,1.727662367149882527e-01
8.259556000000005671e-01,1.727656378142061744e-01
8.260100000000000220e-01,1.727654058060951181e-01
8.261502000000000567e-01,1.727648076316968817e-01
8.262904000000000915e-01,1.727642097538614196e-01
8.264306000000001262e-01,1.727636121724415164e-01
8.265708000000001610e-01,1.727630148872902893e-01
8.267110000000001957e-01,1.727624178982607450e-01
8.268512000000002304e-01,1.727618212052063340e-01
8.269914000000002652e-01,1.727612248079800628e-01
8.271316000000002999e-01,1.727606287064353818e-01
8.272718000000003347e-01,1.727600329004256308e-01
8.274120000000003694e-01,1.727594373898043711e-01
8.275522000000004041e-01,1.727588421744251646e-01
8.276924000000004389e-01,1.727582472541415726e-01
8.278326000000004736e-01,1.727576526288073788e-01
8.279728000000005084e-01,1.727570582982761449e-01
8.280199999999999783e-01,1.727568582432310595e-01
8.281602000000000130e-01,1.727562667107152006e-01
8.283004000000000477e-01,1.727556754702819219e-01
8.284406000000000825e-01,1.727550845217870057e-01
8.285808000000001172e-01,1.727544938650864559e-01
8.287210000000001520e-01,1.727539035000360546e-01
8.288612000000001867e-01,1.727533134264918058e-01
8.290014000000002214e-01,1.727527236443098246e-01
8.291416000000002562e-01,1.727521341533461152e-01
8.292818000000002909e-01,1.727515449534569036e-01
8.294220000000003257e-01,1.727509560444986381e-01
8.295622000000003604e-01,1.727503674263275446e-01
8.297024000000003952e-01,1.727497790988000714e-01
8.298426000000004299e-01,1.727491910617726667e-01
8.299828000000004646e-01,1.727486033151020006e-01
8.300300000000000455e-01,1.727484054760882737e-01
8.301692000000000515e-01,1.727478098406529661e-01
8.303084000000000575e-01,1.727472145034708584e-01
8.304476000000000635e-01,1.727466194643920705e-01
8.305868000000000695e-01,1.727460247232678325e-01
8.307260000000000755e-01,1.727454302799484864e-01
8.308652000000000815e-01,1.727448361342851513e-01
8.310044000000000874e-01,1.727442422861289462e-01
8.311436000000000934e-01,1.727436487353305461e-01
8.312828000000000994e-01,1.727430554817414032e-01
8.314220000000001054e-01,1.727424625252123036e-01
8.315612000000001114e-01,1.727418698655949214e-01
8.317004000000001174e-01,1.727412775027401537e-01
8.318396000000001234e-01,1.727406854364996747e-01
8.319788000000001293e-01,1.727400936667251585e-01
8.319900000000000073e-01,1.727400460549842753e-01
8.321302000000000421e-01,1.727394675030375915e-01
8.322704000000000768e-01,1.727388892344722260e-01
8.324106000000001115e-01,1.727383112491492900e-01
8.325508000000001463e-01,1.727377335469301167e-01
8.326910000000001810e-01,1.727371561276759282e-01
8.328312000000002158e-01,1.727365789912482796e-01
8.329714000000002505e-01,1.727360021375085042e-01
8.331116000000002852e-01,1.727354255663182681e-01
8.332518000000003200e-01,1.727348492775390154e-01
8.333920000000003547e-01,1.727342732710325235e-01
8.335322000000003895e-01,1.727336975466605695e-01
8.336724000000004242e-01,1.727331221042849307e-01
8.338126000000004590e-01,1.727325469437673844e-01
8.339528000000004937e-01,1.727319720649700407e-01
8.339999999999999636e-01,1.727317785571004238e-01
8.341404000000000041e-01,1.727312083423119260e-01
8.342808000000000446e-01,1.727306384047365695e-01
8.344212000000000851e-01,1.727300687442395732e-01
8.345616000000001256e-01,1.727294993606863782e-01
8.347020000000001660e-01,1.727289302539422033e-01
8.348424000000002065e-01,1.727283614238724896e-01
8.349828000000002470e-01,1.727277928703427889e-01
8.351232000000002875e-01,1.727272245932186534e-01
8.352636000000003280e-01,1.727266565923656350e-01
8.354040000000003685e-01,1.727260888676495076e-01
8.355444000000004090e-01,1.727255214189359345e-01
8.356848000000004495e-01,1.727249542460908005e-01
8.358252000000004900e-01,1.727243873489799908e-01
8.359656000000005305e-01,1.727238207274695014e-01
8.360199999999999854e-01,1.727236012231807560e-01
8.361602000000000201e-01,1.727230352549378178e-01
8.363004000000000548e-01,1.727224695617117778e-01
8.364406000000000896e-01,1.727219041433690760e-01
8.365808000000001243e-01,1.727213389997762638e-01
8.367210000000001591e-01,1.727207741307995592e-01
8.368612000000001938e-01,1.727202095363056245e-01
8.370014000000002286e-01,1.727196452161611218e-01
8.371416000000002633e-01,1.727190811702328244e-01
8.372818000000002980e-01,1.727185173983873945e-01
8.374220000000003328e-01,1.727179539004916053e-01
8.375622000000003675e-01,1.727173906764124522e-01
8.377024000000004023e-01,1.727168277260167084e-01
8.378426000000004370e-01,1.727162650491714802e-01
8.379828000000004717e-01,1.727157026457438738e-01
8.380300000000000527e-01,1.727155133369152606e-01
8.381702000000000874e-01,1.727149535474706843e-01
8.383104000000001221e-01,1.727143940289522783e-01
8.384506000000001569e-01,1.727138347812289254e-01
8.385908000000001916e-01,1.727132758041696192e-01
8.387310000000002264e-01,1.727127170976434645e-01
8.388712000000002611e-01,1.727121586615193438e-01
8.390114000000002958e-01,1.727116004956664730e-01
8.391516000000003306e-01,1.727110425999540677e-01
8.392918000000003653e-01,1.727104849742513437e-01
8.394320000000004001e-01,1.727099276184276277e-01
8.395722000000004348e-01,1.727093705323522466e-01
8.397124000000004695e-01,1.727088137158947490e-01
8.398526000000005043e-01,1.727082571689246837e-01
8.399928000000005390e-01,1.727077008913114886e-01
8.400400000000000089e-01,1.727075136443511072e-01
8.401792000000000149e-01,1.727069498167375095e-01
8.403184000000000209e-01,1.727063862658870796e-01
8.404576000000000269e-01,1.727058229916641485e-01
8.405968000000000329e-01,1.727052599939328248e-01
8.407360000000000388e-01,1.727046972725574392e-01
8.408752000000000448e-01,1.727041348274022114e-01
8.410144000000000508e-01,1.727035726583318054e-01
8.411536000000000568e-01,1.727030107652105517e-01
8.412928000000000628e-01,1.727024491479030033e-01
8.414320000000000688e-01,1.727018878062736018e-01
8.415712000000000748e-01,1.727013267401873442e-01
8.417104000000000807e-01,1.727007659495087832e-01
8.418496000000000867e-01,1.727002054341028048e-01
8.419888000000000927e-01,1.726996451938340726e-01
8.419999999999999707e-01,1.726996001188118024e-01
8.421402000000000054e-01,1.726990523712056413e-01
8.422804000000000402e-01,1.726985048866136463e-01
8.424206000000000749e-01,1.726979576649094739e-01
8.425608000000001097e-01,1.726974107059670027e-01
8.427010000000001444e-01,1.726968640096600005e-01
8.428412000000001791e-01,1.726963175758623459e-01
8.429814000000002139e-01,1.726957714044480285e-01
8.431216000000002486e-01,1.726952254952910382e-01
8.432618000000002834e-01,1.726946798482654755e-01
8.434020000000003181e-01,1.726941344632454411e-01
8.435422000000003528e-01,1.726935893401051469e-01
8.436824000000003876e-01,1.726930444787188046e-01
8.438226000000004223e-01,1.726924998789608479e-01
8.439628000000004571e-01,1.726919555407055995e-01
8.440100000000000380e-01,1.726917723123823079e-01
8.441504000000000785e-01,1.726912323910112512e-01
8.442908000000001190e-01,1.726906927269580283e-01
8.444312000000001595e-01,1.726901533200998484e-01
8.445716000000001999e-01,1.726896141703141430e-01
8.447120000000002404e-01,1.726890752774783433e-01
8.448524000000002809e-01,1.726885366414702139e-01
8.449928000000003214e-01,1.726879982621670750e-01
8.451332000000003619e-01,1.726874601394468023e-01
8.452736000000004024e-01,1.726869222731870490e-01
8.454140000000004429e-01,1.726863846632655797e-01
8.455544000000004834e-01,1.726858473095601587e-01
8.456948000000005239e-01,1.726853102119487726e-01
8.458352000000005644e-01,1.726847733703092969e-01
8.459756000000006049e-01,1.726842367845198289e-01
8.460299999999999487e-01,1.726840289150389784e-01
8.461701999999999835e-01,1.726834928664824353e-01
8.463104000000000182e-01,1.726829570733109387e-01
8.464506000000000530e-01,1.726824215354029191e-01
8.465908000000000877e-01,1.726818862526366960e-01
8.467310000000001224e-01,1.726813512248907001e-01
8.468712000000001572e-01,1.726808164520433619e-01
8.470114000000001919e-01,1.726802819339733341e-01
8.471516000000002267e-01,1.726797476705592693e-01
8.472918000000002614e-01,1.726792136616798201e-01
8.474320000000002961e-01,1.726786799072137502e-01
8.475722000000003309e-01,1.726781464070397121e-01
8.477124000000003656e-01,1.726776131610365805e-01
8.478526000000004004e-01,1.726770801690833412e-01
8.479928000000004351e-01,1.726765474310589799e-01
8.480400000000000160e-01,1.726763681072333023e-01
8.481790000000000163e-01,1.726758261545441320e-01
8.483180000000000165e-01,1.726752844646862739e-01
8.484570000000000167e-01,1.726747430375319414e-01
8.485960000000000170e-01,1.726742018729543471e-01
8.487350000000000172e-01,1.726736609708258152e-01
8.488740000000000174e-01,1.726731203310190033e-01
8.490130000000000177e-01,1.726725799534067907e-01
8.491520000000000179e-01,1.726720398378620569e-01
8.492910000000000181e-01,1.726714999842574594e-01
8.494300000000000184e-01,1.726709603924663217e-01
8.495690000000000186e-01,1.726704210623615232e-01
8.497080000000000188e-01,1.726698819938161655e-01
8.498470000000000191e-01,1.726693431867033501e-01
8.499860000000000193e-01,1.726688046408962895e-01
8.499900000000000233e-01,1.726687891433916766e-01
8.501304000000000638e-01,1.726682663488581237e-01
8.502708000000001043e-01,1.726677438005720377e-01
8.504112000000001448e-01,1.726672214984175113e-01
8.505516000000001853e-01,1.726666994422785262e-01
8.506920000000002258e-01,1.726661776320392860e-01
8.508324000000002663e-01,1.726656560675839946e-01
8.509728000000003068e-01,1.726651347487967447e-01
8.511132000000003472e-01,1.726646136755619620e-01
8.512536000000003877e-01,1.726640928477638504e-01
8.513940000000004282e-01,1.726635722652869465e-01
8.515344000000004687e-01,1.726630519280155651e-01
8.516748000000005092e-01,1.726625318358343542e-01
8.518152000000005497e-01,1.726620119886278504e-01
8.519556000000005902e-01,1.726614923862804796e-01
8.520100000000000451e-01,1.726612910956288882e-01
8.521502000000000798e-01,1.726607720102720789e-01
8.522904000000001146e-01,1.726602531693320897e-01
8.524306000000001493e-01,1.726597345726939015e-01
8.525708000000001840e-01,1.726592162202423841e-01
8.527110000000002188e-01,1.726586981118627406e-01
8.528512000000002535e-01,1.726581802474399518e-01
8.529914000000002883e-01,1.726576626268589987e-01
8.531316000000003230e-01,1.726571452500053061e-01
8.532718000000003578e-01,1.726566281167639660e-01
8.534120000000003925e-01,1.726561112270202925e-01
8.535522000000004272e-01,1.726555945806597103e-01
8.536924000000004620e-01,1.726550781775675336e-01
8.538326000000004967e-01,1.726545620176292983e-01
8.539728000000005315e-01,1.726540461007304295e-01
8.540200000000000014e-01,1.726538724387032264e-01
8.541602000000000361e-01,1.726533588266356833e-01
8.543004000000000708e-01,1.726528454554790981e-01
8.544406000000001056e-01,1.726523323251204500e-01
8.545808000000001403e-01,1.726518194354467184e-01
8.547210000000001751e-01,1.726513067863451045e-01
8.548612000000002098e-01,1.726507943777026988e-01
8.550014000000002445e-01,1.726502822094068135e-01
8.551416000000002793e-01,1.726497702813446500e-01
8.552818000000003140e-01,1.726492585934035207e-01
8.554220000000003488e-01,1.726487471454707379e-01
8.555622000000003835e-01,1.726482359374338360e-01
8.557024000000004182e-01,1.726477249691802385e-01
8.558426000000004530e-01,1.726472142405974797e-01
8.559828000000004877e-01,1.726467037515730940e-01
8.560299999999999576e-01,1.726465319165099155e-01
8.561691999999999636e-01,1.726460144833424915e-01
8.563083999999999696e-01,1.726454972963340495e-01
8.564475999999999756e-01,1.726449803553675721e-01
8.565867999999999816e-01,1.726444636603259308e-01
8.567259999999999875e-01,1.726439472110922191e-01
8.568651999999999935e-01,1.726434310075493084e-01
8.570043999999999995e-01,1.726429150495805143e-01
8.571436000000000055e-01,1.726423993370689303e-01
8.572828000000000115e-01,1.726418838698978719e-01
8.574220000000000175e-01,1.726413686479505438e-01
8.575612000000000235e-01,1.726408536711102615e-01
8.577004000000000294e-01,1.726403389392604515e-01
8.578396000000000354e-01,1.726398244522845404e-01
8.579788000000000414e-01,1.726393102100660659e-01
8.579900000000000304e-01,1.726392688358397987e-01
8.581302000000000652e-01,1.726387660036884375e-01
8.582704000000000999e-01,1.726382634055625420e-01
8.584106000000001346e-01,1.726377610413533104e-01
8.585508000000001694e-01,1.726372589109517186e-01
8.586910000000002041e-01,1.726367570142489649e-01
8.588312000000002389e-01,1.726362553511362474e-01
8.589714000000002736e-01,1.726357539215049863e-01
8.591116000000003083e-01,1.726352527252464908e-01
8.592518000000003431e-01,1.726347517622520700e-01
8.593920000000003778e-01,1.726342510324131441e-01
8.595322000000004126e-01,1.726337505356212443e-01
8.596724000000004473e-01,1.726332502717680129e-01
8.598126000000004820e-01,1.726327502407448700e-01
8.599528000000005168e-01,1.726322504424434578e-01
8.599999999999999867e-01,1.726320822057647586e-01
8.601404000000000272e-01,1.726315863592734479e-01
8.602808000000000677e-01,1.726310907418742158e-01
8.604212000000001082e-01,1.726305953534612581e-01
8.605616000000001486e-01,1.726301001939284374e-01
8.607020000000001891e-01,1.726296052631705047e-01
8.608424000000002296e-01,1.726291105610815446e-01
8.609828000000002701e-01,1.726286160875559750e-01
8.611232000000003106e-01,1.726281218424881025e-01
8.612636000000003511e-01,1.726276278257724561e-01
8.614040000000003916e-01,1.726271340373034535e-01
8.615444000000004321e-01,1.726266404769756235e-01
8.616848000000004726e-01,1.726261471446833839e-01
8.618252000000005131e-01,1.726256540403218187e-01
8.619656000000005536e-01,1.726251611637854566e-01
8.620200000000000085e-01,1.726249702258770835e-01
8.621602000000000432e-01,1.726244778262916446e-01
8.623004000000000779e-01,1.726239856541313955e-01
8.624406000000001127e-01,1.726234937092911981e-01
8.625808000000001474e-01,1.726230019916661362e-01
8.627210000000001822e-01,1.726225105011512939e-01
8.628612000000002169e-01,1.726220192376417550e-01
8.630014000000002516e-01,1.726215282010326035e-01
8.631416000000002864e-01,1.726210373912191454e-01
8.632818000000003211e-01,1.726205468080964645e-01
8.634220000000003559e-01,1.726200564515600888e-01
8.635622000000003906e-01,1.726195663215051024e-01
8.637024000000004254e-01,1.726190764178271442e-01
8.638426000000004601e-01,1.726185867404215202e-01
8.639828000000004948e-01,1.726180972891837584e-01
8.640299999999999647e-01,1.726179325352245053e-01
8.641701999999999995e-01,1.726174452459716679e-01
8.643104000000000342e-01,1.726169581809279263e-01
8.644506000000000689e-01,1.726164713399901407e-01
8.645908000000001037e-01,1.726159847230551714e-01
8.647310000000001384e-01,1.726154983300199897e-01
8.648712000000001732e-01,1.726150121607815668e-01
8.650114000000002079e-01,1.726145262152368742e-01
8.651516000000002427e-01,1.726140404932829941e-01
8.652918000000002774e-01,1.726135549948171199e-01
8.654320000000003121e-01,1.726130697197363340e-01
8.655722000000003469e-01,1.726125846679379405e-01
8.657124000000003816e-01,1.726120998393191330e-01
8.658526000000004164e-01,1.726116152337772158e-01
8.659928000000004511e-01,1.726111308512096043e-01
8.660400000000000320e-01,1.726109678033166395e-01
8.661792000000000380e-01,1.726104767957551411e-01
8.663184000000000440e-01,1.726099860173443412e-01
8.664576000000000500e-01,1.726094954679775473e-01
8.665968000000000560e-01,1.726090051475477338e-01
8.667360000000000619e-01,1.726085150559480974e-01
8.668752000000000679e-01,1.726080251930717235e-01
8.670144000000000739e-01,1.726075355588120308e-01
8.671536000000000799e-01,1.726070461530622158e-01
8.672928000000000859e-01,1.726065569757156970e-01
8.674320000000000919e-01,1.726060680266657821e-01
8.675712000000000979e-01,1.726055793058061116e-01
8.677104000000001038e-01,1.726050908130301043e-01
8.678496000000001098e-01,1.726046025482312896e-01
8.679888000000001158e-01,1.726041145113031972e-01
8.679999999999999938e-01,1.726040752454394145e-01
8.681402000000000285e-01,1.726035979922104779e-01
8.682804000000000633e-01,1.726031209569015568e-01
8.684206000000000980e-01,1.726026441394133970e-01
8.685608000000001327e-01,1.726021675396464117e-01
8.687010000000001675e-01,1.726016911575011248e-01
8.688412000000002022e-01,1.726012149928782824e-01
8.689814000000002370e-01,1.726007390456785195e-01
8.691216000000002717e-01,1.726002633158024713e-01
8.692618000000003065e-01,1.725997878031509947e-01
8.694020000000003412e-01,1.725993125076249468e-01
8.695422000000003759e-01,1.725988374291249627e-01
8.696824000000004107e-01,1.725983625675522326e-01
8.698226000000004454e-01,1.725978879228076135e-01
8.699628000000004802e-01,1.725974134947919625e-01
8.700099999999999500e-01,1.725972537975098975e-01
8.701503999999999905e-01,1.725967830954945326e-01
8.702908000000000310e-01,1.725963126068500442e-01
8.704312000000000715e-01,1.725958423314799539e-01
8.705716000000001120e-01,1.725953722692874504e-01
8.707120000000001525e-01,1.725949024201759441e-01
8.708524000000001930e-01,1.725944327840487347e-01
8.709928000000002335e-01,1.725939633608094548e-01
8.711332000000002740e-01,1.725934941503615150e-01
8.712736000000003145e-01,1.725930251526084369e-01
8.714140000000003550e-01,1.725925563674537422e-01
8.715544000000003955e-01,1.725920877948012855e-01
8.716948000000004360e-01,1.725916194345545884e-01
8.718352000000004765e-01,1.725911512866172837e-01
8.719756000000005169e-01,1.725906833508932259e-01
8.720299999999999718e-01,1.725905020743181417e-01
8.721702000000000066e-01,1.725900345450795959e-01
8.723104000000000413e-01,1.725895672277228954e-01
8.724506000000000761e-01,1.725891001221521170e-01
8.725908000000001108e-01,1.725886332282713376e-01
8.727310000000001455e-01,1.725881665459846337e-01
8.728712000000001803e-01,1.725877000751958601e-01
8.730114000000002150e-01,1.725872338158094266e-01
8.731516000000002498e-01,1.725867677677294099e-01
8.732918000000002845e-01,1.725863019308601087e-01
8.734320000000003192e-01,1.725858363051057109e-01
8.735722000000003540e-01,1.725853708903706263e-01
8.737124000000003887e-01,1.725849056865591535e-01
8.738526000000004235e-01,1.725844406935759245e-01
8.739928000000004582e-01,1.725839759113250160e-01
8.740400000000000391e-01,1.725838194607249854e-01
8.741790000000000393e-01,1.725833465332666794e-01
8.743180000000000396e-01,1.725828738240250404e-01
8.744570000000000398e-01,1.725824013328992601e-01
8.745960000000000401e-01,1.725819290597888633e-01
8.747350000000000403e-01,1.725814570045931529e-01
8.748740000000000405e-01,1.725809851672115425e-01
8.750130000000000408e-01,1.725805135475435570e-01
8.751520000000000410e-01,1.725800421454888323e-01
8.752910000000000412e-01,1.725795709609467821e-01
8.754300000000000415e-01,1.725790999938172643e-01
8.755690000000000417e-01,1.725786292439998038e-01
8.757080000000000419e-01,1.725781587113941473e-01
8.758470000000000422e-01,1.725776883959001529e-01
8.759860000000000424e-01,1.725772182974174562e-01
8.759900000000000464e-01,1.725772047695832700e-01
8.761304000000000869e-01,1.725767483322293572e-01
8.762708000000001274e-01,1.725762920994600158e-01
8.764112000000001679e-01,1.725758360711836525e-01
8.765516000000002084e-01,1.725753802473085630e-01
8.766920000000002489e-01,1.725749246277430426e-01
8.768324000000002894e-01,1.725744692123957202e-01
8.769728000000003298e-01,1.725740140011748913e-01
8.771132000000003703e-01,1.725735589939890735e-01
8.772536000000004108e-01,1.725731041907468954e-01
8.773940000000004513e-01,1.725726495913568748e-01
8.775344000000004918e-01,1.725721951957277511e-01
8.776748000000005323e-01,1.725717410037681532e-01
8.778152000000005728e-01,1.725712870153865985e-01
8.779556000000006133e-01,1.725708332304921599e-01
8.780099999999999572e-01,1.725706574355498901e-01
8.781501999999999919e-01,1.725702039976498847e-01
8.782904000000000266e-01,1.725697507629609939e-01
8.784306000000000614e-01,1.725692977313921794e-01
8.785708000000000961e-01,1.725688449028525140e-01
8.787110000000001309e-01,1.725683922772509593e-01
8.788512000000001656e-01,1.725679398544965881e-01
8.789914000000002003e-01,1.725674876344983621e-01
8.791316000000002351e-01,1.725670356171654651e-01
8.792718000000002698e-01,1.725665838024070808e-01
8.794120000000003046e-01,1.725661321901325040e-01
8.795522000000003393e-01,1.725656807802509185e-01
8.796924000000003740e-01,1.725652295726716190e-01
8.798326000000004088e-01,1.725647785673040113e-01
8.799728000000004435e-01,1.725643277640573903e-01
8.800200000000000244e-01,1.725641760186797935e-01
8.801604000000000649e-01,1.725637287720162005e-01
8.803008000000001054e-01,1.725632817243270001e-01
8.804412000000001459e-01,1.725628348755235963e-01
8.805816000000001864e-01,1.725623882255176156e-01
8.807220000000002269e-01,1.725619417742205730e-01
8.808624000000002674e-01,1.725614955215440949e-01
8.810028000000003079e-01,1.725610494673998074e-01
8.811432000000003484e-01,1.725606036116993369e-01
8.812836000000003889e-01,1.725601579543543096e-01
8.814240000000004294e-01,1.725597124952767958e-01
8.815644000000004699e-01,1.725592672343783107e-01
8.817048000000005104e-01,1.725588221715708137e-01
8.818452000000005508e-01,1.725583773067661530e-01
8.819856000000005913e-01,1.725579326398760660e-01
8.820400000000000462e-01,1.725577603769995472e-01
8.821790000000000465e-01,1.725573062921709200e-01
8.823180000000000467e-01,1.725568524137649495e-01
8.824570000000000469e-01,1.725563987416878220e-01
8.825960000000000472e-01,1.725559452758457235e-01
8.827350000000000474e-01,1.725554920161448402e-01
8.828740000000000476e-01,1.725550389624915804e-01
8.830130000000000479e-01,1.725545861147922411e-01
8.831520000000000481e-01,1.725541334729532306e-01
8.832910000000000483e-01,1.725536810368809570e-01
8.834300000000000486e-01,1.725532288064818287e-01
8.835690000000000488e-01,1.725527767816623648e-01
8.837080000000000490e-01,1.725523249623290845e-01
8.838470000000000493e-01,1.725518733483886180e-01
8.839860000000000495e-01,1.725514219397475957e-01
8.839900000000000535e-01,1.725514089497409698e-01
8.841302000000000882e-01,1.725509690768378679e-01
8.842704000000001230e-01,1.725505293988782718e-01
8.844106000000001577e-01,1.725500899157752510e-01
8.845508000000001925e-01,1.725496506274426523e-01
8.846910000000002272e-01,1.725492115337942112e-01
8.848312000000002620e-01,1.725487726347438855e-01
8.849714000000002967e-01,1.725483339302049668e-01
8.851116000000003314e-01,1.725478954200914128e-01
8.852518000000003662e-01,1.725474571043171812e-01
8.853920000000004009e-01,1.725470189827962297e-01
8.855322000000004357e-01,1.725465810554420720e-01
8.856724000000004704e-01,1.725461433221688878e-01
8.858126000000005051e-01,1.725457057828909679e-01
8.859528000000005399e-01,1.725452684375218260e-01
8.860000000000000098e-01,1.725451212219684116e-01
8.861404000000000503e-01,1.725446872809821564e-01
8.862808000000000908e-01,1.725442535309263947e-01
8.864212000000001312e-01,1.725438199717169718e-01
8.865616000000001717e-01,1.725433866032699548e-01
8.867020000000002122e-01,1.725429534255014108e-01
8.868424000000002527e-01,1.725425204383274069e-01
8.869828000000002932e-01,1.725420876416641214e-01
8.871232000000003337e-01,1.725416550354277323e-01
8.872636000000003742e-01,1.725412226195344179e-01
8.874040000000004147e-01,1.725407903939004672e-01
8.875444000000004552e-01,1.725403583584422806e-01
8.876848000000004957e-01,1.725399265130759252e-01
8.878252000000005362e-01,1.725394948577179122e-01
8.879656000000005767e-01,1.725390633922846417e-01
8.880200000000000315e-01,1.725388962433029860e-01
8.881602000000000663e-01,1.725384651121137924e-01
8.883004000000001010e-01,1.725380341705874399e-01
8.884406000000001358e-01,1.725376034186406615e-01
8.885808000000001705e-01,1.725371728561899687e-01
8.887210000000002053e-01,1.725367424831520946e-01
8.888612000000002400e-01,1.725363122994435505e-01
8.890014000000002747e-01,1.725358823049811807e-01
8.891416000000003095e-01,1.725354524996816075e-01
8.892818000000003442e-01,1.725350228834616750e-01
8.894220000000003790e-01,1.725345934562382277e-01
8.895622000000004137e-01,1.725341642179281099e-01
8.897024000000004484e-01,1.725337351684481657e-01
8.898426000000004832e-01,1.725333063077154616e-01
8.899828000000005179e-01,1.725328776356467309e-01
8.900299999999999878e-01,1.725327333394688356e-01
8.901704000000000283e-01,1.725323080039299350e-01
8.903108000000000688e-01,1.725318828541572147e-01
8.904512000000001093e-01,1.725314578900695173e-01
8.905916000000001498e-01,1.725310331115856854e-01
8.907320000000001903e-01,1.725306085186247840e-01
8.908724000000002308e-01,1.725301841111056556e-01
8.910128000000002713e-01,1.725297598889473649e-01
8.911532000000003118e-01,1.725293358520689768e-01
8.912936000000003522e-01,1.725289120003895560e-01
8.914340000000003927e-01,1.725284883338282782e-01
8.915744000000004332e-01,1.725280648523042082e-01
8.917148000000004737e-01,1.725276415557365217e-01
8.918552000000005142e-01,1.725272184440445056e-01
8.919956000000005547e-01,1.725267955171473355e-01
8.920500000000000096e-01,1.725266316757744223e-01
8.921890000000000098e-01,1.725261997435685313e-01
8.923280000000000101e-01,1.725257680041436537e-01
8.924670000000000103e-01,1.725253364574135251e-01
8.926060000000000105e-01,1.725249051032923253e-01
8.927450000000000108e-01,1.725244739416941231e-01
8.928840000000000110e-01,1.725240429725327651e-01
8.930230000000000112e-01,1.725236121957225421e-01
8.931620000000000115e-01,1.725231816111775229e-01
8.933010000000000117e-01,1.725227512188119983e-01
8.934400000000000119e-01,1.725223210185401479e-01
8.935790000000000122e-01,1.725218910102761516e-01
8.937180000000000124e-01,1.725214611939344111e-01
8.938570000000000126e-01,1.725210315694292174e-01
8.939960000000000129e-01,1.725206021366749720e-01
8.940000000000000169e-01,1.725205897790565990e-01
8.941402000000000516e-01,1.725201713056637720e-01
8.942804000000000864e-01,1.725197530143618430e-01
8.944206000000001211e-01,1.725193349050717639e-01
8.945608000000001558e-01,1.725189169777141540e-01
8.947010000000001906e-01,1.725184992322100763e-01
8.948412000000002253e-01,1.725180816684801499e-01
8.949814000000002601e-01,1.725176642864454379e-01
8.951216000000002948e-01,1.725172470860267815e-01
8.952618000000003295e-01,1.725168300671452437e-01
8.954020000000003643e-01,1.725164132297217767e-01
8.955422000000003990e-01,1.725159965736774437e-01
8.956824000000004338e-01,1.725155800989333077e-01
8.958226000000004685e-01,1.725151638054105430e-01
8.959628000000005033e-01,1.725147476930302126e-01
8.960099999999999731e-01,1.725146076243687654e-01
8.961504000000000136e-01,1.725141947350662397e-01
8.962908000000000541e-01,1.725137820241369191e-01
8.964312000000000946e-01,1.725133694915039761e-01
8.965716000000001351e-01,1.725129571370901393e-01
8.967120000000001756e-01,1.725125449608185813e-01
8.968524000000002161e-01,1.725121329626122524e-01
8.969928000000002566e-01,1.725117211423943253e-01
8.971332000000002971e-01,1.725113095000878616e-01
8.972736000000003376e-01,1.725108980356160338e-01
8.974140000000003781e-01,1.725104867489019034e-01
8.975544000000004186e-01,1.725100756398688651e-01
8.976948000000004591e-01,1.725096647084399804e-01
8.978352000000004995e-01,1.725092539545386439e-01
8.979756000000005400e-01,1.725088433780880282e-01
8.980299999999999949e-01,1.725086843209711063e-01
8.981702000000000297e-01,1.725082740166371531e-01
8.983104000000000644e-01,1.725078638895486405e-01
8.984506000000000991e-01,1.725074539396288520e-01
8.985908000000001339e-01,1.725070441668012933e-01
8.987310000000001686e-01,1.725066345709894700e-01
8.988712000000002034e-01,1.725062251521169987e-01
8.990114000000002381e-01,1.725058159101071631e-01
8.991516000000002728e-01,1.725054068448838018e-01
8.992918000000003076e-01,1.725049979563705316e-01
8.994320000000003423e-01,1.725045892444910800e-01
8.995722000000003771e-01,1.725041807091689527e-01
8.997124000000004118e-01,1.725037723503279885e-01
8.998526000000004466e-01,1.725033641678919150e-01
8.999928000000004813e-01,1.725029561617846818e-01
9.000399999999999512e-01,1.725028188216510827e-01
9.001789999999999514e-01,1.725024036184809040e-01
9.003179999999999517e-01,1.725019885979417467e-01
9.004569999999999519e-01,1.725015737599530086e-01
9.005959999999999521e-01,1.725011591044346426e-01
9.007349999999999524e-01,1.725007446313061577e-01
9.008739999999999526e-01,1.725003303404875066e-01
9.010129999999999528e-01,1.724999162318983092e-01
9.011519999999999531e-01,1.724995023054586296e-01
9.012909999999999533e-01,1.724990885610881985e-01
9.014299999999999535e-01,1.724986749987070800e-01
9.015689999999999538e-01,1.724982616182350048e-01
9.017079999999999540e-01,1.724978484195920370e-01
9.018469999999999542e-01,1.724974354026983514e-01
9.019859999999999545e-01,1.724970225674737900e-01
9.019899999999999585e-01,1.724970106874740283e-01
9.021303999999999990e-01,1.724966097587482539e-01
9.022708000000000395e-01,1.724962090013660854e-01
9.024112000000000799e-01,1.724958084152543591e-01
9.025516000000001204e-01,1.724954080003395784e-01
9.026920000000001609e-01,1.724950077565486906e-01
9.028324000000002014e-01,1.724946076838086428e-01
9.029728000000002419e-01,1.724942077820462716e-01
9.031132000000002824e-01,1.724938080511885241e-01
9.032536000000003229e-01,1.724934084911626808e-01
9.033940000000003634e-01,1.724930091018951339e-01
9.035344000000004039e-01,1.724926098833132748e-01
9.036748000000004444e-01,1.724922108353440509e-01
9.038152000000004849e-01,1.724918119579146314e-01
9.039556000000005254e-01,1.724914132509522968e-01
9.040099999999999802e-01,1.724912587917909468e-01
9.041502000000000150e-01,1.724908603328929591e-01
9.042904000000000497e-01,1.724904620442780923e-01
9.044306000000000845e-01,1.724900639258734047e-01
9.045708000000001192e-01,1.724896659776061769e-01
9.047110000000001540e-01,1.724892681994038002e-01
9.048512000000001887e-01,1.724888705911935549e-01
9.049914000000002234e-01,1.724884731529027215e-01
9.051316000000002582e-01,1.724880758844588025e-01
9.052718000000002929e-01,1.724876787857891891e-01
9.054120000000003277e-01,1.724872818568212729e-01
9.055522000000003624e-01,1.724868850974825563e-01
9.056924000000003971e-01,1.724864885077005416e-01
9.058326000000004319e-01,1.724860920874028425e-01
9.059728000000004666e-01,1.724856958365169612e-01
9.060200000000000475e-01,1.724855624531349552e-01
9.061604000000000880e-01,1.724851692646959256e-01
9.063008000000001285e-01,1.724847762430843368e-01
9.064412000000001690e-01,1.724843833882292454e-01
9.065816000000002095e-01,1.724839907000599304e-01
9.067220000000002500e-01,1.724835981785056704e-01
9.068624000000002905e-01,1.724832058234958554e-01
9.070028000000003310e-01,1.724828136349596530e-01
9.071432000000003715e-01,1.724824216128265642e-01
9.072836000000004120e-01,1.724820297570259786e-01
9.074240000000004525e-01,1.724816380674872862e-01
9.075644000000004930e-01,1.724812465441399878e-01
9.077048000000005334e-01,1.724808551869134732e-01
9.078452000000005739e-01,1.724804639957373542e-01
9.079856000000006144e-01,1.724800729705411317e-01
9.080399999999999583e-01,1.724799214871172159e-01
9.081789999999999585e-01,1.724795220919959071e-01
9.083179999999999588e-01,1.724791228700646162e-01
9.084569999999999590e-01,1.724787238212482920e-01
9.085959999999999592e-01,1.724783249454718836e-01
9.087349999999999595e-01,1.724779262426602289e-01
9.088739999999999597e-01,1.724775277127384987e-01
9.090129999999999599e-01,1.724771293556316420e-01
9.091519999999999602e-01,1.724767311712647189e-01
9.092909999999999604e-01,1.724763331595629001e-01
9.094299999999999606e-01,1.724759353204512458e-01
9.095689999999999609e-01,1.724755376538549267e-01
9.097079999999999611e-01,1.724751401596991141e-01
9.098469999999999613e-01,1.724747428379089786e-01
9.099859999999999616e-01,1.724743456884099135e-01
9.099899999999999656e-01,1.724743342597900853e-01
9.101302000000000003e-01,1.724739472061987966e-01
9.102704000000000351e-01,1.724735603162522724e-01
9.104106000000000698e-01,1.724731735898813456e-01
9.105508000000001045e-01,1.724727870270168495e-01
9.106910000000001393e-01,1.724724006275896171e-01
9.108312000000001740e-01,1.724720143915305925e-01
9.109714000000002088e-01,1.724716283187707200e-01
9.111116000000002435e-01,1.724712424092409435e-01
9.112518000000002782e-01,1.724708566628723183e-01
9.113920000000003130e-01,1.724704710795957885e-01
9.115322000000003477e-01,1.724700856593424092e-01
9.116724000000003825e-01,1.724697004020432356e-01
9.118126000000004172e-01,1.724693153076293228e-01
9.119528000000004520e-01,1.724689303760319481e-01
9.120000000000000329e-01,1.724688008026756814e-01
9.121404000000000734e-01,1.724684188114034011e-01
9.122808000000001138e-01,1.724680369804925117e-01
9.124212000000001543e-01,1.724676553098757337e-01
9.125616000000001948e-01,1.724672737994857874e-01
9.127020000000002353e-01,1.724668924492553934e-01
9.128424000000002758e-01,1.724665112591172722e-01
9.129828000000003163e-01,1.724661302290042553e-01
9.131232000000003568e-01,1.724657493588491741e-01
9.132636000000003973e-01,1.724653686485848603e-01
9.134040000000004378e-01,1.724649880981442562e-01
9.135444000000004783e-01,1.724646077074601935e-01
9.136848000000005188e-01,1.724642274764656147e-01
9.138252000000005593e-01,1.724638474050933512e-01
9.139656000000005998e-01,1.724634674932765677e-01
9.140200000000000546e-01,1.724633203149271710e-01
9.141602000000000894e-01,1.724629406315686397e-01
9.143004000000001241e-01,1.724625611075997211e-01
9.144406000000001589e-01,1.724621817429533577e-01
9.145808000000001936e-01,1.724618025375627139e-01
9.147210000000002283e-01,1.724614234913609545e-01
9.148612000000002631e-01,1.724610446042813550e-01
9.150014000000002978e-01,1.724606658762569689e-01
9.151416000000003326e-01,1.724602873072210718e-01
9.152818000000003673e-01,1.724599088971068284e-01
9.154220000000004021e-01,1.724595306458477362e-01
9.155622000000004368e-01,1.724591525533769598e-01
9.157024000000004715e-01,1.724587746196278859e-01
9.158426000000005063e-01,1.724583968445337900e-01
9.159828000000005410e-01,1.724580192280281699e-01
9.160300000000000109e-01,1.724578921169056533e-01
9.161704000000000514e-01,1.724575173367359771e-01
9.163108000000000919e-01,1.724571427128033241e-01
9.164512000000001324e-01,1.724567682450427464e-01
9.165916000000001729e-01,1.724563939333890739e-01
9.167320000000002134e-01,1.724560197777771364e-01
9.168724000000002539e-01,1.724556457781419860e-01
9.170128000000002944e-01,1.724552719344185636e-01
9.171532000000003348e-01,1.724548982465419211e-01
9.172936000000003753e-01,1.724545247144469995e-01
9.174340000000004158e-01,1.724541513380688507e-01
9.175744000000004563e-01,1.724537781173426376e-01
9.177148000000004968e-01,1.724534050522035233e-01
9.178552000000005373e-01,1.724530321425865598e-01
9.179956000000005778e-01,1.724526593884267989e-01
9.180500000000000327e-01,1.724525149827993431e-01
9.181890000000000329e-01,1.724521342884598463e-01
9.183280000000000332e-01,1.724517537562975100e-01
9.184670000000000334e-01,1.724513733862428344e-01
9.186060000000000336e-01,1.724509931782273187e-01
9.187450000000000339e-01,1.724506131321813518e-01
9.188840000000000341e-01,1.724502332480362110e-01
9.190230000000000343e-01,1.724498535257230625e-01
9.191620000000000346e-01,1.724494739651726283e-01
9.193010000000000348e-01,1.724490945663161856e-01
9.194400000000000350e-01,1.724487153290850117e-01
9.195790000000000353e-01,1.724483362534099395e-01
9.197180000000000355e-01,1.724479573392224685e-01
9.198570000000000357e-01,1.724475785864534316e-01
9.199960000000000360e-01,1.724471999950342171e-01
9.200000000000000400e-01,1.724471891004507595e-01
9.201402000000000747e-01,1.724468200706311682e-01
9.202804000000001095e-01,1.724464511941162792e-01
9.204206000000001442e-01,1.724460824708423656e-01
9.205608000000001789e-01,1.724457139007457007e-01
9.207010000000002137e-01,1.724453454837627797e-01
9.208412000000002484e-01,1.724449772198298758e-01
9.209814000000002832e-01,1.724446091088834843e-01
9.211216000000003179e-01,1.724442411508601003e-01
9.212618000000003526e-01,1.724438733456959971e-01
9.214020000000003874e-01,1.724435056933277810e-01
9.215422000000004221e-01,1.724431381936920582e-01
9.216824000000004569e-01,1.724427708467252129e-01
9.218226000000004916e-01,1.724424036523639625e-01
9.219628000000005263e-01,1.724420366105449132e-01
9.220099999999999962e-01,1.724419130588313864e-01
9.221504000000000367e-01,1.724415488126178619e-01
9.222908000000000772e-01,1.724411847166527068e-01
9.224312000000001177e-01,1.724408207708738594e-01
9.225716000000001582e-01,1.724404569752194805e-01
9.227120000000001987e-01,1.724400933296275085e-01
9.228524000000002392e-01,1.724397298340361040e-01
9.229928000000002797e-01,1.724393664883834276e-01
9.231332000000003202e-01,1.724390032926076399e-01
9.232736000000003607e-01,1.724386402466467905e-01
9.234140000000004012e-01,1.724382773504391508e-01
9.235544000000004417e-01,1.724379146039229926e-01
9.236948000000004821e-01,1.724375520070365875e-01
9.238352000000005226e-01,1.724371895597182069e-01
9.239756000000005631e-01,1.724368272619060116e-01
9.240300000000000180e-01,1.724366869068476582e-01
9.241702000000000528e-01,1.724363247910342123e-01
9.243104000000000875e-01,1.724359628246008302e-01
9.244506000000001222e-01,1.724356010074857837e-01
9.245908000000001570e-01,1.724352393396275662e-01
9.247310000000001917e-01,1.724348778209644495e-01
9.248712000000002265e-01,1.724345164514351492e-01
9.250114000000002612e-01,1.724341552309779368e-01
9.251516000000002959e-01,1.724337941595314172e-01
9.252918000000003307e-01,1.724334332370339729e-01
9.254320000000003654e-01,1.724330724634243195e-01
9.255722000000004002e-01,1.724327118386410618e-01
9.257124000000004349e-01,1.724323513626225823e-01
9.258526000000004696e-01,1.724319910353078189e-01
9.259928000000005044e-01,1.724316308566351541e-01
9.260399999999999743e-01,1.724315096150397242e-01
9.261791999999999803e-01,1.724311443601860283e-01
9.263183999999999862e-01,1.724307792582151500e-01
9.264575999999999922e-01,1.724304143090630292e-01
9.265967999999999982e-01,1.724300495126656063e-01
9.267360000000000042e-01,1.724296848689590433e-01
9.268752000000000102e-01,1.724293203778795025e-01
9.270144000000000162e-01,1.724289560393630349e-01
9.271536000000000222e-01,1.724285918533458029e-01
9.272928000000000281e-01,1.724282278197638574e-01
9.274320000000000341e-01,1.724278639385535827e-01
9.275712000000000401e-01,1.724275002096510301e-01
9.277104000000000461e-01,1.724271366329925836e-01
9.278496000000000521e-01,1.724267732085144056e-01
9.279888000000000581e-01,1.724264099361528801e-01
9.280000000000000471e-01,1.724263807083268318e-01
9.281402000000000818e-01,1.724260253107944285e-01
9.282804000000001166e-01,1.724256700588600033e-01
9.284206000000001513e-01,1.724253149524639372e-01
9.285608000000001860e-01,1.724249599915466113e-01
9.287010000000002208e-01,1.724246051760484066e-01
9.288412000000002555e-01,1.724242505059098152e-01
9.289814000000002903e-01,1.724238959810712180e-01
9.291216000000003250e-01,1.724235416014731070e-01
9.292618000000003597e-01,1.724231873670559745e-01
9.294020000000003945e-01,1.724228332777603123e-01
9.295422000000004292e-01,1.724224793335267236e-01
9.296824000000004640e-01,1.724221255342957004e-01
9.298226000000004987e-01,1.724217718800079568e-01
9.299628000000005335e-01,1.724214183706039849e-01
9.300100000000000033e-01,1.724212993738712951e-01
9.301502000000000381e-01,1.724209472932229925e-01
9.302904000000000728e-01,1.724205953563096028e-01
9.304306000000001076e-01,1.724202435630723951e-01
9.305708000000001423e-01,1.724198919134528607e-01
9.307110000000001770e-01,1.724195404073921578e-01
9.308512000000002118e-01,1.724191890448318887e-01
9.309914000000002465e-01,1.724188378257132115e-01
9.311316000000002813e-01,1.724184867499778395e-01
9.312718000000003160e-01,1.724181358175669310e-01
9.314120000000003508e-01,1.724177850284221991e-01
9.315522000000003855e-01,1.724174343824852462e-01
9.316924000000004202e-01,1.724170838796973415e-01
9.318326000000004550e-01,1.724167335200003093e-01
9.319728000000004897e-01,1.724163833033355298e-01
9.320199999999999596e-01,1.724162654149329343e-01
9.321604000000000001e-01,1.724159177948670907e-01
9.323008000000000406e-01,1.724155703157398412e-01
9.324412000000000811e-01,1.724152229774941203e-01
9.325816000000001216e-01,1.724148757800726406e-01
9.327220000000001621e-01,1.724145287234184476e-01
9.328624000000002026e-01,1.724141818074744759e-01
9.330028000000002431e-01,1.724138350321835489e-01
9.331432000000002835e-01,1.724134883974888233e-01
9.332836000000003240e-01,1.724131419033331225e-01
9.334240000000003645e-01,1.724127955496596032e-01
9.335644000000004050e-01,1.724124493364111999e-01
9.337048000000004455e-01,1.724121032635310691e-01
9.338452000000004860e-01,1.724117573309622564e-01
9.339856000000005265e-01,1.724114115386478074e-01
9.340399999999999814e-01,1.724112775774934159e-01
9.341789999999999816e-01,1.724109243765200583e-01
9.343179999999999819e-01,1.724105713218986313e-01
9.344569999999999821e-01,1.724102184135680726e-01
9.345959999999999823e-01,1.724098656514680972e-01
9.347349999999999826e-01,1.724095130355379757e-01
9.348739999999999828e-01,1.724091605657174231e-01
9.350129999999999830e-01,1.724088082419454881e-01
9.351519999999999833e-01,1.724084560641617747e-01
9.352909999999999835e-01,1.724081040323058867e-01
9.354299999999999837e-01,1.724077521463175389e-01
9.355689999999999840e-01,1.724074004061358911e-01
9.357079999999999842e-01,1.724070488117006583e-01
9.358469999999999844e-01,1.724066973629515553e-01
9.359859999999999847e-01,1.724063460598284081e-01
9.359899999999999887e-01,1.724063359505066950e-01
9.361304000000000292e-01,1.724059947222120748e-01
9.362708000000000697e-01,1.724056536313118837e-01
9.364112000000001101e-01,1.724053126777509437e-01
9.365516000000001506e-01,1.724049718614737436e-01
9.366920000000001911e-01,1.724046311824252165e-01
9.368324000000002316e-01,1.724042906405499620e-01
9.369728000000002721e-01,1.724039502357929132e-01
9.371132000000003126e-01,1.724036099680986700e-01
9.372536000000003531e-01,1.724032698374121653e-01
9.373940000000003936e-01,1.724029298436781099e-01
9.375344000000004341e-01,1.724025899868415479e-01
9.376748000000004746e-01,1.724022502668471901e-01
9.378152000000005151e-01,1.724019106836400805e-01
9.379556000000005556e-01,1.724015712371649300e-01
9.380100000000000104e-01,1.724014397342686911e-01
9.381502000000000452e-01,1.724011004384460310e-01
9.382904000000000799e-01,1.724007612792554101e-01
9.384306000000001147e-01,1.724004222566418720e-01
9.385708000000001494e-01,1.724000833705503499e-01
9.387110000000001842e-01,1.723997446209258877e-01
9.388512000000002189e-01,1.723994060077135293e-01
9.389914000000002536e-01,1.723990675308584297e-01
9.391316000000002884e-01,1.723987291903055219e-01
9.392718000000003231e-01,1.723983909860000718e-01
9.394120000000003579e-01,1.723980529178871235e-01
9.395522000000003926e-01,1.723977149859118319e-01
9.396924000000004273e-01,1.723973771900194629e-01
9.398326000000004621e-01,1.723970395301550607e-01
9.399728000000004968e-01,1.723967020062640021e-01
9.400199999999999667e-01,1.723965883902348617e-01
9.401602000000000015e-01,1.723962521690014515e-01
9.403004000000000362e-01,1.723959160827120973e-01
9.404406000000000709e-01,1.723955801313126202e-01
9.405808000000001057e-01,1.723952443147489522e-01
9.407210000000001404e-01,1.723949086329668035e-01
9.408612000000001752e-01,1.723945730859122172e-01
9.410014000000002099e-01,1.723942376735311255e-01
9.411416000000002446e-01,1.723939023957694605e-01
9.412818000000002794e-01,1.723935672525730434e-01
9.414220000000003141e-01,1.723932322438881393e-01
9.415622000000003489e-01,1.723928973696605693e-01
9.417024000000003836e-01,1.723925626298363767e-01
9.418426000000004183e-01,1.723922280243617156e-01
9.419828000000004531e-01,1.723918935531826291e-01
9.420300000000000340e-01,1.723917809646953181e-01
9.421692000000000400e-01,1.723914417896795781e-01
9.423084000000000460e-01,1.723911027527820217e-01
9.424476000000000520e-01,1.723907638539462495e-01
9.425868000000000579e-01,1.723904250931160842e-01
9.427260000000000639e-01,1.723900864702355706e-01
9.428652000000000699e-01,1.723897479852481984e-01
9.430044000000000759e-01,1.723894096380979013e-01
9.431436000000000819e-01,1.723890714287287240e-01
9.432828000000000879e-01,1.723887333570842673e-01
9.434220000000000939e-01,1.723883954231086868e-01
9.435612000000000998e-01,1.723880576267459164e-01
9.437004000000001058e-01,1.723877199679397787e-01
9.438396000000001118e-01,1.723873824466343185e-01
9.439788000000001178e-01,1.723870450627735806e-01
9.439899999999999958e-01,1.723870179178355055e-01
9.441302000000000305e-01,1.723866877801003561e-01
9.442704000000000653e-01,1.723863577739737085e-01
9.444106000000001000e-01,1.723860278994030493e-01
9.445508000000001347e-01,1.723856981563359758e-01
9.446910000000001695e-01,1.723853685447201967e-01
9.448312000000002042e-01,1.723850390645030872e-01
9.449714000000002390e-01,1.723847097156323560e-01
9.451116000000002737e-01,1.723843804980557115e-01
9.452518000000003084e-01,1.723840514117206402e-01
9.453920000000003432e-01,1.723837224565750725e-01
9.455322000000003779e-01,1.723833936325664951e-01
9.456724000000004127e-01,1.723830649396426162e-01
9.458126000000004474e-01,1.723827363777513666e-01
9.459528000000004822e-01,1.723824079468403436e-01
9.459999999999999520e-01,1.723822973915055679e-01
9.461401999999999868e-01,1.723819702719009417e-01
9.462804000000000215e-01,1.723816432822501410e-01
9.464206000000000563e-01,1.723813164225016514e-01
9.465608000000000910e-01,1.723809896926038476e-01
9.467010000000001257e-01,1.723806630925052152e-01
9.468412000000001605e-01,1.723803366221540179e-01
9.469814000000001952e-01,1.723800102814988522e-01
9.471216000000002300e-01,1.723796840704880928e-01
9.472618000000002647e-01,1.723793579890703365e-01
9.474020000000002995e-01,1.723790320371939577e-01
9.475422000000003342e-01,1.723787062148076643e-01
9.476824000000003689e-01,1.723783805218599419e-01
9.478226000000004037e-01,1.723780549582993871e-01
9.479628000000004384e-01,1.723777295240744856e-01
9.480100000000000193e-01,1.723776199774234019e-01
9.481504000000000598e-01,1.723772969558039492e-01
9.482908000000001003e-01,1.723769740616267754e-01
9.484312000000001408e-01,1.723766512948414764e-01
9.485716000000001813e-01,1.723763286553979812e-01
9.487120000000002218e-01,1.723760061432458857e-01
9.488524000000002623e-01,1.723756837583351187e-01
9.489928000000003028e-01,1.723753615006153872e-01
9.491332000000003433e-01,1.723750393700363981e-01
9.492736000000003838e-01,1.723747173665481913e-01
9.494140000000004243e-01,1.723743954901005848e-01
9.495544000000004647e-01,1.723740737406433965e-01
9.496948000000005052e-01,1.723737521181264443e-01
9.498352000000005457e-01,1.723734306224997681e-01
9.499756000000005862e-01,1.723731092537132970e-01
9.500300000000000411e-01,1.723729847537927018e-01
9.501702000000000758e-01,1.723726634870906826e-01
9.503104000000001106e-01,1.723723423471678062e-01
9.504506000000001453e-01,1.723720213339737795e-01
9.505908000000001801e-01,1.723717004474587533e-01
9.507310000000002148e-01,1.723713796875726567e-01
9.508712000000002496e-01,1.723710590542656407e-01
9.510114000000002843e-01,1.723707385474876341e-01
9.511516000000003190e-01,1.723704181671887881e-01
9.512918000000003538e-01,1.723700979133191424e-01
9.514320000000003885e-01,1.723697777858288482e-01
9.515722000000004233e-01,1.723694577846679454e-01
9.517124000000004580e-01,1.723691379097865850e-01
9.518526000000004927e-01,1.723688181611350290e-01
9.519928000000005275e-01,1.723684985386635393e-01
9.520399999999999974e-01,1.723683909482508492e-01
9.521792000000000034e-01,1.723680667611696693e-01
9.523184000000000093e-01,1.723677427039154164e-01
9.524576000000000153e-01,1.723674187764361321e-01
9.525968000000000213e-01,1.723670949786798579e-01
9.527360000000000273e-01,1.723667713105946353e-01
9.528752000000000333e-01,1.723664477721285060e-01
9.530144000000000393e-01,1.723661243632295115e-01
9.531536000000000453e-01,1.723658010838459154e-01
9.532928000000000512e-01,1.723654779339257592e-01
9.534320000000000572e-01,1.723651549134171956e-01
9.535712000000000632e-01,1.723648320222683772e-01
9.537104000000000692e-01,1.723645092604275675e-01
9.538496000000000752e-01,1.723641866278429191e-01
9.539888000000000812e-01,1.723638641244626957e-01
9.539999999999999591e-01,1.723638381767512717e-01
9.541401999999999939e-01,1.723635226570235934e-01
9.542804000000000286e-01,1.723632072609692090e-01
9.544206000000000634e-01,1.723628919885396016e-01
9.545608000000000981e-01,1.723625768396863656e-01
9.547010000000001329e-01,1.723622618143609841e-01
9.548412000000001676e-01,1.723619469125151626e-01
9.549814000000002023e-01,1.723616321341003843e-01
9.551216000000002371e-01,1.723613174790682434e-01
9.552618000000002718e-01,1.723610029473705563e-01
9.554020000000003066e-01,1.723606885389588061e-01
9.555422000000003413e-01,1.723603742537848094e-01
9.556824000000003760e-01,1.723600600918001602e-01
9.558226000000004108e-01,1.723597460529566749e-01
9.559628000000004455e-01,1.723594321372059479e-01
9.560100000000000264e-01,1.723593264676789305e-01
9.561502000000000612e-01,1.723590137289608970e-01
9.562904000000000959e-01,1.723587011124304569e-01
9.564306000000001307e-01,1.723583886180398705e-01
9.565708000000001654e-01,1.723580762457413984e-01
9.567110000000002001e-01,1.723577639954876339e-01
9.568512000000002349e-01,1.723574518672303935e-01
9.569914000000002696e-01,1.723571398609222705e-01
9.571316000000003044e-01,1.723568279765155253e-01
9.572718000000003391e-01,1.723565162139626405e-01
9.574120000000003738e-01,1.723562045732159875e-01
9.575522000000004086e-01,1.723558930542279377e-01
9.576924000000004433e-01,1.723555816569509735e-01
9.578326000000004781e-01,1.723552703813376885e-01
9.579728000000005128e-01,1.723549592273401210e-01
9.580199999999999827e-01,1.723548544874229371e-01
9.581604000000000232e-01,1.723545456135535670e-01
9.583008000000000637e-01,1.723542368595400998e-01
9.584412000000001042e-01,1.723539282253359062e-01
9.585816000000001447e-01,1.723536197108946899e-01
9.587220000000001852e-01,1.723533113161697106e-01
9.588624000000002257e-01,1.723530030411147829e-01
9.590028000000002661e-01,1.723526948856832774e-01
9.591432000000003066e-01,1.723523868498288980e-01
9.592836000000003471e-01,1.723520789335051262e-01
9.594240000000003876e-01,1.723517711366656657e-01
9.595644000000004281e-01,1.723514634592642203e-01
9.597048000000004686e-01,1.723511559012543826e-01
9.598452000000005091e-01,1.723508484625898562e-01
9.599856000000005496e-01,1.723505411432241230e-01
9.600400000000000045e-01,1.723504220858218527e-01
9.601790000000000047e-01,1.723501081303686622e-01
9.603180000000000049e-01,1.723497942994409726e-01
9.604570000000000052e-01,1.723494805929892681e-01
9.605960000000000054e-01,1.723491670109642548e-01
9.607350000000000056e-01,1.723488535533166388e-01
9.608740000000000059e-01,1.723485402199970151e-01
9.610130000000000061e-01,1.723482270109560899e-01
9.611520000000000064e-01,1.723479139261445692e-01
9.612910000000000066e-01,1.723476009655131591e-01
9.614300000000000068e-01,1.723472881290125658e-01
9.615690000000000071e-01,1.723469754165937173e-01
9.617080000000000073e-01,1.723466628282072088e-01
9.618470000000000075e-01,1.723463503638039684e-01
9.619860000000000078e-01,1.723460380233348133e-01
9.619900000000000118e-01,1.723460290352225588e-01
9.621304000000000523e-01,1.723457256114788727e-01
9.622708000000000927e-01,1.723454223046952949e-01
9.624112000000001332e-01,1.723451191148269723e-01
9.625516000000001737e-01,1.723448160418287189e-01
9.626920000000002142e-01,1.723445130856554597e-01
9.628324000000002547e-01,1.723442102462621195e-01
9.629728000000002952e-01,1.723439075236038454e-01
9.631132000000003357e-01,1.723436049176355622e-01
9.632536000000003762e-01,1.723433024283123061e-01
9.633940000000004167e-01,1.723430000555890018e-01
9.635344000000004572e-01,1.723426977994209075e-01
9.636748000000004977e-01,1.723423956597629481e-01
9.638152000000005382e-01,1.723420936365701595e-01
9.639556000000005787e-01,1.723417917297979107e-01
9.640100000000000335e-01,1.723416747691507434e-01
9.641502000000000683e-01,1.723413729534409855e-01
9.642904000000001030e-01,1.723410712540984768e-01
9.644306000000001378e-01,1.723407696710788084e-01
9.645708000000001725e-01,1.723404682043367941e-01
9.647110000000002072e-01,1.723401668538280251e-01
9.648512000000002420e-01,1.723398656195074263e-01
9.649914000000002767e-01,1.723395645013299227e-01
9.651316000000003115e-01,1.723392634992512162e-01
9.652718000000003462e-01,1.723389626132263430e-01
9.654120000000003810e-01,1.723386618432103390e-01
9.655522000000004157e-01,1.723383611891589062e-01
9.656924000000004504e-01,1.723380606510268587e-01
9.658326000000004852e-01,1.723377602287700094e-01
9.659728000000005199e-01,1.723374599223435055e-01
9.660199999999999898e-01,1.723373588337345774e-01
9.661602000000000245e-01,1.723370596750009032e-01
9.663004000000000593e-01,1.723367606312287137e-01
9.664406000000000940e-01,1.723364617023739331e-01
9.665808000000001288e-01,1.723361628883923746e-01
9.667210000000001635e-01,1.723358641892398513e-01
9.668612000000001983e-01,1.723355656048722873e-01
9.670014000000002330e-01,1.723352671352454957e-01
9.671416000000002677e-01,1.723349687803154007e-01
9.672818000000003025e-01,1.723346705400380374e-01
9.674220000000003372e-01,1.723343724143692191e-01
9.675622000000003720e-01,1.723340744032649807e-01
9.677024000000004067e-01,1.723337765066813576e-01
9.678426000000004414e-01,1.723334787245741628e-01
9.679828000000004762e-01,1.723331810568995426e-01
9.680299999999999461e-01,1.723330808564995653e-01
9.681691999999999521e-01,1.723327788781257031e-01
9.683083999999999580e-01,1.723324770175378440e-01
9.684475999999999640e-01,1.723321752746902469e-01
9.685867999999999700e-01,1.723318736495367265e-01
9.687259999999999760e-01,1.723315721420316526e-01
9.688651999999999820e-01,1.723312707521289511e-01
9.690043999999999880e-01,1.723309694797828806e-01
9.691435999999999940e-01,1.723306683249474780e-01
9.692827999999999999e-01,1.723303672875770021e-01
9.694220000000000059e-01,1.723300663676254896e-01
9.695612000000000119e-01,1.723297655650473104e-01
9.697004000000000179e-01,1.723294648797966122e-01
9.698396000000000239e-01,1.723291643118276539e-01
9.699788000000000299e-01,1.723288638610945833e-01
9.699900000000000189e-01,1.723288396876565542e-01
9.701302000000000536e-01,1.723285457185246283e-01
9.702704000000000883e-01,1.723282518616285897e-01
9.704106000000001231e-01,1.723279581169253616e-01
9.705508000000001578e-01,1.723276644843723115e-01
9.706910000000001926e-01,1.723273709639266960e-01
9.708312000000002273e-01,1.723270775555454382e-01
9.709714000000002621e-01,1.723267842591860166e-01
9.711116000000002968e-01,1.723264910748054657e-01
9.712518000000003315e-01,1.723261980023610418e-01
9.713920000000003663e-01,1.723259050418102234e-01
9.715322000000004010e-01,1.723256121931100449e-01
9.716724000000004358e-01,1.723253194562178736e-01
9.718126000000004705e-01,1.723250268310911881e-01
9.719528000000005052e-01,1.723247343176870228e-01
9.719999999999999751e-01,1.723246358522264599e-01
9.721404000000000156e-01,1.723243454693802468e-01
9.722808000000000561e-01,1.723240551966492839e-01
9.724212000000000966e-01,1.723237650339919380e-01
9.725616000000001371e-01,1.723234749813663536e-01
9.727020000000001776e-01,1.723231850387310082e-01
9.728424000000002181e-01,1.723228952060438246e-01
9.729828000000002586e-01,1.723226054832632803e-01
9.731232000000002991e-01,1.723223158703476310e-01
9.732636000000003396e-01,1.723220263672553543e-01
9.734040000000003801e-01,1.723217369739447058e-01
9.735444000000004205e-01,1.723214476903740522e-01
9.736848000000004610e-01,1.723211585165018711e-01
9.738252000000005015e-01,1.723208694522865292e-01
9.739656000000005420e-01,1.723205804976866151e-01
9.740199999999999969e-01,1.723204685545235426e-01
9.741602000000000317e-01,1.723201796525788421e-01
9.743004000000000664e-01,1.723198908602254775e-01
9.744406000000001011e-01,1.723196021774220377e-01
9.745808000000001359e-01,1.723193136041268891e-01
9.747210000000001706e-01,1.723190251402983986e-01
9.748612000000002054e-01,1.723187367858951546e-01
9.750014000000002401e-01,1.723184485408755240e-01
9.751416000000002748e-01,1.723181604051982063e-01
9.752818000000003096e-01,1.723178723788215683e-01
9.754220000000003443e-01,1.723175844617040875e-01
9.755622000000003791e-01,1.723172966538045747e-01
9.757024000000004138e-01,1.723170089550813966e-01
9.758426000000004485e-01,1.723167213654931418e-01
9.759828000000004833e-01,1.723164338849985100e-01
9.760299999999999532e-01,1.723163371136288147e-01
9.761701999999999879e-01,1.723160507212693204e-01
9.763104000000000227e-01,1.723157644371928754e-01
9.764506000000000574e-01,1.723154782613587344e-01
9.765908000000000921e-01,1.723151921937258191e-01
9.767310000000001269e-01,1.723149062342530513e-01
9.768712000000001616e-01,1.723146203828999079e-01
9.770114000000001964e-01,1.723143346396253106e-01
9.771516000000002311e-01,1.723140490043882922e-01
9.772918000000002658e-01,1.723137634771482185e-01
9.774320000000003006e-01,1.723134780578641223e-01
9.775722000000003353e-01,1.723131927464951474e-01
9.777124000000003701e-01,1.723129075430006596e-01
9.778526000000004048e-01,1.723126224473398027e-01
9.779928000000004396e-01,1.723123374594717205e-01
9.780400000000000205e-01,1.723122415271270969e-01
9.781792000000000264e-01,1.723119524085837684e-01
9.783184000000000324e-01,1.723116634009947967e-01
9.784576000000000384e-01,1.723113745043174383e-01
9.785968000000000444e-01,1.723110857185093936e-01
9.787360000000000504e-01,1.723107970435280301e-01
9.788752000000000564e-01,1.723105084793308261e-01
9.790144000000000624e-01,1.723102200258751493e-01
9.791536000000000683e-01,1.723099316831185890e-01
9.792928000000000743e-01,1.723096434510187347e-01
9.794320000000000803e-01,1.723093553295330649e-01
9.795712000000000863e-01,1.723090673186190580e-01
9.797104000000000923e-01,1.723087794182343035e-01
9.798496000000000983e-01,1.723084916283363910e-01
9.799888000000001043e-01,1.723082039488830208e-01
9.799999999999999822e-01,1.723081808029752748e-01
9.801402000000000170e-01,1.723078993119212532e-01
9.802804000000000517e-01,1.723076179266144203e-01
9.804206000000000865e-01,1.723073366470151413e-01
9.805608000000001212e-01,1.723070554730835591e-01
9.807010000000001559e-01,1.723067744047800387e-01
9.808412000000001907e-01,1.723064934420649452e-01
9.809814000000002254e-01,1.723062125848985326e-01
9.811216000000002602e-01,1.723059318332411660e-01
9.812618000000002949e-01,1.723056511870533214e-01
9.814020000000003296e-01,1.723053706462952528e-01
9.815422000000003644e-01,1.723050902109273252e-01
9.816824000000003991e-01,1.723048098809100148e-01
9.818226000000004339e-01,1.723045296562037976e-01
9.819628000000004686e-01,1.723042495367690385e-01
9.820100000000000495e-01,1.723041552431547885e-01
9.821504000000000900e-01,1.723038771222199506e-01
9.822908000000001305e-01,1.723035991050729798e-01
9.824312000000001710e-01,1.723033211916750185e-01
9.825716000000002115e-01,1.723030433819875418e-01
9.827120000000002520e-01,1.723027656759716919e-01
9.828524000000002925e-01,1.723024880735888331e-01
9.829928000000003330e-01,1.723022105748004407e-01
9.831332000000003735e-01,1.723019331795676568e-01
9.832736000000004140e-01,1.723016558878519566e-01
9.834140000000004544e-01,1.723013786996147045e-01
9.835544000000004949e-01,1.723011016148171537e-01
9.836948000000005354e-01,1.723008246334208904e-01
9.838352000000005759e-01,1.723005477553871678e-01
9.839756000000006164e-01,1.723002709806774613e-01
9.840299999999999603e-01,1.723001637558437826e-01
9.841701999999999950e-01,1.722998870513080538e-01
9.843104000000000298e-01,1.722996104500590375e-01
9.844506000000000645e-01,1.722993339520579870e-01
9.845908000000000992e-01,1.722990575572664884e-01
9.847310000000001340e-01,1.722987812656457951e-01
9.848712000000001687e-01,1.722985050771577153e-01
9.850114000000002035e-01,1.722982289917635024e-01
9.851516000000002382e-01,1.722979530094247425e-01
9.852918000000002730e-01,1.722976771301031329e-01
9.854320000000003077e-01,1.722974013537599269e-01
9.855722000000003424e-01,1.722971256803569329e-01
9.857124000000003772e-01,1.722968501098555150e-01
9.858526000000004119e-01,1.722965746422173705e-01
9.859928000000004467e-01,1.722962992774041968e-01
9.860400000000000276e-01,1.722962065842127410e-01
9.861790000000000278e-01,1.722959262089555077e-01
9.863180000000000280e-01,1.722956459403124363e-01
9.864570000000000283e-01,1.722953657782431147e-01
9.865960000000000285e-01,1.722950857227070198e-01
9.867350000000000287e-01,1.722948057736636285e-01
9.868740000000000290e-01,1.722945259310724175e-01
9.870130000000000292e-01,1.722942461948928639e-01
9.871520000000000294e-01,1.722939665650845553e-01
9.872910000000000297e-01,1.722936870416069688e-01
9.874300000000000299e-01,1.722934076244198032e-01
9.875690000000000301e-01,1.722931283134825353e-01
9.877080000000000304e-01,1.722928491087548641e-01
9.878470000000000306e-01,1.722925700101963775e-01
9.879860000000000309e-01,1.722922910177666633e-01
9.879900000000000349e-01,1.722922829892954422e-01
9.881304000000000753e-01,1.722920119118996896e-01
9.882708000000001158e-01,1.722917409346976791e-01
9.884112000000001563e-01,1.722914700576519964e-01
9.885516000000001968e-01,1.722911992807258930e-01
9.886920000000002373e-01,1.722909286038821763e-01
9.888324000000002778e-01,1.722906580270840982e-01
9.889728000000003183e-01,1.722903875502943549e-01
9.891132000000003588e-01,1.722901171734761983e-01
9.892536000000003993e-01,1.722898468965927687e-01
9.893940000000004398e-01,1.722895767196068739e-01
9.895344000000004803e-01,1.722893066424818764e-01
9.896748000000005208e-01,1.722890366651805838e-01
9.898152000000005613e-01,1.722887667876662476e-01
9.899556000000006017e-01,1.722884970099018975e-01
9.900099999999999456e-01,1.722883924955989077e-01
9.901501999999999803e-01,1.722881227705425067e-01
9.902904000000000151e-01,1.722878531452114448e-01
9.904306000000000498e-01,1.722875836195688626e-01
9.905708000000000846e-01,1.722873141935779007e-01
9.907110000000001193e-01,1.722870448672016996e-01
9.908512000000001541e-01,1.722867756404035111e-01
9.909914000000001888e-01,1.722865065131464757e-01
9.911316000000002235e-01,1.722862374853937339e-01
9.912718000000002583e-01,1.722859685571085375e-01
9.914120000000002930e-01,1.722856997282541380e-01
9.915522000000003278e-01,1.722854309987936761e-01
9.916924000000003625e-01,1.722851623686905143e-01
9.918326000000003972e-01,1.722848938379077932e-01
9.919728000000004320e-01,1.722846254064089866e-01
9.920200000000000129e-01,1.722845350469989212e-01
9.921604000000000534e-01,1.722842685418964903e-01
9.923008000000000939e-01,1.722840021346701000e-01
9.924412000000001344e-01,1.722837358252838902e-01
9.925816000000001749e-01,1.722834696137018895e-01
9.927220000000002154e-01,1.722832034998881268e-01
9.928624000000002559e-01,1.722829374838067418e-01
9.930028000000002963e-01,1.722826715654218743e-01
9.931432000000003368e-01,1.722824057446976642e-01
9.932836000000003773e-01,1.722821400215981402e-01
9.934240000000004178e-01,1.722818743960875532e-01
9.935644000000004583e-01,1.722816088681299318e-01
9.937048000000004988e-01,1.722813434376895270e-01
9.938452000000005393e-01,1.722810781047305895e-01
9.939856000000005798e-01,1.722808128692171481e-01
9.940400000000000347e-01,1.722807101145286124e-01
9.941790000000000349e-01,1.722804390638523753e-01
9.943180000000000351e-01,1.722801681149560560e-01
9.944570000000000354e-01,1.722798972678012408e-01
9.945960000000000356e-01,1.722796265223498491e-01
9.947350000000000358e-01,1.722793558785636892e-01
9.948740000000000361e-01,1.722790853364045693e-01
9.950130000000000363e-01,1.722788148958342980e-01
9.951520000000000366e-01,1.722785445568147944e-01
9.952910000000000368e-01,1.722782743193078669e-01
9.954300000000000370e-01,1.722780041832754350e-01
9.955690000000000373e-01,1.722777341486793068e-01
9.957080000000000375e-01,1.722774642154815128e-01
9.958470000000000377e-01,1.722771943836439723e-01
9.959860000000000380e-01,1.722769246531286047e-01
9.959900000000000420e-01,1.722769168911832960e-01
9.961302000000000767e-01,1.722766539013693698e-01
9.962704000000001114e-01,1.722763910078778382e-01
9.964106000000001462e-01,1.722761282106731739e-01
9.965508000000001809e-01,1.722758655097202940e-01
9.966910000000002157e-01,1.722756029049838933e-01
9.968312000000002504e-01,1.722753403964287777e-01
9.969714000000002851e-01,1.722750779840196422e-01
9.971116000000003199e-01,1.722748156677212927e-01
9.972518000000003546e-01,1.722745534474985352e-01
9.973920000000003894e-01,1.722742913233162865e-01
9.975322000000004241e-01,1.722740292951392416e-01
9.976724000000004589e-01,1.722737673629323174e-01
9.978126000000004936e-01,1.722735055266603199e-01
9.979528000000005283e-01,1.722732437862880550e-01
9.979999999999999982e-01,1.722731556791420315e-01
9.981404000000000387e-01,1.722728958088916018e-01
9.982808000000000792e-01,1.722726360331870987e-01
9.984212000000001197e-01,1.722723763519942164e-01
9.985616000000001602e-01,1.722721167652784269e-01
9.987020000000002007e-01,1.722718572730054243e-01
9.988424000000002412e-01,1.722715978751407917e-01
9.989828000000002817e-01,1.722713385716503343e-01
9.991232000000003222e-01,1.722710793624996350e-01
9.992636000000003627e-01,1.722708202476542771e-01
9.994040000000004031e-01,1.722705612270801767e-01
9.995444000000004436e-01,1.722703023007429168e-01
9.996848000000004841e-01,1.722700434686081916e-01
9.998252000000005246e-01,1.722697847306415841e-01
9.999656000000005651e-01,1.722695260868091216e-01
1.000019999999999909e+00,1.722694258856650729e-01
1.000160199999999833e+00,1.722691672738468904e-01
1.000300399999999756e+00,1.722689087561528609e-01
1.000440599999999680e+00,1.722686503325483454e-01
1.000580799999999604e+00,1.722683920029994820e-01
1.000720999999999528e+00,1.722681337674717428e-01
1.000861199999999451e+00,1.722678756259310440e-01
1.001001399999999375e+00,1.722676175783431907e-01
1.001141599999999299e+00,1.722673596246738770e-01
1.001281799999999222e+00,1.722671017648890190e-01
1.001421999999999146e+00,1.722668439989545330e-01
1.001562199999999070e+00,1.722665863268360020e-01
1.001702399999998994e+00,1.722663287484995642e-01
1.001842599999998917e+00,1.722660712639108027e-01
1.001982799999998841e+00,1.722658138730357447e-01
1.002029999999999976e+00,1.722657272299521480e-01
1.002170400000000017e+00,1.722654716529723462e-01
1.002310800000000057e+00,1.722652161684014027e-01
1.002451200000000098e+00,1.722649607762057888e-01
1.002591600000000138e+00,1.722647054763523089e-01
1.002732000000000179e+00,1.722644502688074342e-01
1.002872400000000219e+00,1.722641951535378579e-01
1.003012800000000260e+00,1.722639401305101625e-01
1.003153200000000300e+00,1.722636851996909302e-01
1.003293600000000341e+00,1.722634303610469653e-01
1.003434000000000381e+00,1.722631756145449611e-01
1.003574400000000422e+00,1.722629209601514999e-01
1.003714800000000462e+00,1.722626663978332751e-01
1.003855200000000503e+00,1.722624119275569798e-01
1.003995600000000543e+00,1.722621575492894186e-01
1.004050000000000109e+00,1.722620590005810026e-01
1.004188999999999998e+00,1.722617990856131209e-01
1.004327999999999887e+00,1.722615392667161682e-01
1.004466999999999777e+00,1.722612795438548394e-01
1.004605999999999666e+00,1.722610199169934964e-01
1.004744999999999555e+00,1.722607603860966119e-01
1.004883999999999444e+00,1.722605009511287699e-01
1.005022999999999334e+00,1.722602416120545543e-01
1.005161999999999223e+00,1.722599823688383269e-01
1.005300999999999112e+00,1.722597232214448937e-01
1.005439999999999001e+00,1.722594641698387274e-01
1.005578999999998890e+00,1.722592052139844121e-01
1.005717999999998780e+00,1.722589463538466426e-01
1.005856999999998669e+00,1.722586875893900027e-01
1.005995999999998558e+00,1.722584289205789654e-01
1.006000000000000005e+00,1.722584214769514732e-01
1.006140199999999929e+00,1.722581692107152396e-01
1.006280399999999853e+00,1.722579170354494593e-01
1.006420599999999776e+00,1.722576649511214919e-01
1.006560799999999700e+00,1.722574129576982527e-01
1.006700999999999624e+00,1.722571610551471011e-01
1.006841199999999548e+00,1.722569092434352855e-01
1.006981399999999471e+00,1.722566575225299434e-01
1.007121599999999395e+00,1.722564058923985453e-01
1.007261799999999319e+00,1.722561543530081174e-01
1.007401999999999243e+00,1.722559029043260193e-01
1.007542199999999166e+00,1.722556515463194993e-01
1.007682399999999090e+00,1.722554002789559169e-01
1.007822599999999014e+00,1.722551491022027426e-01
1.007962799999998937e+00,1.722548980160270027e-01
1.008010000000000073e+00,1.722548134951400467e-01
1.008150400000000113e+00,1.722545642133882504e-01
1.008290800000000154e+00,1.722543150209276952e-01
1.008431200000000194e+00,1.722540659177264066e-01
1.008571600000000235e+00,1.722538169037522993e-01
1.008712000000000275e+00,1.722535679789735097e-01
1.008852400000000316e+00,1.722533191433581745e-01
1.008992800000000356e+00,1.722530703968742083e-01
1.009133200000000397e+00,1.722528217394897476e-01
1.009273600000000437e+00,1.722525731711728181e-01
1.009414000000000478e+00,1.722523246918916673e-01
1.009554400000000518e+00,1.722520763016142098e-01
1.009694800000000559e+00,1.722518280003086932e-01
1.009835200000000599e+00,1.722515797879432542e-01
1.009975600000000640e+00,1.722513316644859183e-01
1.010029999999999983e+00,1.722512355388283734e-01
1.010170199999999907e+00,1.722509874130300211e-01
1.010310399999999831e+00,1.722507393761538719e-01
1.010450599999999755e+00,1.722504914281680621e-01
1.010590799999999678e+00,1.722502435690407285e-01
1.010730999999999602e+00,1.722499957987400077e-01
1.010871199999999526e+00,1.722497481172340361e-01
1.011011399999999449e+00,1.722495005244910615e-01
1.011151599999999373e+00,1.722492530204792205e-01
1.011291799999999297e+00,1.722490056051667606e-01
1.011431999999999221e+00,1.722487582785219296e-01
1.011572199999999144e+00,1.722485110405128639e-01
1.011712399999999068e+00,1.722482638911078112e-01
1.011852599999998992e+00,1.722480168302751302e-01
1.011992799999998915e+00,1.722477698579829575e-01
1.012040000000000051e+00,1.722476867218530883e-01
1.012178999999999940e+00,1.722474352397047603e-01
1.012317999999999829e+00,1.722471838493712104e-01
1.012456999999999718e+00,1.722469325508187987e-01
1.012595999999999608e+00,1.722466813440142186e-01
1.012734999999999497e+00,1.722464302289238303e-01
1.012873999999999386e+00,1.722461792055141050e-01
1.013012999999999275e+00,1.722459282737517361e-01
1.013151999999999164e+00,1.722456774336030838e-01
1.013290999999999054e+00,1.722454266850348414e-01
1.013429999999998943e+00,1.722451760280135913e-01
1.013568999999998832e+00,1.722449254625058046e-01
1.013707999999998721e+00,1.722446749884780637e-01
1.013846999999998610e+00,1.722444246058970618e-01
1.013985999999998500e+00,1.722441743147292703e-01
1.013989999999999947e+00,1.722441671121813789e-01
1.014130399999999987e+00,1.722439238857367272e-01
1.014270800000000028e+00,1.722436807456185770e-01
1.014411200000000068e+00,1.722434376917963972e-01
1.014551600000000109e+00,1.722431947242395456e-01
1.014692000000000149e+00,1.722429518429173800e-01
1.014832400000000190e+00,1.722427090477992584e-01
1.014972800000000230e+00,1.722424663388546495e-01
1.015113200000000271e+00,1.722422237160529113e-01
1.015253600000000311e+00,1.722419811793635125e-01
1.015394000000000352e+00,1.722417387287559221e-01
1.015534400000000392e+00,1.722414963641994978e-01
1.015674800000000433e+00,1.722412540856637087e-01
1.015815200000000473e+00,1.722410118931181344e-01
1.015955600000000514e+00,1.722407697865322440e-01
1.016010000000000080e+00,1.722406759917554098e-01
1.016150200000000003e+00,1.722404338885585862e-01
1.016290399999999927e+00,1.722401918713308833e-01
1.016430599999999851e+00,1.722399499400416589e-01
1.016570799999999775e+00,1.722397080946603820e-01
1.016710999999999698e+00,1.722394663351566324e-01
1.016851199999999622e+00,1.722392246614998790e-01
1.016991399999999546e+00,1.722389830736595906e-01
1.017131599999999469e+00,1.722387415716054582e-01
1.017271799999999393e+00,1.722385001553068395e-01
1.017411999999999317e+00,1.722382588247333146e-01
1.017552199999999241e+00,1.722380175798545743e-01
1.017692399999999164e+00,1.722377764206399764e-01
1.017832599999999088e+00,1.722375353470592119e-01
1.017972799999999012e+00,1.722372943590819716e-01
1.018019999999999925e+00,1.722372132373100051e-01
1.018160399999999965e+00,1.722369739489302276e-01
1.018300800000000006e+00,1.722367347449608177e-01
1.018441200000000046e+00,1.722364956253719104e-01
1.018581600000000087e+00,1.722362565901337517e-01
1.018722000000000127e+00,1.722360176392166986e-01
1.018862400000000168e+00,1.722357787725908862e-01
1.019002800000000208e+00,1.722355399902266715e-01
1.019143200000000249e+00,1.722353012920941895e-01
1.019283600000000289e+00,1.722350626781639082e-01
1.019424000000000330e+00,1.722348241484059628e-01
1.019564400000000370e+00,1.722345857027907101e-01
1.019704800000000411e+00,1.722343473412885073e-01
1.019845200000000451e+00,1.722341090638697114e-01
1.019985600000000492e+00,1.722338708705045685e-01
1.020040000000000058e+00,1.722337785916753239e-01
1.020178999999999947e+00,1.722335351799002545e-01
1.020317999999999836e+00,1.722332918559139614e-01
1.020456999999999725e+00,1.722330486196852473e-01
1.020595999999999615e+00,1.722328054711819156e-01
1.020734999999999504e+00,1.722325624103728803e-01
1.020873999999999393e+00,1.722323194372260557e-01
1.021012999999999282e+00,1.722320765517102448e-01
1.021151999999999171e+00,1.722318337537935840e-01
1.021290999999999061e+00,1.722315910434443209e-01
1.021429999999998950e+00,1.722313484206312584e-01
1.021568999999998839e+00,1.722311058853224219e-01
1.021707999999998728e+00,1.722308634374867253e-01
1.021846999999998618e+00,1.722306210770921941e-01
1.021985999999998507e+00,1.722303788041076311e-01
1.021989999999999954e+00,1.722303718322956145e-01
1.022130199999999878e+00,1.722301355574304971e-01
1.022270399999999801e+00,1.722298993657015442e-01
1.022410599999999725e+00,1.722296632570794461e-01
1.022550799999999649e+00,1.722294272315348929e-01
1.022690999999999573e+00,1.722291912890387966e-01
1.022831199999999496e+00,1.722289554295618474e-01
1.022971399999999420e+00,1.722287196530748465e-01
1.023111599999999344e+00,1.722284839595485950e-01
1.023251799999999267e+00,1.722282483489538940e-01
1.023391999999999191e+00,1.722280128212615447e-01
1.023532199999999115e+00,1.722277773764424591e-01
1.023672399999999039e+00,1.722275420144673275e-01
1.023812599999998962e+00,1.722273067353071729e-01
1.023952799999998886e+00,1.722270715389327966e-01
1.024000000000000021e+00,1.722269923666536195e-01
1.024140400000000062e+00,1.722267588067724065e-01
1.024280800000000102e+00,1.722265253285386599e-01
1.024421200000000143e+00,1.722262919319237362e-01
1.024561600000000183e+00,1.722260586168991026e-01
1.024702000000000224e+00,1.722258253834362263e-01
1.024842400000000264e+00,1.722255922315066856e-01
1.024982800000000305e+00,1.722253591610819479e-01
1.025123200000000345e+00,1.722251261721334803e-01
1.025263600000000386e+00,1.722248932646328612e-01
1.025404000000000426e+00,1.722246604385515578e-01
1.025544400000000467e+00,1.722244276938611485e-01
1.025684800000000507e+00,1.722241950305331004e-01
1.025825200000000548e+00,1.722239624485391030e-01
1.025965600000000588e+00,1.722237299478506234e-01
1.026019999999999932e+00,1.722236398743183239e-01
1.026160199999999856e+00,1.722234073860477999e-01
1.026300399999999780e+00,1.722231749790852362e-01
1.026440599999999703e+00,1.722229426534021002e-01
1.026580799999999627e+00,1.722227104089699701e-01
1.026720999999999551e+00,1.722224782457604242e-01
1.026861199999999474e+00,1.722222461637450408e-01
1.027001399999999398e+00,1.722220141628955092e-01
1.027141599999999322e+00,1.722217822431834078e-01
1.027281799999999246e+00,1.722215504045803147e-01
1.027421999999999169e+00,1.722213186470579194e-01
1.027562199999999093e+00,1.722210869705878000e-01
1.027702399999999017e+00,1.722208553751416460e-01
1.027842599999998940e+00,1.722206238606911466e-01
1.027982799999998864e+00,1.722203924272079911e-01
1.028029999999999999e+00,1.722203145215450704e-01
1.028170400000000040e+00,1.722200847018994230e-01
1.028310800000000080e+00,1.722198549621052344e-01
1.028451200000000121e+00,1.722196253021346379e-01
1.028591600000000161e+00,1.722193957219601002e-01
1.028732000000000202e+00,1.722191662215537544e-01
1.028872400000000242e+00,1.722189368008879562e-01
1.029012800000000283e+00,1.722187074599349499e-01
1.029153200000000323e+00,1.722184781986670910e-01
1.029293600000000364e+00,1.722182490170566238e-01
1.029434000000000404e+00,1.722180199150759039e-01
1.029574400000000445e+00,1.722177908926972867e-01
1.029714800000000485e+00,1.722175619498931276e-01
1.029855200000000526e+00,1.722173330866356711e-01
1.029995600000000566e+00,1.722171043028974946e-01
1.030049999999999910e+00,1.722170156692830467e-01
1.030189000000000021e+00,1.722167818403405048e-01
1.030328000000000133e+00,1.722165480944740645e-01
1.030467000000000244e+00,1.722163144316543049e-01
1.030606000000000355e+00,1.722160808518516939e-01
1.030745000000000466e+00,1.722158473550366997e-01
1.030884000000000578e+00,1.722156139411799014e-01
1.031023000000000689e+00,1.722153806102517670e-01
1.031162000000000800e+00,1.722151473622228757e-01
1.031301000000000911e+00,1.722149141970636954e-01
1.031440000000001023e+00,1.722146811147449164e-01
1.031579000000001134e+00,1.722144481152370066e-01
1.031718000000001245e+00,1.722142151985105452e-01
1.031857000000001356e+00,1.722139823645361112e-01
1.031996000000001468e+00,1.722137496132843948e-01
1.032000000000000028e+00,1.722137429154751986e-01
1.032140199999999952e+00,1.722135159562306894e-01
1.032280399999999876e+00,1.722132890756437051e-01
1.032420599999999800e+00,1.722130622736871564e-01
1.032560799999999723e+00,1.722128355503336206e-01
1.032700999999999647e+00,1.722126089055560083e-01
1.032841199999999571e+00,1.722123823393270081e-01
1.032981399999999494e+00,1.722121558516193085e-01
1.033121599999999418e+00,1.722119294424058200e-01
1.033261799999999342e+00,1.722117031116592312e-01
1.033401999999999266e+00,1.722114768593524525e-01
1.033542199999999189e+00,1.722112506854582836e-01
1.033682399999999113e+00,1.722110245899494130e-01
1.033822599999999037e+00,1.722107985727988622e-01
1.033962799999998960e+00,1.722105726339794307e-01
1.034010000000000096e+00,1.722104965778616936e-01
1.034150400000000136e+00,1.722102721858080887e-01
1.034290800000000177e+00,1.722100478710257843e-01
1.034431200000000217e+00,1.722098236334881349e-01
1.034571600000000258e+00,1.722095994731686064e-01
1.034712000000000298e+00,1.722093753900405533e-01
1.034852400000000339e+00,1.722091513840773302e-01
1.034992800000000379e+00,1.722089274552525140e-01
1.035133200000000420e+00,1.722087036035394592e-01
1.035273600000000460e+00,1.722084798289115204e-01
1.035414000000000501e+00,1.722082561313422744e-01
1.035554400000000541e+00,1.722080325108051868e-01
1.035694800000000582e+00,1.722078089672736123e-01
1.035835200000000622e+00,1.722075855007211276e-01
1.035975600000000663e+00,1.722073621111211983e-01
1.036030000000000006e+00,1.722072755671579802e-01
1.036170199999999930e+00,1.722070521712841806e-01
1.036310399999999854e+00,1.722068288523774804e-01
1.036450599999999778e+00,1.722066056104114562e-01
1.036590799999999701e+00,1.722063824453594627e-01
1.036730999999999625e+00,1.722061593571951876e-01
1.036871199999999549e+00,1.722059363458920966e-01
1.037011399999999472e+00,1.722057134114235444e-01
1.037151599999999396e+00,1.722054905537633296e-01
1.037291799999999320e+00,1.722052677728846959e-01
1.037431999999999244e+00,1.722050450687614420e-01
1.037572199999999167e+00,1.722048224413670336e-01
1.037712399999999091e+00,1.722045998906749364e-01
1.037852599999999015e+00,1.722043774166589492e-01
1.037992799999998939e+00,1.722041550192924264e-01
1.038040000000000074e+00,1.722040801552565670e-01
1.038178999999999963e+00,1.722038536589929336e-01
1.038317999999999852e+00,1.722036272422395875e-01
1.038456999999999741e+00,1.722034009049684400e-01
1.038595999999999631e+00,1.722031746471517355e-01
1.038734999999999520e+00,1.722029484687614964e-01
1.038873999999999409e+00,1.722027223697698561e-01
1.039012999999999298e+00,1.722024963501490591e-01
1.039151999999999187e+00,1.722022704098710166e-01
1.039290999999999077e+00,1.722020445489079732e-01
1.039429999999998966e+00,1.722018187672321732e-01
1.039568999999998855e+00,1.722015930648156390e-01
1.039707999999998744e+00,1.722013674416307261e-01
1.039846999999998634e+00,1.722011418976494568e-01
1.039985999999998523e+00,1.722009164328440756e-01
1.039989999999999970e+00,1.722009099447138203e-01
1.040130400000000011e+00,1.722006908138107306e-01
1.040270800000000051e+00,1.722004717576982591e-01
1.040411200000000091e+00,1.722002527763508706e-01
1.040551600000000132e+00,1.722000338697431410e-01
1.040692000000000172e+00,1.721998150378494241e-01
1.040832400000000213e+00,1.721995962806442959e-01
1.040972800000000253e+00,1.721993775981023322e-01
1.041113200000000294e+00,1.721991589901978870e-01
1.041253600000000334e+00,1.721989404569055360e-01
1.041394000000000375e+00,1.721987219981998551e-01
1.041534400000000415e+00,1.721985036140554204e-01
1.041674800000000456e+00,1.721982853044466966e-01
1.041815200000000496e+00,1.721980670693482596e-01
1.041955600000000537e+00,1.721978489087346853e-01
1.042010000000000103e+00,1.721977643904470945e-01
1.042150200000000027e+00,1.721975462086654529e-01
1.042290399999999950e+00,1.721973281013929880e-01
1.042430599999999874e+00,1.721971100686043865e-01
1.042570799999999798e+00,1.721968921102740024e-01
1.042710999999999721e+00,1.721966742263765227e-01
1.042851199999999645e+00,1.721964564168864120e-01
1.042991399999999569e+00,1.721962386817783575e-01
1.043131599999999493e+00,1.721960210210270459e-01
1.043271799999999416e+00,1.721958034346070532e-01
1.043411999999999340e+00,1.721955859224928442e-01
1.043552199999999264e+00,1.721953684846591059e-01
1.043692399999999187e+00,1.721951511210805252e-01
1.043832599999999111e+00,1.721949338317316780e-01
1.043972799999999035e+00,1.721947166165872511e-01
1.044019999999999948e+00,1.721946434969310324e-01
1.044160399999999989e+00,1.721944277964569947e-01
1.044300800000000029e+00,1.721942121691644179e-01
1.044441200000000070e+00,1.721939966150286550e-01
1.044581600000000110e+00,1.721937811340248370e-01
1.044722000000000151e+00,1.721935657261280950e-01
1.044862400000000191e+00,1.721933503913136709e-01
1.045002800000000232e+00,1.721931351295568069e-01
1.045143200000000272e+00,1.721929199408326339e-01
1.045283600000000312e+00,1.721927048251163939e-01
1.045424000000000353e+00,1.721924897823833289e-01
1.045564400000000393e+00,1.721922748126086811e-01
1.045704800000000434e+00,1.721920599157676923e-01
1.045845200000000474e+00,1.721918450918357157e-01
1.045985600000000515e+00,1.721916303407877713e-01
1.046040000000000081e+00,1.721915471433452804e-01
1.046178999999999970e+00,1.721913276493329814e-01
1.046317999999999859e+00,1.721911082314699915e-01
1.046456999999999748e+00,1.721908888897296652e-01
1.046595999999999638e+00,1.721906696240856904e-01
1.046734999999999527e+00,1.721904504345116438e-01
1.046873999999999416e+00,1.721902313209812130e-01
1.047012999999999305e+00,1.721900122834678637e-01
1.047151999999999195e+00,1.721897933219452836e-01
1.047290999999999084e+00,1.721895744363872716e-01
1.047429999999998973e+00,1.721893556267672931e-01
1.047568999999998862e+00,1.721891368930590360e-01
1.047707999999998751e+00,1.721889182352361880e-01
1.047846999999998641e+00,1.721886996532724368e-01
1.047985999999998530e+00,1.721884811471413590e-01
1.047989999999999977e+00,1.721884748592579228e-01
1.048130199999999901e+00,1.721882617588824660e-01
1.048270399999999825e+00,1.721880487306346463e-01
1.048410599999999748e+00,1.721878357744902610e-01
1.048550799999999672e+00,1.721876228904247741e-01
1.048690999999999596e+00,1.721874100784138717e-01
1.048831199999999519e+00,1.721871973384330179e-01
1.048971399999999443e+00,1.721869846704580098e-01
1.049111599999999367e+00,1.721867720744643115e-01
1.049251799999999291e+00,1.721865595504277202e-01
1.049391999999999214e+00,1.721863470983236999e-01
1.049532199999999138e+00,1.721861347181280477e-01
1.049672399999999062e+00,1.721859224098163388e-01
1.049812599999998985e+00,1.721857101733643702e-01
1.049952799999998909e+00,1.721854980087476061e-01
1.050000000000000044e+00,1.721854265891430424e-01
1.050140400000000085e+00,1.721852158631153040e-01
1.050280800000000125e+00,1.721850052079600957e-01
1.050421200000000166e+00,1.721847946236535476e-01
1.050561600000000206e+00,1.721845841101719010e-01
1.050702000000000247e+00,1.721843736674912861e-01
1.050842400000000287e+00,1.721841632955879442e-01
1.050982800000000328e+00,1.721839529944381164e-01
1.051123200000000368e+00,1.721837427640179330e-01
1.051263600000000409e+00,1.721835326043035241e-01
1.051404000000000449e+00,1.721833225152712421e-01
1.051544400000000490e+00,1.721831124968973281e-01
1.051684800000000530e+00,1.721829025491579124e-01
1.051825200000000571e+00,1.721826926720292361e-01
1.051965600000000611e+00,1.721824828654876516e-01
1.052019999999999955e+00,1.721824015835202726e-01
1.052160199999999879e+00,1.721821917578812977e-01
1.052300399999999803e+00,1.721819820028513970e-01
1.052440599999999726e+00,1.721817723184069227e-01
1.052580799999999650e+00,1.721815627045240049e-01
1.052720999999999574e+00,1.721813531611788850e-01
1.052861199999999497e+00,1.721811436883479152e-01
1.053001399999999421e+00,1.721809342860073366e-01
1.053141599999999345e+00,1.721807249541333906e-01
1.053281799999999269e+00,1.721805156927023184e-01
1.053421999999999192e+00,1.721803065016904721e-01
1.053562199999999116e+00,1.721800973810742041e-01
1.053702399999999040e+00,1.721798883308297556e-01
1.053842599999998964e+00,1.721796793509335899e-01
1.053982799999998887e+00,1.721794704413618371e-01
1.054030000000000022e+00,1.721794001174357103e-01
1.054170400000000063e+00,1.721791926466370581e-01
1.054310800000000103e+00,1.721789852452055847e-01
1.054451200000000144e+00,1.721787779131177532e-01
1.054591600000000184e+00,1.721785706503506930e-01
1.054732000000000225e+00,1.721783634568809784e-01
1.054872400000000265e+00,1.721781563326857389e-01
1.055012800000000306e+00,1.721779492777415488e-01
1.055153200000000346e+00,1.721777422920253153e-01
1.055293600000000387e+00,1.721775353755140570e-01
1.055434000000000427e+00,1.721773285281843480e-01
1.055574400000000468e+00,1.721771217500133178e-01
1.055714800000000508e+00,1.721769150409776516e-01
1.055855200000000549e+00,1.721767084010544790e-01
1.055995600000000589e+00,1.721765018302203742e-01
1.056049999999999933e+00,1.721764218017495240e-01
1.056189000000000044e+00,1.721762106498649914e-01
1.056328000000000156e+00,1.721759995701772628e-01
1.056467000000000267e+00,1.721757885626618023e-01
1.056606000000000378e+00,1.721755776272938521e-01
1.056745000000000489e+00,1.721753667640488761e-01
1.056884000000000601e+00,1.721751559729020054e-01
1.057023000000000712e+00,1.721749452538287040e-01
1.057162000000000823e+00,1.721747346068043250e-01
1.057301000000000935e+00,1.721745240318042214e-01
1.057440000000001046e+00,1.721743135288038573e-01
1.057579000000001157e+00,1.721741030977783637e-01
1.057718000000001268e+00,1.721738927387034268e-01
1.057857000000001380e+00,1.721736824515541775e-01
1.057996000000001491e+00,1.721734722363063019e-01
1.058000000000000052e+00,1.721734661870061300e-01
1.058140199999999975e+00,1.721732611675228508e-01
1.058280399999999899e+00,1.721730562164311973e-01
1.058420599999999823e+00,1.721728513337081878e-01
1.058560799999999746e+00,1.721726465193311739e-01
1.058700999999999670e+00,1.721724417732772849e-01
1.058841199999999594e+00,1.721722370955237613e-01
1.058981399999999518e+00,1.721720324860478435e-01
1.059121599999999441e+00,1.721718279448265498e-01
1.059261799999999365e+00,1.721716234718373428e-01
1.059401999999999289e+00,1.721714190670573519e-01
1.059542199999999212e+00,1.721712147304638174e-01
1.059682399999999136e+00,1.721710104620340909e-01
1.059822599999999060e+00,1.721708062617453017e-01
1.059962799999998984e+00,1.721706021295749123e-01
1.060009999999999897e+00,1.721705334137679788e-01
1.060150399999999937e+00,1.721703306791464438e-01
1.060290799999999978e+00,1.721701280117211574e-01
1.060431200000000018e+00,1.721699254114699151e-01
1.060571600000000059e+00,1.721697228783705125e-01
1.060712000000000099e+00,1.721695204124005230e-01
1.060852400000000140e+00,1.721693180135378531e-01
1.060992800000000180e+00,1.721691156817600765e-01
1.061133200000000221e+00,1.721689134170452107e-01
1.061273600000000261e+00,1.721687112193708291e-01
1.061414000000000302e+00,1.721685090887147274e-01
1.061554400000000342e+00,1.721683070250548120e-01
1.061694800000000383e+00,1.721681050283688785e-01
1.061835200000000423e+00,1.721679030986345005e-01
1.061975600000000464e+00,1.721677012358298064e-01
1.062030000000000030e+00,1.721676230312285671e-01
1.062170199999999953e+00,1.721674211066246407e-01
1.062310399999999877e+00,1.721672192489998032e-01
1.062450599999999801e+00,1.721670174583318502e-01
1.062590799999999724e+00,1.721668157345985772e-01
1.062730999999999648e+00,1.721666140777777798e-01
1.062871199999999572e+00,1.721664124878473645e-01
1.063011399999999496e+00,1.721662109647850158e-01
1.063151599999999419e+00,1.721660095085685294e-01
1.063291799999999343e+00,1.721658081191758116e-01
1.063431999999999267e+00,1.721656067965846582e-01
1.063572199999999190e+00,1.721654055407729755e-01
1.063712399999999114e+00,1.721652043517185593e-01
1.063852599999999038e+00,1.721650032293993160e-01
1.063992799999998962e+00,1.721648021737930412e-01
1.064040000000000097e+00,1.721647344935887114e-01
1.064179200000000103e+00,1.721645304843997248e-01
1.064318400000000109e+00,1.721643265439057879e-01
1.064457600000000115e+00,1.721641226720839191e-01
1.064596800000000121e+00,1.721639188689110256e-01
1.064736000000000127e+00,1.721637151343637928e-01
1.064875200000000133e+00,1.721635114684192391e-01
1.065014400000000139e+00,1.721633078710542719e-01
1.065153600000000145e+00,1.721631043422456875e-01
1.065292800000000151e+00,1.721629008819706153e-01
1.065432000000000157e+00,1.721626974902058516e-01
1.065571200000000163e+00,1.721624941669281927e-01
1.065710400000000169e+00,1.721622909121147682e-01
1.065849600000000175e+00,1.721620877257424853e-01
1.065988800000000181e+00,1.721618846077882514e-01
1.066000000000000059e+00,1.721618682654073584e-01
1.066140199999999982e+00,1.721616694034544537e-01
1.066280399999999906e+00,1.721614706070843104e-01
1.066420599999999830e+00,1.721612718762751681e-01
1.066560799999999753e+00,1.721610732110054887e-01
1.066700999999999677e+00,1.721608746112537336e-01
1.066841199999999601e+00,1.721606760769981426e-01
1.066981399999999525e+00,1.721604776082172883e-01
1.067121599999999448e+00,1.721602792048894104e-01
1.067261799999999372e+00,1.721600808669930815e-01
1.067401999999999296e+00,1.721598825945066524e-01
1.067542199999999220e+00,1.721596843874084737e-01
1.067682399999999143e+00,1.721594862456770070e-01
1.067822599999999067e+00,1.721592881692907140e-01
1.067962799999998991e+00,1.721590901582281674e-01
1.068009999999999904e+00,1.721590235028482851e-01
1.068150199999999828e+00,1.721588261563749001e-01
1.068290399999999751e+00,1.721586288747946059e-01
1.068430599999999675e+00,1.721584316580860863e-01
1.068570799999999599e+00,1.721582345062280250e-01
1.068710999999999522e+00,1.721580374191989948e-01
1.068851199999999446e+00,1.721578403969777904e-01
1.068991399999999370e+00,1.721576434395430955e-01
1.069131599999999294e+00,1.721574465468734827e-01
1.069271799999999217e+00,1.721572497189477469e-01
1.069411999999999141e+00,1.721570529557445717e-01
1.069552199999999065e+00,1.721568562572427519e-01
1.069692399999998988e+00,1.721566596234209712e-01
1.069832599999998912e+00,1.721564630542579133e-01
1.069972799999998836e+00,1.721562665497323730e-01
1.070019999999999971e+00,1.721562004014685066e-01
1.070160400000000012e+00,1.721560052243091832e-01
1.070300800000000052e+00,1.721558101109240679e-01
1.070441200000000093e+00,1.721556150612923997e-01
1.070581600000000133e+00,1.721554200753934172e-01
1.070722000000000174e+00,1.721552251532061373e-01
1.070862400000000214e+00,1.721550302947097988e-01
1.071002800000000255e+00,1.721548354998836405e-01
1.071143200000000295e+00,1.721546407687067903e-01
1.071283600000000336e+00,1.721544461011584870e-01
1.071424000000000376e+00,1.721542514972179694e-01
1.071564400000000417e+00,1.721540569568644763e-01
1.071704800000000457e+00,1.721538624800770245e-01
1.071845200000000498e+00,1.721536680668350749e-01
1.071985600000000538e+00,1.721534737171177554e-01
1.072040000000000104e+00,1.721533984230593228e-01
1.072178999999999993e+00,1.721531997616180254e-01
1.072317999999999882e+00,1.721530011665595161e-01
1.072456999999999772e+00,1.721528026378619236e-01
1.072595999999999661e+00,1.721526041755027103e-01
1.072734999999999550e+00,1.721524057794602269e-01
1.072873999999999439e+00,1.721522074497120469e-01
1.073012999999999328e+00,1.721520091862357438e-01
1.073151999999999218e+00,1.721518109890096682e-01
1.073290999999999107e+00,1.721516128580111715e-01
1.073429999999998996e+00,1.721514147932186045e-01
1.073568999999998885e+00,1.721512167946096517e-01
1.073707999999998774e+00,1.721510188621619974e-01
1.073846999999998664e+00,1.721508209958538815e-01
1.073985999999998553e+00,1.721506231956630995e-01
1.073990000000000000e+00,1.721506175036260355e-01
1.074130400000000041e+00,1.721504252604466600e-01
1.074270800000000081e+00,1.721502330797223257e-01
1.074411200000000122e+00,1.721500409614326044e-01
1.074551600000000162e+00,1.721498489055575121e-01
1.074692000000000203e+00,1.721496569120766207e-01
1.074832400000000243e+00,1.721494649809696131e-01
1.074972800000000284e+00,1.721492731122161723e-01
1.075113200000000324e+00,1.721490813057962033e-01
1.075253600000000365e+00,1.721488895616893888e-01
1.075394000000000405e+00,1.721486978798755230e-01
1.075534400000000446e+00,1.721485062603342886e-01
1.075674800000000486e+00,1.721483147030455907e-01
1.075815200000000527e+00,1.721481232079891122e-01
1.075955600000000567e+00,1.721479317751445359e-01
1.076009999999999911e+00,1.721478576110732073e-01
1.076150199999999835e+00,1.721476661163103827e-01
1.076290399999999758e+00,1.721474746838076442e-01
1.076430599999999682e+00,1.721472833135447855e-01
1.076570799999999606e+00,1.721470920055014897e-01
1.076710999999999530e+00,1.721469007596575507e-01
1.076851199999999453e+00,1.721467095759928734e-01
1.076991399999999377e+00,1.721465184544870297e-01
1.077131599999999301e+00,1.721463273951199247e-01
1.077271799999999224e+00,1.721461363978713521e-01
1.077411999999999148e+00,1.721459454627212171e-01
1.077552199999999072e+00,1.721457545896492025e-01
1.077692399999998996e+00,1.721455637786351023e-01
1.077832599999998919e+00,1.721453730296588214e-01
1.077972799999998843e+00,1.721451823427001537e-01
1.078019999999999978e+00,1.721451181526926222e-01
1.078160199999999902e+00,1.721449280880166244e-01
1.078300399999999826e+00,1.721447380849607800e-01
1.078440599999999749e+00,1.721445481435053271e-01
1.078580799999999673e+00,1.721443582636301706e-01
1.078720999999999597e+00,1.721441684453153265e-01
1.078861199999999521e+00,1.721439786885406997e-01
1.079001399999999444e+00,1.721437889932866394e-01
1.079141599999999368e+00,1.721435993595330505e-01
1.079281799999999292e+00,1.721434097872600599e-01
1.079421999999999215e+00,1.721432202764475727e-01
1.079562199999999139e+00,1.721430308270758269e-01
1.079702399999999063e+00,1.721428414391248385e-01
1.079842599999998987e+00,1.721426521125746234e-01
1.079982799999998910e+00,1.721424628474054197e-01
1.080030000000000046e+00,1.721423991359880556e-01
1.080169200000000052e+00,1.721422070459274201e-01
1.080308400000000058e+00,1.721420150191005360e-01
1.080447600000000064e+00,1.721418230554867534e-01
1.080586800000000069e+00,1.721416311550650891e-01
1.080726000000000075e+00,1.721414393178148927e-01
1.080865200000000081e+00,1.721412475437151812e-01
1.081004400000000087e+00,1.721410558327454154e-01
1.081143600000000093e+00,1.721408641848846122e-01
1.081282800000000099e+00,1.721406726001120102e-01
1.081422000000000105e+00,1.721404810784069594e-01
1.081561200000000111e+00,1.721402896197485877e-01
1.081700400000000117e+00,1.721400982241162447e-01
1.081839600000000123e+00,1.721399068914890584e-01
1.081978800000000129e+00,1.721397156218463786e-01
1.081990000000000007e+00,1.721397002327426096e-01
1.082130199999999931e+00,1.721395129813096947e-01
1.082270399999999855e+00,1.721393257902443796e-01
1.082410599999999778e+00,1.721391386595270134e-01
1.082550799999999702e+00,1.721389515891383892e-01
1.082690999999999626e+00,1.721387645790587451e-01
1.082831199999999550e+00,1.721385776292688741e-01
1.082971399999999473e+00,1.721383907397493473e-01
1.083111599999999397e+00,1.721382039104805139e-01
1.083251799999999321e+00,1.721380171414431670e-01
1.083391999999999245e+00,1.721378304326178776e-01
1.083532199999999168e+00,1.721376437839849949e-01
1.083672399999999092e+00,1.721374571955254229e-01
1.083812599999999016e+00,1.721372706672195108e-01
1.083952799999998939e+00,1.721370841990480516e-01
1.084000000000000075e+00,1.721370214291318979e-01
1.084140400000000115e+00,1.721368362172833733e-01
1.084280800000000156e+00,1.721366510647681647e-01
1.084421200000000196e+00,1.721364659715671763e-01
1.084561600000000237e+00,1.721362809376615344e-01
1.084702000000000277e+00,1.721360959630320320e-01
1.084842400000000318e+00,1.721359110476597953e-01
1.084982800000000358e+00,1.721357261915258396e-01
1.085123200000000399e+00,1.721355413946110691e-01
1.085263600000000439e+00,1.721353566568967208e-01
1.085404000000000480e+00,1.721351719783636991e-01
1.085544400000000520e+00,1.721349873589931301e-01
1.085684800000000561e+00,1.721348027987659179e-01
1.085825200000000601e+00,1.721346182976632999e-01
1.085965600000000642e+00,1.721344338556661802e-01
1.086019999999999985e+00,1.721343623998331518e-01
1.086160199999999909e+00,1.721341778982079518e-01
1.086300399999999833e+00,1.721339934557338802e-01
1.086440599999999757e+00,1.721338090723919523e-01
1.086580799999999680e+00,1.721336247481631831e-01
1.086720999999999604e+00,1.721334404830288101e-01
1.086861199999999528e+00,1.721332562769696262e-01
1.087001399999999451e+00,1.721330721299667577e-01
1.087141599999999375e+00,1.721328880420013308e-01
1.087281799999999299e+00,1.721327040130544717e-01
1.087421999999999223e+00,1.721325200431071956e-01
1.087562199999999146e+00,1.721323361321405176e-01
1.087702399999999070e+00,1.721321522801356751e-01
1.087842599999998994e+00,1.721319684870736832e-01
1.087982799999998917e+00,1.721317847529355571e-01
1.088030000000000053e+00,1.721317229033272334e-01
1.088170199999999976e+00,1.721315397630384103e-01
1.088310399999999900e+00,1.721313566812996410e-01
1.088450599999999824e+00,1.721311736580922735e-01
1.088590799999999748e+00,1.721309906933973233e-01
1.088730999999999671e+00,1.721308077871962494e-01
1.088871199999999595e+00,1.721306249394702892e-01
1.089011399999999519e+00,1.721304421502010129e-01
1.089151599999999442e+00,1.721302594193693247e-01
1.089291799999999366e+00,1.721300767469566839e-01
1.089431999999999290e+00,1.721298941329444387e-01
1.089572199999999214e+00,1.721297115773139375e-01
1.089712399999999137e+00,1.721295290800467503e-01
1.089852599999999061e+00,1.721293466411237816e-01
1.089992799999998985e+00,1.721291642605266015e-01
1.090039999999999898e+00,1.721291028665361544e-01
1.090179199999999904e+00,1.721289177638642975e-01
1.090318399999999910e+00,1.721287327212787099e-01
1.090457599999999916e+00,1.721285477387598517e-01
1.090596799999999922e+00,1.721283628162882939e-01
1.090735999999999928e+00,1.721281779538444967e-01
1.090875199999999934e+00,1.721279931514090311e-01
1.091014399999999940e+00,1.721278084089623572e-01
1.091153599999999946e+00,1.721276237264850462e-01
1.091292799999999952e+00,1.721274391039576690e-01
1.091431999999999958e+00,1.721272545413606858e-01
1.091571199999999964e+00,1.721270700386746677e-01
1.091710399999999970e+00,1.721268855958801858e-01
1.091849599999999976e+00,1.721267012129578111e-01
1.091988799999999982e+00,1.721265168898880038e-01
1.092000000000000082e+00,1.721265020596837170e-01
1.092140200000000005e+00,1.721263215974737637e-01
1.092280399999999929e+00,1.721261411926369167e-01
1.092420599999999853e+00,1.721259608451548573e-01
1.092560799999999777e+00,1.721257805550092668e-01
1.092700999999999700e+00,1.721256003221820485e-01
1.092841199999999624e+00,1.721254201466549949e-01
1.092981399999999548e+00,1.721252400284097872e-01
1.093121599999999471e+00,1.721250599674282178e-01
1.093261799999999395e+00,1.721248799636921900e-01
1.093401999999999319e+00,1.721247000171833852e-01
1.093542199999999243e+00,1.721245201278837067e-01
1.093682399999999166e+00,1.721243402957749469e-01
1.093822599999999090e+00,1.721241605208388981e-01
1.093962799999999014e+00,1.721239808030574636e-01
1.094009999999999927e+00,1.721239203054029110e-01
1.094150399999999967e+00,1.721237417867552688e-01
1.094290800000000008e+00,1.721235633245079555e-01
1.094431200000000048e+00,1.721233849186433185e-01
1.094571600000000089e+00,1.721232065691433721e-01
1.094712000000000129e+00,1.721230282759904640e-01
1.094852400000000170e+00,1.721228500391667193e-01
1.094992800000000210e+00,1.721226718586543747e-01
1.095133200000000251e+00,1.721224937344355554e-01
1.095273600000000291e+00,1.721223156664926091e-01
1.095414000000000332e+00,1.721221376548076609e-01
1.095554400000000372e+00,1.721219596993629475e-01
1.095694800000000413e+00,1.721217818001407052e-01
1.095835200000000453e+00,1.721216039571232814e-01
1.095975600000000494e+00,1.721214261702926906e-01
1.096030000000000060e+00,1.721213572926616475e-01
1.096170199999999983e+00,1.721211794600411293e-01
1.096310399999999907e+00,1.721210016836433043e-01
1.096450599999999831e+00,1.721208239634505199e-01
1.096590799999999755e+00,1.721206462994449016e-01
1.096730999999999678e+00,1.721204686916087967e-01
1.096871199999999602e+00,1.721202911399244417e-01
1.097011399999999526e+00,1.721201136443740731e-01
1.097151599999999450e+00,1.721199362049399273e-01
1.097291799999999373e+00,1.721197588216042407e-01
1.097431999999999297e+00,1.721195814943493607e-01
1.097572199999999221e+00,1.721194042231574128e-01
1.097712399999999144e+00,1.721192270080107445e-01
1.097852599999999068e+00,1.721190498488917031e-01
1.097992799999998992e+00,1.721188727457825252e-01
1.098039999999999905e+00,1.721188131282588296e-01
1.098179000000000016e+00,1.721186327007029337e-01
1.098318000000000128e+00,1.721184523312855319e-01
1.098457000000000239e+00,1.721182720199878613e-01
1.098596000000000350e+00,1.721180917667912702e-01
1.098735000000000461e+00,1.721179115716771069e-01
1.098874000000000573e+00,1.721177314346264975e-01
1.099013000000000684e+00,1.721175513556209014e-01
1.099152000000000795e+00,1.721173713346414447e-01
1.099291000000000906e+00,1.721171913716695867e-01
1.099430000000001018e+00,1.721170114666864537e-01
1.099569000000001129e+00,1.721168316196735049e-01
1.099708000000001240e+00,1.721166518306119775e-01
1.099847000000001351e+00,1.721164720994833308e-01
1.099986000000001463e+00,1.721162924262688021e-01
1.099990000000000023e+00,1.721162872558644752e-01
1.100130400000000064e+00,1.721161125832967320e-01
1.100270800000000104e+00,1.721159379654648713e-01
1.100411200000000145e+00,1.721157634023515737e-01
1.100551600000000185e+00,1.721155888939398526e-01
1.100692000000000226e+00,1.721154144402123887e-01
1.100832400000000266e+00,1.721152400411521954e-01
1.100972800000000307e+00,1.721150656967419534e-01
1.101113200000000347e+00,1.721148914069646763e-01
1.101253600000000388e+00,1.721147171718031554e-01
1.101394000000000428e+00,1.721145429912404046e-01
1.101534400000000469e+00,1.721143688652593262e-01
1.101674800000000509e+00,1.721141947938426009e-01
1.101815200000000550e+00,1.721140207769733532e-01
1.101955600000000590e+00,1.721138468146343747e-01
1.102009999999999934e+00,1.721137794186088366e-01
1.102150199999999858e+00,1.721136054149087213e-01
1.102290399999999781e+00,1.721134314657715159e-01
1.102430599999999705e+00,1.721132575711801227e-01
1.102570799999999629e+00,1.721130837311173334e-01
1.102710999999999553e+00,1.721129099455660505e-01
1.102851199999999476e+00,1.721127362145092876e-01
1.102991399999999400e+00,1.721125625379299473e-01
1.103131599999999324e+00,1.721123889158108211e-01
1.103271799999999248e+00,1.721122153481348116e-01
1.103411999999999171e+00,1.721120418348849324e-01
1.103552199999999095e+00,1.721118683760441970e-01
1.103692399999999019e+00,1.721116949715953970e-01
1.103832599999998942e+00,1.721115216215215460e-01
1.103972799999998866e+00,1.721113483258056576e-01
1.104020000000000001e+00,1.721112899898989967e-01
1.104160199999999925e+00,1.721111172404606871e-01
1.104300399999999849e+00,1.721109445450438313e-01
1.104440599999999773e+00,1.721107719036315542e-01
1.104580799999999696e+00,1.721105993162068692e-01
1.104720999999999620e+00,1.721104267827530121e-01
1.104861199999999544e+00,1.721102543032529963e-01
1.105001399999999467e+00,1.721100818776900576e-01
1.105141599999999391e+00,1.721099095060473205e-01
1.105281799999999315e+00,1.721097371883077987e-01
1.105421999999999239e+00,1.721095649244547277e-01
1.105562199999999162e+00,1.721093927144712321e-01
1.105702399999999086e+00,1.721092205583405477e-01
1.105842599999999010e+00,1.721090484560456879e-01
1.105982799999998933e+00,1.721088764075699995e-01
1.106030000000000069e+00,1.721088184915006147e-01
1.106169200000000075e+00,1.721086438492568371e-01
1.106308400000000081e+00,1.721084692624729184e-01
1.106447600000000087e+00,1.721082947311312061e-01
1.106586800000000093e+00,1.721081202552141587e-01
1.106726000000000099e+00,1.721079458347042346e-01
1.106865200000000105e+00,1.721077714695837813e-01
1.107004400000000111e+00,1.721075971598351462e-01
1.107143600000000117e+00,1.721074229054407878e-01
1.107282800000000123e+00,1.721072487063831646e-01
1.107422000000000128e+00,1.721070745626446241e-01
1.107561200000000134e+00,1.721069004742076247e-01
1.107700400000000140e+00,1.721067264410546249e-01
1.107839600000000146e+00,1.721065524631680832e-01
1.107978800000000152e+00,1.721063785405304580e-01
1.107990000000000030e+00,1.721063645471127002e-01
1.108130199999999954e+00,1.721061942653321353e-01
1.108270399999999878e+00,1.721060240365128724e-01
1.108410599999999802e+00,1.721058538606384802e-01
1.108550799999999725e+00,1.721056837376925275e-01
1.108690999999999649e+00,1.721055136676584718e-01
1.108831199999999573e+00,1.721053436505198819e-01
1.108971399999999496e+00,1.721051736862604375e-01
1.109111599999999420e+00,1.721050037748634853e-01
1.109251799999999344e+00,1.721048339163125940e-01
1.109391999999999268e+00,1.721046641105914432e-01
1.109532199999999191e+00,1.721044943576834907e-01
1.109672399999999115e+00,1.721043246575724162e-01
1.109812599999999039e+00,1.721041550102417883e-01
1.109952799999998962e+00,1.721039854156751758e-01
1.110000000000000098e+00,1.721039283256238228e-01
1.110140400000000138e+00,1.721037598486172548e-01
1.110280800000000179e+00,1.721035914236870301e-01
1.110421200000000219e+00,1.721034230508169394e-01
1.110561600000000260e+00,1.721032547299911064e-01
1.110702000000000300e+00,1.721030864611933220e-01
1.110842400000000341e+00,1.721029182444075989e-01
1.110982800000000381e+00,1.721027500796177279e-01
1.111123200000000422e+00,1.721025819668076107e-01
1.111263600000000462e+00,1.721024139059613711e-01
1.111404000000000503e+00,1.721022458970629110e-01
1.111544400000000543e+00,1.721020779400961320e-01
1.111684800000000584e+00,1.721019100350449360e-01
1.111825200000000624e+00,1.721017421818932247e-01
1.111965600000000665e+00,1.721015743806251219e-01
1.112020000000000008e+00,1.721015093713978983e-01
1.112160199999999932e+00,1.721013415131825708e-01
1.112300399999999856e+00,1.721011737068921521e-01
1.112440599999999780e+00,1.721010059525107661e-01
1.112580799999999703e+00,1.721008382500222034e-01
1.112720999999999627e+00,1.721006705994103658e-01
1.112861199999999551e+00,1.721005030006593772e-01
1.113001399999999474e+00,1.721003354537530283e-01
1.113141599999999398e+00,1.721001679586753319e-01
1.113281799999999322e+00,1.721000005154103007e-01
1.113421999999999246e+00,1.720998331239418366e-01
1.113562199999999169e+00,1.720996657842539523e-01
1.113702399999999093e+00,1.720994984963306607e-01
1.113842599999999017e+00,1.720993312601558634e-01
1.113982799999998941e+00,1.720991640757135732e-01
1.114030000000000076e+00,1.720991077969424854e-01
1.114170199999999999e+00,1.720989411165848582e-01
1.114310399999999923e+00,1.720987744876534276e-01
1.114450599999999847e+00,1.720986079101327615e-01
1.114590799999999771e+00,1.720984413840065397e-01
1.114730999999999694e+00,1.720982749092594410e-01
1.114871199999999618e+00,1.720981084858750343e-01
1.115011399999999542e+00,1.720979421138379983e-01
1.115151599999999465e+00,1.720977757931320129e-01
1.115291799999999389e+00,1.720976095237417569e-01
1.115431999999999313e+00,1.720974433056507991e-01
1.115572199999999237e+00,1.720972771388439293e-01
1.115712399999999160e+00,1.720971110233047163e-01
1.115852599999999084e+00,1.720969449590179501e-01
1.115992799999999008e+00,1.720967789459671993e-01
1.116039999999999921e+00,1.720967230615029209e-01
1.116179199999999927e+00,1.720965545679502551e-01
1.116318399999999933e+00,1.720963861271820328e-01
1.116457599999999939e+00,1.720962177391816006e-01
1.116596799999999945e+00,1.720960494039324162e-01
1.116735999999999951e+00,1.720958811214181594e-01
1.116875199999999957e+00,1.720957128916219547e-01
1.117014399999999963e+00,1.720955447145274819e-01
1.117153599999999969e+00,1.720953765901183097e-01
1.117292799999999975e+00,1.720952085183778957e-01
1.117431999999999981e+00,1.720950404992895866e-01
1.117571199999999987e+00,1.720948725328370621e-01
1.117710399999999993e+00,1.720947046190038909e-01
1.117849599999999999e+00,1.720945367577733087e-01
1.117988800000000005e+00,1.720943689491289952e-01
1.118000000000000105e+00,1.720943554476245252e-01
1.118140200000000029e+00,1.720941911181879114e-01
1.118280399999999952e+00,1.720940268391808470e-01
1.118420599999999876e+00,1.720938626105878999e-01
1.118560799999999800e+00,1.720936984323936381e-01
1.118700999999999723e+00,1.720935343045825183e-01
1.118841199999999647e+00,1.720933702271391086e-01
1.118981399999999571e+00,1.720932062000478657e-01
1.119121599999999495e+00,1.720930422232935797e-01
1.119261799999999418e+00,1.720928782968605963e-01
1.119401999999999342e+00,1.720927144207334836e-01
1.119542199999999266e+00,1.720925505948968093e-01
1.119682399999999189e+00,1.720923868193352524e-01
1.119822599999999113e+00,1.720922230940332698e-01
1.119962799999999037e+00,1.720920594189755404e-01
1.120009999999999950e+00,1.720920043215118378e-01
1.120150399999999991e+00,1.720918417521742905e-01
1.120290800000000031e+00,1.720916792324096445e-01
1.120431200000000072e+00,1.720915167622024677e-01
1.120571600000000112e+00,1.720913543415379943e-01
1.120712000000000153e+00,1.720911919704007920e-01
1.120852400000000193e+00,1.720910296487758728e-01
1.120992800000000233e+00,1.720908673766482488e-01
1.121133200000000274e+00,1.720907051540027100e-01
1.121273600000000314e+00,1.720905429808242681e-01
1.121414000000000355e+00,1.720903808570977134e-01
1.121554400000000395e+00,1.720902187828079466e-01
1.121694800000000436e+00,1.720900567579400908e-01
1.121835200000000476e+00,1.720898947824788250e-01
1.121975600000000517e+00,1.720897328564093831e-01
1.122030000000000083e+00,1.720896701232382808e-01
1.122170200000000007e+00,1.720895080974647051e-01
1.122310399999999930e+00,1.720893461211494557e-01
1.122450599999999854e+00,1.720891841942774336e-01
1.122590799999999778e+00,1.720890223168336508e-01
1.122730999999999701e+00,1.720888604888028972e-01
1.122871199999999625e+00,1.720886987101701848e-01
1.123011399999999549e+00,1.720885369809203036e-01
1.123151599999999473e+00,1.720883753010381545e-01
1.123291799999999396e+00,1.720882136705088605e-01
1.123431999999999320e+00,1.720880520893173227e-01
1.123572199999999244e+00,1.720878905574483309e-01
1.123712399999999167e+00,1.720877290748870081e-01
1.123852599999999091e+00,1.720875676416180333e-01
1.123992799999999015e+00,1.720874062576266406e-01
1.124039999999999928e+00,1.720873519313681488e-01
1.124179000000000039e+00,1.720871875426431830e-01
1.124318000000000151e+00,1.720870232050530912e-01
1.124457000000000262e+00,1.720868589185817754e-01
1.124596000000000373e+00,1.720866946832134703e-01
1.124735000000000484e+00,1.720865304989321887e-01
1.124874000000000596e+00,1.720863663657221654e-01
1.125013000000000707e+00,1.720862022835673022e-01
1.125152000000000818e+00,1.720860382524519450e-01
1.125291000000000929e+00,1.720858742723601065e-01
1.125430000000001041e+00,1.720857103432759105e-01
1.125569000000001152e+00,1.720855464651834810e-01
1.125708000000001263e+00,1.720853826380669416e-01
1.125847000000001374e+00,1.720852188619105272e-01
1.125986000000001486e+00,1.720850551366983616e-01
1.125990000000000046e+00,1.720850504252235957e-01
1.126130400000000087e+00,1.720848912263589492e-01
1.126270800000000127e+00,1.720847320756609955e-01
1.126411200000000168e+00,1.720845729731153018e-01
1.126551600000000208e+00,1.720844139187073241e-01
1.126692000000000249e+00,1.720842549124222964e-01
1.126832400000000289e+00,1.720840959542457860e-01
1.126972800000000330e+00,1.720839370441632488e-01
1.127113200000000370e+00,1.720837781821601409e-01
1.127253600000000411e+00,1.720836193682219184e-01
1.127394000000000451e+00,1.720834606023340374e-01
1.127534400000000492e+00,1.720833018844818429e-01
1.127674800000000532e+00,1.720831432146510132e-01
1.127815200000000573e+00,1.720829845928267821e-01
1.127955600000000613e+00,1.720828260189948278e-01
1.128009999999999957e+00,1.720827645844862364e-01
1.128150199999999881e+00,1.720826059539530828e-01
1.128290399999999805e+00,1.720824473714520630e-01
1.128430599999999728e+00,1.720822888369686332e-01
1.128570799999999652e+00,1.720821303504883604e-01
1.128710999999999576e+00,1.720819719119965896e-01
1.128851199999999499e+00,1.720818135214787770e-01
1.128991399999999423e+00,1.720816551789204896e-01
1.129131599999999347e+00,1.720814968843071835e-01
1.129271799999999271e+00,1.720813386376242038e-01
1.129411999999999194e+00,1.720811804388572286e-01
1.129552199999999118e+00,1.720810222879917140e-01
1.129692399999999042e+00,1.720808641850130050e-01
1.129832599999998966e+00,1.720807061299067797e-01
1.129972799999998889e+00,1.720805481226584943e-01
1.130020000000000024e+00,1.720804949330598799e-01
1.130160400000000065e+00,1.720803379657901422e-01
1.130300800000000105e+00,1.720801810457552872e-01
1.130441200000000146e+00,1.720800241729409930e-01
1.130581600000000186e+00,1.720798673473330487e-01
1.130722000000000227e+00,1.720797105689173545e-01
1.130862400000000267e+00,1.720795538376796996e-01
1.131002800000000308e+00,1.720793971536057620e-01
1.131143200000000348e+00,1.720792405166814421e-01
1.131283600000000389e+00,1.720790839268925287e-01
1.131424000000000429e+00,1.720789273842249223e-01
1.131564400000000470e+00,1.720787708886643008e-01
1.131704800000000510e+00,1.720786144401965645e-01
1.131845200000000551e+00,1.720784580388075025e-01
1.131985600000000591e+00,1.720783016844830149e-01
1.132039999999999935e+00,1.720782411098153997e-01
1.132179000000000046e+00,1.720780812422451067e-01
1.132318000000000158e+00,1.720779214238838950e-01
1.132457000000000269e+00,1.720777616547166655e-01
1.132596000000000380e+00,1.720776019347282082e-01
1.132735000000000491e+00,1.720774422639034240e-01
1.132874000000000603e+00,1.720772826422272139e-01
1.133013000000000714e+00,1.720771230696843679e-01
1.133152000000000825e+00,1.720769635462597869e-01
1.133291000000000937e+00,1.720768040719382608e-01
1.133430000000001048e+00,1.720766446467049127e-01
1.133569000000001159e+00,1.720764852705445325e-01
1.133708000000001270e+00,1.720763259434420211e-01
1.133847000000001382e+00,1.720761666653821687e-01
1.133986000000001493e+00,1.720760074363499870e-01
1.133990000000000054e+00,1.720760028542600573e-01
1.134130199999999977e+00,1.720758474931798343e-01
1.134270399999999901e+00,1.720756921787747196e-01
1.134410599999999825e+00,1.720755369110306132e-01
1.134550799999999748e+00,1.720753816899335265e-01
1.134690999999999672e+00,1.720752265154693594e-01
1.134831199999999596e+00,1.720750713876242344e-01
1.134971399999999520e+00,1.720749163063840514e-01
1.135111599999999443e+00,1.720747612717349329e-01
1.135251799999999367e+00,1.720746062836626677e-01
1.135391999999999291e+00,1.720744513421534894e-01
1.135532199999999214e+00,1.720742964471931868e-01
1.135672399999999138e+00,1.720741415987678824e-01
1.135812599999999062e+00,1.720739867968636982e-01
1.135952799999998986e+00,1.720738320414665345e-01
1.135999999999999899e+00,1.720737799464894247e-01
1.136140399999999939e+00,1.720736262231393754e-01
1.136280799999999980e+00,1.720734725456828373e-01
1.136421200000000020e+00,1.720733189141060437e-01
1.136561600000000061e+00,1.720731653283952278e-01
1.136702000000000101e+00,1.720730117885368449e-01
1.136842400000000142e+00,1.720728582945171281e-01
1.136982800000000182e+00,1.720727048463224218e-01
1.137123200000000223e+00,1.720725514439389592e-01
1.137263600000000263e+00,1.720723980873533066e-01
1.137404000000000304e+00,1.720722447765514751e-01
1.137544400000000344e+00,1.720720915115199201e-01
1.137684800000000385e+00,1.720719382922450968e-01
1.137825200000000425e+00,1.720717851187132386e-01
1.137965600000000466e+00,1.720716319909106895e-01
1.138020000000000032e+00,1.720715726662049860e-01
1.138160199999999955e+00,1.720714194563172095e-01
1.138300399999999879e+00,1.720712662922130320e-01
1.138440599999999803e+00,1.720711131738789090e-01
1.138580799999999726e+00,1.720709601013009626e-01
1.138720999999999650e+00,1.720708070744657592e-01
1.138861199999999574e+00,1.720706540933594209e-01
1.139001399999999498e+00,1.720705011579684029e-01
1.139141599999999421e+00,1.720703482682789387e-01
1.139281799999999345e+00,1.720701954242775944e-01
1.139421999999999269e+00,1.720700426259504923e-01
1.139562199999999192e+00,1.720698898732839766e-01
1.139702399999999116e+00,1.720697371662646136e-01
1.139842599999999040e+00,1.720695845048785255e-01
1.139982799999998964e+00,1.720694318891122787e-01
1.140030000000000099e+00,1.720693805143668209e-01
1.140170400000000139e+00,1.720692288810596882e-01
1.140310800000000180e+00,1.720690772927914169e-01
1.140451200000000220e+00,1.720689257495485736e-01
1.140591600000000261e+00,1.720687742513178353e-01
1.140732000000000301e+00,1.720686227980857685e-01
1.140872400000000342e+00,1.720684713898390505e-01
1.141012800000000382e+00,1.720683200265642476e-01
1.141153200000000423e+00,1.720681687082480371e-01
1.141293600000000463e+00,1.720680174348770963e-01
1.141434000000000504e+00,1.720678662064381026e-01
1.141574400000000544e+00,1.720677150229176222e-01
1.141714800000000585e+00,1.720675638843024435e-01
1.141855200000000625e+00,1.720674127905791329e-01
1.141995600000000666e+00,1.720672617417343675e-01
1.142050000000000010e+00,1.720672032224230819e-01
1.142188999999999899e+00,1.720670487948373628e-01
1.142327999999999788e+00,1.720668944141657830e-01
1.142466999999999677e+00,1.720667400803940206e-01
1.142605999999999566e+00,1.720665857935078646e-01
1.142744999999999456e+00,1.720664315534932154e-01
1.142883999999999345e+00,1.720662773603356399e-01
1.143022999999999234e+00,1.720661232140210384e-01
1.143161999999999123e+00,1.720659691145351999e-01
1.143300999999999013e+00,1.720658150618636917e-01
1.143439999999998902e+00,1.720656610559924138e-01
1.143578999999998791e+00,1.720655070969072664e-01
1.143717999999998680e+00,1.720653531845938167e-01
1.143856999999998569e+00,1.720651993190379647e-01
1.143995999999998459e+00,1.720650455002256107e-01
1.143999999999999906e+00,1.720650410738236991e-01
1.144140199999999830e+00,1.720648909801691939e-01
1.144280399999999753e+00,1.720647409310217535e-01
1.144420599999999677e+00,1.720645909263683881e-01
1.144560799999999601e+00,1.720644409661956642e-01
1.144700999999999524e+00,1.720642910504905920e-01
1.144841199999999448e+00,1.720641411792398490e-01
1.144981399999999372e+00,1.720639913524303344e-01
1.145121599999999296e+00,1.720638415700489476e-01
1.145261799999999219e+00,1.720636918320823661e-01
1.145401999999999143e+00,1.720635421385173780e-01
1.145542199999999067e+00,1.720633924893409938e-01
1.145682399999998990e+00,1.720632428845398909e-01
1.145822599999998914e+00,1.720630933241010796e-01
1.145962799999998838e+00,1.720629438080112372e-01
1.146009999999999973e+00,1.720628934766647022e-01
1.146150400000000014e+00,1.720627449412917009e-01
1.146290800000000054e+00,1.720625964496922400e-01
1.146431200000000095e+00,1.720624480018534408e-01
1.146571600000000135e+00,1.720622995977623138e-01
1.146712000000000176e+00,1.720621512374060913e-01
1.146852400000000216e+00,1.720620029207717838e-01
1.146992800000000257e+00,1.720618546478465127e-01
1.147133200000000297e+00,1.720617064186175105e-01
1.147273600000000338e+00,1.720615582330717874e-01
1.147414000000000378e+00,1.720614100911964650e-01
1.147554400000000419e+00,1.720612619929786646e-01
1.147694800000000459e+00,1.720611139384056187e-01
1.147835200000000500e+00,1.720609659274643377e-01
1.147975600000000540e+00,1.720608179601420540e-01
1.148030000000000106e+00,1.720607606346218343e-01
1.148170200000000030e+00,1.720606125921929630e-01
1.148310399999999953e+00,1.720604645934322718e-01
1.148450599999999877e+00,1.720603166383269933e-01
1.148590799999999801e+00,1.720601687268642488e-01
1.148730999999999725e+00,1.720600208590310487e-01
1.148871199999999648e+00,1.720598730348146255e-01
1.149011399999999572e+00,1.720597252542021005e-01
1.149151599999999496e+00,1.720595775171805952e-01
1.149291799999999419e+00,1.720594298237372310e-01
1.149431999999999343e+00,1.720592821738592404e-01
1.149572199999999267e+00,1.720591345675336337e-01
1.149712399999999191e+00,1.720589870047476433e-01
1.149852599999999114e+00,1.720588394854885017e-01
1.149992799999999038e+00,1.720586920097432193e-01
1.150039999999999951e+00,1.720586423652084029e-01
1.150179000000000062e+00,1.720584921031124148e-01
1.150318000000000174e+00,1.720583418861946212e-01
1.150457000000000285e+00,1.720581917144414774e-01
1.150596000000000396e+00,1.720580415878393277e-01
1.150735000000000507e+00,1.720578915063747383e-01
1.150874000000000619e+00,1.720577414700340535e-01
1.151013000000000730e+00,1.720575914788036176e-01
1.151152000000000841e+00,1.720574415326699969e-01
1.151291000000000952e+00,1.720572916316196466e-01
1.151430000000001064e+00,1.720571417756389110e-01
1.151569000000001175e+00,1.720569919647143564e-01
1.151708000000001286e+00,1.720568421988323271e-01
1.151847000000001398e+00,1.720566924779793894e-01
1.151986000000001509e+00,1.720565428021418874e-01
1.151990000000000069e+00,1.720565384949608312e-01
1.152130400000000110e+00,1.720563929576581774e-01
1.152270800000000150e+00,1.720562474629164784e-01
1.152411200000000191e+00,1.720561020107231887e-01
1.152551600000000231e+00,1.720559566010659847e-01
1.152692000000000272e+00,1.720558112339323209e-01
1.152832400000000312e+00,1.720556659093098739e-01
1.152972800000000353e+00,1.720555206271860982e-01
1.153113200000000393e+00,1.720553753875486702e-01
1.153253600000000434e+00,1.720552301903850445e-01
1.153394000000000474e+00,1.720550850356828976e-01
1.153534400000000515e+00,1.720549399234297949e-01
1.153674800000000555e+00,1.720547948536133021e-01
1.153815200000000596e+00,1.720546498262209845e-01
1.153955600000000636e+00,1.720545048412405187e-01
1.154009999999999980e+00,1.720544486710904319e-01
1.154150199999999904e+00,1.720543036253685543e-01
1.154290399999999828e+00,1.720541586220988295e-01
1.154430599999999751e+00,1.720540136612688231e-01
1.154570799999999675e+00,1.720538687428662117e-01
1.154710999999999599e+00,1.720537238668784497e-01
1.154851199999999523e+00,1.720535790332932136e-01
1.154991399999999446e+00,1.720534342420980689e-01
1.155131599999999370e+00,1.720532894932805812e-01
1.155271799999999294e+00,1.720531447868282049e-01
1.155411999999999217e+00,1.720530001227288386e-01
1.155552199999999141e+00,1.720528555009699367e-01
1.155692399999999065e+00,1.720527109215390649e-01
1.155832599999998989e+00,1.720525663844238995e-01
1.155972799999998912e+00,1.720524218896120061e-01
1.156020000000000048e+00,1.720523732485066404e-01
1.156160400000000088e+00,1.720522296697517550e-01
1.156300800000000129e+00,1.720520861327695661e-01
1.156441200000000169e+00,1.720519426375479721e-01
1.156581600000000210e+00,1.720517991840747607e-01
1.156722000000000250e+00,1.720516557723379414e-01
1.156862400000000290e+00,1.720515124023251907e-01
1.157002800000000331e+00,1.720513690740245183e-01
1.157143200000000371e+00,1.720512257874237116e-01
1.157283600000000412e+00,1.720510825425105583e-01
1.157424000000000452e+00,1.720509393392730679e-01
1.157564400000000493e+00,1.720507961776990280e-01
1.157704800000000533e+00,1.720506530577763371e-01
1.157845200000000574e+00,1.720505099794928938e-01
1.157985600000000614e+00,1.720503669428365967e-01
1.158039999999999958e+00,1.720503115274748529e-01
1.158179000000000070e+00,1.720501652773237522e-01
1.158318000000000181e+00,1.720500190706961696e-01
1.158457000000000292e+00,1.720498729075790045e-01
1.158596000000000403e+00,1.720497267879593783e-01
1.158735000000000515e+00,1.720495807118244125e-01
1.158874000000000626e+00,1.720494346791611173e-01
1.159013000000000737e+00,1.720492886899565033e-01
1.159152000000000848e+00,1.720491427441976917e-01
1.159291000000000960e+00,1.720489968418716931e-01
1.159430000000001071e+00,1.720488509829657398e-01
1.159569000000001182e+00,1.720487051674667311e-01
1.159708000000001293e+00,1.720485593953618997e-01
1.159847000000001405e+00,1.720484136666382557e-01
1.159986000000001516e+00,1.720482679812828097e-01
1.159990000000000077e+00,1.720482637889344524e-01
1.160130200000000000e+00,1.720481216331739560e-01
1.160270399999999924e+00,1.720479795187060956e-01
1.160410599999999848e+00,1.720478374455189918e-01
1.160550799999999771e+00,1.720476954136005432e-01
1.160690999999999695e+00,1.720475534229387593e-01
1.160831199999999619e+00,1.720474114735217608e-01
1.160971399999999543e+00,1.720472695653374462e-01
1.161111599999999466e+00,1.720471276983739362e-01
1.161251799999999390e+00,1.720469858726191292e-01
1.161391999999999314e+00,1.720468440880611460e-01
1.161532199999999238e+00,1.720467023446881072e-01
1.161672399999999161e+00,1.720465606424879113e-01
1.161812599999999085e+00,1.720464189814486788e-01
1.161952799999999009e+00,1.720462773615584195e-01
1.161999999999999922e+00,1.720462296881989372e-01
1.162140399999999962e+00,1.720460889937205362e-01
1.162280800000000003e+00,1.720459483398590894e-01
1.162421200000000043e+00,1.720458077266028285e-01
1.162561600000000084e+00,1.720456671539400961e-01
1.162702000000000124e+00,1.720455266218591239e-01
1.162842400000000165e+00,1.720453861303481435e-01
1.162982800000000205e+00,1.720452456793954976e-01
1.163123200000000246e+00,1.720451052689895288e-01
1.163263600000000286e+00,1.720449648991184688e-01
1.163404000000000327e+00,1.720448245697706602e-01
1.163544400000000367e+00,1.720446842809343346e-01
1.163684800000000408e+00,1.720445440325978348e-01
1.163825200000000448e+00,1.720444038247495033e-01
1.163965600000000489e+00,1.720442636573775719e-01
1.164020000000000055e+00,1.720442093535886618e-01
1.164160199999999978e+00,1.720440690860370880e-01
1.164300399999999902e+00,1.720439288590244198e-01
1.164440599999999826e+00,1.720437886725388887e-01
1.164580799999999750e+00,1.720436485265687265e-01
1.164720999999999673e+00,1.720435084211022758e-01
1.164861199999999597e+00,1.720433683561278793e-01
1.165001399999999521e+00,1.720432283316337685e-01
1.165141599999999444e+00,1.720430883476082862e-01
1.165281799999999368e+00,1.720429484040397750e-01
1.165421999999999292e+00,1.720428085009164665e-01
1.165562199999999216e+00,1.720426686382265924e-01
1.165702399999999139e+00,1.720425288159587174e-01
1.165842599999999063e+00,1.720423890341008510e-01
1.165982799999998987e+00,1.720422492926415581e-01
1.166029999999999900e+00,1.720422022515931681e-01
1.166170399999999940e+00,1.720420634298902574e-01
1.166310799999999981e+00,1.720419246480595632e-01
1.166451200000000021e+00,1.720417859060898724e-01
1.166591600000000062e+00,1.720416472039696387e-01
1.166732000000000102e+00,1.720415085416873158e-01
1.166872400000000143e+00,1.720413699192315793e-01
1.167012800000000183e+00,1.720412313365908830e-01
1.167153200000000224e+00,1.720410927937539025e-01
1.167293600000000264e+00,1.720409542907090916e-01
1.167434000000000305e+00,1.720408158274451260e-01
1.167574400000000345e+00,1.720406774039504594e-01
1.167714800000000386e+00,1.720405390202137674e-01
1.167855200000000426e+00,1.720404006762236149e-01
1.167995600000000467e+00,1.720402623719685664e-01
1.168050000000000033e+00,1.720402087899599586e-01
1.168188999999999922e+00,1.720400673517279433e-01
1.168327999999999811e+00,1.720399259550567939e-01
1.168466999999999700e+00,1.720397845999344089e-01
1.168605999999999590e+00,1.720396432863486869e-01
1.168744999999999479e+00,1.720395020142871934e-01
1.168883999999999368e+00,1.720393607837377159e-01
1.169022999999999257e+00,1.720392195946881531e-01
1.169161999999999146e+00,1.720390784471264034e-01
1.169300999999999036e+00,1.720389373410401435e-01
1.169439999999998925e+00,1.720387962764171608e-01
1.169578999999998814e+00,1.720386552532453539e-01
1.169717999999998703e+00,1.720385142715126214e-01
1.169856999999998592e+00,1.720383733312066399e-01
1.169995999999998482e+00,1.720382324323153078e-01
1.169999999999999929e+00,1.720382283777052157e-01
1.170140199999999853e+00,1.720380908963499156e-01
1.170280399999999776e+00,1.720379534544248523e-01
1.170420599999999700e+00,1.720378160519188127e-01
1.170560799999999624e+00,1.720376786888204723e-01
1.170700999999999548e+00,1.720375413651183960e-01
1.170841199999999471e+00,1.720374040808013705e-01
1.170981399999999395e+00,1.720372668358581825e-01
1.171121599999999319e+00,1.720371296302775077e-01
1.171261799999999242e+00,1.720369924640480219e-01
1.171401999999999166e+00,1.720368553371584008e-01
1.171542199999999090e+00,1.720367182495974312e-01
1.171682399999999014e+00,1.720365812013537887e-01
1.171822599999998937e+00,1.720364441924161492e-01
1.171962799999998861e+00,1.720363072227732992e-01
1.172009999999999996e+00,1.720362611147647769e-01
1.172150400000000037e+00,1.720361250142260490e-01
1.172290800000000077e+00,1.720359889524887276e-01
1.172431200000000118e+00,1.720358529295418215e-01
1.172571600000000158e+00,1.720357169453743396e-01
1.172712000000000199e+00,1.720355809999750685e-01
1.172852400000000239e+00,1.720354450933330170e-01
1.172992800000000280e+00,1.720353092254371941e-01
1.173133200000000320e+00,1.720351733962763863e-01
1.173273600000000361e+00,1.720350376058397135e-01
1.173414000000000401e+00,1.720349018541160735e-01
1.173554400000000442e+00,1.720347661410943640e-01
1.173694800000000482e+00,1.720346304667637050e-01
1.173835200000000523e+00,1.720344948311129940e-01
1.173975600000000563e+00,1.720343592341311290e-01
1.174029999999999907e+00,1.720343067009343363e-01
1.174170199999999831e+00,1.720341710254251755e-01
1.174310399999999754e+00,1.720340353886340434e-01
1.174450599999999678e+00,1.720338997905498379e-01
1.174590799999999602e+00,1.720337642311614568e-01
1.174730999999999526e+00,1.720336287104580197e-01
1.174871199999999449e+00,1.720334932284283136e-01
1.175011399999999373e+00,1.720333577850614581e-01
1.175151599999999297e+00,1.720332223803463512e-01
1.175291799999999220e+00,1.720330870142720014e-01
1.175431999999999144e+00,1.720329516868273068e-01
1.175572199999999068e+00,1.720328163980012759e-01
1.175712399999998992e+00,1.720326811477829176e-01
1.175852599999998915e+00,1.720325459361611298e-01
1.175992799999998839e+00,1.720324107631250321e-01
1.176039999999999974e+00,1.720323652598851893e-01
1.176179199999999980e+00,1.720322280384360969e-01
1.176318399999999986e+00,1.720320908567547491e-01
1.176457599999999992e+00,1.720319537148295996e-01
1.176596799999999998e+00,1.720318166126491022e-01
1.176736000000000004e+00,1.720316795502019325e-01
1.176875200000000010e+00,1.720315425274763221e-01
1.177014400000000016e+00,1.720314055444609469e-01
1.177153600000000022e+00,1.720312686011441494e-01
1.177292800000000028e+00,1.720311316975144944e-01
1.177432000000000034e+00,1.720309948335604355e-01
1.177571200000000040e+00,1.720308580092706485e-01
1.177710400000000046e+00,1.720307212246333650e-01
1.177849600000000052e+00,1.720305844796373718e-01
1.177988800000000058e+00,1.720304477742710114e-01
1.177999999999999936e+00,1.720304367752453212e-01
1.178140199999999860e+00,1.720303028648608734e-01
1.178280399999999783e+00,1.720301689925031186e-01
1.178420599999999707e+00,1.720300351581611764e-01
1.178560799999999631e+00,1.720299013618242778e-01
1.178700999999999555e+00,1.720297676034816536e-01
1.178841199999999478e+00,1.720296338831225347e-01
1.178981399999999402e+00,1.720295002007360408e-01
1.179121599999999326e+00,1.720293665563114027e-01
1.179261799999999250e+00,1.720292329498378514e-01
1.179401999999999173e+00,1.720290993813047287e-01
1.179542199999999097e+00,1.720289658507011543e-01
1.179682399999999021e+00,1.720288323580163592e-01
1.179822599999998944e+00,1.720286989032395741e-01
1.179962799999998868e+00,1.720285654863600300e-01
1.180010000000000003e+00,1.720285205742733137e-01
1.180150199999999927e+00,1.720283875567143461e-01
1.180290399999999851e+00,1.720282545768297977e-01
1.180430599999999774e+00,1.720281216346087882e-01
1.180570799999999698e+00,1.720279887300407706e-01
1.180710999999999622e+00,1.720278558631150867e-01
1.180851199999999546e+00,1.720277230338213004e-01
1.180991399999999469e+00,1.720275902421484204e-01
1.181131599999999393e+00,1.720274574880858998e-01
1.181271799999999317e+00,1.720273247716230802e-01
1.181411999999999241e+00,1.720271920927494147e-01
1.181552199999999164e+00,1.720270594514540230e-01
1.181692399999999088e+00,1.720269268477264690e-01
1.181832599999999012e+00,1.720267942815560946e-01
1.181972799999998935e+00,1.720266617529322417e-01
1.182020000000000071e+00,1.720266171398474597e-01
1.182160400000000111e+00,1.720264854555944023e-01
1.182300800000000152e+00,1.720263538084144672e-01
1.182441200000000192e+00,1.720262221982972184e-01
1.182581600000000233e+00,1.720260906252323307e-01
1.182722000000000273e+00,1.720259590892091461e-01
1.182862400000000314e+00,1.720258275902174505e-01
1.183002800000000354e+00,1.720256961282466968e-01
1.183143200000000395e+00,1.720255647032864488e-01
1.183283600000000435e+00,1.720254333153263815e-01
1.183424000000000476e+00,1.720253019643559478e-01
1.183564400000000516e+00,1.720251706503649336e-01
1.183704800000000557e+00,1.720250393733426808e-01
1.183845200000000597e+00,1.720249081332789753e-01
1.183985600000000638e+00,1.720247769301632701e-01
1.184039999999999981e+00,1.720247260991748517e-01
1.184179000000000093e+00,1.720245919285257052e-01
1.184318000000000204e+00,1.720244577965192034e-01
1.184457000000000315e+00,1.720243237031441330e-01
1.184596000000000426e+00,1.720241896483892807e-01
1.184735000000000538e+00,1.720240556322436554e-01
1.184874000000000649e+00,1.720239216546961547e-01
1.185013000000000760e+00,1.720237877157355655e-01
1.185152000000000871e+00,1.720236538153507855e-01
1.185291000000000983e+00,1.720235199535307125e-01
1.185430000000001094e+00,1.720233861302642442e-01
1.185569000000001205e+00,1.720232523455402784e-01
1.185708000000001316e+00,1.720231185993478240e-01
1.185847000000001428e+00,1.720229848916756676e-01
1.185986000000001539e+00,1.720228512225127071e-01
1.185990000000000100e+00,1.720228473759499721e-01
1.186130400000000140e+00,1.720227174008316373e-01
1.186270800000000181e+00,1.720225874621238438e-01
1.186411200000000221e+00,1.720224575598162664e-01
1.186551600000000262e+00,1.720223276938988022e-01
1.186692000000000302e+00,1.720221978643612371e-01
1.186832400000000343e+00,1.720220680711933570e-01
1.186972800000000383e+00,1.720219383143849479e-01
1.187113200000000424e+00,1.720218085939257957e-01
1.187253600000000464e+00,1.720216789098057975e-01
1.187394000000000505e+00,1.720215492620148501e-01
1.187534400000000545e+00,1.720214196505426285e-01
1.187674800000000586e+00,1.720212900753790297e-01
1.187815200000000626e+00,1.720211605365138396e-01
1.187955600000000667e+00,1.720210310339369553e-01
1.188010000000000010e+00,1.720209808617475522e-01
1.188150199999999934e+00,1.720208512601731909e-01
1.188290399999999858e+00,1.720207216949465323e-01
1.188430599999999782e+00,1.720205921660574733e-01
1.188570799999999705e+00,1.720204626734956888e-01
1.188710999999999629e+00,1.720203332172510757e-01
1.188851199999999553e+00,1.720202037973133091e-01
1.188991399999999476e+00,1.720200744136723969e-01
1.189131599999999400e+00,1.720199450663180141e-01
1.189271799999999324e+00,1.720198157552400575e-01
1.189411999999999248e+00,1.720196864804283132e-01
1.189552199999999171e+00,1.720195572418726782e-01
1.189692399999999095e+00,1.720194280395629383e-01
1.189832599999999019e+00,1.720192988734889905e-01
1.189972799999998943e+00,1.720191697436406209e-01
1.190020000000000078e+00,1.720191262746444405e-01
1.190160200000000001e+00,1.720189975204723387e-01
1.190300399999999925e+00,1.720188688023187584e-01
1.190440599999999849e+00,1.720187401201735966e-01
1.190580799999999773e+00,1.720186114740267502e-01
1.190720999999999696e+00,1.720184828638682273e-01
1.190861199999999620e+00,1.720183542896879247e-01
1.191001399999999544e+00,1.720182257514757396e-01
1.191141599999999467e+00,1.720180972492216798e-01
1.191281799999999391e+00,1.720179687829156423e-01
1.191421999999999315e+00,1.720178403525475241e-01
1.191562199999999239e+00,1.720177119581073333e-01
1.191702399999999162e+00,1.720175835995850777e-01
1.191842599999999086e+00,1.720174552769705434e-01
1.191982799999999010e+00,1.720173269902538493e-01
1.192029999999999923e+00,1.720172838050708641e-01
1.192169199999999929e+00,1.720171535557352138e-01
1.192308399999999935e+00,1.720170233434076268e-01
1.192447599999999941e+00,1.720168931680774449e-01
1.192586799999999947e+00,1.720167630297343431e-01
1.192725999999999953e+00,1.720166329283677742e-01
1.192865199999999959e+00,1.720165028639671911e-01
1.193004399999999965e+00,1.720163728365220468e-01
1.193143599999999971e+00,1.720162428460219051e-01
1.193282799999999977e+00,1.720161128924563299e-01
1.193421999999999983e+00,1.720159829758146630e-01
1.193561199999999989e+00,1.720158530960865795e-01
1.193700399999999995e+00,1.720157232532614211e-01
1.193839600000000001e+00,1.720155934473288628e-01
1.193978800000000007e+00,1.720154636782783575e-01
1.193990000000000107e+00,1.720154532373291412e-01
1.194130200000000031e+00,1.720153261361208052e-01
1.194270399999999954e+00,1.720151990702945000e-01
1.194410599999999878e+00,1.720150720398402333e-01
1.194550799999999802e+00,1.720149450447482353e-01
1.194690999999999725e+00,1.720148180850087360e-01
1.194831199999999649e+00,1.720146911606117435e-01
1.194971399999999573e+00,1.720145642715475987e-01
1.195111599999999497e+00,1.720144374178064206e-01
1.195251799999999420e+00,1.720143105993782173e-01
1.195391999999999344e+00,1.720141838162533299e-01
1.195532199999999268e+00,1.720140570684218773e-01
1.195672399999999191e+00,1.720139303558739785e-01
1.195812599999999115e+00,1.720138036785998636e-01
1.195952799999999039e+00,1.720136770365897627e-01
1.195999999999999952e+00,1.720136344050450239e-01
1.196140199999999876e+00,1.720135081097459162e-01
1.196280399999999799e+00,1.720133818495211964e-01
1.196420599999999723e+00,1.720132556243612054e-01
1.196560799999999647e+00,1.720131294342561734e-01
1.196700999999999571e+00,1.720130032791962194e-01
1.196841199999999494e+00,1.720128771591719063e-01
1.196981399999999418e+00,1.720127510741732424e-01
1.197121599999999342e+00,1.720126250241906796e-01
1.197261799999999266e+00,1.720124990092144479e-01
1.197401999999999189e+00,1.720123730292347775e-01
1.197542199999999113e+00,1.720122470842418982e-01
1.197682399999999037e+00,1.720121211742262624e-01
1.197822599999998960e+00,1.720119952991779888e-01
1.197962799999998884e+00,1.720118694590873076e-01
1.198010000000000019e+00,1.720118270974835273e-01
1.198150400000000060e+00,1.720117020691065424e-01
1.198290800000000100e+00,1.720115770752409512e-01
1.198431200000000141e+00,1.720114521158772058e-01
1.198571600000000181e+00,1.720113271910058694e-01
1.198712000000000222e+00,1.720112023006173940e-01
1.198852400000000262e+00,1.720110774447022317e-01
1.198992800000000303e+00,1.720109526232509456e-01
1.199133200000000343e+00,1.720108278362539878e-01
1.199273600000000384e+00,1.720107030837018103e-01
1.199414000000000424e+00,1.720105783655848652e-01
1.199554400000000465e+00,1.720104536818937158e-01
1.199694800000000505e+00,1.720103290326188139e-01
1.199835200000000546e+00,1.720102044177507228e-01
1.199975600000000586e+00,1.720100798372800055e-01
1.200029999999999930e+00,1.720100315719477191e-01
1.200170199999999854e+00,1.720099068999574321e-01
1.200310399999999778e+00,1.720097822624188089e-01
1.200450599999999701e+00,1.720096576593220794e-01
1.200590799999999625e+00,1.720095330906579179e-01
1.200730999999999549e+00,1.720094085564166653e-01
1.200871199999999472e+00,1.720092840565889958e-01
1.201011399999999396e+00,1.720091595911651394e-01
1.201151599999999320e+00,1.720090351601357703e-01
1.201291799999999244e+00,1.720089107634913406e-01
1.201431999999999167e+00,1.720087864012223022e-01
1.201572199999999091e+00,1.720086620733192184e-01
1.201712399999999015e+00,1.720085377797725412e-01
1.201852599999998938e+00,1.720084135205729448e-01
1.201992799999998862e+00,1.720082892957106591e-01
1.202039999999999997e+00,1.720082474778226178e-01
1.202179200000000003e+00,1.720081213461809311e-01
1.202318400000000009e+00,1.720079952499422582e-01
1.202457600000000015e+00,1.720078691890964961e-01
1.202596800000000021e+00,1.720077431636338749e-01
1.202736000000000027e+00,1.720076171735444026e-01
1.202875200000000033e+00,1.720074912188181981e-01
1.203014400000000039e+00,1.720073652994452695e-01
1.203153600000000045e+00,1.720072394154157358e-01
1.203292800000000051e+00,1.720071135667196049e-01
1.203432000000000057e+00,1.720069877533471070e-01
1.203571200000000063e+00,1.720068619752882499e-01
1.203710400000000069e+00,1.720067362325330418e-01
1.203849600000000075e+00,1.720066105250716015e-01
1.203988800000000081e+00,1.720064848528941592e-01
1.203999999999999959e+00,1.720064747415680495e-01
1.204140199999999883e+00,1.720063516515715207e-01
1.204280399999999807e+00,1.720062285954245818e-01
1.204420599999999730e+00,1.720061055731177957e-01
1.204560799999999654e+00,1.720059825846420587e-01
1.204700999999999578e+00,1.720058596299880449e-01
1.204841199999999501e+00,1.720057367091464284e-01
1.204981399999999425e+00,1.720056138221078834e-01
1.205121599999999349e+00,1.720054909688631950e-01
1.205261799999999273e+00,1.720053681494029263e-01
1.205401999999999196e+00,1.720052453637178624e-01
1.205542199999999120e+00,1.720051226117986776e-01
1.205682399999999044e+00,1.720049998936362678e-01
1.205822599999998967e+00,1.720048772092211964e-01
1.205962799999998891e+00,1.720047545585441373e-01
1.206010000000000026e+00,1.720047132705563309e-01
1.206150199999999950e+00,1.720045909540141027e-01
1.206290399999999874e+00,1.720044686710294757e-01
1.206430599999999798e+00,1.720043464215931239e-01
1.206570799999999721e+00,1.720042242056961657e-01
1.206710999999999645e+00,1.720041020233291640e-01
1.206851199999999569e+00,1.720039798744829040e-01
1.206991399999999492e+00,1.720038577591482820e-01
1.207131599999999416e+00,1.720037356773159720e-01
1.207271799999999340e+00,1.720036136289769813e-01
1.207411999999999264e+00,1.720034916141219838e-01
1.207552199999999187e+00,1.720033696327418760e-01
1.207692399999999111e+00,1.720032476848274428e-01
1.207832599999999035e+00,1.720031257703693583e-01
1.207972799999998958e+00,1.720030038893586299e-01
1.208020000000000094e+00,1.720029628604551331e-01
1.208160400000000134e+00,1.720028417596390913e-01
1.208300800000000175e+00,1.720027206918466334e-01
1.208441200000000215e+00,1.720025996570686555e-01
1.208581600000000256e+00,1.720024786552961649e-01
1.208722000000000296e+00,1.720023576865202797e-01
1.208862400000000337e+00,1.720022367507317851e-01
1.209002800000000377e+00,1.720021158479217993e-01
1.209143200000000418e+00,1.720019949780813295e-01
1.209283600000000458e+00,1.720018741412013830e-01
1.209424000000000499e+00,1.720017533372729668e-01
1.209564400000000539e+00,1.720016325662870882e-01
1.209704800000000580e+00,1.720015118282348654e-01
1.209845200000000620e+00,1.720013911231070836e-01
1.209985600000000661e+00,1.720012704508949719e-01
1.210040000000000004e+00,1.720012236996512067e-01
1.210178999999999894e+00,1.720011002781338671e-01
1.210317999999999783e+00,1.720009768910526482e-01
1.210456999999999672e+00,1.720008535383980020e-01
1.210595999999999561e+00,1.720007302201603805e-01
1.210734999999999451e+00,1.720006069363301249e-01
1.210873999999999340e+00,1.720004836868975762e-01
1.211012999999999229e+00,1.720003604718531864e-01
1.211151999999999118e+00,1.720002372911874078e-01
1.211290999999999007e+00,1.720001141448905813e-01
1.211429999999998897e+00,1.719999910329531589e-01
1.211568999999998786e+00,1.719998679553654819e-01
1.211707999999998675e+00,1.719997449121180022e-01
1.211846999999998564e+00,1.719996219032011719e-01
1.211985999999998453e+00,1.719994989286054432e-01
1.211989999999999901e+00,1.719994953897965306e-01
1.212130399999999941e+00,1.719993758130460293e-01
1.212270799999999982e+00,1.719992562687464588e-01
1.212411200000000022e+00,1.719991367568889373e-01
1.212551600000000063e+00,1.719990172774648052e-01
1.212692000000000103e+00,1.719988978304650695e-01
1.212832400000000144e+00,1.719987784158810706e-01
1.212972800000000184e+00,1.719986590337040377e-01
1.213113200000000225e+00,1.719985396839250891e-01
1.213253600000000265e+00,1.719984203665354539e-01
1.213394000000000306e+00,1.719983010815262503e-01
1.213534400000000346e+00,1.719981818288888187e-01
1.213674800000000387e+00,1.719980626086142772e-01
1.213815200000000427e+00,1.719979434206939661e-01
1.213955600000000468e+00,1.719978242651190037e-01
1.214010000000000034e+00,1.719977781014326856e-01
1.214150199999999957e+00,1.719976588441420873e-01
1.214290399999999881e+00,1.719975396192554573e-01
1.214430599999999805e+00,1.719974204267641360e-01
1.214570799999999728e+00,1.719973012666591305e-01
1.214710999999999652e+00,1.719971821389318922e-01
1.214851199999999576e+00,1.719970630435733172e-01
1.214991399999999500e+00,1.719969439805749678e-01
1.215131599999999423e+00,1.719968249499277402e-01
1.215271799999999347e+00,1.719967059516230856e-01
1.215411999999999271e+00,1.719965869856519003e-01
1.215552199999999194e+00,1.719964680520057465e-01
1.215692399999999118e+00,1.719963491506756315e-01
1.215832599999999042e+00,1.719962302816528954e-01
1.215972799999998966e+00,1.719961114449285455e-01
1.216020000000000101e+00,1.719960714407903213e-01
1.216160200000000025e+00,1.719959529261047004e-01
1.216300399999999948e+00,1.719958344435458253e-01
1.216440599999999872e+00,1.719957159931048141e-01
1.216580799999999796e+00,1.719955975747731181e-01
1.216720999999999719e+00,1.719954791885418555e-01
1.216861199999999643e+00,1.719953608344025886e-01
1.217001399999999567e+00,1.719952425123463247e-01
1.217141599999999491e+00,1.719951242223645149e-01
1.217281799999999414e+00,1.719950059644484996e-01
1.217421999999999338e+00,1.719948877385895081e-01
1.217562199999999262e+00,1.719947695447789915e-01
1.217702399999999185e+00,1.719946513830080681e-01
1.217842599999999109e+00,1.719945332532681892e-01
1.217982799999999033e+00,1.719944151555505840e-01
1.218029999999999946e+00,1.719943754001764802e-01
1.218169199999999952e+00,1.719942554991611416e-01
1.218308399999999958e+00,1.719941356311567304e-01
1.218447599999999964e+00,1.719940157961538096e-01
1.218586799999999970e+00,1.719938959941434975e-01
1.218725999999999976e+00,1.719937762251165791e-01
1.218865199999999982e+00,1.719936564890641728e-01
1.219004399999999988e+00,1.719935367859769526e-01
1.219143599999999994e+00,1.719934171158460368e-01
1.219282800000000000e+00,1.719932974786622104e-01
1.219422000000000006e+00,1.719931778744165918e-01
1.219561200000000012e+00,1.719930583030998550e-01
1.219700400000000018e+00,1.719929387647032293e-01
1.219839600000000024e+00,1.719928192592173888e-01
1.219978800000000030e+00,1.719926997866334517e-01
1.219989999999999908e+00,1.719926901741097858e-01
1.220130199999999832e+00,1.719925731476008579e-01
1.220270399999999755e+00,1.719924561526608997e-01
1.220410599999999679e+00,1.719923391892814735e-01
1.220550799999999603e+00,1.719922222574541415e-01
1.220690999999999526e+00,1.719921053571703551e-01
1.220831199999999450e+00,1.719919884884215655e-01
1.220971399999999374e+00,1.719918716511992240e-01
1.221111599999999298e+00,1.719917548454948930e-01
1.221251799999999221e+00,1.719916380713000237e-01
1.221391999999999145e+00,1.719915213286061784e-01
1.221532199999999069e+00,1.719914046174048083e-01
1.221672399999998992e+00,1.719912879376874759e-01
1.221812599999998916e+00,1.719911712894456324e-01
1.221952799999998840e+00,1.719910546726708400e-01
1.221999999999999975e+00,1.719910154158107440e-01
1.222140400000000016e+00,1.719908995227812376e-01
1.222280800000000056e+00,1.719907836608322027e-01
1.222421200000000097e+00,1.719906678299553127e-01
1.222561600000000137e+00,1.719905520301421298e-01
1.222702000000000178e+00,1.719904362613844384e-01
1.222842400000000218e+00,1.719903205236739119e-01
1.222982800000000259e+00,1.719902048170022235e-01
1.223123200000000299e+00,1.719900891413610466e-01
1.223263600000000340e+00,1.719899734967420546e-01
1.223404000000000380e+00,1.719898578831369207e-01
1.223544400000000421e+00,1.719897423005373183e-01
1.223684800000000461e+00,1.719896267489349206e-01
1.223825200000000502e+00,1.719895112283214011e-01
1.223965600000000542e+00,1.719893957386885441e-01
1.224020000000000108e+00,1.719893509952191701e-01
1.224160200000000032e+00,1.719892354186739469e-01
1.224300399999999955e+00,1.719891198731591242e-01
1.224440599999999879e+00,1.719890043586664863e-01
1.224580799999999803e+00,1.719888888751877065e-01
1.224720999999999727e+00,1.719887734227143472e-01
1.224861199999999650e+00,1.719886580012381927e-01
1.225001399999999574e+00,1.719885426107508053e-01
1.225141599999999498e+00,1.719884272512439694e-01
1.225281799999999421e+00,1.719883119227093582e-01
1.225421999999999345e+00,1.719881966251386451e-01
1.225562199999999269e+00,1.719880813585235035e-01
1.225702399999999193e+00,1.719879661228556067e-01
1.225842599999999116e+00,1.719878509181266280e-01
1.225982799999999040e+00,1.719877357443282406e-01
1.226029999999999953e+00,1.719876969732025973e-01
1.226170199999999877e+00,1.719875821142750061e-01
1.226310399999999801e+00,1.719874672861119169e-01
1.226450599999999724e+00,1.719873524887051142e-01
1.226590799999999648e+00,1.719872377220463822e-01
1.226730999999999572e+00,1.719871229861275053e-01
1.226871199999999495e+00,1.719870082809401568e-01
1.227011399999999419e+00,1.719868936064762321e-01
1.227151599999999343e+00,1.719867789627274046e-01
1.227291799999999267e+00,1.719866643496854586e-01
1.227431999999999190e+00,1.719865497673421784e-01
1.227572199999999114e+00,1.719864352156893483e-01
1.227712399999999038e+00,1.719863206947187528e-01
1.227852599999998962e+00,1.719862062044221762e-01
1.227992799999998885e+00,1.719860917447914028e-01
1.228040000000000020e+00,1.719860532140686793e-01
1.228179200000000026e+00,1.719859369869678467e-01
1.228318400000000032e+00,1.719858207914900516e-01
1.228457600000000038e+00,1.719857046276266344e-01
1.228596800000000044e+00,1.719855884953688241e-01
1.228736000000000050e+00,1.719854723947085162e-01
1.228875200000000056e+00,1.719853563256368290e-01
1.229014400000000062e+00,1.719852402881452136e-01
1.229153600000000068e+00,1.719851242822250104e-01
1.229292800000000074e+00,1.719850083078676706e-01
1.229432000000000080e+00,1.719848923650645345e-01
1.229571200000000086e+00,1.719847764538071644e-01
1.229710400000000092e+00,1.719846605740866785e-01
1.229849600000000098e+00,1.719845447258948612e-01
1.229988800000000104e+00,1.719844289092230527e-01
1.229999999999999982e+00,1.719844195908443174e-01
1.230140199999999906e+00,1.719843061392993810e-01
1.230280399999999830e+00,1.719841927180006946e-01
1.230420599999999753e+00,1.719840793269404866e-01
1.230560799999999677e+00,1.719839659661105413e-01
1.230700999999999601e+00,1.719838526355027541e-01
1.230841199999999525e+00,1.719837393351091315e-01
1.230981399999999448e+00,1.719836260649215687e-01
1.231121599999999372e+00,1.719835128249320721e-01
1.231261799999999296e+00,1.719833996151325373e-01
1.231401999999999219e+00,1.719832864355149704e-01
1.231542199999999143e+00,1.719831732860713780e-01
1.231682399999999067e+00,1.719830601667935444e-01
1.231822599999998991e+00,1.719829470776735869e-01
1.231962799999998914e+00,1.719828340187034010e-01
1.232010000000000050e+00,1.719827959594711908e-01
1.232150400000000090e+00,1.719826836224663813e-01
1.232290800000000131e+00,1.719825713152302038e-01
1.232431200000000171e+00,1.719824590377547757e-01
1.232571600000000211e+00,1.719823467900322145e-01
1.232712000000000252e+00,1.719822345720545265e-01
1.232852400000000292e+00,1.719821223838139401e-01
1.232992800000000333e+00,1.719820102253025729e-01
1.233133200000000373e+00,1.719818980965125421e-01
1.233273600000000414e+00,1.719817859974359653e-01
1.233414000000000454e+00,1.719816739280648488e-01
1.233554400000000495e+00,1.719815618883915320e-01
1.233694800000000535e+00,1.719814498784080214e-01
1.233835200000000576e+00,1.719813378981064345e-01
1.233975600000000616e+00,1.719812259474789995e-01
1.234029999999999960e+00,1.719811825750521272e-01
1.234170199999999884e+00,1.719810705120226046e-01
1.234310399999999808e+00,1.719809584787297396e-01
1.234450599999999731e+00,1.719808464751658716e-01
1.234590799999999655e+00,1.719807345013228961e-01
1.234730999999999579e+00,1.719806225571930414e-01
1.234871199999999503e+00,1.719805106427684249e-01
1.235011399999999426e+00,1.719803987580411642e-01
1.235151599999999350e+00,1.719802869030032655e-01
1.235291799999999274e+00,1.719801750776469573e-01
1.235431999999999197e+00,1.719800632819643571e-01
1.235572199999999121e+00,1.719799515159475822e-01
1.235712399999999045e+00,1.719798397795887501e-01
1.235852599999998969e+00,1.719797280728799782e-01
1.235992799999998892e+00,1.719796163958133839e-01
1.236040000000000028e+00,1.719795788017580707e-01
1.236178999999999917e+00,1.719794649981363222e-01
1.236317999999999806e+00,1.719793512252991707e-01
1.236456999999999695e+00,1.719792374832382897e-01
1.236595999999999584e+00,1.719791237719453525e-01
1.236734999999999474e+00,1.719790100914120323e-01
1.236873999999999363e+00,1.719788964416300026e-01
1.237012999999999252e+00,1.719787828225910475e-01
1.237151999999999141e+00,1.719786692342867296e-01
1.237290999999999030e+00,1.719785556767087220e-01
1.237429999999998920e+00,1.719784421498488092e-01
1.237568999999998809e+00,1.719783286536986644e-01
1.237707999999998698e+00,1.719782151882499610e-01
1.237846999999998587e+00,1.719781017534943723e-01
1.237985999999998477e+00,1.719779883494235717e-01
1.237989999999999924e+00,1.719779850860225778e-01
1.238130399999999964e+00,1.719778747837708011e-01
1.238270800000000005e+00,1.719777645105484698e-01
1.238411200000000045e+00,1.719776542663479235e-01
1.238551600000000086e+00,1.719775440511615017e-01
1.238692000000000126e+00,1.719774338649816547e-01
1.238832400000000167e+00,1.719773237078006112e-01
1.238972800000000207e+00,1.719772135796109325e-01
1.239113200000000248e+00,1.719771034804048471e-01
1.239253600000000288e+00,1.719769934101746944e-01
1.239394000000000329e+00,1.719768833689129250e-01
1.239534400000000369e+00,1.719767733566118784e-01
1.239674800000000410e+00,1.719766633732640049e-01
1.239815200000000450e+00,1.719765534188615330e-01
1.239955600000000491e+00,1.719764434933970243e-01
1.240010000000000057e+00,1.719764009055382292e-01
1.240150199999999980e+00,1.719762908972682913e-01
1.240290399999999904e+00,1.719761809179827239e-01
1.240430599999999828e+00,1.719760709676739774e-01
1.240570799999999752e+00,1.719759610463343913e-01
1.240710999999999675e+00,1.719758511539564161e-01
1.240851199999999599e+00,1.719757412905322802e-01
1.240991399999999523e+00,1.719756314560544341e-01
1.241131599999999446e+00,1.719755216505153284e-01
1.241271799999999370e+00,1.719754118739071913e-01
1.241411999999999294e+00,1.719753021262224735e-01
1.241552199999999218e+00,1.719751924074535143e-01
1.241692399999999141e+00,1.719750827175927643e-01
1.241832599999999065e+00,1.719749730566325630e-01
1.241972799999998989e+00,1.719748634245653607e-01
1.242019999999999902e+00,1.719748265188986158e-01
1.242160399999999942e+00,1.719747175637084124e-01
1.242300799999999983e+00,1.719746086370579352e-01
1.242441200000000023e+00,1.719744997389398566e-01
1.242581600000000064e+00,1.719743908693466272e-01
1.242722000000000104e+00,1.719742820282708085e-01
1.242862400000000145e+00,1.719741732157048508e-01
1.243002800000000185e+00,1.719740644316413158e-01
1.243143200000000226e+00,1.719739556760727650e-01
1.243283600000000266e+00,1.719738469489917598e-01
1.243424000000000307e+00,1.719737382503907508e-01
1.243564400000000347e+00,1.719736295802624104e-01
1.243704800000000388e+00,1.719735209385990782e-01
1.243845200000000428e+00,1.719734123253935376e-01
1.243985600000000469e+00,1.719733037406382392e-01
1.244040000000000035e+00,1.719732616721832974e-01
1.244178999999999924e+00,1.719731506047708081e-01
1.244317999999999813e+00,1.719730395671273948e-01
1.244456999999999702e+00,1.719729285592450641e-01
1.244595999999999592e+00,1.719728175811158222e-01
1.244734999999999481e+00,1.719727066327317866e-01
1.244873999999999370e+00,1.719725957140848527e-01
1.245012999999999259e+00,1.719724848251671379e-01
1.245151999999999148e+00,1.719723739659706485e-01
1.245290999999999038e+00,1.719722631364873910e-01
1.245429999999998927e+00,1.719721523367094829e-01
1.245568999999998816e+00,1.719720415666289304e-01
1.245707999999998705e+00,1.719719308262377400e-01
1.245846999999998594e+00,1.719718201155280290e-01
1.245985999999998484e+00,1.719717094344916930e-01
1.245989999999999931e+00,1.719717062494505733e-01
1.246130199999999855e+00,1.719715982292775447e-01
1.246270399999999778e+00,1.719714902373685739e-01
1.246410599999999702e+00,1.719713822737163333e-01
1.246550799999999626e+00,1.719712743383133846e-01
1.246690999999999550e+00,1.719711664311522892e-01
1.246831199999999473e+00,1.719710585522257196e-01
1.246971399999999397e+00,1.719709507015263483e-01
1.247111599999999321e+00,1.719708428790466259e-01
1.247251799999999244e+00,1.719707350847793359e-01
1.247391999999999168e+00,1.719706273187170398e-01
1.247532199999999092e+00,1.719705195808522991e-01
1.247672399999999016e+00,1.719704118711777863e-01
1.247812599999998939e+00,1.719703041896860629e-01
1.247952799999998863e+00,1.719701965363698015e-01
1.247999999999999998e+00,1.719701602967917964e-01
1.248140400000000039e+00,1.719700533224507444e-01
1.248280800000000079e+00,1.719699463759333247e-01
1.248421200000000120e+00,1.719698394572323208e-01
1.248561600000000160e+00,1.719697325663404053e-01
1.248702000000000201e+00,1.719696257032504727e-01
1.248842400000000241e+00,1.719695188679553066e-01
1.248982800000000282e+00,1.719694120604475795e-01
1.249123200000000322e+00,1.719693052807200750e-01
1.249263600000000363e+00,1.719691985287655767e-01
1.249404000000000403e+00,1.719690918045768679e-01
1.249544400000000444e+00,1.719689851081467324e-01
1.249684800000000484e+00,1.719688784394679537e-01
1.249825200000000525e+00,1.719687717985332043e-01
1.249965600000000565e+00,1.719686651853353787e-01
1.250019999999999909e+00,1.719686238806817924e-01
1.250160199999999833e+00,1.719685171640714660e-01
1.250300399999999756e+00,1.719684104752546849e-01
1.250440599999999680e+00,1.719683038142242326e-01
1.250580799999999604e+00,1.719681971809728926e-01
1.250720999999999528e+00,1.719680905754933375e-01
1.250861199999999451e+00,1.719679839977784619e-01
1.251001399999999375e+00,1.719678774478208272e-01
1.251141599999999299e+00,1.719677709256133280e-01
1.251281799999999222e+00,1.719676644311488589e-01
1.251421999999999146e+00,1.719675579644199814e-01
1.251562199999999070e+00,1.719674515254197011e-01
1.251702399999998994e+00,1.719673451141405796e-01
1.251842599999998917e+00,1.719672387305755112e-01
1.251982799999998841e+00,1.719671323747172798e-01
1.252029999999999976e+00,1.719670965718907985e-01
1.252170400000000017e+00,1.719669908580804263e-01
1.252310800000000057e+00,1.719668851716457114e-01
1.252451200000000098e+00,1.719667795125796594e-01
1.252591600000000138e+00,1.719666738808750539e-01
1.252732000000000179e+00,1.719665682765249004e-01
1.252872400000000219e+00,1.719664626995220935e-01
1.253012800000000260e+00,1.719663571498595278e-01
1.253153200000000300e+00,1.719662516275302089e-01
1.253293600000000341e+00,1.719661461325270313e-01
1.253434000000000381e+00,1.719660406648428896e-01
1.253574400000000422e+00,1.719659352244706785e-01
1.253714800000000462e+00,1.719658298114034034e-01
1.253855200000000503e+00,1.719657244256339590e-01
1.253995600000000543e+00,1.719656190671552398e-01
1.254050000000000109e+00,1.719655782485934870e-01
1.254188999999999998e+00,1.719654705053204058e-01
1.254327999999999887e+00,1.719653627905901594e-01
1.254466999999999777e+00,1.719652551043956423e-01
1.254605999999999666e+00,1.719651474467290830e-01
1.254744999999999555e+00,1.719650398175828210e-01
1.254883999999999444e+00,1.719649322169491956e-01
1.255022999999999334e+00,1.719648246448211015e-01
1.255161999999999223e+00,1.719647171011906561e-01
1.255300999999999112e+00,1.719646095860504209e-01
1.255439999999999001e+00,1.719645020993925133e-01
1.255578999999998890e+00,1.719643946412099389e-01
1.255717999999998780e+00,1.719642872114949261e-01
1.255856999999998669e+00,1.719641798102397034e-01
1.255995999999998558e+00,1.719640724374370544e-01
1.256000000000000005e+00,1.719640693475958937e-01
1.256140199999999929e+00,1.719639645417485596e-01
1.256280399999999853e+00,1.719638597630097632e-01
1.256420599999999776e+00,1.719637550113723989e-01
1.256560799999999700e+00,1.719636502868294725e-01
1.256700999999999624e+00,1.719635455893739895e-01
1.256841199999999548e+00,1.719634409189990665e-01
1.256981399999999471e+00,1.719633362756974870e-01
1.257121599999999395e+00,1.719632316594623678e-01
1.257261799999999319e+00,1.719631270702867143e-01
1.257401999999999243e+00,1.719630225081635322e-01
1.257542199999999166e+00,1.719629179730858271e-01
1.257682399999999090e+00,1.719628134650464935e-01
1.257822599999999014e+00,1.719627089840386480e-01
1.257962799999998937e+00,1.719626045300552963e-01
1.258010000000000073e+00,1.719625693674402545e-01
1.258150400000000113e+00,1.719624655453363404e-01
1.258290800000000154e+00,1.719623617499332902e-01
1.258431200000000194e+00,1.719622579812242202e-01
1.258571600000000235e+00,1.719621542392022473e-01
1.258712000000000275e+00,1.719620505238604879e-01
1.258852400000000316e+00,1.719619468351920588e-01
1.258992800000000356e+00,1.719618431731901875e-01
1.259133200000000397e+00,1.719617395378478797e-01
1.259273600000000437e+00,1.719616359291584740e-01
1.259414000000000478e+00,1.719615323471149759e-01
1.259554400000000518e+00,1.719614287917105022e-01
1.259694800000000559e+00,1.719613252629382805e-01
1.259835200000000599e+00,1.719612217607915383e-01
1.259975600000000640e+00,1.719611182852632814e-01
1.260029999999999983e+00,1.719610781961768975e-01
1.260170199999999907e+00,1.719609746518974136e-01
1.260310399999999831e+00,1.719608711342743845e-01
1.260450599999999755e+00,1.719607676433011489e-01
1.260590799999999678e+00,1.719606641789708235e-01
1.260730999999999602e+00,1.719605607412764137e-01
1.260871199999999526e+00,1.719604573302111472e-01
1.261011399999999449e+00,1.719603539457681407e-01
1.261151599999999373e+00,1.719602505879406218e-01
1.261291799999999297e+00,1.719601472567217071e-01
1.261431999999999221e+00,1.719600439521044022e-01
1.261572199999999144e+00,1.719599406740820458e-01
1.261712399999999068e+00,1.719598374226477544e-01
1.261852599999998992e+00,1.719597341977945337e-01
1.261992799999998915e+00,1.719596309995157224e-01
1.262040000000000051e+00,1.719595962595976690e-01
1.262178999999999940e+00,1.719594910517490138e-01
1.262317999999999829e+00,1.719593858715221524e-01
1.262456999999999718e+00,1.719592807189097572e-01
1.262595999999999608e+00,1.719591755939046118e-01
1.262734999999999497e+00,1.719590704964994998e-01
1.262873999999999386e+00,1.719589654266872047e-01
1.263012999999999275e+00,1.719588603844603991e-01
1.263151999999999164e+00,1.719587553698119775e-01
1.263290999999999054e+00,1.719586503827346124e-01
1.263429999999998943e+00,1.719585454232209765e-01
1.263568999999998832e+00,1.719584404912639641e-01
1.263707999999998721e+00,1.719583355868562480e-01
1.263846999999998610e+00,1.719582307099907226e-01
1.263985999999998500e+00,1.719581258606600604e-01
1.263989999999999947e+00,1.719581228434359232e-01
1.264130399999999987e+00,1.719580208804623034e-01
1.264270800000000028e+00,1.719579189435286315e-01
1.264411200000000068e+00,1.719578170326282462e-01
1.264551600000000109e+00,1.719577151477544863e-01
1.264692000000000149e+00,1.719576132889004683e-01
1.264832400000000190e+00,1.719575114560600859e-01
1.264972800000000230e+00,1.719574096492264559e-01
1.265113200000000271e+00,1.719573078683928058e-01
1.265253600000000311e+00,1.719572061135525853e-01
1.265394000000000352e+00,1.719571043846992442e-01
1.265534400000000392e+00,1.719570026818260100e-01
1.265674800000000433e+00,1.719569010049263325e-01
1.265815200000000473e+00,1.719567993539935502e-01
1.265955600000000514e+00,1.719566977290210019e-01
1.266010000000000080e+00,1.719566583568602480e-01
1.266150200000000003e+00,1.719565566326323180e-01
1.266290399999999927e+00,1.719564549344178017e-01
1.266430599999999851e+00,1.719563532622103708e-01
1.266570799999999775e+00,1.719562516160030308e-01
1.266710999999999698e+00,1.719561499957894535e-01
1.266851199999999622e+00,1.719560484015627555e-01
1.266991399999999546e+00,1.719559468333164975e-01
1.267131599999999469e+00,1.719558452910437962e-01
1.267271799999999393e+00,1.719557437747382123e-01
1.267411999999999317e+00,1.719556422843929733e-01
1.267552199999999241e+00,1.719555408200015290e-01
1.267692399999999164e+00,1.719554393815571069e-01
1.267832599999999088e+00,1.719553379690532680e-01
1.267972799999999012e+00,1.719552365824832396e-01
1.268019999999999925e+00,1.719552024524259037e-01
1.268160399999999965e+00,1.719551016854418135e-01
1.268300800000000006e+00,1.719550009440777849e-01
1.268441200000000046e+00,1.719549002283272676e-01
1.268581600000000087e+00,1.719547995381839334e-01
1.268722000000000127e+00,1.719546988736410098e-01
1.268862400000000168e+00,1.719545982346920576e-01
1.269002800000000208e+00,1.719544976213306375e-01
1.269143200000000249e+00,1.719543970335501992e-01
1.269283600000000289e+00,1.719542964713443034e-01
1.269424000000000330e+00,1.719541959347063997e-01
1.269564400000000370e+00,1.719540954236300490e-01
1.269704800000000411e+00,1.719539949381085897e-01
1.269845200000000451e+00,1.719538944781355827e-01
1.269985600000000492e+00,1.719537940437045886e-01
1.270040000000000058e+00,1.719537551327735558e-01
1.270178999999999947e+00,1.719536524037617031e-01
1.270317999999999836e+00,1.719535497014748060e-01
1.270456999999999725e+00,1.719534470259060921e-01
1.270595999999999615e+00,1.719533443770484560e-01
1.270734999999999504e+00,1.719532417548951253e-01
1.270873999999999393e+00,1.719531391594389946e-01
1.271012999999999282e+00,1.719530365906731806e-01
1.271151999999999171e+00,1.719529340485906888e-01
1.271290999999999061e+00,1.719528315331846358e-01
1.271429999999998950e+00,1.719527290444480272e-01
1.271568999999998839e+00,1.719526265823740907e-01
1.271707999999998728e+00,1.719525241469556098e-01
1.271846999999998618e+00,1.719524217381859232e-01
1.271985999999998507e+00,1.719523193560579255e-01
1.271989999999999954e+00,1.719523164098316625e-01
1.272130199999999878e+00,1.719522164748263915e-01
1.272270399999999801e+00,1.719521165652045935e-01
1.272410599999999725e+00,1.719520166809600514e-01
1.272550799999999649e+00,1.719519168220861038e-01
1.272690999999999573e+00,1.719518169885764225e-01
1.272831199999999496e+00,1.719517171804244571e-01
1.272971399999999420e+00,1.719516173976239903e-01
1.273111599999999344e+00,1.719515176401683609e-01
1.273251799999999267e+00,1.719514179080512406e-01
1.273391999999999191e+00,1.719513182012661900e-01
1.273532199999999115e+00,1.719512185198067700e-01
1.273672399999999039e+00,1.719511188636665411e-01
1.273812599999998962e+00,1.719510192328389531e-01
1.273952799999998886e+00,1.719509196273177887e-01
1.274000000000000021e+00,1.719508860968005370e-01
1.274140400000000062e+00,1.719507871012699862e-01
1.274280800000000102e+00,1.719506881307388824e-01
1.274421200000000143e+00,1.719505891852008972e-01
1.274561600000000183e+00,1.719504902646497024e-01
1.274702000000000224e+00,1.719503913690790808e-01
1.274842400000000264e+00,1.719502924984825931e-01
1.274982800000000305e+00,1.719501936528540220e-01
1.275123200000000345e+00,1.719500948321870393e-01
1.275263600000000386e+00,1.719499960364754276e-01
1.275404000000000426e+00,1.719498972657127478e-01
1.275544400000000467e+00,1.719497985198927825e-01
1.275684800000000507e+00,1.719496997990092035e-01
1.275825200000000548e+00,1.719496011030556826e-01
1.275965600000000588e+00,1.719495024320260024e-01
1.276019999999999932e+00,1.719494642042573851e-01
1.276160199999999856e+00,1.719493654307631125e-01
1.276300399999999780e+00,1.719492666822468596e-01
1.276440599999999703e+00,1.719491679587024091e-01
1.276580799999999627e+00,1.719490692601232107e-01
1.276720999999999551e+00,1.719489705865031581e-01
1.276861199999999474e+00,1.719488719378359232e-01
1.277001399999999398e+00,1.719487733141151775e-01
1.277141599999999322e+00,1.719486747153344819e-01
1.277281799999999246e+00,1.719485761414877301e-01
1.277421999999999169e+00,1.719484775925684827e-01
1.277562199999999093e+00,1.719483790685705227e-01
1.277702399999999017e+00,1.719482805694874106e-01
1.277842599999998940e+00,1.719481820953129292e-01
1.277982799999998864e+00,1.719480836460408613e-01
1.278029999999999999e+00,1.719480505047429331e-01
1.278170400000000040e+00,1.719479526713838524e-01
1.278310800000000080e+00,1.719478548626185432e-01
1.278451200000000121e+00,1.719477570784408993e-01
1.278591600000000161e+00,1.719476593188448144e-01
1.278732000000000202e+00,1.719475615838239602e-01
1.278872400000000242e+00,1.719474638733721195e-01
1.279012800000000283e+00,1.719473661874832970e-01
1.279153200000000323e+00,1.719472685261511646e-01
1.279293600000000364e+00,1.719471708893696160e-01
1.279434000000000404e+00,1.719470732771325450e-01
1.279574400000000445e+00,1.719469756894337342e-01
1.279714800000000485e+00,1.719468781262669665e-01
1.279855200000000526e+00,1.719467805876260247e-01
1.279995600000000566e+00,1.719466830735048024e-01
1.280049999999999910e+00,1.719466452939363288e-01
1.280189000000000021e+00,1.719465455375901453e-01
1.280328000000000133e+00,1.719464458069067669e-01
1.280467000000000244e+00,1.719463461018795325e-01
1.280606000000000355e+00,1.719462464225018916e-01
1.280745000000000466e+00,1.719461467687672940e-01
1.280884000000000578e+00,1.719460471406690782e-01
1.281023000000000689e+00,1.719459475382006941e-01
1.281162000000000800e+00,1.719458479613554802e-01
1.281301000000000911e+00,1.719457484101269973e-01
1.281440000000001023e+00,1.719456488845084730e-01
1.281579000000001134e+00,1.719455493844934679e-01
1.281718000000001245e+00,1.719454499100753209e-01
1.281857000000001356e+00,1.719453504612473704e-01
1.281996000000001468e+00,1.719452510380031773e-01
1.282000000000000028e+00,1.719452481769238039e-01
1.282140199999999952e+00,1.719451511322264148e-01
1.282280399999999876e+00,1.719450541119034170e-01
1.282420599999999800e+00,1.719449571159487045e-01
1.282560799999999723e+00,1.719448601443561708e-01
1.282700999999999647e+00,1.719447631971197099e-01
1.282841199999999571e+00,1.719446662742332155e-01
1.282981399999999494e+00,1.719445693756904703e-01
1.283121599999999418e+00,1.719444725014854791e-01
1.283261799999999342e+00,1.719443756516120247e-01
1.283401999999999266e+00,1.719442788260642230e-01
1.283542199999999189e+00,1.719441820248356345e-01
1.283682399999999113e+00,1.719440852479203752e-01
1.283822599999999037e+00,1.719439884953122277e-01
1.283962799999998960e+00,1.719438917670051969e-01
1.284010000000000096e+00,1.719438592050225312e-01
1.284150400000000136e+00,1.719437630631620584e-01
1.284290800000000177e+00,1.719436669453109356e-01
1.284431200000000217e+00,1.719435708514631678e-01
1.284571600000000258e+00,1.719434747816126485e-01
1.284712000000000298e+00,1.719433787357534937e-01
1.284852400000000339e+00,1.719432827138797082e-01
1.284992800000000379e+00,1.719431867159852967e-01
1.285133200000000420e+00,1.719430907420642640e-01
1.285273600000000460e+00,1.719429947921105040e-01
1.285414000000000501e+00,1.719428988661181323e-01
1.285554400000000541e+00,1.719428029640812650e-01
1.285694800000000582e+00,1.719427070859937956e-01
1.285835200000000622e+00,1.719426112318497291e-01
1.285975600000000663e+00,1.719425154016431811e-01
1.286030000000000006e+00,1.719424782744443103e-01
1.286170199999999930e+00,1.719423823587002964e-01
1.286310399999999854e+00,1.719422864669387652e-01
1.286450599999999778e+00,1.719421905991538324e-01
1.286590799999999701e+00,1.719420947553393919e-01
1.286730999999999625e+00,1.719419989354894485e-01
1.286871199999999549e+00,1.719419031395981179e-01
1.287011399999999472e+00,1.719418073676594050e-01
1.287151599999999396e+00,1.719417116196672035e-01
1.287291799999999320e+00,1.719416158956156293e-01
1.287431999999999244e+00,1.719415201954986872e-01
1.287572199999999167e+00,1.719414245193103818e-01
1.287712399999999091e+00,1.719413288670447182e-01
1.287852599999999015e+00,1.719412332386957010e-01
1.287992799999998939e+00,1.719411376342573350e-01
1.288040000000000074e+00,1.719411054505942671e-01
1.288178999999999963e+00,1.719410079894738708e-01
1.288317999999999852e+00,1.719409105532039295e-01
1.288456999999999741e+00,1.719408131417781149e-01
1.288595999999999631e+00,1.719407157551902099e-01
1.288734999999999520e+00,1.719406183934337751e-01
1.288873999999999409e+00,1.719405210565024822e-01
1.289012999999999298e+00,1.719404237443900030e-01
1.289151999999999187e+00,1.719403264570900092e-01
1.289290999999999077e+00,1.719402291945962835e-01
1.289429999999998966e+00,1.719401319569023867e-01
1.289568999999998855e+00,1.719400347440019905e-01
1.289707999999998744e+00,1.719399375558887666e-01
1.289846999999998634e+00,1.719398403925564978e-01
1.289985999999998523e+00,1.719397432539987447e-01
1.289989999999999970e+00,1.719397404586650024e-01
1.290130400000000011e+00,1.719396459724493731e-01
1.290270800000000051e+00,1.719395515096739935e-01
1.290411200000000091e+00,1.719394570703330904e-01
1.290551600000000132e+00,1.719393626544208908e-01
1.290692000000000172e+00,1.719392682619313995e-01
1.290832400000000213e+00,1.719391738928590652e-01
1.290972800000000253e+00,1.719390795471980038e-01
1.291113200000000294e+00,1.719389852249423312e-01
1.291253600000000334e+00,1.719388909260862741e-01
1.291394000000000375e+00,1.719387966506239485e-01
1.291534400000000415e+00,1.719387023985496921e-01
1.291674800000000456e+00,1.719386081698576207e-01
1.291815200000000496e+00,1.719385139645419613e-01
1.291955600000000537e+00,1.719384197825967187e-01
1.292010000000000103e+00,1.719383832939552770e-01
1.292150200000000027e+00,1.719382890212303172e-01
1.292290399999999950e+00,1.719381947719234027e-01
1.292430599999999874e+00,1.719381005460284273e-01
1.292570799999999798e+00,1.719380063435398398e-01
1.292710999999999721e+00,1.719379121644516450e-01
1.292851199999999645e+00,1.719378180087581809e-01
1.292991399999999569e+00,1.719377238764535631e-01
1.293131599999999493e+00,1.719376297675320187e-01
1.293271799999999416e+00,1.719375356819877743e-01
1.293411999999999340e+00,1.719374416198148348e-01
1.293552199999999264e+00,1.719373475810076490e-01
1.293692399999999187e+00,1.719372535655601109e-01
1.293832599999999111e+00,1.719371595734666691e-01
1.293972799999999035e+00,1.719370656047214396e-01
1.294019999999999948e+00,1.719370339716701501e-01
1.294160399999999989e+00,1.719369405785343696e-01
1.294300800000000029e+00,1.719368472084636945e-01
1.294441200000000070e+00,1.719367538614522406e-01
1.294581600000000110e+00,1.719366605374944568e-01
1.294722000000000151e+00,1.719365672365844588e-01
1.294862400000000191e+00,1.719364739587166957e-01
1.295002800000000232e+00,1.719363807038853942e-01
1.295143200000000272e+00,1.719362874720850032e-01
1.295283600000000312e+00,1.719361942633096385e-01
1.295424000000000353e+00,1.719361010775537491e-01
1.295564400000000393e+00,1.719360079148116727e-01
1.295704800000000434e+00,1.719359147750776362e-01
1.295845200000000474e+00,1.719358216583460885e-01
1.295985600000000515e+00,1.719357285646111455e-01
1.296040000000000081e+00,1.719356924975562473e-01
1.296178999999999970e+00,1.719355972663254573e-01
1.296317999999999859e+00,1.719355020591617489e-01
1.296456999999999748e+00,1.719354068760592380e-01
1.296595999999999638e+00,1.719353117170117073e-01
1.296734999999999527e+00,1.719352165820131617e-01
1.296873999999999416e+00,1.719351214710573839e-01
1.297012999999999305e+00,1.719350263841384896e-01
1.297151999999999195e+00,1.719349313212502617e-01
1.297290999999999084e+00,1.719348362823868159e-01
1.297429999999998973e+00,1.719347412675418241e-01
1.297568999999998862e+00,1.719346462767094019e-01
1.297707999999998751e+00,1.719345513098833322e-01
1.297846999999998641e+00,1.719344563670577308e-01
1.297985999999998530e+00,1.719343614482262694e-01
1.297989999999999977e+00,1.719343587167689869e-01
1.298130199999999901e+00,1.719342660524036948e-01
1.298270399999999825e+00,1.719341734109065545e-01
1.298410599999999748e+00,1.719340807922720149e-01
1.298550799999999672e+00,1.719339881964944139e-01
1.298690999999999596e+00,1.719338956235680893e-01
1.298831199999999519e+00,1.719338030734873790e-01
1.298971399999999443e+00,1.719337105462467319e-01
1.299111599999999367e+00,1.719336180418403748e-01
1.299251799999999291e+00,1.719335255602627566e-01
1.299391999999999214e+00,1.719334331015082151e-01
1.299532199999999138e+00,1.719333406655710883e-01
1.299672399999999062e+00,1.719332482524458250e-01
1.299812599999998985e+00,1.719331558621267630e-01
1.299952799999998909e+00,1.719330634946083514e-01
1.300000000000000044e+00,1.719330324005671207e-01
1.300140400000000085e+00,1.719329406000259519e-01
1.300280800000000125e+00,1.719328488220083218e-01
1.300421200000000166e+00,1.719327570665084570e-01
1.300561600000000206e+00,1.719326653335210286e-01
1.300702000000000247e+00,1.719325736230402635e-01
1.300842400000000287e+00,1.719324819350608324e-01
1.300982800000000328e+00,1.719323902695771844e-01
1.301123200000000368e+00,1.719322986265837683e-01
1.301263600000000409e+00,1.719322070060751440e-01
1.301404000000000449e+00,1.719321154080456493e-01
1.301544400000000490e+00,1.719320238324898442e-01
1.301684800000000530e+00,1.719319322794022886e-01
1.301825200000000571e+00,1.719318407487773204e-01
1.301965600000000611e+00,1.719317492406096104e-01
1.302019999999999955e+00,1.719317137878245694e-01
1.302160199999999879e+00,1.719316221816844514e-01
1.302300399999999803e+00,1.719315305980517739e-01
1.302440599999999726e+00,1.719314390369208745e-01
1.302580799999999650e+00,1.719313474982863132e-01
1.302720999999999574e+00,1.719312559821426500e-01
1.302861199999999497e+00,1.719311644884843338e-01
1.303001399999999421e+00,1.719310730173057022e-01
1.303141599999999345e+00,1.719309815686013154e-01
1.303281799999999269e+00,1.719308901423657332e-01
1.303421999999999192e+00,1.719307987385934045e-01
1.303562199999999116e+00,1.719307073572786670e-01
1.303702399999999040e+00,1.719306159984160809e-01
1.303842599999998964e+00,1.719305246620002059e-01
1.303982799999998887e+00,1.719304333480256020e-01
1.304030000000000022e+00,1.719304026086316828e-01
1.304170400000000063e+00,1.719303118482143899e-01
1.304310800000000103e+00,1.719302211099688060e-01
1.304451200000000144e+00,1.719301303938894909e-01
1.304591600000000184e+00,1.719300396999711156e-01
1.304732000000000225e+00,1.719299490282082399e-01
1.304872400000000265e+00,1.719298583785953127e-01
1.305012800000000306e+00,1.719297677511271161e-01
1.305153200000000346e+00,1.719296771457980988e-01
1.305293600000000387e+00,1.719295865626029318e-01
1.305434000000000427e+00,1.719294960015361751e-01
1.305574400000000468e+00,1.719294054625924995e-01
1.305714800000000508e+00,1.719293149457664649e-01
1.305855200000000549e+00,1.719292244510526313e-01
1.305995600000000589e+00,1.719291339784455586e-01
1.306049999999999933e+00,1.719290989268509318e-01
1.306189000000000044e+00,1.719290063748561970e-01
1.306328000000000156e+00,1.719289138459982880e-01
1.306467000000000267e+00,1.719288213402714316e-01
1.306606000000000378e+00,1.719287288576698547e-01
1.306745000000000489e+00,1.719286363981878951e-01
1.306884000000000601e+00,1.719285439618196687e-01
1.307023000000000712e+00,1.719284515485594023e-01
1.307162000000000823e+00,1.719283591584013227e-01
1.307301000000000935e+00,1.719282667913396567e-01
1.307440000000001046e+00,1.719281744473686313e-01
1.307579000000001157e+00,1.719280821264824732e-01
1.307718000000001268e+00,1.719279898286754094e-01
1.307857000000001380e+00,1.719278975539416665e-01
1.307996000000001491e+00,1.719278053022754715e-01
1.308000000000000052e+00,1.719278026475704602e-01
1.308140199999999975e+00,1.719277126003948553e-01
1.308280399999999899e+00,1.719276225751976694e-01
1.308420599999999823e+00,1.719275325719735736e-01
1.308560799999999746e+00,1.719274425907171278e-01
1.308700999999999670e+00,1.719273526314230027e-01
1.308841199999999594e+00,1.719272626940858695e-01
1.308981399999999518e+00,1.719271727787003989e-01
1.309121599999999441e+00,1.719270828852611510e-01
1.309261799999999365e+00,1.719269930137627966e-01
1.309401999999999289e+00,1.719269031641998957e-01
1.309542199999999212e+00,1.719268133365672302e-01
1.309682399999999136e+00,1.719267235308594710e-01
1.309822599999999060e+00,1.719266337470711781e-01
1.309962799999998984e+00,1.719265439851969113e-01
1.310009999999999897e+00,1.719265137682765010e-01
1.310150399999999937e+00,1.719264245401795899e-01
1.310290799999999978e+00,1.719263353337386890e-01
1.310431200000000018e+00,1.719262461489483584e-01
1.310571600000000059e+00,1.719261569858038241e-01
1.310712000000000099e+00,1.719260678442996459e-01
1.310852400000000140e+00,1.719259787244304949e-01
1.310992800000000180e+00,1.719258896261909308e-01
1.311133200000000221e+00,1.719258005495760688e-01
1.311273600000000261e+00,1.719257114945805798e-01
1.311414000000000302e+00,1.719256224611991346e-01
1.311554400000000342e+00,1.719255334494261822e-01
1.311694800000000383e+00,1.719254444592570596e-01
1.311835200000000423e+00,1.719253554906862158e-01
1.311975600000000464e+00,1.719252665437084326e-01
1.312030000000000030e+00,1.719252320831635705e-01
1.312170199999999953e+00,1.719251430388638591e-01
1.312310399999999877e+00,1.719250540162065022e-01
1.312450599999999801e+00,1.719249650151863928e-01
1.312590799999999724e+00,1.719248760357980910e-01
1.312730999999999648e+00,1.719247870780363785e-01
1.312871199999999572e+00,1.719246981418960374e-01
1.313011399999999496e+00,1.719246092273718496e-01
1.313151599999999419e+00,1.719245203344583750e-01
1.313291799999999343e+00,1.719244314631506176e-01
1.313431999999999267e+00,1.719243426134431374e-01
1.313572199999999190e+00,1.719242537853307162e-01
1.313712399999999114e+00,1.719241649788081361e-01
1.313852599999999038e+00,1.719240761938701789e-01
1.313992799999998962e+00,1.719239874305115157e-01
1.314040000000000097e+00,1.719239575497151229e-01
1.314179200000000103e+00,1.719238674031586811e-01
1.314318400000000109e+00,1.719237772788612117e-01
1.314457600000000115e+00,1.719236871768171637e-01
1.314596800000000121e+00,1.719235970970210969e-01
1.314736000000000127e+00,1.719235070394674603e-01
1.314875200000000133e+00,1.719234170041508136e-01
1.315014400000000139e+00,1.719233269910657169e-01
1.315153600000000145e+00,1.719232370002066190e-01
1.315292800000000151e+00,1.719231470315679688e-01
1.315432000000000157e+00,1.719230570851443263e-01
1.315571200000000163e+00,1.719229671609302512e-01
1.315710400000000169e+00,1.719228772589201926e-01
1.315849600000000175e+00,1.719227873791087102e-01
1.315988800000000181e+00,1.719226975214903641e-01
1.316000000000000059e+00,1.719226902917108113e-01
1.316140199999999982e+00,1.719226022608831839e-01
1.316280399999999906e+00,1.719225142513558513e-01
1.316420599999999830e+00,1.719224262631238176e-01
1.316560799999999753e+00,1.719223382961816426e-01
1.316700999999999677e+00,1.719222503505243305e-01
1.316841199999999601e+00,1.719221624261467740e-01
1.316981399999999525e+00,1.719220745230437553e-01
1.317121599999999448e+00,1.719219866412102782e-01
1.317261799999999372e+00,1.719218987806409027e-01
1.317401999999999296e+00,1.719218109413306328e-01
1.317542199999999220e+00,1.719217231232743615e-01
1.317682399999999143e+00,1.719216353264669817e-01
1.317822599999999067e+00,1.719215475509033864e-01
1.317962799999998991e+00,1.719214597965782465e-01
1.318009999999999904e+00,1.719214302554464835e-01
1.318150199999999828e+00,1.719213427001197170e-01
1.318290399999999751e+00,1.719212551659370369e-01
1.318430599999999675e+00,1.719211676528932253e-01
1.318570799999999599e+00,1.719210801609833972e-01
1.318710999999999522e+00,1.719209926902022234e-01
1.318851199999999446e+00,1.719209052405447080e-01
1.318991399999999370e+00,1.719208178120057440e-01
1.319131599999999294e+00,1.719207304045802243e-01
1.319271799999999217e+00,1.719206430182630418e-01
1.319411999999999141e+00,1.719205556530490897e-01
1.319552199999999065e+00,1.719204683089333718e-01
1.319692399999998988e+00,1.719203809859106702e-01
1.319832599999998912e+00,1.719202936839758777e-01
1.319972799999998836e+00,1.719202064031239985e-01
1.320019999999999971e+00,1.719201770213750757e-01
1.320160400000000012e+00,1.719200902724965507e-01
1.320300800000000052e+00,1.719200035444463648e-01
1.320441200000000093e+00,1.719199168372195219e-01
1.320581600000000133e+00,1.719198301508110260e-01
1.320722000000000174e+00,1.719197434852158812e-01
1.320862400000000214e+00,1.719196568404290915e-01
1.321002800000000255e+00,1.719195702164456607e-01
1.321143200000000295e+00,1.719194836132605930e-01
1.321283600000000336e+00,1.719193970308688924e-01
1.321424000000000376e+00,1.719193104692655627e-01
1.321564400000000417e+00,1.719192239284456081e-01
1.321704800000000457e+00,1.719191374084040325e-01
1.321845200000000498e+00,1.719190509091357288e-01
1.321985600000000538e+00,1.719189644306359233e-01
1.322040000000000104e+00,1.719189309264145260e-01
1.322178999999999993e+00,1.719188424593209863e-01
1.322317999999999882e+00,1.719187540139640591e-01
1.322456999999999772e+00,1.719186655903384153e-01
1.322595999999999661e+00,1.719185771884386149e-01
1.322734999999999550e+00,1.719184888082593288e-01
1.322873999999999439e+00,1.719184004497953389e-01
1.323012999999999328e+00,1.719183121130412051e-01
1.323151999999999218e+00,1.719182237979915984e-01
1.323290999999999107e+00,1.719181355046411896e-01
1.323429999999998996e+00,1.719180472329846499e-01
1.323568999999998885e+00,1.719179589830166499e-01
1.323707999999998774e+00,1.719178707547318607e-01
1.323846999999998664e+00,1.719177825481249533e-01
1.323985999999998553e+00,1.719176943631907095e-01
1.323990000000000000e+00,1.719176918255127529e-01
1.324130400000000041e+00,1.719176060397658024e-01
1.324270800000000081e+00,1.719175202745283348e-01
1.324411200000000122e+00,1.719174345297954654e-01
1.324551600000000162e+00,1.719173488055623089e-01
1.324692000000000203e+00,1.719172631018238695e-01
1.324832400000000243e+00,1.719171774185753732e-01
1.324972800000000284e+00,1.719170917558118239e-01
1.325113200000000324e+00,1.719170061135283367e-01
1.325253600000000365e+00,1.719169204917201377e-01
1.325394000000000405e+00,1.719168348903822308e-01
1.325534400000000446e+00,1.719167493095097310e-01
1.325674800000000486e+00,1.719166637490976424e-01
1.325815200000000527e+00,1.719165782091411909e-01
1.325955600000000567e+00,1.719164926896354917e-01
1.326009999999999911e+00,1.719164595569425691e-01
1.326150199999999835e+00,1.719163739424329762e-01
1.326290399999999758e+00,1.719162883484215421e-01
1.326430599999999682e+00,1.719162027749032706e-01
1.326570799999999606e+00,1.719161172218730549e-01
1.326710999999999530e+00,1.719160316893264540e-01
1.326851199999999453e+00,1.719159461772582498e-01
1.326991399999999377e+00,1.719158606856636684e-01
1.327131599999999301e+00,1.719157752145377138e-01
1.327271799999999224e+00,1.719156897638755011e-01
1.327411999999999148e+00,1.719156043336721451e-01
1.327552199999999072e+00,1.719155189239225390e-01
1.327692399999998996e+00,1.719154335346222418e-01
1.327832599999998919e+00,1.719153481657661464e-01
1.327972799999998843e+00,1.719152628173492570e-01
1.328019999999999978e+00,1.719152340861044292e-01
1.328160199999999902e+00,1.719151489513364162e-01
1.328300399999999826e+00,1.719150638369070228e-01
1.328440599999999749e+00,1.719149787428115861e-01
1.328580799999999673e+00,1.719148936690451102e-01
1.328720999999999597e+00,1.719148086156028210e-01
1.328861199999999521e+00,1.719147235824797226e-01
1.329001399999999444e+00,1.719146385696711521e-01
1.329141599999999368e+00,1.719145535771721134e-01
1.329281799999999292e+00,1.719144686049778326e-01
1.329421999999999215e+00,1.719143836530834246e-01
1.329562199999999139e+00,1.719142987214840046e-01
1.329702399999999063e+00,1.719142138101747985e-01
1.329842599999998987e+00,1.719141289191508104e-01
1.329982799999998910e+00,1.719140440484073773e-01
1.330030000000000046e+00,1.719140154779591478e-01
1.330169200000000052e+00,1.719139292762074112e-01
1.330308400000000058e+00,1.719138430953789376e-01
1.330447600000000064e+00,1.719137569354687312e-01
1.330586800000000069e+00,1.719136707964715738e-01
1.330726000000000075e+00,1.719135846783824695e-01
1.330865200000000081e+00,1.719134985811963112e-01
1.331004400000000087e+00,1.719134125049081030e-01
1.331143600000000093e+00,1.719133264495126268e-01
1.331282800000000099e+00,1.719132404150048865e-01
1.331422000000000105e+00,1.719131544013797752e-01
1.331561200000000111e+00,1.719130684086322969e-01
1.331700400000000117e+00,1.719129824367573445e-01
1.331839600000000123e+00,1.719128964857499220e-01
1.331978800000000129e+00,1.719128105556048114e-01
1.331990000000000007e+00,1.719128036418201555e-01
1.332130199999999931e+00,1.719127194467118258e-01
1.332270399999999855e+00,1.719126352716323636e-01
1.332410599999999778e+00,1.719125511165772169e-01
1.332550799999999702e+00,1.719124669815410567e-01
1.332690999999999626e+00,1.719123828665194420e-01
1.332831199999999550e+00,1.719122987715075990e-01
1.332971399999999473e+00,1.719122146965009756e-01
1.333111599999999397e+00,1.719121306414944650e-01
1.333251799999999321e+00,1.719120466064834041e-01
1.333391999999999245e+00,1.719119625914631300e-01
1.333532199999999168e+00,1.719118785964289797e-01
1.333672399999999092e+00,1.719117946213758463e-01
1.333812599999999016e+00,1.719117106662991779e-01
1.333952799999998939e+00,1.719116267311943114e-01
1.334000000000000075e+00,1.719115984757049187e-01
1.334140400000000115e+00,1.719115150436095751e-01
1.334280800000000156e+00,1.719114316312488899e-01
1.334421200000000196e+00,1.719113482386180891e-01
1.334561600000000237e+00,1.719112648657127318e-01
1.334702000000000277e+00,1.719111815125279330e-01
1.334842400000000318e+00,1.719110981790591408e-01
1.334982800000000358e+00,1.719110148653016923e-01
1.335123200000000399e+00,1.719109315712509245e-01
1.335263600000000439e+00,1.719108482969020635e-01
1.335404000000000480e+00,1.719107650422505573e-01
1.335544400000000520e+00,1.719106818072917431e-01
1.335684800000000561e+00,1.719105985920209578e-01
1.335825200000000601e+00,1.719105153964335386e-01
1.335965600000000642e+00,1.719104322205247115e-01
1.336019999999999985e+00,1.719103999957761753e-01
1.336160199999999909e+00,1.719103167216977646e-01
1.336300399999999833e+00,1.719102334673463517e-01
1.336440599999999757e+00,1.719101502327171627e-01
1.336580799999999680e+00,1.719100670178056456e-01
1.336720999999999604e+00,1.719099838226071375e-01
1.336861199999999528e+00,1.719099006471168645e-01
1.337001399999999451e+00,1.719098174913302746e-01
1.337141599999999375e+00,1.719097343552425938e-01
1.337281799999999299e+00,1.719096512388492703e-01
1.337421999999999223e+00,1.719095681421456412e-01
1.337562199999999146e+00,1.719094850651269324e-01
1.337702399999999070e+00,1.719094020077884810e-01
1.337842599999998994e+00,1.719093189701257351e-01
1.337982799999998917e+00,1.719092359521339208e-01
1.338030000000000053e+00,1.719092080053674643e-01
1.338170199999999976e+00,1.719091251931841313e-01
1.338310399999999900e+00,1.719090424005759177e-01
1.338450599999999824e+00,1.719089596275382714e-01
1.338590799999999748e+00,1.719088768740665296e-01
1.338730999999999671e+00,1.719087941401560293e-01
1.338871199999999595e+00,1.719087114258022186e-01
1.339011399999999519e+00,1.719086287310003236e-01
1.339151599999999442e+00,1.719085460557457923e-01
1.339291799999999366e+00,1.719084634000340728e-01
1.339431999999999290e+00,1.719083807638605021e-01
1.339572199999999214e+00,1.719082981472204175e-01
1.339712399999999137e+00,1.719082155501092668e-01
1.339852599999999061e+00,1.719081329725223872e-01
1.339992799999998985e+00,1.719080504144552268e-01
1.340039999999999898e+00,1.719080226225107033e-01
1.340179199999999904e+00,1.719079387564699246e-01
1.340318399999999910e+00,1.719078549105738096e-01
1.340457599999999916e+00,1.719077710848174734e-01
1.340596799999999922e+00,1.719076872791961419e-01
1.340735999999999928e+00,1.719076034937050412e-01
1.340875199999999934e+00,1.719075197283392864e-01
1.341014399999999940e+00,1.719074359830939924e-01
1.341153599999999946e+00,1.719073522579643853e-01
1.341292799999999952e+00,1.719072685529456912e-01
1.341431999999999958e+00,1.719071848680329140e-01
1.341571199999999964e+00,1.719071012032213908e-01
1.341710399999999970e+00,1.719070175585062366e-01
1.341849599999999976e+00,1.719069339338825664e-01
1.341988799999999982e+00,1.719068503293456063e-01
1.342000000000000082e+00,1.719068436026738311e-01
1.342140200000000005e+00,1.719067616914531360e-01
1.342280399999999929e+00,1.719066797995140172e-01
1.342420599999999853e+00,1.719065979268520339e-01
1.342560799999999777e+00,1.719065160734626341e-01
1.342700999999999700e+00,1.719064342393412659e-01
1.342841199999999624e+00,1.719063524244833774e-01
1.342981399999999548e+00,1.719062706288844167e-01
1.343121599999999471e+00,1.719061888525399429e-01
1.343261799999999395e+00,1.719061070954454040e-01
1.343401999999999319e+00,1.719060253575961372e-01
1.343542199999999243e+00,1.719059436389877016e-01
1.343682399999999166e+00,1.719058619396156562e-01
1.343822599999999090e+00,1.719057802594753381e-01
1.343962799999999014e+00,1.719056985985623065e-01
1.344009999999999927e+00,1.719056711086222045e-01
1.344150399999999967e+00,1.719055899314460012e-01
1.344290800000000008e+00,1.719055087732714870e-01
1.344431200000000048e+00,1.719054276340941101e-01
1.344571600000000089e+00,1.719053465139094294e-01
1.344712000000000129e+00,1.719052654127131152e-01
1.344852400000000170e+00,1.719051843305006155e-01
1.344992800000000210e+00,1.719051032672674895e-01
1.345133200000000251e+00,1.719050222230094072e-01
1.345273600000000291e+00,1.719049411977218167e-01
1.345414000000000332e+00,1.719048601914002772e-01
1.345554400000000372e+00,1.719047792040404588e-01
1.345694800000000413e+00,1.719046982356378095e-01
1.345835200000000453e+00,1.719046172861878885e-01
1.345975600000000494e+00,1.719045363556863659e-01
1.346030000000000060e+00,1.719045050008437547e-01
1.346170199999999983e+00,1.719044239798894758e-01
1.346310399999999907e+00,1.719043429779276710e-01
1.346450599999999831e+00,1.719042619949537887e-01
1.346590799999999755e+00,1.719041810309633878e-01
1.346730999999999678e+00,1.719041000859521384e-01
1.346871199999999602e+00,1.719040191599154888e-01
1.347011399999999526e+00,1.719039382528491089e-01
1.347151599999999450e+00,1.719038573647484469e-01
1.347291799999999373e+00,1.719037764956090619e-01
1.347431999999999297e+00,1.719036956454265130e-01
1.347572199999999221e+00,1.719036148141963594e-01
1.347712399999999144e+00,1.719035340019141600e-01
1.347852599999999068e+00,1.719034532085754741e-01
1.347992799999998992e+00,1.719033724341758607e-01
1.348039999999999905e+00,1.719033452426583786e-01
1.348179000000000016e+00,1.719032628948462538e-01
1.348318000000000128e+00,1.719031805667197155e-01
1.348457000000000239e+00,1.719030982582742118e-01
1.348596000000000350e+00,1.719030159695048576e-01
1.348735000000000461e+00,1.719029337004071012e-01
1.348874000000000573e+00,1.719028514509761685e-01
1.349013000000000684e+00,1.719027692212072855e-01
1.349152000000000795e+00,1.719026870110959004e-01
1.349291000000000906e+00,1.719026048206372392e-01
1.349430000000001018e+00,1.719025226498266390e-01
1.349569000000001129e+00,1.719024404986593257e-01
1.349708000000001240e+00,1.719023583671306366e-01
1.349847000000001351e+00,1.719022762552359085e-01
1.349986000000001463e+00,1.719021941629704786e-01
1.349990000000000023e+00,1.719021918006193861e-01
1.350130400000000064e+00,1.719021119387419416e-01
1.350270800000000104e+00,1.719020320954417480e-01
1.350411200000000145e+00,1.719019522707144754e-01
1.350551600000000185e+00,1.719018724645557938e-01
1.350692000000000226e+00,1.719017926769614846e-01
1.350832400000000266e+00,1.719017129079269957e-01
1.350972800000000307e+00,1.719016331574482193e-01
1.351113200000000347e+00,1.719015534255207145e-01
1.351253600000000388e+00,1.719014737121403735e-01
1.351394000000000428e+00,1.719013940173026445e-01
1.351534400000000469e+00,1.719013143410033084e-01
1.351674800000000509e+00,1.719012346832381466e-01
1.351815200000000550e+00,1.719011550440026070e-01
1.351955600000000590e+00,1.719010754232925819e-01
1.352009999999999934e+00,1.719010445758839545e-01
1.352150199999999858e+00,1.719009648599151285e-01
1.352290399999999781e+00,1.719008851625177803e-01
1.352430599999999705e+00,1.719008054836875798e-01
1.352570799999999629e+00,1.719007258234201974e-01
1.352710999999999553e+00,1.719006461817113030e-01
1.352851199999999476e+00,1.719005665585565668e-01
1.352991399999999400e+00,1.719004869539517699e-01
1.353131599999999324e+00,1.719004073678924716e-01
1.353271799999999248e+00,1.719003278003743418e-01
1.353411999999999171e+00,1.719002482513931618e-01
1.353552199999999095e+00,1.719001687209446017e-01
1.353692399999999019e+00,1.719000892090242205e-01
1.353832599999998942e+00,1.719000097156277995e-01
1.353972799999998866e+00,1.718999302407510088e-01
1.354020000000000001e+00,1.718999034866859343e-01
1.354160199999999925e+00,1.718998242113127795e-01
1.354300399999999849e+00,1.718997449543678835e-01
1.354440599999999773e+00,1.718996657158469166e-01
1.354580799999999696e+00,1.718995864957455488e-01
1.354720999999999620e+00,1.718995072940595614e-01
1.354861199999999544e+00,1.718994281107847355e-01
1.355001399999999467e+00,1.718993489459166302e-01
1.355141599999999391e+00,1.718992697994510266e-01
1.355281799999999315e+00,1.718991906713837059e-01
1.355421999999999239e+00,1.718991115617104493e-01
1.355562199999999162e+00,1.718990324704268158e-01
1.355702399999999086e+00,1.718989533975285866e-01
1.355842599999999010e+00,1.718988743430115429e-01
1.355982799999998933e+00,1.718987953068713548e-01
1.356030000000000069e+00,1.718987687004959186e-01
1.356169200000000075e+00,1.718986884072183363e-01
1.356308400000000081e+00,1.718986081329083593e-01
1.356447600000000087e+00,1.718985278775615466e-01
1.356586800000000093e+00,1.718984476411733464e-01
1.356726000000000099e+00,1.718983674237393178e-01
1.356865200000000105e+00,1.718982872252549088e-01
1.357004400000000111e+00,1.718982070457157896e-01
1.357143600000000117e+00,1.718981268851174082e-01
1.357282800000000123e+00,1.718980467434553239e-01
1.357422000000000128e+00,1.718979666207249846e-01
1.357561200000000134e+00,1.718978865169219494e-01
1.357700400000000140e+00,1.718978064320417776e-01
1.357839600000000146e+00,1.718977263660800281e-01
1.357978800000000152e+00,1.718976463190321491e-01
1.357990000000000030e+00,1.718976398785875270e-01
1.358130199999999954e+00,1.718975614553434061e-01
1.358270399999999878e+00,1.718974830502539852e-01
1.358410599999999802e+00,1.718974046633150454e-01
1.358550799999999725e+00,1.718973262945223679e-01
1.358690999999999649e+00,1.718972479438717338e-01
1.358831199999999573e+00,1.718971696113590353e-01
1.358971399999999496e+00,1.718970912969799425e-01
1.359111599999999420e+00,1.718970130007303476e-01
1.359251799999999344e+00,1.718969347226060318e-01
1.359391999999999268e+00,1.718968564626027762e-01
1.359532199999999191e+00,1.718967782207163619e-01
1.359672399999999115e+00,1.718966999969426812e-01
1.359812599999999039e+00,1.718966217912775152e-01
1.359952799999998962e+00,1.718965436037166450e-01
1.360000000000000098e+00,1.718965172829948207e-01
1.360140400000000138e+00,1.718964395538961076e-01
1.360280800000000179e+00,1.718963618426914142e-01
1.360421200000000219e+00,1.718962841493766325e-01
1.360561600000000260e+00,1.718962064739475437e-01
1.360702000000000300e+00,1.718961288164002621e-01
1.360842400000000341e+00,1.718960511767303467e-01
1.360982800000000381e+00,1.718959735549339118e-01
1.361123200000000422e+00,1.718958959510067386e-01
1.361263600000000462e+00,1.718958183649448301e-01
1.361404000000000503e+00,1.718957407967439677e-01
1.361544400000000543e+00,1.718956632464000434e-01
1.361684800000000584e+00,1.718955857139090604e-01
1.361825200000000624e+00,1.718955081992667999e-01
1.361965600000000665e+00,1.718954307024692651e-01
1.362020000000000008e+00,1.718954006778987686e-01
1.362160199999999932e+00,1.718953230827244827e-01
1.362300399999999856e+00,1.718952455054417738e-01
1.362440599999999780e+00,1.718951679460465343e-01
1.362580799999999703e+00,1.718950904045345451e-01
1.362720999999999627e+00,1.718950128809018096e-01
1.362861199999999551e+00,1.718949353751441089e-01
1.363001399999999474e+00,1.718948578872573352e-01
1.363141599999999398e+00,1.718947804172373806e-01
1.363281799999999322e+00,1.718947029650802483e-01
1.363421999999999246e+00,1.718946255307816084e-01
1.363562199999999169e+00,1.718945481143374643e-01
1.363702399999999093e+00,1.718944707157438190e-01
1.363842599999999017e+00,1.718943933349963427e-01
1.363982799999998941e+00,1.718943159720909275e-01
1.364030000000000076e+00,1.718942899289694903e-01
1.364170199999999999e+00,1.718942127512634865e-01
1.364310399999999923e+00,1.718941355913157221e-01
1.364450599999999847e+00,1.718940584491219781e-01
1.364590799999999771e+00,1.718939813246782577e-01
1.364730999999999694e+00,1.718939042179804533e-01
1.364871199999999618e+00,1.718938271290245678e-01
1.365011399999999542e+00,1.718937500578063826e-01
1.365151599999999465e+00,1.718936730043219008e-01
1.365291799999999389e+00,1.718935959685670145e-01
1.365431999999999313e+00,1.718935189505377270e-01
1.365572199999999237e+00,1.718934419502298194e-01
1.365712399999999160e+00,1.718933649676392950e-01
1.365852599999999084e+00,1.718932880027620458e-01
1.365992799999999008e+00,1.718932110555940751e-01
1.366039999999999921e+00,1.718931851524203580e-01
1.366179199999999927e+00,1.718931069933277156e-01
1.366318399999999933e+00,1.718930288525079009e-01
1.366457599999999939e+00,1.718929507299566950e-01
1.366596799999999945e+00,1.718928726256698791e-01
1.366735999999999951e+00,1.718927945396431234e-01
1.366875199999999957e+00,1.718927164718720979e-01
1.367014399999999963e+00,1.718926384223525838e-01
1.367153599999999969e+00,1.718925603910803623e-01
1.367292799999999975e+00,1.718924823780511035e-01
1.367431999999999981e+00,1.718924043832605886e-01
1.367571199999999987e+00,1.718923264067044876e-01
1.367710399999999993e+00,1.718922484483785817e-01
1.367849599999999999e+00,1.718921705082786522e-01
1.367988800000000005e+00,1.718920925864003690e-01
1.368000000000000105e+00,1.718920863169419722e-01
1.368140200000000029e+00,1.718920099633838294e-01
1.368280399999999952e+00,1.718919336273215803e-01
1.368420599999999876e+00,1.718918573087511170e-01
1.368560799999999800e+00,1.718917810076685537e-01
1.368700999999999723e+00,1.718917047240698937e-01
1.368841199999999647e+00,1.718916284579511400e-01
1.368981399999999571e+00,1.718915522093081849e-01
1.369121599999999495e+00,1.718914759781370316e-01
1.369261799999999418e+00,1.718913997644337943e-01
1.369401999999999342e+00,1.718913235681944762e-01
1.369542199999999266e+00,1.718912473894148585e-01
1.369682399999999189e+00,1.718911712280911663e-01
1.369822599999999113e+00,1.718910950842192920e-01
1.369962799999999037e+00,1.718910189577952385e-01
1.370009999999999950e+00,1.718909933309051841e-01
1.370150399999999991e+00,1.718909176452817489e-01
1.370290800000000031e+00,1.718908419769059615e-01
1.370431200000000072e+00,1.718907663257739360e-01
1.370571600000000112e+00,1.718906906918817867e-01
1.370712000000000153e+00,1.718906150752255169e-01
1.370852400000000193e+00,1.718905394758012406e-01
1.370992800000000233e+00,1.718904638936049611e-01
1.371133200000000274e+00,1.718903883286329037e-01
1.371273600000000314e+00,1.718903127808810716e-01
1.371414000000000355e+00,1.718902372503454679e-01
1.371554400000000395e+00,1.718901617370222068e-01
1.371694800000000436e+00,1.718900862409074026e-01
1.371835200000000476e+00,1.718900107619970585e-01
1.371975600000000517e+00,1.718899353002873998e-01
1.372030000000000083e+00,1.718899060641442267e-01
1.372170200000000007e+00,1.718898305182861019e-01
1.372310399999999930e+00,1.718897549896686305e-01
1.372450599999999854e+00,1.718896794782875936e-01
1.372590799999999778e+00,1.718896039841393275e-01
1.372730999999999701e+00,1.718895285072196133e-01
1.372871199999999625e+00,1.718894530475247873e-01
1.373011399999999549e+00,1.718893776050506306e-01
1.373151599999999473e+00,1.718893021797933685e-01
1.373291799999999396e+00,1.718892267717492262e-01
1.373431999999999320e+00,1.718891513809139848e-01
1.373572199999999244e+00,1.718890760072839807e-01
1.373712399999999167e+00,1.718890006508551060e-01
1.373852599999999091e+00,1.718889253116234750e-01
1.373992799999999015e+00,1.718888499895853128e-01
1.374039999999999928e+00,1.718888246334725478e-01
1.374179000000000039e+00,1.718887478444418582e-01
1.374318000000000151e+00,1.718886710732822065e-01
1.374457000000000262e+00,1.718885943199892630e-01
1.374596000000000373e+00,1.718885175845589197e-01
1.374735000000000484e+00,1.718884408669871799e-01
1.374874000000000596e+00,1.718883641672697138e-01
1.375013000000000707e+00,1.718882874854024134e-01
1.375152000000000818e+00,1.718882108213811710e-01
1.375291000000000929e+00,1.718881341752017677e-01
1.375430000000001041e+00,1.718880575468600957e-01
1.375569000000001152e+00,1.718879809363519362e-01
1.375708000000001263e+00,1.718879043436732923e-01
1.375847000000001374e+00,1.718878277688198342e-01
1.375986000000001486e+00,1.718877512117874540e-01
1.375990000000000046e+00,1.718877490087221682e-01
1.376130400000000087e+00,1.718876745251091132e-01
1.376270800000000127e+00,1.718876000583650088e-01
1.376411200000000168e+00,1.718875256084860803e-01
1.376551600000000208e+00,1.718874511754685530e-01
1.376692000000000249e+00,1.718873767593085411e-01
1.376832400000000289e+00,1.718873023600022698e-01
1.376972800000000330e+00,1.718872279775458534e-01
1.377113200000000370e+00,1.718871536119355170e-01
1.377253600000000411e+00,1.718870792631674860e-01
1.377394000000000451e+00,1.718870049312378745e-01
1.377534400000000492e+00,1.718869306161429078e-01
1.377674800000000532e+00,1.718868563178788111e-01
1.377815200000000573e+00,1.718867820364416987e-01
1.377955600000000613e+00,1.718867077718277958e-01
1.378009999999999957e+00,1.718866789994600852e-01
1.378150199999999881e+00,1.718866046391485103e-01
1.378290399999999805e+00,1.718865302957051089e-01
1.378430599999999728e+00,1.718864559691258842e-01
1.378570799999999652e+00,1.718863816594070615e-01
1.378710999999999576e+00,1.718863073665448660e-01
1.378851199999999499e+00,1.718862330905354119e-01
1.378991399999999423e+00,1.718861588313749245e-01
1.379131599999999347e+00,1.718860845890596289e-01
1.379271799999999271e+00,1.718860103635855285e-01
1.379411999999999194e+00,1.718859361549489595e-01
1.379552199999999118e+00,1.718858619631461471e-01
1.379692399999999042e+00,1.718857877881730944e-01
1.379832599999998966e+00,1.718857136300260269e-01
1.379972799999998889e+00,1.718856394887012806e-01
1.380020000000000024e+00,1.718856145300475813e-01
1.380160400000000065e+00,1.718855408294884812e-01
1.380300800000000105e+00,1.718854671455531946e-01
1.380441200000000146e+00,1.718853934782385018e-01
1.380581600000000186e+00,1.718853198275402949e-01
1.380722000000000227e+00,1.718852461934546882e-01
1.380862400000000267e+00,1.718851725759784621e-01
1.381002800000000308e+00,1.718850989751075087e-01
1.381143200000000348e+00,1.718850253908379422e-01
1.381283600000000389e+00,1.718849518231664320e-01
1.381424000000000429e+00,1.718848782720889812e-01
1.381564400000000470e+00,1.718848047376015931e-01
1.381704800000000510e+00,1.718847312197010480e-01
1.381845200000000551e+00,1.718846577183833491e-01
1.381985600000000591e+00,1.718845842336446106e-01
1.382039999999999935e+00,1.718845557634141041e-01
1.382179000000000046e+00,1.718844805735089132e-01
1.382318000000000158e+00,1.718844054009627254e-01
1.382457000000000269e+00,1.718843302457714328e-01
1.382596000000000380e+00,1.718842551079312608e-01
1.382735000000000491e+00,1.718841799874379905e-01
1.382874000000000603e+00,1.718841048842876251e-01
1.383013000000000714e+00,1.718840297984762788e-01
1.383152000000000825e+00,1.718839547299997328e-01
1.383291000000000937e+00,1.718838796788542123e-01
1.383430000000001048e+00,1.718838046450357204e-01
1.383569000000001159e+00,1.718837296285401495e-01
1.383708000000001270e+00,1.718836546293635026e-01
1.383847000000001382e+00,1.718835796475016719e-01
1.383986000000001493e+00,1.718835046829508828e-01
1.383990000000000054e+00,1.718835025257120508e-01
1.384130199999999977e+00,1.718834293306992222e-01
1.384270399999999901e+00,1.718833561521898590e-01
1.384410599999999825e+00,1.718832829901802972e-01
1.384550799999999748e+00,1.718832098446667622e-01
1.384690999999999672e+00,1.718831367156454792e-01
1.384831199999999596e+00,1.718830636031127845e-01
1.384971399999999520e+00,1.718829905070649033e-01
1.385111599999999443e+00,1.718829174274981719e-01
1.385251799999999367e+00,1.718828443644088155e-01
1.385391999999999291e+00,1.718827713177932814e-01
1.385532199999999214e+00,1.718826982876476839e-01
1.385672399999999138e+00,1.718826252739683591e-01
1.385812599999999062e+00,1.718825522767515324e-01
1.385952799999998986e+00,1.718824792959936509e-01
1.385999999999999899e+00,1.718824547280175530e-01
1.386140399999999939e+00,1.718823821819306374e-01
1.386280799999999980e+00,1.718823096521082672e-01
1.386421200000000020e+00,1.718822371385468895e-01
1.386561600000000061e+00,1.718821646412428406e-01
1.386702000000000101e+00,1.718820921601924567e-01
1.386842400000000142e+00,1.718820196953920743e-01
1.386982800000000182e+00,1.718819472468381404e-01
1.387123200000000223e+00,1.718818748145269915e-01
1.387263600000000263e+00,1.718818023984549637e-01
1.387404000000000304e+00,1.718817299986183933e-01
1.387544400000000344e+00,1.718816576150136166e-01
1.387684800000000385e+00,1.718815852476369699e-01
1.387825200000000425e+00,1.718815128964849004e-01
1.387965600000000466e+00,1.718814405615537444e-01
1.388020000000000032e+00,1.718814125367789103e-01
1.388160199999999955e+00,1.718813401030886423e-01
1.388300399999999879e+00,1.718812676856650290e-01
1.388440599999999803e+00,1.718811952845045177e-01
1.388580799999999726e+00,1.718811228996032225e-01
1.388720999999999650e+00,1.718810505309577019e-01
1.388861199999999574e+00,1.718809781785641810e-01
1.389001399999999498e+00,1.718809058424191072e-01
1.389141599999999421e+00,1.718808335225187056e-01
1.389281799999999345e+00,1.718807612188594236e-01
1.389421999999999269e+00,1.718806889314375974e-01
1.389562199999999192e+00,1.718806166602495633e-01
1.389702399999999116e+00,1.718805444052916576e-01
1.389842599999999040e+00,1.718804721665603275e-01
1.389982799999998964e+00,1.718803999440517982e-01
1.390030000000000099e+00,1.718803756313225239e-01
1.390170400000000139e+00,1.718803038394977056e-01
1.390310800000000180e+00,1.718802320637039527e-01
1.390451200000000220e+00,1.718801603039378234e-01
1.390591600000000261e+00,1.718800885601957651e-01
1.390732000000000301e+00,1.718800168324741140e-01
1.390872400000000342e+00,1.718799451207693174e-01
1.391012800000000382e+00,1.718798734250778226e-01
1.391153200000000423e+00,1.718798017453960769e-01
1.391293600000000463e+00,1.718797300817203055e-01
1.391434000000000504e+00,1.718796584340471778e-01
1.391574400000000544e+00,1.718795868023730300e-01
1.391714800000000585e+00,1.718795151866943094e-01
1.391855200000000625e+00,1.718794435870074633e-01
1.391995600000000666e+00,1.718793720033088279e-01
1.392050000000000010e+00,1.718793442695749629e-01
1.392188999999999899e+00,1.718792710226404452e-01
1.392327999999999788e+00,1.718791977924472025e-01
1.392466999999999677e+00,1.718791245789914601e-01
1.392605999999999566e+00,1.718790513822693322e-01
1.392744999999999456e+00,1.718789782022771551e-01
1.392883999999999345e+00,1.718789050390109319e-01
1.393022999999999234e+00,1.718788318924668879e-01
1.393161999999999123e+00,1.718787587626412483e-01
1.393300999999999013e+00,1.718786856495301274e-01
1.393439999999998902e+00,1.718786125531297504e-01
1.393578999999998791e+00,1.718785394734362315e-01
1.393717999999998680e+00,1.718784664104459070e-01
1.393856999999998569e+00,1.718783933641548911e-01
1.393995999999998459e+00,1.718783203345591870e-01
1.393999999999999906e+00,1.718783182330020365e-01
1.394140199999999830e+00,1.718782469218259612e-01
1.394280399999999753e+00,1.718781756265690408e-01
1.394420599999999677e+00,1.718781043472276115e-01
1.394560799999999601e+00,1.718780330837982318e-01
1.394700999999999524e+00,1.718779618362772377e-01
1.394841199999999448e+00,1.718778906046611876e-01
1.394981399999999372e+00,1.718778193889464179e-01
1.395121599999999296e+00,1.718777481891294867e-01
1.395261799999999219e+00,1.718776770052068414e-01
1.395401999999999143e+00,1.718776058371749293e-01
1.395542199999999067e+00,1.718775346850300867e-01
1.395682399999998990e+00,1.718774635487688718e-01
1.395822599999998914e+00,1.718773924283877319e-01
1.395962799999998838e+00,1.718773213238831143e-01
1.396009999999999973e+00,1.718772973875041243e-01
1.396150400000000014e+00,1.718772267078003679e-01
1.396290800000000054e+00,1.718771560437851731e-01
1.396431200000000095e+00,1.718770853954550981e-01
1.396571600000000135e+00,1.718770147628065903e-01
1.396712000000000176e+00,1.718769441458362079e-01
1.396852400000000216e+00,1.718768735445405094e-01
1.396992800000000257e+00,1.718768029589159418e-01
1.397133200000000297e+00,1.718767323889590637e-01
1.397273600000000338e+00,1.718766618346663222e-01
1.397414000000000378e+00,1.718765912960342757e-01
1.397554400000000419e+00,1.718765207730594824e-01
1.397694800000000459e+00,1.718764502657385007e-01
1.397835200000000500e+00,1.718763797740677779e-01
1.397975600000000540e+00,1.718763092980438723e-01
1.398030000000000106e+00,1.718762819934432917e-01
1.398170200000000030e+00,1.718762114223005844e-01
1.398310399999999953e+00,1.718761408668483259e-01
1.398450599999999877e+00,1.718760703270829637e-01
1.398590799999999801e+00,1.718759998030010561e-01
1.398730999999999725e+00,1.718759292945991612e-01
1.398871199999999648e+00,1.718758588018737266e-01
1.399011399999999572e+00,1.718757883248213103e-01
1.399151599999999496e+00,1.718757178634384708e-01
1.399291799999999419e+00,1.718756474177215443e-01
1.399431999999999343e+00,1.718755769876672002e-01
1.399572199999999267e+00,1.718755065732719967e-01
1.399712399999999191e+00,1.718754361745322701e-01
1.399852599999999114e+00,1.718753657914446897e-01
1.399992799999999038e+00,1.718752954240057029e-01
1.400039999999999951e+00,1.718752717357425741e-01
1.400179000000000062e+00,1.718751999978616052e-01
1.400318000000000174e+00,1.718751282762458477e-01
1.400457000000000285e+00,1.718750565708918598e-01
1.400596000000000396e+00,1.718749848817957560e-01
1.400735000000000507e+00,1.718749132089538723e-01
1.400874000000000619e+00,1.718748415523625450e-01
1.401013000000000730e+00,1.718747699120181105e-01
1.401152000000000841e+00,1.718746982879167939e-01
1.401291000000000952e+00,1.718746266800550426e-01
1.401430000000001064e+00,1.718745550884291928e-01
1.401569000000001175e+00,1.718744835130353588e-01
1.401708000000001286e+00,1.718744119538700987e-01
1.401847000000001398e+00,1.718743404109296380e-01
1.401986000000001509e+00,1.718742688842102018e-01
1.401990000000000069e+00,1.718742668259006789e-01
1.402130400000000110e+00,1.718741972297264109e-01
1.402270800000000150e+00,1.718741276489096359e-01
1.402411200000000191e+00,1.718740580834466902e-01
1.402551600000000231e+00,1.718739885333344652e-01
1.402692000000000272e+00,1.718739189985695193e-01
1.402832400000000312e+00,1.718738494791484106e-01
1.402972800000000353e+00,1.718737799750676976e-01
1.403113200000000393e+00,1.718737104863240495e-01
1.403253600000000434e+00,1.718736410129140246e-01
1.403394000000000474e+00,1.718735715548344034e-01
1.403534400000000515e+00,1.718735021120816331e-01
1.403674800000000555e+00,1.718734326846523830e-01
1.403815200000000596e+00,1.718733632725433225e-01
1.403955600000000636e+00,1.718732938757510098e-01
1.404009999999999980e+00,1.718732669892646392e-01
1.404150199999999904e+00,1.718731974961683617e-01
1.404290399999999828e+00,1.718731280184326859e-01
1.404430599999999751e+00,1.718730585560542812e-01
1.404570799999999675e+00,1.718729891090295947e-01
1.404710999999999599e+00,1.718729196773554069e-01
1.404851199999999523e+00,1.718728502610282760e-01
1.404991399999999446e+00,1.718727808600447604e-01
1.405131599999999370e+00,1.718727114744015294e-01
1.405271799999999294e+00,1.718726421040951413e-01
1.405411999999999217e+00,1.718725727491223765e-01
1.405552199999999141e+00,1.718725034094796822e-01
1.405692399999999065e+00,1.718724340851636168e-01
1.405832599999998989e+00,1.718723647761709605e-01
1.405972799999998912e+00,1.718722954824981608e-01
1.406020000000000048e+00,1.718722721556941169e-01
1.406160400000000088e+00,1.718722032805467537e-01
1.406300800000000129e+00,1.718721344205358381e-01
1.406441200000000169e+00,1.718720655756582616e-01
1.406581600000000210e+00,1.718719967459104714e-01
1.406722000000000250e+00,1.718719279312893589e-01
1.406862400000000290e+00,1.718718591317913713e-01
1.407002800000000331e+00,1.718717903474134001e-01
1.407143200000000371e+00,1.718717215781520036e-01
1.407283600000000412e+00,1.718716528240039620e-01
1.407424000000000452e+00,1.718715840849658338e-01
1.407564400000000493e+00,1.718715153610343993e-01
1.407704800000000533e+00,1.718714466522063278e-01
1.407845200000000574e+00,1.718713779584781776e-01
1.407985600000000614e+00,1.718713092798467290e-01
1.408039999999999958e+00,1.718712826715892428e-01
1.408179000000000070e+00,1.718712123890725474e-01
1.408318000000000181e+00,1.718711421223673153e-01
1.408457000000000292e+00,1.718710718714698826e-01
1.408596000000000403e+00,1.718710016363766968e-01
1.408735000000000515e+00,1.718709314170842051e-01
1.408874000000000626e+00,1.718708612135889657e-01
1.409013000000000737e+00,1.718707910258873151e-01
1.409152000000000848e+00,1.718707208539757003e-01
1.409291000000000960e+00,1.718706506978505688e-01
1.409430000000001071e+00,1.718705805575083678e-01
1.409569000000001182e+00,1.718705104329456557e-01
1.409708000000001293e+00,1.718704403241587686e-01
1.409847000000001405e+00,1.718703702311441539e-01
1.409986000000001516e+00,1.718703001538982589e-01
1.409990000000000077e+00,1.718702981372999261e-01
1.410130200000000000e+00,1.718702297108037902e-01
1.410270399999999924e+00,1.718701612993424055e-01
1.410410599999999848e+00,1.718700929029123303e-01
1.410550799999999771e+00,1.718700245215103450e-01
1.410690999999999695e+00,1.718699561551332300e-01
1.410831199999999619e+00,1.718698878037775435e-01
1.410971399999999543e+00,1.718698194674400659e-01
1.411111599999999466e+00,1.718697511461175775e-01
1.411251799999999390e+00,1.718696828398066367e-01
1.411391999999999314e+00,1.718696145485039128e-01
1.411532199999999238e+00,1.718695462722062972e-01
1.411672399999999161e+00,1.718694780109103482e-01
1.411812599999999085e+00,1.718694097646127350e-01
1.411952799999999009e+00,1.718693415333103491e-01
1.411999999999999922e+00,1.718693185641289034e-01
1.412140399999999962e+00,1.718692507295467298e-01
1.412280800000000003e+00,1.718691829097869217e-01
1.412421200000000043e+00,1.718691151048461485e-01
1.412561600000000084e+00,1.718690473147211906e-01
1.412702000000000124e+00,1.718689795394089392e-01
1.412842400000000165e+00,1.718689117789060639e-01
1.412982800000000205e+00,1.718688440332093448e-01
1.413123200000000246e+00,1.718687763023155624e-01
1.413263600000000286e+00,1.718687085862214969e-01
1.413404000000000327e+00,1.718686408849238179e-01
1.413544400000000367e+00,1.718685731984193055e-01
1.413684800000000408e+00,1.718685055267048511e-01
1.413825200000000448e+00,1.718684378697771242e-01
1.413965600000000489e+00,1.718683702276329051e-01
1.414020000000000055e+00,1.718683440209302082e-01
1.414160199999999978e+00,1.718682762988941182e-01
1.414300399999999902e+00,1.718682085916777291e-01
1.414440599999999826e+00,1.718681408992778215e-01
1.414580799999999750e+00,1.718680732216911755e-01
1.414720999999999673e+00,1.718680055589144606e-01
1.414861199999999597e+00,1.718679379109445682e-01
1.415001399999999521e+00,1.718678702777780565e-01
1.415141599999999444e+00,1.718678026594119279e-01
1.415281799999999368e+00,1.718677350558427408e-01
1.415421999999999292e+00,1.718676674670673865e-01
1.415562199999999216e+00,1.718675998930825344e-01
1.415702399999999139e+00,1.718675323338850758e-01
1.415842599999999063e+00,1.718674647894716800e-01
1.415982799999998987e+00,1.718673972598391275e-01
1.416029999999999900e+00,1.718673745268591846e-01
1.416170399999999940e+00,1.718673073742594815e-01
1.416310799999999981e+00,1.718672402362770857e-01
1.416451200000000021e+00,1.718671731129088887e-01
1.416591600000000062e+00,1.718671060041516707e-01
1.416732000000000102e+00,1.718670389100022122e-01
1.416872400000000143e+00,1.718669718304574046e-01
1.417012800000000183e+00,1.718669047655140281e-01
1.417153200000000224e+00,1.718668377151688631e-01
1.417293600000000264e+00,1.718667706794188010e-01
1.417434000000000305e+00,1.718667036582606222e-01
1.417574400000000345e+00,1.718666366516912181e-01
1.417714800000000386e+00,1.718665696597072579e-01
1.417855200000000426e+00,1.718665026823057440e-01
1.417995600000000467e+00,1.718664357194834569e-01
1.418050000000000033e+00,1.718664097759630138e-01
1.418188999999999922e+00,1.718663412733526519e-01
1.418327999999999811e+00,1.718662727860009731e-01
1.418466999999999700e+00,1.718662043139045359e-01
1.418605999999999590e+00,1.718661358570600095e-01
1.418744999999999479e+00,1.718660674154639523e-01
1.418883999999999368e+00,1.718659989891130335e-01
1.419022999999999257e+00,1.718659305780037005e-01
1.419161999999999146e+00,1.718658621821327337e-01
1.419300999999999036e+00,1.718657938014966913e-01
1.419439999999998925e+00,1.718657254360921316e-01
1.419578999999998814e+00,1.718656570859156130e-01
1.419717999999998703e+00,1.718655887509639157e-01
1.419856999999998592e+00,1.718655204312334872e-01
1.419995999999998482e+00,1.718654521267211077e-01
1.419999999999999929e+00,1.718654501611361907e-01
1.420140199999999853e+00,1.718653834539082270e-01
1.420280399999999776e+00,1.718653167611948751e-01
1.420420599999999700e+00,1.718652500829930263e-01
1.420560799999999624e+00,1.718651834192995720e-01
1.420700999999999548e+00,1.718651167701111815e-01
1.420841199999999471e+00,1.718650501354247462e-01
1.420981399999999395e+00,1.718649835152371574e-01
1.421121599999999319e+00,1.718649169095453066e-01
1.421261799999999242e+00,1.718648503183459741e-01
1.421401999999999166e+00,1.718647837416360513e-01
1.421542199999999090e+00,1.718647171794123185e-01
1.421682399999999014e+00,1.718646506316717781e-01
1.421822599999998937e+00,1.718645840984110995e-01
1.421962799999998861e+00,1.718645175796271740e-01
1.422009999999999996e+00,1.718644951869269244e-01
1.422150400000000037e+00,1.718644290592025170e-01
1.422290800000000077e+00,1.718643629457862199e-01
1.422431200000000118e+00,1.718642968466749243e-01
1.422571600000000158e+00,1.718642307618655218e-01
1.422712000000000199e+00,1.718641646913549037e-01
1.422852400000000239e+00,1.718640986351400723e-01
1.422992800000000280e+00,1.718640325932178081e-01
1.423133200000000320e+00,1.718639665655851134e-01
1.423273600000000361e+00,1.718639005522388796e-01
1.423414000000000401e+00,1.718638345531758871e-01
1.423554400000000442e+00,1.718637685683932492e-01
1.423694800000000482e+00,1.718637025978878574e-01
1.423835200000000523e+00,1.718636366416564920e-01
1.423975600000000563e+00,1.718635706996961554e-01
1.424029999999999907e+00,1.718635451516772328e-01
1.424170199999999831e+00,1.718634791234180392e-01
1.424310399999999754e+00,1.718634131094683992e-01
1.424450599999999678e+00,1.718633471098253152e-01
1.424590799999999602e+00,1.718632811244854564e-01
1.424730999999999526e+00,1.718632151534460473e-01
1.424871199999999449e+00,1.718631491967036462e-01
1.425011399999999373e+00,1.718630832542554776e-01
1.425151599999999297e+00,1.718630173260980998e-01
1.425291799999999220e+00,1.718629514122287372e-01
1.425431999999999144e+00,1.718628855126440591e-01
1.425572199999999068e+00,1.718628196273411790e-01
1.425712399999998992e+00,1.718627537563168772e-01
1.425852599999998915e+00,1.718626878995680451e-01
1.425992799999998839e+00,1.718626220570916852e-01
1.426039999999999974e+00,1.718625998920553233e-01
1.426179199999999980e+00,1.718625329973545446e-01
1.426318399999999986e+00,1.718624661173870916e-01
1.426457599999999992e+00,1.718623992521497446e-01
1.426596799999999998e+00,1.718623324016391729e-01
1.426736000000000004e+00,1.718622655658521570e-01
1.426875200000000010e+00,1.718621987447853661e-01
1.427014400000000016e+00,1.718621319384358026e-01
1.427153600000000022e+00,1.718620651468000249e-01
1.427292800000000028e+00,1.718619983698748133e-01
1.427432000000000034e+00,1.718619316076569481e-01
1.427571200000000040e+00,1.718618648601433208e-01
1.427710400000000046e+00,1.718617981273304895e-01
1.427849600000000052e+00,1.718617314092152348e-01
1.427988800000000058e+00,1.718616647057944480e-01
1.427999999999999936e+00,1.718616593389475922e-01
1.428140199999999860e+00,1.718615939695402606e-01
1.428280399999999783e+00,1.718615286142456400e-01
1.428420599999999707e+00,1.718614632730607328e-01
1.428560799999999631e+00,1.718613979459825414e-01
1.428700999999999555e+00,1.718613326330079571e-01
1.428841199999999478e+00,1.718612673341340935e-01
1.428981399999999402e+00,1.718612020493577308e-01
1.429121599999999326e+00,1.718611367786758715e-01
1.429261799999999250e+00,1.718610715220855178e-01
1.429401999999999173e+00,1.718610062795835614e-01
1.429542199999999097e+00,1.718609410511670044e-01
1.429682399999999021e+00,1.718608758368327383e-01
1.429822599999998944e+00,1.718608106365777655e-01
1.429962799999998868e+00,1.718607454503990883e-01
1.430010000000000003e+00,1.718607235062908911e-01
1.430150199999999927e+00,1.718606584620385735e-01
1.430290399999999851e+00,1.718605934318022666e-01
1.430430599999999774e+00,1.718605284155789725e-01
1.430570799999999698e+00,1.718604634133656939e-01
1.430710999999999622e+00,1.718603984251594330e-01
1.430851199999999546e+00,1.718603334509570812e-01
1.430991399999999469e+00,1.718602684907557521e-01
1.431131599999999393e+00,1.718602035445523368e-01
1.431271799999999317e+00,1.718601386123438379e-01
1.431411999999999241e+00,1.718600736941272578e-01
1.431552199999999164e+00,1.718600087898995987e-01
1.431692399999999088e+00,1.718599438996578632e-01
1.431832599999999012e+00,1.718598790233989426e-01
1.431972799999998935e+00,1.718598141611199503e-01
1.432020000000000071e+00,1.718597923260455351e-01
1.432160400000000111e+00,1.718597278399381922e-01
1.432300800000000152e+00,1.718596633676500174e-01
1.432441200000000192e+00,1.718595989091780130e-01
1.432581600000000233e+00,1.718595344645191814e-01
1.432722000000000273e+00,1.718594700336707470e-01
1.432862400000000314e+00,1.718594056166296014e-01
1.433002800000000354e+00,1.718593412133928577e-01
1.433143200000000395e+00,1.718592768239575186e-01
1.433283600000000435e+00,1.718592124483205863e-01
1.433424000000000476e+00,1.718591480864791743e-01
1.433564400000000516e+00,1.718590837384302850e-01
1.433704800000000557e+00,1.718590194041709207e-01
1.433845200000000597e+00,1.718589550836983060e-01
1.433985600000000638e+00,1.718588907770093321e-01
1.434039999999999981e+00,1.718588658625266330e-01
1.434179000000000093e+00,1.718588000566578788e-01
1.434318000000000204e+00,1.718587342652241334e-01
1.434457000000000315e+00,1.718586684882222881e-01
1.434596000000000426e+00,1.718586027256491233e-01
1.434735000000000538e+00,1.718585369775015304e-01
1.434874000000000649e+00,1.718584712437762896e-01
1.435013000000000760e+00,1.718584055244702924e-01
1.435152000000000871e+00,1.718583398195804302e-01
1.435291000000000983e+00,1.718582741291033722e-01
1.435430000000001094e+00,1.718582084530360099e-01
1.435569000000001205e+00,1.718581427913752346e-01
1.435708000000001316e+00,1.718580771441179378e-01
1.435847000000001428e+00,1.718580115112608997e-01
1.435986000000001539e+00,1.718579458928009007e-01
1.435990000000000100e+00,1.718579440045119311e-01
1.436130400000000140e+00,1.718578801575969539e-01
1.436270800000000181e+00,1.718578163243122958e-01
1.436411200000000221e+00,1.718577525046550702e-01
1.436551600000000262e+00,1.718576886986222796e-01
1.436692000000000302e+00,1.718576249062110373e-01
1.436832400000000343e+00,1.718575611274184567e-01
1.436972800000000383e+00,1.718574973622417623e-01
1.437113200000000424e+00,1.718574336106778455e-01
1.437253600000000464e+00,1.718573698727238197e-01
1.437394000000000505e+00,1.718573061483767983e-01
1.437534400000000545e+00,1.718572424376340058e-01
1.437674800000000586e+00,1.718571787404924445e-01
1.437815200000000626e+00,1.718571150569491168e-01
1.437955600000000667e+00,1.718570513870012473e-01
1.438010000000000010e+00,1.718570267192048862e-01
1.438150199999999934e+00,1.718569629704586044e-01
1.438290399999999858e+00,1.718568992353425307e-01
1.438430599999999782e+00,1.718568355138537784e-01
1.438570799999999705e+00,1.718567718059893501e-01
1.438710999999999629e+00,1.718567081117464701e-01
1.438851199999999553e+00,1.718566444311221408e-01
1.438991399999999476e+00,1.718565807641134757e-01
1.439131599999999400e+00,1.718565171107175882e-01
1.439271799999999324e+00,1.718564534709314806e-01
1.439411999999999248e+00,1.718563898447522664e-01
1.439552199999999171e+00,1.718563262321770591e-01
1.439692399999999095e+00,1.718562626332029719e-01
1.439832599999999019e+00,1.718561990478271184e-01
1.439972799999998943e+00,1.718561354760465010e-01
1.440020000000000078e+00,1.718561140753901428e-01
1.440160200000000001e+00,1.718560506430135693e-01
1.440300399999999925e+00,1.718559872241737230e-01
1.440440599999999849e+00,1.718559238188677174e-01
1.440580799999999773e+00,1.718558604270925549e-01
1.440720999999999696e+00,1.718557970488454600e-01
1.440861199999999620e+00,1.718557336841235461e-01
1.441001399999999544e+00,1.718556703329239266e-01
1.441141599999999467e+00,1.718556069952437149e-01
1.441281799999999391e+00,1.718555436710799134e-01
1.441421999999999315e+00,1.718554803604297465e-01
1.441562199999999239e+00,1.718554170632903277e-01
1.441702399999999162e+00,1.718553537796587705e-01
1.441842599999999086e+00,1.718552905095320771e-01
1.441982799999999010e+00,1.718552272529075831e-01
1.442029999999999923e+00,1.718552059583418057e-01
1.442169199999999929e+00,1.718551416829453560e-01
1.442308399999999935e+00,1.718550774214905319e-01
1.442447599999999941e+00,1.718550131739741138e-01
1.442586799999999947e+00,1.718549489403932151e-01
1.442725999999999953e+00,1.718548847207446162e-01
1.442865199999999959e+00,1.718548205150255415e-01
1.443004399999999965e+00,1.718547563232327713e-01
1.443143599999999971e+00,1.718546921453633081e-01
1.443282799999999977e+00,1.718546279814142652e-01
1.443421999999999983e+00,1.718545638313825341e-01
1.443561199999999989e+00,1.718544996952651172e-01
1.443700399999999995e+00,1.718544355730589057e-01
1.443839600000000001e+00,1.718543714647611242e-01
1.443978800000000007e+00,1.718543073703684421e-01
1.443990000000000107e+00,1.718543022134383369e-01
1.444130200000000031e+00,1.718542394056242761e-01
1.444270399999999954e+00,1.718541766111630897e-01
1.444410599999999878e+00,1.718541138300517801e-01
1.444550799999999802e+00,1.718540510622876827e-01
1.444690999999999725e+00,1.718539883078679109e-01
1.444831199999999649e+00,1.718539255667896892e-01
1.444971399999999573e+00,1.718538628390500200e-01
1.445111599999999497e+00,1.718538001246462388e-01
1.445251799999999420e+00,1.718537374235754589e-01
1.445391999999999344e+00,1.718536747358347938e-01
1.445532199999999268e+00,1.718536120614214679e-01
1.445672399999999191e+00,1.718535494003324837e-01
1.445812599999999115e+00,1.718534867525652876e-01
1.445952799999999039e+00,1.718534241181168820e-01
1.445999999999999952e+00,1.718534030329931239e-01
1.446140199999999876e+00,1.718533405364737199e-01
1.446280399999999799e+00,1.718532780532154858e-01
1.446420599999999723e+00,1.718532155832157571e-01
1.446560799999999647e+00,1.718531531264714252e-01
1.446700999999999571e+00,1.718530906829798255e-01
1.446841199999999494e+00,1.718530282527381825e-01
1.446981399999999418e+00,1.718529658357436096e-01
1.447121599999999342e+00,1.718529034319934423e-01
1.447261799999999266e+00,1.718528410414847940e-01
1.447401999999999189e+00,1.718527786642147781e-01
1.447542199999999113e+00,1.718527163001806191e-01
1.447682399999999037e+00,1.718526539493795413e-01
1.447822599999998960e+00,1.718525916118086583e-01
1.447962799999998884e+00,1.718525292874651944e-01
1.448010000000000019e+00,1.718525083067317105e-01
1.448150400000000060e+00,1.718524463301873695e-01
1.448290800000000100e+00,1.718523843667241202e-01
1.448431200000000141e+00,1.718523224163394092e-01
1.448571600000000181e+00,1.718522604790302388e-01
1.448712000000000222e+00,1.718521985547940556e-01
1.448852400000000262e+00,1.718521366436278619e-01
1.448992800000000303e+00,1.718520747455291042e-01
1.449133200000000343e+00,1.718520128604948960e-01
1.449273600000000384e+00,1.718519509885225727e-01
1.449414000000000424e+00,1.718518891296093587e-01
1.449554400000000465e+00,1.718518272837523675e-01
1.449694800000000505e+00,1.718517654509490455e-01
1.449835200000000546e+00,1.718517036311965063e-01
1.449975600000000586e+00,1.718516418244920851e-01
1.450029999999999930e+00,1.718516178785539639e-01
1.450170199999999854e+00,1.718515559935093195e-01
1.450310399999999778e+00,1.718514941215468772e-01
1.450450599999999701e+00,1.718514322626638613e-01
1.450590799999999625e+00,1.718513704168576073e-01
1.450730999999999549e+00,1.718513085841252286e-01
1.450871199999999472e+00,1.718512467644640607e-01
1.451011399999999396e+00,1.718511849578713280e-01
1.451151599999999320e+00,1.718511231643442549e-01
1.451291799999999244e+00,1.718510613838800660e-01
1.451431999999999167e+00,1.718509996164759857e-01
1.451572199999999091e+00,1.718509378621292383e-01
1.451712399999999015e+00,1.718508761208371594e-01
1.451852599999998938e+00,1.718508143925968623e-01
1.451992799999998862e+00,1.718507526774056826e-01
1.452039999999999997e+00,1.718507319017302803e-01
1.452179200000000003e+00,1.718506692059068586e-01
1.452318400000000009e+00,1.718506065235514413e-01
1.452457600000000015e+00,1.718505438546611419e-01
1.452596800000000021e+00,1.718504811992330739e-01
1.452736000000000027e+00,1.718504185572643506e-01
1.452875200000000033e+00,1.718503559287520854e-01
1.453014400000000039e+00,1.718502933136933919e-01
1.453153600000000045e+00,1.718502307120853834e-01
1.453292800000000051e+00,1.718501681239251733e-01
1.453432000000000057e+00,1.718501055492098750e-01
1.453571200000000063e+00,1.718500429879366020e-01
1.453710400000000069e+00,1.718499804401024678e-01
1.453849600000000075e+00,1.718499179057045856e-01
1.453988800000000081e+00,1.718498553847400689e-01
1.453999999999999959e+00,1.718498503544045874e-01
1.454140199999999883e+00,1.718497890681979223e-01
1.454280399999999807e+00,1.718497277948994872e-01
1.454420599999999730e+00,1.718496665345066177e-01
1.454560799999999654e+00,1.718496052870165380e-01
1.454700999999999578e+00,1.718495440524263618e-01
1.454841199999999501e+00,1.718494828307336464e-01
1.454981399999999425e+00,1.718494216219355053e-01
1.455121599999999349e+00,1.718493604260292740e-01
1.455261799999999273e+00,1.718492992430122879e-01
1.455401999999999196e+00,1.718492380728817714e-01
1.455542199999999120e+00,1.718491769156349491e-01
1.455682399999999044e+00,1.718491157712692674e-01
1.455822599999998967e+00,1.718490546397818397e-01
1.455962799999998891e+00,1.718489935211700015e-01
1.456010000000000026e+00,1.718489729463206217e-01
1.456150199999999950e+00,1.718489119723412006e-01
1.456290399999999874e+00,1.718488510111774170e-01
1.456430599999999798e+00,1.718487900628266063e-01
1.456570799999999721e+00,1.718487291272859929e-01
1.456710999999999645e+00,1.718486682045531344e-01
1.456851199999999569e+00,1.718486072946251442e-01
1.456991399999999492e+00,1.718485463974992467e-01
1.457131599999999416e+00,1.718484855131729994e-01
1.457271799999999340e+00,1.718484246416434047e-01
1.457411999999999264e+00,1.718483637829080202e-01
1.457552199999999187e+00,1.718483029369640702e-01
1.457692399999999111e+00,1.718482421038088903e-01
1.457832599999999035e+00,1.718481812834398159e-01
1.457972799999998958e+00,1.718481204758540715e-01
1.458020000000000094e+00,1.718481000057047181e-01
1.458160400000000134e+00,1.718480395322908860e-01
1.458300800000000175e+00,1.718479790715212729e-01
1.458441200000000215e+00,1.718479186233931033e-01
1.458581600000000256e+00,1.718478581879038236e-01
1.458722000000000296e+00,1.718477977650507693e-01
1.458862400000000337e+00,1.718477373548313869e-01
1.459002800000000377e+00,1.718476769572429008e-01
1.459143200000000418e+00,1.718476165722827576e-01
1.459283600000000458e+00,1.718475561999482926e-01
1.459424000000000499e+00,1.718474958402367303e-01
1.459564400000000539e+00,1.718474354931456283e-01
1.459704800000000580e+00,1.718473751586722109e-01
1.459845200000000620e+00,1.718473148368140357e-01
1.459985600000000661e+00,1.718472545275682162e-01
1.460040000000000004e+00,1.718472311617766923e-01
1.460178999999999894e+00,1.718471694490127932e-01
1.460317999999999783e+00,1.718471077494562183e-01
1.460456999999999672e+00,1.718470460631043029e-01
1.460595999999999561e+00,1.718469843899541605e-01
1.460734999999999451e+00,1.718469227300029045e-01
1.460873999999999340e+00,1.718468610832477594e-01
1.461012999999999229e+00,1.718467994496859497e-01
1.461151999999999118e+00,1.718467378293144776e-01
1.461290999999999007e+00,1.718466762221306787e-01
1.461429999999998897e+00,1.718466146281317775e-01
1.461568999999998786e+00,1.718465530473147762e-01
1.461707999999998675e+00,1.718464914796770104e-01
1.461846999999998564e+00,1.718464299252154825e-01
1.461985999999998453e+00,1.718463683839275280e-01
1.461989999999999901e+00,1.718463666129660394e-01
1.462130399999999941e+00,1.718463067386715171e-01
1.462270799999999982e+00,1.718462468768465756e-01
1.462411200000000022e+00,1.718461870274886616e-01
1.462551600000000063e+00,1.718461271905952215e-01
1.462692000000000103e+00,1.718460673661634797e-01
1.462832400000000144e+00,1.718460075541909937e-01
1.462972800000000184e+00,1.718459477546750991e-01
1.463113200000000225e+00,1.718458879676132423e-01
1.463253600000000265e+00,1.718458281930027587e-01
1.463394000000000306e+00,1.718457684308410949e-01
1.463534400000000346e+00,1.718457086811258083e-01
1.463674800000000387e+00,1.718456489438541235e-01
1.463815200000000427e+00,1.718455892190234868e-01
1.463955600000000468e+00,1.718455295066312338e-01
1.464010000000000034e+00,1.718455063720730758e-01
1.464150199999999957e+00,1.718454465673691089e-01
1.464290399999999881e+00,1.718453867751431607e-01
1.464430599999999805e+00,1.718453269953925666e-01
1.464570799999999728e+00,1.718452672281146620e-01
1.464710999999999652e+00,1.718452074733070045e-01
1.464851199999999576e+00,1.718451477309668185e-01
1.464991399999999500e+00,1.718450880010915505e-01
1.465131599999999423e+00,1.718450282836786469e-01
1.465271799999999347e+00,1.718449685787255543e-01
1.465411999999999271e+00,1.718449088862296081e-01
1.465552199999999194e+00,1.718448492061882549e-01
1.465692399999999118e+00,1.718447895385988300e-01
1.465832599999999042e+00,1.718447298834587800e-01
1.465972799999998966e+00,1.718446702407654403e-01
1.466020000000000101e+00,1.718446501627529654e-01
1.466160200000000025e+00,1.718445906562430237e-01
1.466300399999999948e+00,1.718445311621239480e-01
1.466440599999999872e+00,1.718444716803931849e-01
1.466580799999999796e+00,1.718444122110481809e-01
1.466720999999999719e+00,1.718443527540862714e-01
1.466861199999999643e+00,1.718442933095047920e-01
1.467001399999999567e+00,1.718442338773013001e-01
1.467141599999999491e+00,1.718441744574732422e-01
1.467281799999999414e+00,1.718441150500179537e-01
1.467421999999999338e+00,1.718440556549329923e-01
1.467562199999999262e+00,1.718439962722155823e-01
1.467702399999999185e+00,1.718439369018632812e-01
1.467842599999999109e+00,1.718438775438734245e-01
1.467982799999999033e+00,1.718438181982435697e-01
1.468029999999999946e+00,1.718437982202312142e-01
1.468169199999999952e+00,1.718437379210452365e-01
1.468308399999999958e+00,1.718436776346206063e-01
1.468447599999999964e+00,1.718436173609543260e-01
1.468586799999999970e+00,1.718435571000439532e-01
1.468725999999999976e+00,1.718434968518866013e-01
1.468865199999999982e+00,1.718434366164797167e-01
1.469004399999999988e+00,1.718433763938206349e-01
1.469143599999999994e+00,1.718433161839064693e-01
1.469282800000000000e+00,1.718432559867346665e-01
1.469422000000000006e+00,1.718431958023024508e-01
1.469561200000000012e+00,1.718431356306071578e-01
1.469700400000000018e+00,1.718430754716461228e-01
1.469839600000000024e+00,1.718430153254165704e-01
1.469978800000000030e+00,1.718429551919158360e-01
1.469989999999999908e+00,1.718429503536706981e-01
1.470130199999999832e+00,1.718428914150171849e-01
1.470270399999999755e+00,1.718428324885918901e-01
1.470410599999999679e+00,1.718427735743922602e-01
1.470550799999999603e+00,1.718427146724157417e-01
1.470690999999999526e+00,1.718426557826598922e-01
1.470831199999999450e+00,1.718425969051221580e-01
1.470971399999999374e+00,1.718425380397999858e-01
1.471111599999999298e+00,1.718424791866908219e-01
1.471251799999999221e+00,1.718424203457921129e-01
1.471391999999999145e+00,1.718423615171013052e-01
1.471532199999999069e+00,1.718423027006159565e-01
1.471672399999998992e+00,1.718422438963335130e-01
1.471812599999998916e+00,1.718421851042514215e-01
1.471952799999998840e+00,1.718421263243671282e-01
1.471999999999999975e+00,1.718421065368013201e-01
1.472140400000000016e+00,1.718420480898834590e-01
1.472280800000000056e+00,1.718419896550263948e-01
1.472421200000000097e+00,1.718419312322276848e-01
1.472561600000000137e+00,1.718418728214848867e-01
1.472702000000000178e+00,1.718418144227954469e-01
1.472842400000000218e+00,1.718417560361569230e-01
1.472982800000000259e+00,1.718416976615668723e-01
1.473123200000000299e+00,1.718416392990227415e-01
1.473263600000000340e+00,1.718415809485219770e-01
1.473404000000000380e+00,1.718415226100622473e-01
1.473544400000000421e+00,1.718414642836409989e-01
1.473684800000000461e+00,1.718414059692557894e-01
1.473825200000000502e+00,1.718413476669040652e-01
1.473965600000000542e+00,1.718412893765832727e-01
1.474020000000000108e+00,1.718412667929658522e-01
1.474160200000000032e+00,1.718412084221569991e-01
1.474300399999999955e+00,1.718411500634133837e-01
1.474440599999999879e+00,1.718410917167325636e-01
1.474580799999999803e+00,1.718410333821118741e-01
1.474720999999999727e+00,1.718409750595490948e-01
1.474861199999999650e+00,1.718409167490415612e-01
1.475001399999999574e+00,1.718408584505867198e-01
1.475141599999999498e+00,1.718408001641822391e-01
1.475281799999999421e+00,1.718407418898255656e-01
1.475421999999999345e+00,1.718406836275141458e-01
1.475562199999999269e+00,1.718406253772455372e-01
1.475702399999999193e+00,1.718405671390172973e-01
1.475842599999999116e+00,1.718405089128268726e-01
1.475982799999999040e+00,1.718404506986718205e-01
1.476029999999999953e+00,1.718404311015471198e-01
1.476170199999999877e+00,1.718403730124272721e-01
1.476310399999999801e+00,1.718403149352919490e-01
1.476450599999999724e+00,1.718402568701387079e-01
1.476590799999999648e+00,1.718401988169649952e-01
1.476730999999999572e+00,1.718401407757684796e-01
1.476871199999999495e+00,1.718400827465466074e-01
1.477011399999999419e+00,1.718400247292969363e-01
1.477151599999999343e+00,1.718399667240168016e-01
1.477291799999999267e+00,1.718399087307040940e-01
1.477431999999999190e+00,1.718398507493561489e-01
1.477572199999999114e+00,1.718397927799705238e-01
1.477712399999999038e+00,1.718397348225446652e-01
1.477852599999998962e+00,1.718396768770762417e-01
1.477992799999998885e+00,1.718396189435626997e-01
1.478040000000000020e+00,1.718395994409100958e-01
1.478179200000000026e+00,1.718395405773670559e-01
1.478318400000000032e+00,1.718394817261665874e-01
1.478457600000000038e+00,1.718394228873063589e-01
1.478596800000000044e+00,1.718393640607835948e-01
1.478736000000000050e+00,1.718393052465957416e-01
1.478875200000000056e+00,1.718392464447401347e-01
1.479014400000000062e+00,1.718391876552143316e-01
1.479153600000000068e+00,1.718391288780156678e-01
1.479292800000000074e+00,1.718390701131414788e-01
1.479432000000000080e+00,1.718390113605894332e-01
1.479571200000000086e+00,1.718389526203567552e-01
1.479710400000000092e+00,1.718388938924407805e-01
1.479849600000000098e+00,1.718388351768391775e-01
1.479988800000000104e+00,1.718387764735491707e-01
1.479999999999999982e+00,1.718387717503755407e-01
1.480140199999999906e+00,1.718387142172934645e-01
1.480280399999999830e+00,1.718386566960372619e-01
1.480420599999999753e+00,1.718385991866043794e-01
1.480560799999999677e+00,1.718385416889927075e-01
1.480700999999999601e+00,1.718384842031995818e-01
1.480841199999999525e+00,1.718384267292226708e-01
1.480981399999999448e+00,1.718383692670595320e-01
1.481121599999999372e+00,1.718383118167077228e-01
1.481261799999999296e+00,1.718382543781646898e-01
1.481401999999999219e+00,1.718381969514282126e-01
1.481542199999999143e+00,1.718381395364957376e-01
1.481682399999999067e+00,1.718380821333649333e-01
1.481822599999998991e+00,1.718380247420332463e-01
1.481962799999998914e+00,1.718379673624983450e-01
1.482010000000000050e+00,1.718379480463314568e-01
1.482150400000000090e+00,1.718378909897742002e-01
1.482290800000000131e+00,1.718378339448820569e-01
1.482431200000000171e+00,1.718377769116525844e-01
1.482571600000000211e+00,1.718377198900835623e-01
1.482712000000000252e+00,1.718376628801725481e-01
1.482852400000000292e+00,1.718376058819170993e-01
1.482992800000000333e+00,1.718375488953148844e-01
1.483133200000000373e+00,1.718374919203634610e-01
1.483273600000000414e+00,1.718374349570604975e-01
1.483414000000000454e+00,1.718373780054036626e-01
1.483554400000000495e+00,1.718373210653905137e-01
1.483694800000000535e+00,1.718372641370186082e-01
1.483835200000000576e+00,1.718372072202857259e-01
1.483975600000000616e+00,1.718371503151893132e-01
1.484029999999999960e+00,1.718371282682379375e-01
1.484170199999999884e+00,1.718370712854104809e-01
1.484310399999999808e+00,1.718370143142523565e-01
1.484450599999999731e+00,1.718369573547608997e-01
1.484590799999999655e+00,1.718369004069341122e-01
1.484730999999999579e+00,1.718368434707694403e-01
1.484871199999999503e+00,1.718367865462645527e-01
1.485011399999999426e+00,1.718367296334170069e-01
1.485151599999999350e+00,1.718366727322241383e-01
1.485291799999999274e+00,1.718366158426841706e-01
1.485431999999999197e+00,1.718365589647943281e-01
1.485572199999999121e+00,1.718365020985522795e-01
1.485712399999999045e+00,1.718364452439554713e-01
1.485852599999998969e+00,1.718363884010019049e-01
1.485992799999998892e+00,1.718363315696889160e-01
1.486040000000000028e+00,1.718363124380697382e-01
1.486178999999999917e+00,1.718362544764748812e-01
1.486317999999999806e+00,1.718361965269891156e-01
1.486456999999999695e+00,1.718361385896098881e-01
1.486595999999999584e+00,1.718360806643347560e-01
1.486734999999999474e+00,1.718360227511611660e-01
1.486873999999999363e+00,1.718359648500865644e-01
1.487012999999999252e+00,1.718359069611083978e-01
1.487151999999999141e+00,1.718358490842242237e-01
1.487290999999999030e+00,1.718357912194313775e-01
1.487429999999998920e+00,1.718357333667275277e-01
1.487568999999998809e+00,1.718356755261100099e-01
1.487707999999998698e+00,1.718356176975763816e-01
1.487846999999998587e+00,1.718355598811239782e-01
1.487985999999998477e+00,1.718355020767503571e-01
1.487989999999999924e+00,1.718355004133250707e-01
1.488130399999999964e+00,1.718354441656503306e-01
1.488270800000000005e+00,1.718353879294126640e-01
1.488411200000000045e+00,1.718353317046096285e-01
1.488551600000000086e+00,1.718352754912390035e-01
1.488692000000000126e+00,1.718352192892984576e-01
1.488832400000000167e+00,1.718351630987857703e-01
1.488972800000000207e+00,1.718351069196983882e-01
1.489113200000000248e+00,1.718350507520340908e-01
1.489253600000000288e+00,1.718349945957906577e-01
1.489394000000000329e+00,1.718349384509656463e-01
1.489534400000000369e+00,1.718348823175567253e-01
1.489674800000000410e+00,1.718348261955616740e-01
1.489815200000000450e+00,1.718347700849780502e-01
1.489955600000000491e+00,1.718347139858036332e-01
1.490010000000000057e+00,1.718346922510840535e-01
1.490150199999999980e+00,1.718346360728900679e-01
1.490290399999999904e+00,1.718345799061381518e-01
1.490430599999999828e+00,1.718345237508261958e-01
1.490570799999999752e+00,1.718344676069518684e-01
1.490710999999999675e+00,1.718344114745126161e-01
1.490851199999999599e+00,1.718343553535064405e-01
1.490991399999999523e+00,1.718342992439307881e-01
1.491131599999999446e+00,1.718342431457834385e-01
1.491271799999999370e+00,1.718341870590620601e-01
1.491411999999999294e+00,1.718341309837640996e-01
1.491552199999999218e+00,1.718340749198875583e-01
1.491692399999999141e+00,1.718340188674299940e-01
1.491832599999999065e+00,1.718339628263889640e-01
1.491972799999998989e+00,1.718339067967623590e-01
1.492019999999999902e+00,1.718338879350147508e-01
1.492160399999999942e+00,1.718338322187022982e-01
1.492300799999999983e+00,1.718337765136775941e-01
1.492441200000000023e+00,1.718337208199384181e-01
1.492581600000000064e+00,1.718336651374824386e-01
1.492722000000000104e+00,1.718336094663073244e-01
1.492862400000000145e+00,1.718335538064108547e-01
1.493002800000000185e+00,1.718334981577906984e-01
1.493143200000000226e+00,1.718334425204446347e-01
1.493283600000000266e+00,1.718333868943703324e-01
1.493424000000000307e+00,1.718333312795655710e-01
1.493564400000000347e+00,1.718332756760280189e-01
1.493704800000000388e+00,1.718332200837553447e-01
1.493845200000000428e+00,1.718331645027453281e-01
1.493985600000000469e+00,1.718331089329956374e-01
1.494040000000000035e+00,1.718330874033869859e-01
1.494178999999999924e+00,1.718330305346534859e-01
1.494317999999999813e+00,1.718329736777136629e-01
1.494456999999999702e+00,1.718329168325654077e-01
1.494595999999999592e+00,1.718328599992061667e-01
1.494734999999999481e+00,1.718328031776333864e-01
1.494873999999999370e+00,1.718327463678448463e-01
1.495012999999999259e+00,1.718326895698377710e-01
1.495151999999999148e+00,1.718326327836100509e-01
1.495290999999999038e+00,1.718325760091591325e-01
1.495429999999998927e+00,1.718325192464823514e-01
1.495568999999998816e+00,1.718324624955775981e-01
1.495707999999998705e+00,1.718324057564423191e-01
1.495846999999998594e+00,1.718323490290738498e-01
1.495985999999998484e+00,1.718322923134700808e-01
1.495989999999999931e+00,1.718322906813760653e-01
1.496130199999999855e+00,1.718322352982964984e-01
1.496270399999999778e+00,1.718321799264351801e-01
1.496410599999999702e+00,1.718321245657898899e-01
1.496550799999999626e+00,1.718320692163584074e-01
1.496690999999999550e+00,1.718320138781384010e-01
1.496831199999999473e+00,1.718319585511276504e-01
1.496971399999999397e+00,1.718319032353238240e-01
1.497111599999999321e+00,1.718318479307248126e-01
1.497251799999999244e+00,1.718317926373280624e-01
1.497391999999999168e+00,1.718317373551314642e-01
1.497532199999999092e+00,1.718316820841327974e-01
1.497672399999999016e+00,1.718316268243297307e-01
1.497812599999998939e+00,1.718315715757199325e-01
1.497952799999998863e+00,1.718315163383012933e-01
1.497999999999999998e+00,1.718314977432348067e-01
1.498140400000000039e+00,1.718314428151649365e-01
1.498280800000000079e+00,1.718313878981619913e-01
1.498421200000000120e+00,1.718313329922236399e-01
1.498561600000000160e+00,1.718312780973476617e-01
1.498702000000000201e+00,1.718312232135317252e-01
1.498842400000000241e+00,1.718311683407738322e-01
1.498982800000000282e+00,1.718311134790715400e-01
1.499123200000000322e+00,1.718310586284227393e-01
1.499263600000000363e+00,1.718310037888250985e-01
1.499404000000000403e+00,1.718309489602765083e-01
1.499544400000000444e+00,1.718308941427747483e-01
1.499684800000000484e+00,1.718308393363174869e-01
1.499825200000000525e+00,1.718307845409026147e-01
1.499965600000000565e+00,1.718307297565278002e-01
1.500019999999999909e+00,1.718307085311908677e-01
1.500160199999999833e+00,1.718306536590690214e-01
1.500300399999999756e+00,1.718305987980236482e-01
1.500440599999999680e+00,1.718305439480523056e-01
1.500580799999999604e+00,1.718304891091528841e-01
1.500720999999999528e+00,1.718304342813230523e-01
1.500861199999999451e+00,1.718303794645607008e-01
1.501001399999999375e+00,1.718303246588634980e-01
1.501141599999999299e+00,1.718302698642293347e-01
1.501281799999999222e+00,1.718302150806557682e-01
1.501421999999999146e+00,1.718301603081406892e-01
1.501562199999999070e+00,1.718301055466819882e-01
1.501702399999998994e+00,1.718300507962772228e-01
1.501842599999998917e+00,1.718299960569242835e-01
1.501982799999998841e+00,1.718299413286208388e-01
1.502029999999999976e+00,1.718299229049379262e-01
1.502170400000000017e+00,1.718298684918977415e-01
1.502310800000000057e+00,1.718298140897807080e-01
1.502451200000000098e+00,1.718297596985850495e-01
1.502591600000000138e+00,1.718297053183084344e-01
1.502732000000000179e+00,1.718296509489483093e-01
1.502872400000000219e+00,1.718295965905030087e-01
1.503012800000000260e+00,1.718295422429702013e-01
1.503153200000000300e+00,1.718294879063473335e-01
1.503293600000000341e+00,1.718294335806327400e-01
1.503434000000000381e+00,1.718293792658239783e-01
1.503574400000000422e+00,1.718293249619186058e-01
1.503714800000000462e+00,1.718292706689149574e-01
1.503855200000000503e+00,1.718292163868103684e-01
1.503995600000000543e+00,1.718291621156030624e-01
1.504050000000000109e+00,1.718291410890787629e-01
1.504188999999999998e+00,1.718290855500441694e-01
1.504327999999999887e+00,1.718290300224227796e-01
1.504466999999999777e+00,1.718289745062119289e-01
1.504605999999999666e+00,1.718289190014095080e-01
1.504744999999999555e+00,1.718288635080131854e-01
1.504883999999999444e+00,1.718288080260204076e-01
1.505022999999999334e+00,1.718287525554290651e-01
1.505161999999999223e+00,1.718286970962366045e-01
1.505300999999999112e+00,1.718286416484408052e-01
1.505439999999999001e+00,1.718285862120394469e-01
1.505578999999998890e+00,1.718285307870298650e-01
1.505717999999998780e+00,1.718284753734099501e-01
1.505856999999998669e+00,1.718284199711773708e-01
1.505995999999998558e+00,1.718283645803296844e-01
1.506000000000000005e+00,1.718283629863578410e-01
1.506140199999999929e+00,1.718283088892770261e-01
1.506280399999999853e+00,1.718282548030556356e-01
1.506420599999999776e+00,1.718282007276914491e-01
1.506560799999999700e+00,1.718281466631822463e-01
1.506700999999999624e+00,1.718280926095259176e-01
1.506841199999999548e+00,1.718280385667202426e-01
1.506981399999999471e+00,1.718279845347630008e-01
1.507121599999999395e+00,1.718279305136520829e-01
1.507261799999999319e+00,1.718278765033852684e-01
1.507401999999999243e+00,1.718278225039604479e-01
1.507542199999999166e+00,1.718277685153754009e-01
1.507682399999999090e+00,1.718277145376279069e-01
1.507822599999999014e+00,1.718276605707158566e-01
1.507962799999998937e+00,1.718276066146370296e-01
1.508010000000000073e+00,1.718275884509081752e-01
1.508150400000000113e+00,1.718275347949523857e-01
1.508290800000000154e+00,1.718274811497103594e-01
1.508431200000000194e+00,1.718274275151800978e-01
1.508571600000000235e+00,1.718273738913592696e-01
1.508712000000000275e+00,1.718273202782457654e-01
1.508852400000000316e+00,1.718272666758375866e-01
1.508992800000000356e+00,1.718272130841324019e-01
1.509133200000000397e+00,1.718271595031282128e-01
1.509273600000000437e+00,1.718271059328229100e-01
1.509414000000000478e+00,1.718270523732141619e-01
1.509554400000000518e+00,1.718269988243000812e-01
1.509694800000000559e+00,1.718269452860784474e-01
1.509835200000000599e+00,1.718268917585470401e-01
1.509975600000000640e+00,1.718268382417037499e-01
1.510029999999999983e+00,1.718268175074373350e-01
1.510170199999999907e+00,1.718267639111500378e-01
1.510310399999999831e+00,1.718267103255834982e-01
1.510450599999999755e+00,1.718266567507356068e-01
1.510590799999999678e+00,1.718266031866041432e-01
1.510730999999999602e+00,1.718265496331868869e-01
1.510871199999999526e+00,1.718264960904818395e-01
1.511011399999999449e+00,1.718264425584867805e-01
1.511151599999999373e+00,1.718263890371996006e-01
1.511291799999999297e+00,1.718263355266181902e-01
1.511431999999999221e+00,1.718262820267403290e-01
1.511572199999999144e+00,1.718262285375639076e-01
1.511712399999999068e+00,1.718261750590868164e-01
1.511852599999998992e+00,1.718261215913068352e-01
1.511992799999998915e+00,1.718260681342219653e-01
1.512040000000000051e+00,1.718260501384696326e-01
1.512178999999999940e+00,1.718259956258262333e-01
1.512317999999999829e+00,1.718259411243051593e-01
1.512456999999999718e+00,1.718258866339041901e-01
1.512595999999999608e+00,1.718258321546209944e-01
1.512734999999999497e+00,1.718257776864532405e-01
1.512873999999999386e+00,1.718257232293987080e-01
1.513012999999999275e+00,1.718256687834551766e-01
1.513151999999999164e+00,1.718256143486203147e-01
1.513290999999999054e+00,1.718255599248919019e-01
1.513429999999998943e+00,1.718255055122677177e-01
1.513568999999998832e+00,1.718254511107454308e-01
1.513707999999998721e+00,1.718253967203227095e-01
1.513846999999998610e+00,1.718253423409973335e-01
1.513985999999998500e+00,1.718252879727670823e-01
1.513989999999999947e+00,1.718252864082229214e-01
1.514130399999999987e+00,1.718252334923509039e-01
1.514270800000000028e+00,1.718251805869891458e-01
1.514411200000000068e+00,1.718251276921356485e-01
1.514551600000000109e+00,1.718250748077883028e-01
1.514692000000000149e+00,1.718250219339448881e-01
1.514832400000000190e+00,1.718249690706035171e-01
1.514972800000000230e+00,1.718249162177619693e-01
1.515113200000000271e+00,1.718248633754182464e-01
1.515253600000000311e+00,1.718248105435702389e-01
1.515394000000000352e+00,1.718247577222158373e-01
1.515534400000000392e+00,1.718247049113530434e-01
1.515674800000000433e+00,1.718246521109796365e-01
1.515815200000000473e+00,1.718245993210936184e-01
1.515955600000000514e+00,1.718245465416928797e-01
1.516010000000000080e+00,1.718245260931285934e-01
1.516150200000000003e+00,1.718244732441343015e-01
1.516290399999999927e+00,1.718244204056537106e-01
1.516430599999999851e+00,1.718243675776848223e-01
1.516570799999999775e+00,1.718243147602255272e-01
1.516710999999999698e+00,1.718242619532737159e-01
1.516851199999999622e+00,1.718242091568272789e-01
1.516991399999999546e+00,1.718241563708841069e-01
1.517131599999999469e+00,1.718241035954422014e-01
1.517271799999999393e+00,1.718240508304994529e-01
1.517411999999999317e+00,1.718239980760537522e-01
1.517552199999999241e+00,1.718239453321029897e-01
1.517692399999999164e+00,1.718238925986451671e-01
1.517832599999999088e+00,1.718238398756780638e-01
1.517972799999999012e+00,1.718237871631996816e-01
1.518019999999999925e+00,1.718237694181046216e-01
1.518160399999999965e+00,1.718237169967870015e-01
1.518300800000000006e+00,1.718236645858433054e-01
1.518441200000000046e+00,1.718236121852714238e-01
1.518581600000000087e+00,1.718235597950692473e-01
1.518722000000000127e+00,1.718235074152346664e-01
1.518862400000000168e+00,1.718234550457657939e-01
1.519002800000000208e+00,1.718234026866605202e-01
1.519143200000000249e+00,1.718233503379168470e-01
1.519283600000000289e+00,1.718232979995325538e-01
1.519424000000000330e+00,1.718232456715056422e-01
1.519564400000000370e+00,1.718231933538341139e-01
1.519704800000000411e+00,1.718231410465159703e-01
1.519845200000000451e+00,1.718230887495491022e-01
1.519985600000000492e+00,1.718230364629314000e-01
1.520040000000000058e+00,1.718230162052827303e-01
1.520178999999999947e+00,1.718229626899606677e-01
1.520317999999999836e+00,1.718229091854807100e-01
1.520456999999999725e+00,1.718228556918407479e-01
1.520595999999999615e+00,1.718228022090385609e-01
1.520734999999999504e+00,1.718227487370720397e-01
1.520873999999999393e+00,1.718226952759388526e-01
1.521012999999999282e+00,1.718226418256368904e-01
1.521151999999999171e+00,1.718225883861639325e-01
1.521290999999999061e+00,1.718225349575177585e-01
1.521429999999998950e+00,1.718224815396962590e-01
1.521568999999998839e+00,1.718224281326971026e-01
1.521707999999998728e+00,1.718223747365182907e-01
1.521846999999998618e+00,1.718223213511574921e-01
1.521985999999998507e+00,1.718222679766124861e-01
1.521989999999999954e+00,1.718222664406633404e-01
1.522130199999999878e+00,1.718222143249390488e-01
1.522270399999999801e+00,1.718221622195265086e-01
1.522410599999999725e+00,1.718221101244236104e-01
1.522550799999999649e+00,1.718220580396284669e-01
1.522690999999999573e+00,1.718220059651388576e-01
1.522831199999999496e+00,1.718219539009528951e-01
1.522971399999999420e+00,1.718219018470684700e-01
1.523111599999999344e+00,1.718218498034835839e-01
1.523251799999999267e+00,1.718217977701961274e-01
1.523391999999999191e+00,1.718217457472041021e-01
1.523532199999999115e+00,1.718216937345055095e-01
1.523672399999999039e+00,1.718216417320982403e-01
1.523812599999998962e+00,1.718215897399804071e-01
1.523952799999998886e+00,1.718215377581497894e-01
1.524000000000000021e+00,1.718215202590133162e-01
1.524140400000000062e+00,1.718214685592485136e-01
1.524280800000000102e+00,1.718214168696603483e-01
1.524421200000000143e+00,1.718213651902468220e-01
1.524561600000000183e+00,1.718213135210059361e-01
1.524702000000000224e+00,1.718212618619355814e-01
1.524842400000000264e+00,1.718212102130338703e-01
1.524982800000000305e+00,1.718211585742988046e-01
1.525123200000000345e+00,1.718211069457283857e-01
1.525263600000000386e+00,1.718210553273206154e-01
1.525404000000000426e+00,1.718210037190733841e-01
1.525544400000000467e+00,1.718209521209848045e-01
1.525684800000000507e+00,1.718209005330528782e-01
1.525825200000000548e+00,1.718208489552754958e-01
1.525965600000000588e+00,1.718207973876507699e-01
1.526019999999999932e+00,1.718207774085567241e-01
1.526160199999999856e+00,1.718207257627610840e-01
1.526300399999999780e+00,1.718206741271497418e-01
1.526440599999999703e+00,1.718206225017205879e-01
1.526580799999999627e+00,1.718205708864715131e-01
1.526720999999999551e+00,1.718205192814007409e-01
1.526861199999999474e+00,1.718204676865060510e-01
1.527001399999999398e+00,1.718204161017855558e-01
1.527141599999999322e+00,1.718203645272372571e-01
1.527281799999999246e+00,1.718203129628590453e-01
1.527421999999999169e+00,1.718202614086490332e-01
1.527562199999999093e+00,1.718202098646052223e-01
1.527702399999999017e+00,1.718201583307253921e-01
1.527842599999998940e+00,1.718201068070077664e-01
1.527982799999998864e+00,1.718200552934503467e-01
1.528029999999999999e+00,1.718200379519491117e-01
1.528170400000000040e+00,1.718199867263215941e-01
1.528310800000000080e+00,1.718199355107414839e-01
1.528451200000000121e+00,1.718198843052071156e-01
1.528591600000000161e+00,1.718198331097161580e-01
1.528732000000000202e+00,1.718197819242669455e-01
1.528872400000000242e+00,1.718197307488572578e-01
1.529012800000000283e+00,1.718196795834854296e-01
1.529153200000000323e+00,1.718196284281491293e-01
1.529293600000000364e+00,1.718195772828466916e-01
1.529434000000000404e+00,1.718195261475758961e-01
1.529574400000000445e+00,1.718194750223350775e-01
1.529714800000000485e+00,1.718194239071220153e-01
1.529855200000000526e+00,1.718193728019349331e-01
1.529995600000000566e+00,1.718193217067716105e-01
1.530049999999999910e+00,1.718193019107202568e-01
1.530189000000000021e+00,1.718192496183180706e-01
1.530328000000000133e+00,1.718191973364158187e-01
1.530467000000000244e+00,1.718191450650115026e-01
1.530606000000000355e+00,1.718190928041029020e-01
1.530745000000000466e+00,1.718190405536879073e-01
1.530884000000000578e+00,1.718189883137644092e-01
1.531023000000000689e+00,1.718189360843304092e-01
1.531162000000000800e+00,1.718188838653836870e-01
1.531301000000000911e+00,1.718188316569221330e-01
1.531440000000001023e+00,1.718187794589437489e-01
1.531579000000001134e+00,1.718187272714464253e-01
1.531718000000001245e+00,1.718186750944279417e-01
1.531857000000001356e+00,1.718186229278861887e-01
1.531996000000001468e+00,1.718185707718192790e-01
1.532000000000000028e+00,1.718185692709339740e-01
1.532140199999999952e+00,1.718185183348894807e-01
1.532280399999999876e+00,1.718184674088354402e-01
1.532420599999999800e+00,1.718184164927698543e-01
1.532560799999999723e+00,1.718183655866908355e-01
1.532700999999999647e+00,1.718183146905963854e-01
1.532841199999999571e+00,1.718182638044845056e-01
1.532981399999999494e+00,1.718182129283531978e-01
1.533121599999999418e+00,1.718181620622006855e-01
1.533261799999999342e+00,1.718181112060248594e-01
1.533401999999999266e+00,1.718180603598238321e-01
1.533542199999999189e+00,1.718180095235956051e-01
1.533682399999999113e+00,1.718179586973381801e-01
1.533822599999999037e+00,1.718179078810496696e-01
1.533962799999998960e+00,1.718178570747281864e-01
1.534010000000000096e+00,1.718178399713043980e-01
1.534150400000000136e+00,1.718177894385847226e-01
1.534290800000000177e+00,1.718177389157256041e-01
1.534431200000000217e+00,1.718176884027251550e-01
1.534571600000000258e+00,1.718176378995813769e-01
1.534712000000000298e+00,1.718175874062923825e-01
1.534852400000000339e+00,1.718175369228561733e-01
1.534992800000000379e+00,1.718174864492709730e-01
1.535133200000000420e+00,1.718174359855346722e-01
1.535273600000000460e+00,1.718173855316454945e-01
1.535414000000000501e+00,1.718173350876014416e-01
1.535554400000000541e+00,1.718172846534006259e-01
1.535694800000000582e+00,1.718172342290411603e-01
1.535835200000000622e+00,1.718171838145211572e-01
1.535975600000000663e+00,1.718171334098386183e-01
1.536030000000000006e+00,1.718171138812959464e-01
1.536170199999999930e+00,1.718170634116631401e-01
1.536310399999999854e+00,1.718170129518938882e-01
1.536450599999999778e+00,1.718169625019863034e-01
1.536590799999999701e+00,1.718169120619384982e-01
1.536730999999999625e+00,1.718168616317484743e-01
1.536871199999999549e+00,1.718168112114143442e-01
1.537011399999999472e+00,1.718167608009342207e-01
1.537151599999999396e+00,1.718167104003061052e-01
1.537291799999999320e+00,1.718166600095279994e-01
1.537431999999999244e+00,1.718166096285981270e-01
1.537572199999999167e+00,1.718165592575144895e-01
1.537712399999999091e+00,1.718165088962751996e-01
1.537852599999999015e+00,1.718164585448783699e-01
1.537992799999998939e+00,1.718164082033220019e-01
1.538040000000000074e+00,1.718163912563527296e-01
1.538178999999999963e+00,1.718163399089501775e-01
1.538317999999999852e+00,1.718162885717858801e-01
1.538456999999999741e+00,1.718162372448578390e-01
1.538595999999999631e+00,1.718161859281640558e-01
1.538734999999999520e+00,1.718161346217025320e-01
1.538873999999999409e+00,1.718160833254710473e-01
1.539012999999999298e+00,1.718160320394677143e-01
1.539151999999999187e+00,1.718159807636905345e-01
1.539290999999999077e+00,1.718159294981373986e-01
1.539429999999998966e+00,1.718158782428061970e-01
1.539568999999998855e+00,1.718158269976950425e-01
1.539707999999998744e+00,1.718157757628017146e-01
1.539846999999998634e+00,1.718157245381243259e-01
1.539985999999998523e+00,1.718156733236607669e-01
1.539989999999999970e+00,1.718156718498716762e-01
1.540130400000000011e+00,1.718156220105256926e-01
1.540270800000000051e+00,1.718155721808525271e-01
1.540411200000000091e+00,1.718155223608502924e-01
1.540551600000000132e+00,1.718154725505169900e-01
1.540692000000000172e+00,1.718154227498509545e-01
1.540832400000000213e+00,1.718153729588500767e-01
1.540972800000000253e+00,1.718153231775126910e-01
1.541113200000000294e+00,1.718152734058367992e-01
1.541253600000000334e+00,1.718152236438206248e-01
1.541394000000000375e+00,1.718151738914620585e-01
1.541534400000000415e+00,1.718151241487595460e-01
1.541674800000000456e+00,1.718150744157109777e-01
1.541815200000000496e+00,1.718150246923145774e-01
1.541955600000000537e+00,1.718149749785684577e-01
1.542010000000000103e+00,1.718149557177109932e-01
1.542150200000000027e+00,1.718149059242971566e-01
1.542290399999999950e+00,1.718148561405653529e-01
1.542430599999999874e+00,1.718148063665135838e-01
1.542570799999999798e+00,1.718147566021399619e-01
1.542710999999999721e+00,1.718147068474427108e-01
1.542851199999999645e+00,1.718146571024198321e-01
1.542991399999999569e+00,1.718146073670695495e-01
1.543131599999999493e+00,1.718145576413899756e-01
1.543271799999999416e+00,1.718145079253791119e-01
1.543411999999999340e+00,1.718144582190351821e-01
1.543552199999999264e+00,1.718144085223562989e-01
1.543692399999999187e+00,1.718143588353405748e-01
1.543832599999999111e+00,1.718143091579861226e-01
1.543972799999999035e+00,1.718142594902910547e-01
1.544019999999999948e+00,1.718142427701646602e-01
1.544160399999999989e+00,1.718141933785023445e-01
1.544300800000000029e+00,1.718141439963929429e-01
1.544441200000000070e+00,1.718140946238346789e-01
1.544581600000000110e+00,1.718140452608256652e-01
1.544722000000000151e+00,1.718139959073640144e-01
1.544862400000000191e+00,1.718139465634479501e-01
1.545002800000000232e+00,1.718138972290755850e-01
1.545143200000000272e+00,1.718138479042451428e-01
1.545283600000000312e+00,1.718137985889547359e-01
1.545424000000000353e+00,1.718137492832024771e-01
1.545564400000000393e+00,1.718136999869865900e-01
1.545704800000000434e+00,1.718136507003051872e-01
1.545845200000000474e+00,1.718136014231563813e-01
1.545985600000000515e+00,1.718135521555383960e-01
1.546040000000000081e+00,1.718135330675217842e-01
1.546178999999999970e+00,1.718134826465812504e-01
1.546317999999999859e+00,1.718134322356237309e-01
1.546456999999999748e+00,1.718133818346472275e-01
1.546595999999999638e+00,1.718133314436497416e-01
1.546734999999999527e+00,1.718132810626293860e-01
1.546873999999999416e+00,1.718132306915840513e-01
1.547012999999999305e+00,1.718131803305118499e-01
1.547151999999999195e+00,1.718131299794107836e-01
1.547290999999999084e+00,1.718130796382789649e-01
1.547429999999998973e+00,1.718130293071142844e-01
1.547568999999998862e+00,1.718129789859148548e-01
1.547707999999998751e+00,1.718129286746786777e-01
1.547846999999998641e+00,1.718128783734037546e-01
1.547985999999998530e+00,1.718128280820880871e-01
1.547989999999999977e+00,1.718128266348643018e-01
1.548130199999999901e+00,1.718127775157236581e-01
1.548270399999999825e+00,1.718127284060835258e-01
1.548410599999999748e+00,1.718126793059420176e-01
1.548550799999999672e+00,1.718126302152973572e-01
1.548690999999999596e+00,1.718125811341477682e-01
1.548831199999999519e+00,1.718125320624912522e-01
1.548971399999999443e+00,1.718124830003261438e-01
1.549111599999999367e+00,1.718124339476504447e-01
1.549251799999999291e+00,1.718123849044624896e-01
1.549391999999999214e+00,1.718123358707602799e-01
1.549532199999999138e+00,1.718122868465421504e-01
1.549672399999999062e+00,1.718122378318061028e-01
1.549812599999998985e+00,1.718121888265503605e-01
1.549952799999998909e+00,1.718121398307731473e-01
1.550000000000000044e+00,1.718121233368352652e-01
1.550140400000000085e+00,1.718120746137491439e-01
1.550280800000000125e+00,1.718120259000368577e-01
1.550421200000000166e+00,1.718119771956966302e-01
1.550561600000000206e+00,1.718119285007266850e-01
1.550702000000000247e+00,1.718118798151252458e-01
1.550842400000000287e+00,1.718118311388904251e-01
1.550982800000000328e+00,1.718117824720205578e-01
1.551123200000000368e+00,1.718117338145136452e-01
1.551263600000000409e+00,1.718116851663680222e-01
1.551404000000000449e+00,1.718116365275819124e-01
1.551544400000000490e+00,1.718115878981534284e-01
1.551684800000000530e+00,1.718115392780807937e-01
1.551825200000000571e+00,1.718114906673622322e-01
1.551965600000000611e+00,1.718114420659959674e-01
1.552019999999999955e+00,1.718114232361014349e-01
1.552160199999999879e+00,1.718113745627308786e-01
1.552300399999999803e+00,1.718113258987410408e-01
1.552440599999999726e+00,1.718112772441301450e-01
1.552580799999999650e+00,1.718112285988963039e-01
1.552720999999999574e+00,1.718111799630377412e-01
1.552861199999999497e+00,1.718111313365525694e-01
1.553001399999999421e+00,1.718110827194391232e-01
1.553141599999999345e+00,1.718110341116955153e-01
1.553281799999999269e+00,1.718109855133199693e-01
1.553421999999999192e+00,1.718109369243105977e-01
1.553562199999999116e+00,1.718108883446657353e-01
1.553702399999999040e+00,1.718108397743834947e-01
1.553842599999998964e+00,1.718107912134619886e-01
1.553982799999998887e+00,1.718107426618995515e-01
1.554030000000000022e+00,1.718107263174983856e-01
1.554170400000000063e+00,1.718106780232958597e-01
1.554310800000000103e+00,1.718106297383541481e-01
1.554451200000000144e+00,1.718105814626711414e-01
1.554591600000000184e+00,1.718105331962452853e-01
1.554732000000000225e+00,1.718104849390748035e-01
1.554872400000000265e+00,1.718104366911579195e-01
1.555012800000000306e+00,1.718103884524927460e-01
1.555153200000000346e+00,1.718103402230776178e-01
1.555293600000000387e+00,1.718102920029108693e-01
1.555434000000000427e+00,1.718102437919903913e-01
1.555574400000000468e+00,1.718101955903146294e-01
1.555714800000000508e+00,1.718101473978818072e-01
1.555855200000000549e+00,1.718100992146902595e-01
1.555995600000000589e+00,1.718100510407379877e-01
1.556049999999999933e+00,1.718100323764339965e-01
1.556189000000000044e+00,1.718099830834812769e-01
1.556328000000000156e+00,1.718099338002029297e-01
1.556467000000000267e+00,1.718098845265968455e-01
1.556606000000000378e+00,1.718098352626613590e-01
1.556745000000000489e+00,1.718097860083944717e-01
1.556884000000000601e+00,1.718097367637942963e-01
1.557023000000000712e+00,1.718096875288589453e-01
1.557162000000000823e+00,1.718096383035865315e-01
1.557301000000000935e+00,1.718095890879750565e-01
1.557440000000001046e+00,1.718095398820228548e-01
1.557579000000001157e+00,1.718094906857278170e-01
1.557718000000001268e+00,1.718094414990881669e-01
1.557857000000001380e+00,1.718093923221020169e-01
1.557996000000001491e+00,1.718093431547672578e-01
1.558000000000000052e+00,1.718093417398879330e-01
1.558140199999999975e+00,1.718092937086792560e-01
1.558280399999999899e+00,1.718092456866812112e-01
1.558420599999999823e+00,1.718091976738922444e-01
1.558560799999999746e+00,1.718091496703104681e-01
1.558700999999999670e+00,1.718091016759341061e-01
1.558841199999999594e+00,1.718090536907612709e-01
1.558981399999999518e+00,1.718090057147904082e-01
1.559121599999999441e+00,1.718089577480196306e-01
1.559261799999999365e+00,1.718089097904471618e-01
1.559401999999999289e+00,1.718088618420713365e-01
1.559542199999999212e+00,1.718088139028903782e-01
1.559682399999999136e+00,1.718087659729025107e-01
1.559822599999999060e+00,1.718087180521058466e-01
1.559962799999998984e+00,1.718086701404988315e-01
1.560009999999999897e+00,1.718086540115270067e-01
1.560150399999999937e+00,1.718086063672061847e-01
1.560290799999999978e+00,1.718085587319732044e-01
1.560431200000000018e+00,1.718085111058264003e-01
1.560571600000000059e+00,1.718084634887641071e-01
1.560712000000000099e+00,1.718084158807844375e-01
1.560852400000000140e+00,1.718083682818857261e-01
1.560992800000000180e+00,1.718083206920661965e-01
1.561133200000000221e+00,1.718082731113241834e-01
1.561273600000000261e+00,1.718082255396579106e-01
1.561414000000000302e+00,1.718081779770656015e-01
1.561554400000000342e+00,1.718081304235457019e-01
1.561694800000000383e+00,1.718080828790963244e-01
1.561835200000000423e+00,1.718080353437158037e-01
1.561975600000000464e+00,1.718079878174023634e-01
1.562030000000000030e+00,1.718079694040096639e-01
1.562170199999999953e+00,1.718079218131223218e-01
1.562310399999999877e+00,1.718078742313274843e-01
1.562450599999999801e+00,1.718078266586230418e-01
1.562590799999999724e+00,1.718077790950077732e-01
1.562730999999999648e+00,1.718077315404797911e-01
1.562871199999999572e+00,1.718076839950373191e-01
1.563011399999999496e+00,1.718076364586783589e-01
1.563151599999999419e+00,1.718075889314015781e-01
1.563291799999999343e+00,1.718075414132050893e-01
1.563431999999999267e+00,1.718074939040871163e-01
1.563572199999999190e+00,1.718074464040459937e-01
1.563712399999999114e+00,1.718073989130797230e-01
1.563852599999999038e+00,1.718073514311869721e-01
1.563992799999998962e+00,1.718073039583658534e-01
1.564040000000000097e+00,1.718072879771032069e-01
1.564179200000000103e+00,1.718072397217773606e-01
1.564318400000000109e+00,1.718071914758252383e-01
1.564457600000000115e+00,1.718071432392450637e-01
1.564596800000000121e+00,1.718070950120349494e-01
1.564736000000000127e+00,1.718070467941931190e-01
1.564875200000000133e+00,1.718069985857176851e-01
1.565014400000000139e+00,1.718069503866068715e-01
1.565153600000000145e+00,1.718069021968589016e-01
1.565292800000000151e+00,1.718068540164718883e-01
1.565432000000000157e+00,1.718068058454440550e-01
1.565571200000000163e+00,1.718067576837736254e-01
1.565710400000000169e+00,1.718067095314587123e-01
1.565849600000000175e+00,1.718066613884975391e-01
1.565988800000000181e+00,1.718066132548882186e-01
1.566000000000000059e+00,1.718066093821295492e-01
1.566140199999999982e+00,1.718065622091308198e-01
1.566280399999999906e+00,1.718065150451145717e-01
1.566420599999999830e+00,1.718064678900791398e-01
1.566560799999999753e+00,1.718064207440228586e-01
1.566700999999999677e+00,1.718063736069438407e-01
1.566841199999999601e+00,1.718063264788405320e-01
1.566981399999999525e+00,1.718062793597111559e-01
1.567121599999999448e+00,1.718062322495540473e-01
1.567261799999999372e+00,1.718061851483674296e-01
1.567401999999999296e+00,1.718061380561496376e-01
1.567542199999999220e+00,1.718060909728990060e-01
1.567682399999999143e+00,1.718060438986136473e-01
1.567822599999999067e+00,1.718059968332921184e-01
1.567962799999998991e+00,1.718059497769325317e-01
1.568009999999999904e+00,1.718059339358642967e-01
1.568150199999999828e+00,1.718058869664155219e-01
1.568290399999999751e+00,1.718058400058962709e-01
1.568430599999999675e+00,1.718057930543047673e-01
1.568570799999999599e+00,1.718057461116394569e-01
1.568710999999999522e+00,1.718056991778984521e-01
1.568851199999999446e+00,1.718056522530801988e-01
1.568991399999999370e+00,1.718056053371829206e-01
1.569131599999999294e+00,1.718055584302049521e-01
1.569271799999999217e+00,1.718055115321446280e-01
1.569411999999999141e+00,1.718054646430002830e-01
1.569552199999999065e+00,1.718054177627700296e-01
1.569692399999998988e+00,1.718053708914524247e-01
1.569832599999998912e+00,1.718053240290455808e-01
1.569972799999998836e+00,1.718052771755478325e-01
1.570019999999999971e+00,1.718052614027695268e-01
1.570160400000000012e+00,1.718052148087152453e-01
1.570300800000000052e+00,1.718051682234722488e-01
1.570441200000000093e+00,1.718051216470388720e-01
1.570581600000000133e+00,1.718050750794134496e-01
1.570722000000000174e+00,1.718050285205944272e-01
1.570862400000000214e+00,1.718049819705800285e-01
1.571002800000000255e+00,1.718049354293685882e-01
1.571143200000000295e+00,1.718048888969585519e-01
1.571283600000000336e+00,1.718048423733480323e-01
1.571424000000000376e+00,1.718047958585355861e-01
1.571564400000000417e+00,1.718047493525194369e-01
1.571704800000000457e+00,1.718047028552979194e-01
1.571845200000000498e+00,1.718046563668694793e-01
1.571985600000000538e+00,1.718046098872323402e-01
1.572040000000000104e+00,1.718045918793480453e-01
1.572178999999999993e+00,1.718045443028466401e-01
1.572317999999999882e+00,1.718044967355570884e-01
1.572456999999999772e+00,1.718044491774776139e-01
1.572595999999999661e+00,1.718044016286063291e-01
1.572734999999999550e+00,1.718043540889415688e-01
1.572873999999999439e+00,1.718043065584815565e-01
1.573012999999999328e+00,1.718042590372244049e-01
1.573151999999999218e+00,1.718042115251684487e-01
1.573290999999999107e+00,1.718041640223118005e-01
1.573429999999998996e+00,1.718041165286526839e-01
1.573568999999998885e+00,1.718040690441894336e-01
1.573707999999998774e+00,1.718040215689201622e-01
1.573846999999998664e+00,1.718039741028432044e-01
1.573985999999998553e+00,1.718039266459566727e-01
1.573990000000000000e+00,1.718039252802985306e-01
1.574130400000000041e+00,1.718038790998106524e-01
1.574270800000000081e+00,1.718038329280255905e-01
1.574411200000000122e+00,1.718037867649416794e-01
1.574551600000000162e+00,1.718037406105572540e-01
1.574692000000000203e+00,1.718036944648707598e-01
1.574832400000000243e+00,1.718036483278804205e-01
1.574972800000000284e+00,1.718036021995846818e-01
1.575113200000000324e+00,1.718035560799818784e-01
1.575253600000000365e+00,1.718035099690703449e-01
1.575394000000000405e+00,1.718034638668485270e-01
1.575534400000000446e+00,1.718034177733147594e-01
1.575674800000000486e+00,1.718033716884673767e-01
1.575815200000000527e+00,1.718033256123047137e-01
1.575955600000000567e+00,1.718032795448252159e-01
1.576009999999999911e+00,1.718032616966210790e-01
1.576150199999999835e+00,1.718032155495864410e-01
1.576290399999999758e+00,1.718031694112656105e-01
1.576430599999999682e+00,1.718031232816569220e-01
1.576570799999999606e+00,1.718030771607587104e-01
1.576710999999999530e+00,1.718030310485693102e-01
1.576851199999999453e+00,1.718029849450870561e-01
1.576991399999999377e+00,1.718029388503103938e-01
1.577131599999999301e+00,1.718028927642376580e-01
1.577271799999999224e+00,1.718028466868671833e-01
1.577411999999999148e+00,1.718028006181971934e-01
1.577552199999999072e+00,1.718027545582263560e-01
1.577692399999998996e+00,1.718027085069527837e-01
1.577832599999998919e+00,1.718026624643749223e-01
1.577972799999998843e+00,1.718026164304911063e-01
1.578019999999999978e+00,1.718026009336212079e-01
1.578160199999999902e+00,1.718025549954759201e-01
1.578300399999999826e+00,1.718025090659891507e-01
1.578440599999999749e+00,1.718024631451592343e-01
1.578580799999999673e+00,1.718024172329845056e-01
1.578720999999999597e+00,1.718023713294632993e-01
1.578861199999999521e+00,1.718023254345940609e-01
1.579001399999999444e+00,1.718022795483751253e-01
1.579141599999999368e+00,1.718022336708049380e-01
1.579281799999999292e+00,1.718021878018818338e-01
1.579421999999999215e+00,1.718021419416041473e-01
1.579562199999999139e+00,1.718020960899702132e-01
1.579702399999999063e+00,1.718020502469784772e-01
1.579842599999998987e+00,1.718020044126272738e-01
1.579982799999998910e+00,1.718019585869149379e-01
1.580030000000000046e+00,1.718019431601220948e-01
1.580169200000000052e+00,1.718018965927411434e-01
1.580308400000000058e+00,1.718018500342816113e-01
1.580447600000000064e+00,1.718018034847416109e-01
1.580586800000000069e+00,1.718017569441196990e-01
1.580726000000000075e+00,1.718017104124139882e-01
1.580865200000000081e+00,1.718016638896228132e-01
1.581004400000000087e+00,1.718016173757445086e-01
1.581143600000000093e+00,1.718015708707772982e-01
1.581282800000000099e+00,1.718015243747195164e-01
1.581422000000000105e+00,1.718014778875693871e-01
1.581561200000000111e+00,1.718014314093253558e-01
1.581700400000000117e+00,1.718013849399855353e-01
1.581839600000000123e+00,1.718013384795482601e-01
1.581978800000000129e+00,1.718012920280119760e-01
1.581990000000000007e+00,1.718012882905897154e-01
1.582130199999999931e+00,1.718012427494391980e-01
1.582270399999999855e+00,1.718011972168442814e-01
1.582410599999999778e+00,1.718011516928033000e-01
1.582550799999999702e+00,1.718011061773145887e-01
1.582690999999999626e+00,1.718010606703765930e-01
1.582831199999999550e+00,1.718010151719877587e-01
1.582971399999999473e+00,1.718009696821464205e-01
1.583111599999999397e+00,1.718009242008510240e-01
1.583251799999999321e+00,1.718008787280999039e-01
1.583391999999999245e+00,1.718008332638915059e-01
1.583532199999999168e+00,1.718007878082241646e-01
1.583672399999999092e+00,1.718007423610963258e-01
1.583812599999999016e+00,1.718006969225063241e-01
1.583952799999998939e+00,1.718006514924526051e-01
1.584000000000000075e+00,1.718006361988514419e-01
1.584140400000000115e+00,1.718005910236972689e-01
1.584280800000000156e+00,1.718005458569844546e-01
1.584421200000000196e+00,1.718005006987112226e-01
1.584561600000000237e+00,1.718004555488762408e-01
1.584702000000000277e+00,1.718004104074777327e-01
1.584842400000000318e+00,1.718003652745142551e-01
1.584982800000000358e+00,1.718003201499840316e-01
1.585123200000000399e+00,1.718002750338858409e-01
1.585263600000000439e+00,1.718002299262179067e-01
1.585404000000000480e+00,1.718001848269785636e-01
1.585544400000000520e+00,1.718001397361663685e-01
1.585684800000000561e+00,1.718000946537795448e-01
1.585825200000000601e+00,1.718000495798168714e-01
1.585965600000000642e+00,1.718000045142765719e-01
1.586019999999999985e+00,1.717999870542489260e-01
1.586160199999999909e+00,1.717999419088592772e-01
1.586300399999999833e+00,1.717998967719224224e-01
1.586440599999999757e+00,1.717998516434369183e-01
1.586580799999999680e+00,1.717998065234010996e-01
1.586720999999999604e+00,1.717997614118133010e-01
1.586861199999999528e+00,1.717997163086721901e-01
1.587001399999999451e+00,1.717996712139758797e-01
1.587141599999999375e+00,1.717996261277230374e-01
1.587281799999999299e+00,1.717995810499119980e-01
1.587421999999999223e+00,1.717995359805410960e-01
1.587562199999999146e+00,1.717994909196088882e-01
1.587702399999999070e+00,1.717994458671138203e-01
1.587842599999998994e+00,1.717994008230541159e-01
1.587982799999998917e+00,1.717993557874283317e-01
1.588030000000000053e+00,1.717993406266042911e-01
1.588170199999999976e+00,1.717992956877594235e-01
1.588310399999999900e+00,1.717992507573127270e-01
1.588450599999999824e+00,1.717992058352626472e-01
1.588590799999999748e+00,1.717991609216077409e-01
1.588730999999999671e+00,1.717991160163462316e-01
1.588871199999999595e+00,1.717990711194766762e-01
1.589011399999999519e+00,1.717990262309975202e-01
1.589151599999999442e+00,1.717989813509070984e-01
1.589291799999999366e+00,1.717989364792039675e-01
1.589431999999999290e+00,1.717988916158864621e-01
1.589572199999999214e+00,1.717988467609531389e-01
1.589712399999999137e+00,1.717988019144023326e-01
1.589852599999999061e+00,1.717987570762324889e-01
1.589992799999998985e+00,1.717987122464420535e-01
1.590039999999999898e+00,1.717986971549088082e-01
1.590179199999999904e+00,1.717986515899265765e-01
1.590318399999999910e+00,1.717986060336011978e-01
1.590457599999999916e+00,1.717985604859314508e-01
1.590596799999999922e+00,1.717985149469152262e-01
1.590735999999999928e+00,1.717984694165513027e-01
1.590875199999999934e+00,1.717984238948376818e-01
1.591014399999999940e+00,1.717983783817730314e-01
1.591153599999999946e+00,1.717983328773553531e-01
1.591292799999999952e+00,1.717982873815834255e-01
1.591431999999999958e+00,1.717982418944551393e-01
1.591571199999999964e+00,1.717981964159693842e-01
1.591710399999999970e+00,1.717981509461239398e-01
1.591849599999999976e+00,1.717981054849176958e-01
1.591988799999999982e+00,1.717980600323485429e-01
1.592000000000000082e+00,1.717980563753013223e-01
1.592140200000000005e+00,1.717980118215496343e-01
1.592280399999999929e+00,1.717979672760971965e-01
1.592420599999999853e+00,1.717979227389423436e-01
1.592560799999999777e+00,1.717978782100837432e-01
1.592700999999999700e+00,1.717978336895197300e-01
1.592841199999999624e+00,1.717977891772487498e-01
1.592981399999999548e+00,1.717977446732692481e-01
1.593121599999999471e+00,1.717977001775795598e-01
1.593261799999999395e+00,1.717976556901783525e-01
1.593401999999999319e+00,1.717976112110640718e-01
1.593542199999999243e+00,1.717975667402350526e-01
1.593682399999999166e+00,1.717975222776898514e-01
1.593822599999999090e+00,1.717974778234269140e-01
1.593962799999999014e+00,1.717974333774445750e-01
1.594009999999999927e+00,1.717974184151136452e-01
1.594150399999999967e+00,1.717973742141378768e-01
1.594290800000000008e+00,1.717973300213523347e-01
1.594431200000000048e+00,1.717972858367554645e-01
1.594571600000000089e+00,1.717972416603457120e-01
1.594712000000000129e+00,1.717971974921215228e-01
1.594852400000000170e+00,1.717971533320814537e-01
1.594992800000000210e+00,1.717971091802239503e-01
1.595133200000000251e+00,1.717970650365474583e-01
1.595273600000000291e+00,1.717970209010506455e-01
1.595414000000000332e+00,1.717969767737317355e-01
1.595554400000000372e+00,1.717969326545893960e-01
1.595694800000000413e+00,1.717968885436220727e-01
1.595835200000000453e+00,1.717968444408282114e-01
1.595975600000000494e+00,1.717968003462062576e-01
1.596030000000000060e+00,1.717967832623373825e-01
1.596170199999999983e+00,1.717967390900527747e-01
1.596310399999999907e+00,1.717966949259694953e-01
1.596450599999999831e+00,1.717966507700861012e-01
1.596590799999999755e+00,1.717966066224010380e-01
1.596730999999999678e+00,1.717965624829127513e-01
1.596871199999999602e+00,1.717965183516196870e-01
1.597011399999999526e+00,1.717964742285205126e-01
1.597151599999999450e+00,1.717964301136134520e-01
1.597291799999999373e+00,1.717963860068971726e-01
1.597431999999999297e+00,1.717963419083701204e-01
1.597572199999999221e+00,1.717962978180307410e-01
1.597712399999999144e+00,1.717962537358774799e-01
1.597852599999999068e+00,1.717962096619088941e-01
1.597992799999998992e+00,1.717961655961233181e-01
1.598039999999999905e+00,1.717961507617791206e-01
1.598179000000000016e+00,1.717961058163384180e-01
1.598318000000000128e+00,1.717960608794113497e-01
1.598457000000000239e+00,1.717960159509962503e-01
1.598596000000000350e+00,1.717959710310915655e-01
1.598735000000000461e+00,1.717959261196956300e-01
1.598874000000000573e+00,1.717958812168068894e-01
1.599013000000000684e+00,1.717958363224236784e-01
1.599152000000000795e+00,1.717957914365444427e-01
1.599291000000000906e+00,1.717957465591675170e-01
1.599430000000001018e+00,1.717957016902913470e-01
1.599569000000001129e+00,1.717956568299142672e-01
1.599708000000001240e+00,1.717956119780347235e-01
1.599847000000001351e+00,1.717955671346510504e-01
1.599986000000001463e+00,1.717955222997616938e-01
1.599990000000000023e+00,1.717955210095560847e-01
1.600130400000000064e+00,1.717954773771939170e-01
1.600270800000000104e+00,1.717954337528764253e-01
1.600411200000000145e+00,1.717953901366022773e-01
1.600551600000000185e+00,1.717953465283699188e-01
1.600692000000000226e+00,1.717953029281780175e-01
1.600832400000000266e+00,1.717952593360249081e-01
1.600972800000000307e+00,1.717952157519090362e-01
1.601113200000000347e+00,1.717951721758291805e-01
1.601253600000000388e+00,1.717951286077837869e-01
1.601394000000000428e+00,1.717950850477711899e-01
1.601534400000000469e+00,1.717950414957901684e-01
1.601674800000000509e+00,1.717949979518389458e-01
1.601815200000000550e+00,1.717949544159163011e-01
1.601955600000000590e+00,1.717949108880206799e-01
1.602009999999999934e+00,1.717948940237162825e-01
1.602150199999999858e+00,1.717948504293043133e-01
1.602290399999999781e+00,1.717948068429446806e-01
1.602430599999999705e+00,1.717947632646354972e-01
1.602570799999999629e+00,1.717947196943756527e-01
1.602710999999999553e+00,1.717946761321632598e-01
1.602851199999999476e+00,1.717946325779970973e-01
1.602991399999999400e+00,1.717945890318758329e-01
1.603131599999999324e+00,1.717945454937975791e-01
1.603271799999999248e+00,1.717945019637610038e-01
1.603411999999999171e+00,1.717944584417648857e-01
1.603552199999999095e+00,1.717944149278073374e-01
1.603692399999999019e+00,1.717943714218872486e-01
1.603832599999998942e+00,1.717943279240027321e-01
1.603972799999998866e+00,1.717942844341525666e-01
1.604020000000000001e+00,1.717942697936870600e-01
1.604160199999999925e+00,1.717942263810473547e-01
1.604300399999999849e+00,1.717941829764139117e-01
1.604440599999999773e+00,1.717941395797852877e-01
1.604580799999999696e+00,1.717940961911600395e-01
1.604720999999999620e+00,1.717940528105366127e-01
1.604861199999999544e+00,1.717940094379135640e-01
1.605001399999999467e+00,1.717939660732894502e-01
1.605141599999999391e+00,1.717939227166627170e-01
1.605281799999999315e+00,1.717938793680320320e-01
1.605421999999999239e+00,1.717938360273958409e-01
1.605562199999999162e+00,1.717937926947525895e-01
1.605702399999999086e+00,1.717937493701009455e-01
1.605842599999999010e+00,1.717937060534393545e-01
1.605982799999998933e+00,1.717936627447663733e-01
1.606030000000000069e+00,1.717936481652911906e-01
1.606169200000000075e+00,1.717936041546139769e-01
1.606308400000000081e+00,1.717935601521869415e-01
1.606447600000000087e+00,1.717935161580085301e-01
1.606586800000000093e+00,1.717934721720771885e-01
1.606726000000000099e+00,1.717934281943914732e-01
1.606865200000000105e+00,1.717933842249496079e-01
1.607004400000000111e+00,1.717933402637502605e-01
1.607143600000000117e+00,1.717932963107918765e-01
1.607282800000000123e+00,1.717932523660729016e-01
1.607422000000000128e+00,1.717932084295916706e-01
1.607561200000000134e+00,1.717931645013467401e-01
1.607700400000000140e+00,1.717931205813365558e-01
1.607839600000000146e+00,1.717930766695595635e-01
1.607978800000000152e+00,1.717930327660142087e-01
1.607990000000000030e+00,1.717930292335981823e-01
1.608130199999999954e+00,1.717929861991355223e-01
1.608270399999999878e+00,1.717929431725819800e-01
1.608410599999999802e+00,1.717929001539361122e-01
1.608550799999999725e+00,1.717928571431963647e-01
1.608690999999999649e+00,1.717928141403614051e-01
1.608831199999999573e+00,1.717927711454297901e-01
1.608971399999999496e+00,1.717927281583998544e-01
1.609111599999999420e+00,1.717926851792703768e-01
1.609251799999999344e+00,1.717926422080398030e-01
1.609391999999999268e+00,1.717925992447066896e-01
1.609532199999999191e+00,1.717925562892695934e-01
1.609672399999999115e+00,1.717925133417270711e-01
1.609812599999999039e+00,1.717924704020776794e-01
1.609952799999998962e+00,1.717924274703199750e-01
1.610000000000000098e+00,1.717924130177268527e-01
1.610140400000000138e+00,1.717923703161939875e-01
1.610280800000000179e+00,1.717923276224687656e-01
1.610421200000000219e+00,1.717922849365498550e-01
1.610561600000000260e+00,1.717922422584359232e-01
1.610702000000000300e+00,1.717921995881254160e-01
1.610842400000000341e+00,1.717921569256168901e-01
1.610982800000000381e+00,1.717921142709089022e-01
1.611123200000000422e+00,1.717920716240002310e-01
1.611263600000000462e+00,1.717920289848893223e-01
1.611404000000000503e+00,1.717919863535747327e-01
1.611544400000000543e+00,1.717919437300549079e-01
1.611684800000000584e+00,1.717919011143286268e-01
1.611825200000000624e+00,1.717918585063944459e-01
1.611965600000000665e+00,1.717918159062509220e-01
1.612020000000000008e+00,1.717917994013818950e-01
1.612160199999999932e+00,1.717917567269319212e-01
1.612300399999999856e+00,1.717917140603005821e-01
1.612440599999999780e+00,1.717916714014859902e-01
1.612580799999999703e+00,1.717916287504871464e-01
1.612720999999999627e+00,1.717915861073021633e-01
1.612861199999999551e+00,1.717915434719300416e-01
1.613001399999999474e+00,1.717915008443688940e-01
1.613141599999999398e+00,1.717914582246177213e-01
1.613281799999999322e+00,1.717914156126747471e-01
1.613421999999999246e+00,1.717913730085388613e-01
1.613562199999999169e+00,1.717913304122082874e-01
1.613702399999999093e+00,1.717912878236820262e-01
1.613842599999999017e+00,1.717912452429581904e-01
1.613982799999998941e+00,1.717912026700355588e-01
1.614030000000000076e+00,1.717911883382381433e-01
1.614170199999999999e+00,1.717911458486338638e-01
1.614310399999999923e+00,1.717911033668007015e-01
1.614450599999999847e+00,1.717910608927373239e-01
1.614590799999999771e+00,1.717910184264422879e-01
1.614730999999999694e+00,1.717909759679141501e-01
1.614871199999999618e+00,1.717909335171515783e-01
1.615011399999999542e+00,1.717908910741530182e-01
1.615151599999999465e+00,1.717908486389171374e-01
1.615291799999999389e+00,1.717908062114424927e-01
1.615431999999999313e+00,1.717907637917276409e-01
1.615572199999999237e+00,1.717907213797712496e-01
1.615712399999999160e+00,1.717906789755718755e-01
1.615852599999999084e+00,1.717906365791279644e-01
1.615992799999999008e+00,1.717905941904382949e-01
1.616039999999999921e+00,1.717905799206597139e-01
1.616179199999999927e+00,1.717905368478694905e-01
1.616318399999999933e+00,1.717904937830861956e-01
1.616457599999999939e+00,1.717904507263083858e-01
1.616596799999999945e+00,1.717904076775345068e-01
1.616735999999999951e+00,1.717903646367631154e-01
1.616875199999999957e+00,1.717903216039926573e-01
1.617014399999999963e+00,1.717902785792218001e-01
1.617153599999999969e+00,1.717902355624488786e-01
1.617292799999999975e+00,1.717901925536724494e-01
1.617431999999999981e+00,1.717901495528911804e-01
1.617571199999999987e+00,1.717901065601034061e-01
1.617710399999999993e+00,1.717900635753076832e-01
1.617849599999999999e+00,1.717900205985025686e-01
1.617988800000000005e+00,1.717899776296866188e-01
1.618000000000000105e+00,1.717899741724774332e-01
1.618140200000000029e+00,1.717899320402944685e-01
1.618280399999999952e+00,1.717898899157925818e-01
1.618420599999999876e+00,1.717898477989705519e-01
1.618560799999999800e+00,1.717898056898267134e-01
1.618700999999999723e+00,1.717897635883598451e-01
1.618841199999999647e+00,1.717897214945685036e-01
1.618981399999999571e+00,1.717896794084513568e-01
1.619121599999999495e+00,1.717896373300069612e-01
1.619261799999999418e+00,1.717895952592338737e-01
1.619401999999999342e+00,1.717895531961307620e-01
1.619542199999999266e+00,1.717895111406961828e-01
1.619682399999999189e+00,1.717894690929286927e-01
1.619822599999999113e+00,1.717894270528269596e-01
1.619962799999999037e+00,1.717893850203896511e-01
1.620009999999999950e+00,1.717893708705375833e-01
1.620150399999999991e+00,1.717893290759712199e-01
1.620290800000000031e+00,1.717892872889832390e-01
1.620431200000000072e+00,1.717892455095720861e-01
1.620571600000000112e+00,1.717892037377365400e-01
1.620712000000000153e+00,1.717891619734752684e-01
1.620852400000000193e+00,1.717891202167867171e-01
1.620992800000000233e+00,1.717890784676696647e-01
1.621133200000000274e+00,1.717890367261226681e-01
1.621273600000000314e+00,1.717889949921442838e-01
1.621414000000000355e+00,1.717889532657332907e-01
1.621554400000000395e+00,1.717889115468882455e-01
1.621694800000000436e+00,1.717888698356078159e-01
1.621835200000000476e+00,1.717888281318906696e-01
1.621975600000000517e+00,1.717887864357352523e-01
1.622030000000000083e+00,1.717887702810950712e-01
1.622170200000000007e+00,1.717887285054490176e-01
1.622310399999999930e+00,1.717886867373938919e-01
1.622450599999999854e+00,1.717886449769289170e-01
1.622590799999999778e+00,1.717886032240522054e-01
1.622730999999999701e+00,1.717885614787627580e-01
1.622871199999999625e+00,1.717885197410587983e-01
1.623011399999999549e+00,1.717884780109394383e-01
1.623151599999999473e+00,1.717884362884027905e-01
1.623291799999999396e+00,1.717883945734479667e-01
1.623431999999999320e+00,1.717883528660730796e-01
1.623572199999999244e+00,1.717883111662772411e-01
1.623712399999999167e+00,1.717882694740586746e-01
1.623852599999999091e+00,1.717882277894163812e-01
1.623992799999999015e+00,1.717881861123485843e-01
1.624039999999999928e+00,1.717881720821258229e-01
1.624179000000000039e+00,1.717881295768757255e-01
1.624318000000000151e+00,1.717880870795049919e-01
1.624457000000000262e+00,1.717880445900118458e-01
1.624596000000000373e+00,1.717880021083950659e-01
1.624735000000000484e+00,1.717879596346530979e-01
1.624874000000000596e+00,1.717879171687844986e-01
1.625013000000000707e+00,1.717878747107878246e-01
1.625152000000000818e+00,1.717878322606615216e-01
1.625291000000000929e+00,1.717877898184043683e-01
1.625430000000001041e+00,1.717877473840145885e-01
1.625569000000001152e+00,1.717877049574909609e-01
1.625708000000001263e+00,1.717876625388319312e-01
1.625847000000001374e+00,1.717876201280360560e-01
1.625986000000001486e+00,1.717875777251018921e-01
1.625990000000000046e+00,1.717875765048800796e-01
1.626130400000000087e+00,1.717875352406579292e-01
1.626270800000000127e+00,1.717874939838809345e-01
1.626411200000000168e+00,1.717874527345477631e-01
1.626551600000000208e+00,1.717874114926570828e-01
1.626692000000000249e+00,1.717873702582075612e-01
1.626832400000000289e+00,1.717873290311978662e-01
1.626972800000000330e+00,1.717872878116265545e-01
1.627113200000000370e+00,1.717872465994924047e-01
1.627253600000000411e+00,1.717872053947939737e-01
1.627394000000000451e+00,1.717871641975300401e-01
1.627534400000000492e+00,1.717871230076991607e-01
1.627674800000000532e+00,1.717870818253000031e-01
1.627815200000000573e+00,1.717870406503312353e-01
1.627955600000000613e+00,1.717869994827915248e-01
1.628009999999999957e+00,1.717869835329512984e-01
1.628150199999999881e+00,1.717869422847745353e-01
1.628290399999999805e+00,1.717869010440563615e-01
1.628430599999999728e+00,1.717868598107956668e-01
1.628570799999999652e+00,1.717868185849910079e-01
1.628710999999999576e+00,1.717867773666409414e-01
1.628851199999999499e+00,1.717867361557442463e-01
1.628991399999999423e+00,1.717866949522994791e-01
1.629131599999999347e+00,1.717866537563054186e-01
1.629271799999999271e+00,1.717866125677606215e-01
1.629411999999999194e+00,1.717865713866636446e-01
1.629552199999999118e+00,1.717865302130133776e-01
1.629692399999999042e+00,1.717864890468083772e-01
1.629832599999998966e+00,1.717864478880472001e-01
1.629972799999998889e+00,1.717864067367286252e-01
1.630020000000000024e+00,1.717863928834905130e-01
1.630160400000000065e+00,1.717863519632417679e-01
1.630300800000000105e+00,1.717863110503526913e-01
1.630441200000000146e+00,1.717862701448219509e-01
1.630581600000000186e+00,1.717862292466482144e-01
1.630722000000000227e+00,1.717861883558301495e-01
1.630862400000000267e+00,1.717861474723664239e-01
1.631002800000000308e+00,1.717861065962557054e-01
1.631143200000000348e+00,1.717860657274966618e-01
1.631283600000000389e+00,1.717860248660880718e-01
1.631424000000000429e+00,1.717859840120284920e-01
1.631564400000000470e+00,1.717859431653167013e-01
1.631704800000000510e+00,1.717859023259513673e-01
1.631845200000000551e+00,1.717858614939310469e-01
1.631985600000000591e+00,1.717858206692545187e-01
1.632039999999999935e+00,1.717858048522487024e-01
1.632179000000000046e+00,1.717857630598975671e-01
1.632318000000000158e+00,1.717857212752429419e-01
1.632457000000000269e+00,1.717856794982834945e-01
1.632596000000000380e+00,1.717856377290177816e-01
1.632735000000000491e+00,1.717855959674443600e-01
1.632874000000000603e+00,1.717855542135618974e-01
1.633013000000000714e+00,1.717855124673688394e-01
1.633152000000000825e+00,1.717854707288639649e-01
1.633291000000000937e+00,1.717854289980458304e-01
1.633430000000001048e+00,1.717853872749127708e-01
1.633569000000001159e+00,1.717853455594636758e-01
1.633708000000001270e+00,1.717853038516969910e-01
1.633847000000001382e+00,1.717852621516112732e-01
1.633986000000001493e+00,1.717852204592051901e-01
1.633990000000000054e+00,1.717852192594301330e-01
1.634130199999999977e+00,1.717851785409715282e-01
1.634270399999999901e+00,1.717851378298380638e-01
1.634410599999999825e+00,1.717850971260281856e-01
1.634550799999999748e+00,1.717850564295407834e-01
1.634690999999999672e+00,1.717850157403744138e-01
1.634831199999999596e+00,1.717849750585278557e-01
1.634971399999999520e+00,1.717849343839996656e-01
1.635111599999999443e+00,1.717848937167887335e-01
1.635251799999999367e+00,1.717848530568933940e-01
1.635391999999999291e+00,1.717848124043127589e-01
1.635532199999999214e+00,1.717847717590451628e-01
1.635672399999999138e+00,1.717847311210894956e-01
1.635812599999999062e+00,1.717846904904443139e-01
1.635952799999998986e+00,1.717846498671083966e-01
1.635999999999999899e+00,1.717846361916068876e-01
1.636140399999999939e+00,1.717845957802434098e-01
1.636280799999999980e+00,1.717845553761137012e-01
1.636421200000000020e+00,1.717845149792160964e-01
1.636561600000000061e+00,1.717844745895495961e-01
1.636702000000000101e+00,1.717844342071127572e-01
1.636842400000000142e+00,1.717843938319044694e-01
1.636982800000000182e+00,1.717843534639231784e-01
1.637123200000000223e+00,1.717843131031677739e-01
1.637263600000000263e+00,1.717842727496368127e-01
1.637404000000000304e+00,1.717842324033291845e-01
1.637544400000000344e+00,1.717841920642433351e-01
1.637684800000000385e+00,1.717841517323782652e-01
1.637825200000000425e+00,1.717841114077324205e-01
1.637965600000000466e+00,1.717840710903048018e-01
1.638020000000000032e+00,1.717840554698208955e-01
1.638160199999999955e+00,1.717840150902558705e-01
1.638300399999999879e+00,1.717839747179317200e-01
1.638440599999999803e+00,1.717839343528471119e-01
1.638580799999999726e+00,1.717838939950007138e-01
1.638720999999999650e+00,1.717838536443913044e-01
1.638861199999999574e+00,1.717838133010175516e-01
1.639001399999999498e+00,1.717837729648781231e-01
1.639141599999999421e+00,1.717837326359717975e-01
1.639281799999999345e+00,1.717836923142971317e-01
1.639421999999999269e+00,1.717836519998529043e-01
1.639562199999999192e+00,1.717836116926377832e-01
1.639702399999999116e+00,1.717835713926505470e-01
1.639842599999999040e+00,1.717835310998898635e-01
1.639982799999998964e+00,1.717834908143545114e-01
1.640030000000000099e+00,1.717834772525679288e-01
1.640170400000000139e+00,1.717834371773988567e-01
1.640310800000000180e+00,1.717833971093802869e-01
1.640451200000000220e+00,1.717833570485107764e-01
1.640591600000000261e+00,1.717833169947892147e-01
1.640732000000000301e+00,1.717832769482141586e-01
1.640872400000000342e+00,1.717832369087844979e-01
1.641012800000000382e+00,1.717831968764989004e-01
1.641153200000000423e+00,1.717831568513561447e-01
1.641293600000000463e+00,1.717831168333547875e-01
1.641434000000000504e+00,1.717830768224937188e-01
1.641574400000000544e+00,1.717830368187716061e-01
1.641714800000000585e+00,1.717829968221872283e-01
1.641855200000000625e+00,1.717829568327391421e-01
1.641995600000000666e+00,1.717829168504263482e-01
1.642050000000000010e+00,1.717829013597751420e-01
1.642188999999999899e+00,1.717828604373685675e-01
1.642327999999999788e+00,1.717828195224372356e-01
1.642466999999999677e+00,1.717827786149795921e-01
1.642605999999999566e+00,1.717827377149944157e-01
1.642744999999999456e+00,1.717826968224802631e-01
1.642883999999999345e+00,1.717826559374358020e-01
1.643022999999999234e+00,1.717826150598595891e-01
1.643161999999999123e+00,1.717825741897502922e-01
1.643300999999999013e+00,1.717825333271066901e-01
1.643439999999998902e+00,1.717824924719272284e-01
1.643578999999998791e+00,1.717824516242106858e-01
1.643717999999998680e+00,1.717824107839556191e-01
1.643856999999998569e+00,1.717823699511606961e-01
1.643995999999998459e+00,1.717823291258244733e-01
1.643999999999999906e+00,1.717823279510007906e-01
1.644140199999999830e+00,1.717822880751928016e-01
1.644280399999999753e+00,1.717822482065007872e-01
1.644420599999999677e+00,1.717822083449233039e-01
1.644560799999999601e+00,1.717821684904592416e-01
1.644700999999999524e+00,1.717821286431071570e-01
1.644841199999999448e+00,1.717820888028660509e-01
1.644981399999999372e+00,1.717820489697343689e-01
1.645121599999999296e+00,1.717820091437110008e-01
1.645261799999999219e+00,1.717819693247946145e-01
1.645401999999999143e+00,1.717819295129839885e-01
1.645542199999999067e+00,1.717818897082777907e-01
1.645682399999998990e+00,1.717818499106747998e-01
1.645822599999998914e+00,1.717818101201736836e-01
1.645962799999998838e+00,1.717817703367733317e-01
1.646009999999999973e+00,1.717817569440224235e-01
1.646150400000000014e+00,1.717817173732473224e-01
1.646290800000000054e+00,1.717816778094977126e-01
1.646431200000000095e+00,1.717816382527721508e-01
1.646571600000000135e+00,1.717815987030695268e-01
1.646712000000000176e+00,1.717815591603886194e-01
1.646852400000000216e+00,1.717815196247279852e-01
1.646992800000000257e+00,1.717814800960865140e-01
1.647133200000000297e+00,1.717814405744629846e-01
1.647273600000000338e+00,1.717814010598560648e-01
1.647414000000000378e+00,1.717813615522646442e-01
1.647554400000000419e+00,1.717813220516872796e-01
1.647694800000000459e+00,1.717812825581228608e-01
1.647835200000000500e+00,1.717812430715701666e-01
1.647975600000000540e+00,1.717812035920278646e-01
1.648030000000000106e+00,1.717811882961637338e-01
1.648170200000000030e+00,1.717811487492885147e-01
1.648310399999999953e+00,1.717811092094481129e-01
1.648450599999999877e+00,1.717810696766414180e-01
1.648590799999999801e+00,1.717810301508669868e-01
1.648730999999999725e+00,1.717809906321237090e-01
1.648871199999999648e+00,1.717809511204102524e-01
1.649011399999999572e+00,1.717809116157253957e-01
1.649151599999999496e+00,1.717808721180679177e-01
1.649291799999999419e+00,1.717808326274364861e-01
1.649431999999999343e+00,1.717807931438298796e-01
1.649572199999999267e+00,1.717807536672468771e-01
1.649712399999999191e+00,1.717807141976862573e-01
1.649852599999999114e+00,1.717806747351466878e-01
1.649992799999999038e+00,1.717806352796269476e-01
1.650039999999999951e+00,1.717806219972518589e-01
1.650179000000000062e+00,1.717805817519236777e-01
1.650318000000000174e+00,1.717805415138996539e-01
1.650457000000000285e+00,1.717805012831785660e-01
1.650596000000000396e+00,1.717804610597588599e-01
1.650735000000000507e+00,1.717804208436393143e-01
1.650874000000000619e+00,1.717803806348185969e-01
1.651013000000000730e+00,1.717803404332954864e-01
1.651152000000000841e+00,1.717803002390685396e-01
1.651291000000000952e+00,1.717802600521364242e-01
1.651430000000001064e+00,1.717802198724978080e-01
1.651569000000001175e+00,1.717801797001514696e-01
1.651708000000001286e+00,1.717801395350959659e-01
1.651847000000001398e+00,1.717800993773300755e-01
1.651986000000001509e+00,1.717800592268524662e-01
1.651990000000000069e+00,1.717800580714491376e-01
1.652130400000000110e+00,1.717800189936233846e-01
1.652270800000000150e+00,1.717799799227016644e-01
1.652411200000000191e+00,1.717799408586828669e-01
1.652551600000000231e+00,1.717799018015656598e-01
1.652692000000000272e+00,1.717798627513488219e-01
1.652832400000000312e+00,1.717798237080312429e-01
1.652972800000000353e+00,1.717797846716115906e-01
1.653113200000000393e+00,1.717797456420886437e-01
1.653253600000000434e+00,1.717797066194612920e-01
1.653394000000000474e+00,1.717796676037282033e-01
1.653534400000000515e+00,1.717796285948881563e-01
1.653674800000000555e+00,1.717795895929400407e-01
1.653815200000000596e+00,1.717795505978826354e-01
1.653955600000000636e+00,1.717795116097146080e-01
1.654009999999999980e+00,1.717794965042221955e-01
1.654150199999999904e+00,1.717794574498159310e-01
1.654290399999999828e+00,1.717794184023230253e-01
1.654430599999999751e+00,1.717793793617422571e-01
1.654570799999999675e+00,1.717793403280722941e-01
1.654710999999999599e+00,1.717793013013121373e-01
1.654851199999999523e+00,1.717792622814603432e-01
1.654991399999999446e+00,1.717792232685158016e-01
1.655131599999999370e+00,1.717791842624772913e-01
1.655271799999999294e+00,1.717791452633434801e-01
1.655411999999999217e+00,1.717791062711132577e-01
1.655552199999999141e+00,1.717790672857852918e-01
1.655692399999999065e+00,1.717790283073585833e-01
1.655832599999998989e+00,1.717789893358316888e-01
1.655972799999998912e+00,1.717789503712034982e-01
1.656020000000000048e+00,1.717789372540792225e-01
1.656160400000000088e+00,1.717788984981237776e-01
1.656300800000000129e+00,1.717788597489937619e-01
1.656441200000000169e+00,1.717788210066878429e-01
1.656581600000000210e+00,1.717787822712050216e-01
1.656722000000000250e+00,1.717787435425439657e-01
1.656862400000000290e+00,1.717787048207034539e-01
1.657002800000000331e+00,1.717786661056823760e-01
1.657143200000000371e+00,1.717786273974793998e-01
1.657283600000000412e+00,1.717785886960934150e-01
1.657424000000000452e+00,1.717785500015232003e-01
1.657564400000000493e+00,1.717785113137675346e-01
1.657704800000000533e+00,1.717784726328253075e-01
1.657845200000000574e+00,1.717784339586951869e-01
1.657985600000000614e+00,1.717783952913760626e-01
1.658039999999999958e+00,1.717783803101894380e-01
1.658179000000000070e+00,1.717783407227484460e-01
1.658318000000000181e+00,1.717783011424468542e-01
1.658457000000000292e+00,1.717782615692834414e-01
1.658596000000000403e+00,1.717782220032569862e-01
1.658735000000000515e+00,1.717781824443661565e-01
1.658874000000000626e+00,1.717781428926096199e-01
1.659013000000000737e+00,1.717781033479860442e-01
1.659152000000000848e+00,1.717780638104942081e-01
1.659291000000000960e+00,1.717780242801328905e-01
1.659430000000001071e+00,1.717779847569007590e-01
1.659569000000001182e+00,1.717779452407964813e-01
1.659708000000001293e+00,1.717779057318188363e-01
1.659847000000001405e+00,1.717778662299664916e-01
1.659986000000001516e+00,1.717778267352382260e-01
1.659990000000000077e+00,1.717778255987051361e-01
1.660130200000000000e+00,1.717777870301516741e-01
1.660270399999999924e+00,1.717777484683919997e-01
1.660410599999999848e+00,1.717777099134250030e-01
1.660550799999999771e+00,1.717776713652494625e-01
1.660690999999999695e+00,1.717776328238641570e-01
1.660831199999999619e+00,1.717775942892679764e-01
1.660971399999999543e+00,1.717775557614598103e-01
1.661111599999999466e+00,1.717775172404382156e-01
1.661251799999999390e+00,1.717774787262020819e-01
1.661391999999999314e+00,1.717774402187501881e-01
1.661532199999999238e+00,1.717774017180814239e-01
1.661672399999999161e+00,1.717773632241945680e-01
1.661812599999999085e+00,1.717773247370883993e-01
1.661952799999999009e+00,1.717772862567616965e-01
1.661999999999999922e+00,1.717772733026697862e-01
1.662140399999999962e+00,1.717772350195747588e-01
1.662280800000000003e+00,1.717771967431902524e-01
1.662421200000000043e+00,1.717771584735151569e-01
1.662561600000000084e+00,1.717771202105483619e-01
1.662702000000000124e+00,1.717770819542885352e-01
1.662842400000000165e+00,1.717770437047346777e-01
1.662982800000000205e+00,1.717770054618854569e-01
1.663123200000000246e+00,1.717769672257398739e-01
1.663263600000000286e+00,1.717769289962965962e-01
1.663404000000000327e+00,1.717768907735545136e-01
1.663544400000000367e+00,1.717768525575124050e-01
1.663684800000000408e+00,1.717768143481691601e-01
1.663825200000000448e+00,1.717767761455235576e-01
1.663965600000000489e+00,1.717767379495744873e-01
1.664020000000000055e+00,1.717767231510097803e-01
1.664160199999999978e+00,1.717766848951344238e-01
1.664300399999999902e+00,1.717766466459770269e-01
1.664440599999999826e+00,1.717766084035364793e-01
1.664580799999999750e+00,1.717765701678115597e-01
1.664720999999999673e+00,1.717765319388010470e-01
1.664861199999999597e+00,1.717764937165038308e-01
1.665001399999999521e+00,1.717764555009186900e-01
1.665141599999999444e+00,1.717764172920445143e-01
1.665281799999999368e+00,1.717763790898799714e-01
1.665421999999999292e+00,1.717763408944239512e-01
1.665562199999999216e+00,1.717763027056752323e-01
1.665702399999999139e+00,1.717762645236327046e-01
1.665842599999999063e+00,1.717762263482952578e-01
1.665982799999998987e+00,1.717761881796615597e-01
1.666029999999999900e+00,1.717761753304960504e-01
1.666170399999999940e+00,1.717761373644239864e-01
1.666310799999999981e+00,1.717760994049851719e-01
1.666451200000000021e+00,1.717760614521784968e-01
1.666591600000000062e+00,1.717760235060027396e-01
1.666732000000000102e+00,1.717759855664567903e-01
1.666872400000000143e+00,1.717759476335394275e-01
1.667012800000000183e+00,1.717759097072495411e-01
1.667153200000000224e+00,1.717758717875859098e-01
1.667293600000000264e+00,1.717758338745475344e-01
1.667434000000000305e+00,1.717757959681330826e-01
1.667574400000000345e+00,1.717757580683415553e-01
1.667714800000000386e+00,1.717757201751716201e-01
1.667855200000000426e+00,1.717756822886221668e-01
1.667995600000000467e+00,1.717756444086920853e-01
1.668050000000000033e+00,1.717756297325618853e-01
1.668188999999999922e+00,1.717755909608966736e-01
1.668327999999999811e+00,1.717755521961665810e-01
1.668466999999999700e+00,1.717755134383702753e-01
1.668605999999999590e+00,1.717754746875067573e-01
1.668744999999999479e+00,1.717754359435746947e-01
1.668883999999999368e+00,1.717753972065727552e-01
1.669022999999999257e+00,1.717753584764998287e-01
1.669161999999999146e+00,1.717753197533544718e-01
1.669300999999999036e+00,1.717752810371356853e-01
1.669439999999998925e+00,1.717752423278421370e-01
1.669578999999998814e+00,1.717752036254726056e-01
1.669717999999998703e+00,1.717751649300257588e-01
1.669856999999998592e+00,1.717751262415004865e-01
1.669995999999998482e+00,1.717750875598955673e-01
1.669999999999999929e+00,1.717750864467615379e-01
1.670140199999999853e+00,1.717750486546896216e-01
1.670280399999999776e+00,1.717750108692234212e-01
1.670420599999999700e+00,1.717749730903618266e-01
1.670560799999999624e+00,1.717749353181036165e-01
1.670700999999999548e+00,1.717748975524475696e-01
1.670841199999999471e+00,1.717748597933926868e-01
1.670981399999999395e+00,1.717748220409376358e-01
1.671121599999999319e+00,1.717747842950814174e-01
1.671261799999999242e+00,1.717747465558226994e-01
1.671401999999999166e+00,1.717747088231604824e-01
1.671542199999999090e+00,1.717746710970936563e-01
1.671682399999999014e+00,1.717746333776208889e-01
1.671822599999998937e+00,1.717745956647411809e-01
1.671962799999998861e+00,1.717745579584533111e-01
1.672009999999999996e+00,1.717745452649293014e-01
1.672150400000000037e+00,1.717745077634756923e-01
1.672290800000000077e+00,1.717744702685428670e-01
1.672431200000000118e+00,1.717744327801298265e-01
1.672571600000000158e+00,1.717743952982352384e-01
1.672712000000000199e+00,1.717743578228581036e-01
1.672852400000000239e+00,1.717743203539972008e-01
1.672992800000000280e+00,1.717742828916515307e-01
1.673133200000000320e+00,1.717742454358197612e-01
1.673273600000000361e+00,1.717742079865008931e-01
1.673414000000000401e+00,1.717741705436938160e-01
1.673554400000000442e+00,1.717741331073973088e-01
1.673694800000000482e+00,1.717740956776102612e-01
1.673835200000000523e+00,1.717740582543315631e-01
1.673975600000000563e+00,1.717740208375601041e-01
1.674029999999999907e+00,1.717740063408705886e-01
1.674170199999999831e+00,1.717739688635957496e-01
1.674310399999999754e+00,1.717739313928496880e-01
1.674450599999999678e+00,1.717738939286311828e-01
1.674590799999999602e+00,1.717738564709391236e-01
1.674730999999999526e+00,1.717738190197724002e-01
1.674871199999999449e+00,1.717737815751297914e-01
1.675011399999999373e+00,1.717737441370101870e-01
1.675151599999999297e+00,1.717737067054125877e-01
1.675291799999999220e+00,1.717736692803356613e-01
1.675431999999999144e+00,1.717736318617784086e-01
1.675572199999999068e+00,1.717735944497396083e-01
1.675712399999998992e+00,1.717735570442181503e-01
1.675852599999998915e+00,1.717735196452129243e-01
1.675992799999998839e+00,1.717734822527228200e-01
1.676039999999999974e+00,1.717734696648339776e-01
1.676179199999999980e+00,1.717734316557991692e-01
1.676318399999999986e+00,1.717733936534964201e-01
1.676457599999999992e+00,1.717733556579243981e-01
1.676596799999999998e+00,1.717733176690823260e-01
1.676736000000000004e+00,1.717732796869687606e-01
1.676875200000000010e+00,1.717732417115824806e-01
1.677014400000000016e+00,1.717732037429223757e-01
1.677153600000000022e+00,1.717731657809870027e-01
1.677292800000000028e+00,1.717731278257755845e-01
1.677432000000000034e+00,1.717730898772866777e-01
1.677571200000000040e+00,1.717730519355191721e-01
1.677710400000000046e+00,1.717730140004718464e-01
1.677849600000000052e+00,1.717729760721433685e-01
1.677988800000000058e+00,1.717729381505328501e-01
1.677999999999999936e+00,1.717729350994122717e-01
1.678140199999999860e+00,1.717728979229361519e-01
1.678280399999999783e+00,1.717728607529165341e-01
1.678420599999999707e+00,1.717728235893523081e-01
1.678560799999999631e+00,1.717727864322422526e-01
1.678700999999999555e+00,1.717727492815853685e-01
1.678841199999999478e+00,1.717727121373804344e-01
1.678981399999999402e+00,1.717726749996264513e-01
1.679121599999999326e+00,1.717726378683221977e-01
1.679261799999999250e+00,1.717726007434665636e-01
1.679401999999999173e+00,1.717725636250584387e-01
1.679542199999999097e+00,1.717725265130967127e-01
1.679682399999999021e+00,1.717724894075802755e-01
1.679822599999998944e+00,1.717724523085080168e-01
1.679962799999998868e+00,1.717724152158788264e-01
1.680010000000000003e+00,1.717724027289335709e-01
1.680150199999999927e+00,1.717723657074479160e-01
1.680290399999999851e+00,1.717723286923810155e-01
1.680430599999999774e+00,1.717722916837316482e-01
1.680570799999999698e+00,1.717722546814988149e-01
1.680710999999999622e+00,1.717722176856814054e-01
1.680851199999999546e+00,1.717721806962783093e-01
1.680991399999999469e+00,1.717721437132883056e-01
1.681131599999999393e+00,1.717721067367103949e-01
1.681271799999999317e+00,1.717720697665434670e-01
1.681411999999999241e+00,1.717720328027863008e-01
1.681552199999999164e+00,1.717719958454378970e-01
1.681692399999999088e+00,1.717719588944970344e-01
1.681832599999999012e+00,1.717719219499627137e-01
1.681972799999998935e+00,1.717718850118338247e-01
1.682020000000000071e+00,1.717718725768986321e-01
1.682160400000000111e+00,1.717718358332045447e-01
1.682300800000000152e+00,1.717717990958489427e-01
1.682441200000000192e+00,1.717717623648307157e-01
1.682581600000000233e+00,1.717717256401488646e-01
1.682722000000000273e+00,1.717716889218021681e-01
1.682862400000000314e+00,1.717716522097896270e-01
1.683002800000000354e+00,1.717716155041101311e-01
1.683143200000000395e+00,1.717715788047625702e-01
1.683283600000000435e+00,1.717715421117458341e-01
1.683424000000000476e+00,1.717715054250589235e-01
1.683564400000000516e+00,1.717714687447006172e-01
1.683704800000000557e+00,1.717714320706699160e-01
1.683845200000000597e+00,1.717713954029657097e-01
1.683985600000000638e+00,1.717713587415868881e-01
1.684039999999999981e+00,1.717713445375576020e-01
1.684179000000000093e+00,1.717713070070324699e-01
1.684318000000000204e+00,1.717712694831365905e-01
1.684457000000000315e+00,1.717712319658688536e-01
1.684596000000000426e+00,1.717711944552281489e-01
1.684735000000000538e+00,1.717711569512132552e-01
1.684874000000000649e+00,1.717711194538229513e-01
1.685013000000000760e+00,1.717710819630561270e-01
1.685152000000000871e+00,1.717710444789115609e-01
1.685291000000000983e+00,1.717710070013881429e-01
1.685430000000001094e+00,1.717709695304846518e-01
1.685569000000001205e+00,1.717709320661998662e-01
1.685708000000001316e+00,1.717708946085326760e-01
1.685847000000001428e+00,1.717708571574819709e-01
1.685986000000001539e+00,1.717708197130466408e-01
1.685990000000000100e+00,1.717708186355143551e-01
1.686130400000000140e+00,1.717707821951225400e-01
1.686270800000000181e+00,1.717707457609959354e-01
1.686411200000000221e+00,1.717707093331335422e-01
1.686551600000000262e+00,1.717706729115342501e-01
1.686692000000000302e+00,1.717706364961970600e-01
1.686832400000000343e+00,1.717706000871208616e-01
1.686972800000000383e+00,1.717705636843045447e-01
1.687113200000000424e+00,1.717705272877471101e-01
1.687253600000000464e+00,1.717704908974474476e-01
1.687394000000000505e+00,1.717704545134044469e-01
1.687534400000000545e+00,1.717704181356168869e-01
1.687674800000000586e+00,1.717703817640839903e-01
1.687815200000000626e+00,1.717703453988045359e-01
1.687955600000000667e+00,1.717703090397775245e-01
1.688010000000000010e+00,1.717702949528878698e-01
1.688150199999999934e+00,1.717702585179730068e-01
1.688290399999999858e+00,1.717702220893371212e-01
1.688430599999999782e+00,1.717701856669789917e-01
1.688570799999999705e+00,1.717701492508976191e-01
1.688710999999999629e+00,1.717701128410920042e-01
1.688851199999999553e+00,1.717700764375609257e-01
1.688991399999999476e+00,1.717700400403033845e-01
1.689131599999999400e+00,1.717700036493182703e-01
1.689271799999999324e+00,1.717699672646045839e-01
1.689411999999999248e+00,1.717699308861611041e-01
1.689552199999999171e+00,1.717698945139867206e-01
1.689692399999999095e+00,1.717698581480805453e-01
1.689832599999999019e+00,1.717698217884413570e-01
1.689972799999998943e+00,1.717697854350681563e-01
1.690020000000000078e+00,1.717697731969822783e-01
1.690160200000000001e+00,1.717697369203635693e-01
1.690300399999999925e+00,1.717697006499846468e-01
1.690440599999999849e+00,1.717696643858446226e-01
1.690580799999999773e+00,1.717696281279422754e-01
1.690720999999999696e+00,1.717695918762766061e-01
1.690861199999999620e+00,1.717695556308465044e-01
1.691001399999999544e+00,1.717695193916509711e-01
1.691141599999999467e+00,1.717694831586887849e-01
1.691281799999999391e+00,1.717694469319590578e-01
1.691421999999999315e+00,1.717694107114605684e-01
1.691562199999999239e+00,1.717693744971923175e-01
1.691702399999999162e+00,1.717693382891531950e-01
1.691842599999999086e+00,1.717693020873422016e-01
1.691982799999999010e+00,1.717692658917582271e-01
1.692029999999999923e+00,1.717692537067896374e-01
1.692169199999999929e+00,1.717692169172051475e-01
1.692308399999999935e+00,1.717691801340540669e-01
1.692447599999999941e+00,1.717691433573352855e-01
1.692586799999999947e+00,1.717691065870476930e-01
1.692725999999999953e+00,1.717690698231901791e-01
1.692865199999999959e+00,1.717690330657616338e-01
1.693004399999999965e+00,1.717689963147609467e-01
1.693143599999999971e+00,1.717689595701868965e-01
1.693282799999999977e+00,1.717689228320384842e-01
1.693421999999999983e+00,1.717688861003143774e-01
1.693561199999999989e+00,1.717688493750136880e-01
1.693700399999999995e+00,1.717688126561351947e-01
1.693839600000000001e+00,1.717687759436777872e-01
1.693978800000000007e+00,1.717687392376403555e-01
1.693990000000000107e+00,1.717687362843225429e-01
1.694130200000000031e+00,1.717687002936155727e-01
1.694270399999999954e+00,1.717686643090808873e-01
1.694410599999999878e+00,1.717686283307173767e-01
1.694550799999999802e+00,1.717685923585240415e-01
1.694690999999999725e+00,1.717685563924997716e-01
1.694831199999999649e+00,1.717685204326435677e-01
1.694971399999999573e+00,1.717684844789543197e-01
1.695111599999999497e+00,1.717684485314309173e-01
1.695251799999999420e+00,1.717684125900723613e-01
1.695391999999999344e+00,1.717683766548776525e-01
1.695532199999999268e+00,1.717683407258456807e-01
1.695672399999999191e+00,1.717683048029753357e-01
1.695812599999999115e+00,1.717682688862656182e-01
1.695952799999999039e+00,1.717682329757155291e-01
1.695999999999999952e+00,1.717682208866991855e-01
1.696140199999999876e+00,1.717681850434996660e-01
1.696280399999999799e+00,1.717681492064370152e-01
1.696420599999999723e+00,1.717681133755101230e-01
1.696560799999999647e+00,1.717680775507179902e-01
1.696700999999999571e+00,1.717680417320596176e-01
1.696841199999999494e+00,1.717680059195337838e-01
1.696981399999999418e+00,1.717679701131396008e-01
1.697121599999999342e+00,1.717679343128759584e-01
1.697261799999999266e+00,1.717678985187417462e-01
1.697401999999999189e+00,1.717678627307359651e-01
1.697542199999999113e+00,1.717678269488576159e-01
1.697682399999999037e+00,1.717677911731055884e-01
1.697822599999998960e+00,1.717677554034788834e-01
1.697962799999998884e+00,1.717677196399763906e-01
1.698010000000000019e+00,1.717677076004614500e-01
1.698150400000000060e+00,1.717676720257876877e-01
1.698290800000000100e+00,1.717676364571739667e-01
1.698431200000000141e+00,1.717676008946193988e-01
1.698571600000000181e+00,1.717675653381227630e-01
1.698712000000000222e+00,1.717675297876831708e-01
1.698852400000000262e+00,1.717674942432995122e-01
1.698992800000000303e+00,1.717674587049708990e-01
1.699133200000000343e+00,1.717674231726961098e-01
1.699273600000000384e+00,1.717673876464742566e-01
1.699414000000000424e+00,1.717673521263041181e-01
1.699554400000000465e+00,1.717673166121849171e-01
1.699694800000000505e+00,1.717672811041154324e-01
1.699835200000000546e+00,1.717672456020946647e-01
1.699975600000000586e+00,1.717672101061216150e-01
1.700029999999999930e+00,1.717671963536041568e-01
1.700170199999999854e+00,1.717671607925836952e-01
1.700310399999999778e+00,1.717671252376334889e-01
1.700450599999999701e+00,1.717670896887526499e-01
1.700590799999999625e+00,1.717670541459399569e-01
1.700730999999999549e+00,1.717670186091945217e-01
1.700871199999999472e+00,1.717669830785151230e-01
1.701011399999999396e+00,1.717669475539009838e-01
1.701151599999999320e+00,1.717669120353508827e-01
1.701291799999999244e+00,1.717668765228638206e-01
1.701431999999999167e+00,1.717668410164386872e-01
1.701572199999999091e+00,1.717668055160745944e-01
1.701712399999999015e+00,1.717667700217705429e-01
1.701852599999998938e+00,1.717667345335253115e-01
1.701992799999998862e+00,1.717666990513379011e-01
1.702039999999999997e+00,1.717666871065235412e-01
1.702179200000000003e+00,1.717666510490390985e-01
1.702318400000000009e+00,1.717666149978108736e-01
1.702457600000000015e+00,1.717665789528378673e-01
1.702596800000000021e+00,1.717665429141189692e-01
1.702736000000000027e+00,1.717665068816530693e-01
1.702875200000000033e+00,1.717664708554390574e-01
1.703014400000000039e+00,1.717664348354759341e-01
1.703153600000000045e+00,1.717663988217625892e-01
1.703292800000000051e+00,1.717663628142979126e-01
1.703432000000000057e+00,1.717663268130807941e-01
1.703571200000000063e+00,1.717662908181102344e-01
1.703710400000000069e+00,1.717662548293850122e-01
1.703849600000000075e+00,1.717662188469041284e-01
1.703988800000000081e+00,1.717661828706665839e-01
1.703999999999999959e+00,1.717661799760672459e-01
1.704140199999999883e+00,1.717661447012922560e-01
1.704280399999999807e+00,1.717661094325194648e-01
1.704420599999999730e+00,1.717660741697479843e-01
1.704560799999999654e+00,1.717660389129767040e-01
1.704700999999999578e+00,1.717660036622048469e-01
1.704841199999999501e+00,1.717659684174308588e-01
1.704981399999999425e+00,1.717659331786540733e-01
1.705121599999999349e+00,1.717658979458733803e-01
1.705261799999999273e+00,1.717658627190877807e-01
1.705401999999999196e+00,1.717658274982962752e-01
1.705542199999999120e+00,1.717657922834978645e-01
1.705682399999999044e+00,1.717657570746915496e-01
1.705822599999998967e+00,1.717657218718762202e-01
1.705962799999998891e+00,1.717656866750510991e-01
1.706010000000000026e+00,1.717656748262994526e-01
1.706150199999999950e+00,1.717656396980425937e-01
1.706290399999999874e+00,1.717656045757527394e-01
1.706430599999999798e+00,1.717655694594288907e-01
1.706570799999999721e+00,1.717655343490701592e-01
1.706710999999999645e+00,1.717654992446753237e-01
1.706851199999999569e+00,1.717654641462434961e-01
1.706991399999999492e+00,1.717654290537735662e-01
1.707131599999999416e+00,1.717653939672646457e-01
1.707271799999999340e+00,1.717653588867157355e-01
1.707411999999999264e+00,1.717653238121257253e-01
1.707552199999999187e+00,1.717652887434936160e-01
1.707692399999999111e+00,1.717652536808184083e-01
1.707832599999999035e+00,1.717652186240991030e-01
1.707972799999998958e+00,1.717651835733347010e-01
1.708020000000000094e+00,1.717651717737521677e-01
1.708160400000000134e+00,1.717651369062639377e-01
1.708300800000000175e+00,1.717651020446687715e-01
1.708441200000000215e+00,1.717650671889657810e-01
1.708581600000000256e+00,1.717650323391540779e-01
1.708722000000000296e+00,1.717649974952323300e-01
1.708862400000000337e+00,1.717649626571996491e-01
1.709002800000000377e+00,1.717649278250551470e-01
1.709143200000000418e+00,1.717648929987977136e-01
1.709283600000000458e+00,1.717648581784264605e-01
1.709424000000000499e+00,1.717648233639406108e-01
1.709564400000000539e+00,1.717647885553386100e-01
1.709704800000000580e+00,1.717647537526197921e-01
1.709845200000000620e+00,1.717647189557831577e-01
1.709985600000000661e+00,1.717646841648277078e-01
1.710040000000000004e+00,1.717646706854543126e-01
1.710178999999999894e+00,1.717646350662783705e-01
1.710317999999999783e+00,1.717645994532673859e-01
1.710456999999999672e+00,1.717645638464202484e-01
1.710595999999999561e+00,1.717645282457358480e-01
1.710734999999999451e+00,1.717644926512132963e-01
1.710873999999999340e+00,1.717644570628512612e-01
1.711012999999999229e+00,1.717644214806488545e-01
1.711151999999999118e+00,1.717643859046049659e-01
1.711290999999999007e+00,1.717643503347184852e-01
1.711429999999998897e+00,1.717643147709884133e-01
1.711568999999998786e+00,1.717642792134137508e-01
1.711707999999998675e+00,1.717642436619932766e-01
1.711846999999998564e+00,1.717642081167259915e-01
1.711985999999998453e+00,1.717641725776108963e-01
1.711989999999999901e+00,1.717641715549077519e-01
1.712130399999999941e+00,1.717641369613148727e-01
1.712270799999999982e+00,1.717641023735512196e-01
1.712411200000000022e+00,1.717640677916156822e-01
1.712551600000000063e+00,1.717640332155073724e-01
1.712692000000000103e+00,1.717639986452251799e-01
1.712832400000000144e+00,1.717639640807682166e-01
1.712972800000000184e+00,1.717639295221354834e-01
1.713113200000000225e+00,1.717638949693260919e-01
1.713253600000000265e+00,1.717638604223389320e-01
1.713394000000000306e+00,1.717638258811731156e-01
1.713534400000000346e+00,1.717637913458275323e-01
1.713674800000000387e+00,1.717637568163012940e-01
1.713815200000000427e+00,1.717637222925934015e-01
1.713955600000000468e+00,1.717636877747029667e-01
1.714010000000000034e+00,1.717636744011230565e-01
1.714150199999999957e+00,1.717636398204455128e-01
1.714290399999999881e+00,1.717636052456069651e-01
1.714430599999999805e+00,1.717635706766063031e-01
1.714570799999999728e+00,1.717635361134426386e-01
1.714710999999999652e+00,1.717635015561149725e-01
1.714851199999999576e+00,1.717634670046223055e-01
1.714991399999999500e+00,1.717634324589636385e-01
1.715131599999999423e+00,1.717633979191379723e-01
1.715271799999999347e+00,1.717633633851443076e-01
1.715411999999999271e+00,1.717633288569817562e-01
1.715552199999999194e+00,1.717632943346492080e-01
1.715692399999999118e+00,1.717632598181457748e-01
1.715832599999999042e+00,1.717632253074704574e-01
1.715972799999998966e+00,1.717631908026222565e-01
1.716020000000000101e+00,1.717631791868144964e-01
1.716160200000000025e+00,1.717631447495860941e-01
1.716300399999999948e+00,1.717631103181623820e-01
1.716440599999999872e+00,1.717630758925422496e-01
1.716580799999999796e+00,1.717630414727248089e-01
1.716720999999999719e+00,1.717630070587090607e-01
1.716861199999999643e+00,1.717629726504940058e-01
1.717001399999999567e+00,1.717629382480787559e-01
1.717141599999999491e+00,1.717629038514622009e-01
1.717281799999999414e+00,1.717628694606434525e-01
1.717421999999999338e+00,1.717628350756215116e-01
1.717562199999999262e+00,1.717628006963954901e-01
1.717702399999999185e+00,1.717627663229642776e-01
1.717842599999999109e+00,1.717627319553268750e-01
1.717982799999999033e+00,1.717626975934823941e-01
1.718029999999999946e+00,1.717626860258146815e-01
1.718169199999999952e+00,1.717626510988181643e-01
1.718308399999999958e+00,1.717626161778069704e-01
1.718447599999999964e+00,1.717625812627801007e-01
1.718586799999999970e+00,1.717625463537365560e-01
1.718725999999999976e+00,1.717625114506753370e-01
1.718865199999999982e+00,1.717624765535953335e-01
1.719004399999999988e+00,1.717624416624955463e-01
1.719143599999999994e+00,1.717624067773749763e-01
1.719282800000000000e+00,1.717623718982326242e-01
1.719422000000000006e+00,1.717623370250673798e-01
1.719561200000000012e+00,1.717623021578782438e-01
1.719700400000000018e+00,1.717622672966642172e-01
1.719839600000000024e+00,1.717622324414243007e-01
1.719978800000000030e+00,1.717621975921574951e-01
1.719989999999999908e+00,1.717621947882321809e-01
1.720130199999999832e+00,1.717621606211332530e-01
1.720270399999999755e+00,1.717621264597759545e-01
1.720410599999999679e+00,1.717620923041592862e-01
1.720550799999999603e+00,1.717620581542822489e-01
1.720690999999999526e+00,1.717620240101438434e-01
1.720831199999999450e+00,1.717619898717431814e-01
1.720971399999999374e+00,1.717619557390792639e-01
1.721111599999999298e+00,1.717619216121512027e-01
1.721251799999999221e+00,1.717618874909579985e-01
1.721391999999999145e+00,1.717618533754986521e-01
1.721532199999999069e+00,1.717618192657721643e-01
1.721672399999998992e+00,1.717617851617776470e-01
1.721812599999998916e+00,1.717617510635141009e-01
1.721952799999998840e+00,1.717617169709806380e-01
1.721999999999999975e+00,1.717617054939725163e-01
1.722140400000000016e+00,1.717616715801665306e-01
1.722280800000000056e+00,1.717616376720308979e-01
1.722421200000000097e+00,1.717616037695647302e-01
1.722561600000000137e+00,1.717615698727671392e-01
1.722702000000000178e+00,1.717615359816371257e-01
1.722842400000000218e+00,1.717615020961736905e-01
1.722982800000000259e+00,1.717614682163759454e-01
1.723123200000000299e+00,1.717614343422430023e-01
1.723263600000000340e+00,1.717614004737737510e-01
1.723404000000000380e+00,1.717613666109674142e-01
1.723544400000000421e+00,1.717613327538228818e-01
1.723684800000000461e+00,1.717612989023393766e-01
1.723825200000000502e+00,1.717612650565158994e-01
1.723965600000000542e+00,1.717612312163514510e-01
1.724020000000000108e+00,1.717612181053422837e-01
1.724160200000000032e+00,1.717611842103039521e-01
1.724300399999999955e+00,1.717611503209434121e-01
1.724440599999999879e+00,1.717611164372597754e-01
1.724580799999999803e+00,1.717610825592519319e-01
1.724720999999999727e+00,1.717610486869191044e-01
1.724861199999999650e+00,1.717610148202601827e-01
1.725001399999999574e+00,1.717609809592743897e-01
1.725141599999999498e+00,1.717609471039606150e-01
1.725281799999999421e+00,1.717609132543179706e-01
1.725421999999999345e+00,1.717608794103455683e-01
1.725562199999999269e+00,1.717608455720422977e-01
1.725702399999999193e+00,1.717608117394073819e-01
1.725842599999999116e+00,1.717607779124398215e-01
1.725982799999999040e+00,1.717607440911386174e-01
1.726029999999999953e+00,1.717607327054370137e-01
1.726170199999999877e+00,1.717606989381569305e-01
1.726310399999999801e+00,1.717606651765254400e-01
1.726450599999999724e+00,1.717606314205416540e-01
1.726590799999999648e+00,1.717605976702045734e-01
1.726730999999999572e+00,1.717605639255133099e-01
1.726871199999999495e+00,1.717605301864668643e-01
1.727011399999999419e+00,1.717604964530642375e-01
1.727151599999999343e+00,1.717604627253046523e-01
1.727291799999999267e+00,1.717604290031869985e-01
1.727431999999999190e+00,1.717603952867103878e-01
1.727572199999999114e+00,1.717603615758739322e-01
1.727712399999999038e+00,1.717603278706766323e-01
1.727852599999998962e+00,1.717602941711176001e-01
1.727992799999998885e+00,1.717602604771958363e-01
1.728040000000000020e+00,1.717602491343745985e-01
1.728179200000000026e+00,1.717602148930502670e-01
1.728318400000000032e+00,1.717601806575482781e-01
1.728457600000000038e+00,1.717601464278675216e-01
1.728596800000000044e+00,1.717601122040071093e-01
1.728736000000000050e+00,1.717600779859659310e-01
1.728875200000000056e+00,1.717600437737430985e-01
1.729014400000000062e+00,1.717600095673376126e-01
1.729153600000000068e+00,1.717599753667484741e-01
1.729292800000000074e+00,1.717599411719746838e-01
1.729432000000000080e+00,1.717599069830152425e-01
1.729571200000000086e+00,1.717598727998691510e-01
1.729710400000000092e+00,1.717598386225355211e-01
1.729849600000000098e+00,1.717598044510132427e-01
1.729988800000000104e+00,1.717597702853014274e-01
1.729999999999999982e+00,1.717597675363736753e-01
1.730140199999999906e+00,1.717597340335063061e-01
1.730280399999999830e+00,1.717597005362261342e-01
1.730420599999999753e+00,1.717596670445322715e-01
1.730560799999999677e+00,1.717596335584237188e-01
1.730700999999999601e+00,1.717596000778995879e-01
1.730841199999999525e+00,1.717595666029589907e-01
1.730981399999999448e+00,1.717595331336009279e-01
1.731121599999999372e+00,1.717594996698245113e-01
1.731261799999999296e+00,1.717594662116287418e-01
1.731401999999999219e+00,1.717594327590127312e-01
1.731542199999999143e+00,1.717593993119757023e-01
1.731682399999999067e+00,1.717593658705164339e-01
1.731822599999998991e+00,1.717593324346341488e-01
1.731962799999998914e+00,1.717592990043279588e-01
1.732010000000000050e+00,1.717592877502491788e-01
1.732150400000000090e+00,1.717592545017894157e-01
1.732290800000000131e+00,1.717592212588454625e-01
1.732431200000000171e+00,1.717591880214165423e-01
1.732571600000000211e+00,1.717591547895016557e-01
1.732712000000000252e+00,1.717591215630998036e-01
1.732852400000000292e+00,1.717590883422102088e-01
1.732992800000000333e+00,1.717590551268318722e-01
1.733133200000000373e+00,1.717590219169639054e-01
1.733273600000000414e+00,1.717589887126054204e-01
1.733414000000000454e+00,1.717589555137555291e-01
1.733554400000000495e+00,1.717589223204131210e-01
1.733694800000000535e+00,1.717588891325775302e-01
1.733835200000000576e+00,1.717588559502477574e-01
1.733975600000000616e+00,1.717588227734228035e-01
1.734029999999999960e+00,1.717588099194111706e-01
1.734170199999999884e+00,1.717587766828944096e-01
1.734310399999999808e+00,1.717587434519026734e-01
1.734450599999999731e+00,1.717587102264351850e-01
1.734590799999999655e+00,1.717586770064908341e-01
1.734730999999999579e+00,1.717586437920688436e-01
1.734871199999999503e+00,1.717586105831682142e-01
1.735011399999999426e+00,1.717585773797881687e-01
1.735151599999999350e+00,1.717585441819275971e-01
1.735291799999999274e+00,1.717585109895857221e-01
1.735431999999999197e+00,1.717584778027615444e-01
1.735572199999999121e+00,1.717584446214541760e-01
1.735712399999999045e+00,1.717584114456626176e-01
1.735852599999998969e+00,1.717583782753860921e-01
1.735992799999998892e+00,1.717583451106236003e-01
1.736040000000000028e+00,1.717583339459360925e-01
1.736178999999999917e+00,1.717583001078755167e-01
1.736317999999999806e+00,1.717582662755554601e-01
1.736456999999999695e+00,1.717582324489750345e-01
1.736595999999999584e+00,1.717581986281331297e-01
1.736734999999999474e+00,1.717581648130288574e-01
1.736873999999999363e+00,1.717581310036612185e-01
1.737012999999999252e+00,1.717580972000293249e-01
1.737151999999999141e+00,1.717580634021320662e-01
1.737290999999999030e+00,1.717580296099685544e-01
1.737429999999998920e+00,1.717579958235377902e-01
1.737568999999998809e+00,1.717579620428388854e-01
1.737707999999998698e+00,1.717579282678707298e-01
1.737846999999998587e+00,1.717578944986324352e-01
1.737985999999998477e+00,1.717578607351228914e-01
1.737989999999999924e+00,1.717578597635157633e-01
1.738130399999999964e+00,1.717578269054249596e-01
1.738270800000000005e+00,1.717577940527599267e-01
1.738411200000000045e+00,1.717577612055196656e-01
1.738551600000000086e+00,1.717577283637033991e-01
1.738692000000000126e+00,1.717576955273102390e-01
1.738832400000000167e+00,1.717576626963391861e-01
1.738972800000000207e+00,1.717576298707893523e-01
1.739113200000000248e+00,1.717575970506599603e-01
1.739253600000000288e+00,1.717575642359501220e-01
1.739394000000000329e+00,1.717575314266588382e-01
1.739534400000000369e+00,1.717574986227852207e-01
1.739674800000000410e+00,1.717574658243284924e-01
1.739815200000000450e+00,1.717574330312876540e-01
1.739955600000000491e+00,1.717574002436618175e-01
1.740010000000000057e+00,1.717573875404374562e-01
1.740150199999999980e+00,1.717573546857111833e-01
1.740290399999999904e+00,1.717573218364225607e-01
1.740430599999999828e+00,1.717572889925704782e-01
1.740570799999999752e+00,1.717572561541541587e-01
1.740710999999999675e+00,1.717572233211728250e-01
1.740851199999999599e+00,1.717571904936253668e-01
1.740991399999999523e+00,1.717571576715108961e-01
1.741131599999999446e+00,1.717571248548286356e-01
1.741271799999999370e+00,1.717570920435775861e-01
1.741411999999999294e+00,1.717570592377568595e-01
1.741552199999999218e+00,1.717570264373656785e-01
1.741692399999999141e+00,1.717569936424030441e-01
1.741832599999999065e+00,1.717569608528680680e-01
1.741972799999998989e+00,1.717569280687598621e-01
1.742019999999999902e+00,1.717569170322142957e-01
1.742160399999999942e+00,1.717568844288692720e-01
1.742300799999999983e+00,1.717568518308916214e-01
1.742441200000000023e+00,1.717568192382804559e-01
1.742581600000000064e+00,1.717567866510348873e-01
1.742722000000000104e+00,1.717567540691540273e-01
1.742862400000000145e+00,1.717567214926370989e-01
1.743002800000000185e+00,1.717566889214831027e-01
1.743143200000000226e+00,1.717566563556911508e-01
1.743283600000000266e+00,1.717566237952604657e-01
1.743424000000000307e+00,1.717565912401901596e-01
1.743564400000000347e+00,1.717565586904791219e-01
1.743704800000000388e+00,1.717565261461266868e-01
1.743845200000000428e+00,1.717564936071319659e-01
1.743985600000000469e+00,1.717564610734939601e-01
1.744040000000000035e+00,1.717564484686719961e-01
1.744178999999999924e+00,1.717564151574364484e-01
1.744317999999999813e+00,1.717563818518171859e-01
1.744456999999999702e+00,1.717563485518133204e-01
1.744595999999999592e+00,1.717563152574238527e-01
1.744734999999999481e+00,1.717562819686477837e-01
1.744873999999999370e+00,1.717562486854842252e-01
1.745012999999999259e+00,1.717562154079321779e-01
1.745151999999999148e+00,1.717561821359907537e-01
1.745290999999999038e+00,1.717561488696589533e-01
1.745429999999998927e+00,1.717561156089358887e-01
1.745568999999998816e+00,1.717560823538205605e-01
1.745707999999998705e+00,1.717560491043119697e-01
1.745846999999998594e+00,1.717560158604092280e-01
1.745985999999998484e+00,1.717559826221114472e-01
1.745989999999999931e+00,1.717559816656183402e-01
1.746130199999999855e+00,1.717559492023120749e-01
1.746270399999999778e+00,1.717559167443524215e-01
1.746410599999999702e+00,1.717558842917384920e-01
1.746550799999999626e+00,1.717558518444693982e-01
1.746690999999999550e+00,1.717558194025442520e-01
1.746831199999999473e+00,1.717557869659622760e-01
1.746971399999999397e+00,1.717557545347225822e-01
1.747111599999999321e+00,1.717557221088241715e-01
1.747251799999999244e+00,1.717556896882662665e-01
1.747391999999999168e+00,1.717556572730478681e-01
1.747532199999999092e+00,1.717556248631681992e-01
1.747672399999999016e+00,1.717555924586263716e-01
1.747812599999998939e+00,1.717555600594213860e-01
1.747952799999998863e+00,1.717555276655525764e-01
1.747999999999999998e+00,1.717555167603754818e-01
1.748140400000000039e+00,1.717554845310166334e-01
1.748280800000000079e+00,1.717554523069401151e-01
1.748421200000000120e+00,1.717554200881450388e-01
1.748561600000000160e+00,1.717553878746305163e-01
1.748702000000000201e+00,1.717553556663956593e-01
1.748842400000000241e+00,1.717553234634396908e-01
1.748982800000000282e+00,1.717552912657616115e-01
1.749123200000000322e+00,1.717552590733607554e-01
1.749263600000000363e+00,1.717552268862360121e-01
1.749404000000000403e+00,1.717551947043867155e-01
1.749544400000000444e+00,1.717551625278118665e-01
1.749684800000000484e+00,1.717551303565106879e-01
1.749825200000000525e+00,1.717550981904822915e-01
1.749965600000000565e+00,1.717550660297257892e-01
1.750019999999999909e+00,1.717550535693693758e-01
1.750160199999999833e+00,1.717550213533055592e-01
1.750300399999999756e+00,1.717549891425322883e-01
1.750440599999999680e+00,1.717549569370483420e-01
1.750580799999999604e+00,1.717549247368531651e-01
1.750720999999999528e+00,1.717548925419458694e-01
1.750861199999999451e+00,1.717548603523253448e-01
1.751001399999999375e+00,1.717548281679909250e-01
1.751141599999999299e+00,1.717547959889418330e-01
1.751281799999999222e+00,1.717547638151769585e-01
1.751421999999999146e+00,1.717547316466955243e-01
1.751562199999999070e+00,1.717546994834967533e-01
1.751702399999998994e+00,1.717546673255796463e-01
1.751842599999998917e+00,1.717546351729433152e-01
1.751982799999998841e+00,1.717546030255870937e-01
1.752029999999999976e+00,1.717545922033951733e-01
1.752170400000000017e+00,1.717545602255212689e-01
1.752310800000000057e+00,1.717545282528720740e-01
1.752451200000000098e+00,1.717544962854468116e-01
1.752591600000000138e+00,1.717544643232445933e-01
1.752732000000000179e+00,1.717544323662645311e-01
1.752872400000000219e+00,1.717544004145058478e-01
1.753012800000000260e+00,1.717543684679676552e-01
1.753153200000000300e+00,1.717543365266490651e-01
1.753293600000000341e+00,1.717543045905491894e-01
1.753434000000000381e+00,1.717542726596672509e-01
1.753574400000000422e+00,1.717542407340024724e-01
1.753714800000000462e+00,1.717542088135538547e-01
1.753855200000000503e+00,1.717541768983206207e-01
1.753995600000000543e+00,1.717541449883018823e-01
1.754050000000000109e+00,1.717541326250888734e-01
1.754188999999999998e+00,1.717540999589276529e-01
1.754327999999999887e+00,1.717540672982316163e-01
1.754466999999999777e+00,1.717540346429993203e-01
1.754605999999999666e+00,1.717540019932303208e-01
1.754744999999999555e+00,1.717539693489232855e-01
1.754883999999999444e+00,1.717539367100777703e-01
1.755022999999999334e+00,1.717539040766923319e-01
1.755161999999999223e+00,1.717538714487665263e-01
1.755300999999999112e+00,1.717538388262990212e-01
1.755439999999999001e+00,1.717538062092893725e-01
1.755578999999998890e+00,1.717537735977362479e-01
1.755717999999998780e+00,1.717537409916390923e-01
1.755856999999998669e+00,1.717537083909965734e-01
1.755995999999998558e+00,1.717536757958082472e-01
1.756000000000000005e+00,1.717536748578217809e-01
1.756140199999999929e+00,1.717536430107886591e-01
1.756280399999999853e+00,1.717536111689621503e-01
1.756420599999999776e+00,1.717535793323411442e-01
1.756560799999999700e+00,1.717535475009250856e-01
1.756700999999999624e+00,1.717535156747128644e-01
1.756841199999999548e+00,1.717534838537038144e-01
1.756981399999999471e+00,1.717534520378969365e-01
1.757121599999999395e+00,1.717534202272914534e-01
1.757261799999999319e+00,1.717533884218864770e-01
1.757401999999999243e+00,1.717533566216812302e-01
1.757542199999999166e+00,1.717533248266747137e-01
1.757682399999999090e+00,1.717532930368662614e-01
1.757822599999999014e+00,1.717532612522548741e-01
1.757962799999998937e+00,1.717532294728397746e-01
1.758010000000000073e+00,1.717532187745099970e-01
1.758150400000000113e+00,1.717531871689000900e-01
1.758290800000000154e+00,1.717531555684298494e-01
1.758431200000000194e+00,1.717531239730989423e-01
1.758571600000000235e+00,1.717530923829060363e-01
1.758712000000000275e+00,1.717530607978506874e-01
1.758852400000000316e+00,1.717530292179316742e-01
1.758992800000000356e+00,1.717529976431485528e-01
1.759133200000000397e+00,1.717529660735001018e-01
1.759273600000000437e+00,1.717529345089858772e-01
1.759414000000000478e+00,1.717529029496046578e-01
1.759554400000000518e+00,1.717528713953559993e-01
1.759694800000000559e+00,1.717528398462386807e-01
1.759835200000000599e+00,1.717528083022522578e-01
1.759975600000000640e+00,1.717527767633953983e-01
1.760029999999999983e+00,1.717527645439818063e-01
1.760170199999999907e+00,1.717527329451409290e-01
1.760310399999999831e+00,1.717527013514498213e-01
1.760450599999999755e+00,1.717526697629074839e-01
1.760590799999999678e+00,1.717526381795132506e-01
1.760730999999999602e+00,1.717526066012661223e-01
1.760871199999999526e+00,1.717525750281654329e-01
1.761011399999999449e+00,1.717525434602102941e-01
1.761151599999999373e+00,1.717525118973997067e-01
1.761291799999999297e+00,1.717524803397330047e-01
1.761431999999999221e+00,1.717524487872094108e-01
1.761572199999999144e+00,1.717524172398279259e-01
1.761712399999999068e+00,1.717523856975877727e-01
1.761852599999998992e+00,1.717523541604880633e-01
1.761992799999998915e+00,1.717523226285280202e-01
1.762040000000000051e+00,1.717523120135007186e-01
1.762178999999999940e+00,1.717522798462769451e-01
1.762317999999999829e+00,1.717522476844022261e-01
1.762456999999999718e+00,1.717522155278757845e-01
1.762595999999999608e+00,1.717521833766967321e-01
1.762734999999999497e+00,1.717521512308641807e-01
1.762873999999999386e+00,1.717521190903770201e-01
1.763012999999999275e+00,1.717520869552346952e-01
1.763151999999999164e+00,1.717520548254360957e-01
1.763290999999999054e+00,1.717520227009804445e-01
1.763429999999998943e+00,1.717519905818667425e-01
1.763568999999998832e+00,1.717519584680942124e-01
1.763707999999998721e+00,1.717519263596619661e-01
1.763846999999998610e+00,1.717518942565690043e-01
1.763985999999998500e+00,1.717518621588144390e-01
1.763989999999999947e+00,1.717518612351425222e-01
1.764130399999999987e+00,1.717518299870779419e-01
1.764270800000000028e+00,1.717517987440729810e-01
1.764411200000000068e+00,1.717517675061267513e-01
1.764551600000000109e+00,1.717517362732384756e-01
1.764692000000000149e+00,1.717517050454073768e-01
1.764832400000000190e+00,1.717516738226325668e-01
1.764972800000000230e+00,1.717516426049131573e-01
1.765113200000000271e+00,1.717516113922484822e-01
1.765253600000000311e+00,1.717515801846377643e-01
1.765394000000000352e+00,1.717515489820800045e-01
1.765534400000000392e+00,1.717515177845745367e-01
1.765674800000000433e+00,1.717514865921203615e-01
1.765815200000000473e+00,1.717514554047168129e-01
1.765955600000000514e+00,1.717514242223630028e-01
1.766010000000000080e+00,1.717514121410694816e-01
1.766150200000000003e+00,1.717513809096409272e-01
1.766290399999999927e+00,1.717513496832784314e-01
1.766430599999999851e+00,1.717513184619811062e-01
1.766570799999999775e+00,1.717512872457481743e-01
1.766710999999999698e+00,1.717512560345787476e-01
1.766851199999999622e+00,1.717512248284720489e-01
1.766991399999999546e+00,1.717511936274271900e-01
1.767131599999999469e+00,1.717511624314433938e-01
1.767271799999999393e+00,1.717511312405197721e-01
1.767411999999999317e+00,1.717511000546556588e-01
1.767552199999999241e+00,1.717510688738501656e-01
1.767692399999999164e+00,1.717510376981024045e-01
1.767832599999999088e+00,1.717510065274115982e-01
1.767972799999999012e+00,1.717509753617769697e-01
1.768019999999999925e+00,1.717509648700678015e-01
1.768160399999999965e+00,1.717509338632384752e-01
1.768300800000000006e+00,1.717509028614141453e-01
1.768441200000000046e+00,1.717508718645940347e-01
1.768581600000000087e+00,1.717508408727771441e-01
1.768722000000000127e+00,1.717508098859630294e-01
1.768862400000000168e+00,1.717507789041506916e-01
1.769002800000000208e+00,1.717507479273393534e-01
1.769143200000000249e+00,1.717507169555281266e-01
1.769283600000000289e+00,1.717506859887163451e-01
1.769424000000000330e+00,1.717506550269030097e-01
1.769564400000000370e+00,1.717506240700873432e-01
1.769704800000000411e+00,1.717505931182687906e-01
1.769845200000000451e+00,1.717505621714463526e-01
1.769985600000000492e+00,1.717505312296192521e-01
1.770040000000000058e+00,1.717505192415129667e-01
1.770178999999999947e+00,1.717504875608699688e-01
1.770317999999999836e+00,1.717504558854640040e-01
1.770456999999999725e+00,1.717504242152942950e-01
1.770595999999999615e+00,1.717503925503598428e-01
1.770734999999999504e+00,1.717503608906598700e-01
1.770873999999999393e+00,1.717503292361934886e-01
1.771012999999999282e+00,1.717502975869598103e-01
1.771151999999999171e+00,1.717502659429580580e-01
1.771290999999999061e+00,1.717502343041873436e-01
1.771429999999998950e+00,1.717502026706466678e-01
1.771568999999998839e+00,1.717501710423352534e-01
1.771707999999998728e+00,1.717501394192523234e-01
1.771846999999998618e+00,1.717501078013968785e-01
1.771985999999998507e+00,1.717500761887681415e-01
1.771989999999999954e+00,1.717500752790566132e-01
1.772130199999999878e+00,1.717500444044669505e-01
1.772270399999999801e+00,1.717500135348628554e-01
1.772410599999999725e+00,1.717499826702434396e-01
1.772550799999999649e+00,1.717499518106079259e-01
1.772690999999999573e+00,1.717499209559554263e-01
1.772831199999999496e+00,1.717498901062852745e-01
1.772971399999999420e+00,1.717498592615966935e-01
1.773111599999999344e+00,1.717498284218886839e-01
1.773251799999999267e+00,1.717497975871605798e-01
1.773391999999999191e+00,1.717497667574114928e-01
1.773532199999999115e+00,1.717497359326407569e-01
1.773672399999999039e+00,1.717497051128473728e-01
1.773812599999998962e+00,1.717496742980306745e-01
1.773952799999998886e+00,1.717496434881897738e-01
1.774000000000000021e+00,1.717496331162537970e-01
1.774140400000000062e+00,1.717496024655520426e-01
1.774280800000000102e+00,1.717495718197751264e-01
1.774421200000000143e+00,1.717495411789222715e-01
1.774561600000000183e+00,1.717495105429925895e-01
1.774702000000000224e+00,1.717494799119855253e-01
1.774842400000000264e+00,1.717494492859000799e-01
1.774982800000000305e+00,1.717494186647355869e-01
1.775123200000000345e+00,1.717493880484911584e-01
1.775263600000000386e+00,1.717493574371660170e-01
1.775404000000000426e+00,1.717493268307593857e-01
1.775544400000000467e+00,1.717492962292704872e-01
1.775684800000000507e+00,1.717492656326985445e-01
1.775825200000000548e+00,1.717492350410427804e-01
1.775965600000000588e+00,1.717492044543024177e-01
1.776019999999999932e+00,1.717491926037677530e-01
1.776160199999999856e+00,1.717491620588266210e-01
1.776300399999999780e+00,1.717491315187877898e-01
1.776440599999999703e+00,1.717491009836504823e-01
1.776580799999999627e+00,1.717490704534138102e-01
1.776720999999999551e+00,1.717490399280769964e-01
1.776861199999999474e+00,1.717490094076392637e-01
1.777001399999999398e+00,1.717489788920999461e-01
1.777141599999999322e+00,1.717489483814580442e-01
1.777281799999999246e+00,1.717489178757128920e-01
1.777421999999999169e+00,1.717488873748637124e-01
1.777562199999999093e+00,1.717488568789097281e-01
1.777702399999999017e+00,1.717488263878500510e-01
1.777842599999998940e+00,1.717487959016840149e-01
1.777982799999998864e+00,1.717487654204107317e-01
1.778029999999999999e+00,1.717487551590816119e-01
1.778170400000000040e+00,1.717487250472323757e-01
1.778310800000000080e+00,1.717486949401583196e-01
1.778451200000000121e+00,1.717486648378587777e-01
1.778591600000000161e+00,1.717486347403328617e-01
1.778732000000000202e+00,1.717486046475799055e-01
1.778872400000000242e+00,1.717485745595990210e-01
1.779012800000000283e+00,1.717485444763896529e-01
1.779153200000000323e+00,1.717485143979509132e-01
1.779293600000000364e+00,1.717484843242820247e-01
1.779434000000000404e+00,1.717484542553823212e-01
1.779574400000000445e+00,1.717484241912509146e-01
1.779714800000000485e+00,1.717483941318871388e-01
1.779855200000000526e+00,1.717483640772902165e-01
1.779995600000000566e+00,1.717483340274594816e-01
1.780049999999999910e+00,1.717483223849356477e-01
1.780189000000000021e+00,1.717482918349217957e-01
1.780328000000000133e+00,1.717482612898343364e-01
1.780467000000000244e+00,1.717482307496724925e-01
1.780606000000000355e+00,1.717482002144354869e-01
1.780745000000000466e+00,1.717481696841224315e-01
1.780884000000000578e+00,1.717481391587325490e-01
1.781023000000000689e+00,1.717481086382651734e-01
1.781162000000000800e+00,1.717480781227194164e-01
1.781301000000000911e+00,1.717480476120945010e-01
1.781440000000001023e+00,1.717480171063896499e-01
1.781579000000001134e+00,1.717479866056039750e-01
1.781718000000001245e+00,1.717479561097368101e-01
1.781857000000001356e+00,1.717479256187872672e-01
1.781996000000001468e+00,1.717478951327546799e-01
1.782000000000000028e+00,1.717478942554628851e-01
1.782140199999999952e+00,1.717478646800596476e-01
1.782280399999999876e+00,1.717478351092839306e-01
1.782420599999999800e+00,1.717478055431350681e-01
1.782560799999999723e+00,1.717477759816121718e-01
1.782700999999999647e+00,1.717477464247147978e-01
1.782841199999999571e+00,1.717477168724420578e-01
1.782981399999999494e+00,1.717476873247931746e-01
1.783121599999999418e+00,1.717476577817674821e-01
1.783261799999999342e+00,1.717476282433643142e-01
1.783401999999999266e+00,1.717475987095828938e-01
1.783542199999999189e+00,1.717475691804224436e-01
1.783682399999999113e+00,1.717475396558824086e-01
1.783822599999999037e+00,1.717475101359619005e-01
1.783962799999998960e+00,1.717474806206602533e-01
1.784010000000000096e+00,1.717474706845057986e-01
1.784150400000000136e+00,1.717474415744074667e-01
1.784290800000000177e+00,1.717474124688023185e-01
1.784431200000000217e+00,1.717473833676896877e-01
1.784571600000000258e+00,1.717473542710687973e-01
1.784712000000000298e+00,1.717473251789389810e-01
1.784852400000000339e+00,1.717472960912994617e-01
1.784992800000000379e+00,1.717472670081496844e-01
1.785133200000000420e+00,1.717472379294888718e-01
1.785273600000000460e+00,1.717472088553163578e-01
1.785414000000000501e+00,1.717471797856314764e-01
1.785554400000000541e+00,1.717471507204334502e-01
1.785694800000000582e+00,1.717471216597217243e-01
1.785835200000000622e+00,1.717470926034954104e-01
1.785975600000000663e+00,1.717470635517539534e-01
1.786030000000000006e+00,1.717470522959119172e-01
1.786170199999999930e+00,1.717470236159293062e-01
1.786310399999999854e+00,1.717469949403177543e-01
1.786450599999999778e+00,1.717469662690765952e-01
1.786590799999999701e+00,1.717469376022051630e-01
1.786730999999999625e+00,1.717469089397027915e-01
1.786871199999999549e+00,1.717468802815687035e-01
1.787011399999999472e+00,1.717468516278023438e-01
1.787151599999999396e+00,1.717468229784031575e-01
1.787291799999999320e+00,1.717467943333702562e-01
1.787431999999999244e+00,1.717467656927031960e-01
1.787572199999999167e+00,1.717467370564010887e-01
1.787712399999999091e+00,1.717467084244633790e-01
1.787852599999999015e+00,1.717466797968894010e-01
1.787992799999998939e+00,1.717466511736784884e-01
1.788040000000000074e+00,1.717466415378281486e-01
1.788178999999999963e+00,1.717466130692233417e-01
1.788317999999999852e+00,1.717465846049347489e-01
1.788456999999999741e+00,1.717465561449618150e-01
1.788595999999999631e+00,1.717465276893037629e-01
1.788734999999999520e+00,1.717464992379600375e-01
1.788873999999999409e+00,1.717464707909299726e-01
1.789012999999999298e+00,1.717464423482130131e-01
1.789151999999999187e+00,1.717464139098083820e-01
1.789290999999999077e+00,1.717463854757154129e-01
1.789429999999998966e+00,1.717463570459334399e-01
1.789568999999998855e+00,1.717463286204619077e-01
1.789707999999998744e+00,1.717463001993001503e-01
1.789846999999998634e+00,1.717462717824473906e-01
1.789985999999998523e+00,1.717462433699030733e-01
1.789989999999999970e+00,1.717462425522794378e-01
1.790130400000000011e+00,1.717462160162219753e-01
1.790270800000000051e+00,1.717461894839226177e-01
1.790411200000000091e+00,1.717461629553809210e-01
1.790551600000000132e+00,1.717461364305962190e-01
1.790692000000000172e+00,1.717461099095680677e-01
1.790832400000000213e+00,1.717460833922960228e-01
1.790972800000000253e+00,1.717460568787794184e-01
1.791113200000000294e+00,1.717460303690178103e-01
1.791253600000000334e+00,1.717460038630105323e-01
1.791394000000000375e+00,1.717459773607571405e-01
1.791534400000000415e+00,1.717459508622571906e-01
1.791674800000000456e+00,1.717459243675100167e-01
1.791815200000000496e+00,1.717458978765151745e-01
1.791955600000000537e+00,1.717458713892721089e-01
1.792010000000000103e+00,1.717458611269719881e-01
1.792150200000000027e+00,1.717458361920737309e-01
1.792290399999999950e+00,1.717458112605005915e-01
1.792430599999999874e+00,1.717457863322520151e-01
1.792570799999999798e+00,1.717457614073276684e-01
1.792710999999999721e+00,1.717457364857269964e-01
1.792851199999999645e+00,1.717457115674497770e-01
1.792991399999999569e+00,1.717456866524953440e-01
1.793131599999999493e+00,1.717456617408632535e-01
1.793271799999999416e+00,1.717456368325531724e-01
1.793411999999999340e+00,1.717456119275646564e-01
1.793552199999999264e+00,1.717455870258971506e-01
1.793692399999999187e+00,1.717455621275503219e-01
1.793832599999999111e+00,1.717455372325237262e-01
1.793972799999999035e+00,1.717455123408168083e-01
1.794019999999999948e+00,1.717455039611034406e-01
1.794160399999999989e+00,1.717454812625935912e-01
1.794300800000000029e+00,1.717454585668444222e-01
1.794441200000000070e+00,1.717454358738554898e-01
1.794581600000000110e+00,1.717454131836265718e-01
1.794722000000000151e+00,1.717453904961573352e-01
1.794862400000000191e+00,1.717453678114473359e-01
1.795002800000000232e+00,1.717453451294963518e-01
1.795143200000000272e+00,1.717453224503039388e-01
1.795283600000000312e+00,1.717452997738697640e-01
1.795424000000000353e+00,1.717452771001936052e-01
1.795564400000000393e+00,1.717452544292751293e-01
1.795704800000000434e+00,1.717452317611138923e-01
1.795845200000000474e+00,1.717452090957096722e-01
1.795985600000000515e+00,1.717451864330620248e-01
1.796040000000000081e+00,1.717451776525068530e-01
1.796178999999999970e+00,1.717451570333154987e-01
1.796317999999999859e+00,1.717451364164062078e-01
1.796456999999999748e+00,1.717451158017785362e-01
1.796595999999999638e+00,1.717450951894324840e-01
1.796734999999999527e+00,1.717450745793676070e-01
1.796873999999999416e+00,1.717450539715837943e-01
1.797012999999999305e+00,1.717450333660807127e-01
1.797151999999999195e+00,1.717450127628582512e-01
1.797290999999999084e+00,1.717449921619159658e-01
1.797429999999998973e+00,1.717449715632536345e-01
1.797568999999998862e+00,1.717449509668711460e-01
1.797707999999998751e+00,1.717449303727680565e-01
1.797846999999998641e+00,1.717449097809442549e-01
1.797985999999998530e+00,1.717448891913994080e-01
1.797989999999999977e+00,1.717448885988963614e-01
1.798130199999999901e+00,1.717448713822447015e-01
1.798270399999999825e+00,1.717448541671865447e-01
1.798410599999999748e+00,1.717448369537216690e-01
1.798550799999999672e+00,1.717448197418500744e-01
1.798690999999999596e+00,1.717448025315714277e-01
1.798831199999999519e+00,1.717447853228857291e-01
1.798971399999999443e+00,1.717447681157927564e-01
1.799111599999999367e+00,1.717447509102923986e-01
1.799251799999999291e+00,1.717447337063844337e-01
1.799391999999999214e+00,1.717447165040688617e-01
1.799532199999999138e+00,1.717446993033453495e-01
1.799672399999999062e+00,1.717446821042138971e-01
1.799812599999998985e+00,1.717446649066742825e-01
1.799952799999998909e+00,1.717446477107263947e-01
1.800000000000000044e+00,1.717446419216860365e-01
1.800140400000000085e+00,1.717446280030894279e-01
1.800280800000000125e+00,1.717446140855356518e-01
1.800421200000000166e+00,1.717446001690247082e-01
1.800561600000000206e+00,1.717445862535563750e-01
1.800702000000000247e+00,1.717445723391306522e-01
1.800842400000000287e+00,1.717445584257474289e-01
1.800982800000000328e+00,1.717445445134067050e-01
1.801123200000000368e+00,1.717445306021083695e-01
1.801263600000000409e+00,1.717445166918523114e-01
1.801404000000000449e+00,1.717445027826384196e-01
1.801544400000000490e+00,1.717444888744666942e-01
1.801684800000000530e+00,1.717444749673370241e-01
1.801825200000000571e+00,1.717444610612492983e-01
1.801965600000000611e+00,1.717444471562035169e-01
1.802019999999999955e+00,1.717444417686498914e-01
1.802160199999999879e+00,1.717444312227542902e-01
1.802300399999999803e+00,1.717444206774580984e-01
1.802440599999999726e+00,1.717444101327612049e-01
1.802580799999999650e+00,1.717443995886634989e-01
1.802720999999999574e+00,1.717443890451650912e-01
1.802861199999999497e+00,1.717443785022658709e-01
1.803001399999999421e+00,1.717443679599657269e-01
1.803141599999999345e+00,1.717443574182647703e-01
1.803281799999999269e+00,1.717443468771628901e-01
1.803421999999999192e+00,1.717443363366599751e-01
1.803562199999999116e+00,1.717443257967561365e-01
1.803702399999999040e+00,1.717443152574513743e-01
1.803842599999998964e+00,1.717443047187454663e-01
1.803982799999998887e+00,1.717442941806385237e-01
1.804030000000000022e+00,1.717442906329271768e-01
1.804170400000000063e+00,1.717438252873544346e-01
1.804310800000000103e+00,1.717433598182933896e-01
1.804451200000000144e+00,1.717428942257953339e-01
1.804591600000000184e+00,1.717424285099114767e-01
1.804732000000000225e+00,1.717419626706929714e-01
1.804872400000000265e+00,1.717414967081909161e-01
1.805012800000000306e+00,1.717410306224563254e-01
1.805153200000000346e+00,1.717405644135402143e-01
1.805293600000000387e+00,1.717400980814935141e-01
1.805434000000000427e+00,1.717396316263671008e-01
1.805574400000000468e+00,1.717391650482118226e-01
1.805714800000000508e+00,1.717386983470784445e-01
1.805855200000000549e+00,1.717382315230177037e-01
1.805995600000000589e+00,1.717377645760802540e-01
1.806049999999999933e+00,1.717375836177573167e-01
1.806189000000000044e+00,1.717371211589046320e-01
1.806328000000000156e+00,1.717366585797480139e-01
1.806467000000000267e+00,1.717361958803364785e-01
1.806606000000000378e+00,1.717357330607189869e-01
1.806745000000000489e+00,1.717352701209444166e-01
1.806884000000000601e+00,1.717348070610616451e-01
1.807023000000000712e+00,1.717343438811194944e-01
1.807162000000000823e+00,1.717338805811667313e-01
1.807301000000000935e+00,1.717334171612520388e-01
1.807440000000001046e+00,1.717329536214240726e-01
1.807579000000001157e+00,1.717324899617314604e-01
1.807718000000001268e+00,1.717320261822227190e-01
1.807857000000001380e+00,1.717315622829463928e-01
1.807996000000001491e+00,1.717310982639509154e-01
1.808000000000000052e+00,1.717310849091149005e-01
1.808140199999999975e+00,1.717306167595201993e-01
1.808280399999999899e+00,1.717301484882483853e-01
1.808420599999999823e+00,1.717296800953490576e-01
1.808560799999999746e+00,1.717292115808717323e-01
1.808700999999999670e+00,1.717287429448658698e-01
1.808841199999999594e+00,1.717282741873809304e-01
1.808981399999999518e+00,1.717278053084662637e-01
1.809121599999999441e+00,1.717273363081712190e-01
1.809261799999999365e+00,1.717268671865450624e-01
1.809401999999999289e+00,1.717263979436370325e-01
1.809542199999999212e+00,1.717259285794962842e-01
1.809682399999999136e+00,1.717254590941719450e-01
1.809822599999999060e+00,1.717249894877130867e-01
1.809962799999998984e+00,1.717245197601687812e-01
1.810009999999999897e+00,1.717243615935599987e-01
1.810150399999999937e+00,1.717243615935599987e-01
1.810290799999999978e+00,1.717243615935599987e-01
1.810431200000000018e+00,1.717243615935599987e-01
1.810571600000000059e+00,1.717243615935599987e-01
1.810712000000000099e+00,1.717243615935599987e-01
1.810852400000000140e+00,1.717243615935599987e-01
1.810992800000000180e+00,1.717243615935599987e-01
1.811133200000000221e+00,1.717243615935599987e-01
1.811273600000000261e+00,1.717243615935599987e-01
1.811414000000000302e+00,1.717243615935599987e-01
1.811554400000000342e+00,1.717243615935599987e-01
1.811694800000000383e+00,1.717243615935599987e-01
1.811835200000000423e+00,1.717243615935599987e-01
1.811975600000000464e+00,1.717243615935599987e-01
1.812030000000000030e+00,1.717243615935599987e-01
1.812170199999999953e+00,1.717243615935599987e-01
1.812310399999999877e+00,1.717243615935599987e-01
1.812450599999999801e+00,1.717243615935599987e-01
1.812590799999999724e+00,1.717243615935599987e-01
1.812730999999999648e+00,1.717243615935599987e-01
1.812871199999999572e+00,1.717243615935599987e-01
1.813011399999999496e+00,1.717243615935599987e-01
1.813151599999999419e+00,1.717243615935599987e-01
1.813291799999999343e+00,1.717243615935599987e-01
1.813431999999999267e+00,1.717243615935599987e-01
1.813572199999999190e+00,1.717243615935599987e-01
1.813712399999999114e+00,1.717243615935599987e-01
1.813852599999999038e+00,1.717243615935599987e-01
1.813992799999998962e+00,1.717243615935599987e-01
1.814040000000000097e+00,1.717243615935599987e-01
1.814179200000000103e+00,1.717243615935599987e-01
1.814318400000000109e+00,1.717243615935599987e-01
1.814457600000000115e+00,1.717243615935599987e-01
1.814596800000000121e+00,1.717243615935599987e-01
1.814736000000000127e+00,1.717243615935599987e-01
1.814875200000000133e+00,1.717243615935599987e-01
1.815014400000000139e+00,1.717243615935599987e-01
1.815153600000000145e+00,1.717243615935599987e-01
1.815292800000000151e+00,1.717243615935599987e-01
1.815432000000000157e+00,1.717243615935599987e-01
1.815571200000000163e+00,1.717243615935599987e-01
1.815710400000000169e+00,1.717243615935599987e-01
1.815849600000000175e+00,1.717243615935599987e-01
1.815988800000000181e+00,1.717243615935599987e-01
1.816000000000000059e+00,1.717243615935599987e-01
1.816140199999999982e+00,1.717243615935599987e-01
1.816280399999999906e+00,1.717243615935599987e-01
1.816420599999999830e+00,1.717243615935599987e-01
1.816560799999999753e+00,1.717243615935599987e-01
1.816700999999999677e+00,1.717243615935599987e-01
1.816841199999999601e+00,1.717243615935599987e-01
1.816981399999999525e+00,1.717243615935599987e-01
1.817121599999999448e+00,1.717243615935599987e-01
1.817261799999999372e+00,1.717243615935599987e-01
1.817401999999999296e+00,1.717243615935599987e-01
1.817542199999999220e+00,1.717243615935599987e-01
1.817682399999999143e+00,1.717243615935599987e-01
1.817822599999999067e+00,1.717243615935599987e-01
1.817962799999998991e+00,1.717243615935599987e-01
1.818009999999999904e+00,1.717243615935599987e-01
1.818150199999999828e+00,1.717243615935599987e-01
1.818290399999999751e+00,1.717243615935599987e-01
1.818430599999999675e+00,1.717243615935599987e-01
1.818570799999999599e+00,1.717243615935599987e-01
1.818710999999999522e+00,1.717243615935599987e-01
1.818851199999999446e+00,1.717243615935599987e-01
1.818991399999999370e+00,1.717243615935599987e-01
1.819131599999999294e+00,1.717243615935599987e-01
1.819271799999999217e+00,1.717243615935599987e-01
1.819411999999999141e+00,1.717243615935599987e-01
1.819552199999999065e+00,1.717243615935599987e-01
1.819692399999998988e+00,1.717243615935599987e-01
1.819832599999998912e+00,1.717243615935599987e-01
1.819972799999998836e+00,1.717243615935599987e-01
1.820019999999999971e+00,1.717243615935599987e-01
1.820160400000000012e+00,1.717243615935599987e-01
1.820300800000000052e+00,1.717243615935599987e-01
1.820441200000000093e+00,1.717243615935599987e-01
1.820581600000000133e+00,1.717243615935599987e-01
1.820722000000000174e+00,1.717243615935599987e-01
1.820862400000000214e+00,1.717243615935599987e-01
1.821002800000000255e+00,1.717243615935599987e-01
1.821143200000000295e+00,1.717243615935599987e-01
1.821283600000000336e+00,1.717243615935599987e-01
1.821424000000000376e+00,1.717243615935599987e-01
1.821564400000000417e+00,1.717243615935599987e-01
1.821704800000000457e+00,1.717243615935599987e-01
1.821845200000000498e+00,1.717243615935599987e-01
1.821985600000000538e+00,1.717243615935599987e-01
1.822040000000000104e+00,1.717243615935599987e-01
1.822178999999999993e+00,1.717243615935599987e-01
1.822317999999999882e+00,1.717243615935599987e-01
1.822456999999999772e+00,1.717243615935599987e-01
1.822595999999999661e+00,1.717243615935599987e-01
1.822734999999999550e+00,1.717243615935599987e-01
1.822873999999999439e+00,1.717243615935599987e-01
1.823012999999999328e+00,1.717243615935599987e-01
1.823151999999999218e+00,1.717243615935599987e-01
1.823290999999999107e+00,1.717243615935599987e-01
1.823429999999998996e+00,1.717243615935599987e-01
1.823568999999998885e+00,1.717243615935599987e-01
1.823707999999998774e+00,1.717243615935599987e-01
1.823846999999998664e+00,1.717243615935599987e-01
1.823985999999998553e+00,1.717243615935599987e-01
1.823990000000000000e+00,1.717243615935599987e-01
1.824130400000000041e+00,1.717243615935599987e-01
1.824270800000000081e+00,1.717243615935599987e-01
1.824411200000000122e+00,1.717243615935599987e-01
1.824551600000000162e+00,1.717243615935599987e-01
1.824692000000000203e+00,1.717243615935599987e-01
1.824832400000000243e+00,1.717243615935599987e-01
1.824972800000000284e+00,1.717243615935599987e-01
1.825113200000000324e+00,1.717243615935599987e-01
1.825253600000000365e+00,1.717243615935599987e-01
1.825394000000000405e+00,1.717243615935599987e-01
1.825534400000000446e+00,1.717243615935599987e-01
1.825674800000000486e+00,1.717243615935599987e-01
1.825815200000000527e+00,1.717243615935599987e-01
1.825955600000000567e+00,1.717243615935599987e-01
1.826009999999999911e+00,1.717243615935599987e-01
1.826150199999999835e+00,1.717243615935599987e-01
1.826290399999999758e+00,1.717243615935599987e-01
1.826430599999999682e+00,1.717243615935599987e-01
1.826570799999999606e+00,1.717243615935599987e-01
1.826710999999999530e+00,1.717243615935599987e-01
1.826851199999999453e+00,1.717243615935599987e-01
1.826991399999999377e+00,1.717243615935599987e-01
1.827131599999999301e+00,1.717243615935599987e-01
1.827271799999999224e+00,1.717243615935599987e-01
1.827411999999999148e+00,1.717243615935599987e-01
1.827552199999999072e+00,1.717243615935599987e-01
1.827692399999998996e+00,1.717243615935599987e-01
1.827832599999998919e+00,1.717243615935599987e-01
1.827972799999998843e+00,1.717243615935599987e-01
1.828019999999999978e+00,1.717243615935599987e-01
1.828160199999999902e+00,1.717243615935599987e-01
1.828300399999999826e+00,1.717243615935599987e-01
1.828440599999999749e+00,1.717243615935599987e-01
1.828580799999999673e+00,1.717243615935599987e-01
1.828720999999999597e+00,1.717243615935599987e-01
1.828861199999999521e+00,1.717243615935599987e-01
1.829001399999999444e+00,1.717243615935599987e-01
1.829141599999999368e+00,1.717243615935599987e-01
1.829281799999999292e+00,1.717243615935599987e-01
1.829421999999999215e+00,1.717243615935599987e-01
1.829562199999999139e+00,1.717243615935599987e-01
1.829702399999999063e+00,1.717243615935599987e-01
1.829842599999998987e+00,1.717243615935599987e-01
1.829982799999998910e+00,1.717243615935599987e-01
1.830030000000000046e+00,1.717243615935599987e-01
1.830169200000000052e+00,1.717243615935599987e-01
1.830308400000000058e+00,1.717243615935599987e-01
1.830447600000000064e+00,1.717243615935599987e-01
1.830586800000000069e+00,1.717243615935599987e-01
1.830726000000000075e+00,1.717243615935599987e-01
1.830865200000000081e+00,1.717243615935599987e-01
1.831004400000000087e+00,1.717243615935599987e-01
1.831143600000000093e+00,1.717243615935599987e-01
1.831282800000000099e+00,1.717243615935599987e-01
1.831422000000000105e+00,1.717243615935599987e-01
1.831561200000000111e+00,1.717243615935599987e-01
1.831700400000000117e+00,1.717243615935599987e-01
1.831839600000000123e+00,1.717243615935599987e-01
1.831978800000000129e+00,1.717243615935599987e-01
1.831990000000000007e+00,1.717243615935599987e-01
1.832130199999999931e+00,1.717243615935599987e-01
1.832270399999999855e+00,1.717243615935599987e-01
1.832410599999999778e+00,1.717243615935599987e-01
1.832550799999999702e+00,1.717243615935599987e-01
1.832690999999999626e+00,1.717243615935599987e-01
1.832831199999999550e+00,1.717243615935599987e-01
1.832971399999999473e+00,1.717243615935599987e-01
1.833111599999999397e+00,1.717243615935599987e-01
1.833251799999999321e+00,1.717243615935599987e-01
1.833391999999999245e+00,1.717243615935599987e-01
1.833532199999999168e+00,1.717243615935599987e-01
1.833672399999999092e+00,1.717243615935599987e-01
1.833812599999999016e+00,1.717243615935599987e-01
1.833952799999998939e+00,1.717243615935599987e-01
1.834000000000000075e+00,1.717243615935599987e-01
1.834140400000000115e+00,1.717243615935599987e-01
1.834280800000000156e+00,1.717243615935599987e-01
1.834421200000000196e+00,1.717243615935599987e-01
1.834561600000000237e+00,1.717243615935599987e-01
1.834702000000000277e+00,1.717243615935599987e-01
1.834842400000000318e+00,1.717243615935599987e-01
1.834982800000000358e+00,1.717243615935599987e-01
1.835123200000000399e+00,1.717243615935599987e-01
1.835263600000000439e+00,1.717243615935599987e-01
1.835404000000000480e+00,1.717243615935599987e-01
1.835544400000000520e+00,1.717243615935599987e-01
1.835684800000000561e+00,1.717243615935599987e-01
1.835825200000000601e+00,1.717243615935599987e-01
1.835965600000000642e+00,1.717243615935599987e-01
1.836019999999999985e+00,1.717243615935599987e-01
1.836160199999999909e+00,1.717243615935599987e-01
1.836300399999999833e+00,1.717243615935599987e-01
1.836440599999999757e+00,1.717243615935599987e-01
1.836580799999999680e+00,1.717243615935599987e-01
1.836720999999999604e+00,1.717243615935599987e-01
1.836861199999999528e+00,1.717243615935599987e-01
1.837001399999999451e+00,1.717243615935599987e-01
1.837141599999999375e+00,1.717243615935599987e-01
1.837281799999999299e+00,1.717243615935599987e-01
1.837421999999999223e+00,1.717243615935599987e-01
1.837562199999999146e+00,1.717243615935599987e-01
1.837702399999999070e+00,1.717243615935599987e-01
1.837842599999998994e+00,1.717243615935599987e-01
1.837982799999998917e+00,1.717243615935599987e-01
1.838030000000000053e+00,1.717243615935599987e-01
1.838170199999999976e+00,1.717243615935599987e-01
1.838310399999999900e+00,1.717243615935599987e-01
1.838450599999999824e+00,1.717243615935599987e-01
1.838590799999999748e+00,1.717243615935599987e-01
1.838730999999999671e+00,1.717243615935599987e-01
1.838871199999999595e+00,1.717243615935599987e-01
1.839011399999999519e+00,1.717243615935599987e-01
1.839151599999999442e+00,1.717243615935599987e-01
1.839291799999999366e+00,1.717243615935599987e-01
1.839431999999999290e+00,1.717243615935599987e-01
1.839572199999999214e+00,1.717243615935599987e-01
1.839712399999999137e+00,1.717243615935599987e-01
1.839852599999999061e+00,1.717243615935599987e-01
1.839992799999998985e+00,1.717243615935599987e-01
1.840039999999999898e+00,1.717243615935599987e-01
1.840179199999999904e+00,1.717243615935599987e-01
1.840318399999999910e+00,1.717243615935599987e-01
1.840457599999999916e+00,1.717243615935599987e-01
1.840596799999999922e+00,1.717243615935599987e-01
1.840735999999999928e+00,1.717243615935599987e-01
1.840875199999999934e+00,1.717243615935599987e-01
1.841014399999999940e+00,1.717243615935599987e-01
1.841153599999999946e+00,1.717243615935599987e-01
1.841292799999999952e+00,1.717243615935599987e-01
1.841431999999999958e+00,1.717243615935599987e-01
1.841571199999999964e+00,1.717243615935599987e-01
1.841710399999999970e+00,1.717243615935599987e-01
1.841849599999999976e+00,1.717243615935599987e-01
1.841988799999999982e+00,1.717243615935599987e-01
1.842000000000000082e+00,1.717243615935599987e-01
1.842140200000000005e+00,1.717243615935599987e-01
1.842280399999999929e+00,1.717243615935599987e-01
1.842420599999999853e+00,1.717243615935599987e-01
1.842560799999999777e+00,1.717243615935599987e-01
1.842700999999999700e+00,1.717243615935599987e-01
1.842841199999999624e+00,1.717243615935599987e-01
1.842981399999999548e+00,1.717243615935599987e-01
1.843121599999999471e+00,1.717243615935599987e-01
1.843261799999999395e+00,1.717243615935599987e-01
1.843401999999999319e+00,1.717243615935599987e-01
1.843542199999999243e+00,1.717243615935599987e-01
1.843682399999999166e+00,1.717243615935599987e-01
1.843822599999999090e+00,1.717243615935599987e-01
1.843962799999999014e+00,1.717243615935599987e-01
1.844009999999999927e+00,1.717243615935599987e-01
1.844150399999999967e+00,1.717243615935599987e-01
1.844290800000000008e+00,1.717243615935599987e-01
1.844431200000000048e+00,1.717243615935599987e-01
1.844571600000000089e+00,1.717243615935599987e-01
1.844712000000000129e+00,1.717243615935599987e-01
1.844852400000000170e+00,1.717243615935599987e-01
1.844992800000000210e+00,1.717243615935599987e-01
1.845133200000000251e+00,1.717243615935599987e-01
1.845273600000000291e+00,1.717243615935599987e-01
1.845414000000000332e+00,1.717243615935599987e-01
1.845554400000000372e+00,1.717243615935599987e-01
1.845694800000000413e+00,1.717243615935599987e-01
1.845835200000000453e+00,1.717243615935599987e-01
1.845975600000000494e+00,1.717243615935599987e-01
1.846030000000000060e+00,1.717243615935599987e-01
1.846170199999999983e+00,1.717243615935599987e-01
1.846310399999999907e+00,1.717243615935599987e-01
1.846450599999999831e+00,1.717243615935599987e-01
1.846590799999999755e+00,1.717243615935599987e-01
1.846730999999999678e+00,1.717243615935599987e-01
1.846871199999999602e+00,1.717243615935599987e-01
1.847011399999999526e+00,1.717243615935599987e-01
1.847151599999999450e+00,1.717243615935599987e-01
1.847291799999999373e+00,1.717243615935599987e-01
1.847431999999999297e+00,1.717243615935599987e-01
1.847572199999999221e+00,1.717243615935599987e-01
1.847712399999999144e+00,1.717243615935599987e-01
1.847852599999999068e+00,1.717243615935599987e-01
1.847992799999998992e+00,1.717243615935599987e-01
1.848039999999999905e+00,1.717243615935599987e-01
1.848179000000000016e+00,1.717243615935599987e-01
1.848318000000000128e+00,1.717243615935599987e-01
1.848457000000000239e+00,1.717243615935599987e-01
1.848596000000000350e+00,1.717243615935599987e-01
1.848735000000000461e+00,1.717243615935599987e-01
1.848874000000000573e+00,1.717243615935599987e-01
1.849013000000000684e+00,1.717243615935599987e-01
1.849152000000000795e+00,1.717243615935599987e-01
1.849291000000000906e+00,1.717243615935599987e-01
1.849430000000001018e+00,1.717243615935599987e-01
1.849569000000001129e+00,1.717243615935599987e-01
1.849708000000001240e+00,1.717243615935599987e-01
1.849847000000001351e+00,1.717243615935599987e-01
1.849986000000001463e+00,1.717243615935599987e-01
1.849990000000000023e+00,1.717243615935599987e-01
1.850130400000000064e+00,1.717243615935599987e-01
1.850270800000000104e+00,1.717243615935599987e-01
1.850411200000000145e+00,1.717243615935599987e-01
1.850551600000000185e+00,1.717243615935599987e-01
1.850692000000000226e+00,1.717243615935599987e-01
1.850832400000000266e+00,1.717243615935599987e-01
1.850972800000000307e+00,1.717243615935599987e-01
1.851113200000000347e+00,1.717243615935599987e-01
1.851253600000000388e+00,1.717243615935599987e-01
1.851394000000000428e+00,1.717243615935599987e-01
1.851534400000000469e+00,1.717243615935599987e-01
1.851674800000000509e+00,1.717243615935599987e-01
1.851815200000000550e+00,1.717243615935599987e-01
1.851955600000000590e+00,1.717243615935599987e-01
1.852009999999999934e+00,1.717243615935599987e-01
1.852150199999999858e+00,1.717243615935599987e-01
1.852290399999999781e+00,1.717243615935599987e-01
1.852430599999999705e+00,1.717243615935599987e-01
1.852570799999999629e+00,1.717243615935599987e-01
1.852710999999999553e+00,1.717243615935599987e-01
1.852851199999999476e+00,1.717243615935599987e-01
1.852991399999999400e+00,1.717243615935599987e-01
1.853131599999999324e+00,1.717243615935599987e-01
1.853271799999999248e+00,1.717243615935599987e-01
1.853411999999999171e+00,1.717243615935599987e-01
1.853552199999999095e+00,1.717243615935599987e-01
1.853692399999999019e+00,1.717243615935599987e-01
1.853832599999998942e+00,1.717243615935599987e-01
1.853972799999998866e+00,1.717243615935599987e-01
1.854020000000000001e+00,1.717243615935599987e-01
1.854160199999999925e+00,1.717243615935599987e-01
1.854300399999999849e+00,1.717243615935599987e-01
1.854440599999999773e+00,1.717243615935599987e-01
1.854580799999999696e+00,1.717243615935599987e-01
1.854720999999999620e+00,1.717243615935599987e-01
1.854861199999999544e+00,1.717243615935599987e-01
1.855001399999999467e+00,1.717243615935599987e-01
1.855141599999999391e+00,1.717243615935599987e-01
1.855281799999999315e+00,1.717243615935599987e-01
1.855421999999999239e+00,1.717243615935599987e-01
1.855562199999999162e+00,1.717243615935599987e-01
1.855702399999999086e+00,1.717243615935599987e-01
1.855842599999999010e+00,1.717243615935599987e-01
1.855982799999998933e+00,1.717243615935599987e-01
1.856030000000000069e+00,1.717243615935599987e-01
1.856169200000000075e+00,1.717243615935599987e-01
1.856308400000000081e+00,1.717243615935599987e-01
1.856447600000000087e+00,1.717243615935599987e-01
1.856586800000000093e+00,1.717243615935599987e-01
1.856726000000000099e+00,1.717243615935599987e-01
1.856865200000000105e+00,1.717243615935599987e-01
1.857004400000000111e+00,1.717243615935599987e-01
1.857143600000000117e+00,1.717243615935599987e-01
1.857282800000000123e+00,1.717243615935599987e-01
1.857422000000000128e+00,1.717243615935599987e-01
1.857561200000000134e+00,1.717243615935599987e-01
1.857700400000000140e+00,1.717243615935599987e-01
1.857839600000000146e+00,1.717243615935599987e-01
1.857978800000000152e+00,1.717243615935599987e-01
1.857990000000000030e+00,1.717243615935599987e-01
1.858130199999999954e+00,1.717243615935599987e-01
1.858270399999999878e+00,1.717243615935599987e-01
1.858410599999999802e+00,1.717243615935599987e-01
1.858550799999999725e+00,1.717243615935599987e-01
1.858690999999999649e+00,1.717243615935599987e-01
1.858831199999999573e+00,1.717243615935599987e-01
1.858971399999999496e+00,1.717243615935599987e-01
1.859111599999999420e+00,1.717243615935599987e-01
1.859251799999999344e+00,1.717243615935599987e-01
1.859391999999999268e+00,1.717243615935599987e-01
1.859532199999999191e+00,1.717243615935599987e-01
1.859672399999999115e+00,1.717243615935599987e-01
1.859812599999999039e+00,1.717243615935599987e-01
1.859952799999998962e+00,1.717243615935599987e-01
1.860000000000000098e+00,1.717243615935599987e-01
1.860140400000000138e+00,1.717243615935599987e-01
1.860280800000000179e+00,1.717243615935599987e-01
1.860421200000000219e+00,1.717243615935599987e-01
1.860561600000000260e+00,1.717243615935599987e-01
1.860702000000000300e+00,1.717243615935599987e-01
1.860842400000000341e+00,1.717243615935599987e-01
1.860982800000000381e+00,1.717243615935599987e-01
1.861123200000000422e+00,1.717243615935599987e-01
1.861263600000000462e+00,1.717243615935599987e-01
1.861404000000000503e+00,1.717243615935599987e-01
1.861544400000000543e+00,1.717243615935599987e-01
1.861684800000000584e+00,1.717243615935599987e-01
1.861825200000000624e+00,1.717243615935599987e-01
1.861965600000000665e+00,1.717243615935599987e-01
1.862020000000000008e+00,1.717243615935599987e-01
1.862160199999999932e+00,1.717243615935599987e-01
1.862300399999999856e+00,1.717243615935599987e-01
1.862440599999999780e+00,1.717243615935599987e-01
1.862580799999999703e+00,1.717243615935599987e-01
1.862720999999999627e+00,1.717243615935599987e-01
1.862861199999999551e+00,1.717243615935599987e-01
1.863001399999999474e+00,1.717243615935599987e-01
1.863141599999999398e+00,1.717243615935599987e-01
1.863281799999999322e+00,1.717243615935599987e-01
1.863421999999999246e+00,1.717243615935599987e-01
1.863562199999999169e+00,1.717243615935599987e-01
1.863702399999999093e+00,1.717243615935599987e-01
1.863842599999999017e+00,1.717243615935599987e-01
1.863982799999998941e+00,1.717243615935599987e-01
1.864030000000000076e+00,1.717243615935599987e-01
1.864170199999999999e+00,1.717243615935599987e-01
1.864310399999999923e+00,1.717243615935599987e-01
1.864450599999999847e+00,1.717243615935599987e-01
1.864590799999999771e+00,1.717243615935599987e-01
1.864730999999999694e+00,1.717243615935599987e-01
1.864871199999999618e+00,1.717243615935599987e-01
1.865011399999999542e+00,1.717243615935599987e-01
1.865151599999999465e+00,1.717243615935599987e-01
1.865291799999999389e+00,1.717243615935599987e-01
1.865431999999999313e+00,1.717243615935599987e-01
1.865572199999999237e+00,1.717243615935599987e-01
1.865712399999999160e+00,1.717243615935599987e-01
1.865852599999999084e+00,1.717243615935599987e-01
1.865992799999999008e+00,1.717243615935599987e-01
1.866039999999999921e+00,1.717243615935599987e-01
1.866179199999999927e+00,1.717243615935599987e-01
1.866318399999999933e+00,1.717243615935599987e-01
1.866457599999999939e+00,1.717243615935599987e-01
1.866596799999999945e+00,1.717243615935599987e-01
1.866735999999999951e+00,1.717243615935599987e-01
1.866875199999999957e+00,1.717243615935599987e-01
1.867014399999999963e+00,1.717243615935599987e-01
1.867153599999999969e+00,1.717243615935599987e-01
1.867292799999999975e+00,1.717243615935599987e-01
1.867431999999999981e+00,1.717243615935599987e-01
1.867571199999999987e+00,1.717243615935599987e-01
1.867710399999999993e+00,1.717243615935599987e-01
1.867849599999999999e+00,1.717243615935599987e-01
1.867988800000000005e+00,1.717243615935599987e-01
1.868000000000000105e+00,1.717243615935599987e-01
1.868140200000000029e+00,1.717243615935599987e-01
1.868280399999999952e+00,1.717243615935599987e-01
1.868420599999999876e+00,1.717243615935599987e-01
1.868560799999999800e+00,1.717243615935599987e-01
1.868700999999999723e+00,1.717243615935599987e-01
1.868841199999999647e+00,1.717243615935599987e-01
1.868981399999999571e+00,1.717243615935599987e-01
1.869121599999999495e+00,1.717243615935599987e-01
1.869261799999999418e+00,1.717243615935599987e-01
1.869401999999999342e+00,1.717243615935599987e-01
1.869542199999999266e+00,1.717243615935599987e-01
1.869682399999999189e+00,1.717243615935599987e-01
1.869822599999999113e+00,1.717243615935599987e-01
1.869962799999999037e+00,1.717243615935599987e-01
1.870009999999999950e+00,1.717243615935599987e-01
1.870150399999999991e+00,1.717243615935599987e-01
1.870290800000000031e+00,1.717243615935599987e-01
1.870431200000000072e+00,1.717243615935599987e-01
1.870571600000000112e+00,1.717243615935599987e-01
1.870712000000000153e+00,1.717243615935599987e-01
1.870852400000000193e+00,1.717243615935599987e-01
1.870992800000000233e+00,1.717243615935599987e-01
1.871133200000000274e+00,1.717243615935599987e-01
1.871273600000000314e+00,1.717243615935599987e-01
1.871414000000000355e+00,1.717243615935599987e-01
1.871554400000000395e+00,1.717243615935599987e-01
1.871694800000000436e+00,1.717243615935599987e-01
1.871835200000000476e+00,1.717243615935599987e-01
1.871975600000000517e+00,1.717243615935599987e-01
1.872030000000000083e+00,1.717243615935599987e-01
1.872170200000000007e+00,1.717243615935599987e-01
1.872310399999999930e+00,1.717243615935599987e-01
1.872450599999999854e+00,1.717243615935599987e-01
1.872590799999999778e+00,1.717243615935599987e-01
1.872730999999999701e+00,1.717243615935599987e-01
1.872871199999999625e+00,1.717243615935599987e-01
1.873011399999999549e+00,1.717243615935599987e-01
1.873151599999999473e+00,1.717243615935599987e-01
1.873291799999999396e+00,1.717243615935599987e-01
1.873431999999999320e+00,1.717243615935599987e-01
1.873572199999999244e+00,1.717243615935599987e-01
1.873712399999999167e+00,1.717243615935599987e-01
1.873852599999999091e+00,1.717243615935599987e-01
1.873992799999999015e+00,1.717243615935599987e-01
1.874039999999999928e+00,1.717243615935599987e-01
1.874179000000000039e+00,1.717243615935599987e-01
1.874318000000000151e+00,1.717243615935599987e-01
1.874457000000000262e+00,1.717243615935599987e-01
1.874596000000000373e+00,1.717243615935599987e-01
1.874735000000000484e+00,1.717243615935599987e-01
1.874874000000000596e+00,1.717243615935599987e-01
1.875013000000000707e+00,1.717243615935599987e-01
1.875152000000000818e+00,1.717243615935599987e-01
1.875291000000000929e+00,1.717243615935599987e-01
1.875430000000001041e+00,1.717243615935599987e-01
1.875569000000001152e+00,1.717243615935599987e-01
1.875708000000001263e+00,1.717243615935599987e-01
1.875847000000001374e+00,1.717243615935599987e-01
1.875986000000001486e+00,1.717243615935599987e-01
1.875990000000000046e+00,1.717243615935599987e-01
1.876130400000000087e+00,1.717243615935599987e-01
1.876270800000000127e+00,1.717243615935599987e-01
1.876411200000000168e+00,1.717243615935599987e-01
1.876551600000000208e+00,1.717243615935599987e-01
1.876692000000000249e+00,1.717243615935599987e-01
1.876832400000000289e+00,1.717243615935599987e-01
1.876972800000000330e+00,1.717243615935599987e-01
1.877113200000000370e+00,1.717243615935599987e-01
1.877253600000000411e+00,1.717243615935599987e-01
1.877394000000000451e+00,1.717243615935599987e-01
1.877534400000000492e+00,1.717243615935599987e-01
1.877674800000000532e+00,1.717243615935599987e-01
1.877815200000000573e+00,1.717243615935599987e-01
1.877955600000000613e+00,1.717243615935599987e-01
1.878009999999999957e+00,1.717243615935599987e-01
1.878150199999999881e+00,1.717243615935599987e-01
1.878290399999999805e+00,1.717243615935599987e-01
1.878430599999999728e+00,1.717243615935599987e-01
1.878570799999999652e+00,1.717243615935599987e-01
1.878710999999999576e+00,1.717243615935599987e-01
1.878851199999999499e+00,1.717243615935599987e-01
1.878991399999999423e+00,1.717243615935599987e-01
1.879131599999999347e+00,1.717243615935599987e-01
1.879271799999999271e+00,1.717243615935599987e-01
1.879411999999999194e+00,1.717243615935599987e-01
1.879552199999999118e+00,1.717243615935599987e-01
1.879692399999999042e+00,1.717243615935599987e-01
1.879832599999998966e+00,1.717243615935599987e-01
1.879972799999998889e+00,1.717243615935599987e-01
1.880020000000000024e+00,1.717243615935599987e-01
1.880160400000000065e+00,1.717243615935599987e-01
1.880300800000000105e+00,1.717243615935599987e-01
1.880441200000000146e+00,1.717243615935599987e-01
1.880581600000000186e+00,1.717243615935599987e-01
1.880722000000000227e+00,1.717243615935599987e-01
1.880862400000000267e+00,1.717243615935599987e-01
1.881002800000000308e+00,1.717243615935599987e-01
1.881143200000000348e+00,1.717243615935599987e-01
1.881283600000000389e+00,1.717243615935599987e-01
1.881424000000000429e+00,1.717243615935599987e-01
1.881564400000000470e+00,1.717243615935599987e-01
1.881704800000000510e+00,1.717243615935599987e-01
1.881845200000000551e+00,1.717243615935599987e-01
1.881985600000000591e+00,1.717243615935599987e-01
1.882039999999999935e+00,1.717243615935599987e-01
1.882179000000000046e+00,1.717243615935599987e-01
1.882318000000000158e+00,1.717243615935599987e-01
1.882457000000000269e+00,1.717243615935599987e-01
1.882596000000000380e+00,1.717243615935599987e-01
1.882735000000000491e+00,1.717243615935599987e-01
1.882874000000000603e+00,1.717243615935599987e-01
1.883013000000000714e+00,1.717243615935599987e-01
1.883152000000000825e+00,1.717243615935599987e-01
1.883291000000000937e+00,1.717243615935599987e-01
1.883430000000001048e+00,1.717243615935599987e-01
1.883569000000001159e+00,1.717243615935599987e-01
1.883708000000001270e+00,1.717243615935599987e-01
1.883847000000001382e+00,1.717243615935599987e-01
1.883986000000001493e+00,1.717243615935599987e-01
1.883990000000000054e+00,1.717243615935599987e-01
1.884130199999999977e+00,1.717243615935599987e-01
1.884270399999999901e+00,1.717243615935599987e-01
1.884410599999999825e+00,1.717243615935599987e-01
1.884550799999999748e+00,1.717243615935599987e-01
1.884690999999999672e+00,1.717243615935599987e-01
1.884831199999999596e+00,1.717243615935599987e-01
1.884971399999999520e+00,1.717243615935599987e-01
1.885111599999999443e+00,1.717243615935599987e-01
1.885251799999999367e+00,1.717243615935599987e-01
1.885391999999999291e+00,1.717243615935599987e-01
1.885532199999999214e+00,1.717243615935599987e-01
1.885672399999999138e+00,1.717243615935599987e-01
1.885812599999999062e+00,1.717243615935599987e-01
1.885952799999998986e+00,1.717243615935599987e-01
1.885999999999999899e+00,1.717243615935599987e-01
1.886140399999999939e+00,1.717243615935599987e-01
1.886280799999999980e+00,1.717243615935599987e-01
1.886421200000000020e+00,1.717243615935599987e-01
1.886561600000000061e+00,1.717243615935599987e-01
1.886702000000000101e+00,1.717243615935599987e-01
1.886842400000000142e+00,1.717243615935599987e-01
1.886982800000000182e+00,1.717243615935599987e-01
1.887123200000000223e+00,1.717243615935599987e-01
1.887263600000000263e+00,1.717243615935599987e-01
1.887404000000000304e+00,1.717243615935599987e-01
1.887544400000000344e+00,1.717243615935599987e-01
1.887684800000000385e+00,1.717243615935599987e-01
1.887825200000000425e+00,1.717243615935599987e-01
1.887965600000000466e+00,1.717243615935599987e-01
1.888020000000000032e+00,1.717243615935599987e-01
1.888160199999999955e+00,1.717243615935599987e-01
1.888300399999999879e+00,1.717243615935599987e-01
1.888440599999999803e+00,1.717243615935599987e-01
1.888580799999999726e+00,1.717243615935599987e-01
1.888720999999999650e+00,1.717243615935599987e-01
1.888861199999999574e+00,1.717243615935599987e-01
1.889001399999999498e+00,1.717243615935599987e-01
1.889141599999999421e+00,1.717243615935599987e-01
1.889281799999999345e+00,1.717243615935599987e-01
1.889421999999999269e+00,1.717243615935599987e-01
1.889562199999999192e+00,1.717243615935599987e-01
1.889702399999999116e+00,1.717243615935599987e-01
1.889842599999999040e+00,1.717243615935599987e-01
1.889982799999998964e+00,1.717243615935599987e-01
1.890030000000000099e+00,1.717243615935599987e-01
1.890170400000000139e+00,1.717243615935599987e-01
1.890310800000000180e+00,1.717243615935599987e-01
1.890451200000000220e+00,1.717243615935599987e-01
1.890591600000000261e+00,1.717243615935599987e-01
1.890732000000000301e+00,1.717243615935599987e-01
1.890872400000000342e+00,1.717243615935599987e-01
1.891012800000000382e+00,1.717243615935599987e-01
1.891153200000000423e+00,1.717243615935599987e-01
1.891293600000000463e+00,1.717243615935599987e-01
1.891434000000000504e+00,1.717243615935599987e-01
1.891574400000000544e+00,1.717243615935599987e-01
1.891714800000000585e+00,1.717243615935599987e-01
1.891855200000000625e+00,1.717243615935599987e-01
1.891995600000000666e+00,1.717243615935599987e-01
1.892050000000000010e+00,1.717243615935599987e-01
1.892188999999999899e+00,1.717243615935599987e-01
1.892327999999999788e+00,1.717243615935599987e-01
1.892466999999999677e+00,1.717243615935599987e-01
1.892605999999999566e+00,1.717243615935599987e-01
1.892744999999999456e+00,1.717243615935599987e-01
1.892883999999999345e+00,1.717243615935599987e-01
1.893022999999999234e+00,1.717243615935599987e-01
1.893161999999999123e+00,1.717243615935599987e-01
1.893300999999999013e+00,1.717243615935599987e-01
1.893439999999998902e+00,1.717243615935599987e-01
1.893578999999998791e+00,1.717243615935599987e-01
1.893717999999998680e+00,1.717243615935599987e-01
1.893856999999998569e+00,1.717243615935599987e-01
1.893995999999998459e+00,1.717243615935599987e-01
1.893999999999999906e+00,1.717243615935599987e-01
1.894140199999999830e+00,1.717243615935599987e-01
1.894280399999999753e+00,1.717243615935599987e-01
1.894420599999999677e+00,1.717243615935599987e-01
1.894560799999999601e+00,1.717243615935599987e-01
1.894700999999999524e+00,1.717243615935599987e-01
1.894841199999999448e+00,1.717243615935599987e-01
1.894981399999999372e+00,1.717243615935599987e-01
1.895121599999999296e+00,1.717243615935599987e-01
1.895261799999999219e+00,1.717243615935599987e-01
1.895401999999999143e+00,1.717243615935599987e-01
1.895542199999999067e+00,1.717243615935599987e-01
1.895682399999998990e+00,1.717243615935599987e-01
1.895822599999998914e+00,1.717243615935599987e-01
1.895962799999998838e+00,1.717243615935599987e-01
1.896009999999999973e+00,1.717243615935599987e-01
1.896150400000000014e+00,1.717243615935599987e-01
1.896290800000000054e+00,1.717243615935599987e-01
1.896431200000000095e+00,1.717243615935599987e-01
1.896571600000000135e+00,1.717243615935599987e-01
1.896712000000000176e+00,1.717243615935599987e-01
1.896852400000000216e+00,1.717243615935599987e-01
1.896992800000000257e+00,1.717243615935599987e-01
1.897133200000000297e+00,1.717243615935599987e-01
1.897273600000000338e+00,1.717243615935599987e-01
1.897414000000000378e+00,1.717243615935599987e-01
1.897554400000000419e+00,1.717243615935599987e-01
1.897694800000000459e+00,1.717243615935599987e-01
1.897835200000000500e+00,1.717243615935599987e-01
1.897975600000000540e+00,1.717243615935599987e-01
1.898030000000000106e+00,1.717243615935599987e-01
1.898170200000000030e+00,1.717243615935599987e-01
1.898310399999999953e+00,1.717243615935599987e-01
1.898450599999999877e+00,1.717243615935599987e-01
1.898590799999999801e+00,1.717243615935599987e-01
1.898730999999999725e+00,1.717243615935599987e-01
1.898871199999999648e+00,1.717243615935599987e-01
1.899011399999999572e+00,1.717243615935599987e-01
1.899151599999999496e+00,1.717243615935599987e-01
1.899291799999999419e+00,1.717243615935599987e-01
1.899431999999999343e+00,1.717243615935599987e-01
1.899572199999999267e+00,1.717243615935599987e-01
1.899712399999999191e+00,1.717243615935599987e-01
1.899852599999999114e+00,1.717243615935599987e-01
1.899992799999999038e+00,1.717243615935599987e-01
1.900039999999999951e+00,1.717243615935599987e-01
1.900179000000000062e+00,1.717243615935599987e-01
1.900318000000000174e+00,1.717243615935599987e-01
1.900457000000000285e+00,1.717243615935599987e-01
1.900596000000000396e+00,1.717243615935599987e-01
1.900735000000000507e+00,1.717243615935599987e-01
1.900874000000000619e+00,1.717243615935599987e-01
1.901013000000000730e+00,1.717243615935599987e-01
1.901152000000000841e+00,1.717243615935599987e-01
1.901291000000000952e+00,1.717243615935599987e-01
1.901430000000001064e+00,1.717243615935599987e-01
1.901569000000001175e+00,1.717243615935599987e-01
1.901708000000001286e+00,1.717243615935599987e-01
1.901847000000001398e+00,1.717243615935599987e-01
1.901986000000001509e+00,1.717243615935599987e-01
1.901990000000000069e+00,1.717243615935599987e-01
1.902130400000000110e+00,1.717243615935599987e-01
1.902270800000000150e+00,1.717243615935599987e-01
1.902411200000000191e+00,1.717243615935599987e-01
1.902551600000000231e+00,1.717243615935599987e-01
1.902692000000000272e+00,1.717243615935599987e-01
1.902832400000000312e+00,1.717243615935599987e-01
1.902972800000000353e+00,1.717243615935599987e-01
1.903113200000000393e+00,1.717243615935599987e-01
1.903253600000000434e+00,1.717243615935599987e-01
1.903394000000000474e+00,1.717243615935599987e-01
1.903534400000000515e+00,1.717243615935599987e-01
1.903674800000000555e+00,1.717243615935599987e-01
1.903815200000000596e+00,1.717243615935599987e-01
1.903955600000000636e+00,1.717243615935599987e-01
1.904009999999999980e+00,1.717243615935599987e-01
1.904150199999999904e+00,1.717243615935599987e-01
1.904290399999999828e+00,1.717243615935599987e-01
1.904430599999999751e+00,1.717243615935599987e-01
1.904570799999999675e+00,1.717243615935599987e-01
1.904710999999999599e+00,1.717243615935599987e-01
1.904851199999999523e+00,1.717243615935599987e-01
1.904991399999999446e+00,1.717243615935599987e-01
1.905131599999999370e+00,1.717243615935599987e-01
1.905271799999999294e+00,1.717243615935599987e-01
1.905411999999999217e+00,1.717243615935599987e-01
1.905552199999999141e+00,1.717243615935599987e-01
1.905692399999999065e+00,1.717243615935599987e-01
1.905832599999998989e+00,1.717243615935599987e-01
1.905972799999998912e+00,1.717243615935599987e-01
1.906020000000000048e+00,1.717243615935599987e-01
1.906160400000000088e+00,1.717243615935599987e-01
1.906300800000000129e+00,1.717243615935599987e-01
1.906441200000000169e+00,1.717243615935599987e-01
1.906581600000000210e+00,1.717243615935599987e-01
1.906722000000000250e+00,1.717243615935599987e-01
1.906862400000000290e+00,1.717243615935599987e-01
1.907002800000000331e+00,1.717243615935599987e-01
1.907143200000000371e+00,1.717243615935599987e-01
1.907283600000000412e+00,1.717243615935599987e-01
1.907424000000000452e+00,1.717243615935599987e-01
1.907564400000000493e+00,1.717243615935599987e-01
1.907704800000000533e+00,1.717243615935599987e-01
1.907845200000000574e+00,1.717243615935599987e-01
1.907985600000000614e+00,1.717243615935599987e-01
1.908039999999999958e+00,1.717243615935599987e-01
1.908179000000000070e+00,1.717243615935599987e-01
1.908318000000000181e+00,1.717243615935599987e-01
1.908457000000000292e+00,1.717243615935599987e-01
1.908596000000000403e+00,1.717243615935599987e-01
1.908735000000000515e+00,1.717243615935599987e-01
1.908874000000000626e+00,1.717243615935599987e-01
1.909013000000000737e+00,1.717243615935599987e-01
1.909152000000000848e+00,1.717243615935599987e-01
1.909291000000000960e+00,1.717243615935599987e-01
1.909430000000001071e+00,1.717243615935599987e-01
1.909569000000001182e+00,1.717243615935599987e-01
1.909708000000001293e+00,1.717243615935599987e-01
1.909847000000001405e+00,1.717243615935599987e-01
1.909986000000001516e+00,1.717243615935599987e-01
1.909990000000000077e+00,1.717243615935599987e-01
1.910130200000000000e+00,1.717243615935599987e-01
1.910270399999999924e+00,1.717243615935599987e-01
1.910410599999999848e+00,1.717243615935599987e-01
1.910550799999999771e+00,1.717243615935599987e-01
1.910690999999999695e+00,1.717243615935599987e-01
1.910831199999999619e+00,1.717243615935599987e-01
1.910971399999999543e+00,1.717243615935599987e-01
1.911111599999999466e+00,1.717243615935599987e-01
1.911251799999999390e+00,1.717243615935599987e-01
1.911391999999999314e+00,1.717243615935599987e-01
1.911532199999999238e+00,1.717243615935599987e-01
1.911672399999999161e+00,1.717243615935599987e-01
1.911812599999999085e+00,1.717243615935599987e-01
1.911952799999999009e+00,1.717243615935599987e-01
1.911999999999999922e+00,1.717243615935599987e-01
1.912140399999999962e+00,1.717243615935599987e-01
1.912280800000000003e+00,1.717243615935599987e-01
1.912421200000000043e+00,1.717243615935599987e-01
1.912561600000000084e+00,1.717243615935599987e-01
1.912702000000000124e+00,1.717243615935599987e-01
1.912842400000000165e+00,1.717243615935599987e-01
1.912982800000000205e+00,1.717243615935599987e-01
1.913123200000000246e+00,1.717243615935599987e-01
1.913263600000000286e+00,1.717243615935599987e-01
1.913404000000000327e+00,1.717243615935599987e-01
1.913544400000000367e+00,1.717243615935599987e-01
1.913684800000000408e+00,1.717243615935599987e-01
1.913825200000000448e+00,1.717243615935599987e-01
1.913965600000000489e+00,1.717243615935599987e-01
1.914020000000000055e+00,1.717243615935599987e-01
1.914160199999999978e+00,1.717243615935599987e-01
1.914300399999999902e+00,1.717243615935599987e-01
1.914440599999999826e+00,1.717243615935599987e-01
1.914580799999999750e+00,1.717243615935599987e-01
1.914720999999999673e+00,1.717243615935599987e-01
1.914861199999999597e+00,1.717243615935599987e-01
1.915001399999999521e+00,1.717243615935599987e-01
1.915141599999999444e+00,1.717243615935599987e-01
1.915281799999999368e+00,1.717243615935599987e-01
1.915421999999999292e+00,1.717243615935599987e-01
1.915562199999999216e+00,1.717243615935599987e-01
1.915702399999999139e+00,1.717243615935599987e-01
1.915842599999999063e+00,1.717243615935599987e-01
1.915982799999998987e+00,1.717243615935599987e-01
1.916029999999999900e+00,1.717243615935599987e-01
1.916170399999999940e+00,1.717238910899536175e-01
1.916310799999999981e+00,1.717234204650576745e-01
1.916451200000000021e+00,1.717229497189211862e-01
1.916591600000000062e+00,1.717224788515931411e-01
1.916732000000000102e+00,1.717220078631225000e-01
1.916872400000000143e+00,1.717215367535581683e-01
1.917012800000000183e+00,1.717210655229489957e-01
1.917153200000000224e+00,1.717205941713437489e-01
1.917293600000000264e+00,1.717201226987911944e-01
1.917434000000000305e+00,1.717196511053400154e-01
1.917574400000000345e+00,1.717191793910388675e-01
1.917714800000000386e+00,1.717187075559363507e-01
1.917855200000000426e+00,1.717182356000810373e-01
1.917995600000000467e+00,1.717177635235213884e-01
1.918050000000000033e+00,1.717175805782321651e-01
1.918188999999999922e+00,1.717171130438571447e-01
1.918327999999999811e+00,1.717166453912825630e-01
1.918466999999999700e+00,1.717161776205552992e-01
1.918605999999999590e+00,1.717157097317222048e-01
1.918744999999999479e+00,1.717152417248300755e-01
1.918883999999999368e+00,1.717147735999257074e-01
1.919022999999999257e+00,1.717143053570557854e-01
1.919161999999999146e+00,1.717138369962669664e-01
1.919300999999999036e+00,1.717133685176058799e-01
1.919439999999998925e+00,1.717128999211190998e-01
1.919578999999998814e+00,1.717124312068531444e-01
1.919717999999998703e+00,1.717119623748545043e-01
1.919856999999998592e+00,1.717114934251695868e-01
1.919995999999998482e+00,1.717110243578447992e-01
1.919999999999999929e+00,1.717110108577636907e-01
1.920140199999999853e+00,1.717105376184007159e-01
1.920280399999999776e+00,1.717100642594509008e-01
1.920420599999999700e+00,1.717095907809617072e-01
1.920560799999999624e+00,1.717091171829805696e-01
1.920700999999999548e+00,1.717086434655547833e-01
1.920841199999999471e+00,1.717081696287316994e-01
1.920981399999999395e+00,1.717076956725585857e-01
1.921121599999999319e+00,1.717072215970826266e-01
1.921261799999999242e+00,1.717067474023510065e-01
1.921401999999999166e+00,1.717062730884107991e-01
1.921542199999999090e+00,1.717057986553091331e-01
1.921682399999999014e+00,1.717053241030929989e-01
1.921822599999998937e+00,1.717048494318093865e-01
1.921962799999998861e+00,1.717043746415052030e-01
1.922009999999999996e+00,1.717042147709232358e-01
1.922150400000000037e+00,1.717037391439829030e-01
1.922290800000000077e+00,1.717032633977890466e-01
1.922431200000000118e+00,1.717027875323886288e-01
1.922571600000000158e+00,1.717023115478285566e-01
1.922712000000000199e+00,1.717018354441557371e-01
1.922852400000000239e+00,1.717013592214169937e-01
1.922992800000000280e+00,1.717008828796591224e-01
1.923133200000000320e+00,1.717004064189288359e-01
1.923273600000000361e+00,1.716999298392728468e-01
1.923414000000000401e+00,1.716994531407377844e-01
1.923554400000000442e+00,1.716989763233702504e-01
1.923694800000000482e+00,1.716984993872168186e-01
1.923835200000000523e+00,1.716980223323240073e-01
1.923975600000000563e+00,1.716975451587382240e-01
1.924029999999999907e+00,1.716973602390742537e-01
1.924170199999999831e+00,1.716968835809333238e-01
1.924310399999999754e+00,1.716964068045446212e-01
1.924450599999999678e+00,1.716959299099543035e-01
1.924590799999999602e+00,1.716954528972083893e-01
1.924730999999999526e+00,1.716949757663529252e-01
1.924871199999999449e+00,1.716944985174338467e-01
1.925011399999999373e+00,1.716940211504970892e-01
1.925151599999999297e+00,1.716935436655885605e-01
1.925291799999999220e+00,1.716930660627540572e-01
1.925431999999999144e+00,1.716925883420393761e-01
1.925572199999999068e+00,1.716921105034902861e-01
1.925712399999998992e+00,1.716916325471524729e-01
1.925852599999998915e+00,1.716911544730715944e-01
1.925992799999998839e+00,1.716906762812932530e-01
1.926039999999999974e+00,1.716905152658626532e-01
1.926179199999999980e+00,1.716900403291514443e-01
1.926318399999999986e+00,1.716895652765169367e-01
1.926457599999999992e+00,1.716890901080036225e-01
1.926596799999999998e+00,1.716886148236559384e-01
1.926736000000000004e+00,1.716881394235182934e-01
1.926875200000000010e+00,1.716876639076350408e-01
1.927014400000000016e+00,1.716871882760505341e-01
1.927153600000000022e+00,1.716867125288090434e-01
1.927292800000000028e+00,1.716862366659548111e-01
1.927432000000000034e+00,1.716857606875319964e-01
1.927571200000000040e+00,1.716852845935847582e-01
1.927710400000000046e+00,1.716848083841572559e-01
1.927849600000000052e+00,1.716843320592935096e-01
1.927988800000000058e+00,1.716838556190375675e-01
1.927999999999999936e+00,1.716838172797503781e-01
1.928140199999999860e+00,1.716833372908492250e-01
1.928280399999999783e+00,1.716828571849826068e-01
1.928420599999999707e+00,1.716823769621954321e-01
1.928560799999999631e+00,1.716818966225324150e-01
1.928700999999999555e+00,1.716814161660383808e-01
1.928841199999999478e+00,1.716809355927579883e-01
1.928981399999999402e+00,1.716804549027359517e-01
1.929121599999999326e+00,1.716799740960168741e-01
1.929261799999999250e+00,1.716794931726453588e-01
1.929401999999999173e+00,1.716790121326659257e-01
1.929542199999999097e+00,1.716785309761230671e-01
1.929682399999999021e+00,1.716780497030612751e-01
1.929822599999998944e+00,1.716775683135249031e-01
1.929962799999998868e+00,1.716770868075583600e-01
1.930010000000000003e+00,1.716769246766524371e-01
1.930150199999999927e+00,1.716764430151244969e-01
1.930290399999999851e+00,1.716759612372669996e-01
1.930430599999999774e+00,1.716754793431242154e-01
1.930570799999999698e+00,1.716749973327403034e-01
1.930710999999999622e+00,1.716745152061593949e-01
1.930851199999999546e+00,1.716740329634255935e-01
1.930991399999999469e+00,1.716735506045829751e-01
1.931131599999999393e+00,1.716730681296755323e-01
1.931271799999999317e+00,1.716725855387472299e-01
1.931411999999999241e+00,1.716721028318420328e-01
1.931552199999999164e+00,1.716716200090038225e-01
1.931692399999999088e+00,1.716711370702764250e-01
1.931832599999999012e+00,1.716706540157036665e-01
1.931972799999998935e+00,1.716701708453292896e-01
1.932020000000000071e+00,1.716700081542222867e-01
1.932160400000000111e+00,1.716695241395637117e-01
1.932300800000000152e+00,1.716690400088726198e-01
1.932441200000000192e+00,1.716685557621928371e-01
1.932581600000000233e+00,1.716680713995680785e-01
1.932722000000000273e+00,1.716675869210421146e-01
1.932862400000000314e+00,1.716671023266586049e-01
1.933002800000000354e+00,1.716666176164612090e-01
1.933143200000000395e+00,1.716661327904935030e-01
1.933283600000000435e+00,1.716656478487990911e-01
1.933424000000000476e+00,1.716651627914214662e-01
1.933564400000000516e+00,1.716646776184040935e-01
1.933704800000000557e+00,1.716641923297904104e-01
1.933845200000000597e+00,1.716637069256238268e-01
1.933985600000000638e+00,1.716632214059476969e-01
1.934039999999999981e+00,1.716630332533277126e-01
1.934179000000000093e+00,1.716625524169856642e-01
1.934318000000000204e+00,1.716620714675232973e-01
1.934457000000000315e+00,1.716615904049825225e-01
1.934596000000000426e+00,1.716611092294052232e-01
1.934735000000000538e+00,1.716606279408332825e-01
1.934874000000000649e+00,1.716601465393085280e-01
1.935013000000000760e+00,1.716596650248727041e-01
1.935152000000000871e+00,1.716591833975675552e-01
1.935291000000000983e+00,1.716587016574347979e-01
1.935430000000001094e+00,1.716582198045160657e-01
1.935569000000001205e+00,1.716577378388530195e-01
1.935708000000001316e+00,1.716572557604872096e-01
1.935847000000001428e+00,1.716567735694601582e-01
1.935986000000001539e+00,1.716562912658134155e-01
1.935990000000000100e+00,1.716562773849055756e-01
1.936130400000000140e+00,1.716557901059661828e-01
1.936270800000000181e+00,1.716553027122116326e-01
1.936411200000000221e+00,1.716548152036845576e-01
1.936551600000000262e+00,1.716543275804275903e-01
1.936692000000000302e+00,1.716538398424832801e-01
1.936832400000000343e+00,1.716533519898942040e-01
1.936972800000000383e+00,1.716528640227028002e-01
1.937113200000000424e+00,1.716523759409515348e-01
1.937253600000000464e+00,1.716518877446828184e-01
1.937394000000000505e+00,1.716513994339390337e-01
1.937534400000000545e+00,1.716509110087625078e-01
1.937674800000000586e+00,1.716504224691955405e-01
1.937815200000000626e+00,1.716499338152803755e-01
1.937955600000000667e+00,1.716494450470592292e-01
1.938010000000000010e+00,1.716492556360676713e-01
1.938150199999999934e+00,1.716487674058761459e-01
1.938290399999999858e+00,1.716482790618014675e-01
1.938430599999999782e+00,1.716477906038855472e-01
1.938570799999999705e+00,1.716473020321702403e-01
1.938710999999999629e+00,1.716468133466973744e-01
1.938851199999999553e+00,1.716463245475087496e-01
1.938991399999999476e+00,1.716458356346460823e-01
1.939131599999999400e+00,1.716453466081510892e-01
1.939271799999999324e+00,1.716448574680654315e-01
1.939411999999999248e+00,1.716443682144307703e-01
1.939552199999999171e+00,1.716438788472886834e-01
1.939692399999999095e+00,1.716433893666806931e-01
1.939832599999999019e+00,1.716428997726483496e-01
1.939972799999998943e+00,1.716424100652331197e-01
1.940020000000000078e+00,1.716422451738985333e-01
1.940160200000000001e+00,1.716417553149908182e-01
1.940300399999999925e+00,1.716412653427943358e-01
1.940440599999999849e+00,1.716407752573504697e-01
1.940580799999999773e+00,1.716402850587005480e-01
1.940720999999999696e+00,1.716397947468858154e-01
1.940861199999999620e+00,1.716393043219474890e-01
1.941001399999999544e+00,1.716388137839268135e-01
1.941141599999999467e+00,1.716383231328648951e-01
1.941281799999999391e+00,1.716378323688028951e-01
1.941421999999999315e+00,1.716373414917818918e-01
1.941562199999999239e+00,1.716368505018429080e-01
1.941702399999999162e+00,1.716363593990269665e-01
1.941842599999999086e+00,1.716358681833750066e-01
1.941982799999999010e+00,1.716353768549279957e-01
1.942029999999999923e+00,1.716352114179862387e-01
1.942169199999999929e+00,1.716352114179862387e-01
1.942308399999999935e+00,1.716352114179862387e-01
1.942447599999999941e+00,1.716352114179862387e-01
1.942586799999999947e+00,1.716352114179862387e-01
1.942725999999999953e+00,1.716352114179862387e-01
1.942865199999999959e+00,1.716352114179862387e-01
1.943004399999999965e+00,1.716352114179862387e-01
1.943143599999999971e+00,1.716352114179862387e-01
1.943282799999999977e+00,1.716352114179862387e-01
1.943421999999999983e+00,1.716352114179862387e-01
1.943561199999999989e+00,1.716352114179862387e-01
1.943700399999999995e+00,1.716352114179862387e-01
1.943839600000000001e+00,1.716352114179862387e-01
1.943978800000000007e+00,1.716352114179862387e-01
1.943990000000000107e+00,1.716352114179862387e-01
1.944130200000000031e+00,1.716352114179862387e-01
1.944270399999999954e+00,1.716352114179862387e-01
1.944410599999999878e+00,1.716352114179862387e-01
1.944550799999999802e+00,1.716352114179862387e-01
1.944690999999999725e+00,1.716352114179862387e-01
1.944831199999999649e+00,1.716352114179862387e-01
1.944971399999999573e+00,1.716352114179862387e-01
1.945111599999999497e+00,1.716352114179862387e-01
1.945251799999999420e+00,1.716352114179862387e-01
1.945391999999999344e+00,1.716352114179862387e-01
1.945532199999999268e+00,1.716352114179862387e-01
1.945672399999999191e+00,1.716352114179862387e-01
1.945812599999999115e+00,1.716352114179862387e-01
1.945952799999999039e+00,1.716352114179862387e-01
1.945999999999999952e+00,1.716352114179862387e-01
1.946140199999999876e+00,1.716352114179862387e-01
1.946280399999999799e+00,1.716352114179862387e-01
1.946420599999999723e+00,1.716352114179862387e-01
1.946560799999999647e+00,1.716352114179862387e-01
1.946700999999999571e+00,1.716352114179862387e-01
1.946841199999999494e+00,1.716352114179862387e-01
1.946981399999999418e+00,1.716352114179862387e-01
1.947121599999999342e+00,1.716352114179862387e-01
1.947261799999999266e+00,1.716352114179862387e-01
1.947401999999999189e+00,1.716352114179862387e-01
1.947542199999999113e+00,1.716352114179862387e-01
1.947682399999999037e+00,1.716352114179862387e-01
1.947822599999998960e+00,1.716352114179862387e-01
1.947962799999998884e+00,1.716352114179862387e-01
1.948010000000000019e+00,1.716352114179862387e-01
1.948150400000000060e+00,1.716352114179862387e-01
1.948290800000000100e+00,1.716352114179862387e-01
1.948431200000000141e+00,1.716352114179862387e-01
1.948571600000000181e+00,1.716352114179862387e-01
1.948712000000000222e+00,1.716352114179862387e-01
1.948852400000000262e+00,1.716352114179862387e-01
1.948992800000000303e+00,1.716352114179862387e-01
1.949133200000000343e+00,1.716352114179862387e-01
1.949273600000000384e+00,1.716352114179862387e-01
1.949414000000000424e+00,1.716352114179862387e-01
1.949554400000000465e+00,1.716352114179862387e-01
1.949694800000000505e+00,1.716352114179862387e-01
1.949835200000000546e+00,1.716352114179862387e-01
1.949975600000000586e+00,1.716352114179862387e-01
1.950029999999999930e+00,1.716352114179862387e-01
1.950170199999999854e+00,1.716352114179862387e-01
1.950310399999999778e+00,1.716352114179862387e-01
1.950450599999999701e+00,1.716352114179862387e-01
1.950590799999999625e+00,1.716352114179862387e-01
1.950730999999999549e+00,1.716352114179862387e-01
1.950871199999999472e+00,1.716352114179862387e-01
1.951011399999999396e+00,1.716352114179862387e-01
1.951151599999999320e+00,1.716352114179862387e-01
1.951291799999999244e+00,1.716352114179862387e-01
1.951431999999999167e+00,1.716352114179862387e-01
1.951572199999999091e+00,1.716352114179862387e-01
1.951712399999999015e+00,1.716352114179862387e-01
1.951852599999998938e+00,1.716352114179862387e-01
1.951992799999998862e+00,1.716352114179862387e-01
1.952039999999999997e+00,1.716352114179862387e-01
1.952179200000000003e+00,1.716352114179862387e-01
1.952318400000000009e+00,1.716352114179862387e-01
1.952457600000000015e+00,1.716352114179862387e-01
1.952596800000000021e+00,1.716352114179862387e-01
1.952736000000000027e+00,1.716352114179862387e-01
1.952875200000000033e+00,1.716352114179862387e-01
1.953014400000000039e+00,1.716352114179862387e-01
1.953153600000000045e+00,1.716352114179862387e-01
1.953292800000000051e+00,1.716352114179862387e-01
1.953432000000000057e+00,1.716352114179862387e-01
1.953571200000000063e+00,1.716352114179862387e-01
1.953710400000000069e+00,1.716352114179862387e-01
1.953849600000000075e+00,1.716352114179862387e-01
1.953988800000000081e+00,1.716352114179862387e-01
1.953999999999999959e+00,1.716352114179862387e-01
1.954140199999999883e+00,1.716352114179862387e-01
1.954280399999999807e+00,1.716352114179862387e-01
1.954420599999999730e+00,1.716352114179862387e-01
1.954560799999999654e+00,1.716352114179862387e-01
1.954700999999999578e+00,1.716352114179862387e-01
1.954841199999999501e+00,1.716352114179862387e-01
1.954981399999999425e+00,1.716352114179862387e-01
1.955121599999999349e+00,1.716352114179862387e-01
1.955261799999999273e+00,1.716352114179862387e-01
1.955401999999999196e+00,1.716352114179862387e-01
1.955542199999999120e+00,1.716352114179862387e-01
1.955682399999999044e+00,1.716352114179862387e-01
1.955822599999998967e+00,1.716352114179862387e-01
1.955962799999998891e+00,1.716352114179862387e-01
1.956010000000000026e+00,1.716352114179862387e-01
1.956150199999999950e+00,1.716352114179862387e-01
1.956290399999999874e+00,1.716352114179862387e-01
1.956430599999999798e+00,1.716352114179862387e-01
1.956570799999999721e+00,1.716352114179862387e-01
1.956710999999999645e+00,1.716352114179862387e-01
1.956851199999999569e+00,1.716352114179862387e-01
1.956991399999999492e+00,1.716352114179862387e-01
1.957131599999999416e+00,1.716352114179862387e-01
1.957271799999999340e+00,1.716352114179862387e-01
1.957411999999999264e+00,1.716352114179862387e-01
1.957552199999999187e+00,1.716352114179862387e-01
1.957692399999999111e+00,1.716352114179862387e-01
1.957832599999999035e+00,1.716352114179862387e-01
1.957972799999998958e+00,1.716352114179862387e-01
1.958020000000000094e+00,1.716352114179862387e-01
1.958160400000000134e+00,1.716352114179862387e-01
1.958300800000000175e+00,1.716352114179862387e-01
1.958441200000000215e+00,1.716352114179862387e-01
1.958581600000000256e+00,1.716352114179862387e-01
1.958722000000000296e+00,1.716352114179862387e-01
1.958862400000000337e+00,1.716352114179862387e-01
1.959002800000000377e+00,1.716352114179862387e-01
1.959143200000000418e+00,1.716352114179862387e-01
1.959283600000000458e+00,1.716352114179862387e-01
1.959424000000000499e+00,1.716352114179862387e-01
1.959564400000000539e+00,1.716352114179862387e-01
1.959704800000000580e+00,1.716352114179862387e-01
1.959845200000000620e+00,1.716352114179862387e-01
1.959985600000000661e+00,1.716352114179862387e-01
1.960040000000000004e+00,1.716352114179862387e-01
1.960178999999999894e+00,1.716352114179862387e-01
1.960317999999999783e+00,1.716352114179862387e-01
1.960456999999999672e+00,1.716352114179862387e-01
1.960595999999999561e+00,1.716352114179862387e-01
1.960734999999999451e+00,1.716352114179862387e-01
1.960873999999999340e+00,1.716352114179862387e-01
1.961012999999999229e+00,1.716352114179862387e-01
1.961151999999999118e+00,1.716352114179862387e-01
1.961290999999999007e+00,1.716352114179862387e-01
1.961429999999998897e+00,1.716352114179862387e-01
1.961568999999998786e+00,1.716352114179862387e-01
1.961707999999998675e+00,1.716352114179862387e-01
1.961846999999998564e+00,1.716352114179862387e-01
1.961985999999998453e+00,1.716352114179862387e-01
1.961989999999999901e+00,1.716352114179862387e-01
1.962130399999999941e+00,1.716352114179862387e-01
1.962270799999999982e+00,1.716352114179862387e-01
1.962411200000000022e+00,1.716352114179862387e-01
1.962551600000000063e+00,1.716352114179862387e-01
1.962692000000000103e+00,1.716352114179862387e-01
1.962832400000000144e+00,1.716352114179862387e-01
1.962972800000000184e+00,1.716352114179862387e-01
1.963113200000000225e+00,1.716352114179862387e-01
1.963253600000000265e+00,1.716352114179862387e-01
1.963394000000000306e+00,1.716352114179862387e-01
1.963534400000000346e+00,1.716352114179862387e-01
1.963674800000000387e+00,1.716352114179862387e-01
1.963815200000000427e+00,1.716352114179862387e-01
1.963955600000000468e+00,1.716352114179862387e-01
1.964010000000000034e+00,1.716352114179862387e-01
1.964150199999999957e+00,1.716352114179862387e-01
1.964290399999999881e+00,1.716352114179862387e-01
1.964430599999999805e+00,1.716352114179862387e-01
1.964570799999999728e+00,1.716352114179862387e-01
1.964710999999999652e+00,1.716352114179862387e-01
1.964851199999999576e+00,1.716352114179862387e-01
1.964991399999999500e+00,1.716352114179862387e-01
1.965131599999999423e+00,1.716352114179862387e-01
1.965271799999999347e+00,1.716352114179862387e-01
1.965411999999999271e+00,1.716352114179862387e-01
1.965552199999999194e+00,1.716352114179862387e-01
1.965692399999999118e+00,1.716352114179862387e-01
1.965832599999999042e+00,1.716352114179862387e-01
1.965972799999998966e+00,1.716352114179862387e-01
1.966020000000000101e+00,1.716352114179862387e-01
1.966160200000000025e+00,1.716352114179862387e-01
1.966300399999999948e+00,1.716352114179862387e-01
1.966440599999999872e+00,1.716352114179862387e-01
1.966580799999999796e+00,1.716352114179862387e-01
1.966720999999999719e+00,1.716352114179862387e-01
1.966861199999999643e+00,1.716352114179862387e-01
1.967001399999999567e+00,1.716352114179862387e-01
1.967141599999999491e+00,1.716352114179862387e-01
1.967281799999999414e+00,1.716352114179862387e-01
1.967421999999999338e+00,1.716352114179862387e-01
1.967562199999999262e+00,1.716352114179862387e-01
1.967702399999999185e+00,1.716352114179862387e-01
1.967842599999999109e+00,1.716352114179862387e-01
1.967982799999999033e+00,1.716352114179862387e-01
1.968029999999999946e+00,1.716352114179862387e-01
1.968169199999999952e+00,1.716352114179862387e-01
1.968308399999999958e+00,1.716352114179862387e-01
1.968447599999999964e+00,1.716352114179862387e-01
1.968586799999999970e+00,1.716352114179862387e-01
1.968725999999999976e+00,1.716352114179862387e-01
1.968865199999999982e+00,1.716352114179862387e-01
1.969004399999999988e+00,1.716352114179862387e-01
1.969143599999999994e+00,1.716352114179862387e-01
1.969282800000000000e+00,1.716352114179862387e-01
1.969422000000000006e+00,1.716352114179862387e-01
1.969561200000000012e+00,1.716352114179862387e-01
1.969700400000000018e+00,1.716352114179862387e-01
1.969839600000000024e+00,1.716352114179862387e-01
1.969978800000000030e+00,1.716352114179862387e-01
1.969989999999999908e+00,1.716352114179862387e-01
1.970130199999999832e+00,1.716352114179862387e-01
1.970270399999999755e+00,1.716352114179862387e-01
1.970410599999999679e+00,1.716352114179862387e-01
1.970550799999999603e+00,1.716352114179862387e-01
1.970690999999999526e+00,1.716352114179862387e-01
1.970831199999999450e+00,1.716352114179862387e-01
1.970971399999999374e+00,1.716352114179862387e-01
1.971111599999999298e+00,1.716352114179862387e-01
1.971251799999999221e+00,1.716352114179862387e-01
1.971391999999999145e+00,1.716352114179862387e-01
1.971532199999999069e+00,1.716352114179862387e-01
1.971672399999998992e+00,1.716352114179862387e-01
1.971812599999998916e+00,1.716352114179862387e-01
1.971952799999998840e+00,1.716352114179862387e-01
1.971999999999999975e+00,1.716352114179862387e-01
1.972125600000000034e+00,1.716352114179862387e-01
1.972251200000000093e+00,1.716352114179862387e-01
1.972376800000000152e+00,1.716352114179862387e-01
1.972502400000000211e+00,1.716352114179862387e-01
1.972628000000000270e+00,1.716352114179862387e-01
1.972753600000000329e+00,1.716352114179862387e-01
1.972879200000000388e+00,1.716352114179862387e-01
1.973004800000000447e+00,1.716352114179862387e-01
1.973130400000000506e+00,1.716352114179862387e-01
1.973256000000000565e+00,1.716352114179862387e-01
1.973279999999999923e+00,1.716352114179862387e-01
