# Time (s), Lath thickness (um)
2.000000000000000164e-05,0.000000000000000000e+00
1.601999999999999908e-04,0.000000000000000000e+00
3.003999999999999834e-04,0.000000000000000000e+00
4.405999999999999760e-04,0.000000000000000000e+00
5.808000000000000228e-04,0.000000000000000000e+00
7.209999999999999612e-04,0.000000000000000000e+00
8.612000000000000080e-04,0.000000000000000000e+00
1.001399999999999946e-03,0.000000000000000000e+00
1.141599999999999993e-03,0.000000000000000000e+00
1.281800000000000040e-03,0.000000000000000000e+00
1.422000000000000087e-03,0.000000000000000000e+00
1.562200000000000134e-03,0.000000000000000000e+00
1.702399999999999747e-03,0.000000000000000000e+00
1.842599999999999794e-03,0.000000000000000000e+00
1.982799999999999840e-03,0.000000000000000000e+00
2.030000000000000120e-03,0.000000000000000000e+00
2.170400000000000280e-03,0.000000000000000000e+00
2.310800000000000440e-03,0.000000000000000000e+00
2.451200000000000601e-03,0.000000000000000000e+00
2.591600000000000761e-03,0.000000000000000000e+00
2.732000000000000921e-03,0.000000000000000000e+00
2.872400000000001081e-03,0.000000000000000000e+00
3.012800000000001241e-03,0.000000000000000000e+00
3.153200000000001401e-03,0.000000000000000000e+00
3.293600000000001561e-03,0.000000000000000000e+00
3.434000000000001721e-03,0.000000000000000000e+00
3.574400000000001881e-03,0.000000000000000000e+00
3.714800000000002041e-03,0.000000000000000000e+00
3.855200000000002201e-03,0.000000000000000000e+00
3.995600000000001928e-03,0.000000000000000000e+00
4.049999999999999781e-03,0.000000000000000000e+00
4.189000000000000015e-03,0.000000000000000000e+00
4.328000000000000250e-03,0.000000000000000000e+00
4.467000000000000484e-03,0.000000000000000000e+00
4.606000000000000719e-03,0.000000000000000000e+00
4.745000000000000953e-03,0.000000000000000000e+00
4.884000000000001188e-03,0.000000000000000000e+00
5.023000000000001422e-03,0.000000000000000000e+00
5.162000000000001657e-03,0.000000000000000000e+00
5.301000000000001891e-03,0.000000000000000000e+00
5.440000000000002126e-03,0.000000000000000000e+00
5.579000000000002360e-03,0.000000000000000000e+00
5.718000000000002594e-03,0.000000000000000000e+00
5.857000000000002829e-03,0.000000000000000000e+00
5.996000000000003063e-03,0.000000000000000000e+00
6.000000000000000125e-03,0.000000000000000000e+00
6.140200000000000172e-03,0.000000000000000000e+00
6.280400000000000219e-03,0.000000000000000000e+00
6.420600000000000265e-03,0.000000000000000000e+00
6.560800000000000312e-03,0.000000000000000000e+00
6.701000000000000359e-03,0.000000000000000000e+00
6.841200000000000406e-03,0.000000000000000000e+00
6.981400000000000453e-03,0.000000000000000000e+00
7.121600000000000499e-03,0.000000000000000000e+00
7.261800000000000546e-03,0.000000000000000000e+00
7.402000000000000593e-03,0.000000000000000000e+00
7.542200000000000640e-03,0.000000000000000000e+00
7.682400000000000687e-03,0.000000000000000000e+00
7.822600000000000733e-03,0.000000000000000000e+00
7.962800000000000780e-03,0.000000000000000000e+00
8.009999999999999759e-03,0.000000000000000000e+00
8.150400000000000353e-03,0.000000000000000000e+00
8.290800000000000947e-03,0.000000000000000000e+00
8.431200000000001540e-03,0.000000000000000000e+00
8.571600000000002134e-03,0.000000000000000000e+00
8.712000000000002728e-03,0.000000000000000000e+00
8.852400000000003322e-03,0.000000000000000000e+00
8.992800000000003915e-03,0.000000000000000000e+00
9.133200000000004509e-03,0.000000000000000000e+00
9.273600000000005103e-03,0.000000000000000000e+00
9.414000000000005697e-03,0.000000000000000000e+00
9.554400000000006291e-03,0.000000000000000000e+00
9.694800000000006884e-03,0.000000000000000000e+00
9.835200000000007478e-03,0.000000000000000000e+00
9.975600000000008072e-03,0.000000000000000000e+00
1.003000000000000072e-02,0.000000000000000000e+00
1.017020000000000077e-02,0.000000000000000000e+00
1.031040000000000081e-02,0.000000000000000000e+00
1.045060000000000086e-02,0.000000000000000000e+00
1.059080000000000091e-02,0.000000000000000000e+00
1.073100000000000095e-02,0.000000000000000000e+00
1.087120000000000100e-02,0.000000000000000000e+00
1.101140000000000105e-02,0.000000000000000000e+00
1.115160000000000109e-02,0.000000000000000000e+00
1.129180000000000114e-02,0.000000000000000000e+00
1.143200000000000119e-02,0.000000000000000000e+00
1.157220000000000124e-02,0.000000000000000000e+00
1.171240000000000128e-02,0.000000000000000000e+00
1.185260000000000133e-02,0.000000000000000000e+00
1.199280000000000138e-02,0.000000000000000000e+00
1.204000000000000035e-02,0.000000000000000000e+00
1.217900000000000059e-02,0.000000000000000000e+00
1.231800000000000082e-02,0.000000000000000000e+00
1.245700000000000106e-02,0.000000000000000000e+00
1.259600000000000129e-02,0.000000000000000000e+00
1.273500000000000153e-02,0.000000000000000000e+00
1.287400000000000176e-02,0.000000000000000000e+00
1.301300000000000200e-02,0.000000000000000000e+00
1.315200000000000223e-02,0.000000000000000000e+00
1.329100000000000247e-02,0.000000000000000000e+00
1.343000000000000270e-02,0.000000000000000000e+00
1.356900000000000293e-02,0.000000000000000000e+00
1.370800000000000317e-02,0.000000000000000000e+00
1.384700000000000340e-02,0.000000000000000000e+00
1.398600000000000364e-02,0.000000000000000000e+00
1.399000000000000070e-02,0.000000000000000000e+00
1.413040000000000129e-02,0.000000000000000000e+00
1.427080000000000189e-02,0.000000000000000000e+00
1.441120000000000248e-02,0.000000000000000000e+00
1.455160000000000307e-02,0.000000000000000000e+00
1.469200000000000367e-02,0.000000000000000000e+00
1.483240000000000426e-02,0.000000000000000000e+00
1.497280000000000486e-02,0.000000000000000000e+00
1.511320000000000545e-02,0.000000000000000000e+00
1.525360000000000604e-02,0.000000000000000000e+00
1.539400000000000664e-02,0.000000000000000000e+00
1.553440000000000723e-02,0.000000000000000000e+00
1.567480000000000956e-02,0.000000000000000000e+00
1.581520000000000842e-02,0.000000000000000000e+00
1.595560000000000728e-02,0.000000000000000000e+00
1.600999999999999993e-02,0.000000000000000000e+00
1.615019999999999997e-02,0.000000000000000000e+00
1.629040000000000002e-02,0.000000000000000000e+00
1.643060000000000007e-02,0.000000000000000000e+00
1.657080000000000011e-02,0.000000000000000000e+00
1.671100000000000016e-02,0.000000000000000000e+00
1.685120000000000021e-02,0.000000000000000000e+00
1.699140000000000025e-02,0.000000000000000000e+00
1.713160000000000030e-02,0.000000000000000000e+00
1.727180000000000035e-02,0.000000000000000000e+00
1.741200000000000039e-02,0.000000000000000000e+00
1.755220000000000044e-02,0.000000000000000000e+00
1.769240000000000049e-02,0.000000000000000000e+00
1.783260000000000053e-02,0.000000000000000000e+00
1.797280000000000058e-02,0.000000000000000000e+00
1.802000000000000129e-02,0.000000000000000000e+00
1.816040000000000015e-02,0.000000000000000000e+00
1.830079999999999901e-02,0.000000000000000000e+00
1.844119999999999787e-02,0.000000000000000000e+00
1.858159999999999673e-02,0.000000000000000000e+00
1.872199999999999559e-02,0.000000000000000000e+00
1.886239999999999445e-02,0.000000000000000000e+00
1.900279999999999331e-02,0.000000000000000000e+00
1.914319999999999217e-02,0.000000000000000000e+00
1.928359999999999103e-02,0.000000000000000000e+00
1.942399999999998988e-02,0.000000000000000000e+00
1.956439999999998874e-02,0.000000000000000000e+00
1.970479999999998760e-02,0.000000000000000000e+00
1.984519999999998646e-02,0.000000000000000000e+00
1.998559999999998532e-02,0.000000000000000000e+00
2.003999999999999879e-02,0.000000000000000000e+00
2.017899999999999902e-02,0.000000000000000000e+00
2.031799999999999926e-02,0.000000000000000000e+00
2.045699999999999949e-02,0.000000000000000000e+00
2.059599999999999972e-02,0.000000000000000000e+00
2.073499999999999996e-02,0.000000000000000000e+00
2.087400000000000019e-02,0.000000000000000000e+00
2.101300000000000043e-02,0.000000000000000000e+00
2.115200000000000066e-02,0.000000000000000000e+00
2.129100000000000090e-02,0.000000000000000000e+00
2.143000000000000113e-02,0.000000000000000000e+00
2.156900000000000137e-02,0.000000000000000000e+00
2.170800000000000160e-02,0.000000000000000000e+00
2.184700000000000183e-02,0.000000000000000000e+00
2.198600000000000207e-02,0.000000000000000000e+00
2.198999999999999913e-02,0.000000000000000000e+00
2.213019999999999918e-02,0.000000000000000000e+00
2.227039999999999922e-02,0.000000000000000000e+00
2.241059999999999927e-02,0.000000000000000000e+00
2.255079999999999932e-02,0.000000000000000000e+00
2.269099999999999936e-02,0.000000000000000000e+00
2.283119999999999941e-02,0.000000000000000000e+00
2.297139999999999946e-02,0.000000000000000000e+00
2.311159999999999951e-02,0.000000000000000000e+00
2.325179999999999955e-02,0.000000000000000000e+00
2.339199999999999960e-02,0.000000000000000000e+00
2.353219999999999965e-02,0.000000000000000000e+00
2.367239999999999969e-02,0.000000000000000000e+00
2.381259999999999974e-02,0.000000000000000000e+00
2.395279999999999979e-02,0.000000000000000000e+00
2.400000000000000050e-02,0.000000000000000000e+00
2.414039999999999936e-02,0.000000000000000000e+00
2.428079999999999822e-02,0.000000000000000000e+00
2.442119999999999708e-02,0.000000000000000000e+00
2.456159999999999594e-02,0.000000000000000000e+00
2.470199999999999479e-02,0.000000000000000000e+00
2.484239999999999365e-02,0.000000000000000000e+00
2.498279999999999251e-02,0.000000000000000000e+00
2.512319999999999137e-02,0.000000000000000000e+00
2.526359999999999023e-02,0.000000000000000000e+00
2.540399999999998909e-02,0.000000000000000000e+00
2.554439999999998795e-02,0.000000000000000000e+00
2.568479999999998681e-02,0.000000000000000000e+00
2.582519999999998567e-02,0.000000000000000000e+00
2.596559999999998453e-02,0.000000000000000000e+00
2.602000000000000146e-02,0.000000000000000000e+00
2.616020000000000151e-02,0.000000000000000000e+00
2.630040000000000155e-02,0.000000000000000000e+00
2.644060000000000160e-02,0.000000000000000000e+00
2.658080000000000165e-02,0.000000000000000000e+00
2.672100000000000170e-02,0.000000000000000000e+00
2.686120000000000174e-02,0.000000000000000000e+00
2.700140000000000179e-02,0.000000000000000000e+00
2.714160000000000184e-02,0.000000000000000000e+00
2.728180000000000188e-02,0.000000000000000000e+00
2.742200000000000193e-02,0.000000000000000000e+00
2.756220000000000198e-02,0.000000000000000000e+00
2.770240000000000202e-02,0.000000000000000000e+00
2.784260000000000207e-02,0.000000000000000000e+00
2.798280000000000212e-02,0.000000000000000000e+00
2.802999999999999936e-02,0.000000000000000000e+00
2.817039999999999822e-02,0.000000000000000000e+00
2.831079999999999708e-02,0.000000000000000000e+00
2.845119999999999594e-02,0.000000000000000000e+00
2.859159999999999480e-02,0.000000000000000000e+00
2.873199999999999366e-02,0.000000000000000000e+00
2.887239999999999251e-02,0.000000000000000000e+00
2.901279999999999137e-02,0.000000000000000000e+00
2.915319999999999023e-02,0.000000000000000000e+00
2.929359999999998909e-02,0.000000000000000000e+00
2.943399999999998795e-02,0.000000000000000000e+00
2.957439999999998681e-02,0.000000000000000000e+00
2.971479999999998567e-02,0.000000000000000000e+00
2.985519999999998453e-02,0.000000000000000000e+00
2.999559999999998339e-02,0.000000000000000000e+00
3.005000000000000032e-02,0.000000000000000000e+00
3.018900000000000056e-02,0.000000000000000000e+00
3.032800000000000079e-02,0.000000000000000000e+00
3.046700000000000103e-02,0.000000000000000000e+00
3.060600000000000126e-02,0.000000000000000000e+00
3.074500000000000149e-02,0.000000000000000000e+00
3.088400000000000173e-02,0.000000000000000000e+00
3.102300000000000196e-02,0.000000000000000000e+00
3.116200000000000220e-02,0.000000000000000000e+00
3.130100000000000243e-02,0.000000000000000000e+00
3.144000000000000267e-02,0.000000000000000000e+00
3.157900000000000290e-02,0.000000000000000000e+00
3.171800000000000314e-02,0.000000000000000000e+00
3.185700000000000337e-02,0.000000000000000000e+00
3.199600000000000360e-02,0.000000000000000000e+00
3.200000000000000067e-02,0.000000000000000000e+00
3.214020000000000071e-02,0.000000000000000000e+00
3.228040000000000076e-02,0.000000000000000000e+00
3.242060000000000081e-02,0.000000000000000000e+00
3.256080000000000085e-02,0.000000000000000000e+00
3.270100000000000090e-02,0.000000000000000000e+00
3.284120000000000095e-02,0.000000000000000000e+00
3.298140000000000099e-02,0.000000000000000000e+00
3.312160000000000104e-02,0.000000000000000000e+00
3.326180000000000109e-02,0.000000000000000000e+00
3.340200000000000113e-02,0.000000000000000000e+00
3.354220000000000118e-02,0.000000000000000000e+00
3.368240000000000123e-02,0.000000000000000000e+00
3.382260000000000127e-02,0.000000000000000000e+00
3.396280000000000132e-02,0.000000000000000000e+00
3.400999999999999857e-02,0.000000000000000000e+00
3.415039999999999742e-02,0.000000000000000000e+00
3.429079999999999628e-02,0.000000000000000000e+00
3.443119999999999514e-02,0.000000000000000000e+00
3.457159999999999400e-02,0.000000000000000000e+00
3.471199999999999286e-02,0.000000000000000000e+00
3.485239999999999172e-02,0.000000000000000000e+00
3.499279999999999058e-02,0.000000000000000000e+00
3.513319999999998944e-02,0.000000000000000000e+00
3.527359999999998830e-02,0.000000000000000000e+00
3.541399999999998716e-02,0.000000000000000000e+00
3.555439999999998602e-02,0.000000000000000000e+00
3.569479999999998487e-02,0.000000000000000000e+00
3.583519999999998373e-02,0.000000000000000000e+00
3.597559999999998259e-02,0.000000000000000000e+00
3.602999999999999953e-02,0.000000000000000000e+00
3.617019999999999957e-02,0.000000000000000000e+00
3.631039999999999962e-02,0.000000000000000000e+00
3.645059999999999967e-02,0.000000000000000000e+00
3.659079999999999971e-02,0.000000000000000000e+00
3.673099999999999976e-02,0.000000000000000000e+00
3.687119999999999981e-02,0.000000000000000000e+00
3.701139999999999985e-02,0.000000000000000000e+00
3.715159999999999990e-02,0.000000000000000000e+00
3.729179999999999995e-02,0.000000000000000000e+00
3.743200000000000000e-02,0.000000000000000000e+00
3.757220000000000004e-02,0.000000000000000000e+00
3.771240000000000009e-02,0.000000000000000000e+00
3.785260000000000014e-02,0.000000000000000000e+00
3.799280000000000018e-02,0.000000000000000000e+00
3.803999999999999743e-02,0.000000000000000000e+00
3.817899999999999766e-02,0.000000000000000000e+00
3.831799999999999790e-02,0.000000000000000000e+00
3.845699999999999813e-02,0.000000000000000000e+00
3.859599999999999836e-02,0.000000000000000000e+00
3.873499999999999860e-02,0.000000000000000000e+00
3.887399999999999883e-02,0.000000000000000000e+00
3.901299999999999907e-02,0.000000000000000000e+00
3.915199999999999930e-02,0.000000000000000000e+00
3.929099999999999954e-02,0.000000000000000000e+00
3.942999999999999977e-02,0.000000000000000000e+00
3.956900000000000001e-02,0.000000000000000000e+00
3.970800000000000024e-02,0.000000000000000000e+00
3.984700000000000047e-02,0.000000000000000000e+00
3.998600000000000071e-02,0.000000000000000000e+00
3.998999999999999777e-02,0.000000000000000000e+00
4.013039999999999663e-02,0.000000000000000000e+00
4.027079999999999549e-02,0.000000000000000000e+00
4.041119999999999435e-02,0.000000000000000000e+00
4.055159999999999321e-02,0.000000000000000000e+00
4.069199999999999207e-02,0.000000000000000000e+00
4.083239999999999092e-02,0.000000000000000000e+00
4.097279999999998978e-02,0.000000000000000000e+00
4.111319999999998864e-02,0.000000000000000000e+00
4.125359999999998750e-02,0.000000000000000000e+00
4.139399999999998636e-02,0.000000000000000000e+00
4.153439999999998522e-02,0.000000000000000000e+00
4.167479999999998408e-02,0.000000000000000000e+00
4.181519999999998294e-02,0.000000000000000000e+00
4.195559999999998180e-02,0.000000000000000000e+00
4.200999999999999873e-02,0.000000000000000000e+00
4.215019999999999878e-02,0.000000000000000000e+00
4.229039999999999883e-02,0.000000000000000000e+00
4.243059999999999887e-02,0.000000000000000000e+00
4.257079999999999892e-02,0.000000000000000000e+00
4.271099999999999897e-02,0.000000000000000000e+00
4.285119999999999901e-02,0.000000000000000000e+00
4.299139999999999906e-02,0.000000000000000000e+00
4.313159999999999911e-02,0.000000000000000000e+00
4.327179999999999915e-02,0.000000000000000000e+00
4.341199999999999920e-02,0.000000000000000000e+00
4.355219999999999925e-02,0.000000000000000000e+00
4.369239999999999929e-02,0.000000000000000000e+00
4.383259999999999934e-02,0.000000000000000000e+00
4.397279999999999939e-02,0.000000000000000000e+00
4.401999999999999663e-02,0.000000000000000000e+00
4.416039999999999549e-02,0.000000000000000000e+00
4.430079999999999435e-02,0.000000000000000000e+00
4.444119999999999321e-02,0.000000000000000000e+00
4.458159999999999207e-02,0.000000000000000000e+00
4.472199999999999093e-02,0.000000000000000000e+00
4.486239999999998979e-02,0.000000000000000000e+00
4.500279999999998864e-02,0.000000000000000000e+00
4.514319999999998750e-02,0.000000000000000000e+00
4.528359999999998636e-02,0.000000000000000000e+00
4.542399999999998522e-02,0.000000000000000000e+00
4.556439999999998408e-02,0.000000000000000000e+00
4.570479999999998294e-02,0.000000000000000000e+00
4.584519999999998180e-02,0.000000000000000000e+00
4.598559999999998066e-02,0.000000000000000000e+00
4.603999999999999759e-02,0.000000000000000000e+00
4.617899999999999783e-02,0.000000000000000000e+00
4.631799999999999806e-02,0.000000000000000000e+00
4.645699999999999830e-02,0.000000000000000000e+00
4.659599999999999853e-02,0.000000000000000000e+00
4.673499999999999877e-02,0.000000000000000000e+00
4.687399999999999900e-02,0.000000000000000000e+00
4.701299999999999923e-02,0.000000000000000000e+00
4.715199999999999947e-02,0.000000000000000000e+00
4.729099999999999970e-02,0.000000000000000000e+00
4.742999999999999994e-02,0.000000000000000000e+00
4.756900000000000017e-02,0.000000000000000000e+00
4.770800000000000041e-02,0.000000000000000000e+00
4.784700000000000064e-02,0.000000000000000000e+00
4.798600000000000088e-02,0.000000000000000000e+00
4.798999999999999794e-02,0.000000000000000000e+00
4.813019999999999798e-02,0.000000000000000000e+00
4.827039999999999803e-02,0.000000000000000000e+00
4.841059999999999808e-02,0.000000000000000000e+00
4.855079999999999812e-02,0.000000000000000000e+00
4.869099999999999817e-02,0.000000000000000000e+00
4.883119999999999822e-02,0.000000000000000000e+00
4.897139999999999826e-02,0.000000000000000000e+00
4.911159999999999831e-02,0.000000000000000000e+00
4.925179999999999836e-02,0.000000000000000000e+00
4.939199999999999841e-02,0.000000000000000000e+00
4.953219999999999845e-02,0.000000000000000000e+00
4.967239999999999850e-02,0.000000000000000000e+00
4.981259999999999855e-02,0.000000000000000000e+00
4.995279999999999859e-02,0.000000000000000000e+00
5.000000000000000278e-02,0.000000000000000000e+00
5.014040000000000163e-02,0.000000000000000000e+00
5.028080000000000049e-02,0.000000000000000000e+00
5.042119999999999935e-02,0.000000000000000000e+00
5.056159999999999821e-02,0.000000000000000000e+00
5.070199999999999707e-02,0.000000000000000000e+00
5.084239999999999593e-02,0.000000000000000000e+00
5.098279999999999479e-02,0.000000000000000000e+00
5.112319999999999365e-02,0.000000000000000000e+00
5.126359999999999251e-02,0.000000000000000000e+00
5.140399999999999137e-02,0.000000000000000000e+00
5.154439999999999023e-02,0.000000000000000000e+00
5.168479999999998908e-02,0.000000000000000000e+00
5.182519999999998794e-02,0.000000000000000000e+00
5.196559999999998680e-02,0.000000000000000000e+00
5.201999999999999680e-02,0.000000000000000000e+00
5.216019999999999684e-02,0.000000000000000000e+00
5.230039999999999689e-02,0.000000000000000000e+00
5.244059999999999694e-02,0.000000000000000000e+00
5.258079999999999699e-02,0.000000000000000000e+00
5.272099999999999703e-02,0.000000000000000000e+00
5.286119999999999708e-02,0.000000000000000000e+00
5.300139999999999713e-02,0.000000000000000000e+00
5.314159999999999717e-02,0.000000000000000000e+00
5.328179999999999722e-02,0.000000000000000000e+00
5.342199999999999727e-02,0.000000000000000000e+00
5.356219999999999731e-02,0.000000000000000000e+00
5.370239999999999736e-02,0.000000000000000000e+00
5.384259999999999741e-02,0.000000000000000000e+00
5.398279999999999745e-02,0.000000000000000000e+00
5.403000000000000164e-02,0.000000000000000000e+00
5.417040000000000050e-02,0.000000000000000000e+00
5.431079999999999935e-02,0.000000000000000000e+00
5.445119999999999821e-02,0.000000000000000000e+00
5.459159999999999707e-02,0.000000000000000000e+00
5.473199999999999593e-02,0.000000000000000000e+00
5.487239999999999479e-02,0.000000000000000000e+00
5.501279999999999365e-02,0.000000000000000000e+00
5.515319999999999251e-02,0.000000000000000000e+00
5.529359999999999137e-02,0.000000000000000000e+00
5.543399999999999023e-02,0.000000000000000000e+00
5.557439999999998909e-02,0.000000000000000000e+00
5.571479999999998795e-02,0.000000000000000000e+00
5.585519999999998680e-02,0.000000000000000000e+00
5.599559999999998566e-02,0.000000000000000000e+00
5.605000000000000260e-02,0.000000000000000000e+00
5.618900000000000283e-02,0.000000000000000000e+00
5.632800000000000307e-02,0.000000000000000000e+00
5.646700000000000330e-02,0.000000000000000000e+00
5.660600000000000354e-02,0.000000000000000000e+00
5.674500000000000377e-02,0.000000000000000000e+00
5.688400000000000400e-02,0.000000000000000000e+00
5.702300000000000424e-02,0.000000000000000000e+00
5.716200000000000447e-02,0.000000000000000000e+00
5.730100000000000471e-02,0.000000000000000000e+00
5.744000000000000494e-02,0.000000000000000000e+00
5.757900000000000518e-02,0.000000000000000000e+00
5.771800000000000541e-02,0.000000000000000000e+00
5.785700000000000565e-02,0.000000000000000000e+00
5.799600000000000588e-02,0.000000000000000000e+00
5.800000000000000294e-02,0.000000000000000000e+00
5.814020000000000299e-02,0.000000000000000000e+00
5.828040000000000304e-02,0.000000000000000000e+00
5.842060000000000308e-02,0.000000000000000000e+00
5.856080000000000313e-02,0.000000000000000000e+00
5.870100000000000318e-02,0.000000000000000000e+00
5.884120000000000322e-02,0.000000000000000000e+00
5.898140000000000327e-02,0.000000000000000000e+00
5.912160000000000332e-02,0.000000000000000000e+00
5.926180000000000336e-02,0.000000000000000000e+00
5.940200000000000341e-02,0.000000000000000000e+00
5.954220000000000346e-02,0.000000000000000000e+00
5.968240000000000350e-02,0.000000000000000000e+00
5.982260000000000355e-02,0.000000000000000000e+00
5.996280000000000360e-02,0.000000000000000000e+00
6.001000000000000084e-02,0.000000000000000000e+00
6.015039999999999970e-02,0.000000000000000000e+00
6.029079999999999856e-02,0.000000000000000000e+00
6.043119999999999742e-02,0.000000000000000000e+00
6.057159999999999628e-02,0.000000000000000000e+00
6.071199999999999514e-02,0.000000000000000000e+00
6.085239999999999400e-02,0.000000000000000000e+00
6.099279999999999285e-02,0.000000000000000000e+00
6.113319999999999171e-02,0.000000000000000000e+00
6.127359999999999057e-02,0.000000000000000000e+00
6.141399999999998943e-02,0.000000000000000000e+00
6.155439999999998829e-02,0.000000000000000000e+00
6.169479999999998715e-02,0.000000000000000000e+00
6.183519999999998601e-02,0.000000000000000000e+00
6.197559999999998487e-02,0.000000000000000000e+00
6.203000000000000180e-02,0.000000000000000000e+00
6.217020000000000185e-02,0.000000000000000000e+00
6.231040000000000190e-02,0.000000000000000000e+00
6.245060000000000194e-02,0.000000000000000000e+00
6.259080000000000199e-02,0.000000000000000000e+00
6.273100000000000898e-02,0.000000000000000000e+00
6.287120000000000208e-02,0.000000000000000000e+00
6.301139999999999519e-02,0.000000000000000000e+00
6.315160000000000218e-02,0.000000000000000000e+00
6.329180000000000916e-02,0.000000000000000000e+00
6.343200000000000227e-02,0.000000000000000000e+00
6.357219999999999538e-02,0.000000000000000000e+00
6.371240000000000236e-02,0.000000000000000000e+00
6.385260000000000935e-02,0.000000000000000000e+00
6.399280000000000246e-02,0.000000000000000000e+00
6.403999999999999970e-02,0.000000000000000000e+00
6.417920000000000569e-02,0.000000000000000000e+00
6.431840000000001167e-02,0.000000000000000000e+00
6.445760000000001766e-02,0.000000000000000000e+00
6.459680000000002364e-02,0.000000000000000000e+00
6.473600000000002963e-02,0.000000000000000000e+00
6.487520000000003562e-02,0.000000000000000000e+00
6.501440000000004160e-02,0.000000000000000000e+00
6.515360000000004759e-02,0.000000000000000000e+00
6.529280000000005357e-02,0.000000000000000000e+00
6.543200000000005956e-02,0.000000000000000000e+00
6.557120000000006554e-02,0.000000000000000000e+00
6.571040000000007153e-02,0.000000000000000000e+00
6.584960000000007752e-02,0.000000000000000000e+00
6.598880000000008350e-02,0.000000000000000000e+00
6.600000000000000311e-02,0.000000000000000000e+00
6.614019999999999622e-02,0.000000000000000000e+00
6.628039999999998932e-02,0.000000000000000000e+00
6.642059999999998243e-02,0.000000000000000000e+00
6.656079999999997554e-02,0.000000000000000000e+00
6.670099999999996865e-02,0.000000000000000000e+00
6.684119999999996176e-02,0.000000000000000000e+00
6.698139999999995486e-02,0.000000000000000000e+00
6.712159999999994797e-02,0.000000000000000000e+00
6.726179999999994108e-02,0.000000000000000000e+00
6.740199999999993419e-02,0.000000000000000000e+00
6.754219999999992730e-02,0.000000000000000000e+00
6.768239999999992040e-02,0.000000000000000000e+00
6.782259999999991351e-02,0.000000000000000000e+00
6.796279999999990662e-02,0.000000000000000000e+00
6.801000000000000101e-02,0.000000000000000000e+00
6.815019999999999412e-02,0.000000000000000000e+00
6.829039999999998722e-02,0.000000000000000000e+00
6.843059999999998033e-02,0.000000000000000000e+00
6.857079999999997344e-02,0.000000000000000000e+00
6.871099999999996655e-02,0.000000000000000000e+00
6.885119999999995966e-02,0.000000000000000000e+00
6.899139999999995276e-02,0.000000000000000000e+00
6.913159999999994587e-02,0.000000000000000000e+00
6.927179999999993898e-02,0.000000000000000000e+00
6.941199999999993209e-02,0.000000000000000000e+00
6.955219999999992520e-02,0.000000000000000000e+00
6.969239999999991830e-02,0.000000000000000000e+00
6.983259999999991141e-02,0.000000000000000000e+00
6.997279999999990452e-02,0.000000000000000000e+00
7.001999999999999891e-02,0.000000000000000000e+00
7.016039999999999777e-02,0.000000000000000000e+00
7.030079999999999663e-02,0.000000000000000000e+00
7.044119999999999548e-02,0.000000000000000000e+00
7.058159999999999434e-02,0.000000000000000000e+00
7.072199999999999320e-02,0.000000000000000000e+00
7.086239999999999206e-02,0.000000000000000000e+00
7.100279999999999092e-02,0.000000000000000000e+00
7.114319999999998978e-02,0.000000000000000000e+00
7.128359999999998864e-02,0.000000000000000000e+00
7.142399999999998750e-02,0.000000000000000000e+00
7.156439999999998636e-02,0.000000000000000000e+00
7.170479999999998522e-02,0.000000000000000000e+00
7.184519999999998408e-02,0.000000000000000000e+00
7.198559999999998293e-02,0.000000000000000000e+00
7.204000000000000681e-02,0.000000000000000000e+00
7.217900000000000704e-02,0.000000000000000000e+00
7.231800000000000728e-02,0.000000000000000000e+00
7.245700000000000751e-02,0.000000000000000000e+00
7.259600000000000775e-02,0.000000000000000000e+00
7.273500000000000798e-02,0.000000000000000000e+00
7.287400000000000821e-02,0.000000000000000000e+00
7.301300000000000845e-02,0.000000000000000000e+00
7.315200000000000868e-02,0.000000000000000000e+00
7.329100000000000892e-02,0.000000000000000000e+00
7.343000000000000915e-02,0.000000000000000000e+00
7.356900000000000939e-02,0.000000000000000000e+00
7.370800000000000962e-02,0.000000000000000000e+00
7.384700000000000986e-02,0.000000000000000000e+00
7.398600000000001009e-02,0.000000000000000000e+00
7.399000000000000021e-02,0.000000000000000000e+00
7.413039999999999907e-02,0.000000000000000000e+00
7.427079999999999793e-02,0.000000000000000000e+00
7.441119999999999679e-02,0.000000000000000000e+00
7.455159999999999565e-02,0.000000000000000000e+00
7.469199999999999451e-02,0.000000000000000000e+00
7.483239999999999337e-02,0.000000000000000000e+00
7.497279999999999223e-02,0.000000000000000000e+00
7.511319999999999109e-02,0.000000000000000000e+00
7.525359999999998994e-02,0.000000000000000000e+00
7.539399999999998880e-02,0.000000000000000000e+00
7.553439999999998766e-02,0.000000000000000000e+00
7.567479999999998652e-02,0.000000000000000000e+00
7.581519999999998538e-02,0.000000000000000000e+00
7.595559999999998424e-02,0.000000000000000000e+00
7.600999999999999424e-02,0.000000000000000000e+00
7.615020000000000122e-02,0.000000000000000000e+00
7.629040000000000821e-02,0.000000000000000000e+00
7.643060000000001519e-02,0.000000000000000000e+00
7.657080000000002218e-02,0.000000000000000000e+00
7.671100000000002916e-02,0.000000000000000000e+00
7.685120000000003615e-02,0.000000000000000000e+00
7.699140000000004314e-02,0.000000000000000000e+00
7.713160000000005012e-02,0.000000000000000000e+00
7.727180000000005711e-02,0.000000000000000000e+00
7.741200000000006409e-02,0.000000000000000000e+00
7.755220000000007108e-02,0.000000000000000000e+00
7.769240000000007806e-02,0.000000000000000000e+00
7.783260000000008505e-02,0.000000000000000000e+00
7.797280000000009204e-02,0.000000000000000000e+00
7.802000000000000601e-02,0.000000000000000000e+00
7.816019999999999912e-02,0.000000000000000000e+00
7.830039999999999223e-02,0.000000000000000000e+00
7.844059999999998534e-02,0.000000000000000000e+00
7.858079999999997844e-02,0.000000000000000000e+00
7.872099999999997155e-02,0.000000000000000000e+00
7.886119999999996466e-02,0.000000000000000000e+00
7.900139999999995777e-02,0.000000000000000000e+00
7.914159999999995088e-02,0.000000000000000000e+00
7.928179999999994398e-02,0.000000000000000000e+00
7.942199999999993709e-02,0.000000000000000000e+00
7.956219999999993020e-02,0.000000000000000000e+00
7.970239999999992331e-02,0.000000000000000000e+00
7.984259999999991642e-02,0.000000000000000000e+00
7.998279999999990952e-02,0.000000000000000000e+00
8.003000000000000391e-02,0.000000000000000000e+00
8.016920000000000990e-02,0.000000000000000000e+00
8.030840000000001588e-02,0.000000000000000000e+00
8.044760000000002187e-02,0.000000000000000000e+00
8.058680000000002785e-02,0.000000000000000000e+00
8.072600000000003384e-02,0.000000000000000000e+00
8.086520000000003983e-02,0.000000000000000000e+00
8.100440000000004581e-02,0.000000000000000000e+00
8.114360000000005180e-02,0.000000000000000000e+00
8.128280000000005778e-02,0.000000000000000000e+00
8.142200000000006377e-02,0.000000000000000000e+00
8.156120000000006975e-02,0.000000000000000000e+00
8.170040000000007574e-02,0.000000000000000000e+00
8.183960000000008173e-02,0.000000000000000000e+00
8.197880000000008771e-02,0.000000000000000000e+00
8.198999999999999344e-02,0.000000000000000000e+00
8.213020000000000043e-02,0.000000000000000000e+00
8.227040000000000741e-02,0.000000000000000000e+00
8.241060000000001440e-02,0.000000000000000000e+00
8.255080000000002138e-02,0.000000000000000000e+00
8.269100000000002837e-02,0.000000000000000000e+00
8.283120000000003536e-02,0.000000000000000000e+00
8.297140000000004234e-02,0.000000000000000000e+00
8.311160000000004933e-02,0.000000000000000000e+00
8.325180000000005631e-02,0.000000000000000000e+00
8.339200000000006330e-02,0.000000000000000000e+00
8.353220000000007028e-02,0.000000000000000000e+00
8.367240000000007727e-02,0.000000000000000000e+00
8.381260000000008425e-02,0.000000000000000000e+00
8.395280000000009124e-02,0.000000000000000000e+00
8.400000000000000522e-02,0.000000000000000000e+00
8.414040000000000408e-02,0.000000000000000000e+00
8.428080000000000294e-02,0.000000000000000000e+00
8.442120000000000180e-02,0.000000000000000000e+00
8.456160000000000065e-02,0.000000000000000000e+00
8.470199999999999951e-02,0.000000000000000000e+00
8.484239999999999837e-02,0.000000000000000000e+00
8.498279999999999723e-02,0.000000000000000000e+00
8.512319999999999609e-02,0.000000000000000000e+00
8.526359999999999495e-02,0.000000000000000000e+00
8.540399999999999381e-02,0.000000000000000000e+00
8.554439999999999267e-02,0.000000000000000000e+00
8.568479999999999153e-02,0.000000000000000000e+00
8.582519999999999039e-02,0.000000000000000000e+00
8.596559999999998924e-02,0.000000000000000000e+00
8.601999999999999924e-02,0.000000000000000000e+00
8.616019999999999235e-02,0.000000000000000000e+00
8.630039999999998546e-02,0.000000000000000000e+00
8.644059999999997856e-02,0.000000000000000000e+00
8.658079999999997167e-02,0.000000000000000000e+00
8.672099999999996478e-02,0.000000000000000000e+00
8.686119999999995789e-02,0.000000000000000000e+00
8.700139999999995100e-02,0.000000000000000000e+00
8.714159999999994410e-02,0.000000000000000000e+00
8.728179999999993721e-02,0.000000000000000000e+00
8.742199999999993032e-02,0.000000000000000000e+00
8.756219999999992343e-02,0.000000000000000000e+00
8.770239999999991654e-02,0.000000000000000000e+00
8.784259999999990964e-02,0.000000000000000000e+00
8.798279999999990275e-02,0.000000000000000000e+00
8.802999999999999714e-02,0.000000000000000000e+00
8.817019999999999025e-02,0.000000000000000000e+00
8.831039999999998336e-02,0.000000000000000000e+00
8.845059999999997646e-02,0.000000000000000000e+00
8.859079999999996957e-02,0.000000000000000000e+00
8.873099999999996268e-02,0.000000000000000000e+00
8.887119999999995579e-02,0.000000000000000000e+00
8.901139999999994890e-02,0.000000000000000000e+00
8.915159999999994200e-02,0.000000000000000000e+00
8.929179999999993511e-02,0.000000000000000000e+00
8.943199999999992822e-02,0.000000000000000000e+00
8.957219999999992133e-02,0.000000000000000000e+00
8.971239999999991444e-02,0.000000000000000000e+00
8.985259999999990754e-02,0.000000000000000000e+00
8.999279999999990065e-02,0.000000000000000000e+00
9.003999999999999504e-02,0.000000000000000000e+00
9.017920000000000103e-02,0.000000000000000000e+00
9.031840000000000701e-02,0.000000000000000000e+00
9.045760000000001300e-02,0.000000000000000000e+00
9.059680000000001898e-02,0.000000000000000000e+00
9.073600000000002497e-02,0.000000000000000000e+00
9.087520000000003095e-02,0.000000000000000000e+00
9.101440000000003694e-02,0.000000000000000000e+00
9.115360000000004292e-02,0.000000000000000000e+00
9.129280000000004891e-02,0.000000000000000000e+00
9.143200000000005490e-02,0.000000000000000000e+00
9.157120000000006088e-02,0.000000000000000000e+00
9.171040000000006687e-02,0.000000000000000000e+00
9.184960000000007285e-02,0.000000000000000000e+00
9.198880000000007884e-02,0.000000000000000000e+00
9.199999999999999845e-02,0.000000000000000000e+00
9.214019999999999155e-02,0.000000000000000000e+00
9.228039999999998466e-02,0.000000000000000000e+00
9.242059999999997777e-02,0.000000000000000000e+00
9.256079999999997088e-02,0.000000000000000000e+00
9.270099999999996399e-02,0.000000000000000000e+00
9.284119999999995709e-02,0.000000000000000000e+00
9.298139999999995020e-02,0.000000000000000000e+00
9.312159999999994331e-02,0.000000000000000000e+00
9.326179999999993642e-02,0.000000000000000000e+00
9.340199999999992952e-02,0.000000000000000000e+00
9.354219999999992263e-02,0.000000000000000000e+00
9.368239999999991574e-02,0.000000000000000000e+00
9.382259999999990885e-02,0.000000000000000000e+00
9.396279999999990196e-02,0.000000000000000000e+00
9.400999999999999635e-02,0.000000000000000000e+00
9.415039999999999520e-02,0.000000000000000000e+00
9.429079999999999406e-02,0.000000000000000000e+00
9.443119999999999292e-02,0.000000000000000000e+00
9.457159999999999178e-02,0.000000000000000000e+00
9.471199999999999064e-02,0.000000000000000000e+00
9.485239999999998950e-02,0.000000000000000000e+00
9.499279999999998836e-02,0.000000000000000000e+00
9.513319999999998722e-02,0.000000000000000000e+00
9.527359999999998608e-02,0.000000000000000000e+00
9.541399999999998494e-02,0.000000000000000000e+00
9.555439999999998379e-02,0.000000000000000000e+00
9.569479999999998265e-02,0.000000000000000000e+00
9.583519999999998151e-02,0.000000000000000000e+00
9.597559999999998037e-02,0.000000000000000000e+00
9.603000000000000425e-02,0.000000000000000000e+00
9.617019999999999735e-02,0.000000000000000000e+00
9.631039999999999046e-02,0.000000000000000000e+00
9.645059999999998357e-02,0.000000000000000000e+00
9.659079999999997668e-02,0.000000000000000000e+00
9.673099999999996979e-02,0.000000000000000000e+00
9.687119999999996289e-02,0.000000000000000000e+00
9.701139999999995600e-02,0.000000000000000000e+00
9.715159999999994911e-02,0.000000000000000000e+00
9.729179999999994222e-02,0.000000000000000000e+00
9.743199999999993532e-02,0.000000000000000000e+00
9.757219999999992843e-02,0.000000000000000000e+00
9.771239999999992154e-02,0.000000000000000000e+00
9.785259999999991465e-02,0.000000000000000000e+00
9.799279999999990776e-02,0.000000000000000000e+00
9.804000000000000214e-02,0.000000000000000000e+00
9.817900000000000238e-02,0.000000000000000000e+00
9.831800000000000261e-02,0.000000000000000000e+00
9.845700000000000285e-02,0.000000000000000000e+00
9.859600000000000308e-02,0.000000000000000000e+00
9.873500000000000332e-02,0.000000000000000000e+00
9.887400000000000355e-02,0.000000000000000000e+00
9.901300000000000379e-02,0.000000000000000000e+00
9.915200000000000402e-02,0.000000000000000000e+00
9.929100000000000426e-02,0.000000000000000000e+00
9.943000000000000449e-02,0.000000000000000000e+00
9.956900000000000472e-02,0.000000000000000000e+00
9.970800000000000496e-02,0.000000000000000000e+00
9.984700000000000519e-02,0.000000000000000000e+00
9.998600000000000543e-02,0.000000000000000000e+00
9.998999999999999555e-02,0.000000000000000000e+00
1.001303999999999944e-01,0.000000000000000000e+00
1.002707999999999933e-01,0.000000000000000000e+00
1.004111999999999921e-01,0.000000000000000000e+00
1.005515999999999910e-01,0.000000000000000000e+00
1.006919999999999898e-01,0.000000000000000000e+00
1.008323999999999887e-01,0.000000000000000000e+00
1.009727999999999876e-01,0.000000000000000000e+00
1.011131999999999864e-01,0.000000000000000000e+00
1.012535999999999853e-01,0.000000000000000000e+00
1.013939999999999841e-01,0.000000000000000000e+00
1.015343999999999830e-01,0.000000000000000000e+00
1.016747999999999819e-01,0.000000000000000000e+00
1.018151999999999807e-01,0.000000000000000000e+00
1.019555999999999796e-01,0.000000000000000000e+00
1.020100000000000035e-01,0.000000000000000000e+00
1.021501999999999966e-01,0.000000000000000000e+00
1.022903999999999897e-01,0.000000000000000000e+00
1.024305999999999828e-01,0.000000000000000000e+00
1.025707999999999759e-01,0.000000000000000000e+00
1.027109999999999690e-01,0.000000000000000000e+00
1.028511999999999621e-01,0.000000000000000000e+00
1.029913999999999552e-01,0.000000000000000000e+00
1.031315999999999483e-01,0.000000000000000000e+00
1.032717999999999414e-01,0.000000000000000000e+00
1.034119999999999345e-01,0.000000000000000000e+00
1.035521999999999276e-01,0.000000000000000000e+00
1.036923999999999207e-01,0.000000000000000000e+00
1.038325999999999139e-01,0.000000000000000000e+00
1.039727999999999070e-01,0.000000000000000000e+00
1.040200000000000014e-01,0.000000000000000000e+00
1.041601999999999945e-01,0.000000000000000000e+00
1.043003999999999876e-01,0.000000000000000000e+00
1.044405999999999807e-01,0.000000000000000000e+00
1.045807999999999738e-01,0.000000000000000000e+00
1.047209999999999669e-01,0.000000000000000000e+00
1.048611999999999600e-01,0.000000000000000000e+00
1.050013999999999531e-01,0.000000000000000000e+00
1.051415999999999462e-01,0.000000000000000000e+00
1.052817999999999393e-01,0.000000000000000000e+00
1.054219999999999324e-01,0.000000000000000000e+00
1.055621999999999255e-01,0.000000000000000000e+00
1.057023999999999186e-01,0.000000000000000000e+00
1.058425999999999118e-01,0.000000000000000000e+00
1.059827999999999049e-01,0.000000000000000000e+00
1.060299999999999992e-01,0.000000000000000000e+00
1.061692000000000052e-01,0.000000000000000000e+00
1.063084000000000112e-01,0.000000000000000000e+00
1.064476000000000172e-01,0.000000000000000000e+00
1.065868000000000232e-01,0.000000000000000000e+00
1.067260000000000292e-01,0.000000000000000000e+00
1.068652000000000352e-01,0.000000000000000000e+00
1.070044000000000411e-01,0.000000000000000000e+00
1.071436000000000471e-01,0.000000000000000000e+00
1.072828000000000531e-01,0.000000000000000000e+00
1.074220000000000591e-01,0.000000000000000000e+00
1.075612000000000651e-01,0.000000000000000000e+00
1.077004000000000711e-01,0.000000000000000000e+00
1.078396000000000771e-01,0.000000000000000000e+00
1.079788000000000830e-01,0.000000000000000000e+00
1.079900000000000027e-01,0.000000000000000000e+00
1.081301999999999958e-01,0.000000000000000000e+00
1.082703999999999889e-01,0.000000000000000000e+00
1.084105999999999820e-01,0.000000000000000000e+00
1.085507999999999751e-01,0.000000000000000000e+00
1.086909999999999682e-01,0.000000000000000000e+00
1.088311999999999613e-01,0.000000000000000000e+00
1.089713999999999544e-01,0.000000000000000000e+00
1.091115999999999475e-01,0.000000000000000000e+00
1.092517999999999406e-01,0.000000000000000000e+00
1.093919999999999337e-01,0.000000000000000000e+00
1.095321999999999268e-01,0.000000000000000000e+00
1.096723999999999200e-01,0.000000000000000000e+00
1.098125999999999131e-01,0.000000000000000000e+00
1.099527999999999062e-01,0.000000000000000000e+00
1.100000000000000006e-01,0.000000000000000000e+00
1.101403999999999994e-01,0.000000000000000000e+00
1.102807999999999983e-01,0.000000000000000000e+00
1.104211999999999971e-01,0.000000000000000000e+00
1.105615999999999960e-01,0.000000000000000000e+00
1.107019999999999949e-01,0.000000000000000000e+00
1.108423999999999937e-01,0.000000000000000000e+00
1.109827999999999926e-01,0.000000000000000000e+00
1.111231999999999914e-01,0.000000000000000000e+00
1.112635999999999903e-01,0.000000000000000000e+00
1.114039999999999891e-01,0.000000000000000000e+00
1.115443999999999880e-01,0.000000000000000000e+00
1.116847999999999869e-01,0.000000000000000000e+00
1.118251999999999857e-01,0.000000000000000000e+00
1.119655999999999846e-01,0.000000000000000000e+00
1.120199999999999946e-01,0.000000000000000000e+00
1.121602000000000016e-01,0.000000000000000000e+00
1.123004000000000085e-01,0.000000000000000000e+00
1.124406000000000155e-01,0.000000000000000000e+00
1.125808000000000225e-01,0.000000000000000000e+00
1.127210000000000295e-01,0.000000000000000000e+00
1.128612000000000365e-01,0.000000000000000000e+00
1.130014000000000435e-01,0.000000000000000000e+00
1.131416000000000505e-01,0.000000000000000000e+00
1.132818000000000574e-01,0.000000000000000000e+00
1.134220000000000644e-01,0.000000000000000000e+00
1.135622000000000714e-01,0.000000000000000000e+00
1.137024000000000784e-01,0.000000000000000000e+00
1.138426000000000854e-01,0.000000000000000000e+00
1.139828000000000924e-01,0.000000000000000000e+00
1.140300000000000064e-01,0.000000000000000000e+00
1.141701999999999995e-01,0.000000000000000000e+00
1.143103999999999926e-01,0.000000000000000000e+00
1.144505999999999857e-01,0.000000000000000000e+00
1.145907999999999788e-01,0.000000000000000000e+00
1.147309999999999719e-01,0.000000000000000000e+00
1.148711999999999650e-01,0.000000000000000000e+00
1.150113999999999581e-01,0.000000000000000000e+00
1.151515999999999512e-01,0.000000000000000000e+00
1.152917999999999443e-01,0.000000000000000000e+00
1.154319999999999374e-01,0.000000000000000000e+00
1.155721999999999305e-01,0.000000000000000000e+00
1.157123999999999236e-01,0.000000000000000000e+00
1.158525999999999168e-01,0.000000000000000000e+00
1.159927999999999099e-01,0.000000000000000000e+00
1.160400000000000043e-01,0.000000000000000000e+00
1.161792000000000102e-01,0.000000000000000000e+00
1.163184000000000162e-01,0.000000000000000000e+00
1.164576000000000222e-01,0.000000000000000000e+00
1.165968000000000282e-01,0.000000000000000000e+00
1.167360000000000342e-01,0.000000000000000000e+00
1.168752000000000402e-01,0.000000000000000000e+00
1.170144000000000462e-01,0.000000000000000000e+00
1.171536000000000521e-01,0.000000000000000000e+00
1.172928000000000581e-01,0.000000000000000000e+00
1.174320000000000641e-01,0.000000000000000000e+00
1.175712000000000701e-01,0.000000000000000000e+00
1.177104000000000761e-01,0.000000000000000000e+00
1.178496000000000821e-01,0.000000000000000000e+00
1.179888000000000881e-01,0.000000000000000000e+00
1.179999999999999938e-01,0.000000000000000000e+00
1.181402000000000008e-01,0.000000000000000000e+00
1.182804000000000078e-01,0.000000000000000000e+00
1.184206000000000147e-01,0.000000000000000000e+00
1.185608000000000217e-01,0.000000000000000000e+00
1.187010000000000287e-01,0.000000000000000000e+00
1.188412000000000357e-01,0.000000000000000000e+00
1.189814000000000427e-01,0.000000000000000000e+00
1.191216000000000497e-01,0.000000000000000000e+00
1.192618000000000567e-01,0.000000000000000000e+00
1.194020000000000636e-01,0.000000000000000000e+00
1.195422000000000706e-01,0.000000000000000000e+00
1.196824000000000776e-01,0.000000000000000000e+00
1.198226000000000846e-01,0.000000000000000000e+00
1.199628000000000916e-01,0.000000000000000000e+00
1.200100000000000056e-01,0.000000000000000000e+00
1.201504000000000044e-01,0.000000000000000000e+00
1.202908000000000033e-01,0.000000000000000000e+00
1.204312000000000021e-01,0.000000000000000000e+00
1.205716000000000010e-01,0.000000000000000000e+00
1.207119999999999999e-01,0.000000000000000000e+00
1.208523999999999987e-01,0.000000000000000000e+00
1.209927999999999976e-01,0.000000000000000000e+00
1.211331999999999964e-01,0.000000000000000000e+00
1.212735999999999953e-01,0.000000000000000000e+00
1.214139999999999942e-01,0.000000000000000000e+00
1.215543999999999930e-01,0.000000000000000000e+00
1.216947999999999919e-01,0.000000000000000000e+00
1.218351999999999907e-01,0.000000000000000000e+00
1.219755999999999896e-01,0.000000000000000000e+00
1.220299999999999996e-01,0.000000000000000000e+00
1.221701999999999927e-01,0.000000000000000000e+00
1.223103999999999858e-01,0.000000000000000000e+00
1.224505999999999789e-01,0.000000000000000000e+00
1.225907999999999720e-01,0.000000000000000000e+00
1.227309999999999651e-01,0.000000000000000000e+00
1.228711999999999582e-01,0.000000000000000000e+00
1.230113999999999513e-01,0.000000000000000000e+00
1.231515999999999444e-01,0.000000000000000000e+00
1.232917999999999376e-01,0.000000000000000000e+00
1.234319999999999307e-01,0.000000000000000000e+00
1.235721999999999238e-01,0.000000000000000000e+00
1.237123999999999169e-01,0.000000000000000000e+00
1.238525999999999100e-01,0.000000000000000000e+00
1.239927999999999031e-01,0.000000000000000000e+00
1.240399999999999975e-01,0.000000000000000000e+00
1.241789999999999977e-01,0.000000000000000000e+00
1.243179999999999980e-01,0.000000000000000000e+00
1.244569999999999982e-01,0.000000000000000000e+00
1.245959999999999984e-01,0.000000000000000000e+00
1.247349999999999987e-01,0.000000000000000000e+00
1.248739999999999989e-01,0.000000000000000000e+00
1.250129999999999852e-01,0.000000000000000000e+00
1.251519999999999855e-01,0.000000000000000000e+00
1.252909999999999857e-01,0.000000000000000000e+00
1.254299999999999859e-01,0.000000000000000000e+00
1.255689999999999862e-01,0.000000000000000000e+00
1.257079999999999864e-01,0.000000000000000000e+00
1.258469999999999867e-01,0.000000000000000000e+00
1.259859999999999869e-01,0.000000000000000000e+00
1.259899999999999909e-01,0.000000000000000000e+00
1.261304000000000036e-01,0.000000000000000000e+00
1.262708000000000164e-01,0.000000000000000000e+00
1.264112000000000291e-01,0.000000000000000000e+00
1.265516000000000418e-01,0.000000000000000000e+00
1.266920000000000546e-01,0.000000000000000000e+00
1.268324000000000673e-01,0.000000000000000000e+00
1.269728000000000800e-01,0.000000000000000000e+00
1.271132000000000928e-01,0.000000000000000000e+00
1.272536000000001055e-01,0.000000000000000000e+00
1.273940000000001183e-01,0.000000000000000000e+00
1.275344000000001310e-01,0.000000000000000000e+00
1.276748000000001437e-01,0.000000000000000000e+00
1.278152000000001565e-01,0.000000000000000000e+00
1.279556000000001692e-01,0.000000000000000000e+00
1.280100000000000127e-01,0.000000000000000000e+00
1.281502000000000197e-01,0.000000000000000000e+00
1.282904000000000266e-01,0.000000000000000000e+00
1.284306000000000336e-01,0.000000000000000000e+00
1.285708000000000406e-01,0.000000000000000000e+00
1.287110000000000476e-01,0.000000000000000000e+00
1.288512000000000546e-01,0.000000000000000000e+00
1.289914000000000616e-01,0.000000000000000000e+00
1.291316000000000686e-01,0.000000000000000000e+00
1.292718000000000755e-01,0.000000000000000000e+00
1.294120000000000825e-01,0.000000000000000000e+00
1.295522000000000895e-01,0.000000000000000000e+00
1.296924000000000965e-01,0.000000000000000000e+00
1.298326000000001035e-01,0.000000000000000000e+00
1.299728000000001105e-01,0.000000000000000000e+00
1.300199999999999967e-01,0.000000000000000000e+00
1.301604000000000094e-01,0.000000000000000000e+00
1.303008000000000222e-01,0.000000000000000000e+00
1.304412000000000349e-01,0.000000000000000000e+00
1.305816000000000476e-01,0.000000000000000000e+00
1.307220000000000604e-01,0.000000000000000000e+00
1.308624000000000731e-01,0.000000000000000000e+00
1.310028000000000858e-01,0.000000000000000000e+00
1.311432000000000986e-01,0.000000000000000000e+00
1.312836000000001113e-01,0.000000000000000000e+00
1.314240000000001241e-01,0.000000000000000000e+00
1.315644000000001368e-01,0.000000000000000000e+00
1.317048000000001495e-01,0.000000000000000000e+00
1.318452000000001623e-01,0.000000000000000000e+00
1.319856000000001750e-01,0.000000000000000000e+00
1.320399999999999907e-01,0.000000000000000000e+00
1.321789999999999909e-01,0.000000000000000000e+00
1.323179999999999912e-01,0.000000000000000000e+00
1.324569999999999914e-01,0.000000000000000000e+00
1.325959999999999916e-01,0.000000000000000000e+00
1.327349999999999919e-01,0.000000000000000000e+00
1.328739999999999921e-01,0.000000000000000000e+00
1.330129999999999924e-01,0.000000000000000000e+00
1.331519999999999926e-01,0.000000000000000000e+00
1.332909999999999928e-01,0.000000000000000000e+00
1.334299999999999931e-01,0.000000000000000000e+00
1.335689999999999933e-01,0.000000000000000000e+00
1.337079999999999935e-01,0.000000000000000000e+00
1.338469999999999938e-01,0.000000000000000000e+00
1.339859999999999940e-01,0.000000000000000000e+00
1.339899999999999980e-01,0.000000000000000000e+00
1.341302000000000050e-01,0.000000000000000000e+00
1.342704000000000120e-01,0.000000000000000000e+00
1.344106000000000189e-01,0.000000000000000000e+00
1.345508000000000259e-01,0.000000000000000000e+00
1.346910000000000329e-01,0.000000000000000000e+00
1.348312000000000399e-01,0.000000000000000000e+00
1.349714000000000469e-01,0.000000000000000000e+00
1.351116000000000539e-01,0.000000000000000000e+00
1.352518000000000609e-01,0.000000000000000000e+00
1.353920000000000678e-01,0.000000000000000000e+00
1.355322000000000748e-01,0.000000000000000000e+00
1.356724000000000818e-01,0.000000000000000000e+00
1.358126000000000888e-01,0.000000000000000000e+00
1.359528000000000958e-01,0.000000000000000000e+00
1.360000000000000098e-01,0.000000000000000000e+00
1.361404000000000225e-01,0.000000000000000000e+00
1.362808000000000352e-01,0.000000000000000000e+00
1.364212000000000480e-01,0.000000000000000000e+00
1.365616000000000607e-01,0.000000000000000000e+00
1.367020000000000735e-01,0.000000000000000000e+00
1.368424000000000862e-01,0.000000000000000000e+00
1.369828000000000989e-01,0.000000000000000000e+00
1.371232000000001117e-01,0.000000000000000000e+00
1.372636000000001244e-01,0.000000000000000000e+00
1.374040000000001371e-01,0.000000000000000000e+00
1.375444000000001499e-01,0.000000000000000000e+00
1.376848000000001626e-01,0.000000000000000000e+00
1.378252000000001753e-01,0.000000000000000000e+00
1.379656000000001881e-01,0.000000000000000000e+00
1.380200000000000038e-01,0.000000000000000000e+00
1.381602000000000108e-01,0.000000000000000000e+00
1.383004000000000178e-01,0.000000000000000000e+00
1.384406000000000247e-01,0.000000000000000000e+00
1.385808000000000317e-01,0.000000000000000000e+00
1.387210000000000387e-01,0.000000000000000000e+00
1.388612000000000457e-01,0.000000000000000000e+00
1.390014000000000527e-01,0.000000000000000000e+00
1.391416000000000597e-01,0.000000000000000000e+00
1.392818000000000667e-01,0.000000000000000000e+00
1.394220000000000736e-01,0.000000000000000000e+00
1.395622000000000806e-01,0.000000000000000000e+00
1.397024000000000876e-01,0.000000000000000000e+00
1.398426000000000946e-01,0.000000000000000000e+00
1.399828000000001016e-01,0.000000000000000000e+00
1.400299999999999878e-01,0.000000000000000000e+00
1.401704000000000006e-01,0.000000000000000000e+00
1.403108000000000133e-01,0.000000000000000000e+00
1.404512000000000260e-01,0.000000000000000000e+00
1.405916000000000388e-01,0.000000000000000000e+00
1.407320000000000515e-01,0.000000000000000000e+00
1.408724000000000642e-01,0.000000000000000000e+00
1.410128000000000770e-01,0.000000000000000000e+00
1.411532000000000897e-01,0.000000000000000000e+00
1.412936000000001024e-01,0.000000000000000000e+00
1.414340000000001152e-01,0.000000000000000000e+00
1.415744000000001279e-01,0.000000000000000000e+00
1.417148000000001407e-01,0.000000000000000000e+00
1.418552000000001534e-01,0.000000000000000000e+00
1.419956000000001661e-01,0.000000000000000000e+00
1.420500000000000096e-01,0.000000000000000000e+00
1.421890000000000098e-01,0.000000000000000000e+00
1.423280000000000101e-01,0.000000000000000000e+00
1.424670000000000103e-01,0.000000000000000000e+00
1.426060000000000105e-01,0.000000000000000000e+00
1.427450000000000108e-01,0.000000000000000000e+00
1.428840000000000110e-01,0.000000000000000000e+00
1.430230000000000112e-01,0.000000000000000000e+00
1.431620000000000115e-01,0.000000000000000000e+00
1.433010000000000117e-01,0.000000000000000000e+00
1.434400000000000119e-01,0.000000000000000000e+00
1.435790000000000122e-01,0.000000000000000000e+00
1.437180000000000124e-01,0.000000000000000000e+00
1.438570000000000126e-01,0.000000000000000000e+00
1.439960000000000129e-01,0.000000000000000000e+00
1.439999999999999891e-01,0.000000000000000000e+00
1.441401999999999961e-01,0.000000000000000000e+00
1.442804000000000031e-01,0.000000000000000000e+00
1.444206000000000101e-01,0.000000000000000000e+00
1.445608000000000171e-01,0.000000000000000000e+00
1.447010000000000240e-01,0.000000000000000000e+00
1.448412000000000310e-01,0.000000000000000000e+00
1.449814000000000380e-01,0.000000000000000000e+00
1.451216000000000450e-01,0.000000000000000000e+00
1.452618000000000520e-01,0.000000000000000000e+00
1.454020000000000590e-01,0.000000000000000000e+00
1.455422000000000660e-01,0.000000000000000000e+00
1.456824000000000729e-01,0.000000000000000000e+00
1.458226000000000799e-01,0.000000000000000000e+00
1.459628000000000869e-01,0.000000000000000000e+00
1.460100000000000009e-01,0.000000000000000000e+00
1.461504000000000136e-01,0.000000000000000000e+00
1.462908000000000264e-01,0.000000000000000000e+00
1.464312000000000391e-01,0.000000000000000000e+00
1.465716000000000518e-01,0.000000000000000000e+00
1.467120000000000646e-01,0.000000000000000000e+00
1.468524000000000773e-01,0.000000000000000000e+00
1.469928000000000901e-01,0.000000000000000000e+00
1.471332000000001028e-01,0.000000000000000000e+00
1.472736000000001155e-01,0.000000000000000000e+00
1.474140000000001283e-01,0.000000000000000000e+00
1.475544000000001410e-01,0.000000000000000000e+00
1.476948000000001537e-01,0.000000000000000000e+00
1.478352000000001665e-01,0.000000000000000000e+00
1.479756000000001792e-01,0.000000000000000000e+00
1.480299999999999949e-01,0.000000000000000000e+00
1.481702000000000019e-01,0.000000000000000000e+00
1.483104000000000089e-01,0.000000000000000000e+00
1.484506000000000159e-01,0.000000000000000000e+00
1.485908000000000229e-01,0.000000000000000000e+00
1.487310000000000298e-01,0.000000000000000000e+00
1.488712000000000368e-01,0.000000000000000000e+00
1.490114000000000438e-01,0.000000000000000000e+00
1.491516000000000508e-01,0.000000000000000000e+00
1.492918000000000578e-01,0.000000000000000000e+00
1.494320000000000648e-01,0.000000000000000000e+00
1.495722000000000718e-01,0.000000000000000000e+00
1.497124000000000787e-01,0.000000000000000000e+00
1.498526000000000857e-01,0.000000000000000000e+00
1.499928000000000927e-01,0.000000000000000000e+00
1.500400000000000067e-01,0.000000000000000000e+00
1.501790000000000069e-01,0.000000000000000000e+00
1.503180000000000072e-01,0.000000000000000000e+00
1.504570000000000074e-01,0.000000000000000000e+00
1.505960000000000076e-01,0.000000000000000000e+00
1.507350000000000079e-01,0.000000000000000000e+00
1.508740000000000081e-01,0.000000000000000000e+00
1.510130000000000083e-01,0.000000000000000000e+00
1.511520000000000086e-01,0.000000000000000000e+00
1.512910000000000088e-01,0.000000000000000000e+00
1.514300000000000090e-01,0.000000000000000000e+00
1.515690000000000093e-01,0.000000000000000000e+00
1.517080000000000095e-01,0.000000000000000000e+00
1.518470000000000097e-01,0.000000000000000000e+00
1.519860000000000100e-01,0.000000000000000000e+00
1.519899999999999862e-01,0.000000000000000000e+00
1.521303999999999990e-01,0.000000000000000000e+00
1.522708000000000117e-01,0.000000000000000000e+00
1.524112000000000244e-01,0.000000000000000000e+00
1.525516000000000372e-01,0.000000000000000000e+00
1.526920000000000499e-01,0.000000000000000000e+00
1.528324000000000626e-01,0.000000000000000000e+00
1.529728000000000754e-01,0.000000000000000000e+00
1.531132000000000881e-01,0.000000000000000000e+00
1.532536000000001009e-01,0.000000000000000000e+00
1.533940000000001136e-01,0.000000000000000000e+00
1.535344000000001263e-01,0.000000000000000000e+00
1.536748000000001391e-01,0.000000000000000000e+00
1.538152000000001518e-01,0.000000000000000000e+00
1.539556000000001645e-01,0.000000000000000000e+00
1.540100000000000080e-01,0.000000000000000000e+00
1.541502000000000150e-01,0.000000000000000000e+00
1.542904000000000220e-01,0.000000000000000000e+00
1.544306000000000290e-01,0.000000000000000000e+00
1.545708000000000359e-01,0.000000000000000000e+00
1.547110000000000429e-01,0.000000000000000000e+00
1.548512000000000499e-01,0.000000000000000000e+00
1.549914000000000569e-01,0.000000000000000000e+00
1.551316000000000639e-01,0.000000000000000000e+00
1.552718000000000709e-01,0.000000000000000000e+00
1.554120000000000779e-01,0.000000000000000000e+00
1.555522000000000848e-01,0.000000000000000000e+00
1.556924000000000918e-01,0.000000000000000000e+00
1.558326000000000988e-01,0.000000000000000000e+00
1.559728000000001058e-01,0.000000000000000000e+00
1.560199999999999920e-01,0.000000000000000000e+00
1.561604000000000048e-01,0.000000000000000000e+00
1.563008000000000175e-01,0.000000000000000000e+00
1.564412000000000302e-01,0.000000000000000000e+00
1.565816000000000430e-01,0.000000000000000000e+00
1.567220000000000557e-01,0.000000000000000000e+00
1.568624000000000684e-01,0.000000000000000000e+00
1.570028000000000812e-01,0.000000000000000000e+00
1.571432000000000939e-01,0.000000000000000000e+00
1.572836000000001067e-01,0.000000000000000000e+00
1.574240000000001194e-01,0.000000000000000000e+00
1.575644000000001321e-01,0.000000000000000000e+00
1.577048000000001449e-01,0.000000000000000000e+00
1.578452000000001576e-01,0.000000000000000000e+00
1.579856000000001703e-01,0.000000000000000000e+00
1.580400000000000138e-01,0.000000000000000000e+00
1.581790000000000140e-01,0.000000000000000000e+00
1.583180000000000143e-01,0.000000000000000000e+00
1.584570000000000145e-01,0.000000000000000000e+00
1.585960000000000147e-01,0.000000000000000000e+00
1.587350000000000150e-01,0.000000000000000000e+00
1.588740000000000152e-01,0.000000000000000000e+00
1.590130000000000154e-01,0.000000000000000000e+00
1.591520000000000157e-01,0.000000000000000000e+00
1.592910000000000159e-01,0.000000000000000000e+00
1.594300000000000161e-01,0.000000000000000000e+00
1.595690000000000164e-01,0.000000000000000000e+00
1.597080000000000166e-01,0.000000000000000000e+00
1.598470000000000169e-01,0.000000000000000000e+00
1.599860000000000171e-01,0.000000000000000000e+00
1.599899999999999933e-01,0.000000000000000000e+00
1.601302000000000003e-01,0.000000000000000000e+00
1.602704000000000073e-01,0.000000000000000000e+00
1.604106000000000143e-01,0.000000000000000000e+00
1.605508000000000213e-01,0.000000000000000000e+00
1.606910000000000283e-01,0.000000000000000000e+00
1.608312000000000352e-01,0.000000000000000000e+00
1.609714000000000422e-01,0.000000000000000000e+00
1.611116000000000492e-01,0.000000000000000000e+00
1.612518000000000562e-01,0.000000000000000000e+00
1.613920000000000632e-01,0.000000000000000000e+00
1.615322000000000702e-01,0.000000000000000000e+00
1.616724000000000772e-01,0.000000000000000000e+00
1.618126000000000841e-01,0.000000000000000000e+00
1.619528000000000911e-01,0.000000000000000000e+00
1.620000000000000051e-01,0.000000000000000000e+00
1.621404000000000178e-01,0.000000000000000000e+00
1.622808000000000306e-01,0.000000000000000000e+00
1.624212000000000433e-01,0.000000000000000000e+00
1.625616000000000561e-01,0.000000000000000000e+00
1.627020000000000688e-01,0.000000000000000000e+00
1.628424000000000815e-01,0.000000000000000000e+00
1.629828000000000943e-01,0.000000000000000000e+00
1.631232000000001070e-01,0.000000000000000000e+00
1.632636000000001197e-01,0.000000000000000000e+00
1.634040000000001325e-01,0.000000000000000000e+00
1.635444000000001452e-01,0.000000000000000000e+00
1.636848000000001579e-01,0.000000000000000000e+00
1.638252000000001707e-01,0.000000000000000000e+00
1.639656000000001834e-01,0.000000000000000000e+00
1.640199999999999991e-01,0.000000000000000000e+00
1.641602000000000061e-01,0.000000000000000000e+00
1.643004000000000131e-01,0.000000000000000000e+00
1.644406000000000201e-01,0.000000000000000000e+00
1.645808000000000271e-01,0.000000000000000000e+00
1.647210000000000341e-01,0.000000000000000000e+00
1.648612000000000410e-01,0.000000000000000000e+00
1.650014000000000480e-01,0.000000000000000000e+00
1.651416000000000550e-01,0.000000000000000000e+00
1.652818000000000620e-01,0.000000000000000000e+00
1.654220000000000690e-01,0.000000000000000000e+00
1.655622000000000760e-01,0.000000000000000000e+00
1.657024000000000830e-01,0.000000000000000000e+00
1.658426000000000899e-01,0.000000000000000000e+00
1.659828000000000969e-01,0.000000000000000000e+00
1.660300000000000109e-01,0.000000000000000000e+00
1.661704000000000236e-01,0.000000000000000000e+00
1.663108000000000364e-01,0.000000000000000000e+00
1.664512000000000491e-01,0.000000000000000000e+00
1.665916000000000619e-01,0.000000000000000000e+00
1.667320000000000746e-01,0.000000000000000000e+00
1.668724000000000873e-01,0.000000000000000000e+00
1.670128000000001001e-01,0.000000000000000000e+00
1.671532000000001128e-01,0.000000000000000000e+00
1.672936000000001255e-01,0.000000000000000000e+00
1.674340000000001383e-01,0.000000000000000000e+00
1.675744000000001510e-01,0.000000000000000000e+00
1.677148000000001637e-01,0.000000000000000000e+00
1.678552000000001765e-01,0.000000000000000000e+00
1.679956000000001892e-01,0.000000000000000000e+00
1.680500000000000049e-01,0.000000000000000000e+00
1.681890000000000052e-01,0.000000000000000000e+00
1.683280000000000054e-01,0.000000000000000000e+00
1.684670000000000056e-01,0.000000000000000000e+00
1.686060000000000059e-01,0.000000000000000000e+00
1.687450000000000061e-01,0.000000000000000000e+00
1.688840000000000063e-01,0.000000000000000000e+00
1.690230000000000066e-01,0.000000000000000000e+00
1.691620000000000068e-01,0.000000000000000000e+00
1.693010000000000070e-01,0.000000000000000000e+00
1.694400000000000073e-01,0.000000000000000000e+00
1.695790000000000075e-01,0.000000000000000000e+00
1.697180000000000077e-01,0.000000000000000000e+00
1.698570000000000080e-01,0.000000000000000000e+00
1.699960000000000082e-01,0.000000000000000000e+00
1.700000000000000122e-01,0.000000000000000000e+00
1.701402000000000192e-01,0.000000000000000000e+00
1.702804000000000262e-01,0.000000000000000000e+00
1.704206000000000332e-01,0.000000000000000000e+00
1.705608000000000402e-01,0.000000000000000000e+00
1.707010000000000471e-01,0.000000000000000000e+00
1.708412000000000541e-01,0.000000000000000000e+00
1.709814000000000611e-01,0.000000000000000000e+00
1.711216000000000681e-01,0.000000000000000000e+00
1.712618000000000751e-01,0.000000000000000000e+00
1.714020000000000821e-01,0.000000000000000000e+00
1.715422000000000891e-01,0.000000000000000000e+00
1.716824000000000960e-01,0.000000000000000000e+00
1.718226000000001030e-01,0.000000000000000000e+00
1.719628000000001100e-01,0.000000000000000000e+00
1.720099999999999962e-01,0.000000000000000000e+00
1.721504000000000090e-01,0.000000000000000000e+00
1.722908000000000217e-01,0.000000000000000000e+00
1.724312000000000344e-01,0.000000000000000000e+00
1.725716000000000472e-01,0.000000000000000000e+00
1.727120000000000599e-01,0.000000000000000000e+00
1.728524000000000727e-01,0.000000000000000000e+00
1.729928000000000854e-01,0.000000000000000000e+00
1.731332000000000981e-01,0.000000000000000000e+00
1.732736000000001109e-01,0.000000000000000000e+00
1.734140000000001236e-01,0.000000000000000000e+00
1.735544000000001363e-01,0.000000000000000000e+00
1.736948000000001491e-01,0.000000000000000000e+00
1.738352000000001618e-01,0.000000000000000000e+00
1.739756000000001745e-01,0.000000000000000000e+00
1.740299999999999903e-01,0.000000000000000000e+00
1.741701999999999972e-01,0.000000000000000000e+00
1.743104000000000042e-01,0.000000000000000000e+00
1.744506000000000112e-01,0.000000000000000000e+00
1.745908000000000182e-01,0.000000000000000000e+00
1.747310000000000252e-01,0.000000000000000000e+00
1.748712000000000322e-01,0.000000000000000000e+00
1.750114000000000392e-01,0.000000000000000000e+00
1.751516000000000461e-01,0.000000000000000000e+00
1.752918000000000531e-01,0.000000000000000000e+00
1.754320000000000601e-01,0.000000000000000000e+00
1.755722000000000671e-01,0.000000000000000000e+00
1.757124000000000741e-01,0.000000000000000000e+00
1.758526000000000811e-01,0.000000000000000000e+00
1.759928000000000881e-01,0.000000000000000000e+00
1.760400000000000020e-01,0.000000000000000000e+00
1.761792000000000080e-01,0.000000000000000000e+00
1.763184000000000140e-01,0.000000000000000000e+00
1.764576000000000200e-01,0.000000000000000000e+00
1.765968000000000260e-01,0.000000000000000000e+00
1.767360000000000320e-01,0.000000000000000000e+00
1.768752000000000379e-01,0.000000000000000000e+00
1.770144000000000439e-01,0.000000000000000000e+00
1.771536000000000499e-01,0.000000000000000000e+00
1.772928000000000559e-01,0.000000000000000000e+00
1.774320000000000619e-01,0.000000000000000000e+00
1.775712000000000679e-01,0.000000000000000000e+00
1.777104000000000739e-01,0.000000000000000000e+00
1.778496000000000798e-01,0.000000000000000000e+00
1.779888000000000858e-01,0.000000000000000000e+00
1.779999999999999916e-01,0.000000000000000000e+00
1.781401999999999985e-01,0.000000000000000000e+00
1.782804000000000055e-01,0.000000000000000000e+00
1.784206000000000125e-01,0.000000000000000000e+00
1.785608000000000195e-01,0.000000000000000000e+00
1.787010000000000265e-01,0.000000000000000000e+00
1.788412000000000335e-01,0.000000000000000000e+00
1.789814000000000405e-01,0.000000000000000000e+00
1.791216000000000474e-01,0.000000000000000000e+00
1.792618000000000544e-01,0.000000000000000000e+00
1.794020000000000614e-01,0.000000000000000000e+00
1.795422000000000684e-01,0.000000000000000000e+00
1.796824000000000754e-01,0.000000000000000000e+00
1.798226000000000824e-01,0.000000000000000000e+00
1.799628000000000894e-01,0.000000000000000000e+00
1.800100000000000033e-01,0.000000000000000000e+00
1.801502000000000103e-01,0.000000000000000000e+00
1.802904000000000173e-01,0.000000000000000000e+00
1.804306000000000243e-01,0.000000000000000000e+00
1.805708000000000313e-01,0.000000000000000000e+00
1.807110000000000383e-01,0.000000000000000000e+00
1.808512000000000453e-01,0.000000000000000000e+00
1.809914000000000522e-01,0.000000000000000000e+00
1.811316000000000592e-01,0.000000000000000000e+00
1.812718000000000662e-01,0.000000000000000000e+00
1.814120000000000732e-01,0.000000000000000000e+00
1.815522000000000802e-01,0.000000000000000000e+00
1.816924000000000872e-01,0.000000000000000000e+00
1.818326000000000942e-01,0.000000000000000000e+00
1.819728000000001011e-01,0.000000000000000000e+00
1.820199999999999874e-01,0.000000000000000000e+00
1.821604000000000001e-01,0.000000000000000000e+00
1.823008000000000128e-01,0.000000000000000000e+00
1.824412000000000256e-01,0.000000000000000000e+00
1.825816000000000383e-01,0.000000000000000000e+00
1.827220000000000510e-01,0.000000000000000000e+00
1.828624000000000638e-01,0.000000000000000000e+00
1.830028000000000765e-01,0.000000000000000000e+00
1.831432000000000893e-01,0.000000000000000000e+00
1.832836000000001020e-01,0.000000000000000000e+00
1.834240000000001147e-01,0.000000000000000000e+00
1.835644000000001275e-01,0.000000000000000000e+00
1.837048000000001402e-01,0.000000000000000000e+00
1.838452000000001529e-01,0.000000000000000000e+00
1.839856000000001657e-01,0.000000000000000000e+00
1.840400000000000091e-01,0.000000000000000000e+00
1.841790000000000094e-01,0.000000000000000000e+00
1.843180000000000096e-01,0.000000000000000000e+00
1.844570000000000098e-01,0.000000000000000000e+00
1.845960000000000101e-01,0.000000000000000000e+00
1.847350000000000103e-01,0.000000000000000000e+00
1.848740000000000105e-01,0.000000000000000000e+00
1.850130000000000108e-01,0.000000000000000000e+00
1.851520000000000110e-01,0.000000000000000000e+00
1.852910000000000112e-01,0.000000000000000000e+00
1.854300000000000115e-01,0.000000000000000000e+00
1.855690000000000117e-01,0.000000000000000000e+00
1.857080000000000120e-01,0.000000000000000000e+00
1.858470000000000122e-01,0.000000000000000000e+00
1.859860000000000124e-01,0.000000000000000000e+00
1.859899999999999887e-01,0.000000000000000000e+00
1.861304000000000014e-01,0.000000000000000000e+00
1.862708000000000141e-01,0.000000000000000000e+00
1.864112000000000269e-01,0.000000000000000000e+00
1.865516000000000396e-01,0.000000000000000000e+00
1.866920000000000524e-01,0.000000000000000000e+00
1.868324000000000651e-01,0.000000000000000000e+00
1.869728000000000778e-01,0.000000000000000000e+00
1.871132000000000906e-01,0.000000000000000000e+00
1.872536000000001033e-01,0.000000000000000000e+00
1.873940000000001160e-01,0.000000000000000000e+00
1.875344000000001288e-01,0.000000000000000000e+00
1.876748000000001415e-01,0.000000000000000000e+00
1.878152000000001542e-01,0.000000000000000000e+00
1.879556000000001670e-01,0.000000000000000000e+00
1.880100000000000104e-01,0.000000000000000000e+00
1.881502000000000174e-01,0.000000000000000000e+00
1.882904000000000244e-01,0.000000000000000000e+00
1.884306000000000314e-01,0.000000000000000000e+00
1.885708000000000384e-01,0.000000000000000000e+00
1.887110000000000454e-01,0.000000000000000000e+00
1.888512000000000524e-01,0.000000000000000000e+00
1.889914000000000593e-01,0.000000000000000000e+00
1.891316000000000663e-01,0.000000000000000000e+00
1.892718000000000733e-01,0.000000000000000000e+00
1.894120000000000803e-01,0.000000000000000000e+00
1.895522000000000873e-01,0.000000000000000000e+00
1.896924000000000943e-01,0.000000000000000000e+00
1.898326000000001013e-01,0.000000000000000000e+00
1.899728000000001082e-01,0.000000000000000000e+00
1.900199999999999945e-01,0.000000000000000000e+00
1.901602000000000015e-01,0.000000000000000000e+00
1.903004000000000084e-01,0.000000000000000000e+00
1.904406000000000154e-01,0.000000000000000000e+00
1.905808000000000224e-01,0.000000000000000000e+00
1.907210000000000294e-01,0.000000000000000000e+00
1.908612000000000364e-01,0.000000000000000000e+00
1.910014000000000434e-01,0.000000000000000000e+00
1.911416000000000504e-01,0.000000000000000000e+00
1.912818000000000573e-01,0.000000000000000000e+00
1.914220000000000643e-01,0.000000000000000000e+00
1.915622000000000713e-01,0.000000000000000000e+00
1.917024000000000783e-01,0.000000000000000000e+00
1.918426000000000853e-01,0.000000000000000000e+00
1.919828000000000923e-01,0.000000000000000000e+00
1.920300000000000062e-01,0.000000000000000000e+00
1.921692000000000122e-01,0.000000000000000000e+00
1.923084000000000182e-01,0.000000000000000000e+00
1.924476000000000242e-01,0.000000000000000000e+00
1.925868000000000302e-01,0.000000000000000000e+00
1.927260000000000362e-01,0.000000000000000000e+00
1.928652000000000422e-01,0.000000000000000000e+00
1.930044000000000481e-01,0.000000000000000000e+00
1.931436000000000541e-01,0.000000000000000000e+00
1.932828000000000601e-01,0.000000000000000000e+00
1.934220000000000661e-01,0.000000000000000000e+00
1.935612000000000721e-01,0.000000000000000000e+00
1.937004000000000781e-01,0.000000000000000000e+00
1.938396000000000841e-01,0.000000000000000000e+00
1.939788000000000900e-01,0.000000000000000000e+00
1.939899999999999958e-01,0.000000000000000000e+00
1.941302000000000028e-01,0.000000000000000000e+00
1.942704000000000097e-01,0.000000000000000000e+00
1.944106000000000167e-01,0.000000000000000000e+00
1.945508000000000237e-01,0.000000000000000000e+00
1.946910000000000307e-01,0.000000000000000000e+00
1.948312000000000377e-01,0.000000000000000000e+00
1.949714000000000447e-01,0.000000000000000000e+00
1.951116000000000517e-01,0.000000000000000000e+00
1.952518000000000586e-01,0.000000000000000000e+00
1.953920000000000656e-01,0.000000000000000000e+00
1.955322000000000726e-01,0.000000000000000000e+00
1.956724000000000796e-01,0.000000000000000000e+00
1.958126000000000866e-01,0.000000000000000000e+00
1.959528000000000936e-01,0.000000000000000000e+00
1.960000000000000075e-01,0.000000000000000000e+00
1.961402000000000145e-01,0.000000000000000000e+00
1.962804000000000215e-01,0.000000000000000000e+00
1.964206000000000285e-01,0.000000000000000000e+00
1.965608000000000355e-01,0.000000000000000000e+00
1.967010000000000425e-01,0.000000000000000000e+00
1.968412000000000495e-01,0.000000000000000000e+00
1.969814000000000564e-01,0.000000000000000000e+00
1.971216000000000634e-01,0.000000000000000000e+00
1.972618000000000704e-01,0.000000000000000000e+00
1.974020000000000774e-01,0.000000000000000000e+00
1.975422000000000844e-01,0.000000000000000000e+00
1.976824000000000914e-01,0.000000000000000000e+00
1.978226000000000984e-01,0.000000000000000000e+00
1.979628000000001053e-01,0.000000000000000000e+00
1.980099999999999916e-01,0.000000000000000000e+00
1.981504000000000043e-01,0.000000000000000000e+00
1.982908000000000170e-01,0.000000000000000000e+00
1.984312000000000298e-01,0.000000000000000000e+00
1.985716000000000425e-01,0.000000000000000000e+00
1.987120000000000553e-01,0.000000000000000000e+00
1.988524000000000680e-01,0.000000000000000000e+00
1.989928000000000807e-01,0.000000000000000000e+00
1.991332000000000935e-01,0.000000000000000000e+00
1.992736000000001062e-01,0.000000000000000000e+00
1.994140000000001189e-01,0.000000000000000000e+00
1.995544000000001317e-01,0.000000000000000000e+00
1.996948000000001444e-01,0.000000000000000000e+00
1.998352000000001572e-01,0.000000000000000000e+00
1.999756000000001699e-01,0.000000000000000000e+00
2.000300000000000133e-01,0.000000000000000000e+00
2.001702000000000203e-01,0.000000000000000000e+00
2.003104000000000273e-01,0.000000000000000000e+00
2.004506000000000343e-01,0.000000000000000000e+00
2.005908000000000413e-01,0.000000000000000000e+00
2.007310000000000483e-01,0.000000000000000000e+00
2.008712000000000553e-01,0.000000000000000000e+00
2.010114000000000622e-01,0.000000000000000000e+00
2.011516000000000692e-01,0.000000000000000000e+00
2.012918000000000762e-01,0.000000000000000000e+00
2.014320000000000832e-01,0.000000000000000000e+00
2.015722000000000902e-01,0.000000000000000000e+00
2.017124000000000972e-01,0.000000000000000000e+00
2.018526000000001042e-01,0.000000000000000000e+00
2.019928000000001111e-01,0.000000000000000000e+00
2.020399999999999974e-01,0.000000000000000000e+00
2.021792000000000034e-01,0.000000000000000000e+00
2.023184000000000093e-01,0.000000000000000000e+00
2.024576000000000153e-01,0.000000000000000000e+00
2.025968000000000213e-01,0.000000000000000000e+00
2.027360000000000273e-01,0.000000000000000000e+00
2.028752000000000333e-01,0.000000000000000000e+00
2.030144000000000393e-01,0.000000000000000000e+00
2.031536000000000453e-01,0.000000000000000000e+00
2.032928000000000512e-01,0.000000000000000000e+00
2.034320000000000572e-01,0.000000000000000000e+00
2.035712000000000632e-01,0.000000000000000000e+00
2.037104000000000692e-01,0.000000000000000000e+00
2.038496000000000752e-01,0.000000000000000000e+00
2.039888000000000812e-01,0.000000000000000000e+00
2.039999999999999869e-01,0.000000000000000000e+00
2.041401999999999939e-01,0.000000000000000000e+00
2.042804000000000009e-01,0.000000000000000000e+00
2.044206000000000079e-01,0.000000000000000000e+00
2.045608000000000148e-01,0.000000000000000000e+00
2.047010000000000218e-01,0.000000000000000000e+00
2.048412000000000288e-01,0.000000000000000000e+00
2.049814000000000358e-01,0.000000000000000000e+00
2.051216000000000428e-01,0.000000000000000000e+00
2.052618000000000498e-01,0.000000000000000000e+00
2.054020000000000568e-01,0.000000000000000000e+00
2.055422000000000637e-01,0.000000000000000000e+00
2.056824000000000707e-01,0.000000000000000000e+00
2.058226000000000777e-01,0.000000000000000000e+00
2.059628000000000847e-01,0.000000000000000000e+00
2.060099999999999987e-01,0.000000000000000000e+00
2.061502000000000057e-01,0.000000000000000000e+00
2.062904000000000126e-01,0.000000000000000000e+00
2.064306000000000196e-01,0.000000000000000000e+00
2.065708000000000266e-01,0.000000000000000000e+00
2.067110000000000336e-01,0.000000000000000000e+00
2.068512000000000406e-01,0.000000000000000000e+00
2.069914000000000476e-01,0.000000000000000000e+00
2.071316000000000546e-01,0.000000000000000000e+00
2.072718000000000615e-01,0.000000000000000000e+00
2.074120000000000685e-01,0.000000000000000000e+00
2.075522000000000755e-01,0.000000000000000000e+00
2.076924000000000825e-01,0.000000000000000000e+00
2.078326000000000895e-01,0.000000000000000000e+00
2.079728000000000965e-01,0.000000000000000000e+00
2.080200000000000105e-01,0.000000000000000000e+00
2.081604000000000232e-01,0.000000000000000000e+00
2.083008000000000359e-01,0.000000000000000000e+00
2.084412000000000487e-01,0.000000000000000000e+00
2.085816000000000614e-01,0.000000000000000000e+00
2.087220000000000741e-01,0.000000000000000000e+00
2.088624000000000869e-01,0.000000000000000000e+00
2.090028000000000996e-01,0.000000000000000000e+00
2.091432000000001123e-01,0.000000000000000000e+00
2.092836000000001251e-01,0.000000000000000000e+00
2.094240000000001378e-01,0.000000000000000000e+00
2.095644000000001506e-01,0.000000000000000000e+00
2.097048000000001633e-01,0.000000000000000000e+00
2.098452000000001760e-01,0.000000000000000000e+00
2.099856000000001888e-01,0.000000000000000000e+00
2.100400000000000045e-01,0.000000000000000000e+00
2.101790000000000047e-01,2.500000000000000000e-01
2.103180000000000049e-01,2.500000000000000000e-01
2.104570000000000052e-01,2.500000000000000000e-01
2.105960000000000054e-01,2.500000000000000000e-01
2.107350000000000056e-01,2.500000000000000000e-01
2.108740000000000059e-01,2.500000000000000000e-01
2.110130000000000061e-01,2.500000000000000000e-01
2.111520000000000064e-01,2.500000000000000000e-01
2.112910000000000066e-01,2.500000000000000000e-01
2.114300000000000068e-01,2.500000000000000000e-01
2.115690000000000071e-01,2.500000000000000000e-01
2.117080000000000073e-01,2.500000000000000000e-01
2.118470000000000075e-01,2.500000000000000000e-01
2.119860000000000078e-01,2.500000000000000000e-01
2.119900000000000118e-01,2.500000000000000000e-01
2.121304000000000245e-01,2.500000000000000000e-01
2.122708000000000372e-01,2.500000000000000000e-01
2.124112000000000500e-01,2.500000000000000000e-01
2.125516000000000627e-01,2.500000000000000000e-01
2.126920000000000754e-01,2.500000000000000000e-01
2.128324000000000882e-01,2.500000000000000000e-01
2.129728000000001009e-01,2.500000000000000000e-01
2.131132000000001137e-01,2.500000000000000000e-01
2.132536000000001264e-01,2.500000000000000000e-01
2.133940000000001391e-01,2.500000000000000000e-01
2.135344000000001519e-01,2.500000000000000000e-01
2.136748000000001646e-01,2.500000000000000000e-01
2.138152000000001773e-01,2.500000000000000000e-01
2.139556000000001901e-01,2.500000000000000000e-01
2.140100000000000058e-01,2.500000000000000000e-01
2.141502000000000128e-01,2.500000000000000000e-01
2.142904000000000198e-01,2.500000000000000000e-01
2.144306000000000267e-01,2.500000000000000000e-01
2.145708000000000337e-01,2.500000000000000000e-01
2.147110000000000407e-01,2.500000000000000000e-01
2.148512000000000477e-01,2.500000000000000000e-01
2.149914000000000547e-01,2.500000000000000000e-01
2.151316000000000617e-01,2.500000000000000000e-01
2.152718000000000687e-01,2.500000000000000000e-01
2.154120000000000756e-01,2.500000000000000000e-01
2.155522000000000826e-01,2.500000000000000000e-01
2.156924000000000896e-01,2.500000000000000000e-01
2.158326000000000966e-01,2.500000000000000000e-01
2.159728000000001036e-01,2.500000000000000000e-01
2.160199999999999898e-01,2.500000000000000000e-01
2.161601999999999968e-01,2.500000000000000000e-01
2.163004000000000038e-01,2.500000000000000000e-01
2.164406000000000108e-01,2.500000000000000000e-01
2.165808000000000177e-01,2.500000000000000000e-01
2.167210000000000247e-01,2.500000000000000000e-01
2.168612000000000317e-01,2.500000000000000000e-01
2.170014000000000387e-01,2.500000000000000000e-01
2.171416000000000457e-01,2.500000000000000000e-01
2.172818000000000527e-01,2.500000000000000000e-01
2.174220000000000597e-01,2.500000000000000000e-01
2.175622000000000666e-01,2.500000000000000000e-01
2.177024000000000736e-01,2.500000000000000000e-01
2.178426000000000806e-01,0.000000000000000000e+00
2.179828000000000876e-01,0.000000000000000000e+00
2.180300000000000016e-01,0.000000000000000000e+00
2.181692000000000076e-01,0.000000000000000000e+00
2.183084000000000136e-01,0.000000000000000000e+00
2.184476000000000195e-01,0.000000000000000000e+00
2.185868000000000255e-01,0.000000000000000000e+00
2.187260000000000315e-01,0.000000000000000000e+00
2.188652000000000375e-01,2.500000000000000000e-01
2.190044000000000435e-01,2.500000000000000000e-01
2.191436000000000495e-01,2.500000000000000000e-01
2.192828000000000555e-01,2.500000000000000000e-01
2.194220000000000614e-01,2.500000000000000000e-01
2.195612000000000674e-01,2.500000000000000000e-01
2.197004000000000734e-01,2.500000000000000000e-01
2.198396000000000794e-01,2.500000000000000000e-01
2.199788000000000854e-01,2.500000000000000000e-01
2.199899999999999911e-01,2.500000000000000000e-01
2.201301999999999981e-01,2.500000000000000000e-01
2.202704000000000051e-01,2.500000000000000000e-01
2.204106000000000121e-01,2.500000000000000000e-01
2.205508000000000191e-01,2.500000000000000000e-01
2.206910000000000260e-01,2.500000000000000000e-01
2.208312000000000330e-01,2.500000000000000000e-01
2.209714000000000400e-01,2.500000000000000000e-01
2.211116000000000470e-01,2.500000000000000000e-01
2.212518000000000540e-01,2.500000000000000000e-01
2.213920000000000610e-01,2.500000000000000000e-01
2.215322000000000680e-01,2.500000000000000000e-01
2.216724000000000749e-01,2.500000000000000000e-01
2.218126000000000819e-01,2.500000000000000000e-01
2.219528000000000889e-01,2.500000000000000000e-01
2.220000000000000029e-01,2.500000000000000000e-01
2.221404000000000156e-01,2.500000000000000000e-01
2.222808000000000284e-01,2.500000000000000000e-01
2.224212000000000411e-01,2.500000000000000000e-01
2.225616000000000538e-01,2.500000000000000000e-01
2.227020000000000666e-01,2.500000000000000000e-01
2.228424000000000793e-01,2.500000000000000000e-01
2.229828000000000920e-01,2.500000000000000000e-01
2.231232000000001048e-01,2.500000000000000000e-01
2.232636000000001175e-01,2.500000000000000000e-01
2.234040000000001303e-01,2.500000000000000000e-01
2.235444000000001430e-01,2.500000000000000000e-01
2.236848000000001557e-01,2.500000000000000000e-01
2.238252000000001685e-01,2.500000000000000000e-01
2.239656000000001812e-01,2.500000000000000000e-01
2.240199999999999969e-01,2.500000000000000000e-01
2.241602000000000039e-01,2.500000000000000000e-01
2.243004000000000109e-01,2.500000000000000000e-01
2.244406000000000179e-01,2.500000000000000000e-01
2.245808000000000249e-01,2.500000000000000000e-01
2.247210000000000318e-01,2.500000000000000000e-01
2.248612000000000388e-01,2.500000000000000000e-01
2.250014000000000458e-01,2.500000000000000000e-01
2.251416000000000528e-01,2.500000000000000000e-01
2.252818000000000598e-01,2.500000000000000000e-01
2.254220000000000668e-01,2.500000000000000000e-01
2.255622000000000738e-01,2.500000000000000000e-01
2.257024000000000807e-01,2.500000000000000000e-01
2.258426000000000877e-01,2.500000000000000000e-01
2.259828000000000947e-01,2.500000000000000000e-01
2.260300000000000087e-01,2.500000000000000000e-01
2.261702000000000157e-01,2.500000000000000000e-01
2.263104000000000227e-01,2.500000000000000000e-01
2.264506000000000296e-01,2.500000000000000000e-01
2.265908000000000366e-01,2.500000000000000000e-01
2.267310000000000436e-01,2.500000000000000000e-01
2.268712000000000506e-01,2.500000000000000000e-01
2.270114000000000576e-01,2.500000000000000000e-01
2.271516000000000646e-01,2.500000000000000000e-01
2.272918000000000716e-01,2.500000000000000000e-01
2.274320000000000785e-01,2.500000000000000000e-01
2.275722000000000855e-01,2.500000000000000000e-01
2.277124000000000925e-01,2.500000000000000000e-01
2.278526000000000995e-01,2.500000000000000000e-01
2.279928000000001065e-01,2.500000000000000000e-01
2.280399999999999927e-01,2.500000000000000000e-01
2.281791999999999987e-01,2.500000000000000000e-01
2.283184000000000047e-01,2.500000000000000000e-01
2.284576000000000107e-01,2.500000000000000000e-01
2.285968000000000167e-01,2.500000000000000000e-01
2.287360000000000226e-01,2.500000000000000000e-01
2.288752000000000286e-01,2.500000000000000000e-01
2.290144000000000346e-01,2.500000000000000000e-01
2.291536000000000406e-01,2.500000000000000000e-01
2.292928000000000466e-01,2.500000000000000000e-01
2.294320000000000526e-01,2.500000000000000000e-01
2.295712000000000585e-01,2.500000000000000000e-01
2.297104000000000645e-01,2.500000000000000000e-01
2.298496000000000705e-01,2.500000000000000000e-01
2.299888000000000765e-01,2.500000000000000000e-01
2.300000000000000100e-01,2.500000000000000000e-01
2.301402000000000170e-01,2.500000000000000000e-01
2.302804000000000240e-01,2.500000000000000000e-01
2.304206000000000309e-01,2.500000000000000000e-01
2.305608000000000379e-01,2.500000000000000000e-01
2.307010000000000449e-01,2.500000000000000000e-01
2.308412000000000519e-01,2.500000000000000000e-01
2.309814000000000589e-01,2.500000000000000000e-01
2.311216000000000659e-01,2.500000000000000000e-01
2.312618000000000729e-01,2.500000000000000000e-01
2.314020000000000798e-01,2.500000000000000000e-01
2.315422000000000868e-01,2.500000000000000000e-01
2.316824000000000938e-01,2.500000000000000000e-01
2.318226000000001008e-01,2.500000000000000000e-01
2.319628000000001078e-01,2.500000000000000000e-01
2.320099999999999940e-01,2.500000000000000000e-01
2.321504000000000068e-01,2.500000000000000000e-01
2.322908000000000195e-01,2.500000000000000000e-01
2.324312000000000322e-01,2.500000000000000000e-01
2.325716000000000450e-01,2.500000000000000000e-01
2.327120000000000577e-01,2.500000000000000000e-01
2.328524000000000704e-01,2.500000000000000000e-01
2.329928000000000832e-01,2.500000000000000000e-01
2.331332000000000959e-01,2.500000000000000000e-01
2.332736000000001086e-01,2.500000000000000000e-01
2.334140000000001214e-01,2.500000000000000000e-01
2.335544000000001341e-01,2.500000000000000000e-01
2.336948000000001469e-01,2.500000000000000000e-01
2.338352000000001596e-01,2.500000000000000000e-01
2.339756000000001723e-01,2.500000000000000000e-01
2.340299999999999880e-01,2.500000000000000000e-01
2.341701999999999950e-01,2.500000000000000000e-01
2.343104000000000020e-01,2.500000000000000000e-01
2.344506000000000090e-01,2.500000000000000000e-01
2.345908000000000160e-01,2.500000000000000000e-01
2.347310000000000230e-01,2.500000000000000000e-01
2.348712000000000300e-01,2.500000000000000000e-01
2.350114000000000369e-01,2.500000000000000000e-01
2.351516000000000439e-01,2.500000000000000000e-01
2.352918000000000509e-01,2.500000000000000000e-01
2.354320000000000579e-01,2.500000000000000000e-01
2.355722000000000649e-01,2.500000000000000000e-01
2.357124000000000719e-01,2.500000000000000000e-01
2.358526000000000789e-01,2.500000000000000000e-01
2.359928000000000858e-01,2.500000000000000000e-01
2.360399999999999998e-01,2.500000000000000000e-01
2.361790000000000000e-01,2.500000000000000000e-01
2.363180000000000003e-01,2.500000000000000000e-01
2.364570000000000005e-01,2.500000000000000000e-01
2.365960000000000008e-01,2.500000000000000000e-01
2.367350000000000010e-01,2.500000000000000000e-01
2.368740000000000012e-01,2.500000000000000000e-01
2.370130000000000015e-01,2.500000000000000000e-01
2.371520000000000017e-01,2.500000000000000000e-01
2.372910000000000019e-01,2.500000000000000000e-01
2.374300000000000022e-01,2.500000000000000000e-01
2.375690000000000024e-01,2.500000000000000000e-01
2.377080000000000026e-01,2.500000000000000000e-01
2.378470000000000029e-01,2.500000000000000000e-01
2.379860000000000031e-01,2.500000000000000000e-01
2.379900000000000071e-01,2.500000000000000000e-01
2.381304000000000198e-01,2.500000000000000000e-01
2.382708000000000326e-01,2.500000000000000000e-01
2.384112000000000453e-01,2.500000000000000000e-01
2.385516000000000580e-01,2.500000000000000000e-01
2.386920000000000708e-01,2.500000000000000000e-01
2.388324000000000835e-01,2.500000000000000000e-01
2.389728000000000963e-01,2.500000000000000000e-01
2.391132000000001090e-01,2.500000000000000000e-01
2.392536000000001217e-01,2.500000000000000000e-01
2.393940000000001345e-01,2.500000000000000000e-01
2.395344000000001472e-01,2.500000000000000000e-01
2.396748000000001599e-01,2.500000000000000000e-01
2.398152000000001727e-01,2.500000000000000000e-01
2.399556000000001854e-01,2.500000000000000000e-01
2.400100000000000011e-01,2.500000000000000000e-01
2.401502000000000081e-01,2.500000000000000000e-01
2.402904000000000151e-01,2.500000000000000000e-01
2.404306000000000221e-01,2.500000000000000000e-01
2.405708000000000291e-01,2.500000000000000000e-01
2.407110000000000360e-01,2.500000000000000000e-01
2.408512000000000430e-01,2.500000000000000000e-01
2.409914000000000500e-01,2.500000000000000000e-01
2.411316000000000570e-01,2.500000000000000000e-01
2.412718000000000640e-01,2.500000000000000000e-01
2.414120000000000710e-01,2.500000000000000000e-01
2.415522000000000780e-01,2.500000000000000000e-01
2.416924000000000849e-01,2.500000000000000000e-01
2.418326000000000919e-01,2.500000000000000000e-01
2.419728000000000989e-01,2.500000000000000000e-01
2.420200000000000129e-01,2.500000000000000000e-01
2.421604000000000256e-01,2.500000000000000000e-01
2.423008000000000384e-01,2.500000000000000000e-01
2.424412000000000511e-01,2.500000000000000000e-01
2.425816000000000638e-01,2.500000000000000000e-01
2.427220000000000766e-01,2.500000000000000000e-01
2.428624000000000893e-01,2.500000000000000000e-01
2.430028000000001021e-01,2.500000000000000000e-01
2.431432000000001148e-01,2.500000000000000000e-01
2.432836000000001275e-01,2.500000000000000000e-01
2.434240000000001403e-01,2.500000000000000000e-01
2.435644000000001530e-01,2.500000000000000000e-01
2.437048000000001657e-01,2.500000000000000000e-01
2.438452000000001785e-01,2.500000000000000000e-01
2.439856000000001912e-01,2.500000000000000000e-01
2.440400000000000069e-01,2.500000000000000000e-01
2.441790000000000072e-01,2.500000000000000000e-01
2.443180000000000074e-01,2.500000000000000000e-01
2.444570000000000076e-01,2.500000000000000000e-01
2.445960000000000079e-01,2.500000000000000000e-01
2.447350000000000081e-01,2.500000000000000000e-01
2.448740000000000083e-01,2.500000000000000000e-01
2.450130000000000086e-01,2.500000000000000000e-01
2.451520000000000088e-01,2.500000000000000000e-01
2.452910000000000090e-01,2.500000000000000000e-01
2.454300000000000093e-01,2.500000000000000000e-01
2.455690000000000095e-01,2.500000000000000000e-01
2.457080000000000097e-01,2.500000000000000000e-01
2.458470000000000100e-01,2.500000000000000000e-01
2.459860000000000102e-01,2.500000000000000000e-01
2.459899999999999864e-01,2.500000000000000000e-01
2.461301999999999934e-01,2.500000000000000000e-01
2.462704000000000004e-01,2.500000000000000000e-01
2.464106000000000074e-01,2.500000000000000000e-01
2.465508000000000144e-01,2.500000000000000000e-01
2.466910000000000214e-01,2.500000000000000000e-01
2.468312000000000284e-01,2.500000000000000000e-01
2.469714000000000353e-01,2.500000000000000000e-01
2.471116000000000423e-01,2.500000000000000000e-01
2.472518000000000493e-01,2.500000000000000000e-01
2.473920000000000563e-01,2.500000000000000000e-01
2.475322000000000633e-01,2.500000000000000000e-01
2.476724000000000703e-01,2.500000000000000000e-01
2.478126000000000773e-01,2.500000000000000000e-01
2.479528000000000842e-01,2.500000000000000000e-01
2.479999999999999982e-01,2.500000000000000000e-01
2.481404000000000110e-01,2.500000000000000000e-01
2.482808000000000237e-01,2.500000000000000000e-01
2.484212000000000364e-01,2.500000000000000000e-01
2.485616000000000492e-01,2.500000000000000000e-01
2.487020000000000619e-01,2.500000000000000000e-01
2.488424000000000746e-01,2.500000000000000000e-01
2.489828000000000874e-01,2.500000000000000000e-01
2.491232000000001001e-01,2.500000000000000000e-01
2.492636000000001129e-01,2.500000000000000000e-01
2.494040000000001256e-01,2.500000000000000000e-01
2.495444000000001383e-01,2.500000000000000000e-01
2.496848000000001511e-01,2.500000000000000000e-01
2.498252000000001638e-01,2.500000000000000000e-01
2.499656000000001765e-01,2.500000000000000000e-01
2.500200000000000200e-01,2.500000000000000000e-01
2.501601999999999992e-01,2.500000000000000000e-01
2.503003999999999785e-01,2.500000000000000000e-01
2.504405999999999577e-01,2.500000000000000000e-01
2.505807999999999369e-01,2.500000000000000000e-01
2.507209999999999162e-01,2.500000000000000000e-01
2.508611999999998954e-01,2.500000000000000000e-01
2.510013999999998746e-01,2.500000000000000000e-01
2.511415999999998538e-01,2.500000000000000000e-01
2.512817999999998331e-01,2.500000000000000000e-01
2.514219999999998123e-01,2.500000000000000000e-01
2.515621999999997915e-01,2.500000000000000000e-01
2.517023999999997708e-01,2.500000000000000000e-01
2.518425999999997500e-01,2.500000000000000000e-01
2.519827999999997292e-01,2.500000000000000000e-01
2.520299999999999763e-01,2.500000000000000000e-01
2.521703999999999612e-01,2.500000000000000000e-01
2.523107999999999462e-01,2.500000000000000000e-01
2.524511999999999312e-01,2.500000000000000000e-01
2.525915999999999162e-01,2.500000000000000000e-01
2.527319999999999012e-01,2.500000000000000000e-01
2.528723999999998862e-01,2.500000000000000000e-01
2.530127999999998711e-01,2.500000000000000000e-01
2.531531999999998561e-01,2.500000000000000000e-01
2.532935999999998411e-01,2.500000000000000000e-01
2.534339999999998261e-01,2.500000000000000000e-01
2.535743999999998111e-01,2.500000000000000000e-01
2.537147999999997960e-01,2.500000000000000000e-01
2.538551999999997810e-01,2.500000000000000000e-01
2.539955999999997660e-01,2.500000000000000000e-01
2.540499999999999980e-01,2.500000000000000000e-01
2.541889999999999983e-01,2.500000000000000000e-01
2.543279999999999985e-01,2.500000000000000000e-01
2.544669999999999987e-01,2.500000000000000000e-01
2.546059999999999990e-01,2.500000000000000000e-01
2.547449999999999992e-01,2.500000000000000000e-01
2.548839999999999995e-01,2.500000000000000000e-01
2.550229999999999997e-01,2.500000000000000000e-01
2.551619999999999999e-01,2.500000000000000000e-01
2.553010000000000002e-01,2.500000000000000000e-01
2.554400000000000004e-01,2.500000000000000000e-01
2.555790000000000006e-01,2.500000000000000000e-01
2.557180000000000009e-01,2.500000000000000000e-01
2.558570000000000011e-01,2.500000000000000000e-01
2.559960000000000013e-01,2.500000000000000000e-01
2.560000000000000053e-01,2.500000000000000000e-01
2.561401999999999846e-01,2.500000000000000000e-01
2.562803999999999638e-01,2.500000000000000000e-01
2.564205999999999430e-01,2.500000000000000000e-01
2.565607999999999222e-01,2.500000000000000000e-01
2.567009999999999015e-01,2.500000000000000000e-01
2.568411999999998807e-01,2.500000000000000000e-01
2.569813999999998599e-01,2.500000000000000000e-01
2.571215999999998392e-01,2.500000000000000000e-01
2.572617999999998184e-01,2.500000000000000000e-01
2.574019999999997976e-01,2.500000000000000000e-01
2.575421999999997769e-01,2.500000000000000000e-01
2.576823999999997561e-01,2.500000000000000000e-01
2.578225999999997353e-01,2.500000000000000000e-01
2.579627999999997146e-01,2.500000000000000000e-01
2.580100000000000171e-01,2.500000000000000000e-01
2.581504000000000021e-01,2.500000000000000000e-01
2.582907999999999871e-01,2.500000000000000000e-01
2.584311999999999721e-01,2.500000000000000000e-01
2.585715999999999570e-01,2.500000000000000000e-01
2.587119999999999420e-01,2.500000000000000000e-01
2.588523999999999270e-01,2.500000000000000000e-01
2.589927999999999120e-01,2.500000000000000000e-01
2.591331999999998970e-01,2.500000000000000000e-01
2.592735999999998819e-01,2.500000000000000000e-01
2.594139999999998669e-01,2.500000000000000000e-01
2.595543999999998519e-01,2.500000000000000000e-01
2.596947999999998369e-01,2.500000000000000000e-01
2.598351999999998219e-01,2.500000000000000000e-01
2.599755999999998068e-01,2.500000000000000000e-01
2.600299999999999834e-01,2.500000000000000000e-01
2.601701999999999626e-01,2.500000000000000000e-01
2.603103999999999418e-01,2.500000000000000000e-01
2.604505999999999211e-01,2.500000000000000000e-01
2.605907999999999003e-01,2.500000000000000000e-01
2.607309999999998795e-01,2.500000000000000000e-01
2.608711999999998588e-01,2.500000000000000000e-01
2.610113999999998380e-01,2.500000000000000000e-01
2.611515999999998172e-01,2.500000000000000000e-01
2.612917999999997964e-01,2.500000000000000000e-01
2.614319999999997757e-01,2.500000000000000000e-01
2.615721999999997549e-01,2.500000000000000000e-01
2.617123999999997341e-01,2.500000000000000000e-01
2.618525999999997134e-01,2.500000000000000000e-01
2.619927999999996926e-01,2.500000000000000000e-01
2.620399999999999952e-01,2.500000000000000000e-01
2.621789999999999954e-01,2.500000000000000000e-01
2.623179999999999956e-01,2.500000000000000000e-01
2.624569999999999959e-01,2.500000000000000000e-01
2.625959999999999961e-01,2.500000000000000000e-01
2.627349999999999963e-01,2.500000000000000000e-01
2.628739999999999966e-01,2.500000000000000000e-01
2.630129999999999968e-01,2.500000000000000000e-01
2.631519999999999970e-01,2.500000000000000000e-01
2.632909999999999973e-01,2.500000000000000000e-01
2.634299999999999975e-01,2.500000000000000000e-01
2.635689999999999977e-01,2.500000000000000000e-01
2.637079999999999980e-01,2.500000000000000000e-01
2.638469999999999982e-01,2.500000000000000000e-01
2.639859999999999984e-01,2.500000000000000000e-01
2.639900000000000024e-01,2.500000000000000000e-01
2.641303999999999874e-01,2.500000000000000000e-01
2.642707999999999724e-01,2.500000000000000000e-01
2.644111999999999574e-01,2.500000000000000000e-01
2.645515999999999424e-01,2.500000000000000000e-01
2.646919999999999273e-01,2.500000000000000000e-01
2.648323999999999123e-01,2.500000000000000000e-01
2.649727999999998973e-01,2.500000000000000000e-01
2.651131999999998823e-01,2.500000000000000000e-01
2.652535999999998673e-01,2.500000000000000000e-01
2.653939999999998522e-01,2.500000000000000000e-01
2.655343999999998372e-01,2.500000000000000000e-01
2.656747999999998222e-01,2.500000000000000000e-01
2.658151999999998072e-01,2.500000000000000000e-01
2.659555999999997922e-01,2.500000000000000000e-01
2.660100000000000242e-01,2.500000000000000000e-01
2.661502000000000034e-01,2.500000000000000000e-01
2.662903999999999827e-01,2.500000000000000000e-01
2.664305999999999619e-01,2.500000000000000000e-01
2.665707999999999411e-01,2.500000000000000000e-01
2.667109999999999204e-01,2.500000000000000000e-01
2.668511999999998996e-01,2.500000000000000000e-01
2.669913999999998788e-01,2.500000000000000000e-01
2.671315999999998581e-01,2.500000000000000000e-01
2.672717999999998373e-01,2.500000000000000000e-01
2.674119999999998165e-01,2.500000000000000000e-01
2.675521999999997957e-01,2.500000000000000000e-01
2.676923999999997750e-01,2.500000000000000000e-01
2.678325999999997542e-01,2.500000000000000000e-01
2.679727999999997334e-01,2.500000000000000000e-01
2.680199999999999805e-01,2.500000000000000000e-01
2.681603999999999655e-01,2.500000000000000000e-01
2.683007999999999504e-01,2.500000000000000000e-01
2.684411999999999354e-01,2.500000000000000000e-01
2.685815999999999204e-01,2.500000000000000000e-01
2.687219999999999054e-01,2.500000000000000000e-01
2.688623999999998904e-01,2.500000000000000000e-01
2.690027999999998753e-01,2.500000000000000000e-01
2.691431999999998603e-01,2.500000000000000000e-01
2.692835999999998453e-01,2.500000000000000000e-01
2.694239999999998303e-01,2.500000000000000000e-01
2.695643999999998153e-01,2.500000000000000000e-01
2.697047999999998003e-01,2.500000000000000000e-01
2.698451999999997852e-01,2.500000000000000000e-01
2.699855999999997702e-01,2.500000000000000000e-01
2.700400000000000023e-01,2.500000000000000000e-01
2.701790000000000025e-01,2.500000000000000000e-01
2.703180000000000027e-01,2.500000000000000000e-01
2.704570000000000030e-01,2.500000000000000000e-01
2.705960000000000032e-01,2.500000000000000000e-01
2.707350000000000034e-01,2.500000000000000000e-01
2.708740000000000037e-01,2.500000000000000000e-01
2.710130000000000039e-01,2.500000000000000000e-01
2.711520000000000041e-01,2.500000000000000000e-01
2.712910000000000044e-01,2.500000000000000000e-01
2.714300000000000046e-01,2.500000000000000000e-01
2.715690000000000048e-01,2.500000000000000000e-01
2.717080000000000051e-01,2.500000000000000000e-01
2.718470000000000053e-01,2.500000000000000000e-01
2.719860000000000055e-01,2.500000000000000000e-01
2.719900000000000095e-01,2.500000000000000000e-01
2.721301999999999888e-01,2.500000000000000000e-01
2.722703999999999680e-01,2.500000000000000000e-01
2.724105999999999472e-01,2.500000000000000000e-01
2.725507999999999265e-01,2.500000000000000000e-01
2.726909999999999057e-01,2.500000000000000000e-01
2.728311999999998849e-01,2.500000000000000000e-01
2.729713999999998641e-01,2.500000000000000000e-01
2.731115999999998434e-01,2.500000000000000000e-01
2.732517999999998226e-01,2.500000000000000000e-01
2.733919999999998018e-01,2.500000000000000000e-01
2.735321999999997811e-01,2.500000000000000000e-01
2.736723999999997603e-01,2.500000000000000000e-01
2.738125999999997395e-01,2.500000000000000000e-01
2.739527999999997188e-01,2.500000000000000000e-01
2.740000000000000213e-01,2.500000000000000000e-01
2.741404000000000063e-01,2.500000000000000000e-01
2.742807999999999913e-01,2.500000000000000000e-01
2.744211999999999763e-01,2.500000000000000000e-01
2.745615999999999612e-01,2.500000000000000000e-01
2.747019999999999462e-01,2.500000000000000000e-01
2.748423999999999312e-01,2.500000000000000000e-01
2.749827999999999162e-01,2.500000000000000000e-01
2.751231999999999012e-01,2.500000000000000000e-01
2.752635999999998861e-01,2.500000000000000000e-01
2.754039999999998711e-01,2.500000000000000000e-01
2.755443999999998561e-01,2.500000000000000000e-01
2.756847999999998411e-01,2.500000000000000000e-01
2.758251999999998261e-01,2.500000000000000000e-01
2.759655999999998111e-01,2.500000000000000000e-01
2.760199999999999876e-01,2.500000000000000000e-01
2.761601999999999668e-01,2.500000000000000000e-01
2.763003999999999460e-01,2.500000000000000000e-01
2.764405999999999253e-01,2.500000000000000000e-01
2.765807999999999045e-01,2.500000000000000000e-01
2.767209999999998837e-01,2.500000000000000000e-01
2.768611999999998630e-01,2.500000000000000000e-01
2.770013999999998422e-01,2.500000000000000000e-01
2.771415999999998214e-01,2.500000000000000000e-01
2.772817999999998007e-01,2.500000000000000000e-01
2.774219999999997799e-01,2.500000000000000000e-01
2.775621999999997591e-01,2.500000000000000000e-01
2.777023999999997383e-01,2.500000000000000000e-01
2.778425999999997176e-01,2.500000000000000000e-01
2.779827999999996968e-01,2.500000000000000000e-01
2.780299999999999994e-01,2.500000000000000000e-01
2.781703999999999843e-01,2.500000000000000000e-01
2.783107999999999693e-01,2.500000000000000000e-01
2.784511999999999543e-01,2.521651100132449863e-01
2.785915999999999393e-01,2.542326130052933730e-01
2.787319999999999243e-01,2.562089958208064733e-01
2.788723999999999092e-01,2.581001827750916133e-01
2.790127999999998942e-01,2.599115953370925158e-01
2.791531999999998792e-01,2.616482043715075978e-01
2.792935999999998642e-01,2.633145760003976488e-01
2.794339999999998492e-01,2.649149119752488568e-01
2.795743999999998342e-01,2.664530853111282127e-01
2.797147999999998191e-01,2.679326718191616385e-01
2.798551999999998041e-01,2.693569780778086731e-01
2.799955999999997891e-01,2.707290663034624956e-01
2.800500000000000211e-01,2.712475642652789065e-01
2.801890000000000214e-01,2.725380963892024555e-01
2.803280000000000216e-01,2.737828590912497750e-01
2.804670000000000218e-01,2.749842646018941239e-01
2.806060000000000221e-01,2.761445583028047102e-01
2.807450000000000223e-01,2.772658329061900018e-01
2.808840000000000225e-01,2.783500412122903445e-01
2.810230000000000228e-01,2.793990076086509400e-01
2.811620000000000230e-01,2.804144384535485202e-01
2.813010000000000232e-01,2.813979314679387889e-01
2.814400000000000235e-01,2.823509842446216833e-01
2.815790000000000237e-01,2.832750019699464272e-01
2.817180000000000240e-01,2.841713044417715772e-01
2.818570000000000242e-01,2.850411324573894900e-01
2.819960000000000244e-01,2.858856536364584033e-01
2.819999999999999729e-01,2.859096230395799521e-01
2.821401999999999521e-01,2.867378641804626538e-01
2.822803999999999314e-01,2.875440752187875537e-01
2.824205999999999106e-01,2.883291283248854975e-01
2.825607999999998898e-01,2.890938502242524910e-01
2.827009999999998691e-01,2.898390251193752598e-01
2.828411999999998483e-01,2.905653973890257036e-01
2.829813999999998275e-01,2.912736740844832917e-01
2.831215999999998068e-01,2.919645272403462166e-01
2.832617999999997860e-01,2.926385960157572574e-01
2.834019999999997652e-01,2.932964886804204085e-01
2.835421999999997444e-01,2.939387844583662424e-01
2.836823999999997237e-01,2.945660352411975103e-01
2.838225999999997029e-01,2.951787671814998792e-01
2.839627999999996821e-01,2.957774821760546513e-01
2.840099999999999847e-01,2.959760146205293596e-01
2.841503999999999697e-01,2.959764478854713388e-01
2.842907999999999547e-01,2.959768797099024407e-01
2.844311999999999396e-01,2.959773100976687554e-01
2.845715999999999246e-01,2.959777390526088792e-01
2.847119999999999096e-01,2.959781665785540250e-01
2.848523999999998946e-01,2.959785926793279121e-01
2.849927999999998796e-01,2.959790173587468209e-01
2.851331999999998645e-01,2.959794406206196493e-01
2.852735999999998495e-01,2.959798624687478563e-01
2.854139999999998345e-01,2.959802829069254626e-01
2.855543999999998195e-01,2.959807019389391058e-01
2.856947999999998045e-01,2.959811195685680962e-01
2.858351999999997894e-01,2.959815357995842500e-01
2.859755999999997744e-01,2.959819506357520558e-01
2.860300000000000065e-01,2.959821111608406663e-01
2.861701999999999857e-01,2.959825221847914856e-01
2.863103999999999649e-01,2.959829305401195931e-01
2.864505999999999442e-01,2.959833362407550683e-01
2.865907999999999234e-01,2.959837393005751438e-01
2.867309999999999026e-01,2.959841397334043167e-01
2.868711999999998818e-01,2.959845375530144040e-01
2.870113999999998611e-01,2.959849327731248203e-01
2.871515999999998403e-01,2.959853254074025219e-01
2.872917999999998195e-01,2.959857154694621739e-01
2.874319999999997988e-01,2.959861029728662607e-01
2.875721999999997780e-01,2.959864879311251973e-01
2.877123999999997572e-01,2.959868703576974402e-01
2.878525999999997365e-01,2.959872502659895432e-01
2.879927999999997157e-01,2.959876276693563790e-01
2.880400000000000182e-01,2.959877544436853025e-01
2.881790000000000185e-01,2.959881246384379327e-01
2.883180000000000187e-01,2.959884917093292267e-01
2.884570000000000189e-01,2.959888556776054669e-01
2.885960000000000192e-01,2.959892165644075201e-01
2.887350000000000194e-01,2.959895743907710597e-01
2.888740000000000197e-01,2.959899291776267871e-01
2.890130000000000199e-01,2.959902809458008766e-01
2.891520000000000201e-01,2.959906297160151412e-01
2.892910000000000204e-01,2.959909755088873662e-01
2.894300000000000206e-01,2.959913183449315310e-01
2.895690000000000208e-01,2.959916582445581978e-01
2.897080000000000211e-01,2.959919952280747335e-01
2.898470000000000213e-01,2.959923293156855872e-01
2.899860000000000215e-01,2.959926605274927347e-01
2.899900000000000255e-01,2.959926700563844659e-01
2.901304000000000105e-01,2.959930014988165770e-01
2.902707999999999955e-01,2.959933299412810803e-01
2.904111999999999805e-01,2.959936554057261415e-01
2.905515999999999655e-01,2.959939779139821314e-01
2.906919999999999504e-01,2.959942974877617372e-01
2.908323999999999354e-01,2.959946141486605731e-01
2.909727999999999204e-01,2.959949279181573467e-01
2.911131999999999054e-01,2.959952388176143590e-01
2.912535999999998904e-01,2.959955468682777258e-01
2.913939999999998753e-01,2.959958520912778779e-01
2.915343999999998603e-01,2.959961545076297829e-01
2.916747999999998453e-01,2.959964541382333891e-01
2.918151999999998303e-01,2.959967510038739036e-01
2.919555999999998153e-01,2.959970451252222357e-01
2.920099999999999918e-01,2.959971586768477270e-01
2.921501999999999710e-01,2.959974485889450557e-01
2.922903999999999503e-01,2.959977357877488502e-01
2.924305999999999295e-01,2.959980202938466975e-01
2.925707999999999087e-01,2.959983021277108883e-01
2.927109999999998879e-01,2.959985813096985829e-01
2.928511999999998672e-01,2.959988578600523668e-01
2.929913999999998464e-01,2.959991317989005277e-01
2.931315999999998256e-01,2.959994031462573894e-01
2.932717999999998049e-01,2.959996719220238104e-01
2.934119999999997841e-01,2.959999381459874623e-01
2.935521999999997633e-01,2.960002018378231625e-01
2.936923999999997426e-01,2.960004630170933182e-01
2.938325999999997218e-01,2.960007217032483151e-01
2.939727999999997010e-01,2.960009779156267951e-01
2.940200000000000036e-01,2.960010638936039773e-01
2.941603999999999886e-01,2.960013172661848935e-01
2.943007999999999735e-01,2.960015682810888116e-01
2.944411999999999585e-01,2.960018169561545731e-01
2.945815999999999435e-01,2.960020633091208220e-01
2.947219999999999285e-01,2.960023073576261154e-01
2.948623999999999135e-01,2.960025491192094238e-01
2.950027999999998984e-01,2.960027886113103524e-01
2.951431999999998834e-01,2.960030258512696411e-01
2.952835999999998684e-01,2.960032608563292200e-01
2.954239999999998534e-01,2.960034936436327091e-01
2.955643999999998384e-01,2.960037242302258620e-01
2.957047999999998233e-01,2.960039526330566217e-01
2.958451999999998083e-01,2.960041788689756204e-01
2.959855999999997933e-01,2.960044029547364564e-01
2.960400000000000253e-01,2.960044894588849118e-01
2.961790000000000256e-01,2.960047084227714898e-01
2.963180000000000258e-01,2.960049253353839727e-01
2.964570000000000261e-01,2.960051402123929365e-01
2.965960000000000263e-01,2.960053530693794732e-01
2.967350000000000265e-01,2.960055639218354684e-01
2.968740000000000268e-01,2.960057727851639342e-01
2.970130000000000270e-01,2.960059796746793981e-01
2.971520000000000272e-01,2.960061846056080692e-01
2.972910000000000275e-01,2.960063875930881716e-01
2.974300000000000277e-01,2.960065886521703327e-01
2.975690000000000279e-01,2.960067877978176942e-01
2.977080000000000282e-01,2.960069850449064677e-01
2.978470000000000284e-01,2.960071804082261004e-01
2.979860000000000286e-01,2.960073739024795536e-01
2.979899999999999771e-01,2.960073794691144289e-01
2.981301999999999564e-01,2.960075728464218181e-01
2.982703999999999356e-01,2.960077645029486337e-01
2.984105999999999148e-01,2.960079544512149718e-01
2.985507999999998940e-01,2.960081427036724833e-01
2.986909999999998733e-01,2.960083292727045956e-01
2.988311999999998525e-01,2.960085141706266798e-01
2.989713999999998317e-01,2.960086974096863277e-01
2.991115999999998110e-01,2.960088790020636296e-01
2.992517999999997902e-01,2.960090589598713962e-01
2.993919999999997694e-01,2.960092372951552142e-01
2.995321999999997487e-01,2.960094140198938906e-01
2.996723999999997279e-01,2.960095891459995632e-01
2.998125999999997071e-01,2.960097626853179231e-01
2.999527999999996863e-01,2.960099346496284367e-01
2.999999999999999889e-01,2.960099923658147669e-01
3.001403999999999739e-01,2.960101635718300761e-01
3.002807999999999589e-01,2.960103343036737389e-01
3.004211999999999438e-01,2.960105045624214504e-01
3.005615999999999288e-01,2.960106743491469072e-01
3.007019999999999138e-01,2.960108436649220853e-01
3.008423999999998988e-01,2.960110125108170731e-01
3.009827999999998838e-01,2.960111808879001272e-01
3.011231999999998687e-01,2.960113487972376722e-01
3.012635999999998537e-01,2.960115162398942457e-01
3.014039999999998387e-01,2.960116832169326639e-01
3.015443999999998237e-01,2.960118497294138562e-01
3.016847999999998087e-01,2.960120157783969197e-01
3.018251999999997937e-01,2.960121813649391198e-01
3.019655999999997786e-01,2.960123464900958901e-01
3.020200000000000107e-01,2.960124104010343760e-01
3.021601999999999899e-01,2.977701230004271005e-01
3.023003999999999691e-01,2.993953356429634449e-01
3.024405999999999484e-01,3.009025443875124606e-01
3.025807999999999276e-01,3.023042050935902947e-01
3.027209999999999068e-01,3.036110801479245391e-01
3.028611999999998861e-01,3.048325168050863843e-01
3.030013999999998653e-01,3.059766723773449937e-01
3.031415999999998445e-01,3.070506977495492396e-01
3.032817999999998237e-01,3.080608879478371476e-01
3.034219999999998030e-01,3.090128064622933990e-01
3.035621999999997822e-01,3.099113885103803590e-01
3.037023999999997614e-01,3.107610272886800473e-01
3.038425999999997407e-01,3.115656463951768651e-01
3.039827999999997199e-01,3.123287609416972033e-01
3.040300000000000225e-01,3.125768728533194762e-01
3.041704000000000074e-01,3.132904545266973484e-01
3.043107999999999924e-01,3.139694103513426815e-01
3.044511999999999774e-01,3.146162344844675718e-01
3.045915999999999624e-01,3.152331871335790625e-01
3.047319999999999474e-01,3.158223213583360445e-01
3.048723999999999323e-01,3.163855062703540000e-01
3.050127999999999173e-01,3.169244471833654875e-01
3.051531999999999023e-01,3.174407031714073790e-01
3.052935999999998873e-01,3.179357024158458445e-01
3.054339999999998723e-01,3.184107556594354405e-01
3.055743999999998572e-01,3.188670680343242414e-01
3.057147999999998422e-01,3.193057494887523440e-01
3.058551999999998272e-01,3.197278240023880835e-01
3.059955999999998122e-01,3.201342377513669013e-01
3.060499999999999887e-01,3.202876584688245098e-01
3.061889999999999890e-01,3.206698234665806280e-01
3.063279999999999892e-01,3.210384087889345262e-01
3.064669999999999894e-01,3.213941308144970255e-01
3.066059999999999897e-01,3.217376564028518460e-01
3.067449999999999899e-01,3.220696071005695882e-01
3.068839999999999901e-01,3.223905629256833549e-01
3.070229999999999904e-01,3.227010657791081205e-01
3.071619999999999906e-01,3.230016225252146933e-01
3.073009999999999908e-01,3.232927077783919190e-01
3.074399999999999911e-01,3.235747664278268987e-01
3.075789999999999913e-01,3.238482159287481288e-01
3.077179999999999915e-01,3.241134483849540948e-01
3.078569999999999918e-01,3.243708324444766755e-01
3.079959999999999920e-01,3.246207150276511633e-01
3.079999999999999960e-01,3.246277972948595769e-01
3.081401999999999752e-01,3.246279434534489750e-01
3.082803999999999545e-01,3.246280893822255931e-01
3.084205999999999337e-01,3.246282350814852502e-01
3.085607999999999129e-01,3.246283805515234877e-01
3.087009999999998922e-01,3.246285257926354584e-01
3.088411999999998714e-01,3.246286708051161485e-01
3.089813999999998506e-01,3.246288155892601557e-01
3.091215999999998298e-01,3.246289601453618556e-01
3.092617999999998091e-01,3.246291044737153464e-01
3.094019999999997883e-01,3.246292485746143930e-01
3.095421999999997675e-01,3.246293924483524829e-01
3.096823999999997468e-01,3.246295360952228815e-01
3.098225999999997260e-01,3.246296795155184656e-01
3.099627999999997052e-01,3.246298227095319455e-01
3.100100000000000078e-01,3.246298708918631815e-01
3.101503999999999928e-01,3.246300138732265972e-01
3.102907999999999777e-01,3.246301565145554013e-01
3.104311999999999627e-01,3.246302988165116754e-01
3.105715999999999477e-01,3.246304407797566682e-01
3.107119999999999327e-01,3.246305824049505184e-01
3.108523999999999177e-01,3.246307236927525319e-01
3.109927999999999026e-01,3.246308646438210155e-01
3.111331999999998876e-01,3.246310052588132211e-01
3.112735999999998726e-01,3.246311455383855127e-01
3.114139999999998576e-01,3.246312854831932548e-01
3.115543999999998426e-01,3.246314250938908130e-01
3.116947999999998276e-01,3.246315643711316645e-01
3.118351999999998125e-01,3.246317033155682874e-01
3.119755999999997975e-01,3.246318419278521605e-01
3.120299999999999740e-01,3.246318955853639276e-01
3.121701999999999533e-01,3.246320337574021275e-01
3.123103999999999325e-01,3.246321718150652069e-01
3.124505999999999117e-01,3.246323097584308259e-01
3.125907999999998910e-01,3.246324475875765336e-01
3.127309999999998702e-01,3.246325853025799346e-01
3.128711999999998494e-01,3.246327229035185225e-01
3.130113999999998287e-01,3.246328603904697907e-01
3.131515999999998079e-01,3.246329977635111774e-01
3.132917999999997871e-01,3.246331350227200652e-01
3.134319999999997663e-01,3.246332721681737810e-01
3.135721999999997456e-01,3.246334091999496518e-01
3.137123999999997248e-01,3.246335461181250048e-01
3.138525999999997040e-01,3.246336829227770560e-01
3.139927999999996833e-01,3.246338196139830212e-01
3.140399999999999858e-01,3.246338656198405892e-01
3.141791999999999918e-01,3.248727934422699359e-01
3.143183999999999978e-01,3.251048114057595861e-01
3.144576000000000038e-01,3.253302177951256646e-01
3.145968000000000098e-01,3.255492939698543808e-01
3.147360000000000158e-01,3.257623055477863461e-01
3.148752000000000217e-01,3.259695034908337563e-01
3.150144000000000277e-01,3.261711251020576463e-01
3.151536000000000337e-01,3.263673949424403253e-01
3.152928000000000397e-01,3.265585256747956522e-01
3.154320000000000457e-01,3.267447188414838721e-01
3.155712000000000517e-01,3.269261655819132306e-01
3.157104000000000577e-01,3.271030472951976242e-01
3.158496000000000636e-01,3.272755362527963729e-01
3.159888000000000696e-01,3.274437961654891871e-01
3.160000000000000031e-01,3.274571535645920406e-01
3.161401999999999823e-01,3.276221815049529806e-01
3.162803999999999616e-01,3.277832399862432577e-01
3.164205999999999408e-01,3.279404724732259968e-01
3.165607999999999200e-01,3.280940155991911578e-01
3.167009999999998993e-01,3.282439995677962630e-01
3.168411999999998785e-01,3.283905485268727165e-01
3.169813999999998577e-01,3.285337809164520229e-01
3.171215999999998369e-01,3.286738097930655966e-01
3.172617999999998162e-01,3.288107431321796725e-01
3.174019999999997954e-01,3.289446841104703423e-01
3.175421999999997746e-01,3.290757313694865904e-01
3.176823999999997539e-01,3.292039792621189731e-01
3.178225999999997331e-01,3.293295180831662949e-01
3.179627999999997123e-01,3.294524342851874454e-01
3.180100000000000149e-01,3.294932355415877145e-01
3.181501999999999941e-01,3.294933701008119220e-01
3.182903999999999733e-01,3.294935045944262231e-01
3.184305999999999526e-01,3.294936390224568745e-01
3.185707999999999318e-01,3.294937733849301886e-01
3.187109999999999110e-01,3.294939076818723112e-01
3.188511999999998903e-01,3.294940419133095544e-01
3.189913999999998695e-01,3.294941760792680641e-01
3.191315999999998487e-01,3.294943101797741525e-01
3.192717999999998280e-01,3.294944442148539654e-01
3.194119999999998072e-01,3.294945781845337041e-01
3.195521999999997864e-01,3.294947120888396253e-01
3.196923999999997656e-01,3.294948459277978747e-01
3.198325999999997449e-01,3.294949797014345982e-01
3.199727999999997241e-01,3.294951134097759970e-01
3.200200000000000267e-01,3.294951584168710479e-01
3.201604000000000116e-01,3.294952920489442882e-01
3.203007999999999966e-01,3.294954254363852142e-01
3.204411999999999816e-01,3.294955585795608100e-01
3.205815999999999666e-01,3.294956914788376712e-01
3.207219999999999516e-01,3.294958241345818939e-01
3.208623999999999366e-01,3.294959565471592411e-01
3.210027999999999215e-01,3.294960887169350872e-01
3.211431999999999065e-01,3.294962206442743069e-01
3.212835999999998915e-01,3.294963523295413310e-01
3.214239999999998765e-01,3.294964837731003127e-01
3.215643999999998615e-01,3.294966149753149054e-01
3.217047999999998464e-01,3.294967459365483187e-01
3.218451999999998314e-01,3.294968766571634289e-01
3.219855999999998164e-01,3.294970071375226683e-01
3.220399999999999929e-01,3.294970576579713262e-01
3.221789999999999932e-01,3.294971863377573196e-01
3.223179999999999934e-01,3.294973146111770390e-01
3.224569999999999936e-01,3.294974424792825873e-01
3.225959999999999939e-01,3.294975699431240690e-01
3.227349999999999941e-01,3.294976970037494790e-01
3.228739999999999943e-01,3.294978236622048140e-01
3.230129999999999946e-01,3.294979499195339612e-01
3.231519999999999948e-01,3.294980757767788093e-01
3.232909999999999950e-01,3.294982012349791378e-01
3.234299999999999953e-01,3.294983262951727276e-01
3.235689999999999955e-01,3.294984509583953614e-01
3.237079999999999957e-01,3.294985752256806566e-01
3.238469999999999960e-01,3.294986990980603436e-01
3.239859999999999962e-01,3.294988225765639878e-01
3.239900000000000002e-01,3.294988261295752063e-01
3.241303999999999852e-01,3.294989503339861292e-01
3.242707999999999702e-01,3.294990740337557233e-01
3.244111999999999552e-01,3.294991972305667538e-01
3.245515999999999401e-01,3.294993199260976002e-01
3.246919999999999251e-01,3.294994421220224790e-01
3.248323999999999101e-01,3.294995638200113319e-01
3.249727999999998951e-01,3.294996850217298823e-01
3.251131999999998801e-01,3.294998057288396343e-01
3.252535999999998650e-01,3.294999259429978733e-01
3.253939999999998500e-01,3.295000456658576660e-01
3.255343999999998350e-01,3.295001648990678600e-01
3.256747999999998200e-01,3.295002836442730842e-01
3.258151999999998050e-01,3.295004019031139153e-01
3.259555999999997900e-01,3.295005196772265443e-01
3.260100000000000220e-01,3.295005652378895089e-01
3.261502000000000012e-01,3.295006820958417126e-01
3.262903999999999805e-01,3.295007983947164099e-01
3.264305999999999597e-01,3.295009141367115091e-01
3.265707999999999389e-01,3.295010293240183130e-01
3.267109999999999181e-01,3.295011439588215740e-01
3.268511999999998974e-01,3.295012580432994942e-01
3.269913999999998766e-01,3.295013715796238363e-01
3.271315999999998558e-01,3.295014845699597017e-01
3.272717999999998351e-01,3.295015970164658636e-01
3.274119999999998143e-01,3.295017089212944894e-01
3.275521999999997935e-01,3.295018202865913071e-01
3.276923999999997728e-01,3.295019311144956053e-01
3.278325999999997520e-01,3.295020414071401782e-01
3.279727999999997312e-01,3.295021511666513803e-01
3.280199999999999783e-01,3.295021880582247875e-01
3.281601999999999575e-01,3.295022970631526493e-01
3.283003999999999367e-01,3.295024054949929893e-01
3.284405999999999159e-01,3.295025133562251018e-01
3.285807999999998952e-01,3.295026206493200660e-01
3.287209999999998744e-01,3.295027273767408005e-01
3.288611999999998536e-01,3.295028335409421194e-01
3.290013999999998329e-01,3.295029391443707878e-01
3.291415999999998121e-01,3.295030441894652995e-01
3.292817999999997913e-01,3.295031486786562103e-01
3.294219999999997706e-01,3.295032526143660268e-01
3.295621999999997498e-01,3.295033559990090399e-01
3.297023999999997290e-01,3.295034588349917137e-01
3.298425999999997082e-01,3.295035611247123519e-01
3.299827999999996875e-01,3.295036628705613757e-01
3.300299999999999900e-01,3.295036970630438877e-01
3.301691999999999960e-01,3.295037973321343072e-01
3.303084000000000020e-01,3.295038970341008233e-01
3.304476000000000080e-01,3.295039961715868215e-01
3.305868000000000140e-01,3.295040947472263615e-01
3.307260000000000200e-01,3.295041927636440104e-01
3.308652000000000259e-01,3.295042902234551208e-01
3.310044000000000319e-01,3.295043871292655524e-01
3.311436000000000379e-01,3.295044834836719505e-01
3.312828000000000439e-01,3.295045792892616343e-01
3.314220000000000499e-01,3.295046745486125972e-01
3.315612000000000559e-01,3.295047692642936177e-01
3.317004000000000619e-01,3.295048634388642039e-01
3.318396000000000678e-01,3.295049570748747048e-01
3.319788000000000738e-01,3.295050501748661986e-01
3.319900000000000073e-01,3.295050576622070015e-01
3.321301999999999865e-01,3.295051508514166283e-01
3.322703999999999658e-01,3.295052435068815400e-01
3.324105999999999450e-01,3.295053356311247739e-01
3.325507999999999242e-01,3.295054272266603190e-01
3.326909999999999035e-01,3.295055182959930606e-01
3.328311999999998827e-01,3.295056088416187245e-01
3.329713999999998619e-01,3.295056988660240438e-01
3.331115999999998412e-01,3.295057883716866476e-01
3.332517999999998204e-01,3.295058773610751723e-01
3.333919999999997996e-01,3.295059658366492061e-01
3.335321999999997788e-01,3.295060538008594553e-01
3.336723999999997581e-01,3.295061412561475223e-01
3.338125999999997373e-01,3.295062282049461833e-01
3.339527999999997165e-01,3.295063146496792217e-01
3.340000000000000191e-01,3.295063436953749036e-01
3.341404000000000041e-01,3.295064296165033935e-01
3.342807999999999891e-01,3.295065150622895067e-01
3.344211999999999740e-01,3.295066000349068935e-01
3.345615999999999590e-01,3.295066845365215991e-01
3.347019999999999440e-01,3.295067685692919524e-01
3.348423999999999290e-01,3.295068521353687885e-01
3.349827999999999140e-01,3.295069352368953375e-01
3.351231999999998989e-01,3.295070178760072799e-01
3.352635999999998839e-01,3.295071000548326912e-01
3.354039999999998689e-01,3.295071817754922083e-01
3.355443999999998539e-01,3.295072630400988634e-01
3.356847999999998389e-01,3.295073438507582497e-01
3.358251999999998239e-01,3.295074242095684669e-01
3.359655999999998088e-01,3.295075041186201759e-01
3.360199999999999854e-01,3.295075350132228298e-01
3.361601999999999646e-01,3.295076143018853543e-01
3.363003999999999438e-01,3.295076932586001317e-01
3.364405999999999231e-01,3.295077718845172421e-01
3.365807999999999023e-01,3.295078501807837124e-01
3.367209999999998815e-01,3.295079281485434053e-01
3.368611999999998607e-01,3.295080057889373526e-01
3.370013999999998400e-01,3.295080831031033108e-01
3.371415999999998192e-01,3.295081600921760945e-01
3.372817999999997984e-01,3.295082367572875204e-01
3.374219999999997777e-01,3.295083130995662413e-01
3.375621999999997569e-01,3.295083891201380233e-01
3.377023999999997361e-01,3.295084648201254685e-01
3.378425999999997154e-01,3.295085402006482922e-01
3.379827999999996946e-01,3.295086152628231013e-01
3.380299999999999971e-01,3.295086404973969763e-01
3.381701999999999764e-01,3.295087152656366869e-01
3.383103999999999556e-01,3.295087898472527366e-01
3.384505999999999348e-01,3.295088642426309278e-01
3.385907999999999141e-01,3.295089384521563969e-01
3.387309999999998933e-01,3.295090124762138362e-01
3.388711999999998725e-01,3.295090863151871607e-01
3.390113999999998518e-01,3.295091599694597306e-01
3.391515999999998310e-01,3.295092334394142952e-01
3.392917999999998102e-01,3.295093067254329933e-01
3.394319999999997894e-01,3.295093798278974084e-01
3.395721999999997687e-01,3.295094527471884027e-01
3.397123999999997479e-01,3.295095254836862830e-01
3.398525999999997271e-01,3.295095980377707456e-01
3.399927999999997064e-01,3.295096704098208762e-01
3.400400000000000089e-01,3.295096947541267807e-01
3.401792000000000149e-01,3.295097664498892187e-01
3.403184000000000209e-01,3.295098380464460686e-01
3.404576000000000269e-01,3.295099095439110726e-01
3.405968000000000329e-01,3.295099809423979176e-01
3.407360000000000388e-01,3.295100522420201794e-01
3.408752000000000448e-01,3.295101234428912673e-01
3.410144000000000508e-01,3.295101945451245906e-01
3.411536000000000568e-01,3.295102655488333920e-01
3.412928000000000628e-01,3.295103364541308588e-01
3.414320000000000688e-01,3.295104072611300672e-01
3.415712000000000748e-01,3.295104779699439268e-01
3.417104000000000807e-01,3.295105485806853474e-01
3.418496000000000867e-01,3.295106190934670165e-01
3.419888000000000927e-01,3.295106895084016774e-01
3.420000000000000262e-01,3.295106951733369760e-01
3.421402000000000054e-01,3.295107660131031957e-01
3.422803999999999847e-01,3.295108367798332272e-01
3.424205999999999639e-01,3.295109074735895760e-01
3.425607999999999431e-01,3.295109780944346367e-01
3.427009999999999224e-01,3.295110486424307483e-01
3.428411999999999016e-01,3.295111191176401944e-01
3.429813999999998808e-01,3.295111895201252583e-01
3.431215999999998600e-01,3.295112598499481682e-01
3.432617999999998393e-01,3.295113301071710965e-01
3.434019999999998185e-01,3.295114002918562157e-01
3.435421999999997977e-01,3.295114704040656428e-01
3.436823999999997770e-01,3.295115404438614393e-01
3.438225999999997562e-01,3.295116104113056110e-01
3.439627999999997354e-01,3.295116803064601085e-01
3.440099999999999825e-01,3.295117038293044476e-01
3.441503999999999674e-01,3.295117737089495180e-01
3.442907999999999524e-01,3.295118434978331345e-01
3.444311999999999374e-01,3.295119131960530523e-01
3.445715999999999224e-01,3.295119828037069709e-01
3.447119999999999074e-01,3.295120523208924235e-01
3.448523999999998924e-01,3.295121217477069986e-01
3.449927999999998773e-01,3.295121910842480628e-01
3.451331999999998623e-01,3.295122603306129827e-01
3.452735999999998473e-01,3.295123294868990693e-01
3.454139999999998323e-01,3.295123985532034672e-01
3.455543999999998173e-01,3.295124675296233208e-01
3.456947999999998022e-01,3.295125364162556081e-01
3.458351999999997872e-01,3.295126052131973626e-01
3.459755999999997722e-01,3.295126739205453403e-01
3.460300000000000042e-01,3.295127005287519784e-01
3.461701999999999835e-01,3.295127690113774377e-01
3.463103999999999627e-01,3.295128374018959083e-01
3.464505999999999419e-01,3.295129057004101414e-01
3.465907999999999212e-01,3.295129739070228325e-01
3.467309999999999004e-01,3.295130420218365663e-01
3.468711999999998796e-01,3.295131100449538719e-01
3.470113999999998589e-01,3.295131779764771118e-01
3.471515999999998381e-01,3.295132458165085931e-01
3.472917999999998173e-01,3.295133135651505674e-01
3.474319999999997965e-01,3.295133812225051750e-01
3.475721999999997758e-01,3.295134487886745012e-01
3.477123999999997550e-01,3.295135162637605197e-01
3.478525999999997342e-01,3.295135836478650382e-01
3.479927999999997135e-01,3.295136509410899195e-01
3.480400000000000160e-01,3.295136735858598676e-01
3.481790000000000163e-01,3.295137402005353100e-01
3.483180000000000165e-01,3.295138067430138373e-01
3.484570000000000167e-01,3.295138732133603421e-01
3.485960000000000170e-01,3.295139396116397723e-01
3.487350000000000172e-01,3.295140059379169650e-01
3.488740000000000174e-01,3.295140721922567018e-01
3.490130000000000177e-01,3.295141383747237085e-01
3.491520000000000179e-01,3.295142044853827112e-01
3.492910000000000181e-01,3.295142705242983805e-01
3.494300000000000184e-01,3.295143364915353312e-01
3.495690000000000186e-01,3.295144023871581229e-01
3.497080000000000188e-01,3.295144682112313150e-01
3.498470000000000191e-01,3.295145339638193560e-01
3.499860000000000193e-01,3.295145996449867498e-01
3.499900000000000233e-01,3.295146015350328139e-01
3.501304000000000083e-01,3.295146678274941121e-01
3.502707999999999933e-01,3.295147340718163065e-01
3.504111999999999782e-01,3.295148002680284294e-01
3.505515999999999632e-01,3.295148664161595131e-01
3.506919999999999482e-01,3.295149325162385900e-01
3.508323999999999332e-01,3.295149985682945815e-01
3.509727999999999182e-01,3.295150645723564642e-01
3.511131999999999032e-01,3.295151305284531595e-01
3.512535999999998881e-01,3.295151964366136998e-01
3.513939999999998731e-01,3.295152622968669509e-01
3.515343999999998581e-01,3.295153281092418340e-01
3.516747999999998431e-01,3.295153938737672705e-01
3.518151999999998281e-01,3.295154595904721262e-01
3.519555999999998130e-01,3.295155252593852668e-01
3.520099999999999896e-01,3.295155506965754544e-01
3.521501999999999688e-01,3.295156162137517497e-01
3.522903999999999480e-01,3.295156816912401254e-01
3.524305999999999273e-01,3.295157471290605100e-01
3.525707999999999065e-01,3.295158125272328875e-01
3.527109999999998857e-01,3.295158778857772419e-01
3.528511999999998650e-01,3.295159432047135017e-01
3.529913999999998442e-01,3.295160084840615400e-01
3.531315999999998234e-01,3.295160737238413406e-01
3.532717999999998026e-01,3.295161389240728322e-01
3.534119999999997819e-01,3.295162040847759433e-01
3.535521999999997611e-01,3.295162692059704912e-01
3.536923999999997403e-01,3.295163342876764601e-01
3.538325999999997196e-01,3.295163993299137228e-01
3.539727999999996988e-01,3.295164643327021525e-01
3.540200000000000014e-01,3.295164862121926497e-01
3.541601999999999806e-01,3.295165511522061830e-01
3.543003999999999598e-01,3.295166160427525637e-01
3.544405999999999390e-01,3.295166808838631556e-01
3.545807999999999183e-01,3.295167456755692115e-01
3.547209999999998975e-01,3.295168104179019286e-01
3.548611999999998767e-01,3.295168751108926708e-01
3.550013999999998560e-01,3.295169397545725798e-01
3.551415999999998352e-01,3.295170043489729084e-01
3.552817999999998144e-01,3.295170688941248538e-01
3.554219999999997937e-01,3.295171333900596133e-01
3.555621999999997729e-01,3.295171978368083288e-01
3.557023999999997521e-01,3.295172622344021418e-01
3.558425999999997313e-01,3.295173265828722498e-01
3.559827999999997106e-01,3.295173908822497388e-01
3.560300000000000131e-01,3.295174125238364282e-01
3.561692000000000191e-01,3.295174762747726249e-01
3.563084000000000251e-01,3.295175399523666560e-01
3.564476000000000311e-01,3.295176035566885764e-01
3.565868000000000371e-01,3.295176670878083303e-01
3.567260000000000431e-01,3.295177305457959727e-01
3.568652000000000490e-01,3.295177939307213921e-01
3.570044000000000550e-01,3.295178572426544772e-01
3.571436000000000610e-01,3.295179204816650054e-01
3.572828000000000670e-01,3.295179836478228097e-01
3.574220000000000730e-01,3.295180467411975012e-01
3.575612000000000790e-01,3.295181097618588018e-01
3.577004000000000850e-01,3.295181727098762670e-01
3.578396000000000909e-01,3.295182355853195078e-01
3.579788000000000969e-01,3.295182983882580241e-01
3.579899999999999749e-01,3.295183034408979972e-01
3.581301999999999541e-01,3.295183665877522428e-01
3.582703999999999334e-01,3.295184296333592555e-01
3.584105999999999126e-01,3.295184925778537610e-01
3.585507999999998918e-01,3.295185554213705403e-01
3.586909999999998711e-01,3.295186181640441525e-01
3.588311999999998503e-01,3.295186808060090455e-01
3.589713999999998295e-01,3.295187433473994454e-01
3.591115999999998087e-01,3.295188057883495780e-01
3.592517999999997880e-01,3.295188681289934474e-01
3.593919999999997672e-01,3.295189303694648908e-01
3.595321999999997464e-01,3.295189925098976347e-01
3.596723999999997257e-01,3.295190545504252944e-01
3.598125999999997049e-01,3.295191164911813742e-01
3.599527999999996841e-01,3.295191783322991563e-01
3.599999999999999867e-01,3.295191991405624354e-01
3.601403999999999717e-01,3.295192609073124834e-01
3.602807999999999566e-01,3.295193225452621721e-01
3.604211999999999416e-01,3.295193840546347119e-01
3.605615999999999266e-01,3.295194454356529246e-01
3.607019999999999116e-01,3.295195066885394652e-01
3.608423999999998966e-01,3.295195678135166006e-01
3.609827999999998815e-01,3.295196288108063198e-01
3.611231999999998665e-01,3.295196896806303344e-01
3.612635999999998515e-01,3.295197504232100227e-01
3.614039999999998365e-01,3.295198110387664858e-01
3.615443999999998215e-01,3.295198715275205470e-01
3.616847999999998065e-01,3.295199318896926965e-01
3.618251999999997914e-01,3.295199921255030917e-01
3.619655999999997764e-01,3.295200522351716677e-01
3.620200000000000085e-01,3.295200755066103881e-01
3.621601999999999877e-01,3.295201353294631152e-01
3.623003999999999669e-01,3.295201950001953040e-01
3.624405999999999461e-01,3.295202545191285304e-01
3.625807999999999254e-01,3.295203138865839820e-01
3.627209999999999046e-01,3.295203731028821803e-01
3.628611999999998838e-01,3.295204321683432025e-01
3.630013999999998631e-01,3.295204910832865153e-01
3.631415999999998423e-01,3.295205498480311412e-01
3.632817999999998215e-01,3.295206084628954923e-01
3.634219999999998008e-01,3.295206669281975365e-01
3.635621999999997800e-01,3.295207252442547419e-01
3.637023999999997592e-01,3.295207834113839107e-01
3.638425999999997384e-01,3.295208414299014565e-01
3.639827999999997177e-01,3.295208993001232378e-01
3.640300000000000202e-01,3.295209187660363415e-01
3.641701999999999995e-01,3.295209764171321831e-01
3.643103999999999787e-01,3.295210338993689314e-01
3.644505999999999579e-01,3.295210912131580350e-01
3.645907999999999372e-01,3.295211483589102763e-01
3.647309999999999164e-01,3.295212053370355498e-01
3.648711999999998956e-01,3.295212621479430282e-01
3.650113999999998748e-01,3.295213187920411624e-01
3.651515999999998541e-01,3.295213752697375154e-01
3.652917999999998333e-01,3.295214315814389283e-01
3.654319999999998125e-01,3.295214877275514653e-01
3.655721999999997918e-01,3.295215437084804133e-01
3.657123999999997710e-01,3.295215995246302820e-01
3.658525999999997502e-01,3.295216551764048596e-01
3.659927999999997295e-01,3.295217106642070459e-01
3.660399999999999765e-01,3.295217293262801550e-01
3.661791999999999825e-01,3.295217841818411375e-01
3.663183999999999885e-01,3.295218388561562683e-01
3.664575999999999945e-01,3.295218933497242042e-01
3.665968000000000004e-01,3.295219476630424915e-01
3.667360000000000064e-01,3.295220017966076220e-01
3.668752000000000124e-01,3.295220557509150328e-01
3.670144000000000184e-01,3.295221095264591060e-01
3.671536000000000244e-01,3.295221631237331139e-01
3.672928000000000304e-01,3.295222165432293293e-01
3.674320000000000364e-01,3.295222697854389149e-01
3.675712000000000423e-01,3.295223228508519786e-01
3.677104000000000483e-01,3.295223757399576292e-01
3.678496000000000543e-01,3.295224284532438652e-01
3.679888000000000603e-01,3.295224809911976305e-01
3.679999999999999938e-01,3.295224852172553565e-01
3.681401999999999730e-01,3.295225379336702565e-01
3.682803999999999522e-01,3.295225904658434790e-01
3.684205999999999315e-01,3.295226428143115949e-01
3.685607999999999107e-01,3.295226949796100091e-01
3.687009999999998899e-01,3.295227469622728500e-01
3.688411999999998692e-01,3.295227987628330801e-01
3.689813999999998484e-01,3.295228503818224408e-01
3.691215999999998276e-01,3.295229018197713966e-01
3.692617999999998069e-01,3.295229530772092463e-01
3.694019999999997861e-01,3.295230041546641231e-01
3.695421999999997653e-01,3.295230550526629387e-01
3.696823999999997445e-01,3.295231057717313283e-01
3.698225999999997238e-01,3.295231563123938168e-01
3.699627999999997030e-01,3.295232066751736522e-01
3.700100000000000056e-01,3.295232236102798029e-01
3.701503999999999905e-01,3.295232738106168568e-01
3.702907999999999755e-01,3.295233238370247064e-01
3.704311999999999605e-01,3.295233736900059496e-01
3.705715999999999455e-01,3.295234233700620186e-01
3.707119999999999305e-01,3.295234728776932354e-01
3.708523999999999154e-01,3.295235222133987563e-01
3.709927999999999004e-01,3.295235713776766828e-01
3.711331999999998854e-01,3.295236203710239509e-01
3.712735999999998704e-01,3.295236691939363305e-01
3.714139999999998554e-01,3.295237178469084816e-01
3.715543999999998404e-01,3.295237663304340092e-01
3.716947999999998253e-01,3.295238146450053529e-01
3.718351999999998103e-01,3.295238627911137863e-01
3.719755999999997953e-01,3.295239107692495839e-01
3.720300000000000273e-01,3.295239293339004005e-01
3.721702000000000066e-01,3.295239770282257230e-01
3.723103999999999858e-01,3.295240245723406458e-01
3.724505999999999650e-01,3.295240719666399642e-01
3.725907999999999443e-01,3.295241192115176965e-01
3.727309999999999235e-01,3.295241663073671390e-01
3.728711999999999027e-01,3.295242132545807001e-01
3.730113999999998819e-01,3.295242600535500110e-01
3.731515999999998612e-01,3.295243067046658147e-01
3.732917999999998404e-01,3.295243532083181881e-01
3.734319999999998196e-01,3.295243995648962643e-01
3.735721999999997989e-01,3.295244457747885103e-01
3.737123999999997781e-01,3.295244918383824495e-01
3.738525999999997573e-01,3.295245377560649391e-01
3.739927999999997366e-01,3.295245835282218927e-01
3.740399999999999836e-01,3.295245989214974913e-01
3.741789999999999838e-01,3.295246441296037498e-01
3.743179999999999841e-01,3.295246892142023598e-01
3.744569999999999843e-01,3.295247341755751513e-01
3.745959999999999845e-01,3.295247790140034549e-01
3.747349999999999848e-01,3.295248237297680460e-01
3.748739999999999850e-01,3.295248683231493114e-01
3.750129999999999852e-01,3.295249127944269718e-01
3.751519999999999855e-01,3.295249571438803593e-01
3.752909999999999857e-01,3.295250013717883064e-01
3.754299999999999859e-01,3.295250454784290906e-01
3.755689999999999862e-01,3.295250894640805450e-01
3.757079999999999864e-01,3.295251333290199480e-01
3.758469999999999867e-01,3.295251770735240782e-01
3.759859999999999869e-01,3.295252206978693255e-01
3.759899999999999909e-01,3.295252219531466520e-01
3.761303999999999759e-01,3.295252659152658192e-01
3.762707999999999608e-01,3.295253097794480501e-01
3.764111999999999458e-01,3.295253535458756433e-01
3.765515999999999308e-01,3.295253972147307309e-01
3.766919999999999158e-01,3.295254407861950563e-01
3.768323999999999008e-01,3.295254842604501411e-01
3.769727999999998858e-01,3.295255276376772846e-01
3.771131999999998707e-01,3.295255709180575088e-01
3.772535999999998557e-01,3.295256141017715024e-01
3.773939999999998407e-01,3.295256571889997876e-01
3.775343999999998257e-01,3.295257001799224983e-01
3.776747999999998107e-01,3.295257430747196015e-01
3.778151999999997956e-01,3.295257858735708423e-01
3.779555999999997806e-01,3.295258285766555773e-01
3.780100000000000127e-01,3.295258451082201945e-01
3.781501999999999919e-01,3.295258876303668871e-01
3.782903999999999711e-01,3.295259300695468352e-01
3.784305999999999504e-01,3.295259724258953749e-01
3.785707999999999296e-01,3.295260146995476758e-01
3.787109999999999088e-01,3.295260568906387411e-01
3.788511999999998880e-01,3.295260989993034073e-01
3.789913999999998673e-01,3.295261410256762891e-01
3.791315999999998465e-01,3.295261829698918898e-01
3.792717999999998257e-01,3.295262248320845466e-01
3.794119999999998050e-01,3.295262666123883744e-01
3.795521999999997842e-01,3.295263083109373214e-01
3.796923999999997634e-01,3.295263499278652253e-01
3.798325999999997427e-01,3.295263914633056457e-01
3.799727999999997219e-01,3.295264329173920870e-01
3.800200000000000244e-01,3.295264468641922462e-01
3.801604000000000094e-01,3.295264882739779022e-01
3.803007999999999944e-01,3.295265296078415118e-01
3.804411999999999794e-01,3.295265708658995374e-01
3.805815999999999644e-01,3.295266120482682193e-01
3.807219999999999493e-01,3.295266531550637423e-01
3.808623999999999343e-01,3.295266941864021248e-01
3.810027999999999193e-01,3.295267351423992741e-01
3.811431999999999043e-01,3.295267760231708754e-01
3.812835999999998893e-01,3.295268168288325028e-01
3.814239999999998743e-01,3.295268575594996197e-01
3.815643999999998592e-01,3.295268982152875781e-01
3.817047999999998442e-01,3.295269387963115082e-01
3.818451999999998292e-01,3.295269793026864846e-01
3.819855999999998142e-01,3.295270197345273600e-01
3.820399999999999907e-01,3.295270353892469362e-01
3.821789999999999909e-01,3.295270753186299029e-01
3.823179999999999912e-01,3.295271151773869200e-01
3.824569999999999914e-01,3.295271549656225152e-01
3.825959999999999916e-01,3.295271946834411603e-01
3.827349999999999919e-01,3.295272343309470497e-01
3.828739999999999921e-01,3.295272739082444335e-01
3.830129999999999924e-01,3.295273134154373396e-01
3.831519999999999926e-01,3.295273528526296847e-01
3.832909999999999928e-01,3.295273922199252192e-01
3.834299999999999931e-01,3.295274315174276936e-01
3.835689999999999933e-01,3.295274707452406360e-01
3.837079999999999935e-01,3.295275099034675192e-01
3.838469999999999938e-01,3.295275489922116496e-01
3.839859999999999940e-01,3.295275880115762224e-01
3.839899999999999980e-01,3.295275891343781294e-01
3.841301999999999772e-01,3.295276284270998723e-01
3.842703999999999565e-01,3.295276676584135700e-01
3.844105999999999357e-01,3.295277068283995470e-01
3.845507999999999149e-01,3.295277459371380724e-01
3.846909999999998941e-01,3.295277849847093044e-01
3.848311999999998734e-01,3.295278239711933455e-01
3.849713999999998526e-01,3.295278628966701873e-01
3.851115999999998318e-01,3.295279017612197658e-01
3.852517999999998111e-01,3.295279405649219617e-01
3.853919999999997903e-01,3.295279793078564889e-01
3.855321999999997695e-01,3.295280179901030615e-01
3.856723999999997488e-01,3.295280566117412269e-01
3.858125999999997280e-01,3.295280951728505325e-01
3.859527999999997072e-01,3.295281336735103594e-01
3.860000000000000098e-01,3.295281466283697114e-01
3.861403999999999948e-01,3.295281851111440119e-01
3.862807999999999797e-01,3.295282235415321614e-01
3.864211999999999647e-01,3.295282619195938900e-01
3.865615999999999497e-01,3.295283002453888721e-01
3.867019999999999347e-01,3.295283385189766712e-01
3.868423999999999197e-01,3.295283767404169062e-01
3.869827999999999046e-01,3.295284149097690851e-01
3.871231999999998896e-01,3.295284530270926604e-01
3.872635999999998746e-01,3.295284910924469735e-01
3.874039999999998596e-01,3.295285291058913657e-01
3.875443999999998446e-01,3.295285670674851786e-01
3.876847999999998295e-01,3.295286049772876424e-01
3.878251999999998145e-01,3.295286428353579322e-01
3.879655999999997995e-01,3.295286806417551673e-01
3.880199999999999760e-01,3.295286952826352311e-01
3.881601999999999553e-01,3.295287329696184875e-01
3.883003999999999345e-01,3.295287706110662795e-01
3.884405999999999137e-01,3.295288082070246816e-01
3.885807999999998930e-01,3.295288457575397678e-01
3.887209999999998722e-01,3.295288832626575570e-01
3.888611999999998514e-01,3.295289207224239569e-01
3.890013999999998306e-01,3.295289581368849863e-01
3.891415999999998099e-01,3.295289955060864973e-01
3.892817999999997891e-01,3.295290328300743976e-01
3.894219999999997683e-01,3.295290701088944840e-01
3.895621999999997476e-01,3.295291073425925532e-01
3.897023999999997268e-01,3.295291445312143463e-01
3.898425999999997060e-01,3.295291816748056601e-01
3.899827999999996853e-01,3.295292187734121248e-01
3.900299999999999878e-01,3.295292312580037630e-01
3.901703999999999728e-01,3.295292683522591526e-01
3.903107999999999578e-01,3.295293054044371450e-01
3.904511999999999428e-01,3.295293424145777084e-01
3.905915999999999277e-01,3.295293793827208106e-01
3.907319999999999127e-01,3.295294163089063644e-01
3.908723999999998977e-01,3.295294531931742821e-01
3.910127999999998827e-01,3.295294900355644763e-01
3.911531999999998677e-01,3.295295268361166929e-01
3.912935999999998526e-01,3.295295635948708446e-01
3.914339999999998376e-01,3.295296003118666772e-01
3.915743999999998226e-01,3.295296369871439368e-01
3.917147999999998076e-01,3.295296736207423138e-01
3.918551999999997926e-01,3.295297102127015543e-01
3.919955999999997776e-01,3.295297467630613486e-01
3.920500000000000096e-01,3.295297609187819998e-01
3.921890000000000098e-01,3.295297970455413616e-01
3.923280000000000101e-01,3.295298331291529603e-01
3.924670000000000103e-01,3.295298691696599835e-01
3.926060000000000105e-01,3.295299051671055635e-01
3.927450000000000108e-01,3.295299411215327767e-01
3.928840000000000110e-01,3.295299770329848110e-01
3.930230000000000112e-01,3.295300129015046320e-01
3.931620000000000115e-01,3.295300487271353163e-01
3.933010000000000117e-01,3.295300845099198295e-01
3.934400000000000119e-01,3.295301202499011373e-01
3.935790000000000122e-01,3.295301559471220942e-01
3.937180000000000124e-01,3.295301916016256660e-01
3.938570000000000126e-01,3.295302272134546517e-01
3.939960000000000129e-01,3.295302627826519060e-01
3.940000000000000169e-01,3.295302638061905487e-01
3.941401999999999961e-01,3.295302996351669456e-01
3.942803999999999753e-01,3.295303354181366440e-01
3.944205999999999546e-01,3.295303711551491599e-01
3.945607999999999338e-01,3.295304068462540092e-01
3.947009999999999130e-01,3.295304424915005415e-01
3.948411999999998923e-01,3.295304780909382170e-01
3.949813999999998715e-01,3.295305136446163852e-01
3.951215999999998507e-01,3.295305491525843955e-01
3.952617999999998299e-01,3.295305846148914863e-01
3.954019999999998092e-01,3.295306200315868961e-01
3.955421999999997884e-01,3.295306554027198076e-01
3.956823999999997676e-01,3.295306907283393483e-01
3.958225999999997469e-01,3.295307260084946455e-01
3.959627999999997261e-01,3.295307612432347155e-01
3.960099999999999731e-01,3.295307731002851126e-01
3.961503999999999581e-01,3.295308083188134285e-01
3.962907999999999431e-01,3.295308434862290192e-01
3.964311999999999281e-01,3.295308786025940573e-01
3.965715999999999131e-01,3.295309136679707152e-01
3.967119999999998980e-01,3.295309486824211098e-01
3.968523999999998830e-01,3.295309836460072472e-01
3.969927999999998680e-01,3.295310185587910778e-01
3.971331999999998530e-01,3.295310534208344966e-01
3.972735999999998380e-01,3.295310882321993984e-01
3.974139999999998230e-01,3.295311229929475116e-01
3.975543999999998079e-01,3.295311577031405648e-01
3.976947999999997929e-01,3.295311923628402861e-01
3.978351999999997779e-01,3.295312269721082377e-01
3.979755999999997629e-01,3.295312615310059812e-01
3.980299999999999949e-01,3.295312749137916941e-01
3.981701999999999741e-01,3.295313093468162369e-01
3.983103999999999534e-01,3.295313437227486153e-01
3.984505999999999326e-01,3.295313780416682659e-01
3.985907999999999118e-01,3.295314123036544585e-01
3.987309999999998911e-01,3.295314465087864630e-01
3.988711999999998703e-01,3.295314806571434385e-01
3.990113999999998495e-01,3.295315147488044327e-01
3.991515999999998288e-01,3.295315487838484381e-01
3.992917999999998080e-01,3.295315827623542804e-01
3.994319999999997872e-01,3.295316166844007855e-01
3.995721999999997665e-01,3.295316505500666682e-01
3.997123999999997457e-01,3.295316843594305323e-01
3.998525999999997249e-01,3.295317181125709260e-01
3.999927999999997041e-01,3.295317518095662868e-01
4.000400000000000067e-01,3.295317631477028275e-01
4.001790000000000069e-01,3.295317964738744276e-01
4.003180000000000072e-01,3.295318297364662197e-01
4.004570000000000074e-01,3.295318629355799556e-01
4.005960000000000076e-01,3.295318960713172762e-01
4.007350000000000079e-01,3.295319291437797116e-01
4.008740000000000081e-01,3.295319621530686804e-01
4.010130000000000083e-01,3.295319950992854352e-01
4.011520000000000086e-01,3.295320279825311727e-01
4.012910000000000088e-01,3.295320608029068676e-01
4.014300000000000090e-01,3.295320935605134394e-01
4.015690000000000093e-01,3.295321262554515851e-01
4.017080000000000095e-01,3.295321588878220020e-01
4.018470000000000097e-01,3.295321914577251654e-01
4.019860000000000100e-01,3.295322239652614948e-01
4.019900000000000140e-01,3.295322249006784610e-01
4.021303999999999990e-01,3.295322576661821601e-01
4.022707999999999839e-01,3.295322903641674239e-01
4.024111999999999689e-01,3.295323229947511035e-01
4.025515999999999539e-01,3.295323555580498276e-01
4.026919999999999389e-01,3.295323880541800587e-01
4.028323999999999239e-01,3.295324204832581483e-01
4.029727999999999088e-01,3.295324528454002255e-01
4.031131999999998938e-01,3.295324851407223088e-01
4.032535999999998788e-01,3.295325173693403054e-01
4.033939999999998638e-01,3.295325495313698450e-01
4.035343999999998488e-01,3.295325816269264463e-01
4.036747999999998338e-01,3.295326136561255170e-01
4.038151999999998187e-01,3.295326456190822428e-01
4.039555999999998037e-01,3.295326775159116983e-01
4.040099999999999802e-01,3.295326898648808234e-01
4.041501999999999595e-01,3.295327216192008302e-01
4.042903999999999387e-01,3.295327533021380484e-01
4.044305999999999179e-01,3.295327849138272591e-01
4.045707999999998972e-01,3.295328164544030769e-01
4.047109999999998764e-01,3.295328479239998387e-01
4.048511999999998556e-01,3.295328793227517150e-01
4.049913999999998349e-01,3.295329106507926542e-01
4.051315999999998141e-01,3.295329419082564937e-01
4.052717999999997933e-01,3.295329730952767933e-01
4.054119999999997725e-01,3.295330042119868907e-01
4.055521999999997518e-01,3.295330352585200129e-01
4.056923999999997310e-01,3.295330662350091089e-01
4.058325999999997102e-01,3.295330971415869614e-01
4.059727999999996895e-01,3.295331279783860756e-01
4.060199999999999920e-01,3.295331383520624380e-01
4.061603999999999770e-01,3.295331691374166483e-01
4.063007999999999620e-01,3.295331998509726246e-01
4.064411999999999470e-01,3.295332304928710876e-01
4.065815999999999319e-01,3.295332610632525361e-01
4.067219999999999169e-01,3.295332915622572467e-01
4.068623999999999019e-01,3.295333219900252741e-01
4.070027999999998869e-01,3.295333523466965064e-01
4.071431999999998719e-01,3.295333826324104987e-01
4.072835999999998569e-01,3.295334128473066948e-01
4.074239999999998418e-01,3.295334429915242613e-01
4.075643999999998268e-01,3.295334730652021427e-01
4.077047999999998118e-01,3.295335030684791722e-01
4.078451999999997968e-01,3.295335330014938502e-01
4.079855999999997818e-01,3.295335628643845105e-01
4.080400000000000138e-01,3.295335744246772891e-01
4.081790000000000140e-01,3.295336038928358691e-01
4.083180000000000143e-01,3.295336332910431820e-01
4.084570000000000145e-01,3.295336626194388385e-01
4.085960000000000147e-01,3.295336918781622271e-01
4.087350000000000150e-01,3.295337210673525141e-01
4.088740000000000152e-01,3.295337501871486441e-01
4.090130000000000154e-01,3.295337792376893393e-01
4.091520000000000157e-01,3.295338082191131557e-01
4.092910000000000159e-01,3.295338371315583159e-01
4.094300000000000161e-01,3.295338659751628763e-01
4.095690000000000164e-01,3.295338947500647819e-01
4.097080000000000166e-01,3.295339234564015896e-01
4.098470000000000169e-01,3.295339520943106892e-01
4.099860000000000171e-01,3.295339806639293045e-01
4.099900000000000211e-01,3.295339814860200889e-01
4.101302000000000003e-01,3.295340102363946699e-01
4.102703999999999795e-01,3.295340389229802769e-01
4.104105999999999588e-01,3.295340675458960367e-01
4.105507999999999380e-01,3.295340961052607431e-01
4.106909999999999172e-01,3.295341246011931347e-01
4.108311999999998965e-01,3.295341530338117275e-01
4.109713999999998757e-01,3.295341814032348715e-01
4.111115999999998549e-01,3.295342097095807499e-01
4.112517999999998342e-01,3.295342379529673238e-01
4.113919999999998134e-01,3.295342661335124435e-01
4.115321999999997926e-01,3.295342942513337370e-01
4.116723999999997718e-01,3.295343223065487215e-01
4.118125999999997511e-01,3.295343502992746365e-01
4.119527999999997303e-01,3.295343782296286106e-01
4.119999999999999774e-01,3.295343876256540128e-01
4.121403999999999623e-01,3.295344155170422673e-01
4.122807999999999473e-01,3.295344433507236270e-01
4.124211999999999323e-01,3.295344711267986226e-01
4.125615999999999173e-01,3.295344988453675072e-01
4.127019999999999023e-01,3.295345265065305340e-01
4.128423999999998872e-01,3.295345541103877895e-01
4.129827999999998722e-01,3.295345816570391384e-01
4.131231999999998572e-01,3.295346091465844451e-01
4.132635999999998422e-01,3.295346365791232968e-01
4.134039999999998272e-01,3.295346639547551693e-01
4.135443999999998121e-01,3.295346912735794831e-01
4.136847999999997971e-01,3.295347185356954367e-01
4.138251999999997821e-01,3.295347457412021730e-01
4.139655999999997671e-01,3.295347728901986128e-01
4.140199999999999991e-01,3.295347834009938470e-01
4.141601999999999784e-01,3.295348104368744924e-01
4.143003999999999576e-01,3.295348374202371478e-01
4.144405999999999368e-01,3.295348643511676889e-01
4.145807999999999161e-01,3.295348912297518806e-01
4.147209999999998953e-01,3.295349180560754321e-01
4.148611999999998745e-01,3.295349448302238859e-01
4.150013999999998537e-01,3.295349715522826184e-01
4.151415999999998330e-01,3.295349982223370611e-01
4.152817999999998122e-01,3.295350248404723681e-01
4.154219999999997914e-01,3.295350514067736936e-01
4.155621999999997707e-01,3.295350779213260251e-01
4.157023999999997499e-01,3.295351043842142391e-01
4.158425999999997291e-01,3.295351307955231013e-01
4.159827999999997084e-01,3.295351571553373216e-01
4.160300000000000109e-01,3.295351660238522440e-01
4.161703999999999959e-01,3.295351923554535878e-01
4.163107999999999809e-01,3.295352186386559246e-01
4.164511999999999659e-01,3.295352448735341389e-01
4.165915999999999508e-01,3.295352710601631152e-01
4.167319999999999358e-01,3.295352971986175716e-01
4.168723999999999208e-01,3.295353232889721151e-01
4.170127999999999058e-01,3.295353493313014082e-01
4.171531999999998908e-01,3.295353753256798357e-01
4.172935999999998757e-01,3.295354012721817827e-01
4.174339999999998607e-01,3.295354271708815785e-01
4.175743999999998457e-01,3.295354530218533307e-01
4.177147999999998307e-01,3.295354788251712019e-01
4.178551999999998157e-01,3.295355045809091332e-01
4.179955999999998006e-01,3.295355302891411209e-01
4.180499999999999772e-01,3.295355402430407143e-01
4.181889999999999774e-01,3.295355656309358339e-01
4.183279999999999776e-01,3.295355909731170763e-01
4.184669999999999779e-01,3.295356162696538860e-01
4.186059999999999781e-01,3.295356415206154854e-01
4.187449999999999783e-01,3.295356667260710415e-01
4.188839999999999786e-01,3.295356918860896656e-01
4.190229999999999788e-01,3.295357170007404135e-01
4.191619999999999790e-01,3.295357420700921747e-01
4.193009999999999793e-01,3.295357670942138384e-01
4.194399999999999795e-01,3.295357920731741275e-01
4.195789999999999798e-01,3.295358170070417647e-01
4.197179999999999800e-01,3.295358418958853619e-01
4.198569999999999802e-01,3.295358667397734198e-01
4.199959999999999805e-01,3.295358915387743837e-01
4.199999999999999845e-01,3.295358922523775047e-01
4.201401999999999637e-01,3.295359172224313626e-01
4.202803999999999429e-01,3.295359421508066156e-01
4.204205999999999221e-01,3.295359670375618832e-01
4.205607999999999014e-01,3.295359918827556744e-01
4.207009999999998806e-01,3.295360166864465534e-01
4.208411999999998598e-01,3.295360414486929734e-01
4.209813999999998391e-01,3.295360661695532767e-01
4.211215999999998183e-01,3.295360908490858054e-01
4.212617999999997975e-01,3.295361154873487353e-01
4.214019999999997768e-01,3.295361400844002975e-01
4.215421999999997560e-01,3.295361646402986122e-01
4.216823999999997352e-01,3.295361891551016886e-01
4.218225999999997144e-01,3.295362136288675359e-01
4.219627999999996937e-01,3.295362380616540521e-01
4.220099999999999962e-01,3.295362462826019745e-01
4.221503999999999812e-01,3.295362706983544498e-01
4.222907999999999662e-01,3.295362950760714615e-01
4.224311999999999512e-01,3.295363194158030251e-01
4.225715999999999362e-01,3.295363437175990451e-01
4.227119999999999211e-01,3.295363679815093705e-01
4.228523999999999061e-01,3.295363922075837393e-01
4.229927999999998911e-01,3.295364163958720005e-01
4.231331999999998761e-01,3.295364405464237811e-01
4.232735999999998611e-01,3.295364646592887636e-01
4.234139999999998460e-01,3.295364887345165195e-01
4.235543999999998310e-01,3.295365127721566201e-01
4.236947999999998160e-01,3.295365367722585259e-01
4.238351999999998010e-01,3.295365607348716974e-01
4.239755999999997860e-01,3.295365846600454840e-01
4.240300000000000180e-01,3.295365939245822884e-01
4.241701999999999972e-01,3.295366177663892615e-01
4.243103999999999765e-01,3.295366415734261034e-01
4.244505999999999557e-01,3.295366653457356687e-01
4.245907999999999349e-01,3.295366890833605900e-01
4.247309999999999142e-01,3.295367127863436107e-01
4.248711999999998934e-01,3.295367364547274192e-01
4.250113999999998726e-01,3.295367600885545367e-01
4.251515999999998519e-01,3.295367836878675405e-01
4.252917999999998311e-01,3.295368072527089520e-01
4.254319999999998103e-01,3.295368307831212373e-01
4.255721999999997895e-01,3.295368542791468625e-01
4.257123999999997688e-01,3.295368777408281824e-01
4.258525999999997480e-01,3.295369011682076077e-01
4.259927999999997272e-01,3.295369245613273823e-01
4.260399999999999743e-01,3.295369324330196248e-01
4.261791999999999803e-01,3.295369556154014723e-01
4.263183999999999862e-01,3.295369787653811833e-01
4.264575999999999922e-01,3.295370018829970049e-01
4.265967999999999982e-01,3.295370249682871289e-01
4.267360000000000042e-01,3.295370480212896913e-01
4.268752000000000102e-01,3.295370710420427729e-01
4.270144000000000162e-01,3.295370940305843988e-01
4.271536000000000222e-01,3.295371169869526495e-01
4.272928000000000281e-01,3.295371399111854949e-01
4.274320000000000341e-01,3.295371628033209044e-01
4.275712000000000401e-01,3.295371856633967922e-01
4.277104000000000461e-01,3.295372084914510724e-01
4.278496000000000521e-01,3.295372312875215481e-01
4.279888000000000581e-01,3.295372540516460780e-01
4.279999999999999916e-01,3.295372558830355070e-01
4.281401999999999708e-01,3.295372787778493295e-01
4.282803999999999500e-01,3.295373016424379409e-01
4.284205999999999293e-01,3.295373244768350363e-01
4.285607999999999085e-01,3.295373472810741999e-01
4.287009999999998877e-01,3.295373700551891272e-01
4.288411999999998669e-01,3.295373927992133467e-01
4.289813999999998462e-01,3.295374155131804428e-01
4.291215999999998254e-01,3.295374381971238886e-01
4.292617999999998046e-01,3.295374608510772685e-01
4.294019999999997839e-01,3.295374834750739446e-01
4.295421999999997631e-01,3.295375060691474456e-01
4.296823999999997423e-01,3.295375286333310783e-01
4.298225999999997216e-01,3.295375511676583158e-01
4.299627999999997008e-01,3.295375736721624649e-01
4.300100000000000033e-01,3.295375812451938335e-01
4.301501999999999826e-01,3.295376037102885070e-01
4.302903999999999618e-01,3.295376261460388756e-01
4.304305999999999410e-01,3.295376485524773025e-01
4.305707999999999203e-01,3.295376709296360951e-01
4.307109999999998995e-01,3.295376932775475609e-01
4.308511999999998787e-01,3.295377155962440074e-01
4.309913999999998580e-01,3.295377378857576312e-01
4.311315999999998372e-01,3.295377601461206840e-01
4.312717999999998164e-01,3.295377823773653070e-01
4.314119999999997956e-01,3.295378045795236965e-01
4.315521999999997749e-01,3.295378267526279936e-01
4.316923999999997541e-01,3.295378488967102282e-01
4.318325999999997333e-01,3.295378710118025412e-01
4.319727999999997126e-01,3.295378930979369625e-01
4.320200000000000151e-01,3.295379005302171427e-01
4.321604000000000001e-01,3.295379226088286373e-01
4.323007999999999851e-01,3.295379446581990779e-01
4.324411999999999701e-01,3.295379666783611605e-01
4.325815999999999550e-01,3.295379886693475258e-01
4.327219999999999400e-01,3.295380106311908142e-01
4.328623999999999250e-01,3.295380325639236663e-01
4.330027999999999100e-01,3.295380544675786672e-01
4.331431999999998950e-01,3.295380763421882908e-01
4.332835999999998799e-01,3.295380981877851778e-01
4.334239999999998649e-01,3.295381200044017467e-01
4.335643999999998499e-01,3.295381417920704714e-01
4.337047999999998349e-01,3.295381635508238261e-01
4.338451999999998199e-01,3.295381852806941736e-01
4.339855999999998049e-01,3.295382069817139326e-01
4.340399999999999814e-01,3.295382153857580043e-01
4.341789999999999816e-01,3.295382368290061814e-01
4.343179999999999819e-01,3.295382582419694728e-01
4.344569999999999821e-01,3.295382796246839052e-01
4.345959999999999823e-01,3.295383009771856164e-01
4.347349999999999826e-01,3.295383222995106887e-01
4.348739999999999828e-01,3.295383435916950932e-01
4.350129999999999830e-01,3.295383648537748567e-01
4.351519999999999833e-01,3.295383860857858949e-01
4.352909999999999835e-01,3.295384072877641790e-01
4.354299999999999837e-01,3.295384284597455693e-01
4.355689999999999840e-01,3.295384496017658704e-01
4.357079999999999842e-01,3.295384707138609426e-01
4.358469999999999844e-01,3.295384917960665905e-01
4.359859999999999847e-01,3.295385128484185078e-01
4.359899999999999887e-01,3.295385134542168637e-01
4.361303999999999736e-01,3.295385346868771603e-01
4.362707999999999586e-01,3.295385558887127808e-01
4.364111999999999436e-01,3.295385770597615283e-01
4.365515999999999286e-01,3.295385982000612057e-01
4.366919999999999136e-01,3.295386193096495053e-01
4.368323999999998986e-01,3.295386403885641746e-01
4.369727999999998835e-01,3.295386614368428502e-01
4.371131999999998685e-01,3.295386824545231685e-01
4.372535999999998535e-01,3.295387034416426553e-01
4.373939999999998385e-01,3.295387243982388914e-01
4.375343999999998235e-01,3.295387453243494025e-01
4.376747999999998084e-01,3.295387662200116585e-01
4.378151999999997934e-01,3.295387870852630741e-01
4.379555999999997784e-01,3.295388079201410636e-01
4.380100000000000104e-01,3.295388159883579360e-01
4.381501999999999897e-01,3.295388367496885906e-01
4.382903999999999689e-01,3.295388574789349656e-01
4.384305999999999481e-01,3.295388781761390273e-01
4.385707999999999274e-01,3.295388988413425757e-01
4.387109999999999066e-01,3.295389194745874106e-01
4.388511999999998858e-01,3.295389400759153875e-01
4.389913999999998651e-01,3.295389606453681397e-01
4.391315999999998443e-01,3.295389811829874116e-01
4.392717999999998235e-01,3.295390016888148366e-01
4.394119999999998027e-01,3.295390221628919925e-01
4.395521999999997820e-01,3.295390426052604571e-01
4.396923999999997612e-01,3.295390630159616974e-01
4.398325999999997404e-01,3.295390833950371801e-01
4.399727999999997197e-01,3.295391037425283720e-01
4.400200000000000222e-01,3.295391105891767314e-01
4.401602000000000015e-01,3.295391308928046770e-01
4.403003999999999807e-01,3.295391511632391746e-01
4.404405999999999599e-01,3.295391714005261319e-01
4.405807999999999391e-01,3.295391916047113456e-01
4.407209999999999184e-01,3.295392117758406125e-01
4.408611999999998976e-01,3.295392319139596737e-01
4.410013999999998768e-01,3.295392520191141594e-01
4.411415999999998561e-01,3.295392720913497553e-01
4.412817999999998353e-01,3.295392921307119805e-01
4.414219999999998145e-01,3.295393121372463541e-01
4.415621999999997938e-01,3.295393321109983398e-01
4.417023999999997730e-01,3.295393520520134012e-01
4.418425999999997522e-01,3.295393719603368909e-01
4.419827999999997314e-01,3.295393918360141061e-01
4.420299999999999785e-01,3.295393985237005663e-01
4.421691999999999845e-01,3.295394182123866922e-01
4.423083999999999905e-01,3.295394378668010660e-01
4.424475999999999964e-01,3.295394574869941473e-01
4.425868000000000024e-01,3.295394770730162848e-01
4.427260000000000084e-01,3.295394966249178825e-01
4.428652000000000144e-01,3.295395161427491781e-01
4.430044000000000204e-01,3.295395356265603537e-01
4.431436000000000264e-01,3.295395550764015358e-01
4.432828000000000324e-01,3.295395744923229064e-01
4.434220000000000383e-01,3.295395938743744257e-01
4.435612000000000443e-01,3.295396132226061092e-01
4.437004000000000503e-01,3.295396325370678614e-01
4.438396000000000563e-01,3.295396518178095313e-01
4.439788000000000623e-01,3.295396710648809124e-01
4.439899999999999958e-01,3.295396726132779897e-01
4.441301999999999750e-01,3.295396919619419940e-01
4.442703999999999542e-01,3.295397112767061709e-01
4.444105999999999335e-01,3.295397305576207025e-01
4.445507999999999127e-01,3.295397498047357709e-01
4.446909999999998919e-01,3.295397690181015582e-01
4.448311999999998712e-01,3.295397881977680798e-01
4.449713999999998504e-01,3.295398073437854070e-01
4.451115999999998296e-01,3.295398264562033885e-01
4.452517999999998088e-01,3.295398455350719846e-01
4.453919999999997881e-01,3.295398645804410442e-01
4.455321999999997673e-01,3.295398835923602499e-01
4.456723999999997465e-01,3.295399025708793395e-01
4.458125999999997258e-01,3.295399215160479955e-01
4.459527999999997050e-01,3.295399404279157896e-01
4.460000000000000075e-01,3.295399467910505309e-01
4.461401999999999868e-01,3.295399656585011883e-01
4.462803999999999660e-01,3.295399844927840438e-01
4.464205999999999452e-01,3.295400032939484469e-01
4.465607999999999245e-01,3.295400220620436915e-01
4.467009999999999037e-01,3.295400407971190160e-01
4.468411999999998829e-01,3.295400594992235477e-01
4.469813999999998622e-01,3.295400781684064140e-01
4.471215999999998414e-01,3.295400968047166868e-01
4.472617999999998206e-01,3.295401154082033268e-01
4.474019999999997999e-01,3.295401339789152950e-01
4.475421999999997791e-01,3.295401525169014412e-01
4.476823999999997583e-01,3.295401710222105596e-01
4.478225999999997375e-01,3.295401894948914445e-01
4.479627999999997168e-01,3.295402079349927793e-01
4.480100000000000193e-01,3.295402141393833917e-01
4.481504000000000043e-01,3.295402325629227525e-01
4.482907999999999893e-01,3.295402509546143666e-01
4.484311999999999743e-01,3.295402693145048079e-01
4.485715999999999593e-01,3.295402876426406502e-01
4.487119999999999442e-01,3.295403059390684120e-01
4.488523999999999292e-01,3.295403242038345004e-01
4.489927999999999142e-01,3.295403424369853229e-01
4.491331999999998992e-01,3.295403606385672313e-01
4.492735999999998842e-01,3.295403788086264663e-01
4.494139999999998691e-01,3.295403969472092687e-01
4.495543999999998541e-01,3.295404150543617683e-01
4.496947999999998391e-01,3.295404331301300949e-01
4.498351999999998241e-01,3.295404511745603227e-01
4.499755999999998091e-01,3.295404691876984704e-01
4.500299999999999856e-01,3.295404761624547429e-01
4.501701999999999648e-01,3.295404941073587501e-01
4.503103999999999441e-01,3.295405120218270478e-01
4.504505999999999233e-01,3.295405299059034343e-01
4.505907999999999025e-01,3.295405477596314858e-01
4.507309999999998817e-01,3.295405655830548342e-01
4.508711999999998610e-01,3.295405833762170555e-01
4.510113999999998402e-01,3.295406011391616707e-01
4.511515999999998194e-01,3.295406188719321450e-01
4.512917999999997987e-01,3.295406365745718880e-01
4.514319999999997779e-01,3.295406542471242539e-01
4.515721999999997571e-01,3.295406718896325970e-01
4.517123999999997364e-01,3.295406895021401050e-01
4.518525999999997156e-01,3.295407070846900210e-01
4.519927999999996948e-01,3.295407246373254773e-01
4.520399999999999974e-01,3.295407305432418443e-01
4.521792000000000034e-01,3.295407479313290366e-01
4.523184000000000093e-01,3.295407652900965156e-01
4.524576000000000153e-01,3.295407826195861922e-01
4.525968000000000213e-01,3.295407999198398663e-01
4.527360000000000273e-01,3.295408171908993378e-01
4.528752000000000333e-01,3.295408344328063510e-01
4.530144000000000393e-01,3.295408516456025949e-01
4.531536000000000453e-01,3.295408688293297028e-01
4.532928000000000512e-01,3.295408859840292526e-01
4.534320000000000572e-01,3.295409031097428221e-01
4.535712000000000632e-01,3.295409202065118781e-01
4.537104000000000692e-01,3.295409372743778875e-01
4.538496000000000752e-01,3.295409543133822616e-01
4.539888000000000812e-01,3.295409713235663562e-01
4.540000000000000147e-01,3.295409726920153770e-01
4.541401999999999939e-01,3.295409897944105992e-01
4.542803999999999731e-01,3.295410068691889127e-01
4.544205999999999523e-01,3.295410239163881205e-01
4.545607999999999316e-01,3.295410409360459147e-01
4.547009999999999108e-01,3.295410579282000429e-01
4.548411999999998900e-01,3.295410748928881972e-01
4.549813999999998693e-01,3.295410918301479586e-01
4.551215999999998485e-01,3.295411087400169081e-01
4.552617999999998277e-01,3.295411256225325713e-01
4.554019999999998070e-01,3.295411424777324738e-01
4.555421999999997862e-01,3.295411593056540855e-01
4.556823999999997654e-01,3.295411761063348210e-01
4.558225999999997446e-01,3.295411928798120393e-01
4.559627999999997239e-01,3.295412096261230994e-01
4.560100000000000264e-01,3.295412152608918066e-01
4.561502000000000057e-01,3.295412319718302729e-01
4.562903999999999849e-01,3.295412486565683641e-01
4.564305999999999641e-01,3.295412653151409410e-01
4.565707999999999434e-01,3.295412819475828092e-01
4.567109999999999226e-01,3.295412985539286632e-01
4.568511999999999018e-01,3.295413151342132529e-01
4.569913999999998810e-01,3.295413316884712174e-01
4.571315999999998603e-01,3.295413482167372510e-01
4.572717999999998395e-01,3.295413647190458817e-01
4.574119999999998187e-01,3.295413811954317485e-01
4.575521999999997980e-01,3.295413976459292682e-01
4.576923999999997772e-01,3.295414140705729689e-01
4.578325999999997564e-01,3.295414304693973229e-01
4.579727999999997357e-01,3.295414468424367471e-01
4.580199999999999827e-01,3.295414523516954075e-01
4.581603999999999677e-01,3.295414687146936417e-01
4.583007999999999527e-01,3.295414850530110074e-01
4.584411999999999376e-01,3.295415013666790904e-01
4.585815999999999226e-01,3.295415176557294212e-01
4.587219999999999076e-01,3.295415339201934746e-01
4.588623999999998926e-01,3.295415501601027253e-01
4.590027999999998776e-01,3.295415663754886482e-01
4.591431999999998625e-01,3.295415825663826070e-01
4.592835999999998475e-01,3.295415987328159657e-01
4.594239999999998325e-01,3.295416148748200880e-01
4.595643999999998175e-01,3.295416309924262266e-01
4.597047999999998025e-01,3.295416470856657454e-01
4.598451999999997875e-01,3.295416631545697861e-01
4.599855999999997724e-01,3.295416791991696570e-01
4.600400000000000045e-01,3.295416854122349970e-01
4.601790000000000047e-01,3.295417012639260679e-01
4.603180000000000049e-01,3.295417170920418304e-01
4.604570000000000052e-01,3.295417328966119830e-01
4.605960000000000054e-01,3.295417486776662797e-01
4.607350000000000056e-01,3.295417644352343634e-01
4.608740000000000059e-01,3.295417801693458770e-01
4.610130000000000061e-01,3.295417958800304636e-01
4.611520000000000064e-01,3.295418115673177106e-01
4.612910000000000066e-01,3.295418272312371499e-01
4.614300000000000068e-01,3.295418428718183690e-01
4.615690000000000071e-01,3.295418584890908442e-01
4.617080000000000073e-01,3.295418740830839965e-01
4.618470000000000075e-01,3.295418896538273024e-01
4.619860000000000078e-01,3.295419052013501271e-01
4.619900000000000118e-01,3.295419056487416398e-01
4.621303999999999967e-01,3.295419213302980266e-01
4.622707999999999817e-01,3.295419369899946216e-01
4.624111999999999667e-01,3.295419526278572375e-01
4.625515999999999517e-01,3.295419682439117426e-01
4.626919999999999367e-01,3.295419838381838940e-01
4.628323999999999216e-01,3.295419994106995043e-01
4.629727999999999066e-01,3.295420149614843308e-01
4.631131999999998916e-01,3.295420304905640752e-01
4.632535999999998766e-01,3.295420459979644945e-01
4.633939999999998616e-01,3.295420614837111795e-01
4.635343999999998466e-01,3.295420769478298872e-01
4.636747999999998315e-01,3.295420923903461530e-01
4.638151999999998165e-01,3.295421078112856228e-01
4.639555999999998015e-01,3.295421232106739429e-01
4.640099999999999780e-01,3.295421291741555403e-01
4.641501999999999573e-01,3.295421445225199530e-01
4.642903999999999365e-01,3.295421598501522831e-01
4.644305999999999157e-01,3.295421751570762892e-01
4.645707999999998949e-01,3.295421904433157301e-01
4.647109999999998742e-01,3.295422057088943091e-01
4.648511999999998534e-01,3.295422209538357294e-01
4.649913999999998326e-01,3.295422361781636944e-01
4.651315999999998119e-01,3.295422513819018517e-01
4.652717999999997911e-01,3.295422665650738492e-01
4.654119999999997703e-01,3.295422817277032235e-01
4.655521999999997496e-01,3.295422968698136224e-01
4.656923999999997288e-01,3.295423119914285826e-01
4.658325999999997080e-01,3.295423270925716963e-01
4.659727999999996872e-01,3.295423421732665004e-01
4.660199999999999898e-01,3.295423472480460414e-01
4.661601999999999690e-01,3.295423623020292681e-01
4.663003999999999483e-01,3.295423773362019526e-01
4.664405999999999275e-01,3.295423923505862440e-01
4.665807999999999067e-01,3.295424073452042912e-01
4.667209999999998860e-01,3.295424223200780767e-01
4.668611999999998652e-01,3.295424372752297493e-01
4.670013999999998444e-01,3.295424522106813470e-01
4.671415999999998236e-01,3.295424671264549077e-01
4.672817999999998029e-01,3.295424820225724138e-01
4.674219999999997821e-01,3.295424968990559034e-01
4.675621999999997613e-01,3.295425117559273032e-01
4.677023999999997406e-01,3.295425265932085401e-01
4.678425999999997198e-01,3.295425414109215967e-01
4.679827999999996990e-01,3.295425562090883442e-01
4.680300000000000016e-01,3.295425611888536110e-01
4.681692000000000076e-01,3.295425758555513007e-01
4.683084000000000136e-01,3.295425905028807612e-01
4.684476000000000195e-01,3.295426051308636972e-01
4.685868000000000255e-01,3.295426197395217582e-01
4.687260000000000315e-01,3.295426343288767046e-01
4.688652000000000375e-01,3.295426488989501301e-01
4.690044000000000435e-01,3.295426634497636842e-01
4.691436000000000495e-01,3.295426779813389606e-01
4.692828000000000555e-01,3.295426924936976087e-01
4.694220000000000614e-01,3.295427069868611669e-01
4.695612000000000674e-01,3.295427214608512290e-01
4.697004000000000734e-01,3.295427359156893332e-01
4.698396000000000794e-01,3.295427503513969625e-01
4.699788000000000854e-01,3.295427647679956551e-01
4.699900000000000189e-01,3.295427659278282184e-01
4.701301999999999981e-01,3.295427804276599981e-01
4.702703999999999773e-01,3.295427949087256225e-01
4.704105999999999566e-01,3.295428093710456863e-01
4.705507999999999358e-01,3.295428238146407840e-01
4.706909999999999150e-01,3.295428382395315103e-01
4.708311999999998942e-01,3.295428526457384599e-01
4.709713999999998735e-01,3.295428670332821719e-01
4.711115999999998527e-01,3.295428814021831854e-01
4.712517999999998319e-01,3.295428957524620395e-01
4.713919999999998112e-01,3.295429100841392178e-01
4.715321999999997904e-01,3.295429243972351485e-01
4.716723999999997696e-01,3.295429386917703707e-01
4.718125999999997489e-01,3.295429529677652569e-01
4.719527999999997281e-01,3.295429672252402908e-01
4.719999999999999751e-01,3.295429720230914628e-01
4.721403999999999601e-01,3.295429862760895223e-01
4.722807999999999451e-01,3.295430005105315918e-01
4.724211999999999301e-01,3.295430147264382104e-01
4.725615999999999151e-01,3.295430289238298616e-01
4.727019999999999000e-01,3.295430431027270290e-01
4.728423999999998850e-01,3.295430572631501964e-01
4.729827999999998700e-01,3.295430714051197918e-01
4.731231999999998550e-01,3.295430855286562988e-01
4.732635999999998400e-01,3.295430996337800900e-01
4.734039999999998249e-01,3.295431137205115379e-01
4.735443999999998099e-01,3.295431277888710708e-01
4.736847999999997949e-01,3.295431418388789502e-01
4.738251999999997799e-01,3.295431558705556041e-01
4.739655999999997649e-01,3.295431698839212942e-01
4.740199999999999969e-01,3.295431753108544748e-01
4.741601999999999761e-01,3.295431892785633532e-01
4.743003999999999554e-01,3.295432032276778278e-01
4.744405999999999346e-01,3.295432171582188818e-01
4.745807999999999138e-01,3.295432310702076095e-01
4.747209999999998931e-01,3.295432449636649386e-01
4.748611999999998723e-01,3.295432588386117967e-01
4.750013999999998515e-01,3.295432726950692226e-01
4.751415999999998308e-01,3.295432865330581440e-01
4.752817999999998100e-01,3.295433003525994886e-01
4.754219999999997892e-01,3.295433141537141286e-01
4.755621999999997684e-01,3.295433279364229362e-01
4.757023999999997477e-01,3.295433417007467281e-01
4.758425999999997269e-01,3.295433554467064319e-01
4.759827999999997061e-01,3.295433691743228088e-01
4.760300000000000087e-01,3.295433737938107677e-01
4.761701999999999879e-01,3.295433874965287835e-01
4.763103999999999671e-01,3.295434011805409291e-01
4.764505999999999464e-01,3.295434148458689094e-01
4.765907999999999256e-01,3.295434284925344293e-01
4.767309999999999048e-01,3.295434421205591380e-01
4.768711999999998841e-01,3.295434557299646849e-01
4.770113999999998633e-01,3.295434693207726640e-01
4.771515999999998425e-01,3.295434828930047244e-01
4.772917999999998218e-01,3.295434964466824046e-01
4.774319999999998010e-01,3.295435099818272429e-01
4.775721999999997802e-01,3.295435234984608330e-01
4.777123999999997594e-01,3.295435369966047134e-01
4.778525999999997387e-01,3.295435504762803114e-01
4.779927999999997179e-01,3.295435639375091652e-01
4.780400000000000205e-01,3.295435684673029275e-01
4.781792000000000264e-01,3.295435818073157996e-01
4.783184000000000324e-01,3.295435951283114395e-01
4.784576000000000384e-01,3.295436084303128843e-01
4.785968000000000444e-01,3.295436217133431711e-01
4.787360000000000504e-01,3.295436349774253371e-01
4.788752000000000564e-01,3.295436482225823083e-01
4.790144000000000624e-01,3.295436614488370664e-01
4.791536000000000683e-01,3.295436746562125374e-01
4.792928000000000743e-01,3.295436878447316476e-01
4.794320000000000803e-01,3.295437010144172674e-01
4.795712000000000863e-01,3.295437141652923230e-01
4.797104000000000923e-01,3.295437272973796294e-01
4.798496000000000983e-01,3.295437404107019463e-01
4.799888000000001043e-01,3.295437535052821443e-01
4.799999999999999822e-01,3.295437545587477923e-01
4.801401999999999615e-01,3.295437677270555143e-01
4.802803999999999407e-01,3.295437808765611654e-01
4.804205999999999199e-01,3.295437940072876160e-01
4.805607999999998992e-01,3.295438071192576257e-01
4.807009999999998784e-01,3.295438202124940097e-01
4.808411999999998576e-01,3.295438332870195275e-01
4.809813999999998368e-01,3.295438463428568832e-01
4.811215999999998161e-01,3.295438593800288363e-01
4.812617999999997953e-01,3.295438723985580909e-01
4.814019999999997745e-01,3.295438853984672400e-01
4.815421999999997538e-01,3.295438983797789878e-01
4.816823999999997330e-01,3.295439113425159827e-01
4.818225999999997122e-01,3.295439242867007623e-01
4.819627999999996915e-01,3.295439372123559751e-01
4.820099999999999940e-01,3.295439415618331980e-01
4.821503999999999790e-01,3.295439544810739863e-01
4.822907999999999640e-01,3.295439673817262549e-01
4.824311999999999490e-01,3.295439802638127635e-01
4.825715999999999339e-01,3.295439931273562162e-01
4.827119999999999189e-01,3.295440059723793169e-01
4.828523999999999039e-01,3.295440187989047698e-01
4.829927999999998889e-01,3.295440316069552233e-01
4.831331999999998739e-01,3.295440443965533261e-01
4.832735999999998588e-01,3.295440571677216712e-01
4.834139999999998438e-01,3.295440699204828516e-01
4.835543999999998288e-01,3.295440826548594604e-01
4.836947999999998138e-01,3.295440953708740350e-01
4.838351999999997988e-01,3.295441080685491131e-01
4.839755999999997838e-01,3.295441207479071766e-01
4.840300000000000158e-01,3.295441256579592082e-01
4.841701999999999950e-01,3.295441382938540942e-01
4.843103999999999743e-01,3.295441509114511724e-01
4.844505999999999535e-01,3.295441635107729805e-01
4.845907999999999327e-01,3.295441760918420004e-01
4.847309999999999119e-01,3.295441886546807697e-01
4.848711999999998912e-01,3.295442011993117704e-01
4.850113999999998704e-01,3.295442137257574289e-01
4.851515999999998496e-01,3.295442262340402273e-01
4.852917999999998289e-01,3.295442387241824811e-01
4.854319999999998081e-01,3.295442511962066723e-01
4.855721999999997873e-01,3.295442636501351164e-01
4.857123999999997666e-01,3.295442760859901843e-01
4.858525999999997458e-01,3.295442885037941916e-01
4.859927999999997250e-01,3.295443009035693982e-01
4.860400000000000276e-01,3.295443050760596404e-01
4.861790000000000278e-01,3.295443173455753771e-01
4.863180000000000280e-01,3.295443295969992525e-01
4.864570000000000283e-01,3.295443418303539151e-01
4.865960000000000285e-01,3.295443540456620690e-01
4.867350000000000287e-01,3.295443662429463627e-01
4.868740000000000290e-01,3.295443784222294448e-01
4.870130000000000292e-01,3.295443905835339637e-01
4.871520000000000294e-01,3.295444027268824572e-01
4.872910000000000297e-01,3.295444148522975181e-01
4.874300000000000299e-01,3.295444269598016285e-01
4.875690000000000301e-01,3.295444390494173814e-01
4.877080000000000304e-01,3.295444511211672589e-01
4.878470000000000306e-01,3.295444631750736875e-01
4.879860000000000309e-01,3.295444752111591491e-01
4.879899999999999793e-01,3.295444755575065998e-01
4.881303999999999643e-01,3.295444876969506054e-01
4.882707999999999493e-01,3.295444998190651398e-01
4.884111999999999343e-01,3.295445119238712972e-01
4.885515999999999193e-01,3.295445240113900609e-01
4.886919999999999042e-01,3.295445360816424696e-01
4.888323999999998892e-01,3.295445481346495620e-01
4.889727999999998742e-01,3.295445601704322658e-01
4.891131999999998592e-01,3.295445721890115642e-01
4.892535999999998442e-01,3.295445841904083295e-01
4.893939999999998292e-01,3.295445961746435448e-01
4.895343999999998141e-01,3.295446081417380824e-01
4.896747999999997991e-01,3.295446200917128143e-01
4.898151999999997841e-01,3.295446320245885574e-01
4.899555999999997691e-01,3.295446439403861838e-01
4.900100000000000011e-01,3.295446485547715576e-01
4.901501999999999803e-01,3.295446604301286442e-01
4.902903999999999596e-01,3.295446722886417046e-01
4.904305999999999388e-01,3.295446841303311669e-01
4.905707999999999180e-01,3.295446959552172927e-01
4.907109999999998973e-01,3.295447077633203992e-01
4.908511999999998765e-01,3.295447195546607477e-01
4.909913999999998557e-01,3.295447313292586555e-01
4.911315999999998350e-01,3.295447430871343286e-01
4.912717999999998142e-01,3.295447548283080286e-01
4.914119999999997934e-01,3.295447665527999059e-01
4.915521999999997727e-01,3.295447782606301668e-01
4.916923999999997519e-01,3.295447899518189616e-01
4.918325999999997311e-01,3.295448016263864410e-01
4.919727999999997103e-01,3.295448132843527556e-01
4.920200000000000129e-01,3.295448172072658055e-01
4.921603999999999979e-01,3.295448288599925890e-01
4.923007999999999829e-01,3.295448404964611555e-01
4.924411999999999678e-01,3.295448521166908229e-01
4.925815999999999528e-01,3.295448637207009090e-01
4.927219999999999378e-01,3.295448753085106763e-01
4.928623999999999228e-01,3.295448868801393871e-01
4.930027999999999078e-01,3.295448984356062483e-01
4.931431999999998927e-01,3.295449099749305222e-01
4.932835999999998777e-01,3.295449214981314712e-01
4.934239999999998627e-01,3.295449330052281911e-01
4.935643999999998477e-01,3.295449444962398888e-01
4.937047999999998327e-01,3.295449559711857712e-01
4.938451999999998177e-01,3.295449674300849341e-01
4.939855999999998026e-01,3.295449788729564733e-01
4.940399999999999792e-01,3.295449833042573551e-01
4.941789999999999794e-01,3.295449946109463846e-01
4.943179999999999796e-01,3.295450059017178690e-01
4.944569999999999799e-01,3.295450171765909042e-01
4.945959999999999801e-01,3.295450284355845860e-01
4.947349999999999803e-01,3.295450396787178993e-01
4.948739999999999806e-01,3.295450509060099398e-01
4.950129999999999808e-01,3.295450621174796924e-01
4.951519999999999810e-01,3.295450733131461418e-01
4.952909999999999813e-01,3.295450844930282730e-01
4.954299999999999815e-01,3.295450956571450707e-01
4.955689999999999817e-01,3.295451068055154642e-01
4.957079999999999820e-01,3.295451179381583828e-01
4.958469999999999822e-01,3.295451290550927004e-01
4.959859999999999824e-01,3.295451401563373461e-01
4.959899999999999864e-01,3.295451404757846481e-01
4.961301999999999657e-01,3.295451516572852624e-01
4.962703999999999449e-01,3.295451628236761854e-01
4.964105999999999241e-01,3.295451739749749032e-01
4.965507999999999034e-01,3.295451851111987351e-01
4.966909999999998826e-01,3.295451962323651118e-01
4.968311999999998618e-01,3.295452073384913527e-01
4.969713999999998411e-01,3.295452184295947773e-01
4.971115999999998203e-01,3.295452295056927050e-01
4.972517999999997995e-01,3.295452405668024554e-01
4.973919999999997787e-01,3.295452516129412923e-01
4.975321999999997580e-01,3.295452626441264798e-01
4.976723999999997372e-01,3.295452736603752819e-01
4.978125999999997164e-01,3.295452846617049625e-01
4.979527999999996957e-01,3.295452956481327300e-01
4.979999999999999982e-01,3.295452993451567503e-01
4.981403999999999832e-01,3.295453103277424800e-01
4.982807999999999682e-01,3.295453212958501799e-01
4.984211999999999532e-01,3.295453322494961146e-01
4.985615999999999381e-01,3.295453431886965490e-01
4.987019999999999231e-01,3.295453541134676367e-01
4.988423999999999081e-01,3.295453650238256982e-01
4.989827999999998931e-01,3.295453759197869426e-01
4.991231999999998781e-01,3.295453868013674681e-01
4.992635999999998631e-01,3.295453976685835396e-01
4.994039999999998480e-01,3.295454085214513107e-01
4.995443999999998330e-01,3.295454193599869352e-01
4.996847999999998180e-01,3.295454301842065115e-01
4.998251999999998030e-01,3.295454409941261931e-01
4.999655999999997880e-01,3.295454517897620228e-01
5.000200000000000200e-01,3.295454559705436326e-01
5.001602000000000547e-01,3.295454667313285069e-01
5.003004000000000895e-01,3.295454774781783613e-01
5.004406000000001242e-01,3.295454882111086836e-01
5.005808000000001590e-01,3.295454989301347948e-01
5.007210000000001937e-01,3.295455096352720714e-01
5.008612000000002284e-01,3.295455203265358346e-01
5.010014000000002632e-01,3.295455310039414054e-01
5.011416000000002979e-01,3.295455416675041049e-01
5.012818000000003327e-01,3.295455523172393097e-01
5.014220000000003674e-01,3.295455629531622299e-01
5.015622000000004022e-01,3.295455735752881310e-01
5.017024000000004369e-01,3.295455841836323341e-01
5.018426000000004716e-01,3.295455947782099937e-01
5.019828000000005064e-01,3.295456053590364309e-01
5.020299999999999763e-01,3.295456089196401872e-01
5.021704000000000168e-01,3.295456194975285857e-01
5.023108000000000573e-01,3.295456300620321910e-01
5.024512000000000977e-01,3.295456406131654914e-01
5.025916000000001382e-01,3.295456511509428643e-01
5.027320000000001787e-01,3.295456616753787427e-01
5.028724000000002192e-01,3.295456721864875038e-01
5.030128000000002597e-01,3.295456826842835807e-01
5.031532000000003002e-01,3.295456931687813507e-01
5.032936000000003407e-01,3.295457036399951911e-01
5.034340000000003812e-01,3.295457140979394239e-01
5.035744000000004217e-01,3.295457245426283710e-01
5.037148000000004622e-01,3.295457349740764097e-01
5.038552000000005027e-01,3.295457453922978619e-01
5.039956000000005432e-01,3.295457557973069940e-01
5.040499999999999980e-01,3.295457598268953792e-01
5.041889999999999983e-01,3.295457701099420156e-01
5.043279999999999985e-01,3.295457803798585994e-01
5.044669999999999987e-01,3.295457906366593970e-01
5.046059999999999990e-01,3.295458008803587302e-01
5.047449999999999992e-01,3.295458111109708654e-01
5.048839999999999995e-01,3.295458213285100690e-01
5.050229999999999997e-01,3.295458315329905519e-01
5.051619999999999999e-01,3.295458417244265803e-01
5.053010000000000002e-01,3.295458519028323652e-01
5.054400000000000004e-01,3.295458620682221729e-01
5.055790000000000006e-01,3.295458722206101032e-01
5.057180000000000009e-01,3.295458823600104226e-01
5.058570000000000011e-01,3.295458924864372863e-01
5.059960000000000013e-01,3.295459025999047942e-01
5.060000000000000053e-01,3.295459028909291099e-01
5.061402000000000401e-01,3.295459130787334878e-01
5.062804000000000748e-01,3.295459232539534322e-01
5.064206000000001096e-01,3.295459334166021548e-01
5.065608000000001443e-01,3.295459435666929782e-01
5.067010000000001790e-01,3.295459537042391140e-01
5.068412000000002138e-01,3.295459638292537741e-01
5.069814000000002485e-01,3.295459739417501699e-01
5.071216000000002833e-01,3.295459840417415132e-01
5.072618000000003180e-01,3.295459941292409600e-01
5.074020000000003527e-01,3.295460042042617776e-01
5.075422000000003875e-01,3.295460142668170667e-01
5.076824000000004222e-01,3.295460243169200387e-01
5.078226000000004570e-01,3.295460343545837945e-01
5.079628000000004917e-01,3.295460443798214900e-01
5.080099999999999616e-01,3.295460477535297472e-01
5.081504000000000021e-01,3.295460577766060051e-01
5.082908000000000426e-01,3.295460677874187394e-01
5.084312000000000831e-01,3.295460777859807178e-01
5.085716000000001236e-01,3.295460877723047632e-01
5.087120000000001641e-01,3.295460977464036434e-01
5.088524000000002045e-01,3.295461077082901258e-01
5.089928000000002450e-01,3.295461176579769780e-01
5.091332000000002855e-01,3.295461275954769675e-01
5.092736000000003260e-01,3.295461375208028065e-01
5.094140000000003665e-01,3.295461474339672070e-01
5.095544000000004070e-01,3.295461573349829365e-01
5.096948000000004475e-01,3.295461672238626516e-01
5.098352000000004880e-01,3.295461771006190643e-01
5.099756000000005285e-01,3.295461869652648867e-01
5.100299999999999834e-01,3.295461907856469530e-01
5.101702000000000181e-01,3.295462006194790905e-01
5.103104000000000529e-01,3.295462104412447135e-01
5.104506000000000876e-01,3.295462202509565341e-01
5.105908000000001223e-01,3.295462300486270979e-01
5.107310000000001571e-01,3.295462398342690613e-01
5.108712000000001918e-01,3.295462496078950254e-01
5.110114000000002266e-01,3.295462593695175357e-01
5.111516000000002613e-01,3.295462691191492488e-01
5.112918000000002960e-01,3.295462788568027102e-01
5.114320000000003308e-01,3.295462885824904653e-01
5.115722000000003655e-01,3.295462982962250598e-01
5.117124000000004003e-01,3.295463079980190391e-01
5.118526000000004350e-01,3.295463176878850042e-01
5.119928000000004698e-01,3.295463273658353898e-01
5.120400000000000507e-01,3.295463306226830147e-01
5.121790000000000509e-01,3.295463402017510535e-01
5.123180000000000511e-01,3.295463497687596277e-01
5.124570000000000514e-01,3.295463593237217270e-01
5.125960000000000516e-01,3.295463688666502855e-01
5.127350000000000518e-01,3.295463783975582372e-01
5.128740000000000521e-01,3.295463879164585164e-01
5.130130000000000523e-01,3.295463974233640569e-01
5.131520000000000525e-01,3.295464069182877376e-01
5.132910000000000528e-01,3.295464164012424368e-01
5.134300000000000530e-01,3.295464258722410889e-01
5.135690000000000532e-01,3.295464353312965167e-01
5.137080000000000535e-01,3.295464447784215989e-01
5.138470000000000537e-01,3.295464542136291586e-01
5.139860000000000539e-01,3.295464636369320743e-01
5.139899999999999469e-01,3.295464639080963876e-01
5.141303999999999874e-01,3.295464734142040109e-01
5.142708000000000279e-01,3.295464829085636427e-01
5.144112000000000684e-01,3.295464923911876620e-01
5.145516000000001089e-01,3.295465018620884479e-01
5.146920000000001494e-01,3.295465113212783792e-01
5.148324000000001899e-01,3.295465207687698350e-01
5.149728000000002304e-01,3.295465302045751943e-01
5.151132000000002709e-01,3.295465396287067250e-01
5.152536000000003114e-01,3.295465490411768061e-01
5.153940000000003518e-01,3.295465584419978167e-01
5.155344000000003923e-01,3.295465678311820246e-01
5.156748000000004328e-01,3.295465772087416978e-01
5.158152000000004733e-01,3.295465865746891598e-01
5.159556000000005138e-01,3.295465959290366786e-01
5.160099999999999687e-01,3.295465995517729563e-01
5.161502000000000034e-01,3.295466088766482171e-01
5.162904000000000382e-01,3.295466181898738522e-01
5.164306000000000729e-01,3.295466274914622407e-01
5.165708000000001077e-01,3.295466367814258724e-01
5.167110000000001424e-01,3.295466460597771263e-01
5.168512000000001771e-01,3.295466553265283816e-01
5.169914000000002119e-01,3.295466645816920170e-01
5.171316000000002466e-01,3.295466738252804673e-01
5.172718000000002814e-01,3.295466830573060557e-01
5.174120000000003161e-01,3.295466922777811059e-01
5.175522000000003509e-01,3.295467014867180522e-01
5.176924000000003856e-01,3.295467106841291627e-01
5.178326000000004203e-01,3.295467198700267608e-01
5.179728000000004551e-01,3.295467290444231701e-01
5.180200000000000360e-01,3.295467321317903653e-01
5.181604000000000765e-01,3.295467413039001592e-01
5.183008000000001170e-01,3.295467504645228085e-01
5.184412000000001575e-01,3.295467596136706367e-01
5.185816000000001980e-01,3.295467687513559119e-01
5.187220000000002385e-01,3.295467778775909018e-01
5.188624000000002789e-01,3.295467869923878745e-01
5.190028000000003194e-01,3.295467960957590425e-01
5.191432000000003599e-01,3.295468051877166737e-01
5.192836000000004004e-01,3.295468142682729806e-01
5.194240000000004409e-01,3.295468233374401756e-01
5.195644000000004814e-01,3.295468323952304712e-01
5.197048000000005219e-01,3.295468414416560243e-01
5.198452000000005624e-01,3.295468504767291029e-01
5.199856000000006029e-01,3.295468595004618084e-01
5.200399999999999467e-01,3.295468629951355810e-01
5.201789999999999470e-01,3.295468719130315582e-01
5.203179999999999472e-01,3.295468808194306765e-01
5.204569999999999474e-01,3.295468897143455922e-01
5.205959999999999477e-01,3.295468985977889620e-01
5.207349999999999479e-01,3.295469074697734424e-01
5.208739999999999482e-01,3.295469163303115789e-01
5.210129999999999484e-01,3.295469251794160837e-01
5.211519999999999486e-01,3.295469340170995576e-01
5.212909999999999489e-01,3.295469428433746018e-01
5.214299999999999491e-01,3.295469516582537617e-01
5.215689999999999493e-01,3.295469604617496384e-01
5.217079999999999496e-01,3.295469692538747775e-01
5.218469999999999498e-01,3.295469780346417243e-01
5.219859999999999500e-01,3.295469868040630246e-01
5.219899999999999540e-01,3.295469870564111114e-01
5.221301999999999888e-01,3.295469958900428820e-01
5.222704000000000235e-01,3.295470047125190760e-01
5.224106000000000583e-01,3.295470135238517950e-01
5.225508000000000930e-01,3.295470223240529739e-01
5.226910000000001277e-01,3.295470311131347141e-01
5.228312000000001625e-01,3.295470398911090060e-01
5.229714000000001972e-01,3.295470486579877845e-01
5.231116000000002320e-01,3.295470574137830955e-01
5.232518000000002667e-01,3.295470661585068739e-01
5.233920000000003014e-01,3.295470748921711102e-01
5.235322000000003362e-01,3.295470836147877391e-01
5.236724000000003709e-01,3.295470923263687513e-01
5.238126000000004057e-01,3.295471010269260814e-01
5.239528000000004404e-01,3.295471097164716090e-01
5.240000000000000213e-01,3.295471126406633866e-01
5.241404000000000618e-01,3.295471213279647094e-01
5.242808000000001023e-01,3.295471300043474883e-01
5.244212000000001428e-01,3.295471386698234917e-01
5.245616000000001833e-01,3.295471473244043770e-01
5.247020000000002238e-01,3.295471559681018570e-01
5.248424000000002643e-01,3.295471646009276445e-01
5.249828000000003048e-01,3.295471732228934525e-01
5.251232000000003453e-01,3.295471818340109937e-01
5.252636000000003857e-01,3.295471904342918701e-01
5.254040000000004262e-01,3.295471990237477389e-01
5.255444000000004667e-01,3.295472076023903130e-01
5.256848000000005072e-01,3.295472161702311942e-01
5.258252000000005477e-01,3.295472247272819843e-01
5.259656000000005882e-01,3.295472332735543408e-01
5.260200000000000431e-01,3.295472365833135298e-01
5.261602000000000778e-01,3.295472451025213689e-01
5.263004000000001126e-01,3.295472536110176098e-01
5.264406000000001473e-01,3.295472621088137433e-01
5.265808000000001821e-01,3.295472705959213156e-01
5.267210000000002168e-01,3.295472790723517620e-01
5.268612000000002515e-01,3.295472875381166289e-01
5.270014000000002863e-01,3.295472959932273516e-01
5.271416000000003210e-01,3.295473044376954208e-01
5.272818000000003558e-01,3.295473128715322719e-01
5.274220000000003905e-01,3.295473212947493957e-01
5.275622000000004252e-01,3.295473297073581720e-01
5.277024000000004600e-01,3.295473381093700360e-01
5.278426000000004947e-01,3.295473465007964231e-01
5.279828000000005295e-01,3.295473548816487130e-01
5.280299999999999994e-01,3.295473577019648048e-01
5.281704000000000399e-01,3.295473660807524685e-01
5.283108000000000803e-01,3.295473744490934886e-01
5.284512000000001208e-01,3.295473828069990230e-01
5.285916000000001613e-01,3.295473911544801737e-01
5.287320000000002018e-01,3.295473994915480431e-01
5.288724000000002423e-01,3.295474078182137889e-01
5.290128000000002828e-01,3.295474161344885133e-01
5.291532000000003233e-01,3.295474244403832631e-01
5.292936000000003638e-01,3.295474327359091404e-01
5.294340000000004043e-01,3.295474410210772476e-01
5.295744000000004448e-01,3.295474492958985757e-01
5.297148000000004853e-01,3.295474575603842271e-01
5.298552000000005258e-01,3.295474658145452485e-01
5.299956000000005663e-01,3.295474740583926310e-01
5.300500000000000211e-01,3.295474772510426642e-01
5.301890000000000214e-01,3.295474853983760277e-01
5.303280000000000216e-01,3.295474935353636114e-01
5.304670000000000218e-01,3.295475016620166286e-01
5.306060000000000221e-01,3.295475097783463481e-01
5.307450000000000223e-01,3.295475178843639275e-01
5.308840000000000225e-01,3.295475259800806356e-01
5.310230000000000228e-01,3.295475340655076302e-01
5.311620000000000230e-01,3.295475421406561245e-01
5.313010000000000232e-01,3.295475502055372763e-01
5.314400000000000235e-01,3.295475582601622433e-01
5.315790000000000237e-01,3.295475663045421832e-01
5.317180000000000240e-01,3.295475743386883094e-01
5.318570000000000242e-01,3.295475823626117240e-01
5.319960000000000244e-01,3.295475903763235292e-01
5.320000000000000284e-01,3.295475906069255112e-01
5.321402000000000632e-01,3.295475986795706191e-01
5.322804000000000979e-01,3.295476067422725697e-01
5.324206000000001326e-01,3.295476147950419099e-01
5.325608000000001674e-01,3.295476228378890760e-01
5.327010000000002021e-01,3.295476308708245039e-01
5.328412000000002369e-01,3.295476388938586298e-01
5.329814000000002716e-01,3.295476469070019454e-01
5.331216000000003064e-01,3.295476549102648867e-01
5.332618000000003411e-01,3.295476629036578897e-01
5.334020000000003758e-01,3.295476708871913352e-01
5.335422000000004106e-01,3.295476788608756036e-01
5.336824000000004453e-01,3.295476868247211311e-01
5.338226000000004801e-01,3.295476947787382982e-01
5.339628000000005148e-01,3.295477027229375411e-01
5.340099999999999847e-01,3.295477053963348224e-01
5.341504000000000252e-01,3.295477133389034252e-01
5.342908000000000657e-01,3.295477212718265214e-01
5.344312000000001062e-01,3.295477291951141030e-01
5.345716000000001467e-01,3.295477371087762175e-01
5.347120000000001871e-01,3.295477450128228569e-01
5.348524000000002276e-01,3.295477529072640133e-01
5.349928000000002681e-01,3.295477607921096785e-01
5.351332000000003086e-01,3.295477686673698448e-01
5.352736000000003491e-01,3.295477765330544484e-01
5.354140000000003896e-01,3.295477843891734815e-01
5.355544000000004301e-01,3.295477922357369360e-01
5.356948000000004706e-01,3.295478000727547485e-01
5.358352000000005111e-01,3.295478079002367999e-01
5.359756000000005516e-01,3.295478157181930823e-01
5.360300000000000065e-01,3.295478187459436326e-01
5.361702000000000412e-01,3.295478265396825091e-01
5.363104000000000759e-01,3.295478343240333952e-01
5.364506000000001107e-01,3.295478420990059498e-01
5.365908000000001454e-01,3.295478498646098320e-01
5.367310000000001802e-01,3.295478576208547006e-01
5.368712000000002149e-01,3.295478653677502145e-01
5.370114000000002497e-01,3.295478731053060328e-01
5.371516000000002844e-01,3.295478808335318144e-01
5.372918000000003191e-01,3.295478885524371626e-01
5.374320000000003539e-01,3.295478962620317365e-01
5.375722000000003886e-01,3.295479039623250839e-01
5.377124000000004234e-01,3.295479116533268082e-01
5.378526000000004581e-01,3.295479193350465685e-01
5.379928000000004928e-01,3.295479270074939682e-01
5.380399999999999627e-01,3.295479295894645499e-01
5.381789999999999630e-01,3.295479371839043492e-01
5.383179999999999632e-01,3.295479447691090358e-01
5.384569999999999634e-01,3.295479523450882131e-01
5.385959999999999637e-01,3.295479599118514846e-01
5.387349999999999639e-01,3.295479674694085093e-01
5.388739999999999641e-01,3.295479750177687794e-01
5.390129999999999644e-01,3.295479825569419541e-01
5.391519999999999646e-01,3.295479900869375811e-01
5.392909999999999648e-01,3.295479976077652084e-01
5.394299999999999651e-01,3.295480051194343840e-01
5.395689999999999653e-01,3.295480126219547112e-01
5.397079999999999655e-01,3.295480201153356825e-01
5.398469999999999658e-01,3.295480275995868458e-01
5.399859999999999660e-01,3.295480350747177489e-01
5.399899999999999700e-01,3.295480352898219056e-01
5.401304000000000105e-01,3.295480428311305943e-01
5.402708000000000510e-01,3.295480503636017966e-01
5.404112000000000915e-01,3.295480578872443389e-01
5.405516000000001320e-01,3.295480654020671585e-01
5.406920000000001725e-01,3.295480729080790261e-01
5.408324000000002130e-01,3.295480804052888790e-01
5.409728000000002535e-01,3.295480878937054880e-01
5.411132000000002940e-01,3.295480953733377349e-01
5.412536000000003344e-01,3.295481028441943905e-01
5.413940000000003749e-01,3.295481103062843364e-01
5.415344000000004154e-01,3.295481177596163436e-01
5.416748000000004559e-01,3.295481252041992382e-01
5.418152000000004964e-01,3.295481326400417910e-01
5.419556000000005369e-01,3.295481400671527727e-01
5.420099999999999918e-01,3.295481429435838105e-01
5.421502000000000265e-01,3.295481503481145769e-01
5.422904000000000613e-01,3.295481577440296794e-01
5.424306000000000960e-01,3.295481651313376115e-01
5.425708000000001308e-01,3.295481725100470327e-01
5.427110000000001655e-01,3.295481798801664919e-01
5.428512000000002002e-01,3.295481872417045377e-01
5.429914000000002350e-01,3.295481945946697189e-01
5.431316000000002697e-01,3.295482019390706396e-01
5.432718000000003045e-01,3.295482092749157932e-01
5.434120000000003392e-01,3.295482166022137283e-01
5.435522000000003739e-01,3.295482239209729936e-01
5.436924000000004087e-01,3.295482312312020823e-01
5.438326000000004434e-01,3.295482385329095432e-01
5.439728000000004782e-01,3.295482458261038694e-01
5.440199999999999481e-01,3.295482482804803492e-01
5.441603999999999886e-01,3.295482555728202478e-01
5.443008000000000290e-01,3.295482628567782402e-01
5.444412000000000695e-01,3.295482701323625419e-01
5.445816000000001100e-01,3.295482773995814241e-01
5.447220000000001505e-01,3.295482846584431025e-01
5.448624000000001910e-01,3.295482919089558482e-01
5.450028000000002315e-01,3.295482991511278770e-01
5.451432000000002720e-01,3.295483063849674044e-01
5.452836000000003125e-01,3.295483136104826460e-01
5.454240000000003530e-01,3.295483208276818177e-01
5.455644000000003935e-01,3.295483280365730794e-01
5.457048000000004340e-01,3.295483352371646468e-01
5.458452000000004745e-01,3.295483424294647357e-01
5.459856000000005150e-01,3.295483496134815060e-01
5.460399999999999698e-01,3.295483523957894456e-01
5.461789999999999701e-01,3.295483594966714391e-01
5.463179999999999703e-01,3.295483665892378067e-01
5.464569999999999705e-01,3.295483736734968194e-01
5.465959999999999708e-01,3.295483807494569151e-01
5.467349999999999710e-01,3.295483878171263648e-01
5.468739999999999712e-01,3.295483948765134952e-01
5.470129999999999715e-01,3.295484019276266330e-01
5.471519999999999717e-01,3.295484089704741049e-01
5.472909999999999719e-01,3.295484160050641820e-01
5.474299999999999722e-01,3.295484230314051910e-01
5.475689999999999724e-01,3.295484300495054031e-01
5.477079999999999727e-01,3.295484370593731449e-01
5.478469999999999729e-01,3.295484440610166321e-01
5.479859999999999731e-01,3.295484510544441359e-01
5.479899999999999771e-01,3.295484512556870471e-01
5.481302000000000119e-01,3.295484583012035507e-01
5.482704000000000466e-01,3.295484653386803187e-01
5.484106000000000813e-01,3.295484723681252892e-01
5.485508000000001161e-01,3.295484793895462339e-01
5.486910000000001508e-01,3.295484864029510352e-01
5.488312000000001856e-01,3.295484934083475759e-01
5.489714000000002203e-01,3.295485004057436274e-01
5.491116000000002551e-01,3.295485073951470167e-01
5.492518000000002898e-01,3.295485143765656266e-01
5.493920000000003245e-01,3.295485213500072841e-01
5.495322000000003593e-01,3.295485283154797052e-01
5.496724000000003940e-01,3.295485352729907724e-01
5.498126000000004288e-01,3.295485422225482575e-01
5.499528000000004635e-01,3.295485491641599873e-01
5.500000000000000444e-01,3.295485515002362642e-01
5.501404000000000849e-01,3.295485584411912416e-01
5.502808000000001254e-01,3.295485653742717402e-01
5.504212000000001659e-01,3.295485722994854205e-01
5.505616000000002064e-01,3.295485792168399986e-01
5.507020000000002469e-01,3.295485861263430238e-01
5.508424000000002874e-01,3.295485930280022124e-01
5.509828000000003279e-01,3.295485999218251694e-01
5.511232000000003683e-01,3.295486068078195552e-01
5.512636000000004088e-01,3.295486136859929194e-01
5.514040000000004493e-01,3.295486205563529225e-01
5.515444000000004898e-01,3.295486274189071696e-01
5.516848000000005303e-01,3.295486342736632657e-01
5.518252000000005708e-01,3.295486411206288158e-01
5.519656000000006113e-01,3.295486479598113694e-01
5.520199999999999552e-01,3.295486506085834044e-01
5.521601999999999899e-01,3.295486574272492586e-01
5.523004000000000246e-01,3.295486642381577069e-01
5.524406000000000594e-01,3.295486710413163545e-01
5.525808000000000941e-01,3.295486778367326952e-01
5.527210000000001289e-01,3.295486846244143342e-01
5.528612000000001636e-01,3.295486914043687654e-01
5.530014000000001984e-01,3.295486981766035384e-01
5.531416000000002331e-01,3.295487049411262581e-01
5.532818000000002678e-01,3.295487116979443631e-01
5.534220000000003026e-01,3.295487184470654030e-01
5.535622000000003373e-01,3.295487251884969271e-01
5.537024000000003721e-01,3.295487319222464295e-01
5.538426000000004068e-01,3.295487386483214598e-01
5.539828000000004415e-01,3.295487453667294564e-01
5.540300000000000225e-01,3.295487476276930949e-01
5.541704000000000629e-01,3.295487543454792001e-01
5.543108000000001034e-01,3.295487610556500080e-01
5.544512000000001439e-01,3.295487677582129571e-01
5.545916000000001844e-01,3.295487744531753749e-01
5.547320000000002249e-01,3.295487811405446998e-01
5.548724000000002654e-01,3.295487878203283150e-01
5.550128000000003059e-01,3.295487944925335477e-01
5.551532000000003464e-01,3.295488011571678366e-01
5.552936000000003869e-01,3.295488078142385091e-01
5.554340000000004274e-01,3.295488144637529482e-01
5.555744000000004679e-01,3.295488211057184813e-01
5.557148000000005084e-01,3.295488277401424915e-01
5.558552000000005489e-01,3.295488343670323061e-01
5.559956000000005893e-01,3.295488409863952528e-01
5.560500000000000442e-01,3.295488435500333879e-01
5.561890000000000445e-01,3.295488500928904774e-01
5.563280000000000447e-01,3.295488566281397080e-01
5.564670000000000449e-01,3.295488631557886294e-01
5.566060000000000452e-01,3.295488696758448466e-01
5.567450000000000454e-01,3.295488761883159645e-01
5.568840000000000456e-01,3.295488826932095328e-01
5.570230000000000459e-01,3.295488891905331008e-01
5.571620000000000461e-01,3.295488956802942737e-01
5.573010000000000463e-01,3.295489021625005455e-01
5.574400000000000466e-01,3.295489086371594656e-01
5.575790000000000468e-01,3.295489151042785836e-01
5.577180000000000470e-01,3.295489215638653935e-01
5.578570000000000473e-01,3.295489280159274448e-01
5.579960000000000475e-01,3.295489344604722870e-01
5.580000000000000515e-01,3.295489346459206104e-01
5.581402000000000863e-01,3.295489411384920353e-01
5.582804000000001210e-01,3.295489476236790338e-01
5.584206000000001557e-01,3.295489541014887114e-01
5.585608000000001905e-01,3.295489605719282844e-01
5.587010000000002252e-01,3.295489670350050249e-01
5.588412000000002600e-01,3.295489734907260382e-01
5.589814000000002947e-01,3.295489799390985408e-01
5.591216000000003294e-01,3.295489863801296937e-01
5.592618000000003642e-01,3.295489928138266578e-01
5.594020000000003989e-01,3.295489992401966495e-01
5.595422000000004337e-01,3.295490056592467742e-01
5.596824000000004684e-01,3.295490120709842485e-01
5.598226000000005032e-01,3.295490184754161223e-01
5.599628000000005379e-01,3.295490248725496119e-01
5.600100000000000078e-01,3.295490270253941256e-01
5.601504000000000483e-01,3.295490334219456363e-01
5.602908000000000888e-01,3.295490398112554953e-01
5.604312000000001293e-01,3.295490461933306969e-01
5.605716000000001698e-01,3.295490525681782912e-01
5.607120000000002102e-01,3.295490589358052724e-01
5.608524000000002507e-01,3.295490652962186906e-01
5.609928000000002912e-01,3.295490716494255401e-01
5.611332000000003317e-01,3.295490779954328708e-01
5.612736000000003722e-01,3.295490843342476217e-01
5.614140000000004127e-01,3.295490906658768426e-01
5.615544000000004532e-01,3.295490969903274725e-01
5.616948000000004937e-01,3.295491033076065057e-01
5.618352000000005342e-01,3.295491096177209367e-01
5.619756000000005747e-01,3.295491159206777043e-01
5.620300000000000296e-01,3.295491183617751396e-01
5.621702000000000643e-01,3.295491246458518431e-01
5.623104000000000990e-01,3.295491309228015808e-01
5.624506000000001338e-01,3.295491371926312363e-01
5.625908000000001685e-01,3.295491434553477483e-01
5.627310000000002033e-01,3.295491497109580004e-01
5.628712000000002380e-01,3.295491559594689868e-01
5.630114000000002727e-01,3.295491622008875909e-01
5.631516000000003075e-01,3.295491684352206962e-01
5.632918000000003422e-01,3.295491746624752416e-01
5.634320000000003770e-01,3.295491808826581104e-01
5.635722000000004117e-01,3.295491870957761860e-01
5.637124000000004465e-01,3.295491933018364072e-01
5.638526000000004812e-01,3.295491995008456021e-01
5.639928000000005159e-01,3.295492056928106539e-01
5.640399999999999858e-01,3.295492077766115635e-01
5.641791999999999918e-01,3.295492139149814315e-01
5.643183999999999978e-01,3.295492200462813437e-01
5.644576000000000038e-01,3.295492261705183501e-01
5.645968000000000098e-01,3.295492322876994451e-01
5.647360000000000158e-01,3.295492383978315676e-01
5.648752000000000217e-01,3.295492445009216564e-01
5.650144000000000277e-01,3.295492505969767061e-01
5.651536000000000337e-01,3.295492566860037109e-01
5.652928000000000397e-01,3.295492627680096098e-01
5.654320000000000457e-01,3.295492688430013417e-01
5.655712000000000517e-01,3.295492749109858455e-01
5.657104000000000577e-01,3.295492809719700600e-01
5.658496000000000636e-01,3.295492870259609242e-01
5.659888000000000696e-01,3.295492930729653769e-01
5.659999999999999476e-01,3.295492935594607764e-01
5.661401999999999823e-01,3.295492996424776444e-01
5.662804000000000171e-01,3.295493057186382746e-01
5.664206000000000518e-01,3.295493117879493283e-01
5.665608000000000866e-01,3.295493178504174669e-01
5.667010000000001213e-01,3.295493239060492963e-01
5.668412000000001560e-01,3.295493299548514221e-01
5.669814000000001908e-01,3.295493359968304503e-01
5.671216000000002255e-01,3.295493420319930422e-01
5.672618000000002603e-01,3.295493480603457481e-01
5.674020000000002950e-01,3.295493540818951739e-01
5.675422000000003298e-01,3.295493600966479253e-01
5.676824000000003645e-01,3.295493661046105527e-01
5.678226000000003992e-01,3.295493721057896619e-01
5.679628000000004340e-01,3.295493781001918587e-01
5.680100000000000149e-01,3.295493801175111148e-01
5.681502000000000496e-01,3.295493861029112348e-01
5.682904000000000844e-01,3.295493920815957822e-01
5.684306000000001191e-01,3.295493980535712519e-01
5.685708000000001539e-01,3.295494040188440832e-01
5.687110000000001886e-01,3.295494099774207708e-01
5.688512000000002233e-01,3.295494159293077541e-01
5.689914000000002581e-01,3.295494218745114723e-01
5.691316000000002928e-01,3.295494278130384203e-01
5.692718000000003276e-01,3.295494337448949818e-01
5.694120000000003623e-01,3.295494396700875961e-01
5.695522000000003970e-01,3.295494455886227025e-01
5.696924000000004318e-01,3.295494515005067404e-01
5.698326000000004665e-01,3.295494574057461490e-01
5.699728000000005013e-01,3.295494633043472565e-01
5.700199999999999712e-01,3.295494652894296883e-01
5.701604000000000116e-01,3.295494711876458815e-01
5.703008000000000521e-01,3.295494770793053751e-01
5.704412000000000926e-01,3.295494829644144974e-01
5.705816000000001331e-01,3.295494888429794655e-01
5.707220000000001736e-01,3.295494947150064968e-01
5.708624000000002141e-01,3.295495005805018640e-01
5.710028000000002546e-01,3.295495064394718399e-01
5.711432000000002951e-01,3.295495122919226416e-01
5.712836000000003356e-01,3.295495181378604865e-01
5.714240000000003761e-01,3.295495239772915919e-01
5.715644000000004166e-01,3.295495298102222304e-01
5.717048000000004571e-01,3.295495356366585638e-01
5.718452000000004976e-01,3.295495414566068093e-01
5.719856000000005380e-01,3.295495472700731843e-01
5.720399999999999929e-01,3.295495495216119175e-01
5.721789999999999932e-01,3.295495552681100282e-01
5.723179999999999934e-01,3.295495610081000115e-01
5.724569999999999936e-01,3.295495667415882513e-01
5.725959999999999939e-01,3.295495724685810757e-01
5.727349999999999941e-01,3.295495781890848130e-01
5.728739999999999943e-01,3.295495839031057361e-01
5.730129999999999946e-01,3.295495896106501732e-01
5.731519999999999948e-01,3.295495953117244525e-01
5.732909999999999950e-01,3.295496010063348469e-01
5.734299999999999953e-01,3.295496066944876290e-01
5.735689999999999955e-01,3.295496123761891272e-01
5.737079999999999957e-01,3.295496180514456142e-01
5.738469999999999960e-01,3.295496237202633627e-01
5.739859999999999962e-01,3.295496293826487011e-01
5.739900000000000002e-01,3.295496295455897506e-01
5.741304000000000407e-01,3.295496352585504662e-01
5.742708000000000812e-01,3.295496409652481917e-01
5.744112000000001217e-01,3.295496466656887002e-01
5.745516000000001622e-01,3.295496523598779870e-01
5.746920000000002027e-01,3.295496580478219362e-01
5.748324000000002432e-01,3.295496637295264319e-01
5.749728000000002837e-01,3.295496694049973030e-01
5.751132000000003242e-01,3.295496750742404890e-01
5.752536000000003646e-01,3.295496807372618187e-01
5.753940000000004051e-01,3.295496863940671761e-01
5.755344000000004456e-01,3.295496920446623901e-01
5.756748000000004861e-01,3.295496976890533447e-01
5.758152000000005266e-01,3.295497033272459242e-01
5.759556000000005671e-01,3.295497089592459017e-01
5.760100000000000220e-01,3.295497111405162327e-01
5.761502000000000567e-01,3.295497167559633955e-01
5.762904000000000915e-01,3.295497223652806285e-01
5.764306000000001262e-01,3.295497279684737602e-01
5.765708000000001610e-01,3.295497335655484528e-01
5.767110000000001957e-01,3.295497391565105350e-01
5.768512000000002304e-01,3.295497447413656689e-01
5.769914000000002652e-01,3.295497503201196277e-01
5.771316000000002999e-01,3.295497558927780735e-01
5.772718000000003347e-01,3.295497614593468350e-01
5.774120000000003694e-01,3.295497670198315188e-01
5.775522000000004041e-01,3.295497725742379536e-01
5.776924000000004389e-01,3.295497781225717460e-01
5.778326000000004736e-01,3.295497836648386691e-01
5.779728000000005084e-01,3.295497892010443852e-01
5.780199999999999783e-01,3.295497910641874140e-01
5.781602000000000130e-01,3.295497965923601669e-01
5.783004000000000477e-01,3.295498021145448209e-01
5.784406000000000825e-01,3.295498076307469826e-01
5.785808000000001172e-01,3.295498131409721476e-01
5.787210000000001520e-01,3.295498186452259226e-01
5.788612000000001867e-01,3.295498241435139142e-01
5.790014000000002214e-01,3.295498296358416179e-01
5.791416000000002562e-01,3.295498351222145850e-01
5.792818000000002909e-01,3.295498406026384219e-01
5.794220000000003257e-01,3.295498460771186244e-01
5.795622000000003604e-01,3.295498515456607436e-01
5.797024000000003952e-01,3.295498570082702749e-01
5.798426000000004299e-01,3.295498624649528252e-01
5.799828000000004646e-01,3.295498679157138899e-01
5.800300000000000455e-01,3.295498697501068053e-01
5.801692000000000515e-01,3.295498751540890670e-01
5.803084000000000575e-01,3.295498805521546726e-01
5.804476000000000635e-01,3.295498859443092288e-01
5.805868000000000695e-01,3.295498913305582867e-01
5.807260000000000755e-01,3.295498967109073973e-01
5.808652000000000815e-01,3.295499020853620564e-01
5.810044000000000874e-01,3.295499074539279261e-01
5.811436000000000934e-01,3.295499128166104463e-01
5.812828000000000994e-01,3.295499181734152239e-01
5.814220000000001054e-01,3.295499235243478098e-01
5.815612000000001114e-01,3.295499288694136997e-01
5.817004000000001174e-01,3.295499342086183892e-01
5.818396000000001234e-01,3.295499395419674848e-01
5.819788000000001293e-01,3.295499448694664824e-01
5.819900000000000073e-01,3.295499452980779620e-01
5.821302000000000421e-01,3.295499506576458071e-01
5.822704000000000768e-01,3.295499560114893423e-01
5.824106000000001115e-01,3.295499613596138411e-01
5.825508000000001463e-01,3.295499667020245771e-01
5.826910000000001810e-01,3.295499720387267684e-01
5.828312000000002158e-01,3.295499773697256329e-01
5.829714000000002505e-01,3.295499826950264444e-01
5.831116000000002852e-01,3.295499880146344762e-01
5.832518000000003200e-01,3.295499933285548910e-01
5.833920000000003547e-01,3.295499986367929623e-01
5.835322000000003895e-01,3.295500039393539082e-01
5.836724000000004242e-01,3.295500092362429467e-01
5.838126000000004590e-01,3.295500145274652404e-01
5.839528000000004937e-01,3.295500198130260627e-01
5.839999999999999636e-01,3.295500215918317766e-01
5.841404000000000041e-01,3.295500268774270713e-01
5.842808000000000446e-01,3.295500321574294511e-01
5.844212000000000851e-01,3.295500374318440229e-01
5.845616000000001256e-01,3.295500427006757826e-01
5.847020000000001660e-01,3.295500479639298930e-01
5.848424000000002065e-01,3.295500532216114054e-01
5.849828000000002470e-01,3.295500584737254268e-01
5.851232000000002875e-01,3.295500637202769534e-01
5.852636000000003280e-01,3.295500689612710921e-01
5.854040000000003685e-01,3.295500741967129499e-01
5.855444000000004090e-01,3.295500794266075228e-01
5.856848000000004495e-01,3.295500846509598625e-01
5.858252000000004900e-01,3.295500898697750758e-01
5.859656000000005305e-01,3.295500950830581588e-01
5.860199999999999854e-01,3.295500971021896874e-01
5.861602000000000201e-01,3.295501023004088204e-01
5.863004000000000548e-01,3.295501074931343477e-01
5.864406000000000896e-01,3.295501126803712655e-01
5.865808000000001243e-01,3.295501178621245697e-01
5.867210000000001591e-01,3.295501230383993119e-01
5.868612000000001938e-01,3.295501282092004325e-01
5.870014000000002286e-01,3.295501333745329275e-01
5.871416000000002633e-01,3.295501385344016820e-01
5.872818000000002980e-01,3.295501436888117475e-01
5.874220000000003328e-01,3.295501488377681198e-01
5.875622000000003675e-01,3.295501539812756842e-01
5.877024000000004023e-01,3.295501591193394364e-01
5.878426000000004370e-01,3.295501642519643171e-01
5.879828000000004717e-01,3.295501693791553222e-01
5.880300000000000527e-01,3.295501711046697202e-01
5.881702000000000874e-01,3.295501762246375033e-01
5.883104000000001221e-01,3.295501813392152091e-01
5.884506000000001569e-01,3.295501864484077781e-01
5.885908000000001916e-01,3.295501915522199843e-01
5.887310000000002264e-01,3.295501966506567681e-01
5.888712000000002611e-01,3.295502017437230147e-01
5.890114000000002958e-01,3.295502068314235533e-01
5.891516000000003306e-01,3.295502119137632691e-01
5.892918000000003653e-01,3.295502169907469914e-01
5.894320000000004001e-01,3.295502220623796052e-01
5.895722000000004348e-01,3.295502271286659957e-01
5.897124000000004695e-01,3.295502321896109366e-01
5.898526000000005043e-01,3.295502372452193129e-01
5.899928000000005390e-01,3.295502422954959543e-01
5.900400000000000089e-01,3.295502439951278340e-01
5.901792000000000149e-01,3.295502490022458320e-01
5.903184000000000209e-01,3.295502540040130546e-01
5.904576000000000269e-01,3.295502590004344978e-01
5.905968000000000329e-01,3.295502639915150467e-01
5.907360000000000388e-01,3.295502689772596416e-01
5.908752000000000448e-01,3.295502739576731122e-01
5.910144000000000508e-01,3.295502789327604543e-01
5.911536000000000568e-01,3.295502839025265529e-01
5.912928000000000628e-01,3.295502888669762376e-01
5.914320000000000688e-01,3.295502938261144488e-01
5.915712000000000748e-01,3.295502987799461270e-01
5.917104000000000807e-01,3.295503037284761017e-01
5.918496000000000867e-01,3.295503086717092578e-01
5.919888000000000927e-01,3.295503136096504249e-01
5.919999999999999707e-01,3.295503140069218073e-01
5.921402000000000054e-01,3.295503189747034378e-01
5.922804000000000402e-01,3.295503239372851167e-01
5.924206000000000749e-01,3.295503288946714515e-01
5.925608000000001097e-01,3.295503338468672161e-01
5.927010000000001444e-01,3.295503387938770179e-01
5.928412000000001791e-01,3.295503437357055754e-01
5.929814000000002139e-01,3.295503486723575515e-01
5.931216000000002486e-01,3.295503536038376091e-01
5.932618000000002834e-01,3.295503585301504113e-01
5.934020000000003181e-01,3.295503634513006208e-01
5.935422000000003528e-01,3.295503683672929007e-01
5.936824000000003876e-01,3.295503732781318584e-01
5.938226000000004223e-01,3.295503781838222124e-01
5.939628000000004571e-01,3.295503830843685145e-01
5.940100000000000380e-01,3.295503847336131442e-01
5.941504000000000785e-01,3.295503896343128236e-01
5.942908000000001190e-01,3.295503945299128046e-01
5.944312000000001595e-01,3.295503994204176945e-01
5.945716000000001999e-01,3.295504043058320454e-01
5.947120000000002404e-01,3.295504091861604090e-01
5.948524000000002809e-01,3.295504140614073374e-01
5.949928000000003214e-01,3.295504189315773824e-01
5.951332000000003619e-01,3.295504237966750960e-01
5.952736000000004024e-01,3.295504286567050301e-01
5.954140000000004429e-01,3.295504335116717365e-01
5.955544000000004834e-01,3.295504383615797672e-01
5.956948000000005239e-01,3.295504432064336187e-01
5.958352000000005644e-01,3.295504480462378427e-01
5.959756000000006049e-01,3.295504528809969913e-01
5.960299999999999487e-01,3.295504547535370587e-01
5.961701999999999835e-01,3.295504595744312426e-01
5.963104000000000182e-01,3.295504643903028885e-01
5.964506000000000530e-01,3.295504692011564929e-01
5.965908000000000877e-01,3.295504740069965521e-01
5.967310000000001224e-01,3.295504788078276182e-01
5.968712000000001572e-01,3.295504836036541318e-01
5.970114000000001919e-01,3.295504883944805896e-01
5.971516000000002267e-01,3.295504931803114879e-01
5.972918000000002614e-01,3.295504979611512675e-01
5.974320000000002961e-01,3.295505027370044804e-01
5.975722000000003309e-01,3.295505075078755675e-01
5.977124000000003656e-01,3.295505122737690251e-01
5.978526000000004004e-01,3.295505170346892942e-01
5.979928000000004351e-01,3.295505217906408157e-01
5.980400000000000160e-01,3.295505233912257581e-01
5.981790000000000163e-01,3.295505280998076159e-01
5.983180000000000165e-01,3.295505328033890291e-01
5.984570000000000167e-01,3.295505375019744942e-01
5.985960000000000170e-01,3.295505421955686187e-01
5.987350000000000172e-01,3.295505468841759544e-01
5.988740000000000174e-01,3.295505515678010533e-01
5.990130000000000177e-01,3.295505562464485227e-01
5.991520000000000179e-01,3.295505609201228592e-01
5.992910000000000181e-01,3.295505655888286145e-01
5.994300000000000184e-01,3.295505702525703962e-01
5.995690000000000186e-01,3.295505749113527005e-01
5.997080000000000188e-01,3.295505795651800796e-01
5.998470000000000191e-01,3.295505842140570296e-01
5.999860000000000193e-01,3.295505888579881582e-01
5.999900000000000233e-01,3.295505889916223730e-01
6.001304000000000638e-01,3.295505936773395206e-01
6.002708000000001043e-01,3.295505983582172616e-01
6.004112000000001448e-01,3.295506030342599257e-01
6.005516000000001853e-01,3.295506077054717875e-01
6.006920000000002258e-01,3.295506123718571767e-01
6.008324000000002663e-01,3.295506170334203677e-01
6.009728000000003068e-01,3.295506216901656349e-01
6.011132000000003472e-01,3.295506263420973081e-01
6.012536000000003877e-01,3.295506309892196062e-01
6.013940000000004282e-01,3.295506356315368590e-01
6.015344000000004687e-01,3.295506402690533410e-01
6.016748000000005092e-01,3.295506449017733264e-01
6.018152000000005497e-01,3.295506495297010896e-01
6.019556000000005902e-01,3.295506541528408495e-01
6.020100000000000451e-01,3.295506559434245308e-01
6.021502000000000798e-01,3.295506605533591871e-01
6.022904000000001146e-01,3.295506651585300428e-01
6.024306000000001493e-01,3.295506697589413170e-01
6.025708000000001840e-01,3.295506743545972284e-01
6.027110000000002188e-01,3.295506789455020513e-01
6.028512000000002535e-01,3.295506835316600047e-01
6.029914000000002883e-01,3.295506881130753074e-01
6.031316000000003230e-01,3.295506926897521782e-01
6.032718000000003578e-01,3.295506972616948360e-01
6.034120000000003925e-01,3.295507018289074996e-01
6.035522000000004272e-01,3.295507063913943879e-01
6.036924000000004620e-01,3.295507109491597197e-01
6.038326000000004967e-01,3.295507155022076584e-01
6.039728000000005315e-01,3.295507200505424228e-01
6.040200000000000014e-01,3.295507215812596424e-01
6.041602000000000361e-01,3.295507261233271978e-01
6.043004000000000708e-01,3.295507306607174391e-01
6.044406000000001056e-01,3.295507351934345297e-01
6.045808000000001403e-01,3.295507397214825773e-01
6.047210000000001751e-01,3.295507442448658009e-01
6.048612000000002098e-01,3.295507487635882526e-01
6.050014000000002445e-01,3.295507532776541515e-01
6.051416000000002793e-01,3.295507577870676053e-01
6.052818000000003140e-01,3.295507622918327217e-01
6.054220000000003488e-01,3.295507667919536088e-01
6.055622000000003835e-01,3.295507712874344297e-01
6.057024000000004182e-01,3.295507757782792924e-01
6.058426000000004530e-01,3.295507802644923045e-01
6.059828000000004877e-01,3.295507847460776296e-01
6.060299999999999576e-01,3.295507862543324840e-01
6.061691999999999636e-01,3.295507906977609425e-01
6.063083999999999696e-01,3.295507951365483912e-01
6.064475999999999756e-01,3.295507995706989379e-01
6.065867999999999816e-01,3.295508040002168015e-01
6.067259999999999875e-01,3.295508084251061454e-01
6.068651999999999935e-01,3.295508128453710772e-01
6.070043999999999995e-01,3.295508172610158715e-01
6.071436000000000055e-01,3.295508216720446359e-01
6.072828000000000115e-01,3.295508260784614785e-01
6.074220000000000175e-01,3.295508304802706179e-01
6.075612000000000235e-01,3.295508348774761620e-01
6.077004000000000294e-01,3.295508392700822742e-01
6.078396000000000354e-01,3.295508436580931177e-01
6.079788000000000414e-01,3.295508480415128005e-01
6.079900000000000304e-01,3.295508483941720357e-01
6.081302000000000652e-01,3.295508528042019325e-01
6.082704000000000999e-01,3.295508572097278210e-01
6.084106000000001346e-01,3.295508616107536426e-01
6.085508000000001694e-01,3.295508660072833385e-01
6.086910000000002041e-01,3.295508703993209054e-01
6.088312000000002389e-01,3.295508747868702848e-01
6.089714000000002736e-01,3.295508791699354179e-01
6.091116000000003083e-01,3.295508835485202459e-01
6.092518000000003431e-01,3.295508879226287657e-01
6.093920000000003778e-01,3.295508922922648631e-01
6.095322000000004126e-01,3.295508966574324794e-01
6.096724000000004473e-01,3.295509010181355558e-01
6.098126000000004820e-01,3.295509053743780892e-01
6.099528000000005168e-01,3.295509097261639653e-01
6.099999999999999867e-01,3.295509111907397037e-01
6.101404000000000272e-01,3.295509155428202885e-01
6.102808000000000677e-01,3.295509198904931214e-01
6.104212000000001082e-01,3.295509242337620326e-01
6.105616000000001486e-01,3.295509285726308524e-01
6.107020000000001891e-01,3.295509329071034665e-01
6.108424000000002296e-01,3.295509372371836498e-01
6.109828000000002701e-01,3.295509415628752881e-01
6.111232000000003106e-01,3.295509458841822115e-01
6.112636000000003511e-01,3.295509502011082503e-01
6.114040000000003916e-01,3.295509545136572349e-01
6.115444000000004321e-01,3.295509588218329400e-01
6.116848000000004726e-01,3.295509631256392513e-01
6.118252000000005131e-01,3.295509674250799437e-01
6.119656000000005536e-01,3.295509717201589028e-01
6.120200000000000085e-01,3.295509733836946009e-01
6.121602000000000432e-01,3.295509776666342705e-01
6.123004000000000779e-01,3.295509819452434042e-01
6.124406000000001127e-01,3.295509862195257766e-01
6.125808000000001474e-01,3.295509904894851627e-01
6.127210000000001822e-01,3.295509947551253371e-01
6.128612000000002169e-01,3.295509990164500191e-01
6.130014000000002516e-01,3.295510032734630390e-01
6.131416000000002864e-01,3.295510075261681160e-01
6.132818000000003211e-01,3.295510117745690248e-01
6.134220000000003559e-01,3.295510160186695403e-01
6.135622000000003906e-01,3.295510202584733817e-01
6.137024000000004254e-01,3.295510244939842681e-01
6.138426000000004601e-01,3.295510287252060300e-01
6.139828000000004948e-01,3.295510329521423309e-01
6.140299999999999647e-01,3.295510343747053428e-01
6.141701999999999995e-01,3.295510385959509736e-01
6.143104000000000342e-01,3.295510428129514446e-01
6.144506000000000689e-01,3.295510470257105307e-01
6.145908000000001037e-01,3.295510512342318399e-01
6.147310000000001384e-01,3.295510554385190360e-01
6.148712000000001732e-01,3.295510596385758384e-01
6.150114000000002079e-01,3.295510638344058552e-01
6.151516000000002427e-01,3.295510680260128056e-01
6.152918000000002774e-01,3.295510722134003534e-01
6.154320000000003121e-01,3.295510763965721623e-01
6.155722000000003469e-01,3.295510805755318962e-01
6.157124000000003816e-01,3.295510847502831631e-01
6.158526000000004164e-01,3.295510889208296823e-01
6.159928000000004511e-01,3.295510930871750621e-01
6.160400000000000320e-01,3.295510944893489391e-01
6.161792000000000380e-01,3.295510986203632475e-01
6.163184000000000440e-01,3.295511027471707544e-01
6.164576000000000500e-01,3.295511068697751789e-01
6.165968000000000560e-01,3.295511109881802403e-01
6.167360000000000619e-01,3.295511151023896024e-01
6.168752000000000679e-01,3.295511192124069288e-01
6.170144000000000739e-01,3.295511233182359390e-01
6.171536000000000799e-01,3.295511274198802965e-01
6.172928000000000859e-01,3.295511315173436651e-01
6.174320000000000919e-01,3.295511356106297640e-01
6.175712000000000979e-01,3.295511396997422571e-01
6.177104000000001038e-01,3.295511437846847524e-01
6.178496000000001098e-01,3.295511478654609694e-01
6.179888000000001158e-01,3.295511519420745716e-01
6.179999999999999938e-01,3.295511522700510509e-01
6.181402000000000285e-01,3.295511563715302628e-01
6.182804000000000633e-01,3.295511604689297380e-01
6.184206000000000980e-01,3.295511645622529739e-01
6.185608000000001327e-01,3.295511686515034677e-01
6.187010000000001675e-01,3.295511727366847166e-01
6.188412000000002022e-01,3.295511768178002177e-01
6.189814000000002370e-01,3.295511808948534127e-01
6.191216000000002717e-01,3.295511849678478544e-01
6.192618000000003065e-01,3.295511890367869845e-01
6.194020000000003412e-01,3.295511931016743001e-01
6.195422000000003759e-01,3.295511971625132985e-01
6.196824000000004107e-01,3.295512012193074214e-01
6.198226000000004454e-01,3.295512052720601659e-01
6.199628000000004802e-01,3.295512093207749738e-01
6.200099999999999500e-01,3.295512106833656252e-01
6.201503999999999905e-01,3.295512147324990426e-01
6.202908000000000310e-01,3.295512187776393764e-01
6.204312000000000715e-01,3.295512228187899573e-01
6.205716000000001120e-01,3.295512268559542268e-01
6.207120000000001525e-01,3.295512308891355713e-01
6.208524000000001930e-01,3.295512349183374323e-01
6.209928000000002335e-01,3.295512389435631406e-01
6.211332000000002740e-01,3.295512429648160824e-01
6.212736000000003145e-01,3.295512469820996437e-01
6.214140000000003550e-01,3.295512509954172109e-01
6.215544000000003955e-01,3.295512550047721700e-01
6.216948000000004360e-01,3.295512590101679073e-01
6.218352000000004765e-01,3.295512630116077535e-01
6.219756000000005169e-01,3.295512670090950946e-01
6.220299999999999718e-01,3.295512685573860345e-01
6.221702000000000066e-01,3.295512725437214074e-01
6.223104000000000413e-01,3.295512765261309762e-01
6.224506000000000761e-01,3.295512805046181271e-01
6.225908000000001108e-01,3.295512844791861351e-01
6.227310000000001455e-01,3.295512884498383310e-01
6.228712000000001803e-01,3.295512924165780455e-01
6.230114000000002150e-01,3.295512963794086092e-01
6.231516000000002498e-01,3.295513003383333528e-01
6.232918000000002845e-01,3.295513042933555514e-01
6.234320000000003192e-01,3.295513082444785913e-01
6.235722000000003540e-01,3.295513121917057475e-01
6.237124000000003887e-01,3.295513161350403508e-01
6.238526000000004235e-01,3.295513200744857318e-01
6.239928000000004582e-01,3.295513240100451657e-01
6.240400000000000391e-01,3.295513253345579430e-01
6.241790000000000393e-01,3.295513292312279852e-01
6.243180000000000396e-01,3.295513331239935950e-01
6.244570000000000398e-01,3.295513370128581032e-01
6.245960000000000401e-01,3.295513408978249514e-01
6.247350000000000403e-01,3.295513447788974704e-01
6.248740000000000405e-01,3.295513486560790462e-01
6.250130000000000408e-01,3.295513525293730095e-01
6.251520000000000410e-01,3.295513563987827466e-01
6.252910000000000412e-01,3.295513602643115880e-01
6.254300000000000415e-01,3.295513641259629201e-01
6.255690000000000417e-01,3.295513679837401289e-01
6.257080000000000419e-01,3.295513718376464896e-01
6.258470000000000422e-01,3.295513756876853884e-01
6.259860000000000424e-01,3.295513795338602114e-01
6.259900000000000464e-01,3.295513796445383448e-01
6.261304000000000869e-01,3.295513835255594604e-01
6.262708000000001274e-01,3.295513874028038193e-01
6.264112000000001679e-01,3.295513912762745856e-01
6.265516000000002084e-01,3.295513951459749236e-01
6.266920000000002489e-01,3.295513990119080527e-01
6.268324000000002894e-01,3.295514028740770818e-01
6.269728000000003298e-01,3.295514067324852303e-01
6.271132000000003703e-01,3.295514105871356070e-01
6.272536000000004108e-01,3.295514144380314314e-01
6.273940000000004513e-01,3.295514182851757568e-01
6.275344000000004918e-01,3.295514221285718026e-01
6.276748000000005323e-01,3.295514259682227332e-01
6.278152000000005728e-01,3.295514298041317125e-01
6.279556000000006133e-01,3.295514336363018493e-01
6.280099999999999572e-01,3.295514351205703352e-01
6.281501999999999919e-01,3.295514389421146939e-01
6.282904000000000266e-01,3.295514427599411378e-01
6.284306000000000614e-01,3.295514465740527754e-01
6.285708000000000961e-01,3.295514503844527154e-01
6.287110000000001309e-01,3.295514541911441220e-01
6.288512000000001656e-01,3.295514579941300481e-01
6.289914000000002003e-01,3.295514617934136026e-01
6.291316000000002351e-01,3.295514655889979494e-01
6.292718000000002698e-01,3.295514693808861417e-01
6.294120000000003046e-01,3.295514731690812882e-01
6.295522000000003393e-01,3.295514769535865529e-01
6.296924000000003740e-01,3.295514807344049890e-01
6.298326000000004088e-01,3.295514845115397606e-01
6.299728000000004435e-01,3.295514882849938654e-01
6.300200000000000244e-01,3.295514895549552237e-01
6.301604000000000649e-01,3.295514933289027115e-01
6.303008000000001054e-01,3.295514970992038384e-01
6.304412000000001459e-01,3.295515008658616574e-01
6.305816000000001864e-01,3.295515046288792216e-01
6.307220000000002269e-01,3.295515083882595841e-01
6.308624000000002674e-01,3.295515121440056872e-01
6.310028000000003079e-01,3.295515158961206392e-01
6.311432000000003484e-01,3.295515196446074380e-01
6.312836000000003889e-01,3.295515233894691365e-01
6.314240000000004294e-01,3.295515271307087324e-01
6.315644000000004699e-01,3.295515308683292788e-01
6.317048000000005104e-01,3.295515346023337733e-01
6.318452000000005508e-01,3.295515383327252690e-01
6.319856000000005913e-01,3.295515420595067635e-01
6.320400000000000462e-01,3.295515435029602314e-01
6.321790000000000465e-01,3.295515471875540281e-01
6.323180000000000467e-01,3.295515508685087913e-01
6.324570000000000469e-01,3.295515545458276851e-01
6.325960000000000472e-01,3.295515582195138182e-01
6.327350000000000474e-01,3.295515618895702437e-01
6.328740000000000476e-01,3.295515655560001256e-01
6.330130000000000479e-01,3.295515692188065171e-01
6.331520000000000481e-01,3.295515728779924713e-01
6.332910000000000483e-01,3.295515765335611524e-01
6.334300000000000486e-01,3.295515801855156135e-01
6.335690000000000488e-01,3.295515838338589076e-01
6.337080000000000490e-01,3.295515874785941990e-01
6.338470000000000493e-01,3.295515911197244852e-01
6.339860000000000495e-01,3.295515947572528748e-01
6.339900000000000535e-01,3.295515948619269775e-01
6.341302000000000882e-01,3.295515985272201021e-01
6.342704000000001230e-01,3.295516021889822733e-01
6.344106000000001577e-01,3.295516058472163778e-01
6.345508000000001925e-01,3.295516095019254132e-01
6.346910000000002272e-01,3.295516131531122661e-01
6.348312000000002620e-01,3.295516168007798785e-01
6.349714000000002967e-01,3.295516204449311926e-01
6.351116000000003314e-01,3.295516240855691503e-01
6.352518000000003662e-01,3.295516277226966939e-01
6.353920000000004009e-01,3.295516313563166544e-01
6.355322000000004357e-01,3.295516349864320294e-01
6.356724000000004704e-01,3.295516386130457054e-01
6.358126000000005051e-01,3.295516422361606246e-01
6.359528000000005399e-01,3.295516458557796735e-01
6.360000000000000098e-01,3.295516470739715542e-01
6.361404000000000503e-01,3.295516506941087997e-01
6.362808000000000908e-01,3.295516543107815388e-01
6.364212000000001312e-01,3.295516579239926025e-01
6.365616000000001717e-01,3.295516615337448774e-01
6.367020000000002122e-01,3.295516651400411945e-01
6.368424000000002527e-01,3.295516687428844405e-01
6.369828000000002932e-01,3.295516723422775018e-01
6.371232000000003337e-01,3.295516759382231542e-01
6.372636000000003742e-01,3.295516795307242841e-01
6.374040000000004147e-01,3.295516831197837782e-01
6.375444000000004552e-01,3.295516867054044119e-01
6.376848000000004957e-01,3.295516902875890719e-01
6.378252000000005362e-01,3.295516938663405893e-01
6.379656000000005767e-01,3.295516974416618505e-01
6.380200000000000315e-01,3.295516988264567959e-01
6.381602000000000663e-01,3.295517023919424804e-01
6.383004000000001010e-01,3.295517059540149507e-01
6.384406000000001358e-01,3.295517095126770379e-01
6.385808000000001705e-01,3.295517130679315732e-01
6.387210000000002053e-01,3.295517166197813319e-01
6.388612000000002400e-01,3.295517201682292008e-01
6.390014000000002747e-01,3.295517237132778998e-01
6.391416000000003095e-01,3.295517272549303156e-01
6.392818000000003442e-01,3.295517307931892237e-01
6.394220000000003790e-01,3.295517343280573996e-01
6.395622000000004137e-01,3.295517378595377300e-01
6.397024000000004484e-01,3.295517413876329904e-01
6.398426000000004832e-01,3.295517449123459564e-01
6.399828000000005179e-01,3.295517484336794589e-01
6.400299999999999878e-01,3.295517496187955198e-01
6.401704000000000283e-01,3.295517531406617628e-01
6.403108000000000688e-01,3.295517566591789627e-01
6.404512000000001093e-01,3.295517601743498948e-01
6.405916000000001498e-01,3.295517636861772792e-01
6.407320000000001903e-01,3.295517671946638361e-01
6.408724000000002308e-01,3.295517706998122853e-01
6.410128000000002713e-01,3.295517742016254581e-01
6.411532000000003118e-01,3.295517777001060189e-01
6.412936000000003522e-01,3.295517811952567433e-01
6.414340000000003927e-01,3.295517846870804068e-01
6.415744000000004332e-01,3.295517881755796741e-01
6.417148000000004737e-01,3.295517916607573206e-01
6.418552000000005142e-01,3.295517951426161218e-01
6.419956000000005547e-01,3.295517986211587425e-01
6.420500000000000096e-01,3.295517999684725585e-01
6.421890000000000098e-01,3.295518034077122849e-01
6.423280000000000101e-01,3.295518068436096293e-01
6.424670000000000103e-01,3.295518102761673673e-01
6.426060000000000105e-01,3.295518137053883301e-01
6.427450000000000108e-01,3.295518171312752931e-01
6.428840000000000110e-01,3.295518205538310874e-01
6.430230000000000112e-01,3.295518239730584886e-01
6.431620000000000115e-01,3.295518273889602723e-01
6.433010000000000117e-01,3.295518308015392694e-01
6.434400000000000119e-01,3.295518342107982557e-01
6.435790000000000122e-01,3.295518376167400620e-01
6.437180000000000124e-01,3.295518410193674641e-01
6.438570000000000126e-01,3.295518444186832374e-01
6.439960000000000129e-01,3.295518478146901575e-01
6.440000000000000169e-01,3.295518479124142641e-01
6.441402000000000516e-01,3.295518513343980160e-01
6.442804000000000864e-01,3.295518547531391951e-01
6.444206000000001211e-01,3.295518581686404658e-01
6.445608000000001558e-01,3.295518615809044927e-01
6.447010000000001906e-01,3.295518649899339403e-01
6.448412000000002253e-01,3.295518683957314177e-01
6.449814000000002601e-01,3.295518717982995893e-01
6.451216000000002948e-01,3.295518751976411198e-01
6.452618000000003295e-01,3.295518785937586737e-01
6.454020000000003643e-01,3.295518819866548044e-01
6.455422000000003990e-01,3.295518853763322320e-01
6.456824000000004338e-01,3.295518887627935656e-01
6.458226000000004685e-01,3.295518921460414696e-01
6.459628000000005033e-01,3.295518955260785532e-01
6.460099999999999731e-01,3.295518966636445946e-01
6.461504000000000136e-01,3.295519000442387325e-01
6.462908000000000541e-01,3.295519034216526921e-01
6.464312000000000946e-01,3.295519067958891379e-01
6.465716000000001351e-01,3.295519101669505679e-01
6.467120000000001756e-01,3.295519135348395912e-01
6.468524000000002161e-01,3.295519168995588166e-01
6.469928000000002566e-01,3.295519202611107978e-01
6.471332000000002971e-01,3.295519236194980883e-01
6.472736000000003376e-01,3.295519269747232971e-01
6.474140000000003781e-01,3.295519303267889777e-01
6.475544000000004186e-01,3.295519336756977391e-01
6.476948000000004591e-01,3.295519370214521349e-01
6.478352000000004995e-01,3.295519403640546630e-01
6.479756000000005400e-01,3.295519437035079324e-01
6.480299999999999949e-01,3.295519449969546155e-01
6.481702000000000297e-01,3.295519483272991712e-01
6.483104000000000644e-01,3.295519516545123984e-01
6.484506000000000991e-01,3.295519549785968505e-01
6.485908000000001339e-01,3.295519582995550256e-01
6.487310000000001686e-01,3.295519616173894772e-01
6.488712000000002034e-01,3.295519649321027589e-01
6.490114000000002381e-01,3.295519682436974240e-01
6.491516000000002728e-01,3.295519715521759707e-01
6.492918000000003076e-01,3.295519748575409524e-01
6.494320000000003423e-01,3.295519781597949227e-01
6.495722000000003771e-01,3.295519814589403795e-01
6.497124000000004118e-01,3.295519847549798209e-01
6.498526000000004466e-01,3.295519880479158559e-01
6.499928000000004813e-01,3.295519913377509824e-01
6.500399999999999512e-01,3.295519924449619165e-01
6.501789999999999514e-01,3.295519957024844460e-01
6.503179999999999517e-01,3.295519989568898023e-01
6.504569999999999519e-01,3.295520022081805944e-01
6.505959999999999521e-01,3.295520054563593204e-01
6.507349999999999524e-01,3.295520087014285893e-01
6.508739999999999526e-01,3.295520119433910100e-01
6.510129999999999528e-01,3.295520151822491361e-01
6.511519999999999531e-01,3.295520184180055212e-01
6.512909999999999533e-01,3.295520216506627187e-01
6.514299999999999535e-01,3.295520248802233376e-01
6.515689999999999538e-01,3.295520281066899315e-01
6.517079999999999540e-01,3.295520313300650539e-01
6.518469999999999542e-01,3.295520345503512583e-01
6.519859999999999545e-01,3.295520377675510981e-01
6.519899999999999585e-01,3.295520378601298761e-01
6.521303999999999990e-01,3.295520411066248934e-01
6.522708000000000395e-01,3.295520443501036567e-01
6.524112000000000799e-01,3.295520475905686641e-01
6.525516000000001204e-01,3.295520508280223027e-01
6.526920000000001609e-01,3.295520540624670147e-01
6.528324000000002014e-01,3.295520572939051873e-01
6.529728000000002419e-01,3.295520605223392074e-01
6.531132000000002824e-01,3.295520637477715731e-01
6.532536000000003229e-01,3.295520669702046157e-01
6.533940000000003634e-01,3.295520701896408333e-01
6.535344000000004039e-01,3.295520734060826129e-01
6.536748000000004444e-01,3.295520766195322859e-01
6.538152000000004849e-01,3.295520798299923504e-01
6.539556000000005254e-01,3.295520830374651378e-01
6.540099999999999802e-01,3.295520842797983740e-01
6.541502000000000150e-01,3.295520874785750065e-01
6.542904000000000497e-01,3.295520906743820144e-01
6.544306000000000845e-01,3.295520938672218403e-01
6.545708000000001192e-01,3.295520970570968156e-01
6.547110000000001540e-01,3.295521002440093827e-01
6.548512000000001887e-01,3.295521034279618178e-01
6.549914000000002234e-01,3.295521066089566187e-01
6.551316000000002582e-01,3.295521097869960614e-01
6.552718000000002929e-01,3.295521129620825884e-01
6.554120000000003277e-01,3.295521161342185312e-01
6.555522000000003624e-01,3.295521193034062768e-01
6.556924000000003971e-01,3.295521224696482121e-01
6.558326000000004319e-01,3.295521256329466686e-01
6.559728000000004666e-01,3.295521287933040333e-01
6.560200000000000475e-01,3.295521298569428215e-01
6.561604000000000880e-01,3.295521330179035924e-01
6.563008000000001285e-01,3.295521361759527479e-01
6.564412000000001690e-01,3.295521393310926195e-01
6.565816000000002095e-01,3.295521424833255386e-01
6.567220000000002500e-01,3.295521456326537812e-01
6.568624000000002905e-01,3.295521487790796789e-01
6.570028000000003310e-01,3.295521519226055629e-01
6.571432000000003715e-01,3.295521550632337648e-01
6.572836000000004120e-01,3.295521582009665607e-01
6.574240000000004525e-01,3.295521613358062818e-01
6.575644000000004930e-01,3.295521644677552042e-01
6.577048000000005334e-01,3.295521675968156594e-01
6.578452000000005739e-01,3.295521707229899233e-01
6.579856000000006144e-01,3.295521738462803274e-01
6.580399999999999583e-01,3.295521750560114205e-01
6.581789999999999585e-01,3.295521781441452802e-01
6.583179999999999588e-01,3.295521812293745745e-01
6.584569999999999590e-01,3.295521843117016347e-01
6.585959999999999592e-01,3.295521873911287924e-01
6.587349999999999595e-01,3.295521904676584901e-01
6.588739999999999597e-01,3.295521935412930037e-01
6.590129999999999599e-01,3.295521966120347201e-01
6.591519999999999602e-01,3.295521996798860265e-01
6.592909999999999604e-01,3.295522027448492541e-01
6.594299999999999606e-01,3.295522058069267346e-01
6.595689999999999609e-01,3.295522088661207993e-01
6.597079999999999611e-01,3.295522119224338353e-01
6.598469999999999613e-01,3.295522149758682295e-01
6.599859999999999616e-01,3.295522180264262579e-01
6.599899999999999656e-01,3.295522181142097606e-01
6.601302000000000003e-01,3.295522211881999897e-01
6.602704000000000351e-01,3.295522242593723061e-01
6.604106000000000698e-01,3.295522273277289860e-01
6.605508000000001045e-01,3.295522303932723052e-01
6.606910000000001393e-01,3.295522334560044286e-01
6.608312000000001740e-01,3.295522365159276323e-01
6.609714000000002088e-01,3.295522395730440812e-01
6.611116000000002435e-01,3.295522426273560512e-01
6.612518000000002782e-01,3.295522456788657628e-01
6.613920000000003130e-01,3.295522487275754364e-01
6.615322000000003477e-01,3.295522517734872925e-01
6.616724000000003825e-01,3.295522548166035515e-01
6.618126000000004172e-01,3.295522578569264338e-01
6.619528000000004520e-01,3.295522608944581600e-01
6.620000000000000329e-01,3.295522619167632339e-01
6.621404000000000734e-01,3.295522649549214589e-01
6.622808000000001138e-01,3.295522679903157837e-01
6.624212000000001543e-01,3.295522710229483732e-01
6.625616000000001948e-01,3.295522740528213923e-01
6.627020000000002353e-01,3.295522770799370615e-01
6.628424000000002758e-01,3.295522801042974903e-01
6.629828000000003163e-01,3.295522831259048435e-01
6.631232000000003568e-01,3.295522861447613416e-01
6.632636000000003973e-01,3.295522891608691496e-01
6.634040000000004378e-01,3.295522921742303768e-01
6.635444000000004783e-01,3.295522951848471882e-01
6.636848000000005188e-01,3.295522981927218042e-01
6.638252000000005593e-01,3.295523011978563344e-01
6.639656000000005998e-01,3.295523042002529990e-01
6.640200000000000546e-01,3.295523053631639887e-01
6.641602000000000894e-01,3.295523083574996570e-01
6.643004000000001241e-01,3.295523113491121703e-01
6.644406000000001589e-01,3.295523143380036379e-01
6.645808000000001936e-01,3.295523173241762249e-01
6.647210000000002283e-01,3.295523203076320407e-01
6.648612000000002631e-01,3.295523232883732501e-01
6.650014000000002978e-01,3.295523262664020181e-01
6.651416000000003326e-01,3.295523292417203987e-01
6.652818000000003673e-01,3.295523322143306122e-01
6.654220000000004021e-01,3.295523351842347681e-01
6.655622000000004368e-01,3.295523381514349759e-01
6.657024000000004715e-01,3.295523411159334004e-01
6.658426000000005063e-01,3.295523440777321511e-01
6.659828000000005410e-01,3.295523470368333374e-01
6.660300000000000109e-01,3.295523480327444132e-01
6.661704000000000514e-01,3.295523509924835337e-01
6.663108000000000919e-01,3.295523539495503473e-01
6.664512000000001324e-01,3.295523569039469636e-01
6.665916000000001729e-01,3.295523598556754918e-01
6.667320000000002134e-01,3.295523628047379860e-01
6.668724000000002539e-01,3.295523657511365556e-01
6.670128000000002944e-01,3.295523686948732545e-01
6.671532000000003348e-01,3.295523716359501920e-01
6.672936000000003753e-01,3.295523745743694777e-01
6.674340000000004158e-01,3.295523775101331099e-01
6.675744000000004563e-01,3.295523804432432535e-01
6.677148000000004968e-01,3.295523833737019070e-01
6.678552000000005373e-01,3.295523863015111798e-01
6.679956000000005778e-01,3.295523892266731258e-01
6.680500000000000327e-01,3.295523903596719872e-01
6.681890000000000329e-01,3.295523932519797694e-01
6.683280000000000332e-01,3.295523961416187975e-01
6.684670000000000334e-01,3.295523990285911808e-01
6.686060000000000336e-01,3.295524019128990290e-01
6.687450000000000339e-01,3.295524047945444512e-01
6.688840000000000341e-01,3.295524076735296126e-01
6.690230000000000343e-01,3.295524105498566225e-01
6.691620000000000346e-01,3.295524134235275904e-01
6.693010000000000348e-01,3.295524162945446811e-01
6.694400000000000350e-01,3.295524191629100041e-01
6.695790000000000353e-01,3.295524220286256689e-01
6.697180000000000355e-01,3.295524248916937848e-01
6.698570000000000357e-01,3.295524277521165168e-01
6.699960000000000360e-01,3.295524306098959189e-01
6.700000000000000400e-01,3.295524306921320257e-01
6.701402000000000747e-01,3.295524335719129949e-01
6.702804000000001095e-01,3.295524364491027591e-01
6.704206000000001442e-01,3.295524393237033167e-01
6.705608000000001789e-01,3.295524421957167216e-01
6.707010000000002137e-01,3.295524450651449722e-01
6.708412000000002484e-01,3.295524479319901223e-01
6.709814000000002832e-01,3.295524507962541705e-01
6.711216000000003179e-01,3.295524536579390595e-01
6.712618000000003526e-01,3.295524565170468989e-01
6.714020000000003874e-01,3.295524593735796315e-01
6.715422000000004221e-01,3.295524622275393112e-01
6.716824000000004569e-01,3.295524650789278809e-01
6.718226000000004916e-01,3.295524679277473945e-01
6.719628000000005263e-01,3.295524707739998505e-01
6.720099999999999962e-01,3.295524717319338603e-01
6.721504000000000367e-01,3.295524745788356857e-01
6.722908000000000772e-01,3.295524774231936016e-01
6.724312000000001177e-01,3.295524802650094953e-01
6.725716000000001582e-01,3.295524831042854208e-01
6.727120000000001987e-01,3.295524859410233209e-01
6.728524000000002392e-01,3.295524887752251941e-01
6.729928000000002797e-01,3.295524916068929278e-01
6.731332000000003202e-01,3.295524944360285202e-01
6.732736000000003607e-01,3.295524972626339699e-01
6.734140000000004012e-01,3.295525000867112198e-01
6.735544000000004417e-01,3.295525029082622126e-01
6.736948000000004821e-01,3.295525057272888914e-01
6.738352000000005226e-01,3.295525085437931989e-01
6.739756000000005631e-01,3.295525113577771337e-01
6.740300000000000180e-01,3.295525124477174939e-01
6.741702000000000528e-01,3.295525152542078118e-01
6.743104000000000875e-01,3.295525180581896363e-01
6.744506000000001222e-01,3.295525208596649103e-01
6.745908000000001570e-01,3.295525236586355766e-01
6.747310000000001917e-01,3.295525264551035782e-01
6.748712000000002265e-01,3.295525292490708025e-01
6.750114000000002612e-01,3.295525320405392478e-01
6.751516000000002959e-01,3.295525348295108570e-01
6.752918000000003307e-01,3.295525376159875175e-01
6.754320000000003654e-01,3.295525403999711722e-01
6.755722000000004002e-01,3.295525431814637640e-01
6.757124000000004349e-01,3.295525459604671803e-01
6.758526000000004696e-01,3.295525487369833639e-01
6.759928000000005044e-01,3.295525515110143133e-01
6.760399999999999743e-01,3.295525524446433208e-01
6.761791999999999803e-01,3.295525551955605925e-01
6.763183999999999862e-01,3.295525579439826935e-01
6.764575999999999922e-01,3.295525606899116222e-01
6.765967999999999982e-01,3.295525634333492659e-01
6.767360000000000042e-01,3.295525661742976231e-01
6.768752000000000102e-01,3.295525689127586366e-01
6.770144000000000162e-01,3.295525716487343049e-01
6.771536000000000222e-01,3.295525743822265152e-01
6.772928000000000281e-01,3.295525771132372661e-01
6.774320000000000341e-01,3.295525798417685004e-01
6.775712000000000401e-01,3.295525825678221610e-01
6.777104000000000461e-01,3.295525852914001907e-01
6.778496000000000521e-01,3.295525880125045326e-01
6.779888000000000581e-01,3.295525907311371849e-01
6.780000000000000471e-01,3.295525909498617789e-01
6.781402000000000818e-01,3.295525936853937465e-01
6.782804000000001166e-01,3.295525964184966572e-01
6.784206000000001513e-01,3.295525991491724538e-01
6.785608000000001860e-01,3.295526018774230237e-01
6.787010000000002208e-01,3.295526046032501988e-01
6.788412000000002555e-01,3.295526073266558109e-01
6.789814000000002903e-01,3.295526100476417475e-01
6.791216000000003250e-01,3.295526127662098959e-01
6.792618000000003597e-01,3.295526154823620879e-01
6.794020000000003945e-01,3.295526181961001555e-01
6.795422000000004292e-01,3.295526209074259860e-01
6.796824000000004640e-01,3.295526236163414668e-01
6.798226000000004987e-01,3.295526263228484298e-01
6.799628000000005335e-01,3.295526290269487069e-01
6.800100000000000033e-01,3.295526299370436507e-01
6.801502000000000381e-01,3.295526326379420445e-01
6.802904000000000728e-01,3.295526353364501837e-01
6.804306000000001076e-01,3.295526380325699556e-01
6.805708000000001423e-01,3.295526407263031365e-01
6.807110000000001770e-01,3.295526434176515584e-01
6.808512000000002118e-01,3.295526461066170532e-01
6.809914000000002465e-01,3.295526487932015081e-01
6.811316000000002813e-01,3.295526514774066995e-01
6.812718000000003160e-01,3.295526541592344594e-01
6.814120000000003508e-01,3.295526568386865640e-01
6.815522000000003855e-01,3.295526595157649008e-01
6.816924000000004202e-01,3.295526621904713016e-01
6.818326000000004550e-01,3.295526648628075428e-01
6.819728000000004897e-01,3.295526675327754562e-01
6.820199999999999596e-01,3.295526684313836441e-01
6.821604000000000001e-01,3.295526711020133614e-01
6.823008000000000406e-01,3.295526737702959563e-01
6.824412000000000811e-01,3.295526764362332051e-01
6.825816000000001216e-01,3.295526790998268840e-01
6.827220000000001621e-01,3.295526817610788251e-01
6.828624000000002026e-01,3.295526844199907490e-01
6.830028000000002431e-01,3.295526870765644878e-01
6.831432000000002835e-01,3.295526897308018177e-01
6.832836000000003240e-01,3.295526923827044596e-01
6.834240000000003645e-01,3.295526950322743009e-01
6.835644000000004050e-01,3.295526976795130070e-01
6.837048000000004455e-01,3.295527003244224096e-01
6.838452000000004860e-01,3.295527029670042851e-01
6.839856000000005265e-01,3.295527056072604100e-01
6.840399999999999814e-01,3.295527066299166474e-01
6.841789999999999816e-01,3.295527092406069780e-01
6.843179999999999819e-01,3.295527118489523510e-01
6.844569999999999821e-01,3.295527144549546539e-01
6.845959999999999823e-01,3.295527170586156629e-01
6.847349999999999826e-01,3.295527196599371544e-01
6.848739999999999828e-01,3.295527222589210159e-01
6.850129999999999830e-01,3.295527248555690791e-01
6.851519999999999833e-01,3.295527274498831205e-01
6.852909999999999835e-01,3.295527300418649719e-01
6.854299999999999837e-01,3.295527326315164651e-01
6.855689999999999840e-01,3.295527352188393766e-01
6.857079999999999842e-01,3.295527378038355382e-01
6.858469999999999844e-01,3.295527403865067817e-01
6.859859999999999847e-01,3.295527429668549391e-01
6.859899999999999887e-01,3.295527430411076542e-01
6.861304000000000292e-01,3.295527456451032289e-01
6.862708000000000697e-01,3.295527482468262881e-01
6.864112000000001101e-01,3.295527508462786082e-01
6.865516000000001506e-01,3.295527534434619099e-01
6.866920000000001911e-01,3.295527560383778587e-01
6.868324000000002316e-01,3.295527586310281754e-01
6.869728000000002721e-01,3.295527612214146362e-01
6.871132000000003126e-01,3.295527638095389067e-01
6.872536000000003531e-01,3.295527663954027076e-01
6.873940000000003936e-01,3.295527689790077597e-01
6.875344000000004341e-01,3.295527715603557839e-01
6.876748000000004746e-01,3.295527741394484456e-01
6.878152000000005151e-01,3.295527767162874655e-01
6.879556000000005556e-01,3.295527792908745646e-01
6.880100000000000104e-01,3.295527802880974799e-01
6.881502000000000452e-01,3.295527828559037808e-01
6.882904000000000799e-01,3.295527854214693186e-01
6.884306000000001147e-01,3.295527879847957586e-01
6.885708000000001494e-01,3.295527905458848217e-01
6.887110000000001842e-01,3.295527931047381731e-01
6.888512000000002189e-01,3.295527956613575338e-01
6.889914000000002536e-01,3.295527982157445690e-01
6.891316000000002884e-01,3.295528007679009996e-01
6.892718000000003231e-01,3.295528033178284910e-01
6.894120000000003579e-01,3.295528058655287085e-01
6.895522000000003926e-01,3.295528084110033729e-01
6.896924000000004273e-01,3.295528109542541495e-01
6.898326000000004621e-01,3.295528134952827037e-01
6.899728000000004968e-01,3.295528160340907564e-01
6.900199999999999667e-01,3.295528168885591969e-01
6.901602000000000015e-01,3.295528194244136677e-01
6.903004000000000362e-01,3.295528219580634577e-01
6.904406000000000709e-01,3.295528244895101766e-01
6.905808000000001057e-01,3.295528270187554898e-01
6.907210000000001404e-01,3.295528295458010626e-01
6.908612000000001752e-01,3.295528320706485603e-01
6.910014000000002099e-01,3.295528345932996483e-01
6.911416000000002446e-01,3.295528371137559365e-01
6.912818000000002794e-01,3.295528396320191455e-01
6.914220000000003141e-01,3.295528421480908854e-01
6.915622000000003489e-01,3.295528446619728213e-01
6.917024000000003836e-01,3.295528471736666187e-01
6.918426000000004183e-01,3.295528496831738874e-01
6.919828000000004531e-01,3.295528521904963482e-01
6.920300000000000340e-01,3.295528530343688201e-01
6.921692000000000400e-01,3.295528555208827037e-01
6.923084000000000460e-01,3.295528580052036194e-01
6.924476000000000520e-01,3.295528604873331768e-01
6.925868000000000579e-01,3.295528629672730969e-01
6.927260000000000639e-01,3.295528654450250450e-01
6.928652000000000699e-01,3.295528679205906863e-01
6.930044000000000759e-01,3.295528703939716864e-01
6.931436000000000819e-01,3.295528728651697659e-01
6.932828000000000879e-01,3.295528753341865347e-01
6.934220000000000939e-01,3.295528778010237136e-01
6.935612000000000998e-01,3.295528802656829126e-01
6.937004000000001058e-01,3.295528827281657969e-01
6.938396000000001118e-01,3.295528851884740873e-01
6.939788000000001178e-01,3.295528876466093937e-01
6.939899999999999958e-01,3.295528878443763632e-01
6.941302000000000305e-01,3.295528903178584490e-01
6.942704000000000653e-01,3.295528927892059645e-01
6.944106000000001000e-01,3.295528952584204641e-01
6.945508000000001347e-01,3.295528977255035574e-01
6.946910000000001695e-01,3.295529001904568545e-01
6.948312000000002042e-01,3.295529026532819650e-01
6.949714000000002390e-01,3.295529051139803878e-01
6.951116000000002737e-01,3.295529075725537882e-01
6.952518000000003084e-01,3.295529100290037761e-01
6.953920000000003432e-01,3.295529124833319057e-01
6.955322000000003779e-01,3.295529149355397869e-01
6.956724000000004127e-01,3.295529173856289740e-01
6.958126000000004474e-01,3.295529198336010768e-01
6.959528000000004822e-01,3.295529222794576496e-01
6.959999999999999520e-01,3.295529231026447792e-01
6.961401999999999868e-01,3.295529255456874917e-01
6.962804000000000215e-01,3.295529279866297734e-01
6.964206000000000563e-01,3.295529304254731784e-01
6.965608000000000910e-01,3.295529328622192611e-01
6.967010000000001257e-01,3.295529352968695758e-01
6.968412000000001605e-01,3.295529377294257323e-01
6.969814000000001952e-01,3.295529401598892849e-01
6.971216000000002300e-01,3.295529425882617880e-01
6.972618000000002647e-01,3.295529450145447403e-01
6.974020000000002995e-01,3.295529474387397517e-01
6.975422000000003342e-01,3.295529498608483765e-01
6.976824000000003689e-01,3.295529522808721690e-01
6.978226000000004037e-01,3.295529546988127390e-01
6.979628000000004384e-01,3.295529571146715297e-01
6.980100000000000193e-01,3.295529579277633458e-01
6.981504000000000598e-01,3.295529603443026478e-01
6.982908000000001003e-01,3.295529627587791555e-01
6.984312000000001408e-01,3.295529651711943675e-01
6.985716000000001813e-01,3.295529675815498938e-01
6.987120000000002218e-01,3.295529699898471776e-01
6.988524000000002623e-01,3.295529723960877733e-01
6.989928000000003028e-01,3.295529748002731796e-01
6.991332000000003433e-01,3.295529772024049509e-01
6.992736000000003838e-01,3.295529796024845859e-01
6.994140000000004243e-01,3.295529820005136390e-01
6.995544000000004647e-01,3.295529843964936090e-01
6.996948000000005052e-01,3.295529867904259946e-01
6.998352000000005457e-01,3.295529891823123503e-01
6.999756000000005862e-01,3.295529915721541192e-01
7.000300000000000411e-01,3.295529924978259362e-01
7.001702000000000758e-01,3.295529948814366339e-01
7.003104000000001106e-01,3.295529972630126814e-01
7.004506000000001453e-01,3.295529996425556329e-01
7.005908000000001801e-01,3.295530020200669319e-01
7.007310000000002148e-01,3.295530043955481325e-01
7.008712000000002496e-01,3.295530067690007336e-01
7.010114000000002843e-01,3.295530091404262341e-01
7.011516000000003190e-01,3.295530115098261326e-01
7.012918000000003538e-01,3.295530138772019280e-01
7.014320000000003885e-01,3.295530162425551191e-01
7.015722000000004233e-01,3.295530186058872046e-01
7.017124000000004580e-01,3.295530209671996835e-01
7.018526000000004927e-01,3.295530233264941100e-01
7.019928000000005275e-01,3.295530256837718719e-01
7.020399999999999974e-01,3.295530264771490692e-01
7.021792000000000034e-01,3.295530288149134401e-01
7.023184000000000093e-01,3.295530311506533749e-01
7.024576000000000153e-01,3.295530334843703724e-01
7.025968000000000213e-01,3.295530358160659867e-01
7.027360000000000273e-01,3.295530381457416613e-01
7.028752000000000333e-01,3.295530404733990060e-01
7.030144000000000393e-01,3.295530427990394640e-01
7.031536000000000453e-01,3.295530451226645896e-01
7.032928000000000512e-01,3.295530474442758262e-01
7.034320000000000572e-01,3.295530497638747836e-01
7.035712000000000632e-01,3.295530520814629605e-01
7.037104000000000692e-01,3.295530543970418003e-01
7.038496000000000752e-01,3.295530567106129127e-01
7.039888000000000812e-01,3.295530590221777412e-01
7.039999999999999591e-01,3.295530592081527543e-01
7.041401999999999939e-01,3.295530615341881742e-01
7.042804000000000286e-01,3.295530638582520599e-01
7.044206000000000634e-01,3.295530661803459105e-01
7.045608000000000981e-01,3.295530685004711691e-01
7.047010000000001329e-01,3.295530708186292790e-01
7.048412000000001676e-01,3.295530731348216280e-01
7.049814000000002023e-01,3.295530754490497150e-01
7.051216000000002371e-01,3.295530777613149831e-01
7.052618000000002718e-01,3.295530800716188757e-01
7.054020000000003066e-01,3.295530823799628362e-01
7.055422000000003413e-01,3.295530846863483077e-01
7.056824000000003760e-01,3.295530869907767335e-01
7.058226000000004108e-01,3.295530892932495570e-01
7.059628000000004455e-01,3.295530915937681660e-01
7.060100000000000264e-01,3.295530923680438096e-01
7.061502000000000612e-01,3.295530946659624427e-01
7.062904000000000959e-01,3.295530969619401285e-01
7.064306000000001307e-01,3.295530992559782546e-01
7.065708000000001654e-01,3.295531015480782089e-01
7.067110000000002001e-01,3.295531038382414901e-01
7.068512000000002349e-01,3.295531061264694861e-01
7.069914000000002696e-01,3.295531084127635846e-01
7.071316000000003044e-01,3.295531106971252289e-01
7.072718000000003391e-01,3.295531129795558067e-01
7.074120000000003738e-01,3.295531152600567615e-01
7.075522000000004086e-01,3.295531175386295364e-01
7.076924000000004433e-01,3.295531198152755192e-01
7.078326000000004781e-01,3.295531220899960978e-01
7.079728000000005128e-01,3.295531243627927154e-01
7.080199999999999827e-01,3.295531251277388218e-01
7.081604000000000232e-01,3.295531274012207246e-01
7.083008000000000637e-01,3.295531296727953752e-01
7.084412000000001042e-01,3.295531319424642169e-01
7.085816000000001447e-01,3.295531342102285821e-01
7.087220000000001852e-01,3.295531364760898585e-01
7.088624000000002257e-01,3.295531387400494894e-01
7.090028000000002661e-01,3.295531410021088625e-01
7.091432000000003066e-01,3.295531432622693102e-01
7.092836000000003471e-01,3.295531455205322202e-01
7.094240000000003876e-01,3.295531477768989803e-01
7.095644000000004281e-01,3.295531500313709783e-01
7.097048000000004686e-01,3.295531522839496019e-01
7.098452000000005091e-01,3.295531545346362390e-01
7.099856000000005496e-01,3.295531567834322217e-01
7.100400000000000045e-01,3.295531576544769026e-01
7.101790000000000047e-01,3.295531598782158178e-01
7.103180000000000049e-01,3.295531621000478695e-01
7.104570000000000052e-01,3.295531643199744454e-01
7.105960000000000054e-01,3.295531665379969888e-01
7.107350000000000056e-01,3.295531687541168875e-01
7.108740000000000059e-01,3.295531709683355848e-01
7.110130000000000061e-01,3.295531731806544684e-01
7.111520000000000064e-01,3.295531753910749817e-01
7.112910000000000066e-01,3.295531775995985124e-01
7.114300000000000068e-01,3.295531798062265039e-01
7.115690000000000071e-01,3.295531820109603438e-01
7.117080000000000073e-01,3.295531842138014755e-01
7.118470000000000075e-01,3.295531864147512868e-01
7.119860000000000078e-01,3.295531886138111655e-01
7.119900000000000118e-01,3.295531886770919350e-01
7.121304000000000523e-01,3.295531908963947876e-01
7.122708000000000927e-01,3.295531931138480641e-01
7.124112000000001332e-01,3.295531953294530414e-01
7.125516000000001737e-01,3.295531975432111071e-01
7.126920000000002142e-01,3.295531997551235937e-01
7.128324000000002547e-01,3.295532019651917777e-01
7.129728000000002952e-01,3.295532041734170470e-01
7.131132000000003357e-01,3.295532063798007338e-01
7.132536000000003762e-01,3.295532085843441705e-01
7.133940000000004167e-01,3.295532107870486893e-01
7.135344000000004572e-01,3.295532129879156225e-01
7.136748000000004977e-01,3.295532151869463022e-01
7.138152000000005382e-01,3.295532173841420609e-01
7.139556000000005787e-01,3.295532195795042307e-01
7.140100000000000335e-01,3.295532204298537438e-01
7.141502000000000683e-01,3.295532226195527770e-01
7.142904000000001030e-01,3.295532248074264370e-01
7.144306000000001378e-01,3.295532269934760006e-01
7.145708000000001725e-01,3.295532291777028000e-01
7.147110000000002072e-01,3.295532313601081675e-01
7.148512000000002420e-01,3.295532335406934354e-01
7.149914000000002767e-01,3.295532357194598805e-01
7.151316000000003115e-01,3.295532378964088349e-01
7.152718000000003462e-01,3.295532400715416310e-01
7.154120000000003810e-01,3.295532422448595455e-01
7.155522000000004157e-01,3.295532444163639108e-01
7.156924000000004504e-01,3.295532465860560589e-01
7.158326000000004852e-01,3.295532487539372668e-01
7.159728000000005199e-01,3.295532509200088667e-01
7.160199999999999898e-01,3.295532516490377040e-01
7.161602000000000245e-01,3.295532538127011191e-01
7.163004000000000593e-01,3.295532559745665835e-01
7.164406000000000940e-01,3.295532581346354295e-01
7.165808000000001288e-01,3.295532602929088783e-01
7.167210000000001635e-01,3.295532624493882623e-01
7.168612000000001983e-01,3.295532646040749136e-01
7.170014000000002330e-01,3.295532667569700536e-01
7.171416000000002677e-01,3.295532689080750144e-01
7.172818000000003025e-01,3.295532710573910729e-01
7.174220000000003372e-01,3.295532732049195612e-01
7.175622000000003720e-01,3.295532753506617563e-01
7.177024000000004067e-01,3.295532774946188792e-01
7.178426000000004414e-01,3.295532796367923178e-01
7.179828000000004762e-01,3.295532817771832934e-01
7.180299999999999461e-01,3.295532824975694886e-01
7.181691999999999521e-01,3.295532846203066968e-01
7.183083999999999580e-01,3.295532867412536704e-01
7.184475999999999640e-01,3.295532888604116861e-01
7.185867999999999700e-01,3.295532909777820763e-01
7.187259999999999760e-01,3.295532930933661175e-01
7.188651999999999820e-01,3.295532952071651422e-01
7.190043999999999880e-01,3.295532973191804826e-01
7.191435999999999940e-01,3.295532994294134155e-01
7.192827999999999999e-01,3.295533015378652730e-01
7.194220000000000059e-01,3.295533036445373321e-01
7.195612000000000119e-01,3.295533057494308693e-01
7.197004000000000179e-01,3.295533078525472170e-01
7.198396000000000239e-01,3.295533099538877075e-01
7.199788000000000299e-01,3.295533120534536176e-01
7.199900000000000189e-01,3.295533122223727185e-01
7.201302000000000536e-01,3.295533143351324079e-01
7.202704000000000883e-01,3.295533164461477704e-01
7.204106000000001231e-01,3.295533185554200273e-01
7.205508000000001578e-01,3.295533206629504552e-01
7.206910000000001926e-01,3.295533227687403310e-01
7.208312000000002273e-01,3.295533248727908759e-01
7.209714000000002621e-01,3.295533269751033112e-01
7.211116000000002968e-01,3.295533290756789135e-01
7.212518000000003315e-01,3.295533311745189597e-01
7.213920000000003663e-01,3.295533332716246155e-01
7.215322000000004010e-01,3.295533353669972132e-01
7.216724000000004358e-01,3.295533374606379184e-01
7.218126000000004705e-01,3.295533395525480080e-01
7.219528000000005052e-01,3.295533416427287032e-01
7.219999999999999751e-01,3.295533423462170264e-01
7.221404000000000156e-01,3.295533444370808418e-01
7.222808000000000561e-01,3.295533465262300288e-01
7.224212000000000966e-01,3.295533486136657531e-01
7.225616000000001371e-01,3.295533506993892914e-01
7.227020000000001776e-01,3.295533527834018650e-01
7.228424000000002181e-01,3.295533548657046397e-01
7.229828000000002586e-01,3.295533569462988921e-01
7.231232000000002991e-01,3.295533590251858436e-01
7.232636000000003396e-01,3.295533611023666598e-01
7.234040000000003801e-01,3.295533631778426176e-01
7.235444000000004205e-01,3.295533652516148826e-01
7.236848000000004610e-01,3.295533673236846761e-01
7.238252000000005015e-01,3.295533693940532194e-01
7.239656000000005420e-01,3.295533714627217337e-01
7.240199999999999969e-01,3.295533722640019980e-01
7.241602000000000317e-01,3.295533743273726390e-01
7.243004000000000664e-01,3.295533763890508006e-01
7.244406000000001011e-01,3.295533784490377038e-01
7.245808000000001359e-01,3.295533805073345701e-01
7.247210000000001706e-01,3.295533825639426206e-01
7.248612000000002054e-01,3.295533846188630211e-01
7.250014000000002401e-01,3.295533866720969929e-01
7.251416000000002748e-01,3.295533887236457571e-01
7.252818000000003096e-01,3.295533907735104795e-01
7.254220000000003443e-01,3.295533928216923814e-01
7.255622000000003791e-01,3.295533948681926284e-01
7.257024000000004138e-01,3.295533969130124974e-01
7.258426000000004485e-01,3.295533989561531540e-01
7.259828000000004833e-01,3.295534009976157641e-01
7.260299999999999532e-01,3.295534016847083691e-01
7.261701999999999879e-01,3.295534037239379321e-01
7.263104000000000227e-01,3.295534057615003287e-01
7.264506000000000574e-01,3.295534077973967246e-01
7.265908000000000921e-01,3.295534098316282856e-01
7.267310000000001269e-01,3.295534118641961774e-01
7.268712000000001616e-01,3.295534138951016212e-01
7.270114000000001964e-01,3.295534159243458383e-01
7.271516000000002311e-01,3.295534179519299389e-01
7.272918000000002658e-01,3.295534199778551443e-01
7.274320000000003006e-01,3.295534220021226202e-01
7.275722000000003353e-01,3.295534240247335322e-01
7.277124000000003701e-01,3.295534260456890463e-01
7.278526000000004048e-01,3.295534280649903836e-01
7.279928000000004396e-01,3.295534300826386542e-01
7.280400000000000205e-01,3.295534307617167258e-01
7.281792000000000264e-01,3.295534327627602234e-01
7.283184000000000324e-01,3.295534347621436599e-01
7.284576000000000384e-01,3.295534367598682013e-01
7.285968000000000444e-01,3.295534387559350131e-01
7.287360000000000504e-01,3.295534407503453167e-01
7.288752000000000564e-01,3.295534427431002777e-01
7.290144000000000624e-01,3.295534447342011730e-01
7.291536000000000683e-01,3.295534467236491127e-01
7.292928000000000743e-01,3.295534487114453182e-01
7.294320000000000803e-01,3.295534506975909550e-01
7.295712000000000863e-01,3.295534526820873000e-01
7.297104000000000923e-01,3.295534546649354635e-01
7.298496000000000983e-01,3.295534566461366666e-01
7.299888000000001043e-01,3.295534586256920750e-01
7.299999999999999822e-01,3.295534587849560104e-01
7.301402000000000170e-01,3.295534607769802227e-01
7.302804000000000517e-01,3.295534627673867289e-01
7.304206000000000865e-01,3.295534647561766950e-01
7.305608000000001212e-01,3.295534667433512865e-01
7.307010000000001559e-01,3.295534687289115583e-01
7.308412000000001907e-01,3.295534707128586760e-01
7.309814000000002254e-01,3.295534726951938609e-01
7.311216000000002602e-01,3.295534746759181677e-01
7.312618000000002949e-01,3.295534766550327621e-01
7.314020000000003296e-01,3.295534786325388099e-01
7.315422000000003644e-01,3.295534806084373658e-01
7.316824000000003991e-01,3.295534825827296510e-01
7.318226000000004339e-01,3.295534845554167758e-01
7.319628000000004686e-01,3.295534865264998503e-01
7.320100000000000495e-01,3.295534871899067353e-01
7.321504000000000900e-01,3.295534891616697104e-01
7.322908000000001305e-01,3.295534911318424021e-01
7.324312000000001710e-01,3.295534931004259205e-01
7.325716000000002115e-01,3.295534950674213759e-01
7.327120000000002520e-01,3.295534970328298785e-01
7.328524000000002925e-01,3.295534989966525941e-01
7.329928000000003330e-01,3.295535009588905773e-01
7.331332000000003735e-01,3.295535029195449384e-01
7.332736000000004140e-01,3.295535048786167875e-01
7.334140000000004544e-01,3.295535068361072906e-01
7.335544000000004949e-01,3.295535087920175021e-01
7.336948000000005354e-01,3.295535107463485325e-01
7.338352000000005759e-01,3.295535126991014918e-01
7.339756000000006164e-01,3.295535146502775459e-01
7.340299999999999603e-01,3.295535154060521554e-01
7.341701999999999950e-01,3.295535173522677330e-01
7.343104000000000298e-01,3.295535192969132332e-01
7.344506000000000645e-01,3.295535212399897662e-01
7.345908000000000992e-01,3.295535231814984423e-01
7.347310000000001340e-01,3.295535251214403716e-01
7.348712000000001687e-01,3.295535270598166089e-01
7.350114000000002035e-01,3.295535289966282644e-01
7.351516000000002382e-01,3.295535309318764483e-01
7.352918000000002730e-01,3.295535328655622709e-01
7.354320000000003077e-01,3.295535347976867868e-01
7.355722000000003424e-01,3.295535367282511618e-01
7.357124000000003772e-01,3.295535386572564507e-01
7.358526000000004119e-01,3.295535405847037080e-01
7.359928000000004467e-01,3.295535425105940996e-01
7.360400000000000276e-01,3.295535431587916508e-01
7.361790000000000278e-01,3.295535450661102872e-01
7.363180000000000280e-01,3.295535469718618438e-01
7.364570000000000283e-01,3.295535488760473752e-01
7.365960000000000285e-01,3.295535507786681029e-01
7.367350000000000287e-01,3.295535526797250814e-01
7.368740000000000290e-01,3.295535545792194210e-01
7.370130000000000292e-01,3.295535564771522319e-01
7.371520000000000294e-01,3.295535583735246243e-01
7.372910000000000297e-01,3.295535602683377641e-01
7.374300000000000299e-01,3.295535621615927058e-01
7.375690000000000301e-01,3.295535640532906152e-01
7.377080000000000304e-01,3.295535659434325471e-01
7.378470000000000306e-01,3.295535678320196671e-01
7.379860000000000309e-01,3.295535697190530855e-01
7.379900000000000349e-01,3.295535697733549263e-01
7.381304000000000753e-01,3.295535716778273949e-01
7.382708000000001158e-01,3.295535735807790800e-01
7.384112000000001563e-01,3.295535754822109809e-01
7.385516000000001968e-01,3.295535773821241521e-01
7.386920000000002373e-01,3.295535792805196484e-01
7.388324000000002778e-01,3.295535811773985801e-01
7.389728000000003183e-01,3.295535830727619464e-01
7.391132000000003588e-01,3.295535849666108019e-01
7.392536000000003993e-01,3.295535868589462569e-01
7.393940000000004398e-01,3.295535887497693106e-01
7.395344000000004803e-01,3.295535906390810177e-01
7.396748000000005208e-01,3.295535925268824329e-01
7.398152000000005613e-01,3.295535944131746109e-01
7.399556000000006017e-01,3.295535962979585509e-01
7.400099999999999456e-01,3.295535970280188964e-01
7.401501999999999803e-01,3.295535989080320971e-01
7.402904000000000151e-01,3.295536007865437211e-01
7.404306000000000498e-01,3.295536026635547677e-01
7.405708000000000846e-01,3.295536045390663471e-01
7.407110000000001193e-01,3.295536064130794585e-01
7.408512000000001541e-01,3.295536082855951565e-01
7.409914000000001888e-01,3.295536101566144960e-01
7.411316000000002235e-01,3.295536120261384760e-01
7.412718000000002583e-01,3.295536138941681514e-01
7.414120000000002930e-01,3.295536157607045769e-01
7.415522000000003278e-01,3.295536176257488070e-01
7.416924000000003625e-01,3.295536194893018411e-01
7.418326000000003972e-01,3.295536213513647339e-01
7.419728000000004320e-01,3.295536232119385400e-01
7.420200000000000129e-01,3.295536238381541749e-01
7.421604000000000534e-01,3.295536256994026636e-01
7.423008000000000939e-01,3.295536275591745556e-01
7.424412000000001344e-01,3.295536294174708503e-01
7.425816000000001749e-01,3.295536312742925467e-01
7.427220000000002154e-01,3.295536331296406996e-01
7.428624000000002559e-01,3.295536349835163081e-01
7.430028000000002963e-01,3.295536368359203716e-01
7.431432000000003368e-01,3.295536386868538892e-01
7.432836000000003773e-01,3.295536405363179155e-01
7.434240000000004178e-01,3.295536423843134499e-01
7.435644000000004583e-01,3.295536442308415470e-01
7.437048000000004988e-01,3.295536460759031505e-01
7.438452000000005393e-01,3.295536479194993151e-01
7.439856000000005798e-01,3.295536497616310401e-01
7.440400000000000347e-01,3.295536504751717666e-01
7.441790000000000349e-01,3.295536522968946502e-01
7.443180000000000351e-01,3.295536541171400491e-01
7.444570000000000354e-01,3.295536559359090178e-01
7.445960000000000356e-01,3.295536577532025557e-01
7.447350000000000358e-01,3.295536595690217729e-01
7.448740000000000361e-01,3.295536613833676132e-01
7.450130000000000363e-01,3.295536631962411867e-01
7.451520000000000366e-01,3.295536650076435481e-01
7.452910000000000368e-01,3.295536668175756967e-01
7.454300000000000370e-01,3.295536686260386872e-01
7.455690000000000373e-01,3.295536704330335187e-01
7.457080000000000375e-01,3.295536722385613015e-01
7.458470000000000377e-01,3.295536740426229794e-01
7.459860000000000380e-01,3.295536758452196624e-01
7.459900000000000420e-01,3.295536758970917246e-01
7.461302000000000767e-01,3.295536777137697548e-01
7.462704000000001114e-01,3.295536795290106569e-01
7.464106000000001462e-01,3.295536813428154299e-01
7.465508000000001809e-01,3.295536831551850732e-01
7.466910000000002157e-01,3.295536849661205303e-01
7.468312000000002504e-01,3.295536867756228006e-01
7.469714000000002851e-01,3.295536885836928831e-01
7.471116000000003199e-01,3.295536903903317771e-01
7.472518000000003546e-01,3.295536921955404264e-01
7.473920000000003894e-01,3.295536939993198855e-01
7.475322000000004241e-01,3.295536958016710427e-01
7.476724000000004589e-01,3.295536976025949527e-01
7.478126000000004936e-01,3.295536994020925592e-01
7.479528000000005283e-01,3.295537012001649169e-01
7.479999999999999982e-01,3.295537018053459333e-01
7.481404000000000387e-01,3.295537036040885326e-01
7.482808000000000792e-01,3.295537054014175959e-01
7.484212000000001197e-01,3.295537071973341225e-01
7.485616000000001602e-01,3.295537089918391116e-01
7.487020000000002007e-01,3.295537107849334513e-01
7.488424000000002412e-01,3.295537125766181963e-01
7.489828000000002817e-01,3.295537143668942348e-01
7.491232000000003222e-01,3.295537161557625661e-01
7.492636000000003627e-01,3.295537179432241337e-01
7.494040000000004031e-01,3.295537197292799370e-01
7.495444000000004436e-01,3.295537215139309195e-01
7.496848000000004841e-01,3.295537232971780250e-01
7.498252000000005246e-01,3.295537250790222528e-01
7.499656000000005651e-01,3.295537268594645464e-01
7.500200000000000200e-01,3.295537275491121632e-01
7.501602000000000547e-01,3.295537293250789257e-01
7.503004000000000895e-01,3.295537310996495828e-01
7.504406000000001242e-01,3.295537328728250226e-01
7.505808000000001590e-01,3.295537346446062443e-01
7.507210000000001937e-01,3.295537364149941917e-01
7.508612000000002284e-01,3.295537381839898083e-01
7.510014000000002632e-01,3.295537399515940380e-01
7.511416000000002979e-01,3.295537417178078243e-01
7.512818000000003327e-01,3.295537434826321666e-01
7.514220000000003674e-01,3.295537452460679528e-01
7.515622000000004022e-01,3.295537470081161824e-01
7.517024000000004369e-01,3.295537487687777989e-01
7.518426000000004716e-01,3.295537505280537460e-01
7.519828000000005064e-01,3.295537522859449675e-01
7.520299999999999763e-01,3.295537528776031344e-01
7.521704000000000168e-01,3.295537546361611558e-01
7.523108000000000573e-01,3.295537563933458314e-01
7.524512000000000977e-01,3.295537581491581047e-01
7.525916000000001382e-01,3.295537599035989196e-01
7.527320000000001787e-01,3.295537616566691641e-01
7.528724000000002192e-01,3.295537634083698375e-01
7.530128000000002597e-01,3.295537651587018280e-01
7.531532000000003002e-01,3.295537669076660792e-01
7.532936000000003407e-01,3.295537686552634793e-01
7.534340000000003812e-01,3.295537704014950275e-01
7.535744000000004217e-01,3.295537721463616121e-01
7.537148000000004622e-01,3.295537738898641766e-01
7.538552000000005027e-01,3.295537756320036094e-01
7.539956000000005432e-01,3.295537773727809094e-01
7.540499999999999980e-01,3.295537780470657041e-01
7.541889999999999983e-01,3.295537797685869630e-01
7.543279999999999985e-01,3.295537814887335992e-01
7.544669999999999987e-01,3.295537832075065565e-01
7.546059999999999990e-01,3.295537849249068341e-01
7.547449999999999992e-01,3.295537866409353200e-01
7.548839999999999995e-01,3.295537883555930692e-01
7.550229999999999997e-01,3.295537900688809696e-01
7.551619999999999999e-01,3.295537917807999095e-01
7.553010000000000002e-01,3.295537934913509437e-01
7.554400000000000004e-01,3.295537952005349602e-01
7.555790000000000006e-01,3.295537969083529584e-01
7.557180000000000009e-01,3.295537986148058818e-01
7.558570000000000011e-01,3.295538003198946186e-01
7.559960000000000013e-01,3.295538020236201682e-01
7.560000000000000053e-01,3.295538020726471728e-01
7.561402000000000401e-01,3.295538037897032813e-01
7.562804000000000748e-01,3.295538055054219595e-01
7.564206000000001096e-01,3.295538072198041513e-01
7.565608000000001443e-01,3.295538089328507447e-01
7.567010000000001790e-01,3.295538106445626836e-01
7.568412000000002138e-01,3.295538123549408005e-01
7.569814000000002485e-01,3.295538140639860392e-01
7.571216000000002833e-01,3.295538157716992878e-01
7.572618000000003180e-01,3.295538174780814344e-01
7.574020000000003527e-01,3.295538191831334784e-01
7.575422000000003875e-01,3.295538208868561969e-01
7.576824000000004222e-01,3.295538225892505890e-01
7.578226000000004570e-01,3.295538242903174875e-01
7.579628000000004917e-01,3.295538259900578359e-01
7.580099999999999616e-01,3.295538265621453800e-01
7.581504000000000021e-01,3.295538282625467552e-01
7.582908000000000426e-01,3.295538299616324052e-01
7.584312000000000831e-01,3.295538316594032180e-01
7.585716000000001236e-01,3.295538333558600819e-01
7.587120000000001641e-01,3.295538350510038295e-01
7.588524000000002045e-01,3.295538367448354045e-01
7.589928000000002450e-01,3.295538384373556395e-01
7.591332000000002855e-01,3.295538401285654784e-01
7.592736000000003260e-01,3.295538418184657536e-01
7.594140000000003665e-01,3.295538435070573535e-01
7.595544000000004070e-01,3.295538451943411662e-01
7.596948000000004475e-01,3.295538468803180798e-01
7.598352000000004880e-01,3.295538485649889826e-01
7.599756000000005285e-01,3.295538502483547627e-01
7.600299999999999834e-01,3.295538509004032335e-01
7.601702000000000181e-01,3.295538525795654872e-01
7.603104000000000529e-01,3.295538542574278362e-01
7.604506000000000876e-01,3.295538559339910578e-01
7.605908000000001223e-01,3.295538576092561511e-01
7.607310000000001571e-01,3.295538592832238933e-01
7.608712000000001918e-01,3.295538609558951726e-01
7.610114000000002266e-01,3.295538626272708771e-01
7.611516000000002613e-01,3.295538642973518950e-01
7.612918000000002960e-01,3.295538659661391145e-01
7.614320000000003308e-01,3.295538676336333683e-01
7.615722000000003655e-01,3.295538692998355446e-01
7.617124000000004003e-01,3.295538709647465314e-01
7.618526000000004350e-01,3.295538726283671616e-01
7.619928000000004698e-01,3.295538742906983787e-01
7.620400000000000507e-01,3.295538748501958826e-01
7.621790000000000509e-01,3.295538764965692535e-01
7.623180000000000511e-01,3.295538781416441632e-01
7.624570000000000514e-01,3.295538797854214441e-01
7.625960000000000516e-01,3.295538814279020401e-01
7.627350000000000518e-01,3.295538830690868393e-01
7.628740000000000521e-01,3.295538847089767298e-01
7.630130000000000523e-01,3.295538863475725444e-01
7.631520000000000525e-01,3.295538879848752267e-01
7.632910000000000528e-01,3.295538896208856650e-01
7.634300000000000530e-01,3.295538912556047473e-01
7.635690000000000532e-01,3.295538928890333064e-01
7.637080000000000535e-01,3.295538945211723414e-01
7.638470000000000537e-01,3.295538961520226295e-01
7.639860000000000539e-01,3.295538977815851145e-01
7.639899999999999469e-01,3.295538978284779374e-01
7.641303999999999874e-01,3.295538994731540550e-01
7.642708000000000279e-01,3.295539011165692367e-01
7.644112000000000684e-01,3.295539027587243153e-01
7.645516000000001089e-01,3.295539043996201234e-01
7.646920000000001494e-01,3.295539060392574937e-01
7.648324000000001899e-01,3.295539076776372589e-01
7.649728000000002304e-01,3.295539093147603071e-01
7.651132000000002709e-01,3.295539109506274156e-01
7.652536000000003114e-01,3.295539125852394724e-01
7.653940000000003518e-01,3.295539142185973103e-01
7.655344000000003923e-01,3.295539158507017063e-01
7.656748000000004328e-01,3.295539174815535488e-01
7.658152000000004733e-01,3.295539191111537258e-01
7.659556000000005138e-01,3.295539207395030146e-01
7.660099999999999687e-01,3.295539213702426973e-01
7.661502000000000034e-01,3.295539229945418924e-01
7.662904000000000382e-01,3.295539246175951953e-01
7.664306000000000729e-01,3.295539262394034385e-01
7.665708000000001077e-01,3.295539278599674549e-01
7.667110000000001424e-01,3.295539294792880769e-01
7.668512000000001771e-01,3.295539310973661373e-01
7.669914000000002119e-01,3.295539327142024688e-01
7.671316000000002466e-01,3.295539343297979040e-01
7.672718000000002814e-01,3.295539359441532756e-01
7.674120000000003161e-01,3.295539375572693608e-01
7.675522000000003509e-01,3.295539391691470477e-01
7.676924000000003856e-01,3.295539407797871134e-01
7.678326000000004203e-01,3.295539423891904462e-01
7.679728000000004551e-01,3.295539439973578233e-01
7.680200000000000360e-01,3.295539445386265198e-01
7.681604000000000765e-01,3.295539461474448761e-01
7.683008000000001170e-01,3.295539477550373797e-01
7.684412000000001575e-01,3.295539493614048632e-01
7.685816000000001980e-01,3.295539509665481592e-01
7.687220000000002385e-01,3.295539525704680450e-01
7.688624000000002789e-01,3.295539541731652977e-01
7.690028000000003194e-01,3.295539557746408055e-01
7.691432000000003599e-01,3.295539573748953455e-01
7.692836000000004004e-01,3.295539589739296948e-01
7.694240000000004409e-01,3.295539605717447418e-01
7.695644000000004814e-01,3.295539621683412079e-01
7.697048000000005219e-01,3.295539637637199815e-01
7.698452000000005624e-01,3.295539653578818395e-01
7.699856000000006029e-01,3.295539669508275593e-01
7.700399999999999467e-01,3.295539675678548219e-01
7.701789999999999470e-01,3.295539691432220475e-01
7.703179999999999472e-01,3.295539707173619770e-01
7.704569999999999474e-01,3.295539722902754431e-01
7.705959999999999477e-01,3.295539738619632231e-01
7.707349999999999479e-01,3.295539754324262050e-01
7.708739999999999482e-01,3.295539770016651659e-01
7.710129999999999484e-01,3.295539785696809942e-01
7.711519999999999486e-01,3.295539801364744670e-01
7.712909999999999489e-01,3.295539817020464168e-01
7.714299999999999491e-01,3.295539832663977320e-01
7.715689999999999493e-01,3.295539848295291896e-01
7.717079999999999496e-01,3.295539863914416778e-01
7.718469999999999498e-01,3.295539879521359183e-01
7.719859999999999500e-01,3.295539895116128548e-01
7.719899999999999540e-01,3.295539895564889021e-01
7.721301999999999888e-01,3.295539911281982759e-01
7.722704000000000235e-01,3.295539926987131607e-01
7.724106000000000583e-01,3.295539942680342782e-01
7.725508000000000930e-01,3.295539958361624611e-01
7.726910000000001277e-01,3.295539974030984864e-01
7.728312000000001625e-01,3.295539989688431315e-01
7.729714000000001972e-01,3.295540005333971734e-01
7.731116000000002320e-01,3.295540020967614447e-01
7.732518000000002667e-01,3.295540036589367228e-01
7.733920000000003014e-01,3.295540052199237846e-01
7.735322000000003362e-01,3.295540067797234074e-01
7.736724000000003709e-01,3.295540083383363683e-01
7.738126000000004057e-01,3.295540098957635000e-01
7.739528000000004404e-01,3.295540114520055797e-01
7.740000000000000213e-01,3.295540119757987552e-01
7.741404000000000618e-01,3.295540135326853193e-01
7.742808000000001023e-01,3.295540150883964903e-01
7.744212000000001428e-01,3.295540166429330453e-01
7.745616000000001833e-01,3.295540181962957060e-01
7.747020000000002238e-01,3.295540197484853051e-01
7.748424000000002643e-01,3.295540212995026197e-01
7.749828000000003048e-01,3.295540228493483714e-01
7.751232000000003453e-01,3.295540243980233375e-01
7.752636000000003857e-01,3.295540259455283505e-01
7.754040000000004262e-01,3.295540274918641321e-01
7.755444000000004667e-01,3.295540290370314596e-01
7.756848000000005072e-01,3.295540305810310544e-01
7.758252000000005477e-01,3.295540321238637493e-01
7.759656000000005882e-01,3.295540336655303215e-01
7.760200000000000431e-01,3.295540342626962493e-01
7.761602000000000778e-01,3.295540358005533133e-01
7.763004000000001126e-01,3.295540373372486953e-01
7.764406000000001473e-01,3.295540388727831727e-01
7.765808000000001821e-01,3.295540404071575225e-01
7.767210000000002168e-01,3.295540419403725774e-01
7.768612000000002515e-01,3.295540434724290035e-01
7.770014000000002863e-01,3.295540450033275781e-01
7.771416000000003210e-01,3.295540465330690783e-01
7.772818000000003558e-01,3.295540480616542811e-01
7.774220000000003905e-01,3.295540495890839638e-01
7.775622000000004252e-01,3.295540511153589036e-01
7.777024000000004600e-01,3.295540526404797665e-01
7.778426000000004947e-01,3.295540541644473853e-01
7.779828000000005295e-01,3.295540556872624816e-01
7.780299999999999994e-01,3.295540561998057671e-01
7.781704000000000399e-01,3.295540577232609070e-01
7.783108000000000803e-01,3.295540592455729056e-01
7.784512000000001208e-01,3.295540607667425403e-01
7.785916000000001613e-01,3.295540622867705327e-01
7.787320000000002018e-01,3.295540638056576044e-01
7.788724000000002423e-01,3.295540653234044770e-01
7.790128000000002828e-01,3.295540668400119277e-01
7.791532000000003233e-01,3.295540683554807337e-01
7.792936000000003638e-01,3.295540698698116167e-01
7.794340000000004043e-01,3.295540713830052981e-01
7.795744000000004448e-01,3.295540728950625553e-01
7.797148000000004853e-01,3.295540744059841098e-01
7.798552000000005258e-01,3.295540759157707389e-01
7.799956000000005663e-01,3.295540774244231641e-01
7.800500000000000211e-01,3.295540780088020427e-01
7.801890000000000214e-01,3.295540795008304324e-01
7.803280000000000216e-01,3.295540809917139602e-01
7.804670000000000218e-01,3.295540824814534031e-01
7.806060000000000221e-01,3.295540839700495939e-01
7.807450000000000223e-01,3.295540854575031986e-01
7.808840000000000225e-01,3.295540869438150500e-01
7.810230000000000228e-01,3.295540884289859251e-01
7.811620000000000230e-01,3.295540899130165458e-01
7.813010000000000232e-01,3.295540913959076335e-01
7.814400000000000235e-01,3.295540928776600209e-01
7.815790000000000237e-01,3.295540943582744298e-01
7.817180000000000240e-01,3.295540958377516372e-01
7.818570000000000242e-01,3.295540973160924203e-01
7.819960000000000244e-01,3.295540987932975008e-01
7.820000000000000284e-01,3.295540988358060530e-01
7.821402000000000632e-01,3.295541003246159062e-01
7.822804000000000979e-01,3.295541018123113175e-01
7.824206000000001326e-01,3.295541032988930641e-01
7.825608000000001674e-01,3.295541047843618676e-01
7.827010000000002021e-01,3.295541062687183942e-01
7.828412000000002369e-01,3.295541077519634210e-01
7.829814000000002716e-01,3.295541092340976697e-01
7.831216000000003064e-01,3.295541107151218063e-01
7.832618000000003411e-01,3.295541121950366081e-01
7.834020000000003758e-01,3.295541136738427968e-01
7.835422000000004106e-01,3.295541151515410938e-01
7.836824000000004453e-01,3.295541166281322210e-01
7.838226000000004801e-01,3.295541181036168998e-01
7.839628000000005148e-01,3.295541195779958521e-01
7.840099999999999847e-01,3.295541200742378440e-01
7.841504000000000252e-01,3.295541215492497900e-01
7.842908000000000657e-01,3.295541230231647800e-01
7.844312000000001062e-01,3.295541244959835914e-01
7.845716000000001467e-01,3.295541259677068902e-01
7.847120000000001871e-01,3.295541274383353425e-01
7.848524000000002276e-01,3.295541289078697256e-01
7.849928000000002681e-01,3.295541303763107610e-01
7.851332000000003086e-01,3.295541318436591149e-01
7.852736000000003491e-01,3.295541333099155090e-01
7.854140000000003896e-01,3.295541347750806094e-01
7.855544000000004301e-01,3.295541362391551932e-01
7.856948000000004706e-01,3.295541377021399265e-01
7.858352000000005111e-01,3.295541391640355311e-01
7.859756000000005516e-01,3.295541406248427285e-01
7.860300000000000065e-01,3.295541411906901530e-01
7.861702000000000412e-01,3.295541426479104974e-01
7.863104000000000759e-01,3.295541441040464870e-01
7.864506000000001107e-01,3.295541455590988988e-01
7.865908000000001454e-01,3.295541470130683992e-01
7.867310000000001802e-01,3.295541484659557097e-01
7.868712000000002149e-01,3.295541499177614964e-01
7.870114000000002497e-01,3.295541513684864809e-01
7.871516000000002844e-01,3.295541528181313851e-01
7.872918000000003191e-01,3.295541542666968748e-01
7.874320000000003539e-01,3.295541557141836719e-01
7.875722000000003886e-01,3.295541571605924980e-01
7.877124000000004234e-01,3.295541586059240191e-01
7.878526000000004581e-01,3.295541600501789570e-01
7.879928000000004928e-01,3.295541614933579777e-01
7.880399999999999627e-01,3.295541619790994803e-01
7.881789999999999630e-01,3.295541634084826477e-01
7.883179999999999632e-01,3.295541648367820153e-01
7.884569999999999634e-01,3.295541662639983604e-01
7.885959999999999637e-01,3.295541676901324046e-01
7.887349999999999639e-01,3.295541691151848140e-01
7.888739999999999641e-01,3.295541705391563103e-01
7.890129999999999644e-01,3.295541719620476151e-01
7.891519999999999646e-01,3.295541733838594500e-01
7.892909999999999648e-01,3.295541748045925368e-01
7.894299999999999651e-01,3.295541762242475969e-01
7.895689999999999653e-01,3.295541776428252967e-01
7.897079999999999655e-01,3.295541790603264132e-01
7.898469999999999658e-01,3.295541804767516125e-01
7.899859999999999660e-01,3.295541818921016164e-01
7.899899999999999700e-01,3.295541819328302591e-01
7.901304000000000105e-01,3.295541833613506721e-01
7.902708000000000510e-01,3.295541847888180942e-01
7.904112000000000915e-01,3.295541862152332468e-01
7.905516000000001320e-01,3.295541876405967407e-01
7.906920000000001725e-01,3.295541890649092975e-01
7.908324000000002130e-01,3.295541904881715833e-01
7.909728000000002535e-01,3.295541919103842643e-01
7.911132000000002940e-01,3.295541933315480065e-01
7.912536000000003344e-01,3.295541947516634762e-01
7.913940000000003749e-01,3.295541961707313949e-01
7.915344000000004154e-01,3.295541975887524289e-01
7.916748000000004559e-01,3.295541990057271886e-01
7.918152000000004964e-01,3.295542004216563958e-01
7.919556000000005369e-01,3.295542018365406611e-01
7.920099999999999918e-01,3.295542023846011470e-01
7.921502000000000265e-01,3.295542037960241255e-01
7.922904000000000613e-01,3.295542052064060479e-01
7.924306000000000960e-01,3.295542066157475802e-01
7.925708000000001308e-01,3.295542080240493887e-01
7.927110000000001655e-01,3.295542094313121395e-01
7.928512000000002002e-01,3.295542108375365542e-01
7.929914000000002350e-01,3.295542122427232434e-01
7.931316000000002697e-01,3.295542136468729288e-01
7.932718000000003045e-01,3.295542150499862211e-01
7.934120000000003392e-01,3.295542164520637862e-01
7.935522000000003739e-01,3.295542178531063460e-01
7.936924000000004087e-01,3.295542192531145109e-01
7.938326000000004434e-01,3.295542206520889472e-01
7.939728000000004782e-01,3.295542220500303765e-01
7.940199999999999481e-01,3.295542225205470022e-01
7.941603999999999886e-01,3.295542239191088796e-01
7.943008000000000290e-01,3.295542253166457991e-01
7.944412000000000695e-01,3.295542267131583714e-01
7.945816000000001100e-01,3.295542281086473180e-01
7.947220000000001505e-01,3.295542295031133051e-01
7.948624000000001910e-01,3.295542308965569434e-01
7.950028000000002315e-01,3.295542322889788989e-01
7.951432000000002720e-01,3.295542336803797823e-01
7.952836000000003125e-01,3.295542350707603152e-01
7.954240000000003530e-01,3.295542364601211083e-01
7.955644000000003935e-01,3.295542378484628276e-01
7.957048000000004340e-01,3.295542392357861394e-01
7.958452000000004745e-01,3.295542406220916543e-01
7.959856000000005150e-01,3.295542420073800938e-01
7.960399999999999698e-01,3.295542425439774159e-01
7.961789999999999701e-01,3.295542439140350388e-01
7.963179999999999703e-01,3.295542452830659830e-01
7.964569999999999705e-01,3.295542466510708590e-01
7.965959999999999708e-01,3.295542480180503886e-01
7.967349999999999710e-01,3.295542493840051823e-01
7.968739999999999712e-01,3.295542507489359618e-01
7.970129999999999715e-01,3.295542521128433933e-01
7.971519999999999717e-01,3.295542534757280873e-01
7.972909999999999719e-01,3.295542548375908209e-01
7.974299999999999722e-01,3.295542561984321495e-01
7.975689999999999724e-01,3.295542575582527944e-01
7.977079999999999727e-01,3.295542589170534220e-01
7.978469999999999729e-01,3.295542602748346983e-01
7.979859999999999731e-01,3.295542616315972895e-01
7.979899999999999771e-01,3.295542616706400030e-01
7.981302000000000119e-01,3.295542630380856042e-01
7.982704000000000466e-01,3.295542644045313940e-01
7.984106000000000813e-01,3.295542657699779276e-01
7.985508000000001161e-01,3.295542671344258712e-01
7.986910000000001508e-01,3.295542684978759462e-01
7.988312000000001856e-01,3.295542698603287080e-01
7.989714000000002203e-01,3.295542712217847670e-01
7.991116000000002551e-01,3.295542725822447894e-01
7.992518000000002898e-01,3.295542739417094413e-01
7.993920000000003245e-01,3.295542753001793335e-01
7.995322000000003593e-01,3.295542766576550764e-01
7.996724000000003940e-01,3.295542780141373918e-01
7.998126000000004288e-01,3.295542793696268347e-01
7.999528000000004635e-01,3.295542807241240713e-01
8.000000000000000444e-01,3.295542811800192817e-01
8.001404000000000849e-01,3.295542825351291949e-01
8.002808000000001254e-01,3.295542838892546178e-01
8.004212000000001659e-01,3.295542852423961611e-01
8.005616000000002064e-01,3.295542865945544353e-01
8.007020000000002469e-01,3.295542879457301066e-01
8.008424000000002874e-01,3.295542892959237302e-01
8.009828000000003279e-01,3.295542906451359721e-01
8.011232000000003683e-01,3.295542919933674431e-01
8.012636000000004088e-01,3.295542933406187536e-01
8.014040000000004493e-01,3.295542946868905698e-01
8.015444000000004898e-01,3.295542960321834469e-01
8.016848000000005303e-01,3.295542973764980510e-01
8.018252000000005708e-01,3.295542987198349927e-01
8.019656000000006113e-01,3.295543000621948826e-01
8.020199999999999552e-01,3.295543005821648941e-01
8.021601999999999899e-01,3.295543019212605618e-01
8.023004000000000246e-01,3.295543032593827304e-01
8.024406000000000594e-01,3.295543045965319551e-01
8.025808000000000941e-01,3.295543059327089019e-01
8.027210000000001289e-01,3.295543072679141816e-01
8.028612000000001636e-01,3.295543086021484047e-01
8.030014000000001984e-01,3.295543099354121819e-01
8.031416000000002331e-01,3.295543112677061237e-01
8.032818000000002678e-01,3.295543125990308408e-01
8.034220000000003026e-01,3.295543139293869994e-01
8.035622000000003373e-01,3.295543152587751545e-01
8.037024000000003721e-01,3.295543165871959723e-01
8.038426000000004068e-01,3.295543179146500079e-01
8.039828000000004415e-01,3.295543192411379274e-01
8.040300000000000225e-01,3.295543196876064562e-01
8.041704000000000629e-01,3.295543210147018343e-01
8.043108000000001034e-01,3.295543223408385902e-01
8.044512000000001439e-01,3.295543236660173347e-01
8.045916000000001844e-01,3.295543249902386229e-01
8.047320000000002249e-01,3.295543263135031209e-01
8.048724000000002654e-01,3.295543276358113838e-01
8.050128000000003059e-01,3.295543289571640777e-01
8.051532000000003464e-01,3.295543302775617578e-01
8.052936000000003869e-01,3.295543315970050346e-01
8.054340000000004274e-01,3.295543329154945189e-01
8.055744000000004679e-01,3.295543342330308212e-01
8.057148000000005084e-01,3.295543355496144966e-01
8.058552000000005489e-01,3.295543368652461558e-01
8.059956000000005893e-01,3.295543381799264093e-01
8.060500000000000442e-01,3.295543386891754412e-01
8.061890000000000445e-01,3.295543399894204639e-01
8.063280000000000447e-01,3.295543412887050327e-01
8.064670000000000449e-01,3.295543425870297582e-01
8.066060000000000452e-01,3.295543438843952511e-01
8.067450000000000454e-01,3.295543451808020663e-01
8.068840000000000456e-01,3.295543464762509256e-01
8.070230000000000459e-01,3.295543477707423841e-01
8.071620000000000461e-01,3.295543490642771078e-01
8.073010000000000463e-01,3.295543503568556520e-01
8.074400000000000466e-01,3.295543516484786828e-01
8.075790000000000468e-01,3.295543529391467552e-01
8.077180000000000470e-01,3.295543542288605354e-01
8.078570000000000473e-01,3.295543555176206341e-01
8.079960000000000475e-01,3.295543568054276617e-01
8.080000000000000515e-01,3.295543568424860736e-01
8.081402000000000863e-01,3.295543581404471456e-01
8.082804000000001210e-01,3.295543594374726881e-01
8.084206000000001557e-01,3.295543607335633118e-01
8.085608000000001905e-01,3.295543620287196829e-01
8.087010000000002252e-01,3.295543633229423008e-01
8.088412000000002600e-01,3.295543646162317764e-01
8.089814000000002947e-01,3.295543659085886645e-01
8.091216000000003294e-01,3.295543672000136315e-01
8.092618000000003642e-01,3.295543684905071768e-01
8.094020000000003989e-01,3.295543697800699112e-01
8.095422000000004337e-01,3.295543710687024452e-01
8.096824000000004684e-01,3.295543723564053895e-01
8.098226000000005032e-01,3.295543736431792992e-01
8.099628000000005379e-01,3.295543749290247293e-01
8.100100000000000078e-01,3.295543753618147553e-01
8.101504000000000483e-01,3.295543766482597059e-01
8.102908000000000888e-01,3.295543779337833934e-01
8.104312000000001293e-01,3.295543792183863174e-01
8.105716000000001698e-01,3.295543805020690886e-01
8.107120000000002102e-01,3.295543817848323176e-01
8.108524000000002507e-01,3.295543830666765039e-01
8.109928000000002912e-01,3.295543843476022583e-01
8.111332000000003317e-01,3.295543856276101913e-01
8.112736000000003722e-01,3.295543869067008025e-01
8.114140000000004127e-01,3.295543881848747580e-01
8.115544000000004532e-01,3.295543894621325576e-01
8.116948000000004937e-01,3.295543907384747562e-01
8.118352000000005342e-01,3.295543920139019645e-01
8.119756000000005747e-01,3.295543932884147931e-01
8.120300000000000296e-01,3.295543937821059366e-01
8.121702000000000643e-01,3.295543950535377853e-01
8.123104000000000990e-01,3.295543963240584739e-01
8.124506000000001338e-01,3.295543975936685577e-01
8.125908000000001685e-01,3.295543988623686471e-01
8.127310000000002033e-01,3.295544001301592418e-01
8.128712000000002380e-01,3.295544013970409525e-01
8.130114000000002727e-01,3.295544026630143342e-01
8.131516000000003075e-01,3.295544039280799420e-01
8.132918000000003422e-01,3.295544051922383866e-01
8.134320000000003770e-01,3.295544064554902230e-01
8.135722000000004117e-01,3.295544077178359510e-01
8.137124000000004465e-01,3.295544089792762366e-01
8.138526000000004812e-01,3.295544102398115793e-01
8.139928000000005159e-01,3.295544114994425899e-01
8.140399999999999858e-01,3.295544119234099512e-01
8.141791999999999918e-01,3.295544131728445625e-01
8.143183999999999978e-01,3.295544144213700677e-01
8.144576000000000038e-01,3.295544156689870219e-01
8.145968000000000098e-01,3.295544169156959802e-01
8.147360000000000158e-01,3.295544181614976087e-01
8.148752000000000217e-01,3.295544194063924071e-01
8.150144000000000277e-01,3.295544206503809859e-01
8.151536000000000337e-01,3.295544218934639003e-01
8.152928000000000397e-01,3.295544231356417053e-01
8.154320000000000457e-01,3.295544243769150117e-01
8.155712000000000517e-01,3.295544256172843745e-01
8.157104000000000577e-01,3.295544268567504043e-01
8.158496000000000636e-01,3.295544280953136562e-01
8.159888000000000696e-01,3.295544293329746854e-01
8.159999999999999476e-01,3.295544294325507551e-01
8.161401999999999823e-01,3.295544306781417743e-01
8.162804000000000171e-01,3.295544319228452257e-01
8.164206000000000518e-01,3.295544331666616089e-01
8.165608000000000866e-01,3.295544344095914790e-01
8.167010000000001213e-01,3.295544356516354467e-01
8.168412000000001560e-01,3.295544368927939560e-01
8.169814000000001908e-01,3.295544381330676731e-01
8.171216000000002255e-01,3.295544393724570420e-01
8.172618000000002603e-01,3.295544406109626734e-01
8.174020000000002950e-01,3.295544418485851224e-01
8.175422000000003298e-01,3.295544430853249440e-01
8.176824000000003645e-01,3.295544443211826380e-01
8.178226000000003992e-01,3.295544455561588149e-01
8.179628000000004340e-01,3.295544467902539743e-01
8.180100000000000149e-01,3.295544472056269880e-01
8.181502000000000496e-01,3.295544484385490858e-01
8.182904000000000844e-01,3.295544496705951065e-01
8.184306000000001191e-01,3.295544509017656609e-01
8.185708000000001539e-01,3.295544521320612485e-01
8.187110000000001886e-01,3.295544533614824245e-01
8.188512000000002233e-01,3.295544545900296884e-01
8.189914000000002581e-01,3.295544558177036509e-01
8.191316000000002928e-01,3.295544570445048116e-01
8.192718000000003276e-01,3.295544582704337255e-01
8.194120000000003623e-01,3.295544594954908924e-01
8.195522000000003970e-01,3.295544607196769227e-01
8.196924000000004318e-01,3.295544619429923161e-01
8.198326000000004665e-01,3.295544631654376277e-01
8.199728000000005013e-01,3.295544643870133572e-01
8.200199999999999712e-01,3.295544647981728525e-01
8.201604000000000116e-01,3.295544660203346687e-01
8.203008000000000521e-01,3.295544672416335641e-01
8.204412000000000926e-01,3.295544684620700382e-01
8.205816000000001331e-01,3.295544696816445907e-01
8.207220000000001736e-01,3.295544709003577766e-01
8.208624000000002141e-01,3.295544721182101511e-01
8.210028000000002546e-01,3.295544733352022138e-01
8.211432000000002951e-01,3.295544745513345197e-01
8.212836000000003356e-01,3.295544757666076241e-01
8.214240000000003761e-01,3.295544769810219710e-01
8.215644000000004166e-01,3.295544781945781709e-01
8.217048000000004571e-01,3.295544794072767236e-01
8.218452000000004976e-01,3.295544806191181286e-01
8.219856000000005380e-01,3.295544818301029411e-01
8.220399999999999929e-01,3.295544822991878786e-01
8.221789999999999932e-01,3.295544834969035275e-01
8.223179999999999934e-01,3.295544846937543682e-01
8.224569999999999936e-01,3.295544858897409002e-01
8.225959999999999939e-01,3.295544870848636787e-01
8.227349999999999941e-01,3.295544882791232588e-01
8.228739999999999943e-01,3.295544894725201956e-01
8.230129999999999946e-01,3.295544906650549888e-01
8.231519999999999948e-01,3.295544918567282489e-01
8.232909999999999950e-01,3.295544930475404755e-01
8.234299999999999953e-01,3.295544942374922237e-01
8.235689999999999955e-01,3.295544954265840487e-01
8.237079999999999957e-01,3.295544966148164501e-01
8.238469999999999960e-01,3.295544978021899829e-01
8.239859999999999962e-01,3.295544989887052578e-01
8.239900000000000002e-01,3.295544990228488902e-01
8.241304000000000407e-01,3.295545002204482987e-01
8.242708000000000812e-01,3.295545014172067688e-01
8.244112000000001217e-01,3.295545026131248556e-01
8.245516000000001622e-01,3.295545038082030587e-01
8.246920000000002027e-01,3.295545050024419331e-01
8.248324000000002432e-01,3.295545061958419786e-01
8.249728000000002837e-01,3.295545073884036391e-01
8.251132000000003242e-01,3.295545085801274698e-01
8.252536000000003646e-01,3.295545097710140259e-01
8.253940000000004051e-01,3.295545109610638068e-01
8.255344000000004456e-01,3.295545121502772568e-01
8.256748000000004861e-01,3.295545133386549308e-01
8.258152000000005266e-01,3.295545145261973841e-01
8.259556000000005671e-01,3.295545157129050606e-01
8.260100000000000220e-01,3.295545161725867978e-01
8.261502000000000567e-01,3.295545173564488062e-01
8.262904000000000915e-01,3.295545185394789245e-01
8.264306000000001262e-01,3.295545197216776523e-01
8.265708000000001610e-01,3.295545209030454892e-01
8.267110000000001957e-01,3.295545220835829903e-01
8.268512000000002304e-01,3.295545232632905996e-01
8.269914000000002652e-01,3.295545244421688724e-01
8.271316000000002999e-01,3.295545256202183082e-01
8.272718000000003347e-01,3.295545267974394066e-01
8.274120000000003694e-01,3.295545279738327227e-01
8.275522000000004041e-01,3.295545291493987006e-01
8.276924000000004389e-01,3.295545303241378954e-01
8.278326000000004736e-01,3.295545314980508067e-01
8.279728000000005084e-01,3.295545326711379341e-01
8.280199999999999783e-01,3.295545330659781502e-01
8.281602000000000130e-01,3.295545342379655462e-01
8.283004000000000477e-01,3.295545354091317103e-01
8.284406000000000825e-01,3.295545365794770865e-01
8.285808000000001172e-01,3.295545377490022299e-01
8.287210000000001520e-01,3.295545389177076401e-01
8.288612000000001867e-01,3.295545400855937612e-01
8.290014000000002214e-01,3.295545412526610929e-01
8.291416000000002562e-01,3.295545424189101902e-01
8.292818000000002909e-01,3.295545435843415527e-01
8.294220000000003257e-01,3.295545447489556246e-01
8.295622000000003604e-01,3.295545459127529608e-01
8.297024000000003952e-01,3.295545470757340611e-01
8.298426000000004299e-01,3.295545482378994251e-01
8.299828000000004646e-01,3.295545493992494968e-01
8.300300000000000455e-01,3.295545497901394838e-01
8.301692000000000515e-01,3.295545509421135000e-01
8.303084000000000575e-01,3.295545520932678385e-01
8.304476000000000635e-01,3.295545532436029990e-01
8.305868000000000695e-01,3.295545543931195365e-01
8.307260000000000755e-01,3.295545555418179506e-01
8.308652000000000815e-01,3.295545566896986855e-01
8.310044000000000874e-01,3.295545578367622963e-01
8.311436000000000934e-01,3.295545589830093380e-01
8.312828000000000994e-01,3.295545601284402548e-01
8.314220000000001054e-01,3.295545612730556018e-01
8.315612000000001114e-01,3.295545624168558230e-01
8.317004000000001174e-01,3.295545635598414735e-01
8.318396000000001234e-01,3.295545647020130531e-01
8.319788000000001293e-01,3.295545658433710612e-01
8.319900000000000073e-01,3.295545659351992174e-01
8.321302000000000421e-01,3.295545670838896934e-01
8.322704000000000768e-01,3.295545682317796987e-01
8.324106000000001115e-01,3.295545693788696773e-01
8.325508000000001463e-01,3.295545705251600732e-01
8.326910000000001810e-01,3.295545716706514416e-01
8.328312000000002158e-01,3.295545728153442266e-01
8.329714000000002505e-01,3.295545739592389278e-01
8.331116000000002852e-01,3.295545751023360448e-01
8.332518000000003200e-01,3.295545762446360216e-01
8.333920000000003547e-01,3.295545773861394134e-01
8.335322000000003895e-01,3.295545785268466088e-01
8.336724000000004242e-01,3.295545796667581628e-01
8.338126000000004590e-01,3.295545808058745196e-01
8.339528000000004937e-01,3.295545819441962343e-01
8.339999999999999636e-01,3.295545823273357544e-01
8.341404000000000041e-01,3.295545834662242934e-01
8.342808000000000446e-01,3.295545846043240190e-01
8.344212000000000851e-01,3.295545857416354862e-01
8.345616000000001256e-01,3.295545868781591392e-01
8.347020000000001660e-01,3.295545880138954775e-01
8.348424000000002065e-01,3.295545891488449453e-01
8.349828000000002470e-01,3.295545902830080420e-01
8.351232000000002875e-01,3.295545914163852674e-01
8.352636000000003280e-01,3.295545925489770656e-01
8.354040000000003685e-01,3.295545936807838805e-01
8.355444000000004090e-01,3.295545948118062118e-01
8.356848000000004495e-01,3.295545959420445592e-01
8.358252000000004900e-01,3.295545970714993667e-01
8.359656000000005305e-01,3.295545982001711338e-01
8.360199999999999854e-01,3.295545986373737413e-01
8.361602000000000201e-01,3.295545997633539947e-01
8.363004000000000548e-01,3.295546008885538170e-01
8.364406000000000896e-01,3.295546020129736520e-01
8.365808000000001243e-01,3.295546031366139994e-01
8.367210000000001591e-01,3.295546042594753033e-01
8.368612000000001938e-01,3.295546053815581189e-01
8.370014000000002286e-01,3.295546065028628346e-01
8.371416000000002633e-01,3.295546076233899502e-01
8.372818000000002980e-01,3.295546087431399651e-01
8.374220000000003328e-01,3.295546098621133235e-01
8.375622000000003675e-01,3.295546109803104695e-01
8.377024000000004023e-01,3.295546120977319027e-01
8.378426000000004370e-01,3.295546132143780671e-01
8.379828000000004717e-01,3.295546143302494624e-01
8.380300000000000527e-01,3.295546147058330821e-01
8.381702000000000874e-01,3.295546158206726917e-01
8.383104000000001221e-01,3.295546169347416954e-01
8.384506000000001569e-01,3.295546180480406484e-01
8.385908000000001916e-01,3.295546191605698838e-01
8.387310000000002264e-01,3.295546202723299567e-01
8.388712000000002611e-01,3.295546213833213112e-01
8.390114000000002958e-01,3.295546224935443913e-01
8.391516000000003306e-01,3.295546236029996967e-01
8.392918000000003653e-01,3.295546247116876715e-01
8.394320000000004001e-01,3.295546258196087597e-01
8.395722000000004348e-01,3.295546269267634054e-01
8.397124000000004695e-01,3.295546280331521083e-01
8.398526000000005043e-01,3.295546291387753679e-01
8.399928000000005390e-01,3.295546302436336283e-01
8.400400000000000089e-01,3.295546306155106575e-01
8.401792000000000149e-01,3.295546317114629309e-01
8.403184000000000209e-01,3.295546328066459307e-01
8.404576000000000269e-01,3.295546339010601566e-01
8.405968000000000329e-01,3.295546349947059972e-01
8.407360000000000388e-01,3.295546360875840075e-01
8.408752000000000448e-01,3.295546371796946317e-01
8.410144000000000508e-01,3.295546382710383138e-01
8.411536000000000568e-01,3.295546393616155534e-01
8.412928000000000628e-01,3.295546404514267946e-01
8.414320000000000688e-01,3.295546415404725371e-01
8.415712000000000748e-01,3.295546426287532804e-01
8.417104000000000807e-01,3.295546437162694131e-01
8.418496000000000867e-01,3.295546448030214903e-01
8.419888000000000927e-01,3.295546458890099006e-01
8.419999999999999707e-01,3.295546459763833425e-01
8.421402000000000054e-01,3.295546470693596630e-01
8.422804000000000402e-01,3.295546481615845846e-01
8.424206000000000749e-01,3.295546492530585514e-01
8.425608000000001097e-01,3.295546503437820074e-01
8.427010000000001444e-01,3.295546514337553967e-01
8.428412000000001791e-01,3.295546525229791635e-01
8.429814000000002139e-01,3.295546536114538072e-01
8.431216000000002486e-01,3.295546546991797165e-01
8.432618000000002834e-01,3.295546557861573911e-01
8.434020000000003181e-01,3.295546568723872194e-01
8.435422000000003528e-01,3.295546579578697011e-01
8.436824000000003876e-01,3.295546590426052802e-01
8.438226000000004223e-01,3.295546601265944009e-01
8.439628000000004571e-01,3.295546612098375072e-01
8.440100000000000380e-01,3.295546615744396890e-01
8.441504000000000785e-01,3.295546626582357974e-01
8.442908000000001190e-01,3.295546637412914426e-01
8.444312000000001595e-01,3.295546648236070686e-01
8.445716000000001999e-01,3.295546659051831195e-01
8.447120000000002404e-01,3.295546669860200950e-01
8.448524000000002809e-01,3.295546680661183281e-01
8.449928000000003214e-01,3.295546691454783184e-01
8.451332000000003619e-01,3.295546702241005654e-01
8.452736000000004024e-01,3.295546713019854024e-01
8.454140000000004429e-01,3.295546723791333288e-01
8.455544000000004834e-01,3.295546734555447888e-01
8.456948000000005239e-01,3.295546745312202264e-01
8.458352000000005644e-01,3.295546756061600302e-01
8.459756000000006049e-01,3.295546766803646999e-01
8.460299999999999487e-01,3.295546770964704053e-01
8.461701999999999835e-01,3.295546781681272797e-01
8.463104000000000182e-01,3.295546792390513513e-01
8.464506000000000530e-01,3.295546803092430643e-01
8.465908000000000877e-01,3.295546813787028073e-01
8.467310000000001224e-01,3.295546824474310244e-01
8.468712000000001572e-01,3.295546835154282150e-01
8.470114000000001919e-01,3.295546845826947679e-01
8.471516000000002267e-01,3.295546856492311272e-01
8.472918000000002614e-01,3.295546867150376813e-01
8.474320000000002961e-01,3.295546877801149299e-01
8.475722000000003309e-01,3.295546888444633171e-01
8.477124000000003656e-01,3.295546899080832315e-01
8.478526000000004004e-01,3.295546909709751726e-01
8.479928000000004351e-01,3.295546920331395291e-01
8.480400000000000160e-01,3.295546923906473857e-01
8.481790000000000163e-01,3.295546934427440178e-01
8.483180000000000165e-01,3.295546944941073475e-01
8.484570000000000167e-01,3.295546955447378745e-01
8.485960000000000170e-01,3.295546965946360429e-01
8.487350000000000172e-01,3.295546976438022968e-01
8.488740000000000174e-01,3.295546986922370802e-01
8.490130000000000177e-01,3.295546997399408373e-01
8.491520000000000179e-01,3.295547007869140121e-01
8.492910000000000181e-01,3.295547018331570488e-01
8.494300000000000184e-01,3.295547028786703359e-01
8.495690000000000186e-01,3.295547039234543729e-01
8.497080000000000188e-01,3.295547049675096041e-01
8.498470000000000191e-01,3.295547060108365289e-01
8.499860000000000193e-01,3.295547070534354805e-01
8.499900000000000233e-01,3.295547070834377590e-01
8.501304000000000638e-01,3.295547081358029540e-01
8.502708000000001043e-01,3.295547091874548862e-01
8.504112000000001448e-01,3.295547102383940552e-01
8.505516000000001853e-01,3.295547112886208496e-01
8.506920000000002258e-01,3.295547123381356580e-01
8.508324000000002663e-01,3.295547133869389245e-01
8.509728000000003068e-01,3.295547144350310931e-01
8.511132000000003472e-01,3.295547154824125524e-01
8.512536000000003877e-01,3.295547165290837466e-01
8.513940000000004282e-01,3.295547175750450641e-01
8.515344000000004687e-01,3.295547186202969492e-01
8.516748000000005092e-01,3.295547196648398458e-01
8.518152000000005497e-01,3.295547207086741426e-01
8.519556000000005902e-01,3.295547217518002836e-01
8.520100000000000451e-01,3.295547221558682294e-01
8.521502000000000798e-01,3.295547231965281765e-01
8.522904000000001146e-01,3.295547242364822438e-01
8.524306000000001493e-01,3.295547252757307644e-01
8.525708000000001840e-01,3.295547263142742378e-01
8.527110000000002188e-01,3.295547273521130527e-01
8.528512000000002535e-01,3.295547283892475976e-01
8.529914000000002883e-01,3.295547294256783166e-01
8.531316000000003230e-01,3.295547304614055983e-01
8.532718000000003578e-01,3.295547314964299424e-01
8.534120000000003925e-01,3.295547325307516817e-01
8.535522000000004272e-01,3.295547335643712605e-01
8.536924000000004620e-01,3.295547345972891229e-01
8.538326000000004967e-01,3.295547356295056018e-01
8.539728000000005315e-01,3.295547366610211970e-01
8.540200000000000014e-01,3.295547370082138050e-01
8.541602000000000361e-01,3.295547380387958691e-01
8.543004000000000708e-01,3.295547390686806577e-01
8.544406000000001056e-01,3.295547400978686148e-01
8.545808000000001403e-01,3.295547411263601290e-01
8.547210000000001751e-01,3.295547421541556443e-01
8.548612000000002098e-01,3.295547431812555494e-01
8.550014000000002445e-01,3.295547442076602884e-01
8.551416000000002793e-01,3.295547452333702498e-01
8.552818000000003140e-01,3.295547462583858223e-01
8.554220000000003488e-01,3.295547472827074498e-01
8.555622000000003835e-01,3.295547483063355210e-01
8.557024000000004182e-01,3.295547493292704799e-01
8.558426000000004530e-01,3.295547503515127152e-01
8.559828000000004877e-01,3.295547513730626155e-01
8.560299999999999576e-01,3.295547517169011287e-01
8.561691999999999636e-01,3.295547527302367108e-01
8.563083999999999696e-01,3.295547537428760720e-01
8.564475999999999756e-01,3.295547547548196565e-01
8.565867999999999816e-01,3.295547557660679083e-01
8.567259999999999875e-01,3.295547567766212160e-01
8.568651999999999935e-01,3.295547577864799682e-01
8.570043999999999995e-01,3.295547587956446089e-01
8.571436000000000055e-01,3.295547598041155823e-01
8.572828000000000115e-01,3.295547608118932770e-01
8.574220000000000175e-01,3.295547618189780814e-01
8.575612000000000235e-01,3.295547628253704953e-01
8.577004000000000294e-01,3.295547638310708516e-01
8.578396000000000354e-01,3.295547648360795945e-01
8.579788000000000414e-01,3.295547658403971680e-01
8.579900000000000304e-01,3.295547659211998659e-01
8.581302000000000652e-01,3.295547669319957573e-01
8.582704000000000999e-01,3.295547679421114151e-01
8.584106000000001346e-01,3.295547689515472833e-01
8.585508000000001694e-01,3.295547699603036951e-01
8.586910000000002041e-01,3.295547709683810944e-01
8.588312000000002389e-01,3.295547719757798699e-01
8.589714000000002736e-01,3.295547729825004657e-01
8.591116000000003083e-01,3.295547739885432148e-01
8.592518000000003431e-01,3.295547749939085613e-01
8.593920000000003778e-01,3.295547759985968939e-01
8.595322000000004126e-01,3.295547770026086010e-01
8.596724000000004473e-01,3.295547780059440712e-01
8.598126000000004820e-01,3.295547790086036932e-01
8.599528000000005168e-01,3.295547800105879110e-01
8.599999999999999867e-01,3.295547803478413029e-01
8.601404000000000272e-01,3.295547813503563184e-01
8.602808000000000677e-01,3.295547823522008146e-01
8.604212000000001082e-01,3.295547833533751247e-01
8.605616000000001486e-01,3.295547843538796928e-01
8.607020000000001891e-01,3.295547853537149074e-01
8.608424000000002296e-01,3.295547863528811572e-01
8.609828000000002701e-01,3.295547873513788306e-01
8.611232000000003106e-01,3.295547883492083163e-01
8.612636000000003511e-01,3.295547893463700029e-01
8.614040000000003916e-01,3.295547903428642789e-01
8.615444000000004321e-01,3.295547913386915329e-01
8.616848000000004726e-01,3.295547923338522089e-01
8.618252000000005131e-01,3.295547933283466402e-01
8.619656000000005536e-01,3.295547943221752152e-01
8.620200000000000085e-01,3.295547947071484907e-01
8.621602000000000432e-01,3.295547956986396576e-01
8.623004000000000779e-01,3.295547966894670777e-01
8.624406000000001127e-01,3.295547976796311396e-01
8.625808000000001474e-01,3.295547986691322317e-01
8.627210000000001822e-01,3.295547996579707428e-01
8.628612000000002169e-01,3.295548006461470614e-01
8.630014000000002516e-01,3.295548016336615760e-01
8.631416000000002864e-01,3.295548026205146752e-01
8.632818000000003211e-01,3.295548036067067477e-01
8.634220000000003559e-01,3.295548045922381264e-01
8.635622000000003906e-01,3.295548055771092555e-01
8.637024000000004254e-01,3.295548065613205235e-01
8.638426000000004601e-01,3.295548075448723191e-01
8.639828000000004948e-01,3.295548085277650308e-01
8.640299999999999647e-01,3.295548088585928959e-01
8.641701999999999995e-01,3.295548098406076987e-01
8.643104000000000342e-01,3.295548108219668038e-01
8.644506000000000689e-01,3.295548118026705997e-01
8.645908000000001037e-01,3.295548127827194196e-01
8.647310000000001384e-01,3.295548137621137075e-01
8.648712000000001732e-01,3.295548147408538520e-01
8.650114000000002079e-01,3.295548157189401861e-01
8.651516000000002427e-01,3.295548166963731540e-01
8.652918000000002774e-01,3.295548176731530887e-01
8.654320000000003121e-01,3.295548186492803788e-01
8.655722000000003469e-01,3.295548196247554129e-01
8.657124000000003816e-01,3.295548205995785795e-01
8.658526000000004164e-01,3.295548215737502673e-01
8.659928000000004511e-01,3.295548225472708093e-01
8.660400000000000320e-01,3.295548228749443087e-01
8.661792000000000380e-01,3.295548238406482700e-01
8.663184000000000440e-01,3.295548248056974217e-01
8.664576000000000500e-01,3.295548257700921524e-01
8.665968000000000560e-01,3.295548267338328507e-01
8.667360000000000619e-01,3.295548276969199053e-01
8.668752000000000679e-01,3.295548286593537046e-01
8.670144000000000739e-01,3.295548296211345818e-01
8.671536000000000799e-01,3.295548305822629809e-01
8.672928000000000859e-01,3.295548315427392905e-01
8.674320000000000919e-01,3.295548325025638992e-01
8.675712000000000979e-01,3.295548334617371955e-01
8.677104000000001038e-01,3.295548344202595126e-01
8.678496000000001098e-01,3.295548353781312945e-01
8.679888000000001158e-01,3.295548363353529298e-01
8.679999999999999938e-01,3.295548364123665475e-01
8.681402000000000285e-01,3.295548373757717919e-01
8.682804000000000633e-01,3.295548383385371038e-01
8.684206000000000980e-01,3.295548393006629273e-01
8.685608000000001327e-01,3.295548402621495954e-01
8.687010000000001675e-01,3.295548412229974411e-01
8.688412000000002022e-01,3.295548421832068531e-01
8.689814000000002370e-01,3.295548431427782199e-01
8.691216000000002717e-01,3.295548441017119301e-01
8.692618000000003065e-01,3.295548450600083168e-01
8.694020000000003412e-01,3.295548460176677685e-01
8.695422000000003759e-01,3.295548469746906739e-01
8.696824000000004107e-01,3.295548479310773660e-01
8.698226000000004454e-01,3.295548488868282333e-01
8.699628000000004802e-01,3.295548498419436090e-01
8.700099999999999500e-01,3.295548501634226191e-01
8.701503999999999905e-01,3.295548511190551366e-01
8.702908000000000310e-01,3.295548520740567144e-01
8.704312000000000715e-01,3.295548530284277411e-01
8.705716000000001120e-01,3.295548539821686607e-01
8.707120000000001525e-01,3.295548549352797507e-01
8.708524000000001930e-01,3.295548558877613998e-01
8.709928000000002335e-01,3.295548568396139966e-01
8.711332000000002740e-01,3.295548577908378740e-01
8.712736000000003145e-01,3.295548587414333652e-01
8.714140000000003550e-01,3.295548596914009143e-01
8.715544000000003955e-01,3.295548606407407988e-01
8.716948000000004360e-01,3.295548615894534628e-01
8.718352000000004765e-01,3.295548625375392393e-01
8.719756000000005169e-01,3.295548634849984615e-01
8.720299999999999718e-01,3.295548638520111595e-01
8.721702000000000066e-01,3.295548647972533773e-01
8.723104000000000413e-01,3.295548657418709837e-01
8.724506000000000761e-01,3.295548666858643116e-01
8.725908000000001108e-01,3.295548676292337498e-01
8.727310000000001455e-01,3.295548685719796311e-01
8.728712000000001803e-01,3.295548695141023443e-01
8.730114000000002150e-01,3.295548704556022224e-01
8.731516000000002498e-01,3.295548713964796539e-01
8.732918000000002845e-01,3.295548723367349719e-01
8.734320000000003192e-01,3.295548732763685096e-01
8.735722000000003540e-01,3.295548742153807109e-01
8.737124000000003887e-01,3.295548751537718535e-01
8.738526000000004235e-01,3.295548760915423259e-01
8.739928000000004582e-01,3.295548770286924611e-01
8.740400000000000391e-01,3.295548773441249746e-01
8.741790000000000393e-01,3.295548782724212478e-01
8.743180000000000396e-01,3.295548792000921878e-01
8.744570000000000398e-01,3.295548801271382389e-01
8.745960000000000401e-01,3.295548810535596784e-01
8.747350000000000403e-01,3.295548819793569506e-01
8.748740000000000405e-01,3.295548829045303885e-01
8.750130000000000408e-01,3.295548838290803251e-01
8.751520000000000410e-01,3.295548847530072045e-01
8.752910000000000412e-01,3.295548856763113599e-01
8.754300000000000415e-01,3.295548865989931242e-01
8.755690000000000417e-01,3.295548875210529416e-01
8.757080000000000419e-01,3.295548884424910896e-01
8.758470000000000422e-01,3.295548893633080123e-01
8.759860000000000424e-01,3.295548902835039873e-01
8.759900000000000464e-01,3.295548903099839166e-01
8.761304000000000869e-01,3.295548912388212015e-01
8.762708000000001274e-01,3.295548921670500286e-01
8.764112000000001679e-01,3.295548930946706756e-01
8.765516000000002084e-01,3.295548940216835310e-01
8.766920000000002489e-01,3.295548949480889833e-01
8.768324000000002894e-01,3.295548958738873102e-01
8.769728000000003298e-01,3.295548967990789002e-01
8.771132000000003703e-01,3.295548977236640864e-01
8.772536000000004108e-01,3.295548986476432018e-01
8.773940000000004513e-01,3.295548995710166351e-01
8.775344000000004918e-01,3.295549004937846638e-01
8.776748000000005323e-01,3.295549014159477319e-01
8.778152000000005728e-01,3.295549023375061171e-01
8.779556000000006133e-01,3.295549032584602078e-01
8.780099999999999572e-01,3.295549036152064515e-01
8.781501999999999919e-01,3.295549045340119831e-01
8.782904000000000266e-01,3.295549054522149968e-01
8.784306000000000614e-01,3.295549063698158254e-01
8.785708000000000961e-01,3.295549072868148022e-01
8.787110000000001309e-01,3.295549082032122601e-01
8.788512000000001656e-01,3.295549091190085877e-01
8.789914000000002003e-01,3.295549100342040627e-01
8.791316000000002351e-01,3.295549109487990735e-01
8.792718000000002698e-01,3.295549118627939533e-01
8.794120000000003046e-01,3.295549127761890351e-01
8.795522000000003393e-01,3.295549136889847075e-01
8.796924000000003740e-01,3.295549146011812480e-01
8.798326000000004088e-01,3.295549155127791008e-01
8.799728000000004435e-01,3.295549164237785433e-01
8.800200000000000244e-01,3.295549167304095417e-01
8.801604000000000649e-01,3.295549176419124149e-01
8.803008000000001054e-01,3.295549185528212077e-01
8.804412000000001459e-01,3.295549194631362533e-01
8.805816000000001864e-01,3.295549203728578846e-01
8.807220000000002269e-01,3.295549212819864349e-01
8.808624000000002674e-01,3.295549221905222370e-01
8.810028000000003079e-01,3.295549230984656797e-01
8.811432000000003484e-01,3.295549240058170404e-01
8.812836000000003889e-01,3.295549249125767077e-01
8.814240000000004294e-01,3.295549258187449593e-01
8.815644000000004699e-01,3.295549267243221836e-01
8.817048000000005104e-01,3.295549276293087138e-01
8.818452000000005508e-01,3.295549285337048828e-01
8.819856000000005913e-01,3.295549294375110239e-01
8.820400000000000462e-01,3.295549297876151362e-01
8.821790000000000465e-01,3.295549306815862556e-01
8.823180000000000467e-01,3.295549315749612962e-01
8.824570000000000469e-01,3.295549324677405911e-01
8.825960000000000472e-01,3.295549333599245290e-01
8.827350000000000474e-01,3.295549342515134428e-01
8.828740000000000476e-01,3.295549351425076656e-01
8.830130000000000479e-01,3.295549360329075861e-01
8.831520000000000481e-01,3.295549369227135372e-01
8.832910000000000483e-01,3.295549378119257966e-01
8.834300000000000486e-01,3.295549387005448083e-01
8.835690000000000488e-01,3.295549395885708499e-01
8.837080000000000490e-01,3.295549404760042544e-01
8.838470000000000493e-01,3.295549413628454660e-01
8.839860000000000495e-01,3.295549422490947622e-01
8.839900000000000535e-01,3.295549422745978618e-01
8.841302000000000882e-01,3.295549431678993502e-01
8.842704000000001230e-01,3.295549440606194702e-01
8.844106000000001577e-01,3.295549449527586106e-01
8.845508000000001925e-01,3.295549458443170487e-01
8.846910000000002272e-01,3.295549467352951178e-01
8.848312000000002620e-01,3.295549476256931509e-01
8.849714000000002967e-01,3.295549485155114811e-01
8.851116000000003314e-01,3.295549494047504413e-01
8.852518000000003662e-01,3.295549502934104202e-01
8.853920000000004009e-01,3.295549511814916399e-01
8.855322000000004357e-01,3.295549520689944889e-01
8.856724000000004704e-01,3.295549529559193003e-01
8.858126000000005051e-01,3.295549538422664071e-01
8.859528000000005399e-01,3.295549547280360869e-01
8.860000000000000098e-01,3.295549550261756000e-01
8.861404000000000503e-01,3.295549559124406613e-01
8.862808000000000908e-01,3.295549567981324590e-01
8.864212000000001312e-01,3.295549576832512706e-01
8.865616000000001717e-01,3.295549585677974846e-01
8.867020000000002122e-01,3.295549594517713787e-01
8.868424000000002527e-01,3.295549603351732859e-01
8.869828000000002932e-01,3.295549612180035393e-01
8.871232000000003337e-01,3.295549621002624163e-01
8.872636000000003742e-01,3.295549629819502502e-01
8.874040000000004147e-01,3.295549638630674294e-01
8.875444000000004552e-01,3.295549647436142315e-01
8.876848000000004957e-01,3.295549656235909897e-01
8.878252000000005362e-01,3.295549665029980368e-01
8.879656000000005767e-01,3.295549673818356506e-01
8.880200000000000315e-01,3.295549677222684992e-01
8.881602000000000663e-01,3.295549685990659672e-01
8.883004000000001010e-01,3.295549694752956671e-01
8.884406000000001358e-01,3.295549703509579875e-01
8.885808000000001705e-01,3.295549712260532060e-01
8.887210000000002053e-01,3.295549721005816557e-01
8.888612000000002400e-01,3.295549729745436696e-01
8.890014000000002747e-01,3.295549738479395807e-01
8.891416000000003095e-01,3.295549747207696667e-01
8.892818000000003442e-01,3.295549755930342606e-01
8.894220000000003790e-01,3.295549764647336954e-01
8.895622000000004137e-01,3.295549773358683043e-01
8.897024000000004484e-01,3.295549782064383648e-01
8.898426000000004832e-01,3.295549790764442655e-01
8.899828000000005179e-01,3.295549799458862839e-01
8.900299999999999878e-01,3.295549802385304150e-01
8.901704000000000283e-01,3.295549811084624858e-01
8.903108000000000688e-01,3.295549819778346712e-01
8.904512000000001093e-01,3.295549828466473041e-01
8.905916000000001498e-01,3.295549837149007177e-01
8.907320000000001903e-01,3.295549845825951896e-01
8.908724000000002308e-01,3.295549854497310527e-01
8.910128000000002713e-01,3.295549863163086401e-01
8.911532000000003118e-01,3.295549871823282295e-01
8.912936000000003522e-01,3.295549880477901539e-01
8.914340000000003927e-01,3.295549889126946908e-01
8.915744000000004332e-01,3.295549897770422287e-01
8.917148000000004737e-01,3.295549906408330454e-01
8.918552000000005142e-01,3.295549915040674183e-01
8.919956000000005547e-01,3.295549923667456804e-01
8.920500000000000096e-01,3.295549927009193691e-01
8.921890000000000098e-01,3.295549935542200215e-01
8.923280000000000101e-01,3.295549944069587900e-01
8.924670000000000103e-01,3.295549952591360632e-01
8.926060000000000105e-01,3.295549961107521186e-01
8.927450000000000108e-01,3.295549969618072894e-01
8.928840000000000110e-01,3.295549978123019086e-01
8.930230000000000112e-01,3.295549986622362537e-01
8.931620000000000115e-01,3.295549995116107134e-01
8.933010000000000117e-01,3.295550003604255651e-01
8.934400000000000119e-01,3.295550012086811975e-01
8.935790000000000122e-01,3.295550020563778326e-01
8.937180000000000124e-01,3.295550029035158590e-01
8.938570000000000126e-01,3.295550037500956098e-01
8.939960000000000129e-01,3.295550045961173624e-01
8.940000000000000169e-01,3.295550046204628325e-01
8.941402000000000516e-01,3.295550054732238610e-01
8.942804000000000864e-01,3.295550063254368278e-01
8.944206000000001211e-01,3.295550071771020662e-01
8.945608000000001558e-01,3.295550080282198535e-01
8.947010000000001906e-01,3.295550088787905230e-01
8.948412000000002253e-01,3.295550097288143521e-01
8.949814000000002601e-01,3.295550105782916739e-01
8.951216000000002948e-01,3.295550114272228215e-01
8.952618000000003295e-01,3.295550122756080724e-01
8.954020000000003643e-01,3.295550131234477043e-01
8.955422000000003990e-01,3.295550139707421056e-01
8.956824000000004338e-01,3.295550148174914984e-01
8.958226000000004685e-01,3.295550156636962713e-01
8.959628000000005033e-01,3.295550165093566464e-01
8.960099999999999731e-01,3.295550167939966246e-01
8.961504000000000136e-01,3.295550176401391140e-01
8.962908000000000541e-01,3.295550184857410358e-01
8.964312000000000946e-01,3.295550193308027787e-01
8.965716000000001351e-01,3.295550201753246200e-01
8.967120000000001756e-01,3.295550210193068930e-01
8.968524000000002161e-01,3.295550218627498196e-01
8.969928000000002566e-01,3.295550227056537329e-01
8.971332000000002971e-01,3.295550235480189660e-01
8.972736000000003376e-01,3.295550243898457965e-01
8.974140000000003781e-01,3.295550252311345019e-01
8.975544000000004186e-01,3.295550260718854152e-01
8.976948000000004591e-01,3.295550269120988141e-01
8.978352000000004995e-01,3.295550277517750315e-01
8.979756000000005400e-01,3.295550285909143451e-01
8.980299999999999949e-01,3.295550289159703827e-01
8.981702000000000297e-01,3.295550297531710249e-01
8.983104000000000644e-01,3.295550305898363175e-01
8.984506000000000991e-01,3.295550314259664826e-01
8.985908000000001339e-01,3.295550322615619088e-01
8.987310000000001686e-01,3.295550330966228181e-01
8.988712000000002034e-01,3.295550339311495436e-01
8.990114000000002381e-01,3.295550347651424183e-01
8.991516000000002728e-01,3.295550355986017199e-01
8.992918000000003076e-01,3.295550364315277259e-01
8.994320000000003423e-01,3.295550372639207137e-01
8.995722000000003771e-01,3.295550380957810166e-01
8.997124000000004118e-01,3.295550389271089675e-01
8.998526000000004466e-01,3.295550397579048441e-01
8.999928000000004813e-01,3.295550405881688683e-01
9.000399999999999512e-01,3.295550408676268805e-01
9.001789999999999514e-01,3.295550416900706603e-01
9.003179999999999517e-01,3.295550425119782578e-01
9.004569999999999519e-01,3.295550433333500617e-01
9.005959999999999521e-01,3.295550441541862940e-01
9.007349999999999524e-01,3.295550449744873434e-01
9.008739999999999526e-01,3.295550457942534317e-01
9.010129999999999528e-01,3.295550466134848921e-01
9.011519999999999531e-01,3.295550474321821133e-01
9.012909999999999533e-01,3.295550482503453171e-01
9.014299999999999535e-01,3.295550490679747813e-01
9.015689999999999538e-01,3.295550498850708943e-01
9.017079999999999540e-01,3.295550507016338782e-01
9.018469999999999542e-01,3.295550515176641215e-01
9.019859999999999545e-01,3.295550523331618464e-01
9.019899999999999585e-01,3.295550523566290191e-01
9.021303999999999990e-01,3.295550531798026594e-01
9.022708000000000395e-01,3.295550540024543285e-01
9.024112000000000799e-01,3.295550548245843037e-01
9.025516000000001204e-01,3.295550556461929181e-01
9.026920000000001609e-01,3.295550564672804494e-01
9.028324000000002014e-01,3.295550572878471751e-01
9.029728000000002419e-01,3.295550581078933727e-01
9.031132000000002824e-01,3.295550589274193198e-01
9.032536000000003229e-01,3.295550597464253495e-01
9.033940000000003634e-01,3.295550605649117393e-01
9.035344000000004039e-01,3.295550613828787667e-01
9.036748000000004444e-01,3.295550622003267094e-01
9.038152000000004849e-01,3.295550630172558448e-01
9.039556000000005254e-01,3.295550638336665061e-01
9.040099999999999802e-01,3.295550641499187527e-01
9.041502000000000150e-01,3.295550649644485297e-01
9.042904000000000497e-01,3.295550657784612758e-01
9.044306000000000845e-01,3.295550665919572686e-01
9.045708000000001192e-01,3.295550674049367301e-01
9.047110000000001540e-01,3.295550682173999935e-01
9.048512000000001887e-01,3.295550690293473917e-01
9.049914000000002234e-01,3.295550698407791468e-01
9.051316000000002582e-01,3.295550706516955364e-01
9.052718000000002929e-01,3.295550714620969490e-01
9.054120000000003277e-01,3.295550722719835512e-01
9.055522000000003624e-01,3.295550730813556761e-01
9.056924000000003971e-01,3.295550738902136567e-01
9.058326000000004319e-01,3.295550746985577151e-01
9.059728000000004666e-01,3.295550755063881287e-01
9.060200000000000475e-01,3.295550757782956808e-01
9.061604000000000880e-01,3.295550765865951637e-01
9.063008000000001285e-01,3.295550773943846101e-01
9.064412000000001690e-01,3.295550782016643532e-01
9.065816000000002095e-01,3.295550790084346704e-01
9.067220000000002500e-01,3.295550798146958393e-01
9.068624000000002905e-01,3.295550806204480820e-01
9.070028000000003310e-01,3.295550814256917316e-01
9.071432000000003715e-01,3.295550822304270655e-01
9.072836000000004120e-01,3.295550830346544169e-01
9.074240000000004525e-01,3.295550838383740078e-01
9.075644000000004930e-01,3.295550846415861157e-01
9.077048000000005334e-01,3.295550854442910182e-01
9.078452000000005739e-01,3.295550862464890485e-01
9.079856000000006144e-01,3.295550870481804284e-01
9.080399999999999583e-01,3.295550873587312912e-01
9.081789999999999585e-01,3.295550881517221309e-01
9.083179999999999588e-01,3.295550889442010467e-01
9.084569999999999590e-01,3.295550897361682607e-01
9.085959999999999592e-01,3.295550905276241616e-01
9.087349999999999595e-01,3.295550913185689712e-01
9.088739999999999597e-01,3.295550921090030227e-01
9.090129999999999599e-01,3.295550928989265937e-01
9.091519999999999602e-01,3.295550936883399618e-01
9.092909999999999604e-01,3.295550944772434598e-01
9.094299999999999606e-01,3.295550952656373100e-01
9.095689999999999609e-01,3.295550960535218454e-01
9.097079999999999611e-01,3.295550968408972881e-01
9.098469999999999613e-01,3.295550976277640265e-01
9.099859999999999616e-01,3.295550984141222828e-01
9.099899999999999656e-01,3.295550984367509040e-01
9.101302000000000003e-01,3.295550992293833636e-01
9.102704000000000351e-01,3.295551000215163340e-01
9.104106000000000698e-01,3.295551008131501480e-01
9.105508000000001045e-01,3.295551016042850279e-01
9.106910000000001393e-01,3.295551023949212510e-01
9.108312000000001740e-01,3.295551031850590951e-01
9.109714000000002088e-01,3.295551039746988375e-01
9.111116000000002435e-01,3.295551047638407560e-01
9.112518000000002782e-01,3.295551055524851281e-01
9.113920000000003130e-01,3.295551063406322312e-01
9.115322000000003477e-01,3.295551071282823430e-01
9.116724000000003825e-01,3.295551079154357410e-01
9.118126000000004172e-01,3.295551087020927028e-01
9.119528000000004520e-01,3.295551094882534504e-01
9.120000000000000329e-01,3.295551097528676698e-01
9.121404000000000734e-01,3.295551105394897151e-01
9.122808000000001138e-01,3.295551113256190434e-01
9.124212000000001543e-01,3.295551121112559323e-01
9.125616000000001948e-01,3.295551128964006038e-01
9.127020000000002353e-01,3.295551136810533355e-01
9.128424000000002758e-01,3.295551144652144604e-01
9.129828000000003163e-01,3.295551152488842006e-01
9.131232000000003568e-01,3.295551160320628337e-01
9.132636000000003973e-01,3.295551168147506371e-01
9.134040000000004378e-01,3.295551175969478330e-01
9.135444000000004783e-01,3.295551183786547544e-01
9.136848000000005188e-01,3.295551191598716234e-01
9.138252000000005593e-01,3.295551199405987730e-01
9.139656000000005998e-01,3.295551207208364253e-01
9.140200000000000546e-01,3.295551210230772687e-01
9.141602000000000894e-01,3.295551218015257411e-01
9.143004000000001241e-01,3.295551225794860484e-01
9.144406000000001589e-01,3.295551233569585237e-01
9.145808000000001936e-01,3.295551241339433335e-01
9.147210000000002283e-01,3.295551249104408109e-01
9.148612000000002631e-01,3.295551256864512335e-01
9.150014000000002978e-01,3.295551264619748788e-01
9.151416000000003326e-01,3.295551272370119689e-01
9.152818000000003673e-01,3.295551280115627812e-01
9.154220000000004021e-01,3.295551287856275935e-01
9.155622000000004368e-01,3.295551295592066832e-01
9.157024000000004715e-01,3.295551303323003278e-01
9.158426000000005063e-01,3.295551311049087495e-01
9.159828000000005410e-01,3.295551318770322813e-01
9.160300000000000109e-01,3.295551321369219466e-01
9.161704000000000514e-01,3.295551329095015580e-01
9.163108000000000919e-01,3.295551336815995547e-01
9.164512000000001324e-01,3.295551344532162141e-01
9.165916000000001729e-01,3.295551352243517584e-01
9.167320000000002134e-01,3.295551359950064096e-01
9.168724000000002539e-01,3.295551367651805563e-01
9.170128000000002944e-01,3.295551375348743650e-01
9.171532000000003348e-01,3.295551383040881133e-01
9.172936000000003753e-01,3.295551390728220786e-01
9.174340000000004158e-01,3.295551398410765387e-01
9.175744000000004563e-01,3.295551406088517155e-01
9.177148000000004968e-01,3.295551413761478865e-01
9.178552000000005373e-01,3.295551421429653294e-01
9.179956000000005778e-01,3.295551429093042661e-01
9.180500000000000327e-01,3.295551432061615271e-01
9.181890000000000329e-01,3.295551439641917213e-01
9.183280000000000332e-01,3.295551447217385244e-01
9.184670000000000334e-01,3.295551454788021029e-01
9.186060000000000336e-01,3.295551462353827898e-01
9.187450000000000339e-01,3.295551469914808074e-01
9.188840000000000341e-01,3.295551477470964885e-01
9.190230000000000343e-01,3.295551485022300553e-01
9.191620000000000346e-01,3.295551492568818408e-01
9.193010000000000348e-01,3.295551500110520671e-01
9.194400000000000350e-01,3.295551507647410117e-01
9.195790000000000353e-01,3.295551515179489521e-01
9.197180000000000355e-01,3.295551522706761105e-01
9.198570000000000357e-01,3.295551530229228199e-01
9.199960000000000360e-01,3.295551537746893023e-01
9.200000000000000400e-01,3.295551537963224975e-01
9.201402000000000747e-01,3.295551545540930660e-01
9.202804000000001095e-01,3.295551553113918453e-01
9.204206000000001442e-01,3.295551560682191128e-01
9.205608000000001789e-01,3.295551568245750906e-01
9.207010000000002137e-01,3.295551575804600009e-01
9.208412000000002484e-01,3.295551583358741765e-01
9.209814000000002832e-01,3.295551590908178397e-01
9.211216000000003179e-01,3.295551598452912678e-01
9.212618000000003526e-01,3.295551605992946831e-01
9.214020000000003874e-01,3.295551613528283630e-01
9.215422000000004221e-01,3.295551621058925851e-01
9.216824000000004569e-01,3.295551628584875714e-01
9.218226000000004916e-01,3.295551636106135440e-01
9.219628000000005263e-01,3.295551643622708360e-01
9.220099999999999962e-01,3.295551646152721226e-01
9.221504000000000367e-01,3.295551653673779446e-01
9.222908000000000772e-01,3.295551661190183612e-01
9.224312000000001177e-01,3.295551668701935388e-01
9.225716000000001582e-01,3.295551676209036995e-01
9.227120000000001987e-01,3.295551683711491764e-01
9.228524000000002392e-01,3.295551691209301914e-01
9.229928000000002797e-01,3.295551698702469667e-01
9.231332000000003202e-01,3.295551706190997798e-01
9.232736000000003607e-01,3.295551713674889083e-01
9.234140000000004012e-01,3.295551721154145741e-01
9.235544000000004417e-01,3.295551728628770549e-01
9.236948000000004821e-01,3.295551736098765727e-01
9.238352000000005226e-01,3.295551743564134051e-01
9.239756000000005631e-01,3.295551751024877740e-01
9.240300000000000180e-01,3.295551753914956472e-01
9.241702000000000528e-01,3.295551761358668785e-01
9.243104000000000875e-01,3.295551768797769232e-01
9.244506000000001222e-01,3.295551776232259478e-01
9.245908000000001570e-01,3.295551783662142853e-01
9.247310000000001917e-01,3.295551791087421578e-01
9.248712000000002265e-01,3.295551798508097874e-01
9.250114000000002612e-01,3.295551805924174515e-01
9.251516000000002959e-01,3.295551813335653724e-01
9.252918000000003307e-01,3.295551820742538274e-01
9.254320000000003654e-01,3.295551828144830386e-01
9.255722000000004002e-01,3.295551835542532837e-01
9.257124000000004349e-01,3.295551842935647846e-01
9.258526000000004696e-01,3.295551850324178189e-01
9.259928000000005044e-01,3.295551857708126642e-01
9.260399999999999743e-01,3.295551860193501881e-01
9.261791999999999803e-01,3.295551867518638489e-01
9.263183999999999862e-01,3.295551874839164896e-01
9.264575999999999922e-01,3.295551882155083323e-01
9.265967999999999982e-01,3.295551889466397100e-01
9.267360000000000042e-01,3.295551896773107892e-01
9.268752000000000102e-01,3.295551904075218475e-01
9.270144000000000162e-01,3.295551911372731069e-01
9.271536000000000222e-01,3.295551918665649005e-01
9.272928000000000281e-01,3.295551925953974504e-01
9.274320000000000341e-01,3.295551933237709785e-01
9.275712000000000401e-01,3.295551940516857625e-01
9.277104000000000461e-01,3.295551947791420244e-01
9.278496000000000521e-01,3.295551955061400418e-01
9.279888000000000581e-01,3.295551962326800921e-01
9.280000000000000471e-01,3.295551962911343891e-01
9.281402000000000818e-01,3.295551970224055438e-01
9.282804000000001166e-01,3.295551977532256704e-01
9.284206000000001513e-01,3.295551984835951020e-01
9.285608000000001860e-01,3.295551992135140607e-01
9.287010000000002208e-01,3.295551999429827683e-01
9.288412000000002555e-01,3.295552006720014471e-01
9.289814000000002903e-01,3.295552014005704300e-01
9.291216000000003250e-01,3.295552021286898836e-01
9.292618000000003597e-01,3.295552028563600855e-01
9.294020000000003945e-01,3.295552035835812577e-01
9.295422000000004292e-01,3.295552043103536222e-01
9.296824000000004640e-01,3.295552050366774566e-01
9.298226000000004987e-01,3.295552057625529829e-01
9.299628000000005335e-01,3.295552064879804788e-01
9.300100000000000033e-01,3.295552067321535494e-01
9.301502000000000381e-01,3.295552074569840784e-01
9.302904000000000728e-01,3.295552081813686862e-01
9.304306000000001076e-01,3.295552089053076505e-01
9.305708000000001423e-01,3.295552096288011379e-01
9.307110000000001770e-01,3.295552103518494258e-01
9.308512000000002118e-01,3.295552110744527918e-01
9.309914000000002465e-01,3.295552117966114025e-01
9.311316000000002813e-01,3.295552125183255354e-01
9.312718000000003160e-01,3.295552132395954126e-01
9.314120000000003508e-01,3.295552139604213115e-01
9.315522000000003855e-01,3.295552146808034544e-01
9.316924000000004202e-01,3.295552154007420631e-01
9.318326000000004550e-01,3.295552161202374153e-01
9.319728000000004897e-01,3.295552168392897330e-01
9.320199999999999596e-01,3.295552170813170756e-01
9.321604000000000001e-01,3.295552178008055444e-01
9.323008000000000406e-01,3.295552185198539208e-01
9.324412000000000811e-01,3.295552192384624823e-01
9.325816000000001216e-01,3.295552199566313956e-01
9.327220000000001621e-01,3.295552206743609935e-01
9.328624000000002026e-01,3.295552213916514428e-01
9.330028000000002431e-01,3.295552221085030209e-01
9.331432000000002835e-01,3.295552228249158944e-01
9.332836000000003240e-01,3.295552235408903408e-01
9.334240000000003645e-01,3.295552242564266376e-01
9.335644000000004050e-01,3.295552249715249515e-01
9.337048000000004455e-01,3.295552256861855600e-01
9.338452000000004860e-01,3.295552264004087406e-01
9.339856000000005265e-01,3.295552271141946599e-01
9.340399999999999814e-01,3.295552273906957041e-01
9.341789999999999816e-01,3.295552280967543601e-01
9.343179999999999819e-01,3.295552288023711474e-01
9.344569999999999821e-01,3.295552295075463434e-01
9.345959999999999823e-01,3.295552302122801702e-01
9.347349999999999826e-01,3.295552309165729055e-01
9.348739999999999828e-01,3.295552316204247711e-01
9.350129999999999830e-01,3.295552323238359893e-01
9.351519999999999833e-01,3.295552330268068930e-01
9.352909999999999835e-01,3.295552337293376488e-01
9.354299999999999837e-01,3.295552344314284787e-01
9.355689999999999840e-01,3.295552351330796603e-01
9.357079999999999842e-01,3.295552358342914157e-01
9.358469999999999844e-01,3.295552365350639668e-01
9.359859999999999847e-01,3.295552372353975912e-01
9.359899999999999887e-01,3.295552372555507481e-01
9.361304000000000292e-01,3.295552379624947514e-01
9.362708000000000697e-01,3.295552386690084323e-01
9.364112000000001101e-01,3.295552393750919573e-01
9.365516000000001506e-01,3.295552400807456039e-01
9.366920000000001911e-01,3.295552407859695943e-01
9.368324000000002316e-01,3.295552414907641503e-01
9.369728000000002721e-01,3.295552421951294941e-01
9.371132000000003126e-01,3.295552428990659033e-01
9.372536000000003531e-01,3.295552436025735443e-01
9.373940000000003936e-01,3.295552443056526948e-01
9.375344000000004341e-01,3.295552450083035767e-01
9.376748000000004746e-01,3.295552457105263566e-01
9.378152000000005151e-01,3.295552464123213121e-01
9.379556000000005556e-01,3.295552471136886652e-01
9.380100000000000104e-01,3.295552473853793907e-01
9.381502000000000452e-01,3.295552480851555721e-01
9.382904000000000799e-01,3.295552487845052614e-01
9.384306000000001147e-01,3.295552494834286805e-01
9.385708000000001494e-01,3.295552501819260516e-01
9.387110000000001842e-01,3.295552508799975966e-01
9.388512000000002189e-01,3.295552515776435931e-01
9.389914000000002536e-01,3.295552522748642077e-01
9.391316000000002884e-01,3.295552529716597179e-01
9.392718000000003231e-01,3.295552536680302902e-01
9.394120000000003579e-01,3.295552543639762022e-01
9.395522000000003926e-01,3.295552550594976760e-01
9.396924000000004273e-01,3.295552557545949335e-01
9.398326000000004621e-01,3.295552564492681968e-01
9.399728000000004968e-01,3.295552571435176881e-01
9.400199999999999667e-01,3.295552573771970417e-01
9.401602000000000015e-01,3.295552580708818735e-01
9.403004000000000362e-01,3.295552587641448761e-01
9.404406000000000709e-01,3.295552594569862714e-01
9.405808000000001057e-01,3.295552601494062817e-01
9.407210000000001404e-01,3.295552608414051288e-01
9.408612000000001752e-01,3.295552615329830348e-01
9.410014000000002099e-01,3.295552622241402774e-01
9.411416000000002446e-01,3.295552629148770230e-01
9.412818000000002794e-01,3.295552636051935491e-01
9.414220000000003141e-01,3.295552642950900224e-01
9.415622000000003489e-01,3.295552649845666648e-01
9.417024000000003836e-01,3.295552656736236985e-01
9.418426000000004183e-01,3.295552663622614009e-01
9.419828000000004531e-01,3.295552670504799941e-01
9.420300000000000340e-01,3.295552672821295270e-01
9.421692000000000400e-01,3.295552679648772743e-01
9.423084000000000460e-01,3.295552686472033588e-01
9.424476000000000520e-01,3.295552693291079471e-01
9.425868000000000579e-01,3.295552700105913169e-01
9.427260000000000639e-01,3.295552706916536345e-01
9.428652000000000699e-01,3.295552713722951776e-01
9.430044000000000759e-01,3.295552720525161683e-01
9.431436000000000819e-01,3.295552727323168285e-01
9.432828000000000879e-01,3.295552734116974358e-01
9.434220000000000939e-01,3.295552740906581568e-01
9.435612000000000998e-01,3.295552747691992135e-01
9.437004000000001058e-01,3.295552754473208834e-01
9.438396000000001118e-01,3.295552761250233331e-01
9.439788000000001178e-01,3.295552768023068402e-01
9.439899999999999958e-01,3.295552768567982516e-01
9.441302000000000305e-01,3.295552775385005018e-01
9.442704000000000653e-01,3.295552782197901376e-01
9.444106000000001000e-01,3.295552789006673811e-01
9.445508000000001347e-01,3.295552795811323987e-01
9.446910000000001695e-01,3.295552802611854681e-01
9.448312000000002042e-01,3.295552809408268113e-01
9.449714000000002390e-01,3.295552816200565949e-01
9.451116000000002737e-01,3.295552822988750963e-01
9.452518000000003084e-01,3.295552829772824821e-01
9.453920000000003432e-01,3.295552836552789744e-01
9.455322000000003779e-01,3.295552843328647952e-01
9.456724000000004127e-01,3.295552850100401665e-01
9.458126000000004474e-01,3.295552856868053659e-01
9.459528000000004822e-01,3.295552863631605600e-01
9.459999999999999520e-01,3.295552865908171758e-01
9.461401999999999868e-01,3.295552872666260846e-01
9.462804000000000215e-01,3.295552879420268755e-01
9.464206000000000563e-01,3.295552886170198259e-01
9.465608000000000910e-01,3.295552892916051024e-01
9.467010000000001257e-01,3.295552899657829826e-01
9.468412000000001605e-01,3.295552906395536330e-01
9.469814000000001952e-01,3.295552913129172756e-01
9.471216000000002300e-01,3.295552919858741325e-01
9.472618000000002647e-01,3.295552926584244258e-01
9.474020000000002995e-01,3.295552933305684329e-01
9.475422000000003342e-01,3.295552940023062649e-01
9.476824000000003689e-01,3.295552946736381439e-01
9.478226000000004037e-01,3.295552953445643474e-01
9.479628000000004384e-01,3.295552960150850419e-01
9.480100000000000193e-01,3.295552962407778952e-01
9.481504000000000598e-01,3.295552969117154785e-01
9.482908000000001003e-01,3.295552975822502728e-01
9.484312000000001408e-01,3.295552982523825003e-01
9.485716000000001813e-01,3.295552989221124385e-01
9.487120000000002218e-01,3.295552995914401984e-01
9.488524000000002623e-01,3.295553002603660575e-01
9.489928000000003028e-01,3.295553009288901825e-01
9.491332000000003433e-01,3.295553015970128508e-01
9.492736000000003838e-01,3.295553022647341734e-01
9.494140000000004243e-01,3.295553029320544280e-01
9.495544000000004647e-01,3.295553035989738366e-01
9.496948000000005052e-01,3.295553042654925657e-01
9.498352000000005457e-01,3.295553049316108374e-01
9.499756000000005862e-01,3.295553055973288736e-01
9.500300000000000411e-01,3.295553058552108672e-01
9.501702000000000758e-01,3.295553065194263276e-01
9.503104000000001106e-01,3.295553071832425518e-01
9.504506000000001453e-01,3.295553078466597619e-01
9.505908000000001801e-01,3.295553085096781243e-01
9.507310000000002148e-01,3.295553091722978611e-01
9.508712000000002496e-01,3.295553098345191945e-01
9.510114000000002843e-01,3.295553104963422908e-01
9.511516000000003190e-01,3.295553111577674277e-01
9.512918000000003538e-01,3.295553118187947716e-01
9.514320000000003885e-01,3.295553124794245448e-01
9.515722000000004233e-01,3.295553131396569690e-01
9.517124000000004580e-01,3.295553137994922666e-01
9.518526000000004927e-01,3.295553144589306038e-01
9.519928000000005275e-01,3.295553151179722029e-01
9.520399999999999974e-01,3.295553153398014801e-01
9.521792000000000034e-01,3.295553159936103205e-01
9.523184000000000093e-01,3.295553166470199247e-01
9.524576000000000153e-01,3.295553173000305147e-01
9.525968000000000213e-01,3.295553179526422571e-01
9.527360000000000273e-01,3.295553186048554295e-01
9.528752000000000333e-01,3.295553192566701983e-01
9.530144000000000393e-01,3.295553199080867857e-01
9.531536000000000453e-01,3.295553205591054136e-01
9.532928000000000512e-01,3.295553212097263041e-01
9.534320000000000572e-01,3.295553218599496792e-01
9.535712000000000632e-01,3.295553225097757055e-01
9.537104000000000692e-01,3.295553231592046606e-01
9.538496000000000752e-01,3.295553238082367109e-01
9.539888000000000812e-01,3.295553244568720785e-01
9.539999999999999591e-01,3.295553245090585559e-01
9.541401999999999939e-01,3.295553251619307011e-01
9.542804000000000286e-01,3.295553258144122144e-01
9.544206000000000634e-01,3.295553264665033177e-01
9.545608000000000981e-01,3.295553271182042332e-01
9.547010000000001329e-01,3.295553277695151273e-01
9.548412000000001676e-01,3.295553284204362221e-01
9.549814000000002023e-01,3.295553290709677396e-01
9.551216000000002371e-01,3.295553297211099020e-01
9.552618000000002718e-01,3.295553303708628201e-01
9.554020000000003066e-01,3.295553310202267716e-01
9.555422000000003413e-01,3.295553316692019785e-01
9.556824000000003760e-01,3.295553323177886074e-01
9.558226000000004108e-01,3.295553329659868802e-01
9.559628000000004455e-01,3.295553336137970191e-01
9.560100000000000264e-01,3.295553338318460423e-01
9.561502000000000612e-01,3.295553344791388728e-01
9.562904000000000959e-01,3.295553351260452901e-01
9.564306000000001307e-01,3.295553357725654609e-01
9.565708000000001654e-01,3.295553364186996070e-01
9.567110000000002001e-01,3.295553370644479507e-01
9.568512000000002349e-01,3.295553377098106584e-01
9.569914000000002696e-01,3.295553383547879522e-01
9.571316000000003044e-01,3.295553389993799986e-01
9.572718000000003391e-01,3.295553396435870197e-01
9.574120000000003738e-01,3.295553402874092375e-01
9.575522000000004086e-01,3.295553409308468740e-01
9.576924000000004433e-01,3.295553415739000402e-01
9.578326000000004781e-01,3.295553422165690693e-01
9.579728000000005128e-01,3.295553428588540168e-01
9.580199999999999827e-01,3.295553430750434165e-01
9.581604000000000232e-01,3.295553437177335399e-01
9.583008000000000637e-01,3.295553443600421906e-01
9.584412000000001042e-01,3.295553450019695907e-01
9.585816000000001447e-01,3.295553456435159068e-01
9.587220000000001852e-01,3.295553462846813608e-01
9.588624000000002257e-01,3.295553469254661194e-01
9.590028000000002661e-01,3.295553475658704046e-01
9.591432000000003066e-01,3.295553482058943828e-01
9.592836000000003471e-01,3.295553488455383317e-01
9.594240000000003876e-01,3.295553494848023623e-01
9.595644000000004281e-01,3.295553501236866967e-01
9.597048000000004686e-01,3.295553507621915568e-01
9.598452000000005091e-01,3.295553514003171092e-01
9.599856000000005496e-01,3.295553520380635759e-01
9.600400000000000045e-01,3.295553522851107364e-01
9.601790000000000047e-01,3.295553529159692130e-01
9.603180000000000049e-01,3.295553535464445516e-01
9.604570000000000052e-01,3.295553541765369188e-01
9.605960000000000054e-01,3.295553548062465921e-01
9.607350000000000056e-01,3.295553554355737380e-01
9.608740000000000059e-01,3.295553560645185232e-01
9.610130000000000061e-01,3.295553566930812250e-01
9.611520000000000064e-01,3.295553573212620102e-01
9.612910000000000066e-01,3.295553579490610452e-01
9.614300000000000068e-01,3.295553585764786075e-01
9.615690000000000071e-01,3.295553592035148638e-01
9.617080000000000073e-01,3.295553598301699805e-01
9.618470000000000075e-01,3.295553604564442352e-01
9.619860000000000078e-01,3.295553610823377944e-01
9.619900000000000118e-01,3.295553611003488315e-01
9.621304000000000523e-01,3.295553617321617668e-01
9.622708000000000927e-01,3.295553623636013896e-01
9.624112000000001332e-01,3.295553629946679219e-01
9.625516000000001737e-01,3.295553636253615304e-01
9.626920000000002142e-01,3.295553642556823815e-01
9.628324000000002547e-01,3.295553648856307527e-01
9.629728000000002952e-01,3.295553655152067551e-01
9.631132000000003357e-01,3.295553661444106108e-01
9.632536000000003762e-01,3.295553667732425418e-01
9.633940000000004167e-01,3.295553674017027146e-01
9.635344000000004572e-01,3.295553680297912957e-01
9.636748000000004977e-01,3.295553686575085073e-01
9.638152000000005382e-01,3.295553692848545713e-01
9.639556000000005787e-01,3.295553699118296542e-01
9.640100000000000335e-01,3.295553701547044856e-01
9.641502000000000683e-01,3.295553707802726384e-01
9.642904000000001030e-01,3.295553714054706984e-01
9.644306000000001378e-01,3.295553720302988876e-01
9.645708000000001725e-01,3.295553726547573725e-01
9.647110000000002072e-01,3.295553732788463197e-01
9.648512000000002420e-01,3.295553739025659512e-01
9.649914000000002767e-01,3.295553745259164891e-01
9.651316000000003115e-01,3.295553751488980443e-01
9.652718000000003462e-01,3.295553757715108945e-01
9.654120000000003810e-01,3.295553763937552061e-01
9.655522000000004157e-01,3.295553770156311457e-01
9.656924000000004504e-01,3.295553776371388799e-01
9.658326000000004852e-01,3.295553782582786861e-01
9.659728000000005199e-01,3.295553788790506755e-01
9.660199999999999898e-01,3.295553790879993117e-01
9.661602000000000245e-01,3.295553797082812486e-01
9.663004000000000593e-01,3.295553803281970340e-01
9.664406000000000940e-01,3.295553809477468898e-01
9.665808000000001288e-01,3.295553815669310382e-01
9.667210000000001635e-01,3.295553821857495902e-01
9.668612000000001983e-01,3.295553828042027678e-01
9.670014000000002330e-01,3.295553834222907930e-01
9.671416000000002677e-01,3.295553840400138323e-01
9.672818000000003025e-01,3.295553846573720524e-01
9.674220000000003372e-01,3.295553852743656753e-01
9.675622000000003720e-01,3.295553858909948675e-01
9.677024000000004067e-01,3.295553865072598509e-01
9.678426000000004414e-01,3.295553871231607923e-01
9.679828000000004762e-01,3.295553877386978581e-01
9.680299999999999461e-01,3.295553879458845703e-01
9.681691999999999521e-01,3.295553885565432606e-01
9.683083999999999580e-01,3.295553891668356883e-01
9.684475999999999640e-01,3.295553897767620755e-01
9.685867999999999700e-01,3.295553903863226441e-01
9.687259999999999760e-01,3.295553909955175609e-01
9.688651999999999820e-01,3.295553916043469922e-01
9.690043999999999880e-01,3.295553922128112156e-01
9.691435999999999940e-01,3.295553928209103423e-01
9.692827999999999999e-01,3.295553934286445386e-01
9.694220000000000059e-01,3.295553940360140821e-01
9.695612000000000119e-01,3.295553946430190839e-01
9.697004000000000179e-01,3.295553952496598216e-01
9.698396000000000239e-01,3.295553958559364616e-01
9.699788000000000299e-01,3.295553964618491705e-01
9.699900000000000189e-01,3.295553965105983973e-01
9.701302000000000536e-01,3.295553971204758792e-01
9.702704000000000883e-01,3.295553977299949255e-01
9.704106000000001231e-01,3.295553983391558139e-01
9.705508000000001578e-01,3.295553989479586554e-01
9.706910000000001926e-01,3.295553995564036720e-01
9.708312000000002273e-01,3.295554001644910302e-01
9.709714000000002621e-01,3.295554007722209522e-01
9.711116000000002968e-01,3.295554013795935488e-01
9.712518000000003315e-01,3.295554019866090978e-01
9.713920000000003663e-01,3.295554025932677100e-01
9.715322000000004010e-01,3.295554031995696076e-01
9.716724000000004358e-01,3.295554038055149570e-01
9.718126000000004705e-01,3.295554044111039249e-01
9.719528000000005052e-01,3.295554050163367332e-01
9.719999999999999751e-01,3.295554052200552198e-01
9.721404000000000156e-01,3.295554058256773833e-01
9.722808000000000561e-01,3.295554064309456632e-01
9.724212000000000966e-01,3.295554070358602816e-01
9.725616000000001371e-01,3.295554076404214050e-01
9.727020000000001776e-01,3.295554082446292554e-01
9.728424000000002181e-01,3.295554088484839994e-01
9.729828000000002586e-01,3.295554094519858035e-01
9.731232000000002991e-01,3.295554100551348897e-01
9.732636000000003396e-01,3.295554106579313691e-01
9.734040000000003801e-01,3.295554112603754637e-01
9.735444000000004205e-01,3.295554118624673401e-01
9.736848000000004610e-01,3.295554124642072202e-01
9.738252000000005015e-01,3.295554130655952707e-01
9.739656000000005420e-01,3.295554136666316025e-01
9.740199999999999969e-01,3.295554138994590265e-01
9.741602000000000317e-01,3.295554144991521550e-01
9.743004000000000664e-01,3.295554150984943975e-01
9.744406000000001011e-01,3.295554156974859761e-01
9.745808000000001359e-01,3.295554162961270572e-01
9.747210000000001706e-01,3.295554168944178630e-01
9.748612000000002054e-01,3.295554174923585045e-01
9.750014000000002401e-01,3.295554180899492036e-01
9.751416000000002748e-01,3.295554186871901270e-01
9.752818000000003096e-01,3.295554192840814411e-01
9.754220000000003443e-01,3.295554198806233681e-01
9.755622000000003791e-01,3.295554204768160189e-01
9.757024000000004138e-01,3.295554210726596156e-01
9.758426000000004485e-01,3.295554216681543802e-01
9.759828000000004833e-01,3.295554222633004238e-01
9.760299999999999532e-01,3.295554224636239038e-01
9.761701999999999879e-01,3.295554230583052635e-01
9.763104000000000227e-01,3.295554236526395120e-01
9.764506000000000574e-01,3.295554242466268158e-01
9.765908000000000921e-01,3.295554248402673414e-01
9.767310000000001269e-01,3.295554254335612554e-01
9.768712000000001616e-01,3.295554260265087243e-01
9.770114000000001964e-01,3.295554266191099702e-01
9.771516000000002311e-01,3.295554272113651595e-01
9.772918000000002658e-01,3.295554278032744033e-01
9.774320000000003006e-01,3.295554283948379237e-01
9.775722000000003353e-01,3.295554289860559427e-01
9.777124000000003701e-01,3.295554295769286268e-01
9.778526000000004048e-01,3.295554301674561426e-01
9.779928000000004396e-01,3.295554307576386011e-01
9.780400000000000205e-01,3.295554309562914730e-01
9.781792000000000264e-01,3.295554315418016689e-01
9.783184000000000324e-01,3.295554321269645870e-01
9.784576000000000384e-01,3.295554327117803939e-01
9.785968000000000444e-01,3.295554332962493116e-01
9.787360000000000504e-01,3.295554338803715066e-01
9.788752000000000564e-01,3.295554344641471456e-01
9.790144000000000624e-01,3.295554350475764505e-01
9.791536000000000683e-01,3.295554356306595878e-01
9.792928000000000743e-01,3.295554362133966686e-01
9.794320000000000803e-01,3.295554367957879149e-01
9.795712000000000863e-01,3.295554373778335489e-01
9.797104000000000923e-01,3.295554379595337369e-01
9.798496000000000983e-01,3.295554385408886455e-01
9.799888000000001043e-01,3.295554391218984414e-01
9.799999999999999822e-01,3.295554391686441598e-01
9.801402000000000170e-01,3.295554397534598556e-01
9.802804000000000517e-01,3.295554403379357122e-01
9.804206000000000865e-01,3.295554409220718406e-01
9.805608000000001212e-01,3.295554415058684627e-01
9.807010000000001559e-01,3.295554420893256897e-01
9.808412000000001907e-01,3.295554426724437436e-01
9.809814000000002254e-01,3.295554432552227908e-01
9.811216000000002602e-01,3.295554438376629980e-01
9.812618000000002949e-01,3.295554444197645316e-01
9.814020000000003296e-01,3.295554450015275583e-01
9.815422000000003644e-01,3.295554455829523000e-01
9.816824000000003991e-01,3.295554461640388677e-01
9.818226000000004339e-01,3.295554467447874836e-01
9.819628000000004686e-01,3.295554473251983141e-01
9.820100000000000495e-01,3.295554475205622613e-01
9.821504000000000900e-01,3.295554481013514003e-01
9.822908000000001305e-01,3.295554486818049189e-01
9.824312000000001710e-01,3.295554492619229281e-01
9.825716000000002115e-01,3.295554498417056499e-01
9.827120000000002520e-01,3.295554504211532509e-01
9.828524000000002925e-01,3.295554510002658977e-01
9.829928000000003330e-01,3.295554515790437566e-01
9.831332000000003735e-01,3.295554521574870499e-01
9.832736000000004140e-01,3.295554527355958885e-01
9.834140000000004544e-01,3.295554533133704389e-01
9.835544000000004949e-01,3.295554538908108677e-01
9.836948000000005354e-01,3.295554544679173414e-01
9.838352000000005759e-01,3.295554550446900821e-01
9.839756000000006164e-01,3.295554556211292008e-01
9.840299999999999603e-01,3.295554558444288018e-01
9.841701999999999950e-01,3.295554564195847802e-01
9.843104000000000298e-01,3.295554569944079693e-01
9.844506000000000645e-01,3.295554575688984800e-01
9.845908000000000992e-01,3.295554581430565344e-01
9.847310000000001340e-01,3.295554587168822991e-01
9.848712000000001687e-01,3.295554592903759406e-01
9.850114000000002035e-01,3.295554598635376253e-01
9.851516000000002382e-01,3.295554604363675200e-01
9.852918000000002730e-01,3.295554610088657910e-01
9.854320000000003077e-01,3.295554615810326049e-01
9.855722000000003424e-01,3.295554621528681283e-01
9.857124000000003772e-01,3.295554627243725831e-01
9.858526000000004119e-01,3.295554632955460805e-01
9.859928000000004467e-01,3.295554638663887870e-01
9.860400000000000276e-01,3.295554640585323103e-01
9.861790000000000278e-01,3.295554646240448360e-01
9.863180000000000280e-01,3.295554651892236286e-01
9.864570000000000283e-01,3.295554657540689103e-01
9.865960000000000285e-01,3.295554663185809030e-01
9.867350000000000287e-01,3.295554668827597178e-01
9.868740000000000290e-01,3.295554674466055212e-01
9.870130000000000292e-01,3.295554680101185352e-01
9.871520000000000294e-01,3.295554685732988709e-01
9.872910000000000297e-01,3.295554691361467503e-01
9.874300000000000299e-01,3.295554696986623400e-01
9.875690000000000301e-01,3.295554702608458064e-01
9.877080000000000304e-01,3.295554708226972607e-01
9.878470000000000306e-01,3.295554713842169803e-01
9.879860000000000309e-01,3.295554719454050763e-01
9.879900000000000349e-01,3.295554719615541028e-01
9.881304000000000753e-01,3.295554725280593900e-01
9.882708000000001158e-01,3.295554730942394928e-01
9.884112000000001563e-01,3.295554736600944667e-01
9.885516000000001968e-01,3.295554742256245340e-01
9.886920000000002373e-01,3.295554747908299165e-01
9.888324000000002778e-01,3.295554753557106697e-01
9.889728000000003183e-01,3.295554759202670159e-01
9.891132000000003588e-01,3.295554764844991213e-01
9.892536000000003993e-01,3.295554770484071527e-01
9.893940000000004398e-01,3.295554776119912210e-01
9.895344000000004803e-01,3.295554781752515483e-01
9.896748000000005208e-01,3.295554787381882456e-01
9.898152000000005613e-01,3.295554793008015348e-01
9.899556000000006017e-01,3.295554798630915272e-01
9.900099999999999456e-01,3.295554800809104012e-01
9.901501999999999803e-01,3.295554806419517258e-01
9.902904000000000151e-01,3.295554812026704750e-01
9.904306000000000498e-01,3.295554817630668709e-01
9.905708000000000846e-01,3.295554823231410801e-01
9.907110000000001193e-01,3.295554828828932692e-01
9.908512000000001541e-01,3.295554834423235491e-01
9.909914000000001888e-01,3.295554840014321418e-01
9.911316000000002235e-01,3.295554845602191585e-01
9.912718000000002583e-01,3.295554851186848211e-01
9.914120000000002930e-01,3.295554856768292407e-01
9.915522000000003278e-01,3.295554862346525837e-01
9.916924000000003625e-01,3.295554867921550168e-01
9.918326000000003972e-01,3.295554873493367620e-01
9.919728000000004320e-01,3.295554879061979303e-01
9.920200000000000129e-01,3.295554880936355513e-01
9.921604000000000534e-01,3.295554886508643699e-01
9.923008000000000939e-01,3.295554892077746656e-01
9.924412000000001344e-01,3.295554897643666048e-01
9.925816000000001749e-01,3.295554903206403541e-01
9.927220000000002154e-01,3.295554908765960800e-01
9.928624000000002559e-01,3.295554914322339490e-01
9.930028000000002963e-01,3.295554919875541278e-01
9.931432000000003368e-01,3.295554925425567272e-01
9.932836000000003773e-01,3.295554930972419139e-01
9.934240000000004178e-01,3.295554936516099098e-01
9.935644000000004583e-01,3.295554942056608261e-01
9.937048000000004988e-01,3.295554947593947737e-01
9.938452000000005393e-01,3.295554953128120301e-01
9.939856000000005798e-01,3.295554958659126510e-01
9.940400000000000347e-01,3.295554960801719835e-01
9.941790000000000349e-01,3.295554966273157027e-01
9.943180000000000351e-01,3.295554971741393446e-01
9.944570000000000354e-01,3.295554977206430758e-01
9.945960000000000356e-01,3.295554982668270627e-01
9.947350000000000358e-01,3.295554988126914164e-01
9.948740000000000361e-01,3.295554993582363590e-01
9.950130000000000363e-01,3.295554999034620569e-01
9.951520000000000366e-01,3.295555004483686212e-01
9.952910000000000368e-01,3.295555009929562740e-01
9.954300000000000370e-01,3.295555015372251817e-01
9.955690000000000373e-01,3.295555020811754554e-01
9.957080000000000375e-01,3.295555026248072616e-01
9.958470000000000377e-01,3.295555031681208225e-01
9.959860000000000380e-01,3.295555037111162489e-01
9.959900000000000420e-01,3.295555037267417497e-01
9.961302000000000767e-01,3.295555042741029061e-01
9.962704000000001114e-01,3.295555048211514237e-01
9.964106000000001462e-01,3.295555053678874136e-01
9.965508000000001809e-01,3.295555059143110976e-01
9.966910000000002157e-01,3.295555064604225870e-01
9.968312000000002504e-01,3.295555070062221037e-01
9.969714000000002851e-01,3.295555075517097587e-01
9.971116000000003199e-01,3.295555080968857187e-01
9.972518000000003546e-01,3.295555086417501500e-01
9.973920000000003894e-01,3.295555091863031638e-01
9.975322000000004241e-01,3.295555097305449266e-01
9.976724000000004589e-01,3.295555102744756049e-01
9.978126000000004936e-01,3.295555108180954207e-01
9.979528000000005283e-01,3.295555113614044851e-01
9.979999999999999982e-01,3.295555115442807548e-01
9.981404000000000387e-01,3.295555120879511413e-01
9.982808000000000792e-01,3.295555126313127747e-01
9.984212000000001197e-01,3.295555131743658217e-01
9.985616000000001602e-01,3.295555137171103932e-01
9.987020000000002007e-01,3.295555142595466558e-01
9.988424000000002412e-01,3.295555148016747204e-01
9.989828000000002817e-01,3.295555153434948092e-01
9.991232000000003222e-01,3.295555158850070887e-01
9.992636000000003627e-01,3.295555164262116699e-01
9.994040000000004031e-01,3.295555169671086637e-01
9.995444000000004436e-01,3.295555175076982923e-01
9.996848000000004841e-01,3.295555180479807222e-01
9.998252000000005246e-01,3.295555185879560645e-01
9.999656000000005651e-01,3.295555191276244855e-01
1.000019999999999909e+00,3.295555193366807023e-01
1.000160199999999833e+00,3.295555198751552450e-01
1.000300399999999756e+00,3.295555204133235327e-01
1.000440599999999680e+00,3.295555209511857320e-01
1.000580799999999604e+00,3.295555214887420092e-01
1.000720999999999528e+00,3.295555220259925311e-01
1.000861199999999451e+00,3.295555225629374085e-01
1.001001399999999375e+00,3.295555230995768081e-01
1.001141599999999299e+00,3.295555236359108964e-01
1.001281799999999222e+00,3.295555241719397843e-01
1.001421999999999146e+00,3.295555247076636940e-01
1.001562199999999070e+00,3.295555252430827364e-01
1.001702399999998994e+00,3.295555257781970782e-01
1.001842599999998917e+00,3.295555263130068302e-01
1.001982799999998841e+00,3.295555268475122146e-01
1.002029999999999976e+00,3.295555270274253545e-01
1.002170400000000017e+00,3.295555275622879532e-01
1.002310800000000057e+00,3.295555280968480716e-01
1.002451200000000098e+00,3.295555286311058762e-01
1.002591600000000138e+00,3.295555291650614782e-01
1.002732000000000179e+00,3.295555296987150440e-01
1.002872400000000219e+00,3.295555302320667401e-01
1.003012800000000260e+00,3.295555307651166776e-01
1.003153200000000300e+00,3.295555312978650786e-01
1.003293600000000341e+00,3.295555318303119985e-01
1.003434000000000381e+00,3.295555323624576594e-01
1.003574400000000422e+00,3.295555328943021722e-01
1.003714800000000462e+00,3.295555334258457036e-01
1.003855200000000503e+00,3.295555339570883646e-01
1.003995600000000543e+00,3.295555344880303772e-01
1.004050000000000109e+00,3.295555346937063534e-01
1.004188999999999998e+00,3.295555352189346587e-01
1.004327999999999887e+00,3.295555357438589850e-01
1.004466999999999777e+00,3.295555362684794987e-01
1.004605999999999666e+00,3.295555367927964219e-01
1.004744999999999555e+00,3.295555373168098656e-01
1.004883999999999444e+00,3.295555378405199409e-01
1.005022999999999334e+00,3.295555383639268143e-01
1.005161999999999223e+00,3.295555388870306524e-01
1.005300999999999112e+00,3.295555394098316215e-01
1.005439999999999001e+00,3.295555399323298884e-01
1.005578999999998890e+00,3.295555404545255640e-01
1.005717999999998780e+00,3.295555409764188703e-01
1.005856999999998669e+00,3.295555414980099185e-01
1.005995999999998558e+00,3.295555420192988749e-01
1.006000000000000005e+00,3.295555420342997643e-01
1.006140199999999929e+00,3.295555425597831434e-01
1.006280399999999853e+00,3.295555430849695377e-01
1.006420599999999776e+00,3.295555436098591140e-01
1.006560799999999700e+00,3.295555441344519831e-01
1.006700999999999624e+00,3.295555446587483117e-01
1.006841199999999548e+00,3.295555451827482663e-01
1.006981399999999471e+00,3.295555457064519578e-01
1.007121599999999395e+00,3.295555462298596083e-01
1.007261799999999319e+00,3.295555467529712734e-01
1.007401999999999243e+00,3.295555472757871196e-01
1.007542199999999166e+00,3.295555477983073689e-01
1.007682399999999090e+00,3.295555483205320768e-01
1.007822599999999014e+00,3.295555488424614099e-01
1.007962799999998937e+00,3.295555493640955347e-01
1.008010000000000073e+00,3.295555495396764734e-01
1.008150400000000113e+00,3.295555500616617617e-01
1.008290800000000154e+00,3.295555505833537846e-01
1.008431200000000194e+00,3.295555511047525976e-01
1.008571600000000235e+00,3.295555516258584228e-01
1.008712000000000275e+00,3.295555521466713711e-01
1.008852400000000316e+00,3.295555526671916091e-01
1.008992800000000356e+00,3.295555531874192479e-01
1.009133200000000397e+00,3.295555537073544539e-01
1.009273600000000437e+00,3.295555542269973381e-01
1.009414000000000478e+00,3.295555547463480672e-01
1.009554400000000518e+00,3.295555552654068077e-01
1.009694800000000559e+00,3.295555557841736705e-01
1.009835200000000599e+00,3.295555563026488222e-01
1.009975600000000640e+00,3.295555568208324293e-01
1.010029999999999983e+00,3.295555570215663588e-01
1.010170199999999907e+00,3.295555575386079350e-01
1.010310399999999831e+00,3.295555580553585218e-01
1.010450599999999755e+00,3.295555585718183411e-01
1.010590799999999678e+00,3.295555590879874486e-01
1.010730999999999602e+00,3.295555596038660107e-01
1.010871199999999526e+00,3.295555601194541939e-01
1.011011399999999449e+00,3.295555606347521094e-01
1.011151599999999373e+00,3.295555611497599791e-01
1.011291799999999297e+00,3.295555616644778585e-01
1.011431999999999221e+00,3.295555621789059142e-01
1.011572199999999144e+00,3.295555626930443127e-01
1.011712399999999068e+00,3.295555632068932206e-01
1.011852599999998992e+00,3.295555637204526933e-01
1.011992799999998915e+00,3.295555642337229529e-01
1.012040000000000051e+00,3.295555644064887546e-01
1.012178999999999940e+00,3.295555649149773947e-01
1.012317999999999829e+00,3.295555654231742126e-01
1.012456999999999718e+00,3.295555659310793750e-01
1.012595999999999608e+00,3.295555664386930483e-01
1.012734999999999497e+00,3.295555669460153436e-01
1.012873999999999386e+00,3.295555674530464274e-01
1.013012999999999275e+00,3.295555679597864662e-01
1.013151999999999164e+00,3.295555684662355711e-01
1.013290999999999054e+00,3.295555689723939086e-01
1.013429999999998943e+00,3.295555694782616452e-01
1.013568999999998832e+00,3.295555699838388919e-01
1.013707999999998721e+00,3.295555704891258153e-01
1.013846999999998610e+00,3.295555709941225819e-01
1.013985999999998500e+00,3.295555714988293028e-01
1.013989999999999947e+00,3.295555715133530184e-01
1.014130399999999987e+00,3.295555720228500185e-01
1.014270800000000028e+00,3.295555725320625240e-01
1.014411200000000068e+00,3.295555730409906459e-01
1.014551600000000109e+00,3.295555735496345506e-01
1.014692000000000149e+00,3.295555740579943493e-01
1.014832400000000190e+00,3.295555745660702085e-01
1.014972800000000230e+00,3.295555750738622391e-01
1.015113200000000271e+00,3.295555755813706078e-01
1.015253600000000311e+00,3.295555760885954810e-01
1.015394000000000352e+00,3.295555765955369698e-01
1.015534400000000392e+00,3.295555771021951852e-01
1.015674800000000433e+00,3.295555776085702937e-01
1.015815200000000473e+00,3.295555781146624064e-01
1.015955600000000514e+00,3.295555786204716897e-01
1.016010000000000080e+00,3.295555788164123423e-01
1.016150200000000003e+00,3.295555793211093487e-01
1.016290399999999927e+00,3.295555798255241364e-01
1.016430599999999851e+00,3.295555803296568165e-01
1.016570799999999775e+00,3.295555808335075554e-01
1.016710999999999698e+00,3.295555813370764642e-01
1.016851199999999622e+00,3.295555818403637094e-01
1.016991399999999546e+00,3.295555823433694020e-01
1.017131599999999469e+00,3.295555828460937087e-01
1.017271799999999393e+00,3.295555833485367403e-01
1.017411999999999317e+00,3.295555838506986079e-01
1.017552199999999241e+00,3.295555843525794781e-01
1.017692399999999164e+00,3.295555848541795174e-01
1.017832599999999088e+00,3.295555853554988368e-01
1.017972799999999012e+00,3.295555858565376028e-01
1.018019999999999925e+00,3.295555860251864755e-01
1.018160399999999965e+00,3.295555865265664686e-01
1.018300800000000006e+00,3.295555870276676846e-01
1.018441200000000046e+00,3.295555875284902347e-01
1.018581600000000087e+00,3.295555880290342854e-01
1.018722000000000127e+00,3.295555885292998921e-01
1.018862400000000168e+00,3.295555890292872769e-01
1.019002800000000208e+00,3.295555895289964954e-01
1.019143200000000249e+00,3.295555900284277695e-01
1.019283600000000289e+00,3.295555905275812103e-01
1.019424000000000330e+00,3.295555910264569288e-01
1.019564400000000370e+00,3.295555915250550361e-01
1.019704800000000411e+00,3.295555920233756986e-01
1.019845200000000451e+00,3.295555925214190829e-01
1.019985600000000492e+00,3.295555930191853000e-01
1.020040000000000058e+00,3.295555932120103892e-01
1.020178999999999947e+00,3.295555937044264416e-01
1.020317999999999836e+00,3.295555941965622737e-01
1.020456999999999725e+00,3.295555946884180520e-01
1.020595999999999615e+00,3.295555951799938876e-01
1.020734999999999504e+00,3.295555956712898915e-01
1.020873999999999393e+00,3.295555961623062302e-01
1.021012999999999282e+00,3.295555966530430703e-01
1.021151999999999171e+00,3.295555971435004672e-01
1.021290999999999061e+00,3.295555976336786430e-01
1.021429999999998950e+00,3.295555981235777643e-01
1.021568999999998839e+00,3.295555986131978865e-01
1.021707999999998728e+00,3.295555991025391762e-01
1.021846999999998618e+00,3.295555995916017444e-01
1.021985999999998507e+00,3.295556000803858132e-01
1.021989999999999954e+00,3.295556000944513397e-01
1.022130199999999878e+00,3.295556005871730920e-01
1.022270399999999801e+00,3.295556010796210078e-01
1.022410599999999725e+00,3.295556015717952536e-01
1.022550799999999649e+00,3.295556020636959405e-01
1.022690999999999573e+00,3.295556025553231794e-01
1.022831199999999496e+00,3.295556030466771924e-01
1.022971399999999420e+00,3.295556035377580351e-01
1.023111599999999344e+00,3.295556040285658739e-01
1.023251799999999267e+00,3.295556045191008199e-01
1.023391999999999191e+00,3.295556050093629841e-01
1.023532199999999115e+00,3.295556054993525330e-01
1.023672399999999039e+00,3.295556059890696332e-01
1.023812599999998962e+00,3.295556064785143402e-01
1.023952799999998886e+00,3.295556069676868760e-01
1.024000000000000021e+00,3.295556071323417768e-01
1.024140400000000062e+00,3.295556076218497110e-01
1.024280800000000102e+00,3.295556081110871394e-01
1.024421200000000143e+00,3.295556086000541174e-01
1.024561600000000183e+00,3.295556090887508671e-01
1.024702000000000224e+00,3.295556095771774441e-01
1.024842400000000264e+00,3.295556100653340148e-01
1.024982800000000305e+00,3.295556105532207458e-01
1.025123200000000345e+00,3.295556110408377481e-01
1.025263600000000386e+00,3.295556115281851328e-01
1.025404000000000426e+00,3.295556120152630664e-01
1.025544400000000467e+00,3.295556125020716043e-01
1.025684800000000507e+00,3.295556129886109131e-01
1.025825200000000548e+00,3.295556134748811594e-01
1.025965600000000588e+00,3.295556139608824542e-01
1.026019999999999932e+00,3.295556141491502999e-01
1.026160199999999856e+00,3.295556146340867798e-01
1.026300399999999780e+00,3.295556151187548632e-01
1.026440599999999703e+00,3.295556156031547168e-01
1.026580799999999627e+00,3.295556160872864515e-01
1.026720999999999551e+00,3.295556165711502339e-01
1.026861199999999474e+00,3.295556170547461750e-01
1.027001399999999398e+00,3.295556175380743857e-01
1.027141599999999322e+00,3.295556180211349773e-01
1.027281799999999246e+00,3.295556185039281161e-01
1.027421999999999169e+00,3.295556189864539132e-01
1.027562199999999093e+00,3.295556194687125351e-01
1.027702399999999017e+00,3.295556199507040929e-01
1.027842599999998940e+00,3.295556204324286975e-01
1.027982799999998864e+00,3.295556209138864601e-01
1.028029999999999999e+00,3.295556210759447158e-01
1.028170400000000040e+00,3.295556215577341019e-01
1.028310800000000080e+00,3.295556220392583668e-01
1.028451200000000121e+00,3.295556225205175660e-01
1.028591600000000161e+00,3.295556230015119215e-01
1.028732000000000202e+00,3.295556234822414887e-01
1.028872400000000242e+00,3.295556239627064343e-01
1.029012800000000283e+00,3.295556244429068693e-01
1.029153200000000323e+00,3.295556249228429047e-01
1.029293600000000364e+00,3.295556254025147069e-01
1.029434000000000404e+00,3.295556258819223872e-01
1.029574400000000445e+00,3.295556263610660563e-01
1.029714800000000485e+00,3.295556268399458810e-01
1.029855200000000526e+00,3.295556273185619722e-01
1.029995600000000566e+00,3.295556277969144410e-01
1.030049999999999910e+00,3.295556279822194345e-01
1.030189000000000021e+00,3.295556284554342352e-01
1.030328000000000133e+00,3.295556289283824714e-01
1.030467000000000244e+00,3.295556294010642540e-01
1.030606000000000355e+00,3.295556298734797496e-01
1.030745000000000466e+00,3.295556303456291247e-01
1.030884000000000578e+00,3.295556308175124349e-01
1.031023000000000689e+00,3.295556312891298467e-01
1.031162000000000800e+00,3.295556317604815266e-01
1.031301000000000911e+00,3.295556322315675857e-01
1.031440000000001023e+00,3.295556327023881349e-01
1.031579000000001134e+00,3.295556331729432853e-01
1.031718000000001245e+00,3.295556336432332034e-01
1.031857000000001356e+00,3.295556341132580003e-01
1.031996000000001468e+00,3.295556345830178424e-01
1.032000000000000028e+00,3.295556345965359180e-01
1.032140199999999952e+00,3.295556350700830084e-01
1.032280399999999876e+00,3.295556355433696405e-01
1.032420599999999800e+00,3.295556360163959253e-01
1.032560799999999723e+00,3.295556364891620293e-01
1.032700999999999647e+00,3.295556369616680636e-01
1.032841199999999571e+00,3.295556374339141392e-01
1.032981399999999494e+00,3.295556379059004226e-01
1.033121599999999418e+00,3.295556383776269693e-01
1.033261799999999342e+00,3.295556388490940014e-01
1.033401999999999266e+00,3.295556393203015744e-01
1.033542199999999189e+00,3.295556397912498547e-01
1.033682399999999113e+00,3.295556402619389536e-01
1.033822599999999037e+00,3.295556407323689818e-01
1.033962799999998960e+00,3.295556412025400506e-01
1.034010000000000096e+00,3.295556413607994006e-01
1.034150400000000136e+00,3.295556418312964309e-01
1.034290800000000177e+00,3.295556423015361114e-01
1.034431200000000217e+00,3.295556427715185532e-01
1.034571600000000258e+00,3.295556432412438674e-01
1.034712000000000298e+00,3.295556437107122205e-01
1.034852400000000339e+00,3.295556441799237235e-01
1.034992800000000379e+00,3.295556446488784874e-01
1.035133200000000420e+00,3.295556451175766233e-01
1.035273600000000460e+00,3.295556455860182421e-01
1.035414000000000501e+00,3.295556460542035104e-01
1.035554400000000541e+00,3.295556465221325393e-01
1.035694800000000582e+00,3.295556469898054397e-01
1.035835200000000622e+00,3.295556474572223227e-01
1.035975600000000663e+00,3.295556479243833548e-01
1.036030000000000006e+00,3.295556481053532050e-01
1.036170199999999930e+00,3.295556485714943307e-01
1.036310399999999854e+00,3.295556490373801051e-01
1.036450599999999778e+00,3.295556495030106392e-01
1.036590799999999701e+00,3.295556499683860441e-01
1.036730999999999625e+00,3.295556504335064862e-01
1.036871199999999549e+00,3.295556508983720767e-01
1.037011399999999472e+00,3.295556513629829265e-01
1.037151599999999396e+00,3.295556518273392022e-01
1.037291799999999320e+00,3.295556522914409592e-01
1.037431999999999244e+00,3.295556527552883641e-01
1.037572199999999167e+00,3.295556532188815280e-01
1.037712399999999091e+00,3.295556536822205618e-01
1.037852599999999015e+00,3.295556541453056321e-01
1.037992799999998939e+00,3.295556546081367943e-01
1.038040000000000074e+00,3.295556547639256761e-01
1.038178999999999963e+00,3.295556552224543911e-01
1.038317999999999852e+00,3.295556556807269777e-01
1.038456999999999741e+00,3.295556561387434913e-01
1.038595999999999631e+00,3.295556565965040985e-01
1.038734999999999520e+00,3.295556570540089103e-01
1.038873999999999409e+00,3.295556575112580378e-01
1.039012999999999298e+00,3.295556579682516474e-01
1.039151999999999187e+00,3.295556584249898502e-01
1.039290999999999077e+00,3.295556588814727572e-01
1.039429999999998966e+00,3.295556593377005350e-01
1.039568999999998855e+00,3.295556597936732390e-01
1.039707999999998744e+00,3.295556602493910359e-01
1.039846999999998634e+00,3.295556607048540365e-01
1.039985999999998523e+00,3.295556611600624075e-01
1.039989999999999970e+00,3.295556611731617624e-01
1.040130400000000011e+00,3.295556616326976163e-01
1.040270800000000051e+00,3.295556620919836144e-01
1.040411200000000091e+00,3.295556625510198678e-01
1.040551600000000132e+00,3.295556630098065432e-01
1.040692000000000172e+00,3.295556634683437514e-01
1.040832400000000213e+00,3.295556639266316035e-01
1.040972800000000253e+00,3.295556643846702105e-01
1.041113200000000294e+00,3.295556648424596835e-01
1.041253600000000334e+00,3.295556653000001335e-01
1.041394000000000375e+00,3.295556657572917270e-01
1.041534400000000415e+00,3.295556662143345195e-01
1.041674800000000456e+00,3.295556666711286775e-01
1.041815200000000496e+00,3.295556671276743121e-01
1.041955600000000537e+00,3.295556675839715344e-01
1.042010000000000103e+00,3.295556677607331952e-01
1.042150200000000027e+00,3.295556682160363238e-01
1.042290399999999950e+00,3.295556686710915395e-01
1.042430599999999874e+00,3.295556691258989535e-01
1.042570799999999798e+00,3.295556695804586766e-01
1.042710999999999721e+00,3.295556700347708756e-01
1.042851199999999645e+00,3.295556704888356059e-01
1.042991399999999569e+00,3.295556709426530340e-01
1.043131599999999493e+00,3.295556713962232709e-01
1.043271799999999416e+00,3.295556718495464277e-01
1.043411999999999340e+00,3.295556723026226154e-01
1.043552199999999264e+00,3.295556727554519449e-01
1.043692399999999187e+00,3.295556732080345275e-01
1.043832599999999111e+00,3.295556736603705295e-01
1.043972799999999035e+00,3.295556741124600619e-01
1.044019999999999948e+00,3.295556742646334469e-01
1.044160399999999989e+00,3.295556747170397260e-01
1.044300800000000029e+00,3.295556751692010344e-01
1.044441200000000070e+00,3.295556756211175387e-01
1.044581600000000110e+00,3.295556760727892942e-01
1.044722000000000151e+00,3.295556765242164676e-01
1.044862400000000191e+00,3.295556769753991144e-01
1.045002800000000232e+00,3.295556774263374011e-01
1.045143200000000272e+00,3.295556778770314388e-01
1.045283600000000312e+00,3.295556783274813384e-01
1.045424000000000353e+00,3.295556787776872110e-01
1.045564400000000393e+00,3.295556792276491676e-01
1.045704800000000434e+00,3.295556796773673192e-01
1.045845200000000474e+00,3.295556801268417768e-01
1.045985600000000515e+00,3.295556805760727070e-01
1.046040000000000081e+00,3.295556807500971686e-01
1.046178999999999970e+00,3.295556811945087872e-01
1.046317999999999859e+00,3.295556816386741028e-01
1.046456999999999748e+00,3.295556820825932265e-01
1.046595999999999638e+00,3.295556825262663247e-01
1.046734999999999527e+00,3.295556829696935086e-01
1.046873999999999416e+00,3.295556834128748891e-01
1.047012999999999305e+00,3.295556838558105772e-01
1.047151999999999195e+00,3.295556842985006840e-01
1.047290999999999084e+00,3.295556847409453205e-01
1.047429999999998973e+00,3.295556851831446532e-01
1.047568999999998862e+00,3.295556856250987376e-01
1.047707999999998751e+00,3.295556860668077404e-01
1.047846999999998641e+00,3.295556865082717724e-01
1.047985999999998530e+00,3.295556869494909447e-01
1.047989999999999977e+00,3.295556869621877327e-01
1.048130199999999901e+00,3.295556874069681119e-01
1.048270399999999825e+00,3.295556878515077948e-01
1.048410599999999748e+00,3.295556882958068923e-01
1.048550799999999672e+00,3.295556887398654600e-01
1.048690999999999596e+00,3.295556891836836644e-01
1.048831199999999519e+00,3.295556896272616720e-01
1.048971399999999443e+00,3.295556900705995385e-01
1.049111599999999367e+00,3.295556905136973747e-01
1.049251799999999291e+00,3.295556909565552917e-01
1.049391999999999214e+00,3.295556913991734560e-01
1.049532199999999138e+00,3.295556918415519232e-01
1.049672399999999062e+00,3.295556922836908043e-01
1.049812599999998985e+00,3.295556927255902657e-01
1.049952799999998909e+00,3.295556931672504186e-01
1.050000000000000044e+00,3.295556933159134450e-01
1.050140400000000085e+00,3.295556937578849599e-01
1.050280800000000125e+00,3.295556941996185540e-01
1.050421200000000166e+00,3.295556946411143939e-01
1.050561600000000206e+00,3.295556950823725906e-01
1.050702000000000247e+00,3.295556955233931995e-01
1.050842400000000287e+00,3.295556959641763872e-01
1.050982800000000328e+00,3.295556964047222648e-01
1.051123200000000368e+00,3.295556968450308877e-01
1.051263600000000409e+00,3.295556972851024224e-01
1.051404000000000449e+00,3.295556977249369801e-01
1.051544400000000490e+00,3.295556981645346162e-01
1.051684800000000530e+00,3.295556986038954972e-01
1.051825200000000571e+00,3.295556990430197342e-01
1.051965600000000611e+00,3.295556994819074381e-01
1.052019999999999955e+00,3.295556996519253268e-01
1.052160199999999879e+00,3.295557000898601818e-01
1.052300399999999803e+00,3.295557005275589479e-01
1.052440599999999726e+00,3.295557009650217362e-01
1.052580799999999650e+00,3.295557014022487130e-01
1.052720999999999574e+00,3.295557018392399340e-01
1.052861199999999497e+00,3.295557022759955657e-01
1.053001399999999421e+00,3.295557027125156635e-01
1.053141599999999345e+00,3.295557031488003941e-01
1.053281799999999269e+00,3.295557035848498129e-01
1.053421999999999192e+00,3.295557040206640864e-01
1.053562199999999116e+00,3.295557044562432703e-01
1.053702399999999040e+00,3.295557048915875309e-01
1.053842599999998964e+00,3.295557053266969239e-01
1.053982799999998887e+00,3.295557057615716157e-01
1.054030000000000022e+00,3.295557059079508022e-01
1.054170400000000063e+00,3.295557063431333589e-01
1.054310800000000103e+00,3.295557067780826022e-01
1.054451200000000144e+00,3.295557072127986986e-01
1.054591600000000184e+00,3.295557076472817037e-01
1.054732000000000225e+00,3.295557080815317841e-01
1.054872400000000265e+00,3.295557085155489951e-01
1.055012800000000306e+00,3.295557089493334479e-01
1.055153200000000346e+00,3.295557093828852535e-01
1.055293600000000387e+00,3.295557098162045784e-01
1.055434000000000427e+00,3.295557102492914781e-01
1.055574400000000468e+00,3.295557106821460636e-01
1.055714800000000508e+00,3.295557111147685014e-01
1.055855200000000549e+00,3.295557115471587917e-01
1.055995600000000589e+00,3.295557119793171563e-01
1.056049999999999933e+00,3.295557121467283523e-01
1.056189000000000044e+00,3.295557125742538118e-01
1.056328000000000156e+00,3.295557130015446257e-01
1.056467000000000267e+00,3.295557134286010159e-01
1.056606000000000378e+00,3.295557138554230381e-01
1.056745000000000489e+00,3.295557142820108032e-01
1.056884000000000601e+00,3.295557147083644223e-01
1.057023000000000712e+00,3.295557151344840063e-01
1.057162000000000823e+00,3.295557155603696664e-01
1.057301000000000935e+00,3.295557159860215135e-01
1.057440000000001046e+00,3.295557164114397142e-01
1.057579000000001157e+00,3.295557168366243239e-01
1.057718000000001268e+00,3.295557172615754538e-01
1.057857000000001380e+00,3.295557176862932702e-01
1.057996000000001491e+00,3.295557181107778288e-01
1.058000000000000052e+00,3.295557181229930577e-01
1.058140199999999975e+00,3.295557185509060960e-01
1.058280399999999899e+00,3.295557189785898178e-01
1.058420599999999823e+00,3.295557194060443895e-01
1.058560799999999746e+00,3.295557198332698667e-01
1.058700999999999670e+00,3.295557202602663605e-01
1.058841199999999594e+00,3.295557206870340372e-01
1.058981399999999518e+00,3.295557211135729525e-01
1.059121599999999441e+00,3.295557215398832174e-01
1.059261799999999365e+00,3.295557219659649428e-01
1.059401999999999289e+00,3.295557223918182399e-01
1.059542199999999212e+00,3.295557228174432196e-01
1.059682399999999136e+00,3.295557232428399930e-01
1.059822599999999060e+00,3.295557236680086155e-01
1.059962799999998984e+00,3.295557240929493092e-01
1.060009999999999897e+00,3.295557242359848371e-01
1.060150399999999937e+00,3.295557246612281221e-01
1.060290799999999978e+00,3.295557250862448107e-01
1.060431200000000018e+00,3.295557255110350137e-01
1.060571600000000059e+00,3.295557259355987867e-01
1.060712000000000099e+00,3.295557263599362963e-01
1.060852400000000140e+00,3.295557267840475979e-01
1.060992800000000180e+00,3.295557272079328581e-01
1.061133200000000221e+00,3.295557276315921325e-01
1.061273600000000261e+00,3.295557280550255319e-01
1.061414000000000302e+00,3.295557284782331675e-01
1.061554400000000342e+00,3.295557289012151503e-01
1.061694800000000383e+00,3.295557293239715912e-01
1.061835200000000423e+00,3.295557297465026014e-01
1.061975600000000464e+00,3.295557301688082363e-01
1.062030000000000030e+00,3.295557303324028187e-01
1.062170199999999953e+00,3.295557307537946845e-01
1.062310399999999877e+00,3.295557311749616192e-01
1.062450599999999801e+00,3.295557315959037337e-01
1.062590799999999724e+00,3.295557320166211390e-01
1.062730999999999648e+00,3.295557324371138908e-01
1.062871199999999572e+00,3.295557328573821554e-01
1.063011399999999496e+00,3.295557332774259884e-01
1.063151599999999419e+00,3.295557336972455564e-01
1.063291799999999343e+00,3.295557341168409149e-01
1.063431999999999267e+00,3.295557345362122303e-01
1.063572199999999190e+00,3.295557349553595028e-01
1.063712399999999114e+00,3.295557353742828988e-01
1.063852599999999038e+00,3.295557357929825293e-01
1.063992799999998962e+00,3.295557362114585054e-01
1.064040000000000097e+00,3.295557363523181071e-01
1.064179200000000103e+00,3.295557367675092109e-01
1.064318400000000109e+00,3.295557371824751058e-01
1.064457600000000115e+00,3.295557375972159586e-01
1.064596800000000121e+00,3.295557380117318247e-01
1.064736000000000127e+00,3.295557384260228151e-01
1.064875200000000133e+00,3.295557388400890408e-01
1.065014400000000139e+00,3.295557392539306130e-01
1.065153600000000145e+00,3.295557396675476425e-01
1.065292800000000151e+00,3.295557400809402404e-01
1.065432000000000157e+00,3.295557404941085178e-01
1.065571200000000163e+00,3.295557409070525856e-01
1.065710400000000169e+00,3.295557413197725549e-01
1.065849600000000175e+00,3.295557417322684812e-01
1.065988800000000181e+00,3.295557421445405311e-01
1.066000000000000059e+00,3.295557421777104423e-01
1.066140199999999982e+00,3.295557425927053141e-01
1.066280399999999906e+00,3.295557430074795846e-01
1.066420599999999830e+00,3.295557434220333093e-01
1.066560799999999753e+00,3.295557438363665992e-01
1.066700999999999677e+00,3.295557442504795653e-01
1.066841199999999601e+00,3.295557446643723187e-01
1.066981399999999525e+00,3.295557450780449149e-01
1.067121599999999448e+00,3.295557454914974649e-01
1.067261799999999372e+00,3.295557459047300797e-01
1.067401999999999296e+00,3.295557463177429258e-01
1.067542199999999220e+00,3.295557467305360033e-01
1.067682399999999143e+00,3.295557471431094787e-01
1.067822599999999067e+00,3.295557475554634630e-01
1.067962799999998991e+00,3.295557479675980672e-01
1.068009999999999904e+00,3.295557481063232097e-01
1.068150199999999828e+00,3.295557485181653257e-01
1.068290399999999751e+00,3.295557489297888942e-01
1.068430599999999675e+00,3.295557493411940819e-01
1.068570799999999599e+00,3.295557497523809443e-01
1.068710999999999522e+00,3.295557501633495368e-01
1.068851199999999446e+00,3.295557505741000259e-01
1.068991399999999370e+00,3.295557509846325228e-01
1.069131599999999294e+00,3.295557513949470829e-01
1.069271799999999217e+00,3.295557518050438173e-01
1.069411999999999141e+00,3.295557522149228369e-01
1.069552199999999065e+00,3.295557526245842528e-01
1.069692399999998988e+00,3.295557530340281760e-01
1.069832599999998912e+00,3.295557534432547175e-01
1.069972799999998836e+00,3.295557538522639329e-01
1.070019999999999971e+00,3.295557539899371391e-01
1.070160400000000012e+00,3.295557543992404526e-01
1.070300800000000052e+00,3.295557548083277721e-01
1.070441200000000093e+00,3.295557552171992088e-01
1.070581600000000133e+00,3.295557556258548182e-01
1.070722000000000174e+00,3.295557560342947667e-01
1.070862400000000214e+00,3.295557564425191099e-01
1.071002800000000255e+00,3.295557568505279589e-01
1.071143200000000295e+00,3.295557572583213690e-01
1.071283600000000336e+00,3.295557576658995069e-01
1.071424000000000376e+00,3.295557580732624281e-01
1.071564400000000417e+00,3.295557584804102436e-01
1.071704800000000457e+00,3.295557588873430643e-01
1.071845200000000498e+00,3.295557592940610014e-01
1.071985600000000538e+00,3.295557597005641104e-01
1.072040000000000104e+00,3.295557598580373670e-01
1.072178999999999993e+00,3.295557602601873470e-01
1.072317999999999882e+00,3.295557606621200564e-01
1.072456999999999772e+00,3.295557610638356616e-01
1.072595999999999661e+00,3.295557614653342182e-01
1.072734999999999550e+00,3.295557618666158928e-01
1.072873999999999439e+00,3.295557622676807408e-01
1.073012999999999328e+00,3.295557626685288732e-01
1.073151999999999218e+00,3.295557630691604012e-01
1.073290999999999107e+00,3.295557634695753801e-01
1.073429999999998996e+00,3.295557638697739766e-01
1.073568999999998885e+00,3.295557642697562462e-01
1.073707999999998774e+00,3.295557646695223553e-01
1.073846999999998664e+00,3.295557650690723595e-01
1.073985999999998553e+00,3.295557654684063698e-01
1.073990000000000000e+00,3.295557654798978442e-01
1.074130400000000041e+00,3.295557658830356451e-01
1.074270800000000081e+00,3.295557662859615600e-01
1.074411200000000122e+00,3.295557666886756443e-01
1.074551600000000162e+00,3.295557670911780090e-01
1.074692000000000203e+00,3.295557674934687653e-01
1.074832400000000243e+00,3.295557678955479686e-01
1.074972800000000284e+00,3.295557682974157854e-01
1.075113200000000324e+00,3.295557686990722712e-01
1.075253600000000365e+00,3.295557691005175371e-01
1.075394000000000405e+00,3.295557695017516942e-01
1.075534400000000446e+00,3.295557699027747978e-01
1.075674800000000486e+00,3.295557703035870145e-01
1.075815200000000527e+00,3.295557707041883444e-01
1.075955600000000567e+00,3.295557711045789540e-01
1.076009999999999911e+00,3.295557712596844380e-01
1.076150199999999835e+00,3.295557716592126818e-01
1.076290399999999758e+00,3.295557720585305939e-01
1.076430599999999682e+00,3.295557724576382852e-01
1.076570799999999606e+00,3.295557728565357558e-01
1.076710999999999530e+00,3.295557732552231722e-01
1.076851199999999453e+00,3.295557736537005900e-01
1.076991399999999377e+00,3.295557740519681755e-01
1.077131599999999301e+00,3.295557744500259845e-01
1.077271799999999224e+00,3.295557748478741278e-01
1.077411999999999148e+00,3.295557752455126610e-01
1.077552199999999072e+00,3.295557756429416951e-01
1.077692399999998996e+00,3.295557760401613412e-01
1.077832599999998919e+00,3.295557764371717102e-01
1.077972799999998843e+00,3.295557768339728577e-01
1.078019999999999978e+00,3.295557769675370174e-01
1.078160199999999902e+00,3.295557773640592769e-01
1.078300399999999826e+00,3.295557777603731475e-01
1.078440599999999749e+00,3.295557781564787403e-01
1.078580799999999673e+00,3.295557785523761662e-01
1.078720999999999597e+00,3.295557789480655364e-01
1.078861199999999521e+00,3.295557793435469063e-01
1.079001399999999444e+00,3.295557797388203869e-01
1.079141599999999368e+00,3.295557801338860338e-01
1.079281799999999292e+00,3.295557805287440134e-01
1.079421999999999215e+00,3.295557809233943813e-01
1.079562199999999139e+00,3.295557813178372486e-01
1.079702399999999063e+00,3.295557817120726707e-01
1.079842599999998987e+00,3.295557821061008141e-01
1.079982799999998910e+00,3.295557824999216789e-01
1.080030000000000046e+00,3.295557826324826967e-01
1.080169200000000052e+00,3.295557830232165308e-01
1.080308400000000058e+00,3.295557834137417541e-01
1.080447600000000064e+00,3.295557838040583665e-01
1.080586800000000069e+00,3.295557841941664790e-01
1.080726000000000075e+00,3.295557845840662581e-01
1.080865200000000081e+00,3.295557849737577594e-01
1.081004400000000087e+00,3.295557853632410383e-01
1.081143600000000093e+00,3.295557857525162060e-01
1.081282800000000099e+00,3.295557861415834289e-01
1.081422000000000105e+00,3.295557865304427070e-01
1.081561200000000111e+00,3.295557869190942069e-01
1.081700400000000117e+00,3.295557873075379840e-01
1.081839600000000123e+00,3.295557876957742049e-01
1.081978800000000129e+00,3.295557880838029252e-01
1.081990000000000007e+00,3.295557881150222856e-01
1.082130199999999931e+00,3.295557885056171754e-01
1.082270399999999855e+00,3.295557888960075621e-01
1.082410599999999778e+00,3.295557892861936122e-01
1.082550799999999702e+00,3.295557896761753813e-01
1.082690999999999626e+00,3.295557900659529804e-01
1.082831199999999550e+00,3.295557904555264650e-01
1.082971399999999473e+00,3.295557908448958906e-01
1.083111599999999397e+00,3.295557912340614237e-01
1.083251799999999321e+00,3.295557916230231754e-01
1.083391999999999245e+00,3.295557920117812012e-01
1.083532199999999168e+00,3.295557924003356121e-01
1.083672399999999092e+00,3.295557927886864635e-01
1.083812599999999016e+00,3.295557931768338666e-01
1.083952799999998939e+00,3.295557935647779324e-01
1.084000000000000075e+00,3.295557936953608658e-01
1.084140400000000115e+00,3.295557940835875943e-01
1.084280800000000156e+00,3.295557944716121512e-01
1.084421200000000196e+00,3.295557948594347031e-01
1.084561600000000237e+00,3.295557952470553054e-01
1.084702000000000277e+00,3.295557956344740691e-01
1.084842400000000318e+00,3.295557960216910498e-01
1.084982800000000358e+00,3.295557964087063585e-01
1.085123200000000399e+00,3.295557967955201062e-01
1.085263600000000439e+00,3.295557971821323484e-01
1.085404000000000480e+00,3.295557975685431962e-01
1.085544400000000520e+00,3.295557979547527605e-01
1.085684800000000561e+00,3.295557983407610969e-01
1.085825200000000601e+00,3.295557987265683164e-01
1.085965600000000642e+00,3.295557991121745300e-01
1.086019999999999985e+00,3.295557992615530396e-01
1.086160199999999909e+00,3.295557996463314154e-01
1.086300399999999833e+00,3.295558000309091740e-01
1.086440599999999757e+00,3.295558004152863152e-01
1.086580799999999680e+00,3.295558007994629501e-01
1.086720999999999604e+00,3.295558011834392453e-01
1.086861199999999528e+00,3.295558015672152008e-01
1.087001399999999451e+00,3.295558019507909830e-01
1.087141599999999375e+00,3.295558023341665921e-01
1.087281799999999299e+00,3.295558027173421944e-01
1.087421999999999223e+00,3.295558031003179011e-01
1.087562199999999146e+00,3.295558034830937677e-01
1.087702399999999070e+00,3.295558038656698496e-01
1.087842599999998994e+00,3.295558042480462579e-01
1.087982799999998917e+00,3.295558046302231037e-01
1.088030000000000053e+00,3.295558047588649231e-01
1.088170199999999976e+00,3.295558051407757594e-01
1.088310399999999900e+00,3.295558055224877547e-01
1.088450599999999824e+00,3.295558059040010757e-01
1.088590799999999748e+00,3.295558062853157777e-01
1.088730999999999671e+00,3.295558066664319719e-01
1.088871199999999595e+00,3.295558070473497692e-01
1.089011399999999519e+00,3.295558074280692251e-01
1.089151599999999442e+00,3.295558078085903952e-01
1.089291799999999366e+00,3.295558081889134461e-01
1.089431999999999290e+00,3.295558085690384331e-01
1.089572199999999214e+00,3.295558089489654119e-01
1.089712399999999137e+00,3.295558093286945489e-01
1.089852599999999061e+00,3.295558097082258997e-01
1.089992799999998985e+00,3.295558100875595198e-01
1.090039999999999898e+00,3.295558102152443269e-01
1.090179199999999904e+00,3.295558105916070457e-01
1.090318399999999910e+00,3.295558109677707015e-01
1.090457599999999916e+00,3.295558113437353498e-01
1.090596799999999922e+00,3.295558117195011016e-01
1.090735999999999928e+00,3.295558120950680125e-01
1.090875199999999934e+00,3.295558124704362490e-01
1.091014399999999940e+00,3.295558128456058111e-01
1.091153599999999946e+00,3.295558132205768653e-01
1.091292799999999952e+00,3.295558135953494672e-01
1.091431999999999958e+00,3.295558139699237277e-01
1.091571199999999964e+00,3.295558143442997578e-01
1.091710399999999970e+00,3.295558147184776132e-01
1.091849599999999976e+00,3.295558150924574048e-01
1.091988799999999982e+00,3.295558154662391881e-01
1.092000000000000082e+00,3.295558154963122988e-01
1.092140200000000005e+00,3.295558158725680475e-01
1.092280399999999929e+00,3.295558162486287301e-01
1.092420599999999853e+00,3.295558166244944021e-01
1.092560799999999777e+00,3.295558170001651188e-01
1.092700999999999700e+00,3.295558173756409914e-01
1.092841199999999624e+00,3.295558177509221309e-01
1.092981399999999548e+00,3.295558181260085928e-01
1.093121599999999471e+00,3.295558185009004881e-01
1.093261799999999395e+00,3.295558188755979279e-01
1.093401999999999319e+00,3.295558192501009676e-01
1.093542199999999243e+00,3.295558196244097182e-01
1.093682399999999166e+00,3.295558199985242354e-01
1.093822599999999090e+00,3.295558203724446300e-01
1.093962799999999014e+00,3.295558207461710132e-01
1.094009999999999927e+00,3.295558208719684967e-01
1.094150399999999967e+00,3.295558212459696601e-01
1.094290800000000008e+00,3.295558216197778667e-01
1.094431200000000048e+00,3.295558219933932831e-01
1.094571600000000089e+00,3.295558223668160203e-01
1.094712000000000129e+00,3.295558227400461337e-01
1.094852400000000170e+00,3.295558231130836790e-01
1.094992800000000210e+00,3.295558234859287672e-01
1.095133200000000251e+00,3.295558238585815092e-01
1.095273600000000291e+00,3.295558242310419605e-01
1.095414000000000332e+00,3.295558246033102323e-01
1.095554400000000372e+00,3.295558249753863800e-01
1.095694800000000413e+00,3.295558253472705146e-01
1.095835200000000453e+00,3.295558257189627471e-01
1.095975600000000494e+00,3.295558260904631331e-01
1.096030000000000060e+00,3.295558262343775136e-01
1.096170199999999983e+00,3.295558266050829244e-01
1.096310399999999907e+00,3.295558269755968217e-01
1.096450599999999831e+00,3.295558273459193166e-01
1.096590799999999755e+00,3.295558277160504645e-01
1.096730999999999678e+00,3.295558280859903766e-01
1.096871199999999602e+00,3.295558284557391637e-01
1.097011399999999526e+00,3.295558288252968815e-01
1.097151599999999450e+00,3.295558291946636409e-01
1.097291799999999373e+00,3.295558295638394974e-01
1.097431999999999297e+00,3.295558299328245622e-01
1.097572199999999221e+00,3.295558303016189461e-01
1.097712399999999144e+00,3.295558306702227047e-01
1.097852599999999068e+00,3.295558310386358936e-01
1.097992799999998992e+00,3.295558314068586792e-01
1.098039999999999905e+00,3.295558315308037001e-01
1.098179000000000016e+00,3.295558318956188781e-01
1.098318000000000128e+00,3.295558322602418211e-01
1.098457000000000239e+00,3.295558326246726399e-01
1.098596000000000350e+00,3.295558329889113902e-01
1.098735000000000461e+00,3.295558333529581829e-01
1.098874000000000573e+00,3.295558337168130736e-01
1.099013000000000684e+00,3.295558340804761732e-01
1.099152000000000795e+00,3.295558344439475373e-01
1.099291000000000906e+00,3.295558348072273325e-01
1.099430000000001018e+00,3.295558351703155586e-01
1.099569000000001129e+00,3.295558355332123823e-01
1.099708000000001240e+00,3.295558358959178591e-01
1.099847000000001351e+00,3.295558362584320999e-01
1.099986000000001463e+00,3.295558366207551604e-01
1.099990000000000023e+00,3.295558366311815979e-01
1.100130400000000064e+00,3.295558369969607271e-01
1.100270800000000104e+00,3.295558373625522286e-01
1.100411200000000145e+00,3.295558377279562134e-01
1.100551600000000185e+00,3.295558380931727371e-01
1.100692000000000226e+00,3.295558384582019107e-01
1.100832400000000266e+00,3.295558388230437896e-01
1.100972800000000307e+00,3.295558391876985405e-01
1.101113200000000347e+00,3.295558395521661632e-01
1.101253600000000388e+00,3.295558399164467689e-01
1.101394000000000428e+00,3.295558402805404685e-01
1.101534400000000469e+00,3.295558406444473176e-01
1.101674800000000509e+00,3.295558410081673717e-01
1.101815200000000550e+00,3.295558413717007973e-01
1.101955600000000590e+00,3.295558417350475944e-01
1.102009999999999934e+00,3.295558418758035568e-01
1.102150199999999858e+00,3.295558422383742525e-01
1.102290399999999781e+00,3.295558426007587083e-01
1.102430599999999705e+00,3.295558429629570352e-01
1.102570799999999629e+00,3.295558433249692332e-01
1.102710999999999553e+00,3.295558436867954688e-01
1.102851199999999476e+00,3.295558440484357976e-01
1.102991399999999400e+00,3.295558444098902751e-01
1.103131599999999324e+00,3.295558447711590122e-01
1.103271799999999248e+00,3.295558451322421201e-01
1.103411999999999171e+00,3.295558454931396541e-01
1.103552199999999095e+00,3.295558458538516700e-01
1.103692399999999019e+00,3.295558462143782785e-01
1.103832599999998942e+00,3.295558465747195909e-01
1.103972799999998866e+00,3.295558469348756625e-01
1.104020000000000001e+00,3.295558470561055220e-01
1.104160199999999925e+00,3.295558474160146245e-01
1.104300399999999849e+00,3.295558477757391524e-01
1.104440599999999773e+00,3.295558481352792723e-01
1.104580799999999696e+00,3.295558484946349842e-01
1.104720999999999620e+00,3.295558488538064545e-01
1.104861199999999544e+00,3.295558492127936834e-01
1.105001399999999467e+00,3.295558495715968372e-01
1.105141599999999391e+00,3.295558499302159161e-01
1.105281799999999315e+00,3.295558502886510865e-01
1.105421999999999239e+00,3.295558506469023485e-01
1.105562199999999162e+00,3.295558510049698131e-01
1.105702399999999086e+00,3.295558513628535913e-01
1.105842599999999010e+00,3.295558517205537385e-01
1.105982799999998933e+00,3.295558520780703660e-01
1.106030000000000069e+00,3.295558521984118250e-01
1.106169200000000075e+00,3.295558525531321337e-01
1.106308400000000081e+00,3.295558529076675902e-01
1.106447600000000087e+00,3.295558532620182501e-01
1.106586800000000093e+00,3.295558536161842245e-01
1.106726000000000099e+00,3.295558539701656242e-01
1.106865200000000105e+00,3.295558543239625049e-01
1.107004400000000111e+00,3.295558546775749220e-01
1.107143600000000117e+00,3.295558550310029866e-01
1.107282800000000123e+00,3.295558553842468097e-01
1.107422000000000128e+00,3.295558557373064468e-01
1.107561200000000134e+00,3.295558560901820089e-01
1.107700400000000140e+00,3.295558564428735515e-01
1.107839600000000146e+00,3.295558567953811857e-01
1.107978800000000152e+00,3.295558571477049670e-01
1.107990000000000030e+00,3.295558571760516808e-01
1.108130199999999954e+00,3.295558575307103721e-01
1.108270399999999878e+00,3.295558578851879306e-01
1.108410599999999802e+00,3.295558582394843561e-01
1.108550799999999725e+00,3.295558585935997598e-01
1.108690999999999649e+00,3.295558589475342526e-01
1.108831199999999573e+00,3.295558593012878901e-01
1.108971399999999496e+00,3.295558596548607833e-01
1.109111599999999420e+00,3.295558600082529876e-01
1.109251799999999344e+00,3.295558603614645587e-01
1.109391999999999268e+00,3.295558607144956631e-01
1.109532199999999191e+00,3.295558610673463007e-01
1.109672399999999115e+00,3.295558614200165826e-01
1.109812599999999039e+00,3.295558617725065642e-01
1.109952799999998962e+00,3.295558621248163567e-01
1.110000000000000098e+00,3.295558622434052731e-01
1.110140400000000138e+00,3.295558625959776888e-01
1.110280800000000179e+00,3.295558629483709701e-01
1.110421200000000219e+00,3.295558633005851723e-01
1.110561600000000260e+00,3.295558636526204066e-01
1.110702000000000300e+00,3.295558640044767285e-01
1.110842400000000341e+00,3.295558643561541934e-01
1.110982800000000381e+00,3.295558647076529679e-01
1.111123200000000422e+00,3.295558650589730521e-01
1.111263600000000462e+00,3.295558654101145013e-01
1.111404000000000503e+00,3.295558657610774822e-01
1.111544400000000543e+00,3.295558661118619947e-01
1.111684800000000584e+00,3.295558664624682055e-01
1.111825200000000624e+00,3.295558668128961144e-01
1.111965600000000665e+00,3.295558671631458325e-01
1.112020000000000008e+00,3.295558672988284088e-01
1.112160199999999932e+00,3.295558676483323346e-01
1.112300399999999856e+00,3.295558679976584027e-01
1.112440599999999780e+00,3.295558683468066130e-01
1.112580799999999703e+00,3.295558686957771322e-01
1.112720999999999627e+00,3.295558690445700156e-01
1.112861199999999551e+00,3.295558693931853189e-01
1.113001399999999474e+00,3.295558697416231531e-01
1.113141599999999398e+00,3.295558700898835736e-01
1.113281799999999322e+00,3.295558704379666914e-01
1.113421999999999246e+00,3.295558707858725622e-01
1.113562199999999169e+00,3.295558711336012969e-01
1.113702399999999093e+00,3.295558714811529510e-01
1.113842599999999017e+00,3.295558718285275801e-01
1.113982799999998941e+00,3.295558721757252951e-01
1.114030000000000076e+00,3.295558722925935324e-01
1.114170199999999999e+00,3.295558726395553251e-01
1.114310399999999923e+00,3.295558729863408143e-01
1.114450599999999847e+00,3.295558733329501111e-01
1.114590799999999771e+00,3.295558736793833265e-01
1.114730999999999694e+00,3.295558740256404606e-01
1.114871199999999618e+00,3.295558743717216799e-01
1.115011399999999542e+00,3.295558747176269843e-01
1.115151599999999465e+00,3.295558750633564848e-01
1.115291799999999389e+00,3.295558754089102926e-01
1.115431999999999313e+00,3.295558757542884076e-01
1.115572199999999237e+00,3.295558760994909409e-01
1.115712399999999160e+00,3.295558764445180033e-01
1.115852599999999084e+00,3.295558767893696506e-01
1.115992799999999008e+00,3.295558771340459936e-01
1.116039999999999921e+00,3.295558772500655209e-01
1.116179199999999927e+00,3.295558775920481298e-01
1.116318399999999933e+00,3.295558779338542132e-01
1.116457599999999939e+00,3.295558782754837712e-01
1.116596799999999945e+00,3.295558786169369148e-01
1.116735999999999951e+00,3.295558789582137549e-01
1.116875199999999957e+00,3.295558792993143471e-01
1.117014399999999963e+00,3.295558796402387469e-01
1.117153599999999969e+00,3.295558799809870654e-01
1.117292799999999975e+00,3.295558803215593580e-01
1.117431999999999981e+00,3.295558806619557357e-01
1.117571199999999987e+00,3.295558810021762541e-01
1.117710399999999993e+00,3.295558813422210243e-01
1.117849599999999999e+00,3.295558816820901016e-01
1.117988800000000005e+00,3.295558820217835971e-01
1.118000000000000105e+00,3.295558820491141239e-01
1.118140200000000029e+00,3.295558823910605395e-01
1.118280399999999952e+00,3.295558827328338714e-01
1.118420599999999876e+00,3.295558830744341750e-01
1.118560799999999800e+00,3.295558834158615613e-01
1.118700999999999723e+00,3.295558837571160304e-01
1.118841199999999647e+00,3.295558840981977489e-01
1.118981399999999571e+00,3.295558844391067721e-01
1.119121599999999495e+00,3.295558847798431557e-01
1.119261799999999418e+00,3.295558851204069550e-01
1.119401999999999342e+00,3.295558854607982813e-01
1.119542199999999266e+00,3.295558858010172454e-01
1.119682399999999189e+00,3.295558861410638474e-01
1.119822599999999113e+00,3.295558864809381983e-01
1.119962799999999037e+00,3.295558868206404091e-01
1.120009999999999950e+00,3.295558869349857201e-01
1.120150399999999991e+00,3.295558872749432822e-01
1.120290800000000031e+00,3.295558876147297034e-01
1.120431200000000072e+00,3.295558879543450392e-01
1.120571600000000112e+00,3.295558882937893452e-01
1.120712000000000153e+00,3.295558886330627879e-01
1.120852400000000193e+00,3.295558889721653673e-01
1.120992800000000233e+00,3.295558893110971943e-01
1.121133200000000274e+00,3.295558896498583246e-01
1.121273600000000314e+00,3.295558899884488691e-01
1.121414000000000355e+00,3.295558903268688278e-01
1.121554400000000395e+00,3.295558906651183673e-01
1.121694800000000436e+00,3.295558910031974875e-01
1.121835200000000476e+00,3.295558913411062996e-01
1.121975600000000517e+00,3.295558916788449144e-01
1.122030000000000083e+00,3.295558918096810341e-01
1.122170200000000007e+00,3.295558921467026114e-01
1.122310399999999930e+00,3.295558924835542136e-01
1.122450599999999854e+00,3.295558928202358961e-01
1.122590799999999778e+00,3.295558931567477701e-01
1.122730999999999701e+00,3.295558934930898354e-01
1.122871199999999625e+00,3.295558938292622031e-01
1.123011399999999549e+00,3.295558941652649843e-01
1.123151599999999473e+00,3.295558945010982344e-01
1.123291799999999396e+00,3.295558948367620089e-01
1.123431999999999320e+00,3.295558951722564189e-01
1.123572199999999244e+00,3.295558955075815200e-01
1.123712399999999167e+00,3.295558958427374230e-01
1.123852599999999091e+00,3.295558961777241280e-01
1.123992799999999015e+00,3.295558965125417461e-01
1.124039999999999928e+00,3.295558966252429278e-01
1.124179000000000039e+00,3.295558969569676866e-01
1.124318000000000151e+00,3.295558972885217486e-01
1.124457000000000262e+00,3.295558976199052803e-01
1.124596000000000373e+00,3.295558979511182818e-01
1.124735000000000484e+00,3.295558982821609195e-01
1.124874000000000596e+00,3.295558986130331935e-01
1.125013000000000707e+00,3.295558989437352149e-01
1.125152000000000818e+00,3.295558992742670390e-01
1.125291000000000929e+00,3.295558996046287770e-01
1.125430000000001041e+00,3.295558999348204843e-01
1.125569000000001152e+00,3.295559002648422164e-01
1.125708000000001263e+00,3.295559005946941400e-01
1.125847000000001374e+00,3.295559009243762549e-01
1.125986000000001486e+00,3.295559012538886723e-01
1.125990000000000046e+00,3.295559012633709206e-01
1.126130400000000087e+00,3.295559015960305427e-01
1.126270800000000127e+00,3.295559019285235758e-01
1.126411200000000168e+00,3.295559022608500754e-01
1.126551600000000208e+00,3.295559025930101527e-01
1.126692000000000249e+00,3.295559029250038630e-01
1.126832400000000289e+00,3.295559032568312618e-01
1.126972800000000330e+00,3.295559035884924604e-01
1.127113200000000370e+00,3.295559039199874585e-01
1.127253600000000411e+00,3.295559042513164227e-01
1.127394000000000451e+00,3.295559045824794087e-01
1.127534400000000492e+00,3.295559049134764162e-01
1.127674800000000532e+00,3.295559052443076120e-01
1.127815200000000573e+00,3.295559055749729960e-01
1.127955600000000613e+00,3.295559059054726792e-01
1.128009999999999957e+00,3.295559060335047086e-01
1.128150199999999881e+00,3.295559063633040076e-01
1.128290399999999805e+00,3.295559066929378833e-01
1.128430599999999728e+00,3.295559070224063913e-01
1.128570799999999652e+00,3.295559073517096427e-01
1.128710999999999576e+00,3.295559076808476928e-01
1.128851199999999499e+00,3.295559080098205973e-01
1.128991399999999423e+00,3.295559083386284671e-01
1.129131599999999347e+00,3.295559086672713023e-01
1.129271799999999271e+00,3.295559089957492693e-01
1.129411999999999194e+00,3.295559093240623683e-01
1.129552199999999118e+00,3.295559096522107101e-01
1.129692399999999042e+00,3.295559099801943503e-01
1.129832599999998966e+00,3.295559103080134000e-01
1.129972799999998889e+00,3.295559106356678591e-01
1.130020000000000024e+00,3.295559107459580250e-01
1.130160400000000065e+00,3.295559110738607855e-01
1.130300800000000105e+00,3.295559114015999547e-01
1.130441200000000146e+00,3.295559117291755880e-01
1.130581600000000186e+00,3.295559120565877964e-01
1.130722000000000227e+00,3.295559123838366355e-01
1.130862400000000267e+00,3.295559127109221609e-01
1.131002800000000308e+00,3.295559130378444279e-01
1.131143200000000348e+00,3.295559133646035477e-01
1.131283600000000389e+00,3.295559136911995757e-01
1.131424000000000429e+00,3.295559140176325674e-01
1.131564400000000470e+00,3.295559143439026339e-01
1.131704800000000510e+00,3.295559146700098307e-01
1.131845200000000551e+00,3.295559149959542133e-01
1.131985600000000591e+00,3.295559153217358372e-01
1.132039999999999935e+00,3.295559154479402175e-01
1.132179000000000046e+00,3.295559157702461772e-01
1.132318000000000158e+00,3.295559160923875464e-01
1.132457000000000269e+00,3.295559164143643804e-01
1.132596000000000380e+00,3.295559167361767350e-01
1.132735000000000491e+00,3.295559170578246655e-01
1.132874000000000603e+00,3.295559173793082830e-01
1.133013000000000714e+00,3.295559177006276430e-01
1.133152000000000825e+00,3.295559180217828010e-01
1.133291000000000937e+00,3.295559183427738681e-01
1.133430000000001048e+00,3.295559186636009552e-01
1.133569000000001159e+00,3.295559189842640624e-01
1.133708000000001270e+00,3.295559193047633006e-01
1.133847000000001382e+00,3.295559196250987255e-01
1.133986000000001493e+00,3.295559199452703925e-01
1.133990000000000054e+00,3.295559199544838558e-01
1.134130199999999977e+00,3.295559202772537222e-01
1.134270399999999901e+00,3.295559205998625507e-01
1.134410599999999825e+00,3.295559209223103969e-01
1.134550799999999748e+00,3.295559212445973718e-01
1.134690999999999672e+00,3.295559215667234754e-01
1.134831199999999596e+00,3.295559218886888186e-01
1.134971399999999520e+00,3.295559222104935126e-01
1.135111599999999443e+00,3.295559225321375574e-01
1.135251799999999367e+00,3.295559228536210639e-01
1.135391999999999291e+00,3.295559231749441431e-01
1.135532199999999214e+00,3.295559234961067951e-01
1.135672399999999138e+00,3.295559238171090755e-01
1.135812599999999062e+00,3.295559241379510951e-01
1.135952799999998986e+00,3.295559244586329650e-01
1.135999999999999899e+00,3.295559245665761749e-01
1.136140399999999939e+00,3.295559248875021829e-01
1.136280799999999980e+00,3.295559252082689294e-01
1.136421200000000020e+00,3.295559255288764700e-01
1.136561600000000061e+00,3.295559258493249155e-01
1.136702000000000101e+00,3.295559261696143216e-01
1.136842400000000142e+00,3.295559264897447438e-01
1.136982800000000182e+00,3.295559268097162930e-01
1.137123200000000223e+00,3.295559271295290249e-01
1.137263600000000263e+00,3.295559274491829393e-01
1.137404000000000304e+00,3.295559277686781474e-01
1.137544400000000344e+00,3.295559280880147601e-01
1.137684800000000385e+00,3.295559284071928330e-01
1.137825200000000425e+00,3.295559287262124215e-01
1.137965600000000466e+00,3.295559290450735812e-01
1.138020000000000032e+00,3.295559291685971615e-01
1.138160199999999955e+00,3.295559294867845823e-01
1.138300399999999879e+00,3.295559298048137964e-01
1.138440599999999803e+00,3.295559301226849147e-01
1.138580799999999726e+00,3.295559304403979928e-01
1.138720999999999650e+00,3.295559307579531416e-01
1.138861199999999574e+00,3.295559310753503612e-01
1.139001399999999498e+00,3.295559313925897627e-01
1.139141599999999421e+00,3.295559317096714014e-01
1.139281799999999345e+00,3.295559320265953329e-01
1.139421999999999269e+00,3.295559323433616683e-01
1.139562199999999192e+00,3.295559326599704630e-01
1.139702399999999116e+00,3.295559329764217726e-01
1.139842599999999040e+00,3.295559332927156526e-01
1.139982799999998964e+00,3.295559336088522140e-01
1.140030000000000099e+00,3.295559337152655366e-01
1.140170400000000139e+00,3.295559340316435160e-01
1.140310800000000180e+00,3.295559343478650094e-01
1.140451200000000220e+00,3.295559346639301279e-01
1.140591600000000261e+00,3.295559349798389270e-01
1.140732000000000301e+00,3.295559352955914623e-01
1.140872400000000342e+00,3.295559356111877891e-01
1.141012800000000382e+00,3.295559359266280741e-01
1.141153200000000423e+00,3.295559362419122618e-01
1.141293600000000463e+00,3.295559365570405186e-01
1.141434000000000504e+00,3.295559368720128446e-01
1.141574400000000544e+00,3.295559371868293508e-01
1.141714800000000585e+00,3.295559375014900372e-01
1.141855200000000625e+00,3.295559378159950148e-01
1.141995600000000666e+00,3.295559381303443947e-01
1.142050000000000010e+00,3.295559382521202063e-01
1.142188999999999899e+00,3.295559385631178229e-01
1.142327999999999788e+00,3.295559388739580098e-01
1.142466999999999677e+00,3.295559391846408226e-01
1.142605999999999566e+00,3.295559394951663723e-01
1.142744999999999456e+00,3.295559398055347144e-01
1.142883999999999345e+00,3.295559401157459045e-01
1.143022999999999234e+00,3.295559404257999980e-01
1.143161999999999123e+00,3.295559407356971060e-01
1.143300999999999013e+00,3.295559410454372284e-01
1.143439999999998902e+00,3.295559413550204764e-01
1.143578999999998791e+00,3.295559416644469608e-01
1.143717999999998680e+00,3.295559419737166817e-01
1.143856999999998569e+00,3.295559422828297502e-01
1.143995999999998459e+00,3.295559425917862217e-01
1.143999999999999906e+00,3.295559426006769432e-01
1.144140199999999830e+00,3.295559429121420192e-01
1.144280399999999753e+00,3.295559432234531072e-01
1.144420599999999677e+00,3.295559435346102073e-01
1.144560799999999601e+00,3.295559438456134305e-01
1.144700999999999524e+00,3.295559441564628322e-01
1.144841199999999448e+00,3.295559444671584681e-01
1.144981399999999372e+00,3.295559447777004491e-01
1.145121599999999296e+00,3.295559450880887753e-01
1.145261799999999219e+00,3.295559453983235576e-01
1.145401999999999143e+00,3.295559457084048516e-01
1.145542199999999067e+00,3.295559460183327127e-01
1.145682399999998990e+00,3.295559463281071966e-01
1.145822599999998914e+00,3.295559466377284141e-01
1.145962799999998838e+00,3.295559469471964209e-01
1.146009999999999973e+00,3.295559470513651501e-01
1.146150400000000014e+00,3.295559473610705781e-01
1.146290800000000054e+00,3.295559476706236834e-01
1.146431200000000095e+00,3.295559479800244662e-01
1.146571600000000135e+00,3.295559482892730929e-01
1.146712000000000176e+00,3.295559485983695636e-01
1.146852400000000216e+00,3.295559489073139336e-01
1.146992800000000257e+00,3.295559492161063142e-01
1.147133200000000297e+00,3.295559495247467607e-01
1.147273600000000338e+00,3.295559498332353288e-01
1.147414000000000378e+00,3.295559501415720738e-01
1.147554400000000419e+00,3.295559504497571068e-01
1.147694800000000459e+00,3.295559507577904279e-01
1.147835200000000500e+00,3.295559510656721480e-01
1.147975600000000540e+00,3.295559513734023227e-01
1.148030000000000106e+00,3.295559514926140743e-01
1.148170200000000030e+00,3.295559517996958787e-01
1.148310399999999953e+00,3.295559521066264153e-01
1.148450599999999877e+00,3.295559524134056839e-01
1.148590799999999801e+00,3.295559527200337957e-01
1.148730999999999725e+00,3.295559530265107506e-01
1.148871199999999648e+00,3.295559533328366597e-01
1.149011399999999572e+00,3.295559536390115785e-01
1.149151599999999496e+00,3.295559539450356179e-01
1.149291799999999419e+00,3.295559542509087780e-01
1.149431999999999343e+00,3.295559545566311699e-01
1.149572199999999267e+00,3.295559548622028490e-01
1.149712399999999191e+00,3.295559551676238708e-01
1.149852599999999114e+00,3.295559554728942908e-01
1.149992799999999038e+00,3.295559557780141646e-01
1.150039999999999951e+00,3.295559558807193423e-01
1.150179000000000062e+00,3.295559561830254114e-01
1.150318000000000174e+00,3.295559564851794909e-01
1.150457000000000285e+00,3.295559567871816919e-01
1.150596000000000396e+00,3.295559570890320700e-01
1.150735000000000507e+00,3.295559573907306805e-01
1.150874000000000619e+00,3.295559576922776346e-01
1.151013000000000730e+00,3.295559579936729322e-01
1.151152000000000841e+00,3.295559582949167399e-01
1.151291000000000952e+00,3.295559585960090576e-01
1.151430000000001064e+00,3.295559588969499409e-01
1.151569000000001175e+00,3.295559591977394454e-01
1.151708000000001286e+00,3.295559594983776819e-01
1.151847000000001398e+00,3.295559597988647060e-01
1.151986000000001509e+00,3.295559600992005733e-01
1.151990000000000069e+00,3.295559601078432155e-01
1.152130400000000110e+00,3.295559604110512297e-01
1.152270800000000150e+00,3.295559607141108627e-01
1.152411200000000191e+00,3.295559610170222253e-01
1.152551600000000231e+00,3.295559613197853177e-01
1.152692000000000272e+00,3.295559616224002508e-01
1.152832400000000312e+00,3.295559619248670802e-01
1.152972800000000353e+00,3.295559622271858613e-01
1.153113200000000393e+00,3.295559625293566497e-01
1.153253600000000434e+00,3.295559628313795564e-01
1.153394000000000474e+00,3.295559631332545814e-01
1.153534400000000515e+00,3.295559634349818356e-01
1.153674800000000555e+00,3.295559637365613748e-01
1.153815200000000596e+00,3.295559640379932542e-01
1.153955600000000636e+00,3.295559643392775295e-01
1.154009999999999980e+00,3.295559644559923340e-01
1.154150199999999904e+00,3.295559647566428940e-01
1.154290399999999828e+00,3.295559650571460719e-01
1.154430599999999751e+00,3.295559653575019787e-01
1.154570799999999675e+00,3.295559656577106700e-01
1.154710999999999599e+00,3.295559659577722011e-01
1.154851199999999523e+00,3.295559662576866278e-01
1.154991399999999446e+00,3.295559665574540054e-01
1.155131599999999370e+00,3.295559668570743894e-01
1.155271799999999294e+00,3.295559671565478910e-01
1.155411999999999217e+00,3.295559674558745655e-01
1.155552199999999141e+00,3.295559677550544131e-01
1.155692399999999065e+00,3.295559680540875447e-01
1.155832599999998989e+00,3.295559683529740713e-01
1.155972799999998912e+00,3.295559686517139930e-01
1.156020000000000048e+00,3.295559687522717218e-01
1.156160400000000088e+00,3.295559690512425144e-01
1.156300800000000129e+00,3.295559693500675347e-01
1.156441200000000169e+00,3.295559696487468382e-01
1.156581600000000210e+00,3.295559699472804804e-01
1.156722000000000250e+00,3.295559702456685724e-01
1.156862400000000290e+00,3.295559705439111142e-01
1.157002800000000331e+00,3.295559708420081613e-01
1.157143200000000371e+00,3.295559711399598246e-01
1.157283600000000412e+00,3.295559714377661598e-01
1.157424000000000452e+00,3.295559717354272222e-01
1.157564400000000493e+00,3.295559720329430675e-01
1.157704800000000533e+00,3.295559723303137512e-01
1.157845200000000574e+00,3.295559726275393286e-01
1.157985600000000614e+00,3.295559729246199110e-01
1.158039999999999958e+00,3.295559730397062959e-01
1.158179000000000070e+00,3.295559733336221320e-01
1.158318000000000181e+00,3.295559736273912521e-01
1.158457000000000292e+00,3.295559739210137118e-01
1.158596000000000403e+00,3.295559742144895665e-01
1.158735000000000515e+00,3.295559745078189273e-01
1.158874000000000626e+00,3.295559748010017942e-01
1.159013000000000737e+00,3.295559750940382782e-01
1.159152000000000848e+00,3.295559753869284347e-01
1.159291000000000960e+00,3.295559756796723194e-01
1.159430000000001071e+00,3.295559759722700433e-01
1.159569000000001182e+00,3.295559762647216062e-01
1.159708000000001293e+00,3.295559765570271193e-01
1.159847000000001405e+00,3.295559768491866381e-01
1.159986000000001516e+00,3.295559771412002181e-01
1.159990000000000077e+00,3.295559771496033852e-01
1.160130200000000000e+00,3.295559774439900669e-01
1.160270399999999924e+00,3.295559777382331967e-01
1.160410599999999848e+00,3.295559780323328303e-01
1.160550799999999771e+00,3.295559783262890785e-01
1.160690999999999695e+00,3.295559786201019414e-01
1.160831199999999619e+00,3.295559789137715301e-01
1.160971399999999543e+00,3.295559792072978444e-01
1.161111599999999466e+00,3.295559795006809956e-01
1.161251799999999390e+00,3.295559797939209834e-01
1.161391999999999314e+00,3.295559800870179190e-01
1.161532199999999238e+00,3.295559803799718579e-01
1.161672399999999161e+00,3.295559806727828556e-01
1.161812599999999085e+00,3.295559809654510230e-01
1.161952799999999009e+00,3.295559812579763603e-01
1.161999999999999922e+00,3.295559813564423179e-01
1.162140399999999962e+00,3.295559816491947513e-01
1.162280800000000003e+00,3.295559819418052427e-01
1.162421200000000043e+00,3.295559822342737921e-01
1.162561600000000084e+00,3.295559825266004550e-01
1.162702000000000124e+00,3.295559828187852869e-01
1.162842400000000165e+00,3.295559831108283988e-01
1.162982800000000205e+00,3.295559834027297907e-01
1.163123200000000246e+00,3.295559836944895737e-01
1.163263600000000286e+00,3.295559839861078033e-01
1.163404000000000327e+00,3.295559842775845349e-01
1.163544400000000367e+00,3.295559845689198242e-01
1.163684800000000408e+00,3.295559848601137265e-01
1.163825200000000448e+00,3.295559851511662974e-01
1.163965600000000489e+00,3.295559854420775925e-01
1.164020000000000055e+00,3.295559855547741668e-01
1.164160199999999978e+00,3.295559858450752833e-01
1.164300399999999902e+00,3.295559861352353459e-01
1.164440599999999826e+00,3.295559864252543547e-01
1.164580799999999750e+00,3.295559867151324207e-01
1.164720999999999673e+00,3.295559870048695994e-01
1.164861199999999597e+00,3.295559872944659463e-01
1.165001399999999521e+00,3.295559875839215169e-01
1.165141599999999444e+00,3.295559878732364223e-01
1.165281799999999368e+00,3.295559881624106069e-01
1.165421999999999292e+00,3.295559884514442373e-01
1.165562199999999216e+00,3.295559887403373134e-01
1.165702399999999139e+00,3.295559890290899463e-01
1.165842599999999063e+00,3.295559893177021360e-01
1.165982799999998987e+00,3.295559896061739935e-01
1.166029999999999900e+00,3.295559897032755980e-01
1.166170399999999940e+00,3.295559899919720537e-01
1.166310799999999981e+00,3.295559902805290098e-01
1.166451200000000021e+00,3.295559905689464664e-01
1.166591600000000062e+00,3.295559908572244789e-01
1.166732000000000102e+00,3.295559911453631585e-01
1.166872400000000143e+00,3.295559914333625606e-01
1.167012800000000183e+00,3.295559917212226853e-01
1.167153200000000224e+00,3.295559920089436434e-01
1.167293600000000264e+00,3.295559922965254906e-01
1.167434000000000305e+00,3.295559925839682269e-01
1.167574400000000345e+00,3.295559928712720188e-01
1.167714800000000386e+00,3.295559931584368107e-01
1.167855200000000426e+00,3.295559934454627693e-01
1.167995600000000467e+00,3.295559937323498945e-01
1.168050000000000033e+00,3.295559938434876046e-01
1.168188999999999922e+00,3.295559941273202287e-01
1.168327999999999811e+00,3.295559944110124095e-01
1.168466999999999700e+00,3.295559946945642027e-01
1.168605999999999590e+00,3.295559949779756637e-01
1.168744999999999479e+00,3.295559952612467924e-01
1.168883999999999368e+00,3.295559955443777556e-01
1.169022999999999257e+00,3.295559958273685530e-01
1.169161999999999146e+00,3.295559961102192403e-01
1.169300999999999036e+00,3.295559963929298730e-01
1.169439999999998925e+00,3.295559966755005066e-01
1.169578999999998814e+00,3.295559969579312520e-01
1.169717999999998703e+00,3.295559972402221649e-01
1.169856999999998592e+00,3.295559975223732452e-01
1.169995999999998482e+00,3.295559978043846039e-01
1.169999999999999929e+00,3.295559978124999456e-01
1.170140199999999853e+00,3.295559980968044145e-01
1.170280399999999776e+00,3.295559983809714377e-01
1.170420599999999700e+00,3.295559986650010709e-01
1.170560799999999624e+00,3.295559989488933694e-01
1.170700999999999548e+00,3.295559992326483889e-01
1.170841199999999471e+00,3.295559995162662403e-01
1.170981399999999395e+00,3.295559997997469237e-01
1.171121599999999319e+00,3.295560000830905500e-01
1.171261799999999242e+00,3.295560003662971194e-01
1.171401999999999166e+00,3.295560006493666871e-01
1.171542199999999090e+00,3.295560009322993644e-01
1.171682399999999014e+00,3.295560012150952067e-01
1.171822599999998937e+00,3.295560014977542695e-01
1.171962799999998861e+00,3.295560017802765529e-01
1.172009999999999996e+00,3.295560018753755926e-01
1.172150400000000037e+00,3.295560021581188104e-01
1.172290800000000077e+00,3.295560024407260258e-01
1.172431200000000118e+00,3.295560027231973499e-01
1.172571600000000158e+00,3.295560030055327827e-01
1.172712000000000199e+00,3.295560032877323797e-01
1.172852400000000239e+00,3.295560035697962520e-01
1.172992800000000280e+00,3.295560038517244550e-01
1.173133200000000320e+00,3.295560041335170443e-01
1.173273600000000361e+00,3.295560044151740198e-01
1.173414000000000401e+00,3.295560046966954926e-01
1.173554400000000442e+00,3.295560049780815182e-01
1.173694800000000482e+00,3.295560052593320965e-01
1.173835200000000523e+00,3.295560055404473943e-01
1.173975600000000563e+00,3.295560058214273558e-01
1.174029999999999907e+00,3.295560059302767852e-01
1.174170199999999831e+00,3.295560062106690502e-01
1.174310399999999754e+00,3.295560064909262010e-01
1.174450599999999678e+00,3.295560067710482932e-01
1.174590799999999602e+00,3.295560070510354378e-01
1.174730999999999526e+00,3.295560073308876903e-01
1.174871199999999449e+00,3.295560076106050507e-01
1.175011399999999373e+00,3.295560078901876300e-01
1.175151599999999297e+00,3.295560081696354282e-01
1.175291799999999220e+00,3.295560084489485564e-01
1.175431999999999144e+00,3.295560087281270700e-01
1.175572199999999068e+00,3.295560090071710246e-01
1.175712399999998992e+00,3.295560092860804202e-01
1.175852599999998915e+00,3.295560095648553678e-01
1.175992799999998839e+00,3.295560098434959229e-01
1.176039999999999974e+00,3.295560099372883966e-01
1.176179199999999980e+00,3.295560102137611858e-01
1.176318399999999986e+00,3.295560104900985832e-01
1.176457599999999992e+00,3.295560107663006444e-01
1.176596799999999998e+00,3.295560110423674804e-01
1.176736000000000004e+00,3.295560113182990913e-01
1.176875200000000010e+00,3.295560115940955326e-01
1.177014400000000016e+00,3.295560118697569152e-01
1.177153600000000022e+00,3.295560121452832392e-01
1.177292800000000028e+00,3.295560124206746155e-01
1.177432000000000034e+00,3.295560126959310443e-01
1.177571200000000040e+00,3.295560129710526365e-01
1.177710400000000046e+00,3.295560132460394476e-01
1.177849600000000052e+00,3.295560135208915331e-01
1.177988800000000058e+00,3.295560137956088931e-01
1.177999999999999936e+00,3.295560138177117127e-01
1.178140199999999860e+00,3.295560140942588867e-01
1.178280399999999783e+00,3.295560143706732781e-01
1.178420599999999707e+00,3.295560146469549423e-01
1.178560799999999631e+00,3.295560149231039349e-01
1.178700999999999555e+00,3.295560151991202558e-01
1.178841199999999478e+00,3.295560154750040160e-01
1.178981399999999402e+00,3.295560157507552712e-01
1.179121599999999326e+00,3.295560160263740768e-01
1.179261799999999250e+00,3.295560163018604882e-01
1.179401999999999173e+00,3.295560165772145056e-01
1.179542199999999097e+00,3.295560168524362399e-01
1.179682399999999021e+00,3.295560171275257466e-01
1.179822599999998944e+00,3.295560174024830813e-01
1.179962799999998868e+00,3.295560176773082994e-01
1.180010000000000003e+00,3.295560177698165227e-01
1.180150199999999927e+00,3.295560180444655485e-01
1.180290399999999851e+00,3.295560183189829573e-01
1.180430599999999774e+00,3.295560185933688047e-01
1.180570799999999698e+00,3.295560188676230906e-01
1.180710999999999622e+00,3.295560191417459261e-01
1.180851199999999546e+00,3.295560194157373113e-01
1.180991399999999469e+00,3.295560196895973570e-01
1.181131599999999393e+00,3.295560199633260634e-01
1.181271799999999317e+00,3.295560202369235414e-01
1.181411999999999241e+00,3.295560205103897911e-01
1.181552199999999164e+00,3.295560207837249234e-01
1.181692399999999088e+00,3.295560210569289383e-01
1.181832599999999012e+00,3.295560213300019470e-01
1.181972799999998935e+00,3.295560216029440048e-01
1.182020000000000071e+00,3.295560216948183463e-01
1.182160400000000111e+00,3.295560219679752878e-01
1.182300800000000152e+00,3.295560222410020002e-01
1.182441200000000192e+00,3.295560225138984833e-01
1.182581600000000233e+00,3.295560227866648484e-01
1.182722000000000273e+00,3.295560230593011508e-01
1.182862400000000314e+00,3.295560233318073906e-01
1.183002800000000354e+00,3.295560236041836788e-01
1.183143200000000395e+00,3.295560238764300154e-01
1.183283600000000435e+00,3.295560241485465114e-01
1.183424000000000476e+00,3.295560244205332223e-01
1.183564400000000516e+00,3.295560246923901482e-01
1.183704800000000557e+00,3.295560249641174000e-01
1.183845200000000597e+00,3.295560252357149778e-01
1.183985600000000638e+00,3.295560255071829925e-01
1.184039999999999981e+00,3.295560256123477583e-01
1.184179000000000093e+00,3.295560258809279164e-01
1.184318000000000204e+00,3.295560261493769572e-01
1.184457000000000315e+00,3.295560264176949361e-01
1.184596000000000426e+00,3.295560266858819087e-01
1.184735000000000538e+00,3.295560269539379306e-01
1.184874000000000649e+00,3.295560272218631126e-01
1.185013000000000760e+00,3.295560274896573993e-01
1.185152000000000871e+00,3.295560277573209018e-01
1.185291000000000983e+00,3.295560280248536755e-01
1.185430000000001094e+00,3.295560282922558315e-01
1.185569000000001205e+00,3.295560285595273697e-01
1.185708000000001316e+00,3.295560288266683457e-01
1.185847000000001428e+00,3.295560290936788150e-01
1.185986000000001539e+00,3.295560293605588331e-01
1.185990000000000100e+00,3.295560293682387454e-01
1.186130400000000140e+00,3.295560296376748854e-01
1.186270800000000181e+00,3.295560299069830168e-01
1.186411200000000221e+00,3.295560301761631394e-01
1.186551600000000262e+00,3.295560304452153089e-01
1.186692000000000302e+00,3.295560307141396361e-01
1.186832400000000343e+00,3.295560309829361212e-01
1.186972800000000383e+00,3.295560312516048196e-01
1.187113200000000424e+00,3.295560315201458423e-01
1.187253600000000464e+00,3.295560317885591894e-01
1.187394000000000505e+00,3.295560320568449164e-01
1.187534400000000545e+00,3.295560323250030788e-01
1.187674800000000586e+00,3.295560325930337320e-01
1.187815200000000626e+00,3.295560328609369316e-01
1.187955600000000667e+00,3.295560331287127331e-01
1.188010000000000010e+00,3.295560332324471986e-01
1.188150199999999934e+00,3.295560334996650020e-01
1.188290399999999858e+00,3.295560337667555739e-01
1.188430599999999782e+00,3.295560340337189698e-01
1.188570799999999705e+00,3.295560343005552451e-01
1.188710999999999629e+00,3.295560345672644553e-01
1.188851199999999553e+00,3.295560348338466561e-01
1.188991399999999476e+00,3.295560351003018473e-01
1.189131599999999400e+00,3.295560353666301401e-01
1.189271799999999324e+00,3.295560356328315899e-01
1.189411999999999248e+00,3.295560358989062522e-01
1.189552199999999171e+00,3.295560361648541270e-01
1.189692399999999095e+00,3.295560364306753254e-01
1.189832599999999019e+00,3.295560366963698473e-01
1.189972799999998943e+00,3.295560369619378038e-01
1.190020000000000078e+00,3.295560370513300752e-01
1.190160200000000001e+00,3.295560373167292223e-01
1.190300399999999925e+00,3.295560375820021926e-01
1.190440599999999849e+00,3.295560378471490970e-01
1.190580799999999773e+00,3.295560381121699356e-01
1.190720999999999696e+00,3.295560383770647639e-01
1.190861199999999620e+00,3.295560386418336929e-01
1.191001399999999544e+00,3.295560389064767226e-01
1.191141599999999467e+00,3.295560391709939640e-01
1.191281799999999391e+00,3.295560394353854172e-01
1.191421999999999315e+00,3.295560396996511376e-01
1.191562199999999239e+00,3.295560399637911808e-01
1.191702399999999162e+00,3.295560402278056022e-01
1.191842599999999086e+00,3.295560404916944575e-01
1.191982799999999010e+00,3.295560407554578020e-01
1.192029999999999923e+00,3.295560408442426703e-01
1.192169199999999929e+00,3.295560411059562655e-01
1.192308399999999935e+00,3.295560413675434064e-01
1.192447599999999941e+00,3.295560416290041483e-01
1.192586799999999947e+00,3.295560418903385469e-01
1.192725999999999953e+00,3.295560421515466576e-01
1.192865199999999959e+00,3.295560424126285359e-01
1.193004399999999965e+00,3.295560426735842374e-01
1.193143599999999971e+00,3.295560429344138176e-01
1.193282799999999977e+00,3.295560431951173319e-01
1.193421999999999983e+00,3.295560434556948359e-01
1.193561199999999989e+00,3.295560437161463851e-01
1.193700399999999995e+00,3.295560439764720351e-01
1.193839600000000001e+00,3.295560442366718412e-01
1.193978800000000007e+00,3.295560444967458036e-01
1.193990000000000107e+00,3.295560445176705100e-01
1.194130200000000031e+00,3.295560447794785297e-01
1.194270399999999954e+00,3.295560450411625375e-01
1.194410599999999878e+00,3.295560453027225889e-01
1.194550799999999802e+00,3.295560455641587394e-01
1.194690999999999725e+00,3.295560458254710445e-01
1.194831199999999649e+00,3.295560460866595043e-01
1.194971399999999573e+00,3.295560463477241742e-01
1.195111599999999497e+00,3.295560466086651097e-01
1.195251799999999420e+00,3.295560468694824219e-01
1.195391999999999344e+00,3.295560471301761107e-01
1.195532199999999268e+00,3.295560473907462318e-01
1.195672399999999191e+00,3.295560476511928405e-01
1.195812599999999115e+00,3.295560479115159924e-01
1.195952799999999039e+00,3.295560481717157431e-01
1.195999999999999952e+00,3.295560482593011264e-01
1.196140199999999876e+00,3.295560485193362865e-01
1.196280399999999799e+00,3.295560487792484894e-01
1.196420599999999723e+00,3.295560490390377351e-01
1.196560799999999647e+00,3.295560492987040790e-01
1.196700999999999571e+00,3.295560495582475768e-01
1.196841199999999494e+00,3.295560498176683395e-01
1.196981399999999418e+00,3.295560500769663670e-01
1.197121599999999342e+00,3.295560503361417148e-01
1.197261799999999266e+00,3.295560505951943830e-01
1.197401999999999189e+00,3.295560508541244826e-01
1.197542199999999113e+00,3.295560511129320136e-01
1.197682399999999037e+00,3.295560513716170870e-01
1.197822599999998960e+00,3.295560516301797582e-01
1.197962799999998884e+00,3.295560518886200274e-01
1.198010000000000019e+00,3.295560519756131623e-01
1.198150400000000060e+00,3.295560522342591558e-01
1.198290800000000100e+00,3.295560524927834689e-01
1.198431200000000141e+00,3.295560527511861015e-01
1.198571600000000181e+00,3.295560530094671647e-01
1.198712000000000222e+00,3.295560532676267140e-01
1.198852400000000262e+00,3.295560535256647494e-01
1.198992800000000303e+00,3.295560537835813819e-01
1.199133200000000343e+00,3.295560540413766115e-01
1.199273600000000384e+00,3.295560542990504937e-01
1.199414000000000424e+00,3.295560545566031396e-01
1.199554400000000465e+00,3.295560548140345491e-01
1.199694800000000505e+00,3.295560550713447778e-01
1.199835200000000546e+00,3.295560553285338812e-01
1.199975600000000586e+00,3.295560555856019147e-01
1.200029999999999930e+00,3.295560556851884204e-01
1.200170199999999854e+00,3.295560559417224367e-01
1.200310399999999778e+00,3.295560561981354941e-01
1.200450599999999701e+00,3.295560564544277038e-01
1.200590799999999625e+00,3.295560567105990657e-01
1.200730999999999549e+00,3.295560569666496908e-01
1.200871199999999472e+00,3.295560572225795792e-01
1.201011399999999396e+00,3.295560574783887864e-01
1.201151599999999320e+00,3.295560577340773678e-01
1.201291799999999244e+00,3.295560579896453790e-01
1.201431999999999167e+00,3.295560582450928755e-01
1.201572199999999091e+00,3.295560585004199128e-01
1.201712399999999015e+00,3.295560587556265464e-01
1.201852599999998938e+00,3.295560590107127763e-01
1.201992799999998862e+00,3.295560592656787136e-01
1.202039999999999997e+00,3.295560593515023950e-01
1.202179200000000003e+00,3.295560596044882495e-01
1.202318400000000009e+00,3.295560598573529232e-01
1.202457600000000015e+00,3.295560601100964160e-01
1.202596800000000021e+00,3.295560603627187835e-01
1.202736000000000027e+00,3.295560606152200811e-01
1.202875200000000033e+00,3.295560608676003644e-01
1.203014400000000039e+00,3.295560611198596890e-01
1.203153600000000045e+00,3.295560613719981102e-01
1.203292800000000051e+00,3.295560616240156837e-01
1.203432000000000057e+00,3.295560618759124094e-01
1.203571200000000063e+00,3.295560621276883984e-01
1.203710400000000069e+00,3.295560623793437061e-01
1.203849600000000075e+00,3.295560626308783325e-01
1.203988800000000081e+00,3.295560628822923332e-01
1.203999999999999959e+00,3.295560629025202637e-01
1.204140199999999883e+00,3.295560631556117004e-01
1.204280399999999807e+00,3.295560634085842322e-01
1.204420599999999730e+00,3.295560636614378591e-01
1.204560799999999654e+00,3.295560639141726922e-01
1.204700999999999578e+00,3.295560641667887314e-01
1.204841199999999501e+00,3.295560644192860877e-01
1.204981399999999425e+00,3.295560646716648168e-01
1.205121599999999349e+00,3.295560649239249185e-01
1.205261799999999273e+00,3.295560651760664483e-01
1.205401999999999196e+00,3.295560654280894619e-01
1.205542199999999120e+00,3.295560656799940147e-01
1.205682399999999044e+00,3.295560659317801622e-01
1.205822599999998967e+00,3.295560661834479044e-01
1.205962799999998891e+00,3.295560664349973523e-01
1.206010000000000026e+00,3.295560665196710648e-01
1.206150199999999950e+00,3.295560667710626945e-01
1.206290399999999874e+00,3.295560670223364186e-01
1.206430599999999798e+00,3.295560672734922925e-01
1.206570799999999721e+00,3.295560675245303162e-01
1.206710999999999645e+00,3.295560677754506007e-01
1.206851199999999569e+00,3.295560680262531461e-01
1.206991399999999492e+00,3.295560682769380079e-01
1.207131599999999416e+00,3.295560685275052415e-01
1.207271799999999340e+00,3.295560687779549025e-01
1.207411999999999264e+00,3.295560690282870464e-01
1.207552199999999187e+00,3.295560692785016732e-01
1.207692399999999111e+00,3.295560695285988939e-01
1.207832599999999035e+00,3.295560697785787085e-01
1.207972799999998958e+00,3.295560700284412281e-01
1.208020000000000094e+00,3.295560701125471170e-01
1.208160400000000134e+00,3.295560703626097543e-01
1.208300800000000175e+00,3.295560706125557626e-01
1.208441200000000215e+00,3.295560708623850865e-01
1.208581600000000256e+00,3.295560711120978370e-01
1.208722000000000296e+00,3.295560713616940696e-01
1.208862400000000337e+00,3.295560716111737842e-01
1.209002800000000377e+00,3.295560718605370365e-01
1.209143200000000418e+00,3.295560721097839374e-01
1.209283600000000458e+00,3.295560723589144869e-01
1.209424000000000499e+00,3.295560726079287406e-01
1.209564400000000539e+00,3.295560728568266984e-01
1.209704800000000580e+00,3.295560731056084713e-01
1.209845200000000620e+00,3.295560733542741150e-01
1.209985600000000661e+00,3.295560736028236293e-01
1.210040000000000004e+00,3.295560736991102746e-01
1.210178999999999894e+00,3.295560739450193455e-01
1.210317999999999783e+00,3.295560741908108993e-01
1.210456999999999672e+00,3.295560744364849914e-01
1.210595999999999561e+00,3.295560746820417330e-01
1.210734999999999451e+00,3.295560749274811241e-01
1.210873999999999340e+00,3.295560751728032201e-01
1.211012999999999229e+00,3.295560754180080210e-01
1.211151999999999118e+00,3.295560756630956378e-01
1.211290999999999007e+00,3.295560759080661262e-01
1.211429999999998897e+00,3.295560761529195415e-01
1.211568999999998786e+00,3.295560763976558838e-01
1.211707999999998675e+00,3.295560766422752086e-01
1.211846999999998564e+00,3.295560768867776269e-01
1.211985999999998453e+00,3.295560771311631387e-01
1.211989999999999901e+00,3.295560771381957355e-01
1.212130399999999941e+00,3.295560773849244840e-01
1.212270799999999982e+00,3.295560776315384910e-01
1.212411200000000022e+00,3.295560778780378119e-01
1.212551600000000063e+00,3.295560781244224469e-01
1.212692000000000103e+00,3.295560783706925068e-01
1.212832400000000144e+00,3.295560786168479916e-01
1.212972800000000184e+00,3.295560788628889570e-01
1.213113200000000225e+00,3.295560791088154584e-01
1.213253600000000265e+00,3.295560793546275513e-01
1.213394000000000306e+00,3.295560796003252912e-01
1.213534400000000346e+00,3.295560798459086782e-01
1.213674800000000387e+00,3.295560800913777677e-01
1.213815200000000427e+00,3.295560803367326153e-01
1.213955600000000468e+00,3.295560805819733319e-01
1.214010000000000034e+00,3.295560806769782247e-01
1.214150199999999957e+00,3.295560809217112919e-01
1.214290399999999881e+00,3.295560811663302836e-01
1.214430599999999805e+00,3.295560814108353109e-01
1.214570799999999728e+00,3.295560816552263739e-01
1.214710999999999652e+00,3.295560818995035279e-01
1.214851199999999576e+00,3.295560821436668286e-01
1.214991399999999500e+00,3.295560823877163314e-01
1.215131599999999423e+00,3.295560826316520364e-01
1.215271799999999347e+00,3.295560828754739990e-01
1.215411999999999271e+00,3.295560831191823303e-01
1.215552199999999194e+00,3.295560833627770303e-01
1.215692399999999118e+00,3.295560836062581545e-01
1.215832599999999042e+00,3.295560838496257583e-01
1.215972799999998966e+00,3.295560840928798418e-01
1.216020000000000101e+00,3.295560841747613989e-01
1.216160200000000025e+00,3.295560844178641036e-01
1.216300399999999948e+00,3.295560846608537320e-01
1.216440599999999872e+00,3.295560849037302842e-01
1.216580799999999796e+00,3.295560851464938157e-01
1.216720999999999719e+00,3.295560853891443820e-01
1.216861199999999643e+00,3.295560856316820386e-01
1.217001399999999567e+00,3.295560858741068411e-01
1.217141599999999491e+00,3.295560861164187894e-01
1.217281799999999414e+00,3.295560863586179390e-01
1.217421999999999338e+00,3.295560866007043455e-01
1.217562199999999262e+00,3.295560868426780643e-01
1.217702399999999185e+00,3.295560870845391510e-01
1.217842599999999109e+00,3.295560873262876056e-01
1.217982799999999033e+00,3.295560875679235391e-01
1.218029999999999946e+00,3.295560876492604208e-01
1.218169199999999952e+00,3.295560878890217982e-01
1.218308399999999958e+00,3.295560881286697663e-01
1.218447599999999964e+00,3.295560883682044362e-01
1.218586799999999970e+00,3.295560886076258078e-01
1.218725999999999976e+00,3.295560888469339367e-01
1.218865199999999982e+00,3.295560890861288783e-01
1.219004399999999988e+00,3.295560893252106327e-01
1.219143599999999994e+00,3.295560895641792554e-01
1.219282800000000000e+00,3.295560898030348573e-01
1.219422000000000006e+00,3.295560900417774386e-01
1.219561200000000012e+00,3.295560902804070547e-01
1.219700400000000018e+00,3.295560905189237610e-01
1.219839600000000024e+00,3.295560907573276133e-01
1.219978800000000030e+00,3.295560909956186113e-01
1.219989999999999908e+00,3.295560910147907197e-01
1.220130199999999832e+00,3.295560912546731669e-01
1.220270399999999755e+00,3.295560914944443698e-01
1.220410599999999679e+00,3.295560917341043838e-01
1.220550799999999603e+00,3.295560919736532646e-01
1.220690999999999526e+00,3.295560922130910120e-01
1.220831199999999450e+00,3.295560924524177371e-01
1.220971399999999374e+00,3.295560926916334399e-01
1.221111599999999298e+00,3.295560929307381759e-01
1.221251799999999221e+00,3.295560931697320006e-01
1.221391999999999145e+00,3.295560934086149141e-01
1.221532199999999069e+00,3.295560936473870273e-01
1.221672399999998992e+00,3.295560938860483402e-01
1.221812599999998916e+00,3.295560941245989084e-01
1.221952799999998840e+00,3.295560943630387873e-01
1.221999999999999975e+00,3.295560944432999184e-01
1.222140400000000016e+00,3.295560946819324766e-01
1.222280800000000056e+00,3.295560949204549561e-01
1.222421200000000097e+00,3.295560951588673571e-01
1.222561600000000137e+00,3.295560953971697349e-01
1.222702000000000178e+00,3.295560956353622006e-01
1.222842400000000218e+00,3.295560958734447543e-01
1.222982800000000259e+00,3.295560961114173959e-01
1.223123200000000299e+00,3.295560963492802364e-01
1.223263600000000340e+00,3.295560965870332759e-01
1.223404000000000380e+00,3.295560968246765698e-01
1.223544400000000421e+00,3.295560970622101737e-01
1.223684800000000461e+00,3.295560972996341431e-01
1.223825200000000502e+00,3.295560975369484780e-01
1.223965600000000542e+00,3.295560977741532893e-01
1.224020000000000108e+00,3.295560978660452833e-01
1.224160200000000032e+00,3.295560981027603198e-01
1.224300399999999955e+00,3.295560983393659438e-01
1.224440599999999879e+00,3.295560985758622108e-01
1.224580799999999803e+00,3.295560988122491208e-01
1.224720999999999727e+00,3.295560990485267849e-01
1.224861199999999650e+00,3.295560992846952031e-01
1.225001399999999574e+00,3.295560995207544308e-01
1.225141599999999498e+00,3.295560997567044681e-01
1.225281799999999421e+00,3.295560999925454260e-01
1.225421999999999345e+00,3.295561002282773044e-01
1.225562199999999269e+00,3.295561004639001590e-01
1.225702399999999193e+00,3.295561006994140452e-01
1.225842599999999116e+00,3.295561009348189629e-01
1.225982799999999040e+00,3.295561011701150234e-01
1.226029999999999953e+00,3.295561012493179454e-01
1.226170199999999877e+00,3.295561014844687886e-01
1.226310399999999801e+00,3.295561017195111075e-01
1.226450599999999724e+00,3.295561019544449577e-01
1.226590799999999648e+00,3.295561021892703946e-01
1.226730999999999572e+00,3.295561024239874182e-01
1.226871199999999495e+00,3.295561026585961395e-01
1.227011399999999419e+00,3.295561028930965586e-01
1.227151599999999343e+00,3.295561031274886754e-01
1.227291799999999267e+00,3.295561033617726010e-01
1.227431999999999190e+00,3.295561035959483354e-01
1.227572199999999114e+00,3.295561038300159340e-01
1.227712399999999038e+00,3.295561040639755079e-01
1.227852599999998962e+00,3.295561042978270017e-01
1.227992799999998885e+00,3.295561045315705262e-01
1.228040000000000020e+00,3.295561046102508662e-01
1.228179200000000026e+00,3.295561048421822292e-01
1.228318400000000032e+00,3.295561050740047904e-01
1.228457600000000038e+00,3.295561053057186052e-01
1.228596800000000044e+00,3.295561055373236736e-01
1.228736000000000050e+00,3.295561057688200512e-01
1.228875200000000056e+00,3.295561060002078491e-01
1.229014400000000062e+00,3.295561062314870115e-01
1.229153600000000068e+00,3.295561064626576497e-01
1.229292800000000074e+00,3.295561066937197636e-01
1.229432000000000080e+00,3.295561069246734642e-01
1.229571200000000086e+00,3.295561071555187516e-01
1.229710400000000092e+00,3.295561073862556811e-01
1.229849600000000098e+00,3.295561076168843084e-01
1.229988800000000104e+00,3.295561078474046335e-01
1.229999999999999982e+00,3.295561078659515752e-01
1.230140199999999906e+00,3.295561080980123903e-01
1.230280399999999830e+00,3.295561083299664018e-01
1.230420599999999753e+00,3.295561085618137209e-01
1.230560799999999677e+00,3.295561087935543476e-01
1.230700999999999601e+00,3.295561090251883374e-01
1.230841199999999525e+00,3.295561092567157457e-01
1.230981399999999448e+00,3.295561094881366282e-01
1.231121599999999372e+00,3.295561097194510403e-01
1.231261799999999296e+00,3.295561099506589819e-01
1.231401999999999219e+00,3.295561101817605087e-01
1.231542199999999143e+00,3.295561104127556762e-01
1.231682399999999067e+00,3.295561106436444843e-01
1.231822599999998991e+00,3.295561108744270440e-01
1.231962799999998914e+00,3.295561111051033554e-01
1.232010000000000050e+00,3.295561111827512435e-01
1.232150400000000090e+00,3.295561114136151271e-01
1.232290800000000131e+00,3.295561116443733174e-01
1.232431200000000171e+00,3.295561118750259255e-01
1.232571600000000211e+00,3.295561121055729514e-01
1.232712000000000252e+00,3.295561123360145062e-01
1.232852400000000292e+00,3.295561125663505342e-01
1.232992800000000333e+00,3.295561127965811465e-01
1.233133200000000373e+00,3.295561130267063432e-01
1.233273600000000414e+00,3.295561132567262352e-01
1.233414000000000454e+00,3.295561134866408226e-01
1.233554400000000495e+00,3.295561137164501053e-01
1.233694800000000535e+00,3.295561139461541944e-01
1.233835200000000576e+00,3.295561141757530899e-01
1.233975600000000616e+00,3.295561144052468472e-01
1.234029999999999960e+00,3.295561144941517306e-01
1.234170199999999884e+00,3.295561147231728105e-01
1.234310399999999808e+00,3.295561149520888633e-01
1.234450599999999731e+00,3.295561151808999445e-01
1.234590799999999655e+00,3.295561154096061096e-01
1.234730999999999579e+00,3.295561156382073587e-01
1.234871199999999503e+00,3.295561158667037471e-01
1.235011399999999426e+00,3.295561160950952750e-01
1.235151599999999350e+00,3.295561163233820534e-01
1.235291799999999274e+00,3.295561165515641378e-01
1.235431999999999197e+00,3.295561167796414725e-01
1.235572199999999121e+00,3.295561170076141688e-01
1.235712399999999045e+00,3.295561172354822821e-01
1.235852599999998969e+00,3.295561174632458679e-01
1.235992799999998892e+00,3.295561176909049261e-01
1.236040000000000028e+00,3.295561177675372377e-01
1.236178999999999917e+00,3.295561179931072449e-01
1.236317999999999806e+00,3.295561182185717253e-01
1.236456999999999695e+00,3.295561184439307345e-01
1.236595999999999584e+00,3.295561186691842726e-01
1.236734999999999474e+00,3.295561188943323949e-01
1.236873999999999363e+00,3.295561191193751571e-01
1.237012999999999252e+00,3.295561193443126147e-01
1.237151999999999141e+00,3.295561195691448231e-01
1.237290999999999030e+00,3.295561197938717823e-01
1.237429999999998920e+00,3.295561200184935480e-01
1.237568999999998809e+00,3.295561202430101755e-01
1.237707999999998698e+00,3.295561204674217204e-01
1.237846999999998587e+00,3.295561206917281827e-01
1.237985999999998477e+00,3.295561209159296734e-01
1.237989999999999924e+00,3.295561209223814569e-01
1.238130399999999964e+00,3.295561211487348374e-01
1.238270800000000005e+00,3.295561213749851337e-01
1.238411200000000045e+00,3.295561216011323458e-01
1.238551600000000086e+00,3.295561218271765291e-01
1.238692000000000126e+00,3.295561220531177393e-01
1.238832400000000167e+00,3.295561222789560318e-01
1.238972800000000207e+00,3.295561225046914067e-01
1.239113200000000248e+00,3.295561227303239193e-01
1.239253600000000288e+00,3.295561229558536254e-01
1.239394000000000329e+00,3.295561231812805247e-01
1.239534400000000369e+00,3.295561234066046730e-01
1.239674800000000410e+00,3.295561236318261811e-01
1.239815200000000450e+00,3.295561238569449936e-01
1.239955600000000491e+00,3.295561240819612214e-01
1.240010000000000057e+00,3.295561241691316035e-01
1.240150199999999980e+00,3.295561243936850349e-01
1.240290399999999904e+00,3.295561246181359927e-01
1.240430599999999828e+00,3.295561248424845324e-01
1.240570799999999752e+00,3.295561250667306541e-01
1.240710999999999675e+00,3.295561252908744687e-01
1.240851199999999599e+00,3.295561255149159208e-01
1.240991399999999523e+00,3.295561257388551213e-01
1.241131599999999446e+00,3.295561259626920703e-01
1.241271799999999370e+00,3.295561261864268232e-01
1.241411999999999294e+00,3.295561264100594356e-01
1.241552199999999218e+00,3.295561266335899631e-01
1.241692399999999141e+00,3.295561268570184055e-01
1.241832599999999065e+00,3.295561270803448184e-01
1.241972799999998989e+00,3.295561273035692573e-01
1.242019999999999902e+00,3.295561273787088741e-01
1.242160399999999942e+00,3.295561276021158892e-01
1.242300799999999983e+00,3.295561278254214299e-01
1.242441200000000023e+00,3.295561280486256073e-01
1.242581600000000064e+00,3.295561282717284213e-01
1.242722000000000104e+00,3.295561284947298719e-01
1.242862400000000145e+00,3.295561287176300702e-01
1.243002800000000185e+00,3.295561289404290162e-01
1.243143200000000226e+00,3.295561291631267653e-01
1.243283600000000266e+00,3.295561293857233731e-01
1.243424000000000307e+00,3.295561296082188951e-01
1.243564400000000347e+00,3.295561298306133313e-01
1.243704800000000388e+00,3.295561300529067372e-01
1.243845200000000428e+00,3.295561302750991128e-01
1.243985600000000469e+00,3.295561304971905692e-01
1.244040000000000035e+00,3.295561305832279131e-01
1.244178999999999924e+00,3.295561308029638092e-01
1.244317999999999813e+00,3.295561310225975649e-01
1.244456999999999702e+00,3.295561312421292355e-01
1.244595999999999592e+00,3.295561314615587656e-01
1.244734999999999481e+00,3.295561316808862662e-01
1.244873999999999370e+00,3.295561319001117928e-01
1.245012999999999259e+00,3.295561321192353454e-01
1.245151999999999148e+00,3.295561323382569796e-01
1.245290999999999038e+00,3.295561325571767508e-01
1.245429999999998927e+00,3.295561327759946590e-01
1.245568999999998816e+00,3.295561329947107598e-01
1.245707999999998705e+00,3.295561332133251087e-01
1.245846999999998594e+00,3.295561334318377611e-01
1.245985999999998484e+00,3.295561336502487726e-01
1.245989999999999931e+00,3.295561336565339117e-01
1.246130199999999855e+00,3.295561338767274973e-01
1.246270399999999778e+00,3.295561340968209962e-01
1.246410599999999702e+00,3.295561343168145196e-01
1.246550799999999626e+00,3.295561345367081230e-01
1.246690999999999550e+00,3.295561347565018062e-01
1.246831199999999473e+00,3.295561349761956249e-01
1.246971399999999397e+00,3.295561351957896346e-01
1.247111599999999321e+00,3.295561354152838351e-01
1.247251799999999244e+00,3.295561356346783377e-01
1.247391999999999168e+00,3.295561358539731422e-01
1.247532199999999092e+00,3.295561360731682488e-01
1.247672399999999016e+00,3.295561362922637683e-01
1.247812599999998939e+00,3.295561365112597008e-01
1.247952799999998863e+00,3.295561367301561018e-01
1.247999999999999998e+00,3.295561368038389394e-01
1.248140400000000039e+00,3.295561370229149745e-01
1.248280800000000079e+00,3.295561372418920332e-01
1.248421200000000120e+00,3.295561374607701155e-01
1.248561600000000160e+00,3.295561376795492770e-01
1.248702000000000201e+00,3.295561378982295730e-01
1.248842400000000241e+00,3.295561381168110593e-01
1.248982800000000282e+00,3.295561383352937357e-01
1.249123200000000322e+00,3.295561385536776577e-01
1.249263600000000363e+00,3.295561387719628810e-01
1.249404000000000403e+00,3.295561389901494054e-01
1.249544400000000444e+00,3.295561392082372865e-01
1.249684800000000484e+00,3.295561394262265797e-01
1.249825200000000525e+00,3.295561396441172852e-01
1.249965600000000565e+00,3.295561398619094584e-01
1.250019999999999909e+00,3.295561399462814123e-01
1.250160199999999833e+00,3.295561401636267762e-01
1.250300399999999756e+00,3.295561403808737189e-01
1.250440599999999680e+00,3.295561405980222958e-01
1.250580799999999604e+00,3.295561408150725624e-01
1.250720999999999528e+00,3.295561410320245188e-01
1.250861199999999451e+00,3.295561412488782205e-01
1.251001399999999375e+00,3.295561414656336674e-01
1.251141599999999299e+00,3.295561416822909706e-01
1.251281799999999222e+00,3.295561418988501301e-01
1.251421999999999146e+00,3.295561421153111459e-01
1.251562199999999070e+00,3.295561423316741290e-01
1.251702399999998994e+00,3.295561425479390794e-01
1.251842599999998917e+00,3.295561427641060526e-01
1.251982799999998841e+00,3.295561429801750486e-01
1.252029999999999976e+00,3.295561430529062030e-01
1.252170400000000017e+00,3.295561432691529458e-01
1.252310800000000057e+00,3.295561434853022664e-01
1.252451200000000098e+00,3.295561437013541650e-01
1.252591600000000138e+00,3.295561439173087526e-01
1.252732000000000179e+00,3.295561441331660291e-01
1.252872400000000219e+00,3.295561443489259945e-01
1.253012800000000260e+00,3.295561445645887044e-01
1.253153200000000300e+00,3.295561447801542143e-01
1.253293600000000341e+00,3.295561449956225797e-01
1.253434000000000381e+00,3.295561452109938005e-01
1.253574400000000422e+00,3.295561454262679324e-01
1.253714800000000462e+00,3.295561456414450308e-01
1.253855200000000503e+00,3.295561458565251511e-01
1.253995600000000543e+00,3.295561460715082380e-01
1.254050000000000109e+00,3.295561461547920068e-01
1.254188999999999998e+00,3.295561463674960834e-01
1.254327999999999887e+00,3.295561465801020162e-01
1.254466999999999777e+00,3.295561467926099164e-01
1.254605999999999666e+00,3.295561470050197839e-01
1.254744999999999555e+00,3.295561472173316186e-01
1.254883999999999444e+00,3.295561474295454762e-01
1.255022999999999334e+00,3.295561476416614677e-01
1.255161999999999223e+00,3.295561478536795375e-01
1.255300999999999112e+00,3.295561480655997966e-01
1.255439999999999001e+00,3.295561482774222450e-01
1.255578999999998890e+00,3.295561484891469384e-01
1.255717999999998780e+00,3.295561487007739321e-01
1.255856999999998669e+00,3.295561489123032262e-01
1.255995999999998558e+00,3.295561491237348761e-01
1.256000000000000005e+00,3.295561491298191759e-01
1.256140199999999929e+00,3.295561493429772226e-01
1.256280399999999853e+00,3.295561495560391796e-01
1.256420599999999776e+00,3.295561497690051023e-01
1.256560799999999700e+00,3.295561499818749907e-01
1.256700999999999624e+00,3.295561501946489558e-01
1.256841199999999548e+00,3.295561504073269976e-01
1.256981399999999471e+00,3.295561506199091717e-01
1.257121599999999395e+00,3.295561508323954780e-01
1.257261799999999319e+00,3.295561510447859721e-01
1.257401999999999243e+00,3.295561512570807094e-01
1.257542199999999166e+00,3.295561514692797456e-01
1.257682399999999090e+00,3.295561516813830805e-01
1.257822599999999014e+00,3.295561518933907696e-01
1.257962799999998937e+00,3.295561521053028131e-01
1.258010000000000073e+00,3.295561521766346980e-01
1.258150400000000113e+00,3.295561523887217126e-01
1.258290800000000154e+00,3.295561526007135811e-01
1.258431200000000194e+00,3.295561528126103590e-01
1.258571600000000235e+00,3.295561530244121018e-01
1.258712000000000275e+00,3.295561532361188650e-01
1.258852400000000316e+00,3.295561534477306487e-01
1.258992800000000356e+00,3.295561536592475083e-01
1.259133200000000397e+00,3.295561538706694993e-01
1.259273600000000437e+00,3.295561540819966218e-01
1.259414000000000478e+00,3.295561542932289312e-01
1.259554400000000518e+00,3.295561545043664831e-01
1.259694800000000559e+00,3.295561547154092774e-01
1.259835200000000599e+00,3.295561549263573697e-01
1.259975600000000640e+00,3.295561551372107600e-01
1.260029999999999983e+00,3.295561552188947529e-01
1.260170199999999907e+00,3.295561554293165996e-01
1.260310399999999831e+00,3.295561556396439662e-01
1.260450599999999755e+00,3.295561558498767973e-01
1.260590799999999678e+00,3.295561560600151485e-01
1.260730999999999602e+00,3.295561562700591307e-01
1.260871199999999526e+00,3.295561564800086884e-01
1.261011399999999449e+00,3.295561566898639327e-01
1.261151599999999373e+00,3.295561568996248636e-01
1.261291799999999297e+00,3.295561571092914810e-01
1.261431999999999221e+00,3.295561573188638960e-01
1.261572199999999144e+00,3.295561575283421085e-01
1.261712399999999068e+00,3.295561577377261742e-01
1.261852599999998992e+00,3.295561579470160929e-01
1.261992799999998915e+00,3.295561581562119757e-01
1.262040000000000051e+00,3.295561582266295919e-01
1.262178999999999940e+00,3.295561584339083971e-01
1.262317999999999829e+00,3.295561586410922228e-01
1.262456999999999718e+00,3.295561588481810134e-01
1.262595999999999608e+00,3.295561590551748243e-01
1.262734999999999497e+00,3.295561592620737112e-01
1.262873999999999386e+00,3.295561594688777296e-01
1.263012999999999275e+00,3.295561596755868794e-01
1.263151999999999164e+00,3.295561598822012161e-01
1.263290999999999054e+00,3.295561600887207954e-01
1.263429999999998943e+00,3.295561602951456726e-01
1.263568999999998832e+00,3.295561605014758477e-01
1.263707999999998721e+00,3.295561607077113764e-01
1.263846999999998610e+00,3.295561609138522585e-01
1.263985999999998500e+00,3.295561611198986052e-01
1.263989999999999947e+00,3.295561611258279178e-01
1.264130399999999987e+00,3.295561613338539031e-01
1.264270800000000028e+00,3.295561615417870738e-01
1.264411200000000068e+00,3.295561617496273743e-01
1.264551600000000109e+00,3.295561619573749157e-01
1.264692000000000149e+00,3.295561621650296980e-01
1.264832400000000190e+00,3.295561623725917766e-01
1.264972800000000230e+00,3.295561625800612071e-01
1.265113200000000271e+00,3.295561627874379895e-01
1.265253600000000311e+00,3.295561629947221793e-01
1.265394000000000352e+00,3.295561632019138321e-01
1.265534400000000392e+00,3.295561634090130032e-01
1.265674800000000433e+00,3.295561636160196373e-01
1.265815200000000473e+00,3.295561638229338453e-01
1.265955600000000514e+00,3.295561640297556272e-01
1.266010000000000080e+00,3.295561641098778694e-01
1.266150200000000003e+00,3.295561643162769339e-01
1.266290399999999927e+00,3.295561645225837388e-01
1.266430599999999851e+00,3.295561647287982288e-01
1.266570799999999775e+00,3.295561649349205147e-01
1.266710999999999698e+00,3.295561651409505410e-01
1.266851199999999622e+00,3.295561653468884189e-01
1.266991399999999546e+00,3.295561655527341482e-01
1.267131599999999469e+00,3.295561657584878401e-01
1.267271799999999393e+00,3.295561659641494390e-01
1.267411999999999317e+00,3.295561661697190003e-01
1.267552199999999241e+00,3.295561663751965797e-01
1.267692399999999164e+00,3.295561665805822327e-01
1.267832599999999088e+00,3.295561667858759591e-01
1.267972799999999012e+00,3.295561669910778146e-01
1.268019999999999925e+00,3.295561670601510618e-01
1.268160399999999965e+00,3.295561672655232255e-01
1.268300800000000006e+00,3.295561674708040178e-01
1.268441200000000046e+00,3.295561676759934389e-01
1.268581600000000087e+00,3.295561678810915440e-01
1.268722000000000127e+00,3.295561680860983889e-01
1.268862400000000168e+00,3.295561682910139734e-01
1.269002800000000208e+00,3.295561684958383530e-01
1.269143200000000249e+00,3.295561687005715834e-01
1.269283600000000289e+00,3.295561689052136645e-01
1.269424000000000330e+00,3.295561691097646517e-01
1.269564400000000370e+00,3.295561693142245452e-01
1.269704800000000411e+00,3.295561695185934004e-01
1.269845200000000451e+00,3.295561697228712728e-01
1.269985600000000492e+00,3.295561699270581624e-01
1.270040000000000058e+00,3.295561700061596655e-01
1.270178999999999947e+00,3.295561702081835631e-01
1.270317999999999836e+00,3.295561704101153677e-01
1.270456999999999725e+00,3.295561706119551904e-01
1.270595999999999615e+00,3.295561708137030310e-01
1.270734999999999504e+00,3.295561710153588897e-01
1.270873999999999393e+00,3.295561712169228774e-01
1.271012999999999282e+00,3.295561714183949942e-01
1.271151999999999171e+00,3.295561716197752955e-01
1.271290999999999061e+00,3.295561718210637814e-01
1.271429999999998950e+00,3.295561720222605073e-01
1.271568999999998839e+00,3.295561722233655289e-01
1.271707999999998728e+00,3.295561724243788460e-01
1.271846999999998618e+00,3.295561726253005141e-01
1.271985999999998507e+00,3.295561728261305889e-01
1.271989999999999954e+00,3.295561728319097994e-01
1.272130199999999878e+00,3.295561730343807838e-01
1.272270399999999801e+00,3.295561732367616736e-01
1.272410599999999725e+00,3.295561734390524133e-01
1.272550799999999649e+00,3.295561736412531140e-01
1.272690999999999573e+00,3.295561738433637755e-01
1.272831199999999496e+00,3.295561740453844535e-01
1.272971399999999420e+00,3.295561742473151479e-01
1.273111599999999344e+00,3.295561744491559142e-01
1.273251799999999267e+00,3.295561746509068080e-01
1.273391999999999191e+00,3.295561748525677737e-01
1.273532199999999115e+00,3.295561750541389778e-01
1.273672399999999039e+00,3.295561752556203650e-01
1.273812599999998962e+00,3.295561754570119906e-01
1.273952799999998886e+00,3.295561756583139101e-01
1.274000000000000021e+00,3.295561757260744296e-01
1.274140400000000062e+00,3.295561759275439928e-01
1.274280800000000102e+00,3.295561761289242941e-01
1.274421200000000143e+00,3.295561763302153890e-01
1.274561600000000183e+00,3.295561765314173330e-01
1.274702000000000224e+00,3.295561767325301261e-01
1.274842400000000264e+00,3.295561769335538238e-01
1.274982800000000305e+00,3.295561771344884816e-01
1.275123200000000345e+00,3.295561773353340440e-01
1.275263600000000386e+00,3.295561775360906220e-01
1.275404000000000426e+00,3.295561777367582712e-01
1.275544400000000467e+00,3.295561779373369915e-01
1.275684800000000507e+00,3.295561781378267829e-01
1.275825200000000548e+00,3.295561783382277565e-01
1.275965600000000588e+00,3.295561785385398568e-01
1.276019999999999932e+00,3.295561786161403384e-01
1.276160199999999856e+00,3.295561788160439876e-01
1.276300399999999780e+00,3.295561790158589299e-01
1.276440599999999703e+00,3.295561792155851655e-01
1.276580799999999627e+00,3.295561794152227497e-01
1.276720999999999551e+00,3.295561796147716827e-01
1.276861199999999474e+00,3.295561798142320198e-01
1.277001399999999398e+00,3.295561800136037611e-01
1.277141599999999322e+00,3.295561802128869622e-01
1.277281799999999246e+00,3.295561804120816785e-01
1.277421999999999169e+00,3.295561806111879655e-01
1.277562199999999093e+00,3.295561808102058232e-01
1.277702399999999017e+00,3.295561810091353072e-01
1.277842599999998940e+00,3.295561812079764175e-01
1.277982799999998864e+00,3.295561814067292095e-01
1.278029999999999999e+00,3.295561814736316930e-01
1.278170400000000040e+00,3.295561816725503523e-01
1.278310800000000080e+00,3.295561818713811930e-01
1.278451200000000121e+00,3.295561820701242151e-01
1.278591600000000161e+00,3.295561822687794740e-01
1.278732000000000202e+00,3.295561824673469697e-01
1.278872400000000242e+00,3.295561826658267579e-01
1.279012800000000283e+00,3.295561828642188940e-01
1.279153200000000323e+00,3.295561830625234334e-01
1.279293600000000364e+00,3.295561832607403208e-01
1.279434000000000404e+00,3.295561834588696670e-01
1.279574400000000445e+00,3.295561836569114722e-01
1.279714800000000485e+00,3.295561838548657918e-01
1.279855200000000526e+00,3.295561840527326258e-01
1.279995600000000566e+00,3.295561842505120298e-01
1.280049999999999910e+00,3.295561843271314073e-01
1.280189000000000021e+00,3.295561845228165976e-01
1.280328000000000133e+00,3.295561847184133031e-01
1.280467000000000244e+00,3.295561849139215238e-01
1.280606000000000355e+00,3.295561851093413708e-01
1.280745000000000466e+00,3.295561853046727885e-01
1.280884000000000578e+00,3.295561854999158879e-01
1.281023000000000689e+00,3.295561856950706692e-01
1.281162000000000800e+00,3.295561858901371322e-01
1.281301000000000911e+00,3.295561860851153879e-01
1.281440000000001023e+00,3.295561862800054365e-01
1.281579000000001134e+00,3.295561864748072778e-01
1.281718000000001245e+00,3.295561866695209674e-01
1.281857000000001356e+00,3.295561868641465608e-01
1.281996000000001468e+00,3.295561870586841136e-01
1.282000000000000028e+00,3.295561870642822466e-01
1.282140199999999952e+00,3.295561872604099718e-01
1.282280399999999876e+00,3.295561874564510441e-01
1.282420599999999800e+00,3.295561876524055189e-01
1.282560799999999723e+00,3.295561878482733964e-01
1.282700999999999647e+00,3.295561880440547320e-01
1.282841199999999571e+00,3.295561882397495257e-01
1.282981399999999494e+00,3.295561884353578330e-01
1.283121599999999418e+00,3.295561886308796540e-01
1.283261799999999342e+00,3.295561888263150441e-01
1.283401999999999266e+00,3.295561890216640588e-01
1.283542199999999189e+00,3.295561892169266982e-01
1.283682399999999113e+00,3.295561894121030733e-01
1.283822599999999037e+00,3.295561896071931285e-01
1.283962799999998960e+00,3.295561898021969194e-01
1.284010000000000096e+00,3.295561898678375234e-01
1.284150400000000136e+00,3.295561900630046281e-01
1.284290800000000177e+00,3.295561902580859126e-01
1.284431200000000217e+00,3.295561904530814323e-01
1.284571600000000258e+00,3.295561906479912428e-01
1.284712000000000298e+00,3.295561908428152886e-01
1.284852400000000339e+00,3.295561910375536807e-01
1.284992800000000379e+00,3.295561912322064746e-01
1.285133200000000420e+00,3.295561914267736703e-01
1.285273600000000460e+00,3.295561916212552678e-01
1.285414000000000501e+00,3.295561918156513226e-01
1.285554400000000541e+00,3.295561920099618902e-01
1.285694800000000582e+00,3.295561922041870262e-01
1.285835200000000622e+00,3.295561923983266750e-01
1.285975600000000663e+00,3.295561925923809476e-01
1.286030000000000006e+00,3.295561926675572573e-01
1.286170199999999930e+00,3.295561928612167346e-01
1.286310399999999854e+00,3.295561930547908913e-01
1.286450599999999778e+00,3.295561932482797829e-01
1.286590799999999701e+00,3.295561934416834093e-01
1.286730999999999625e+00,3.295561936350018262e-01
1.286871199999999549e+00,3.295561938282350889e-01
1.287011399999999472e+00,3.295561940213831975e-01
1.287151599999999396e+00,3.295561942144462075e-01
1.287291799999999320e+00,3.295561944074241190e-01
1.287431999999999244e+00,3.295561946003169873e-01
1.287572199999999167e+00,3.295561947931248681e-01
1.287712399999999091e+00,3.295561949858477613e-01
1.287852599999999015e+00,3.295561951784857224e-01
1.287992799999998939e+00,3.295561953710387515e-01
1.288040000000000074e+00,3.295561954358544043e-01
1.288178999999999963e+00,3.295561956266452319e-01
1.288317999999999852e+00,3.295561958173502948e-01
1.288456999999999741e+00,3.295561960079696484e-01
1.288595999999999631e+00,3.295561961985032928e-01
1.288734999999999520e+00,3.295561963889512835e-01
1.288873999999999409e+00,3.295561965793136205e-01
1.289012999999999298e+00,3.295561967695903594e-01
1.289151999999999187e+00,3.295561969597815555e-01
1.289290999999999077e+00,3.295561971498872089e-01
1.289429999999998966e+00,3.295561973399073752e-01
1.289568999999998855e+00,3.295561975298421098e-01
1.289707999999998744e+00,3.295561977196913572e-01
1.289846999999998634e+00,3.295561979094552840e-01
1.289985999999998523e+00,3.295561980991338347e-01
1.289989999999999970e+00,3.295561981045921351e-01
1.290130400000000011e+00,3.295561982960947822e-01
1.290270800000000051e+00,3.295561984875136075e-01
1.290411200000000091e+00,3.295561986788486664e-01
1.290551600000000132e+00,3.295561988700999589e-01
1.290692000000000172e+00,3.295561990612675407e-01
1.290832400000000213e+00,3.295561992523514117e-01
1.290972800000000253e+00,3.295561994433516273e-01
1.291113200000000294e+00,3.295561996342682431e-01
1.291253600000000334e+00,3.295561998251012592e-01
1.291394000000000375e+00,3.295562000158507310e-01
1.291534400000000415e+00,3.295562002065166585e-01
1.291674800000000456e+00,3.295562003970990972e-01
1.291815200000000496e+00,3.295562005875981026e-01
1.291955600000000537e+00,3.295562007780136748e-01
1.292010000000000103e+00,3.295562008517803898e-01
1.292150200000000027e+00,3.295562010418090493e-01
1.292290399999999950e+00,3.295562012317543865e-01
1.292430599999999874e+00,3.295562014216164015e-01
1.292570799999999798e+00,3.295562016113951498e-01
1.292710999999999721e+00,3.295562018010906313e-01
1.292851199999999645e+00,3.295562019907029017e-01
1.292991399999999569e+00,3.295562021802320163e-01
1.293131599999999493e+00,3.295562023696779752e-01
1.293271799999999416e+00,3.295562025590408339e-01
1.293411999999999340e+00,3.295562027483205925e-01
1.293552199999999264e+00,3.295562029375173063e-01
1.293692399999999187e+00,3.295562031266310310e-01
1.293832599999999111e+00,3.295562033156617665e-01
1.293972799999999035e+00,3.295562035046095684e-01
1.294019999999999948e+00,3.295562035682116919e-01
1.294160399999999989e+00,3.295562037573185332e-01
1.294300800000000029e+00,3.295562039463428294e-01
1.294441200000000070e+00,3.295562041352846361e-01
1.294581600000000110e+00,3.295562043241439532e-01
1.294722000000000151e+00,3.295562045129208917e-01
1.294862400000000191e+00,3.295562047016154517e-01
1.295002800000000232e+00,3.295562048902276331e-01
1.295143200000000272e+00,3.295562050787574915e-01
1.295283600000000312e+00,3.295562052672050823e-01
1.295424000000000353e+00,3.295562054555704057e-01
1.295564400000000393e+00,3.295562056438535170e-01
1.295704800000000434e+00,3.295562058320544163e-01
1.295845200000000474e+00,3.295562060201731591e-01
1.295985600000000515e+00,3.295562062082097454e-01
1.296040000000000081e+00,3.295562062810549198e-01
1.296178999999999970e+00,3.295562064671018754e-01
1.296317999999999859e+00,3.295562066530656753e-01
1.296456999999999748e+00,3.295562068389463750e-01
1.296595999999999638e+00,3.295562070247440301e-01
1.296734999999999527e+00,3.295562072104586404e-01
1.296873999999999416e+00,3.295562073960902616e-01
1.297012999999999305e+00,3.295562075816388936e-01
1.297151999999999195e+00,3.295562077671045920e-01
1.297290999999999084e+00,3.295562079524874122e-01
1.297429999999998973e+00,3.295562081377873542e-01
1.297568999999998862e+00,3.295562083230044736e-01
1.297707999999998751e+00,3.295562085081387704e-01
1.297846999999998641e+00,3.295562086931903001e-01
1.297985999999998530e+00,3.295562088781591181e-01
1.297989999999999977e+00,3.295562088834819159e-01
1.298130199999999901e+00,3.295562090699636904e-01
1.298270399999999825e+00,3.295562092563640855e-01
1.298410599999999748e+00,3.295562094426830457e-01
1.298550799999999672e+00,3.295562096289206266e-01
1.298690999999999596e+00,3.295562098150768837e-01
1.298831199999999519e+00,3.295562100011518725e-01
1.298971399999999443e+00,3.295562101871455929e-01
1.299111599999999367e+00,3.295562103730580450e-01
1.299251799999999291e+00,3.295562105588892843e-01
1.299391999999999214e+00,3.295562107446393663e-01
1.299532199999999138e+00,3.295562109303083465e-01
1.299672399999999062e+00,3.295562111158961693e-01
1.299812599999998985e+00,3.295562113014029459e-01
1.299952799999998909e+00,3.295562114868286763e-01
1.300000000000000044e+00,3.295562115492453037e-01
1.300140400000000085e+00,3.295562117348275755e-01
1.300280800000000125e+00,3.295562119203292450e-01
1.300421200000000166e+00,3.295562121057503124e-01
1.300561600000000206e+00,3.295562122910907776e-01
1.300702000000000247e+00,3.295562124763507517e-01
1.300842400000000287e+00,3.295562126615302345e-01
1.300982800000000328e+00,3.295562128466292817e-01
1.301123200000000368e+00,3.295562130316478933e-01
1.301263600000000409e+00,3.295562132165860691e-01
1.301404000000000449e+00,3.295562134014438649e-01
1.301544400000000490e+00,3.295562135862213360e-01
1.301684800000000530e+00,3.295562137709184825e-01
1.301825200000000571e+00,3.295562139555353598e-01
1.301965600000000611e+00,3.295562141400719680e-01
1.302019999999999955e+00,3.295562142115612825e-01
1.302160199999999879e+00,3.295562143957238010e-01
1.302300399999999803e+00,3.295562145798061615e-01
1.302440599999999726e+00,3.295562147638083639e-01
1.302580799999999650e+00,3.295562149477304636e-01
1.302720999999999574e+00,3.295562151315724608e-01
1.302861199999999497e+00,3.295562153153344664e-01
1.303001399999999421e+00,3.295562154990164250e-01
1.303141599999999345e+00,3.295562156826183919e-01
1.303281799999999269e+00,3.295562158661404228e-01
1.303421999999999192e+00,3.295562160495825177e-01
1.303562199999999116e+00,3.295562162329447320e-01
1.303702399999999040e+00,3.295562164162270657e-01
1.303842599999998964e+00,3.295562165994295745e-01
1.303982799999998887e+00,3.295562167825522581e-01
1.304030000000000022e+00,3.295562168441936723e-01
1.304170400000000063e+00,3.295562170274712877e-01
1.304310800000000103e+00,3.295562172106695220e-01
1.304451200000000144e+00,3.295562173937884309e-01
1.304591600000000184e+00,3.295562175768279589e-01
1.304732000000000225e+00,3.295562177597882170e-01
1.304872400000000265e+00,3.295562179426692051e-01
1.305012800000000306e+00,3.295562181254709233e-01
1.305153200000000346e+00,3.295562183081934826e-01
1.305293600000000387e+00,3.295562184908368830e-01
1.305434000000000427e+00,3.295562186734011245e-01
1.305574400000000468e+00,3.295562188558862626e-01
1.305714800000000508e+00,3.295562190382922974e-01
1.305855200000000549e+00,3.295562192206192842e-01
1.305995600000000589e+00,3.295562194028672787e-01
1.306049999999999933e+00,3.295562194734700245e-01
1.306189000000000044e+00,3.295562196537903943e-01
1.306328000000000156e+00,3.295562198340307725e-01
1.306467000000000267e+00,3.295562200141912146e-01
1.306606000000000378e+00,3.295562201942717206e-01
1.306745000000000489e+00,3.295562203742723462e-01
1.306884000000000601e+00,3.295562205541930911e-01
1.307023000000000712e+00,3.295562207340340666e-01
1.307162000000000823e+00,3.295562209137952170e-01
1.307301000000000935e+00,3.295562210934765979e-01
1.307440000000001046e+00,3.295562212730782647e-01
1.307579000000001157e+00,3.295562214526002176e-01
1.307718000000001268e+00,3.295562216320425120e-01
1.307857000000001380e+00,3.295562218114051478e-01
1.307996000000001491e+00,3.295562219906881807e-01
1.308000000000000052e+00,3.295562219958473871e-01
1.308140199999999975e+00,3.295562221765975242e-01
1.308280399999999899e+00,3.295562223572693350e-01
1.308420599999999823e+00,3.295562225378628196e-01
1.308560799999999746e+00,3.295562227183780335e-01
1.308700999999999670e+00,3.295562228988150322e-01
1.308841199999999594e+00,3.295562230791737601e-01
1.308981399999999518e+00,3.295562232594543284e-01
1.309121599999999441e+00,3.295562234396567924e-01
1.309261799999999365e+00,3.295562236197810968e-01
1.309401999999999289e+00,3.295562237998272970e-01
1.309542199999999212e+00,3.295562239797954485e-01
1.309682399999999136e+00,3.295562241596855513e-01
1.309822599999999060e+00,3.295562243394976609e-01
1.309962799999998984e+00,3.295562245192318329e-01
1.310009999999999897e+00,3.295562245797326595e-01
1.310150399999999937e+00,3.295562247596193206e-01
1.310290799999999978e+00,3.295562249394283771e-01
1.310431200000000018e+00,3.295562251191598846e-01
1.310571600000000059e+00,3.295562252988138985e-01
1.310712000000000099e+00,3.295562254783904188e-01
1.310852400000000140e+00,3.295562256578895011e-01
1.310992800000000180e+00,3.295562258373111453e-01
1.311133200000000221e+00,3.295562260166554069e-01
1.311273600000000261e+00,3.295562261959222861e-01
1.311414000000000302e+00,3.295562263751117826e-01
1.311554400000000342e+00,3.295562265542240077e-01
1.311694800000000383e+00,3.295562267332589612e-01
1.311835200000000423e+00,3.295562269122166432e-01
1.311975600000000464e+00,3.295562270910971092e-01
1.312030000000000030e+00,3.295562271603953430e-01
1.312170199999999953e+00,3.295562273389139873e-01
1.312310399999999877e+00,3.295562275173554712e-01
1.312450599999999801e+00,3.295562276957197945e-01
1.312590799999999724e+00,3.295562278740070128e-01
1.312730999999999648e+00,3.295562280522171816e-01
1.312871199999999572e+00,3.295562282303503010e-01
1.313011399999999496e+00,3.295562284084064819e-01
1.313151599999999419e+00,3.295562285863856689e-01
1.313291799999999343e+00,3.295562287642879173e-01
1.313431999999999267e+00,3.295562289421132274e-01
1.313572199999999190e+00,3.295562291198616545e-01
1.313712399999999114e+00,3.295562292975332541e-01
1.313852599999999038e+00,3.295562294751279708e-01
1.313992799999998962e+00,3.295562296526459156e-01
1.314040000000000097e+00,3.295562297124007833e-01
1.314179200000000103e+00,3.295562298885494901e-01
1.314318400000000109e+00,3.295562300646208143e-01
1.314457600000000115e+00,3.295562302406147559e-01
1.314596800000000121e+00,3.295562304165313705e-01
1.314736000000000127e+00,3.295562305923707136e-01
1.314875200000000133e+00,3.295562307681327296e-01
1.315014400000000139e+00,3.295562309438175297e-01
1.315153600000000145e+00,3.295562311194251137e-01
1.315292800000000151e+00,3.295562312949555372e-01
1.315432000000000157e+00,3.295562314704088003e-01
1.315571200000000163e+00,3.295562316457849583e-01
1.315710400000000169e+00,3.295562318210840114e-01
1.315849600000000175e+00,3.295562319963060149e-01
1.315988800000000181e+00,3.295562321714509690e-01
1.316000000000000059e+00,3.295562321855426413e-01
1.316140199999999982e+00,3.295562323618635991e-01
1.316280399999999906e+00,3.295562325381085622e-01
1.316420599999999830e+00,3.295562327142775860e-01
1.316560799999999753e+00,3.295562328903707261e-01
1.316700999999999677e+00,3.295562330663879824e-01
1.316841199999999601e+00,3.295562332423294105e-01
1.316981399999999525e+00,3.295562334181950104e-01
1.317121599999999448e+00,3.295562335939847820e-01
1.317261799999999372e+00,3.295562337696987809e-01
1.317401999999999296e+00,3.295562339453370626e-01
1.317542199999999220e+00,3.295562341208996271e-01
1.317682399999999143e+00,3.295562342963865299e-01
1.317822599999999067e+00,3.295562344717977710e-01
1.317962799999998991e+00,3.295562346471334059e-01
1.318009999999999904e+00,3.295562347061536945e-01
1.318150199999999828e+00,3.295562348813884657e-01
1.318290399999999751e+00,3.295562350565477971e-01
1.318430599999999675e+00,3.295562352316318000e-01
1.318570799999999599e+00,3.295562354066404187e-01
1.318710999999999522e+00,3.295562355815737643e-01
1.318851199999999446e+00,3.295562357564317812e-01
1.318991399999999370e+00,3.295562359312145251e-01
1.319131599999999294e+00,3.295562361059220513e-01
1.319271799999999217e+00,3.295562362805543599e-01
1.319411999999999141e+00,3.295562364551115064e-01
1.319552199999999065e+00,3.295562366295934908e-01
1.319692399999998988e+00,3.295562368040003687e-01
1.319832599999998912e+00,3.295562369783321954e-01
1.319972799999998836e+00,3.295562371525889156e-01
1.320019999999999971e+00,3.295562372112460503e-01
1.320160400000000012e+00,3.295562373856513738e-01
1.320300800000000052e+00,3.295562375599820348e-01
1.320441200000000093e+00,3.295562377342380334e-01
1.320581600000000133e+00,3.295562379084194804e-01
1.320722000000000174e+00,3.295562380825263205e-01
1.320862400000000214e+00,3.295562382565586090e-01
1.321002800000000255e+00,3.295562384305164016e-01
1.321143200000000295e+00,3.295562386043996983e-01
1.321283600000000336e+00,3.295562387782084990e-01
1.321424000000000376e+00,3.295562389519428592e-01
1.321564400000000417e+00,3.295562391256028345e-01
1.321704800000000457e+00,3.295562392991884249e-01
1.321845200000000498e+00,3.295562394726996303e-01
1.321985600000000538e+00,3.295562396461365062e-01
1.322040000000000104e+00,3.295562397133259824e-01
1.322178999999999993e+00,3.295562398849296581e-01
1.322317999999999882e+00,3.295562400564581162e-01
1.322456999999999772e+00,3.295562402279113567e-01
1.322595999999999661e+00,3.295562403992894351e-01
1.322734999999999550e+00,3.295562405705923514e-01
1.322873999999999439e+00,3.295562407418201611e-01
1.323012999999999328e+00,3.295562409129729198e-01
1.323151999999999218e+00,3.295562410840505718e-01
1.323290999999999107e+00,3.295562412550532283e-01
1.323429999999998996e+00,3.295562414259808892e-01
1.323568999999998885e+00,3.295562415968335546e-01
1.323707999999998774e+00,3.295562417676112799e-01
1.323846999999998664e+00,3.295562419383141206e-01
1.323985999999998553e+00,3.295562421089420768e-01
1.323990000000000000e+00,3.295562421138522047e-01
1.324130400000000041e+00,3.295562422861229579e-01
1.324270800000000081e+00,3.295562424583201588e-01
1.324411200000000122e+00,3.295562426304438630e-01
1.324551600000000162e+00,3.295562428024940704e-01
1.324692000000000203e+00,3.295562429744708366e-01
1.324832400000000243e+00,3.295562431463741615e-01
1.324972800000000284e+00,3.295562433182041007e-01
1.325113200000000324e+00,3.295562434899606541e-01
1.325253600000000365e+00,3.295562436616438773e-01
1.325394000000000405e+00,3.295562438332537702e-01
1.325534400000000446e+00,3.295562440047903330e-01
1.325674800000000486e+00,3.295562441762536765e-01
1.325815200000000527e+00,3.295562443476437453e-01
1.325955600000000567e+00,3.295562445189606504e-01
1.326009999999999911e+00,3.295562445853288946e-01
1.326150199999999835e+00,3.295562447563002428e-01
1.326290399999999758e+00,3.295562449271984828e-01
1.326430599999999682e+00,3.295562450980236147e-01
1.326570799999999606e+00,3.295562452687756383e-01
1.326710999999999530e+00,3.295562454394546092e-01
1.326851199999999453e+00,3.295562456100605275e-01
1.326991399999999377e+00,3.295562457805934486e-01
1.327131599999999301e+00,3.295562459510533726e-01
1.327271799999999224e+00,3.295562461214404104e-01
1.327411999999999148e+00,3.295562462917545066e-01
1.327552199999999072e+00,3.295562464619957166e-01
1.327692399999998996e+00,3.295562466321640405e-01
1.327832599999998919e+00,3.295562468022595337e-01
1.327972799999998843e+00,3.295562469722821963e-01
1.328019999999999978e+00,3.295562470295141377e-01
1.328160199999999902e+00,3.295562471994397113e-01
1.328300399999999826e+00,3.295562473692926764e-01
1.328440599999999749e+00,3.295562475390730883e-01
1.328580799999999673e+00,3.295562477087810027e-01
1.328720999999999597e+00,3.295562478784163640e-01
1.328861199999999521e+00,3.295562480479792833e-01
1.329001399999999444e+00,3.295562482174697050e-01
1.329141599999999368e+00,3.295562483868877401e-01
1.329281799999999292e+00,3.295562485562333888e-01
1.329421999999999215e+00,3.295562487255066508e-01
1.329562199999999139e+00,3.295562488947075819e-01
1.329702399999999063e+00,3.295562490638361819e-01
1.329842599999998987e+00,3.295562492328925619e-01
1.329982799999998910e+00,3.295562494018766664e-01
1.330030000000000046e+00,3.295562494587589986e-01
1.330169200000000052e+00,3.295562496264408114e-01
1.330308400000000058e+00,3.295562497940497382e-01
1.330447600000000064e+00,3.295562499615858898e-01
1.330586800000000069e+00,3.295562501290492663e-01
1.330726000000000075e+00,3.295562502964399232e-01
1.330865200000000081e+00,3.295562504637578605e-01
1.331004400000000087e+00,3.295562506310030781e-01
1.331143600000000093e+00,3.295562507981756872e-01
1.331282800000000099e+00,3.295562509652756322e-01
1.331422000000000105e+00,3.295562511323029686e-01
1.331561200000000111e+00,3.295562512992577520e-01
1.331700400000000117e+00,3.295562514661399822e-01
1.331839600000000123e+00,3.295562516329497149e-01
1.331978800000000129e+00,3.295562517996869500e-01
1.331990000000000007e+00,3.295562518131021079e-01
1.332130199999999931e+00,3.295562519809597801e-01
1.332270399999999855e+00,3.295562521487459540e-01
1.332410599999999778e+00,3.295562523164606294e-01
1.332550799999999702e+00,3.295562524841038621e-01
1.332690999999999626e+00,3.295562526516757074e-01
1.332831199999999550e+00,3.295562528191761653e-01
1.332971399999999473e+00,3.295562529866052914e-01
1.333111599999999397e+00,3.295562531539630302e-01
1.333251799999999321e+00,3.295562533212494927e-01
1.333391999999999245e+00,3.295562534884646788e-01
1.333532199999999168e+00,3.295562536556085886e-01
1.333672399999999092e+00,3.295562538226812777e-01
1.333812599999999016e+00,3.295562539896827459e-01
1.333952799999998939e+00,3.295562541566130488e-01
1.334000000000000075e+00,3.295562542128040451e-01
1.334140400000000115e+00,3.295562543798776778e-01
1.334280800000000156e+00,3.295562545468804783e-01
1.334421200000000196e+00,3.295562547138125020e-01
1.334561600000000237e+00,3.295562548806737491e-01
1.334702000000000277e+00,3.295562550474642749e-01
1.334842400000000318e+00,3.295562552141840795e-01
1.334982800000000358e+00,3.295562553808332740e-01
1.335123200000000399e+00,3.295562555474118027e-01
1.335263600000000439e+00,3.295562557139197213e-01
1.335404000000000480e+00,3.295562558803570297e-01
1.335544400000000520e+00,3.295562560467237834e-01
1.335684800000000561e+00,3.295562562130199824e-01
1.335825200000000601e+00,3.295562563792456268e-01
1.335965600000000642e+00,3.295562565454007720e-01
1.336019999999999985e+00,3.295562566097694490e-01
1.336160199999999909e+00,3.295562567755902506e-01
1.336300399999999833e+00,3.295562569413406084e-01
1.336440599999999757e+00,3.295562571070205227e-01
1.336580799999999680e+00,3.295562572726300488e-01
1.336720999999999604e+00,3.295562574381692422e-01
1.336861199999999528e+00,3.295562576036381031e-01
1.337001399999999451e+00,3.295562577690366868e-01
1.337141599999999375e+00,3.295562579343649934e-01
1.337281799999999299e+00,3.295562580996230229e-01
1.337421999999999223e+00,3.295562582648108862e-01
1.337562199999999146e+00,3.295562584299285280e-01
1.337702399999999070e+00,3.295562585949760037e-01
1.337842599999998994e+00,3.295562587599533688e-01
1.337982799999998917e+00,3.295562589248606233e-01
1.338030000000000053e+00,3.295562589803706643e-01
1.338170199999999976e+00,3.295562591451843826e-01
1.338310399999999900e+00,3.295562593099282123e-01
1.338450599999999824e+00,3.295562594746021534e-01
1.338590799999999748e+00,3.295562596392062615e-01
1.338730999999999671e+00,3.295562598037404811e-01
1.338871199999999595e+00,3.295562599682049232e-01
1.339011399999999519e+00,3.295562601325995877e-01
1.339151599999999442e+00,3.295562602969245303e-01
1.339291799999999366e+00,3.295562604611797508e-01
1.339431999999999290e+00,3.295562606253653049e-01
1.339572199999999214e+00,3.295562607894811924e-01
1.339712399999999137e+00,3.295562609535274134e-01
1.339852599999999061e+00,3.295562611175040235e-01
1.339992799999998985e+00,3.295562612814110781e-01
1.340039999999999898e+00,3.295562613365844440e-01
1.340179199999999904e+00,3.295562614992289530e-01
1.340318399999999910e+00,3.295562616618033513e-01
1.340457599999999916e+00,3.295562618243075836e-01
1.340596799999999922e+00,3.295562619867417609e-01
1.340735999999999928e+00,3.295562621491058830e-01
1.340875199999999934e+00,3.295562623113999501e-01
1.341014399999999940e+00,3.295562624736240176e-01
1.341153599999999946e+00,3.295562626357780855e-01
1.341292799999999952e+00,3.295562627978622094e-01
1.341431999999999958e+00,3.295562629598763893e-01
1.341571199999999964e+00,3.295562631218206806e-01
1.341710399999999970e+00,3.295562632836950834e-01
1.341849599999999976e+00,3.295562634454996531e-01
1.341988799999999982e+00,3.295562636072343898e-01
1.342000000000000082e+00,3.295562636202470919e-01
1.342140200000000005e+00,3.295562637830691810e-01
1.342280399999999929e+00,3.295562639458223808e-01
1.342420599999999853e+00,3.295562641085067468e-01
1.342560799999999777e+00,3.295562642711222789e-01
1.342700999999999700e+00,3.295562644336690883e-01
1.342841199999999624e+00,3.295562645961471193e-01
1.342981399999999548e+00,3.295562647585564275e-01
1.343121599999999471e+00,3.295562649208970130e-01
1.343261799999999395e+00,3.295562650831689311e-01
1.343401999999999319e+00,3.295562652453721819e-01
1.343542199999999243e+00,3.295562654075067655e-01
1.343682399999999166e+00,3.295562655695727927e-01
1.343822599999999090e+00,3.295562657315702082e-01
1.343962799999999014e+00,3.295562658934990674e-01
1.344009999999999927e+00,3.295562659480065770e-01
1.344150399999999967e+00,3.295562661100751023e-01
1.344290800000000008e+00,3.295562662720754044e-01
1.344431200000000048e+00,3.295562664340075387e-01
1.344571600000000089e+00,3.295562665958715054e-01
1.344712000000000129e+00,3.295562667576673599e-01
1.344852400000000170e+00,3.295562669193951022e-01
1.344992800000000210e+00,3.295562670810547878e-01
1.345133200000000251e+00,3.295562672426464168e-01
1.345273600000000291e+00,3.295562674041699891e-01
1.345414000000000332e+00,3.295562675656255602e-01
1.345554400000000372e+00,3.295562677270131857e-01
1.345694800000000413e+00,3.295562678883328656e-01
1.345835200000000453e+00,3.295562680495845997e-01
1.345975600000000494e+00,3.295562682107684438e-01
1.346030000000000060e+00,3.295562682732112725e-01
1.346170199999999983e+00,3.295562684340713755e-01
1.346310399999999907e+00,3.295562685948636439e-01
1.346450599999999831e+00,3.295562687555880776e-01
1.346590799999999755e+00,3.295562689162447323e-01
1.346730999999999678e+00,3.295562690768336078e-01
1.346871199999999602e+00,3.295562692373547597e-01
1.347011399999999526e+00,3.295562693978081881e-01
1.347151599999999450e+00,3.295562695581938928e-01
1.347291799999999373e+00,3.295562697185119849e-01
1.347431999999999297e+00,3.295562698787624090e-01
1.347572199999999221e+00,3.295562700389452204e-01
1.347712399999999144e+00,3.295562701990604748e-01
1.347852599999999068e+00,3.295562703591081166e-01
1.347992799999998992e+00,3.295562705190882569e-01
1.348039999999999905e+00,3.295562705729398467e-01
1.348179000000000016e+00,3.295562707314598772e-01
1.348318000000000128e+00,3.295562708899116844e-01
1.348457000000000239e+00,3.295562710482953239e-01
1.348596000000000350e+00,3.295562712066107403e-01
1.348735000000000461e+00,3.295562713648580444e-01
1.348874000000000573e+00,3.295562715230372364e-01
1.349013000000000684e+00,3.295562716811483162e-01
1.349152000000000795e+00,3.295562718391913393e-01
1.349291000000000906e+00,3.295562719971663057e-01
1.349430000000001018e+00,3.295562721550732710e-01
1.349569000000001129e+00,3.295562723129122351e-01
1.349708000000001240e+00,3.295562724706831981e-01
1.349847000000001351e+00,3.295562726283862709e-01
1.349986000000001463e+00,3.295562727860213981e-01
1.349990000000000023e+00,3.295562727905576028e-01
1.350130400000000064e+00,3.295562729497117371e-01
1.350270800000000104e+00,3.295562731087991470e-01
1.350411200000000145e+00,3.295562732678198881e-01
1.350551600000000185e+00,3.295562734267740157e-01
1.350692000000000226e+00,3.295562735856614744e-01
1.350832400000000266e+00,3.295562737444823753e-01
1.350972800000000307e+00,3.295562739032366628e-01
1.351113200000000347e+00,3.295562740619244479e-01
1.351253600000000388e+00,3.295562742205456752e-01
1.351394000000000428e+00,3.295562743791004001e-01
1.351534400000000469e+00,3.295562745375886782e-01
1.351674800000000509e+00,3.295562746960105094e-01
1.351815200000000550e+00,3.295562748543658937e-01
1.351955600000000590e+00,3.295562750126548868e-01
1.352009999999999934e+00,3.295562750739762792e-01
1.352150199999999858e+00,3.295562752319477484e-01
1.352290399999999781e+00,3.295562753898528263e-01
1.352430599999999705e+00,3.295562755476916239e-01
1.352570799999999629e+00,3.295562757054640857e-01
1.352710999999999553e+00,3.295562758631702671e-01
1.352851199999999476e+00,3.295562760208102238e-01
1.352991399999999400e+00,3.295562761783839556e-01
1.353131599999999324e+00,3.295562763358914626e-01
1.353271799999999248e+00,3.295562764933328004e-01
1.353411999999999171e+00,3.295562766507079688e-01
1.353552199999999095e+00,3.295562768080170235e-01
1.353692399999999019e+00,3.295562769652599644e-01
1.353832599999998942e+00,3.295562771224368470e-01
1.353972799999998866e+00,3.295562772795476714e-01
1.354020000000000001e+00,3.295562773324334227e-01
1.354160199999999925e+00,3.295562774894561509e-01
1.354300399999999849e+00,3.295562776464130428e-01
1.354440599999999773e+00,3.295562778033040985e-01
1.354580799999999696e+00,3.295562779601293180e-01
1.354720999999999620e+00,3.295562781168888122e-01
1.354861199999999544e+00,3.295562782735825258e-01
1.355001399999999467e+00,3.295562784302105142e-01
1.355141599999999391e+00,3.295562785867727773e-01
1.355281799999999315e+00,3.295562787432694263e-01
1.355421999999999239e+00,3.295562788997004056e-01
1.355562199999999162e+00,3.295562790560657151e-01
1.355702399999999086e+00,3.295562792123654661e-01
1.355842599999999010e+00,3.295562793685996583e-01
1.355982799999998933e+00,3.295562795247682364e-01
1.356030000000000069e+00,3.295562795773368525e-01
1.356169200000000075e+00,3.295562797323035031e-01
1.356308400000000081e+00,3.295562798872040955e-01
1.356447600000000087e+00,3.295562800420386296e-01
1.356586800000000093e+00,3.295562801968071054e-01
1.356726000000000099e+00,3.295562803515095784e-01
1.356865200000000105e+00,3.295562805061460487e-01
1.357004400000000111e+00,3.295562806607165718e-01
1.357143600000000117e+00,3.295562808152211476e-01
1.357282800000000123e+00,3.295562809696598316e-01
1.357422000000000128e+00,3.295562811240326240e-01
1.357561200000000134e+00,3.295562812783395801e-01
1.357700400000000140e+00,3.295562814325807000e-01
1.357839600000000146e+00,3.295562815867559836e-01
1.357978800000000152e+00,3.295562817408654865e-01
1.357990000000000030e+00,3.295562817532646793e-01
1.358130199999999954e+00,3.295562819084110751e-01
1.358270399999999878e+00,3.295562820634925782e-01
1.358410599999999802e+00,3.295562822185091889e-01
1.358550799999999725e+00,3.295562823734610181e-01
1.358690999999999649e+00,3.295562825283480102e-01
1.358831199999999573e+00,3.295562826831702208e-01
1.358971399999999496e+00,3.295562828379276499e-01
1.359111599999999420e+00,3.295562829926203530e-01
1.359251799999999344e+00,3.295562831472483301e-01
1.359391999999999268e+00,3.295562833018116367e-01
1.359532199999999191e+00,3.295562834563102728e-01
1.359672399999999115e+00,3.295562836107442939e-01
1.359812599999999039e+00,3.295562837651137000e-01
1.359952799999998962e+00,3.295562839194184912e-01
1.360000000000000098e+00,3.295562839713597203e-01
1.360140400000000138e+00,3.295562841257985709e-01
1.360280800000000179e+00,3.295562842801731396e-01
1.360421200000000219e+00,3.295562844344834819e-01
1.360561600000000260e+00,3.295562845887295977e-01
1.360702000000000300e+00,3.295562847429114872e-01
1.360842400000000341e+00,3.295562848970292058e-01
1.360982800000000381e+00,3.295562850510828090e-01
1.361123200000000422e+00,3.295562852050722413e-01
1.361263600000000462e+00,3.295562853589976138e-01
1.361404000000000503e+00,3.295562855128588708e-01
1.361544400000000543e+00,3.295562856666560680e-01
1.361684800000000584e+00,3.295562858203892609e-01
1.361825200000000624e+00,3.295562859740584494e-01
1.361965600000000665e+00,3.295562861276636335e-01
1.362020000000000008e+00,3.295562861871705884e-01
1.362160199999999932e+00,3.295562863404682408e-01
1.362300399999999856e+00,3.295562864937019443e-01
1.362440599999999780e+00,3.295562866468717544e-01
1.362580799999999703e+00,3.295562867999776713e-01
1.362720999999999627e+00,3.295562869530197503e-01
1.362861199999999551e+00,3.295562871059979360e-01
1.363001399999999474e+00,3.295562872589123393e-01
1.363141599999999398e+00,3.295562874117629604e-01
1.363281799999999322e+00,3.295562875645497436e-01
1.363421999999999246e+00,3.295562877172728000e-01
1.363562199999999169e+00,3.295562878699321296e-01
1.363702399999999093e+00,3.295562880225277880e-01
1.363842599999999017e+00,3.295562881750597195e-01
1.363982799999998941e+00,3.295562883275280353e-01
1.364030000000000076e+00,3.295562883788510922e-01
1.364170199999999999e+00,3.295562885312344759e-01
1.364310399999999923e+00,3.295562886835543548e-01
1.364450599999999847e+00,3.295562888358108400e-01
1.364590799999999771e+00,3.295562889880038759e-01
1.364730999999999694e+00,3.295562891401335182e-01
1.364871199999999618e+00,3.295562892921997666e-01
1.365011399999999542e+00,3.295562894442026769e-01
1.365151599999999465e+00,3.295562895961422489e-01
1.365291799999999389e+00,3.295562897480185383e-01
1.365431999999999313e+00,3.295562898998315449e-01
1.365572199999999237e+00,3.295562900515813243e-01
1.365712399999999160e+00,3.295562902032678210e-01
1.365852599999999084e+00,3.295562903548911460e-01
1.365992799999999008e+00,3.295562905064512438e-01
1.366039999999999921e+00,3.295562905574686008e-01
1.366179199999999927e+00,3.295562907078628534e-01
1.366318399999999933e+00,3.295562908581934347e-01
1.366457599999999939e+00,3.295562910084603447e-01
1.366596799999999945e+00,3.295562911586636390e-01
1.366735999999999951e+00,3.295562913088033175e-01
1.366875199999999957e+00,3.295562914588793801e-01
1.367014399999999963e+00,3.295562916088918826e-01
1.367153599999999969e+00,3.295562917588408247e-01
1.367292799999999975e+00,3.295562919087262621e-01
1.367431999999999981e+00,3.295562920585481947e-01
1.367571199999999987e+00,3.295562922083066226e-01
1.367710399999999993e+00,3.295562923580016568e-01
1.367849599999999999e+00,3.295562925076332417e-01
1.367988800000000005e+00,3.295562926572014328e-01
1.368000000000000105e+00,3.295562926692352512e-01
1.368140200000000029e+00,3.295562928198101926e-01
1.368280399999999952e+00,3.295562929703226285e-01
1.368420599999999876e+00,3.295562931207725588e-01
1.368560799999999800e+00,3.295562932711599835e-01
1.368700999999999723e+00,3.295562934214849027e-01
1.368841199999999647e+00,3.295562935717474273e-01
1.368981399999999571e+00,3.295562937219475019e-01
1.369121599999999495e+00,3.295562938720851820e-01
1.369261799999999418e+00,3.295562940221605230e-01
1.369401999999999342e+00,3.295562941721734695e-01
1.369542199999999266e+00,3.295562943221240770e-01
1.369682399999999189e+00,3.295562944720124010e-01
1.369822599999999113e+00,3.295562946218383860e-01
1.369962799999999037e+00,3.295562947716021429e-01
1.370009999999999950e+00,3.295562948220148169e-01
1.370150399999999991e+00,3.295562949719092471e-01
1.370290800000000031e+00,3.295562951217417269e-01
1.370431200000000072e+00,3.295562952715122562e-01
1.370571600000000112e+00,3.295562954212208906e-01
1.370712000000000153e+00,3.295562955708676300e-01
1.370852400000000193e+00,3.295562957204525301e-01
1.370992800000000233e+00,3.295562958699755907e-01
1.371133200000000274e+00,3.295562960194368118e-01
1.371273600000000314e+00,3.295562961688361936e-01
1.371414000000000355e+00,3.295562963181738469e-01
1.371554400000000395e+00,3.295562964674497719e-01
1.371694800000000436e+00,3.295562966166639129e-01
1.371835200000000476e+00,3.295562967658163811e-01
1.371975600000000517e+00,3.295562969149071209e-01
1.372030000000000083e+00,3.295562969726652525e-01
1.372170200000000007e+00,3.295562971214581194e-01
1.372310399999999930e+00,3.295562972701893689e-01
1.372450599999999854e+00,3.295562974188590011e-01
1.372590799999999778e+00,3.295562975674670714e-01
1.372730999999999701e+00,3.295562977160135798e-01
1.372871199999999625e+00,3.295562978644985264e-01
1.373011399999999549e+00,3.295562980129219666e-01
1.373151599999999473e+00,3.295562981612839004e-01
1.373291799999999396e+00,3.295562983095843834e-01
1.373431999999999320e+00,3.295562984578233601e-01
1.373572199999999244e+00,3.295562986060009414e-01
1.373712399999999167e+00,3.295562987541171274e-01
1.373852599999999091e+00,3.295562989021719180e-01
1.373992799999999015e+00,3.295562990501653688e-01
1.374039999999999928e+00,3.295562990999821862e-01
1.374179000000000039e+00,3.295562992466264385e-01
1.374318000000000151e+00,3.295562993932087403e-01
1.374457000000000262e+00,3.295562995397290362e-01
1.374596000000000373e+00,3.295562996861873817e-01
1.374735000000000484e+00,3.295562998325838322e-01
1.374874000000000596e+00,3.295562999789183878e-01
1.375013000000000707e+00,3.295563001251911039e-01
1.375152000000000818e+00,3.295563002714019807e-01
1.375291000000000929e+00,3.295563004175510180e-01
1.375430000000001041e+00,3.295563005636382714e-01
1.375569000000001152e+00,3.295563007096637409e-01
1.375708000000001263e+00,3.295563008556274820e-01
1.375847000000001374e+00,3.295563010015294392e-01
1.375986000000001486e+00,3.295563011473697235e-01
1.375990000000000046e+00,3.295563011515665330e-01
1.376130400000000087e+00,3.295563012988133034e-01
1.376270800000000127e+00,3.295563014459994555e-01
1.376411200000000168e+00,3.295563015931249895e-01
1.376551600000000208e+00,3.295563017401899608e-01
1.376692000000000249e+00,3.295563018871944250e-01
1.376832400000000289e+00,3.295563020341383820e-01
1.376972800000000330e+00,3.295563021810218318e-01
1.377113200000000370e+00,3.295563023278448300e-01
1.377253600000000411e+00,3.295563024746073211e-01
1.377394000000000451e+00,3.295563026213094160e-01
1.377534400000000492e+00,3.295563027679510593e-01
1.377674800000000532e+00,3.295563029145323619e-01
1.377815200000000573e+00,3.295563030610532684e-01
1.377955600000000613e+00,3.295563032075138343e-01
1.378009999999999957e+00,3.295563032642530588e-01
1.378150199999999881e+00,3.295563034104213584e-01
1.378290399999999805e+00,3.295563035565293175e-01
1.378430599999999728e+00,3.295563037025770470e-01
1.378570799999999652e+00,3.295563038485644913e-01
1.378710999999999576e+00,3.295563039944917061e-01
1.378851199999999499e+00,3.295563041403586912e-01
1.378991399999999423e+00,3.295563042861655023e-01
1.379131599999999347e+00,3.295563044319121393e-01
1.379271799999999271e+00,3.295563045775986022e-01
1.379411999999999194e+00,3.295563047232250020e-01
1.379552199999999118e+00,3.295563048687912833e-01
1.379692399999999042e+00,3.295563050142975015e-01
1.379832599999998966e+00,3.295563051597436566e-01
1.379972799999998889e+00,3.295563053051297486e-01
1.380020000000000024e+00,3.295563053540688792e-01
1.380160400000000065e+00,3.295563054995823693e-01
1.380300800000000105e+00,3.295563056450361294e-01
1.380441200000000146e+00,3.295563057904302151e-01
1.380581600000000186e+00,3.295563059357645708e-01
1.380722000000000227e+00,3.295563060810393075e-01
1.380862400000000267e+00,3.295563062262543697e-01
1.381002800000000308e+00,3.295563063714098129e-01
1.381143200000000348e+00,3.295563065165056926e-01
1.381283600000000389e+00,3.295563066615419534e-01
1.381424000000000429e+00,3.295563068065187062e-01
1.381564400000000470e+00,3.295563069514358956e-01
1.381704800000000510e+00,3.295563070962935770e-01
1.381845200000000551e+00,3.295563072410917504e-01
1.381985600000000591e+00,3.295563073858304715e-01
1.382039999999999935e+00,3.295563074419026184e-01
1.382179000000000046e+00,3.295563075851150048e-01
1.382318000000000158e+00,3.295563077282672171e-01
1.382457000000000269e+00,3.295563078713592553e-01
1.382596000000000380e+00,3.295563080143911194e-01
1.382735000000000491e+00,3.295563081573628650e-01
1.382874000000000603e+00,3.295563083002744365e-01
1.383013000000000714e+00,3.295563084431259449e-01
1.383152000000000825e+00,3.295563085859173902e-01
1.383291000000000937e+00,3.295563087286487725e-01
1.383430000000001048e+00,3.295563088713200917e-01
1.383569000000001159e+00,3.295563090139314033e-01
1.383708000000001270e+00,3.295563091564827629e-01
1.383847000000001382e+00,3.295563092989741705e-01
1.383986000000001493e+00,3.295563094414056260e-01
1.383990000000000054e+00,3.295563094455043474e-01
1.384130199999999977e+00,3.295563095891046457e-01
1.384270399999999901e+00,3.295563097326459356e-01
1.384410599999999825e+00,3.295563098761282728e-01
1.384550799999999748e+00,3.295563100195516570e-01
1.384690999999999672e+00,3.295563101629160885e-01
1.384831199999999596e+00,3.295563103062216226e-01
1.384971399999999520e+00,3.295563104494682594e-01
1.385111599999999443e+00,3.295563105926559988e-01
1.385251799999999367e+00,3.295563107357848964e-01
1.385391999999999291e+00,3.295563108788549522e-01
1.385532199999999214e+00,3.295563110218662217e-01
1.385672399999999138e+00,3.295563111648187049e-01
1.385812599999999062e+00,3.295563113077124018e-01
1.385952799999998986e+00,3.295563114505473679e-01
1.385999999999999899e+00,3.295563114986278519e-01
1.386140399999999939e+00,3.295563116415883287e-01
1.386280799999999980e+00,3.295563117844903522e-01
1.386421200000000020e+00,3.295563119273339781e-01
1.386561600000000061e+00,3.295563120701192061e-01
1.386702000000000101e+00,3.295563122128460365e-01
1.386842400000000142e+00,3.295563123555145246e-01
1.386982800000000182e+00,3.295563124981246705e-01
1.387123200000000223e+00,3.295563126406764742e-01
1.387263600000000263e+00,3.295563127831699912e-01
1.387404000000000304e+00,3.295563129256052215e-01
1.387544400000000344e+00,3.295563130679822206e-01
1.387684800000000385e+00,3.295563132103009885e-01
1.387825200000000425e+00,3.295563133525615251e-01
1.387965600000000466e+00,3.295563134947638861e-01
1.388020000000000032e+00,3.295563135498534857e-01
1.388160199999999955e+00,3.295563136917726288e-01
1.388300399999999879e+00,3.295563138336335962e-01
1.388440599999999803e+00,3.295563139754364435e-01
1.388580799999999726e+00,3.295563141171811705e-01
1.388720999999999650e+00,3.295563142588678329e-01
1.388861199999999574e+00,3.295563144004963751e-01
1.389001399999999498e+00,3.295563145420669082e-01
1.389141599999999421e+00,3.295563146835793766e-01
1.389281799999999345e+00,3.295563148250338359e-01
1.389421999999999269e+00,3.295563149664303415e-01
1.389562199999999192e+00,3.295563151077688935e-01
1.389702399999999116e+00,3.295563152490494918e-01
1.389842599999999040e+00,3.295563153902721920e-01
1.389982799999998964e+00,3.295563155314369941e-01
1.390030000000000099e+00,3.295563155789552612e-01
1.390170400000000139e+00,3.295563157202442972e-01
1.390310800000000180e+00,3.295563158614757127e-01
1.390451200000000220e+00,3.295563160026495075e-01
1.390591600000000261e+00,3.295563161437657929e-01
1.390732000000000301e+00,3.295563162848245131e-01
1.390872400000000342e+00,3.295563164258257238e-01
1.391012800000000382e+00,3.295563165667694250e-01
1.391153200000000423e+00,3.295563167076556166e-01
1.391293600000000463e+00,3.295563168484843541e-01
1.391434000000000504e+00,3.295563169892556932e-01
1.391574400000000544e+00,3.295563171299695782e-01
1.391714800000000585e+00,3.295563172706261201e-01
1.391855200000000625e+00,3.295563174112252636e-01
1.391995600000000666e+00,3.295563175517670085e-01
1.392050000000000010e+00,3.295563176062133448e-01
1.392188999999999899e+00,3.295563177452736081e-01
1.392327999999999788e+00,3.295563178842758068e-01
1.392466999999999677e+00,3.295563180232199962e-01
1.392605999999999566e+00,3.295563181621061211e-01
1.392744999999999456e+00,3.295563183009342367e-01
1.392883999999999345e+00,3.295563184397043988e-01
1.393022999999999234e+00,3.295563185784165516e-01
1.393161999999999123e+00,3.295563187170707509e-01
1.393300999999999013e+00,3.295563188556670520e-01
1.393439999999998902e+00,3.295563189942054549e-01
1.393578999999998791e+00,3.295563191326860153e-01
1.393717999999998680e+00,3.295563192711086775e-01
1.393856999999998569e+00,3.295563194094735526e-01
1.393995999999998459e+00,3.295563195477805851e-01
1.393999999999999906e+00,3.295563195517606236e-01
1.394140199999999830e+00,3.295563196912030812e-01
1.394280399999999753e+00,3.295563198305886399e-01
1.394420599999999677e+00,3.295563199699172996e-01
1.394560799999999601e+00,3.295563201091890604e-01
1.394700999999999524e+00,3.295563202484040333e-01
1.394841199999999448e+00,3.295563203875621072e-01
1.394981399999999372e+00,3.295563205266633933e-01
1.395121599999999296e+00,3.295563206657079469e-01
1.395261799999999219e+00,3.295563208046957127e-01
1.395401999999999143e+00,3.295563209436267460e-01
1.395542199999999067e+00,3.295563210825010469e-01
1.395682399999998990e+00,3.295563212213186155e-01
1.395822599999998914e+00,3.295563213600795072e-01
1.395962799999998838e+00,3.295563214987837219e-01
1.396009999999999973e+00,3.295563215454737627e-01
1.396150400000000014e+00,3.295563216843003795e-01
1.396290800000000054e+00,3.295563218230705971e-01
1.396431200000000095e+00,3.295563219617844708e-01
1.396571600000000135e+00,3.295563221004420007e-01
1.396712000000000176e+00,3.295563222390432423e-01
1.396852400000000216e+00,3.295563223775881956e-01
1.396992800000000257e+00,3.295563225160768606e-01
1.397133200000000297e+00,3.295563226545092927e-01
1.397273600000000338e+00,3.295563227928854921e-01
1.397414000000000378e+00,3.295563229312054587e-01
1.397554400000000419e+00,3.295563230694692480e-01
1.397694800000000459e+00,3.295563232076768601e-01
1.397835200000000500e+00,3.295563233458283503e-01
1.397975600000000540e+00,3.295563234839236633e-01
1.398030000000000106e+00,3.295563235374222577e-01
1.398170200000000030e+00,3.295563236752430680e-01
1.398310399999999953e+00,3.295563238130077566e-01
1.398450599999999877e+00,3.295563239507163789e-01
1.398590799999999801e+00,3.295563240883689904e-01
1.398730999999999725e+00,3.295563242259655357e-01
1.398871199999999648e+00,3.295563243635060702e-01
1.399011399999999572e+00,3.295563245009905939e-01
1.399151599999999496e+00,3.295563246384191625e-01
1.399291799999999419e+00,3.295563247757917757e-01
1.399431999999999343e+00,3.295563249131084338e-01
1.399572199999999267e+00,3.295563250503691921e-01
1.399712399999999191e+00,3.295563251875740507e-01
1.399852599999999114e+00,3.295563253247230651e-01
1.399992799999999038e+00,3.295563254618161797e-01
1.400039999999999951e+00,3.295563255079639320e-01
1.400179000000000062e+00,3.295563256438086008e-01
1.400318000000000174e+00,3.295563257795968704e-01
1.400457000000000285e+00,3.295563259153286850e-01
1.400596000000000396e+00,3.295563260510041559e-01
1.400735000000000507e+00,3.295563261866232829e-01
1.400874000000000619e+00,3.295563263221860661e-01
1.401013000000000730e+00,3.295563264576925055e-01
1.401152000000000841e+00,3.295563265931426566e-01
1.401291000000000952e+00,3.295563267285365194e-01
1.401430000000001064e+00,3.295563268638741494e-01
1.401569000000001175e+00,3.295563269991555466e-01
1.401708000000001286e+00,3.295563271343807110e-01
1.401847000000001398e+00,3.295563272695496981e-01
1.401986000000001509e+00,3.295563274046625080e-01
1.401990000000000069e+00,3.295563274085506200e-01
1.402130400000000110e+00,3.295563275449674423e-01
1.402270800000000150e+00,3.295563276813290865e-01
1.402411200000000191e+00,3.295563278176355526e-01
1.402551600000000231e+00,3.295563279538868962e-01
1.402692000000000272e+00,3.295563280900831171e-01
1.402832400000000312e+00,3.295563282262242710e-01
1.402972800000000353e+00,3.295563283623103579e-01
1.403113200000000393e+00,3.295563284983413777e-01
1.403253600000000434e+00,3.295563286343173304e-01
1.403394000000000474e+00,3.295563287702382715e-01
1.403534400000000515e+00,3.295563289061042012e-01
1.403674800000000555e+00,3.295563290419151747e-01
1.403815200000000596e+00,3.295563291776711923e-01
1.403955600000000636e+00,3.295563293133722538e-01
1.404009999999999980e+00,3.295563293659433679e-01
1.404150199999999904e+00,3.295563295013749228e-01
1.404290399999999828e+00,3.295563296367516326e-01
1.404430599999999751e+00,3.295563297720734419e-01
1.404570799999999675e+00,3.295563299073403507e-01
1.404710999999999599e+00,3.295563300425524145e-01
1.404851199999999523e+00,3.295563301777096332e-01
1.404991399999999446e+00,3.295563303128120625e-01
1.405131599999999370e+00,3.295563304478597022e-01
1.405271799999999294e+00,3.295563305828525524e-01
1.405411999999999217e+00,3.295563307177906687e-01
1.405552199999999141e+00,3.295563308526740509e-01
1.405692399999999065e+00,3.295563309875027547e-01
1.405832599999998989e+00,3.295563311222767244e-01
1.405972799999998912e+00,3.295563312569960712e-01
1.406020000000000048e+00,3.295563313023447405e-01
1.406160400000000088e+00,3.295563314371834363e-01
1.406300800000000129e+00,3.295563315719677311e-01
1.406441200000000169e+00,3.295563317066976250e-01
1.406581600000000210e+00,3.295563318413731735e-01
1.406722000000000250e+00,3.295563319759944321e-01
1.406862400000000290e+00,3.295563321105613452e-01
1.407002800000000331e+00,3.295563322450739685e-01
1.407143200000000371e+00,3.295563323795323574e-01
1.407283600000000412e+00,3.295563325139364563e-01
1.407424000000000452e+00,3.295563326482863209e-01
1.407564400000000493e+00,3.295563327825820066e-01
1.407704800000000533e+00,3.295563329168234579e-01
1.407845200000000574e+00,3.295563330510107858e-01
1.407985600000000614e+00,3.295563331851439348e-01
1.408039999999999958e+00,3.295563332371076459e-01
1.408179000000000070e+00,3.295563333698276476e-01
1.408318000000000181e+00,3.295563335024928042e-01
1.408457000000000292e+00,3.295563336351031714e-01
1.408596000000000403e+00,3.295563337676587490e-01
1.408735000000000515e+00,3.295563339001595371e-01
1.408874000000000626e+00,3.295563340326055912e-01
1.409013000000000737e+00,3.295563341649968558e-01
1.409152000000000848e+00,3.295563342973334420e-01
1.409291000000000960e+00,3.295563344296153496e-01
1.409430000000001071e+00,3.295563345618425788e-01
1.409569000000001182e+00,3.295563346940151295e-01
1.409708000000001293e+00,3.295563348261330572e-01
1.409847000000001405e+00,3.295563349581963619e-01
1.409986000000001516e+00,3.295563350902050437e-01
1.409990000000000077e+00,3.295563350940038383e-01
1.410130200000000000e+00,3.295563352270968194e-01
1.410270399999999924e+00,3.295563353601360657e-01
1.410410599999999848e+00,3.295563354931216327e-01
1.410550799999999771e+00,3.295563356260534649e-01
1.410690999999999695e+00,3.295563357589316178e-01
1.410831199999999619e+00,3.295563358917560914e-01
1.410971399999999543e+00,3.295563360245268858e-01
1.411111599999999466e+00,3.295563361572441119e-01
1.411251799999999390e+00,3.295563362899077142e-01
1.411391999999999314e+00,3.295563364225176928e-01
1.411532199999999238e+00,3.295563365550741586e-01
1.411672399999999161e+00,3.295563366875770561e-01
1.411812599999999085e+00,3.295563368200264409e-01
1.411952799999999009e+00,3.295563369524223130e-01
1.411999999999999922e+00,3.295563369969888856e-01
1.412140399999999962e+00,3.295563371295022748e-01
1.412280800000000003e+00,3.295563372619624287e-01
1.412421200000000043e+00,3.295563373943693475e-01
1.412561600000000084e+00,3.295563375267230866e-01
1.412702000000000124e+00,3.295563376590236460e-01
1.412842400000000165e+00,3.295563377912710257e-01
1.412982800000000205e+00,3.295563379234652257e-01
1.413123200000000246e+00,3.295563380556063016e-01
1.413263600000000286e+00,3.295563381876942533e-01
1.413404000000000327e+00,3.295563383197291363e-01
1.413544400000000367e+00,3.295563384517109506e-01
1.413684800000000408e+00,3.295563385836396963e-01
1.413825200000000448e+00,3.295563387155154289e-01
1.413965600000000489e+00,3.295563388473380928e-01
1.414020000000000055e+00,3.295563388984067421e-01
1.414160199999999978e+00,3.295563390299681705e-01
1.414300399999999902e+00,3.295563391614765858e-01
1.414440599999999826e+00,3.295563392929320434e-01
1.414580799999999750e+00,3.295563394243345434e-01
1.414720999999999673e+00,3.295563395556841413e-01
1.414861199999999597e+00,3.295563396869808370e-01
1.415001399999999521e+00,3.295563398182246861e-01
1.415141599999999444e+00,3.295563399494156331e-01
1.415281799999999368e+00,3.295563400805537335e-01
1.415421999999999292e+00,3.295563402116390428e-01
1.415562199999999216e+00,3.295563403426715055e-01
1.415702399999999139e+00,3.295563404736511770e-01
1.415842599999999063e+00,3.295563406045781130e-01
1.415982799999998987e+00,3.295563407354522578e-01
1.416029999999999900e+00,3.295563407795066291e-01
1.416170399999999940e+00,3.295563409104972363e-01
1.416310799999999981e+00,3.295563410414353300e-01
1.416451200000000021e+00,3.295563411723209102e-01
1.416591600000000062e+00,3.295563413031540323e-01
1.416732000000000102e+00,3.295563414339346964e-01
1.416872400000000143e+00,3.295563415646629579e-01
1.417012800000000183e+00,3.295563416953387614e-01
1.417153200000000224e+00,3.295563418259622179e-01
1.417293600000000264e+00,3.295563419565333274e-01
1.417434000000000305e+00,3.295563420870520344e-01
1.417574400000000345e+00,3.295563422175184498e-01
1.417714800000000386e+00,3.295563423479325182e-01
1.417855200000000426e+00,3.295563424782942952e-01
1.417995600000000467e+00,3.295563426086038361e-01
1.418050000000000033e+00,3.295563426590862877e-01
1.418188999999999922e+00,3.295563427880234264e-01
1.418327999999999811e+00,3.295563429169076630e-01
1.418466999999999700e+00,3.295563430457389975e-01
1.418605999999999590e+00,3.295563431745174299e-01
1.418744999999999479e+00,3.295563433032430156e-01
1.418883999999999368e+00,3.295563434319157547e-01
1.419022999999999257e+00,3.295563435605357028e-01
1.419161999999999146e+00,3.295563436891028597e-01
1.419300999999999036e+00,3.295563438176171700e-01
1.419439999999998925e+00,3.295563439460787447e-01
1.419578999999998814e+00,3.295563440744875838e-01
1.419717999999998703e+00,3.295563442028436874e-01
1.419856999999998592e+00,3.295563443311471108e-01
1.419995999999998482e+00,3.295563444593978542e-01
1.419999999999999929e+00,3.295563444630885130e-01
1.420140199999999853e+00,3.295563445923930246e-01
1.420280399999999776e+00,3.295563447216456332e-01
1.420420599999999700e+00,3.295563448508463944e-01
1.420560799999999624e+00,3.295563449799953082e-01
1.420700999999999548e+00,3.295563451090924301e-01
1.420841199999999471e+00,3.295563452381377600e-01
1.420981399999999395e+00,3.295563453671312981e-01
1.421121599999999319e+00,3.295563454960730998e-01
1.421261799999999242e+00,3.295563456249631651e-01
1.421401999999999166e+00,3.295563457538014940e-01
1.421542199999999090e+00,3.295563458825880865e-01
1.421682399999999014e+00,3.295563460113229981e-01
1.421822599999998937e+00,3.295563461400062288e-01
1.421962799999998861e+00,3.295563462686378342e-01
1.422009999999999996e+00,3.295563463119373648e-01
1.422150400000000037e+00,3.295563464406836562e-01
1.422290800000000077e+00,3.295563465693785443e-01
1.422431200000000118e+00,3.295563466980220846e-01
1.422571600000000158e+00,3.295563468266142215e-01
1.422712000000000199e+00,3.295563469551550662e-01
1.422852400000000239e+00,3.295563470836445630e-01
1.422992800000000280e+00,3.295563472120827675e-01
1.423133200000000320e+00,3.295563473404696797e-01
1.423273600000000361e+00,3.295563474688052996e-01
1.423414000000000401e+00,3.295563475970897382e-01
1.423554400000000442e+00,3.295563477253229401e-01
1.423694800000000482e+00,3.295563478535049051e-01
1.423835200000000523e+00,3.295563479816356889e-01
1.423975600000000563e+00,3.295563481097152914e-01
1.424029999999999907e+00,3.295563481593339339e-01
1.424170199999999831e+00,3.295563482871601280e-01
1.424310399999999754e+00,3.295563484149351963e-01
1.424450599999999678e+00,3.295563485426591388e-01
1.424590799999999602e+00,3.295563486703320111e-01
1.424730999999999526e+00,3.295563487979537576e-01
1.424871199999999449e+00,3.295563489255244338e-01
1.425011399999999373e+00,3.295563490530440398e-01
1.425151599999999297e+00,3.295563491805126310e-01
1.425291799999999220e+00,3.295563493079302075e-01
1.425431999999999144e+00,3.295563494352968248e-01
1.425572199999999068e+00,3.295563495626124273e-01
1.425712399999998992e+00,3.295563496898771261e-01
1.425852599999998915e+00,3.295563498170908656e-01
1.425992799999998839e+00,3.295563499442536459e-01
1.426039999999999974e+00,3.295563499870587387e-01
1.426179199999999980e+00,3.295563501132461326e-01
1.426318399999999986e+00,3.295563502393822342e-01
1.426457599999999992e+00,3.295563503654669879e-01
1.426596799999999998e+00,3.295563504915004494e-01
1.426736000000000004e+00,3.295563506174826185e-01
1.426875200000000010e+00,3.295563507434135508e-01
1.427014400000000016e+00,3.295563508692932464e-01
1.427153600000000022e+00,3.295563509951216496e-01
1.427292800000000028e+00,3.295563511208988716e-01
1.427432000000000034e+00,3.295563512466249123e-01
1.427571200000000040e+00,3.295563513722997717e-01
1.427710400000000046e+00,3.295563514979234498e-01
1.427849600000000052e+00,3.295563516234960022e-01
1.427988800000000058e+00,3.295563517490174843e-01
1.427999999999999936e+00,3.295563517591165725e-01
1.428140199999999860e+00,3.295563518854851548e-01
1.428280399999999783e+00,3.295563520118033329e-01
1.428420599999999707e+00,3.295563521380711069e-01
1.428560799999999631e+00,3.295563522642884768e-01
1.428700999999999555e+00,3.295563523904554981e-01
1.428841199999999478e+00,3.295563525165721153e-01
1.428981399999999402e+00,3.295563526426384393e-01
1.429121599999999326e+00,3.295563527686544147e-01
1.429261799999999250e+00,3.295563528946200971e-01
1.429401999999999173e+00,3.295563530205354863e-01
1.429542199999999097e+00,3.295563531464006379e-01
1.429682399999999021e+00,3.295563532722154965e-01
1.429822599999998944e+00,3.295563533979801174e-01
1.429962799999998868e+00,3.295563535236945563e-01
1.430010000000000003e+00,3.295563535660121501e-01
1.430150199999999927e+00,3.295563536916595870e-01
1.430290399999999851e+00,3.295563538172569529e-01
1.430430599999999774e+00,3.295563539428042477e-01
1.430570799999999698e+00,3.295563540683015269e-01
1.430710999999999622e+00,3.295563541937487906e-01
1.430851199999999546e+00,3.295563543191460387e-01
1.430991399999999469e+00,3.295563544444932713e-01
1.431131599999999393e+00,3.295563545697905439e-01
1.431271799999999317e+00,3.295563546950378564e-01
1.431411999999999241e+00,3.295563548202352089e-01
1.431552199999999164e+00,3.295563549453826568e-01
1.431692399999999088e+00,3.295563550704802003e-01
1.431832599999999012e+00,3.295563551955278947e-01
1.431972799999998935e+00,3.295563553205257401e-01
1.432020000000000071e+00,3.295563553626020825e-01
1.432160400000000111e+00,3.295563554877117829e-01
1.432300800000000152e+00,3.295563556127718563e-01
1.432441200000000192e+00,3.295563557377823027e-01
1.432581600000000233e+00,3.295563558627431777e-01
1.432722000000000273e+00,3.295563559876544812e-01
1.432862400000000314e+00,3.295563561125162133e-01
1.433002800000000354e+00,3.295563562373284294e-01
1.433143200000000395e+00,3.295563563620911296e-01
1.433283600000000435e+00,3.295563564868043693e-01
1.433424000000000476e+00,3.295563566114680931e-01
1.433564400000000516e+00,3.295563567360823565e-01
1.433704800000000557e+00,3.295563568606471594e-01
1.433845200000000597e+00,3.295563569851625574e-01
1.433985600000000638e+00,3.295563571096285505e-01
1.434039999999999981e+00,3.295563571578472573e-01
1.434179000000000093e+00,3.295563572810031316e-01
1.434318000000000204e+00,3.295563574041089905e-01
1.434457000000000315e+00,3.295563575271647783e-01
1.434596000000000426e+00,3.295563576501706060e-01
1.434735000000000538e+00,3.295563577731264737e-01
1.434874000000000649e+00,3.295563578960323814e-01
1.435013000000000760e+00,3.295563580188883290e-01
1.435152000000000871e+00,3.295563581416943721e-01
1.435291000000000983e+00,3.295563582644505107e-01
1.435430000000001094e+00,3.295563583871568003e-01
1.435569000000001205e+00,3.295563585098131854e-01
1.435708000000001316e+00,3.295563586324197214e-01
1.435847000000001428e+00,3.295563587549764084e-01
1.435986000000001539e+00,3.295563588774833019e-01
1.435990000000000100e+00,3.295563588810086486e-01
1.436130400000000140e+00,3.295563590046990399e-01
1.436270800000000181e+00,3.295563591283404703e-01
1.436411200000000221e+00,3.295563592519329954e-01
1.436551600000000262e+00,3.295563593754766152e-01
1.436692000000000302e+00,3.295563594989713296e-01
1.436832400000000343e+00,3.295563596224172498e-01
1.436972800000000383e+00,3.295563597458142646e-01
1.437113200000000424e+00,3.295563598691624851e-01
1.437253600000000464e+00,3.295563599924618559e-01
1.437394000000000505e+00,3.295563601157124323e-01
1.437534400000000545e+00,3.295563602389142699e-01
1.437674800000000586e+00,3.295563603620673132e-01
1.437815200000000626e+00,3.295563604851716177e-01
1.437955600000000667e+00,3.295563606082271835e-01
1.438010000000000010e+00,3.295563606558995495e-01
1.438150199999999934e+00,3.295563607787123095e-01
1.438290399999999858e+00,3.295563609014763307e-01
1.438430599999999782e+00,3.295563610241917241e-01
1.438570799999999705e+00,3.295563611468584342e-01
1.438710999999999629e+00,3.295563612694765165e-01
1.438851199999999553e+00,3.295563613920459711e-01
1.438991399999999476e+00,3.295563615145667979e-01
1.439131599999999400e+00,3.295563616370390525e-01
1.439271799999999324e+00,3.295563617594627348e-01
1.439411999999999248e+00,3.295563618818379004e-01
1.439552199999999171e+00,3.295563620041644937e-01
1.439692399999999095e+00,3.295563621264425702e-01
1.439832599999999019e+00,3.295563622486721300e-01
1.439972799999998943e+00,3.295563623708532286e-01
1.440020000000000078e+00,3.295563624119814961e-01
1.440160200000000001e+00,3.295563625340979241e-01
1.440300399999999925e+00,3.295563626561659465e-01
1.440440599999999849e+00,3.295563627781856741e-01
1.440580799999999773e+00,3.295563629001570516e-01
1.440720999999999696e+00,3.295563630220801343e-01
1.440861199999999620e+00,3.295563631439549779e-01
1.441001399999999544e+00,3.295563632657815267e-01
1.441141599999999467e+00,3.295563633875597809e-01
1.441281799999999391e+00,3.295563635092898513e-01
1.441421999999999315e+00,3.295563636309716826e-01
1.441562199999999239e+00,3.295563637526053302e-01
1.441702399999999162e+00,3.295563638741907941e-01
1.441842599999999086e+00,3.295563639957280744e-01
1.441982799999999010e+00,3.295563641172172265e-01
1.442029999999999923e+00,3.295563641581125691e-01
1.442169199999999929e+00,3.295563642786705216e-01
1.442308399999999935e+00,3.295563643991799019e-01
1.442447599999999941e+00,3.295563645196407654e-01
1.442586799999999947e+00,3.295563646400531121e-01
1.442725999999999953e+00,3.295563647604169422e-01
1.442865199999999959e+00,3.295563648807323109e-01
1.443004399999999965e+00,3.295563650009992185e-01
1.443143599999999971e+00,3.295563651212176648e-01
1.443282799999999977e+00,3.295563652413877054e-01
1.443421999999999983e+00,3.295563653615093402e-01
1.443561199999999989e+00,3.295563654815825694e-01
1.443700399999999995e+00,3.295563656016073928e-01
1.443839600000000001e+00,3.295563657215839215e-01
1.443978800000000007e+00,3.295563658415121000e-01
1.443990000000000107e+00,3.295563658511612148e-01
1.444130200000000031e+00,3.295563659718993010e-01
1.444270399999999954e+00,3.295563660925897032e-01
1.444410599999999878e+00,3.295563662132324212e-01
1.444550799999999802e+00,3.295563663338275107e-01
1.444690999999999725e+00,3.295563664543749716e-01
1.444831199999999649e+00,3.295563665748748039e-01
1.444971399999999573e+00,3.295563666953270077e-01
1.445111599999999497e+00,3.295563668157316384e-01
1.445251799999999420e+00,3.295563669360886960e-01
1.445391999999999344e+00,3.295563670563982361e-01
1.445532199999999268e+00,3.295563671766602032e-01
1.445672399999999191e+00,3.295563672968746527e-01
1.445812599999999115e+00,3.295563674170416402e-01
1.445952799999999039e+00,3.295563675371611101e-01
1.445999999999999952e+00,3.295563675775953771e-01
1.446140199999999876e+00,3.295563676976515088e-01
1.446280399999999799e+00,3.295563678176602895e-01
1.446420599999999723e+00,3.295563679376217192e-01
1.446560799999999647e+00,3.295563680575357979e-01
1.446700999999999571e+00,3.295563681774025810e-01
1.446841199999999494e+00,3.295563682972220687e-01
1.446981399999999418e+00,3.295563684169942609e-01
1.447121599999999342e+00,3.295563685367192130e-01
1.447261799999999266e+00,3.295563686563969252e-01
1.447401999999999189e+00,3.295563687760273974e-01
1.447542199999999113e+00,3.295563688956106851e-01
1.447682399999999037e+00,3.295563690151467884e-01
1.447822599999998960e+00,3.295563691346357627e-01
1.447962799999998884e+00,3.295563692540775524e-01
1.448010000000000019e+00,3.295563692942837242e-01
1.448150400000000060e+00,3.295563694138330391e-01
1.448290800000000100e+00,3.295563695333353915e-01
1.448431200000000141e+00,3.295563696527908371e-01
1.448571600000000181e+00,3.295563697721994312e-01
1.448712000000000222e+00,3.295563698915611184e-01
1.448852400000000262e+00,3.295563700108758987e-01
1.448992800000000303e+00,3.295563701301438275e-01
1.449133200000000343e+00,3.295563702493649605e-01
1.449273600000000384e+00,3.295563703685392420e-01
1.449414000000000424e+00,3.295563704876667277e-01
1.449554400000000465e+00,3.295563706067474175e-01
1.449694800000000505e+00,3.295563707257813113e-01
1.449835200000000546e+00,3.295563708447684648e-01
1.449975600000000586e+00,3.295563709637088778e-01
1.450029999999999930e+00,3.295563710097870747e-01
1.450170199999999854e+00,3.295563711284932862e-01
1.450310399999999778e+00,3.295563712471527573e-01
1.450450599999999701e+00,3.295563713657655436e-01
1.450590799999999625e+00,3.295563714843316450e-01
1.450730999999999549e+00,3.295563716028511170e-01
1.450871199999999472e+00,3.295563717213239041e-01
1.451011399999999396e+00,3.295563718397501174e-01
1.451151599999999320e+00,3.295563719581297013e-01
1.451291799999999244e+00,3.295563720764627114e-01
1.451431999999999167e+00,3.295563721947491476e-01
1.451572199999999091e+00,3.295563723129890099e-01
1.451712399999999015e+00,3.295563724311822984e-01
1.451852599999998938e+00,3.295563725493290685e-01
1.451992799999998862e+00,3.295563726674293203e-01
1.452039999999999997e+00,3.295563727071839089e-01
1.452179200000000003e+00,3.295563728243793844e-01
1.452318400000000009e+00,3.295563729415279530e-01
1.452457600000000015e+00,3.295563730586296702e-01
1.452596800000000021e+00,3.295563731756845360e-01
1.452736000000000027e+00,3.295563732926925504e-01
1.452875200000000033e+00,3.295563734096537134e-01
1.453014400000000039e+00,3.295563735265680805e-01
1.453153600000000045e+00,3.295563736434357072e-01
1.453292800000000051e+00,3.295563737602565380e-01
1.453432000000000057e+00,3.295563738770305728e-01
1.453571200000000063e+00,3.295563739937579228e-01
1.453710400000000069e+00,3.295563741104385325e-01
1.453849600000000075e+00,3.295563742270724572e-01
1.453988800000000081e+00,3.295563743436596971e-01
1.453999999999999959e+00,3.295563743530400269e-01
1.454140199999999883e+00,3.295563744704149145e-01
1.454280399999999807e+00,3.295563745877437278e-01
1.454420599999999730e+00,3.295563747050265224e-01
1.454560799999999654e+00,3.295563748222632428e-01
1.454700999999999578e+00,3.295563749394539443e-01
1.454841199999999501e+00,3.295563750565986827e-01
1.454981399999999425e+00,3.295563751736974023e-01
1.455121599999999349e+00,3.295563752907501587e-01
1.455261799999999273e+00,3.295563754077569518e-01
1.455401999999999196e+00,3.295563755247177817e-01
1.455542199999999120e+00,3.295563756416327039e-01
1.455682399999999044e+00,3.295563757585017184e-01
1.455822599999998967e+00,3.295563758753248251e-01
1.455962799999998891e+00,3.295563759921020242e-01
1.456010000000000026e+00,3.295563760314113022e-01
1.456150199999999950e+00,3.295563761481273279e-01
1.456290399999999874e+00,3.295563762647976125e-01
1.456430599999999798e+00,3.295563763814221558e-01
1.456570799999999721e+00,3.295563764980009580e-01
1.456710999999999645e+00,3.295563766145341300e-01
1.456851199999999569e+00,3.295563767310215608e-01
1.456991399999999492e+00,3.295563768474633615e-01
1.457131599999999416e+00,3.295563769638595319e-01
1.457271799999999340e+00,3.295563770802100168e-01
1.457411999999999264e+00,3.295563771965148714e-01
1.457552199999999187e+00,3.295563773127741514e-01
1.457692399999999111e+00,3.295563774289878567e-01
1.457832599999999035e+00,3.295563775451559874e-01
1.457972799999998958e+00,3.295563776612785434e-01
1.458020000000000094e+00,3.295563777003674422e-01
1.458160400000000134e+00,3.295563778165949698e-01
1.458300800000000175e+00,3.295563779327771448e-01
1.458441200000000215e+00,3.295563780489139671e-01
1.458581600000000256e+00,3.295563781650054924e-01
1.458722000000000296e+00,3.295563782810517206e-01
1.458862400000000337e+00,3.295563783970526517e-01
1.459002800000000377e+00,3.295563785130083412e-01
1.459143200000000418e+00,3.295563786289187891e-01
1.459283600000000458e+00,3.295563787447839954e-01
1.459424000000000499e+00,3.295563788606039601e-01
1.459564400000000539e+00,3.295563789763787388e-01
1.459704800000000580e+00,3.295563790921083314e-01
1.459845200000000620e+00,3.295563792077927379e-01
1.459985600000000661e+00,3.295563793234320138e-01
1.460040000000000004e+00,3.295563793682313447e-01
1.460178999999999894e+00,3.295563794826544268e-01
1.460317999999999783e+00,3.295563795970318233e-01
1.460456999999999672e+00,3.295563797113634785e-01
1.460595999999999561e+00,3.295563798256494481e-01
1.460734999999999451e+00,3.295563799398897320e-01
1.460873999999999340e+00,3.295563800540843857e-01
1.461012999999999229e+00,3.295563801682334093e-01
1.461151999999999118e+00,3.295563802823368027e-01
1.461290999999999007e+00,3.295563803963945659e-01
1.461429999999998897e+00,3.295563805104067545e-01
1.461568999999998786e+00,3.295563806243733684e-01
1.461707999999998675e+00,3.295563807382944077e-01
1.461846999999998564e+00,3.295563808521699278e-01
1.461985999999998453e+00,3.295563809659999288e-01
1.461989999999999901e+00,3.295563809692755863e-01
1.462130399999999941e+00,3.295563810842059849e-01
1.462270799999999982e+00,3.295563811990916969e-01
1.462411200000000022e+00,3.295563813139326670e-01
1.462551600000000063e+00,3.295563814287290061e-01
1.462692000000000103e+00,3.295563815434806587e-01
1.462832400000000144e+00,3.295563816581876249e-01
1.462972800000000184e+00,3.295563817728499600e-01
1.463113200000000225e+00,3.295563818874676643e-01
1.463253600000000265e+00,3.295563820020407930e-01
1.463394000000000306e+00,3.295563821165692908e-01
1.463534400000000346e+00,3.295563822310532132e-01
1.463674800000000387e+00,3.295563823454925600e-01
1.463815200000000427e+00,3.295563824598873870e-01
1.463955600000000468e+00,3.295563825742376940e-01
1.464010000000000034e+00,3.295563826185376466e-01
1.464150199999999957e+00,3.295563827326633000e-01
1.464290399999999881e+00,3.295563828467444334e-01
1.464430599999999805e+00,3.295563829607810469e-01
1.464570799999999728e+00,3.295563830747731959e-01
1.464710999999999652e+00,3.295563831887208806e-01
1.464851199999999576e+00,3.295563833026241007e-01
1.464991399999999500e+00,3.295563834164829120e-01
1.465131599999999423e+00,3.295563835302972588e-01
1.465271799999999347e+00,3.295563836440672523e-01
1.465411999999999271e+00,3.295563837577928368e-01
1.465552199999999194e+00,3.295563838714740679e-01
1.465692399999999118e+00,3.295563839851108900e-01
1.465832599999999042e+00,3.295563840987034143e-01
1.465972799999998966e+00,3.295563842122515852e-01
1.466020000000000101e+00,3.295563842504738994e-01
1.466160200000000025e+00,3.295563843639628954e-01
1.466300399999999948e+00,3.295563844774077045e-01
1.466440599999999872e+00,3.295563845908083822e-01
1.466580799999999796e+00,3.295563847041648176e-01
1.466720999999999719e+00,3.295563848174771215e-01
1.466861199999999643e+00,3.295563849307452942e-01
1.467001399999999567e+00,3.295563850439693354e-01
1.467141599999999491e+00,3.295563851571492453e-01
1.467281799999999414e+00,3.295563852702850793e-01
1.467421999999999338e+00,3.295563853833768375e-01
1.467562199999999262e+00,3.295563854964245198e-01
1.467702399999999185e+00,3.295563856094281263e-01
1.467842599999999109e+00,3.295563857223877124e-01
1.467982799999999033e+00,3.295563858353032782e-01
1.468029999999999946e+00,3.295563858733126517e-01
1.468169199999999952e+00,3.295563859853636868e-01
1.468308399999999958e+00,3.295563860973703685e-01
1.468447599999999964e+00,3.295563862093326968e-01
1.468586799999999970e+00,3.295563863212506717e-01
1.468725999999999976e+00,3.295563864331242931e-01
1.468865199999999982e+00,3.295563865449536167e-01
1.469004399999999988e+00,3.295563866567386424e-01
1.469143599999999994e+00,3.295563867684793702e-01
1.469282800000000000e+00,3.295563868801758001e-01
1.469422000000000006e+00,3.295563869918279876e-01
1.469561200000000012e+00,3.295563871034359327e-01
1.469700400000000018e+00,3.295563872149996354e-01
1.469839600000000024e+00,3.295563873265190957e-01
1.469978800000000030e+00,3.295563874379943692e-01
1.469989999999999908e+00,3.295563874469633614e-01
1.470130199999999832e+00,3.295563875591922542e-01
1.470270399999999755e+00,3.295563876713775153e-01
1.470410599999999679e+00,3.295563877835192002e-01
1.470550799999999603e+00,3.295563878956173087e-01
1.470690999999999526e+00,3.295563880076718410e-01
1.470831199999999450e+00,3.295563881196828526e-01
1.470971399999999374e+00,3.295563882316502879e-01
1.471111599999999298e+00,3.295563883435742580e-01
1.471251799999999221e+00,3.295563884554547074e-01
1.471391999999999145e+00,3.295563885672916915e-01
1.471532199999999069e+00,3.295563886790852104e-01
1.471672399999998992e+00,3.295563887908352085e-01
1.471812599999998916e+00,3.295563889025417970e-01
1.471952799999998840e+00,3.295563890142049757e-01
1.471999999999999975e+00,3.295563890517927974e-01
1.472140400000000016e+00,3.295563891635573950e-01
1.472280800000000056e+00,3.295563892752787494e-01
1.472421200000000097e+00,3.295563893869569161e-01
1.472561600000000137e+00,3.295563894985918951e-01
1.472702000000000178e+00,3.295563896101836865e-01
1.472842400000000218e+00,3.295563897217322902e-01
1.472982800000000259e+00,3.295563898332377617e-01
1.473123200000000299e+00,3.295563899447001011e-01
1.473263600000000340e+00,3.295563900561193083e-01
1.473404000000000380e+00,3.295563901674954388e-01
1.473544400000000421e+00,3.295563902788284927e-01
1.473684800000000461e+00,3.295563903901184699e-01
1.473825200000000502e+00,3.295563905013653705e-01
1.473965600000000542e+00,3.295563906125692499e-01
1.474020000000000108e+00,3.295563906556503442e-01
1.474160200000000032e+00,3.295563907666361203e-01
1.474300399999999955e+00,3.295563908775788753e-01
1.474440599999999879e+00,3.295563909884786646e-01
1.474580799999999803e+00,3.295563910993354328e-01
1.474720999999999727e+00,3.295563912101492354e-01
1.474861199999999650e+00,3.295563913209200724e-01
1.475001399999999574e+00,3.295563914316479992e-01
1.475141599999999498e+00,3.295563915423329604e-01
1.475281799999999421e+00,3.295563916529750115e-01
1.475421999999999345e+00,3.295563917635741524e-01
1.475562199999999269e+00,3.295563918741304388e-01
1.475702399999999193e+00,3.295563919846438705e-01
1.475842599999999116e+00,3.295563920951143921e-01
1.475982799999999040e+00,3.295563922055421147e-01
1.476029999999999953e+00,3.295563922427140469e-01
1.476170199999999877e+00,3.295563923530845929e-01
1.476310399999999801e+00,3.295563924634123953e-01
1.476450599999999724e+00,3.295563925736975097e-01
1.476590799999999648e+00,3.295563926839399360e-01
1.476730999999999572e+00,3.295563927941396742e-01
1.476871199999999495e+00,3.295563929042967244e-01
1.477011399999999419e+00,3.295563930144111420e-01
1.477151599999999343e+00,3.295563931244829270e-01
1.477291799999999267e+00,3.295563932345120794e-01
1.477431999999999190e+00,3.295563933444986549e-01
1.477572199999999114e+00,3.295563934544425977e-01
1.477712399999999038e+00,3.295563935643439635e-01
1.477852599999998962e+00,3.295563936742027522e-01
1.477992799999998885e+00,3.295563937840190194e-01
1.478040000000000020e+00,3.295563938209851718e-01
1.478179200000000026e+00,3.295563939299610001e-01
1.478318400000000032e+00,3.295563940388939184e-01
1.478457600000000038e+00,3.295563941477839820e-01
1.478596800000000044e+00,3.295563942566311910e-01
1.478736000000000050e+00,3.295563943654354899e-01
1.478875200000000056e+00,3.295563944741969897e-01
1.479014400000000062e+00,3.295563945829156349e-01
1.479153600000000068e+00,3.295563946915914810e-01
1.479292800000000074e+00,3.295563948002245280e-01
1.479432000000000080e+00,3.295563949088148314e-01
1.479571200000000086e+00,3.295563950173623358e-01
1.479710400000000092e+00,3.295563951258670965e-01
1.479849600000000098e+00,3.295563952343291136e-01
1.479988800000000104e+00,3.295563953427483872e-01
1.479999999999999982e+00,3.295563953514715205e-01
1.480140199999999906e+00,3.295563954606240964e-01
1.480280399999999830e+00,3.295563955697344838e-01
1.480420599999999753e+00,3.295563956788027382e-01
1.480560799999999677e+00,3.295563957878288597e-01
1.480700999999999601e+00,3.295563958968129037e-01
1.480841199999999525e+00,3.295563960057548147e-01
1.480981399999999448e+00,3.295563961146547038e-01
1.481121599999999372e+00,3.295563962235125155e-01
1.481261799999999296e+00,3.295563963323282497e-01
1.481401999999999219e+00,3.295563964411019620e-01
1.481542199999999143e+00,3.295563965498336523e-01
1.481682399999999067e+00,3.295563966585233762e-01
1.481822599999998991e+00,3.295563967671710781e-01
1.481962799999998914e+00,3.295563968757768136e-01
1.482010000000000050e+00,3.295563969123355141e-01
1.482150400000000090e+00,3.295563970210402260e-01
1.482290800000000131e+00,3.295563971297031935e-01
1.482431200000000171e+00,3.295563972383243612e-01
1.482571600000000211e+00,3.295563973469037844e-01
1.482712000000000252e+00,3.295563974554415188e-01
1.482852400000000292e+00,3.295563975639375087e-01
1.482992800000000333e+00,3.295563976723917543e-01
1.483133200000000373e+00,3.295563977808043665e-01
1.483273600000000414e+00,3.295563978891752899e-01
1.483414000000000454e+00,3.295563979975045243e-01
1.483554400000000495e+00,3.295563981057921255e-01
1.483694800000000535e+00,3.295563982140380932e-01
1.483835200000000576e+00,3.295563983222424276e-01
1.483975600000000616e+00,3.295563984304051841e-01
1.484029999999999960e+00,3.295563984723081652e-01
1.484170199999999884e+00,3.295563985802591467e-01
1.484310399999999808e+00,3.295563986881685503e-01
1.484450599999999731e+00,3.295563987960363761e-01
1.484590799999999655e+00,3.295563989038626795e-01
1.484730999999999579e+00,3.295563990116474051e-01
1.484871199999999503e+00,3.295563991193906084e-01
1.485011399999999426e+00,3.295563992270922893e-01
1.485151599999999350e+00,3.295563993347525034e-01
1.485291799999999274e+00,3.295563994423712506e-01
1.485431999999999197e+00,3.295563995499485310e-01
1.485572199999999121e+00,3.295563996574843446e-01
1.485712399999999045e+00,3.295563997649787469e-01
1.485852599999998969e+00,3.295563998724316823e-01
1.485992799999998892e+00,3.295563999798432064e-01
1.486040000000000028e+00,3.295564000159998952e-01
1.486178999999999917e+00,3.295564001224363659e-01
1.486317999999999806e+00,3.295564002288309813e-01
1.486456999999999695e+00,3.295564003351837967e-01
1.486595999999999584e+00,3.295564004414947568e-01
1.486734999999999474e+00,3.295564005477639169e-01
1.486873999999999363e+00,3.295564006539912771e-01
1.487012999999999252e+00,3.295564007601768930e-01
1.487151999999999141e+00,3.295564008663207645e-01
1.487290999999999030e+00,3.295564009724228915e-01
1.487429999999998920e+00,3.295564010784832742e-01
1.487568999999998809e+00,3.295564011845019126e-01
1.487707999999998698e+00,3.295564012904788620e-01
1.487846999999998587e+00,3.295564013964141226e-01
1.487985999999998477e+00,3.295564015023076943e-01
1.487989999999999924e+00,3.295564015053549789e-01
1.488130399999999964e+00,3.295564016122729534e-01
1.488270800000000005e+00,3.295564017191499606e-01
1.488411200000000045e+00,3.295564018259860561e-01
1.488551600000000086e+00,3.295564019327812399e-01
1.488692000000000126e+00,3.295564020395355120e-01
1.488832400000000167e+00,3.295564021462489279e-01
1.488972800000000207e+00,3.295564022529214876e-01
1.489113200000000248e+00,3.295564023595531911e-01
1.489253600000000288e+00,3.295564024661440383e-01
1.489394000000000329e+00,3.295564025726940294e-01
1.489534400000000369e+00,3.295564026792032197e-01
1.489674800000000410e+00,3.295564027856716094e-01
1.489815200000000450e+00,3.295564028920991984e-01
1.489955600000000491e+00,3.295564029984860421e-01
1.490010000000000057e+00,3.295564030397010180e-01
1.490150199999999980e+00,3.295564031458797505e-01
1.490290399999999904e+00,3.295564032520177378e-01
1.490430599999999828e+00,3.295564033581149799e-01
1.490570799999999752e+00,3.295564034641715323e-01
1.490710999999999675e+00,3.295564035701873395e-01
1.490851199999999599e+00,3.295564036761624571e-01
1.490991399999999523e+00,3.295564037820968850e-01
1.491131599999999446e+00,3.295564038879906232e-01
1.491271799999999370e+00,3.295564039938437828e-01
1.491411999999999294e+00,3.295564040996562527e-01
1.491552199999999218e+00,3.295564042054281439e-01
1.491692399999999141e+00,3.295564043111594010e-01
1.491832599999999065e+00,3.295564044168500240e-01
1.491972799999998989e+00,3.295564045225000682e-01
1.492019999999999902e+00,3.295564045580638424e-01
1.492160399999999942e+00,3.295564046638105316e-01
1.492300799999999983e+00,3.295564047695168086e-01
1.492441200000000023e+00,3.295564048751827291e-01
1.492581600000000064e+00,3.295564049808082929e-01
1.492722000000000104e+00,3.295564050863935002e-01
1.492862400000000145e+00,3.295564051919383508e-01
1.493002800000000185e+00,3.295564052974428448e-01
1.493143200000000226e+00,3.295564054029070378e-01
1.493283600000000266e+00,3.295564055083309851e-01
1.493424000000000307e+00,3.295564056137146314e-01
1.493564400000000347e+00,3.295564057190579765e-01
1.493704800000000388e+00,3.295564058243610761e-01
1.493845200000000428e+00,3.295564059296239301e-01
1.493985600000000469e+00,3.295564060348465940e-01
1.494040000000000035e+00,3.295564060756105973e-01
1.494178999999999924e+00,3.295564061797278121e-01
1.494317999999999813e+00,3.295564062838042818e-01
1.494456999999999702e+00,3.295564063878400618e-01
1.494595999999999592e+00,3.295564064918350966e-01
1.494734999999999481e+00,3.295564065957894972e-01
1.494873999999999370e+00,3.295564066997031527e-01
1.495012999999999259e+00,3.295564068035761740e-01
1.495151999999999148e+00,3.295564069074085056e-01
1.495290999999999038e+00,3.295564070112002586e-01
1.495429999999998927e+00,3.295564071149513219e-01
1.495568999999998816e+00,3.295564072186618065e-01
1.495707999999998705e+00,3.295564073223317125e-01
1.495846999999998594e+00,3.295564074259610399e-01
1.495985999999998484e+00,3.295564075295497886e-01
1.495989999999999931e+00,3.295564075325307374e-01
1.496130199999999855e+00,3.295564076369726370e-01
1.496270399999999778e+00,3.295564077413746240e-01
1.496410599999999702e+00,3.295564078457366985e-01
1.496550799999999626e+00,3.295564079500588606e-01
1.496690999999999550e+00,3.295564080543411101e-01
1.496831199999999473e+00,3.295564081585834471e-01
1.496971399999999397e+00,3.295564082627859270e-01
1.497111599999999321e+00,3.295564083669485500e-01
1.497251799999999244e+00,3.295564084710713715e-01
1.497391999999999168e+00,3.295564085751543359e-01
1.497532199999999092e+00,3.295564086791974989e-01
1.497672399999999016e+00,3.295564087832008604e-01
1.497812599999998939e+00,3.295564088871644204e-01
1.497952799999998863e+00,3.295564089910882344e-01
1.497999999999999998e+00,3.295564090260709178e-01
1.498140400000000039e+00,3.295564091300899334e-01
1.498280800000000079e+00,3.295564092340693696e-01
1.498421200000000120e+00,3.295564093380092263e-01
1.498561600000000160e+00,3.295564094419095591e-01
1.498702000000000201e+00,3.295564095457703124e-01
1.498842400000000241e+00,3.295564096495915418e-01
1.498982800000000282e+00,3.295564097533732473e-01
1.499123200000000322e+00,3.295564098571154843e-01
1.499263600000000363e+00,3.295564099608181974e-01
1.499404000000000403e+00,3.295564100644814420e-01
1.499544400000000444e+00,3.295564101681052183e-01
1.499684800000000484e+00,3.295564102716895261e-01
1.499825200000000525e+00,3.295564103752344209e-01
1.499965600000000565e+00,3.295564104787398474e-01
1.500019999999999909e+00,3.295564105188386050e-01
1.500160199999999833e+00,3.295564106221419154e-01
1.500300399999999756e+00,3.295564107254058128e-01
1.500440599999999680e+00,3.295564108286302973e-01
1.500580799999999604e+00,3.295564109318154244e-01
1.500720999999999528e+00,3.295564110349611942e-01
1.500861199999999451e+00,3.295564111380676064e-01
1.501001399999999375e+00,3.295564112411346613e-01
1.501141599999999299e+00,3.295564113441624143e-01
1.501281799999999222e+00,3.295564114471508099e-01
1.501421999999999146e+00,3.295564115500999036e-01
1.501562199999999070e+00,3.295564116530096954e-01
1.501702399999998994e+00,3.295564117558801853e-01
1.501842599999998917e+00,3.295564118587114844e-01
1.501982799999998841e+00,3.295564119615034815e-01
1.502029999999999976e+00,3.295564119961051919e-01
1.502170400000000017e+00,3.295564120989915580e-01
1.502310800000000057e+00,3.295564122018388442e-01
1.502451200000000098e+00,3.295564123046470506e-01
1.502591600000000138e+00,3.295564124074162327e-01
1.502732000000000179e+00,3.295564125101463904e-01
1.502872400000000219e+00,3.295564126128375793e-01
1.503012800000000260e+00,3.295564127154897438e-01
1.503153200000000300e+00,3.295564128181029395e-01
1.503293600000000341e+00,3.295564129206771664e-01
1.503434000000000381e+00,3.295564130232124245e-01
1.503574400000000422e+00,3.295564131257087692e-01
1.503714800000000462e+00,3.295564132281661451e-01
1.503855200000000503e+00,3.295564133305846077e-01
1.503995600000000543e+00,3.295564134329641570e-01
1.504050000000000109e+00,3.295564134726267636e-01
1.504188999999999998e+00,3.295564135739311173e-01
1.504327999999999887e+00,3.295564136751961137e-01
1.504466999999999777e+00,3.295564137764216972e-01
1.504605999999999666e+00,3.295564138776079233e-01
1.504744999999999555e+00,3.295564139787547919e-01
1.504883999999999444e+00,3.295564140798623587e-01
1.505022999999999334e+00,3.295564141809305680e-01
1.505161999999999223e+00,3.295564142819594755e-01
1.505300999999999112e+00,3.295564143829490811e-01
1.505439999999999001e+00,3.295564144838993847e-01
1.505578999999998890e+00,3.295564145848104420e-01
1.505717999999998780e+00,3.295564146856822529e-01
1.505856999999998669e+00,3.295564147865148175e-01
1.505995999999998558e+00,3.295564148873081356e-01
1.506000000000000005e+00,3.295564148902086488e-01
1.506140199999999929e+00,3.295564149918323582e-01
1.506280399999999853e+00,3.295564150934174319e-01
1.506420599999999776e+00,3.295564151949638698e-01
1.506560799999999700e+00,3.295564152964717275e-01
1.506700999999999624e+00,3.295564153979410049e-01
1.506841199999999548e+00,3.295564154993717021e-01
1.506981399999999471e+00,3.295564156007638190e-01
1.507121599999999395e+00,3.295564157021174112e-01
1.507261799999999319e+00,3.295564158034324787e-01
1.507401999999999243e+00,3.295564159047090214e-01
1.507542199999999166e+00,3.295564160059470393e-01
1.507682399999999090e+00,3.295564161071465326e-01
1.507822599999999014e+00,3.295564162083075566e-01
1.507962799999998937e+00,3.295564163094301113e-01
1.508010000000000073e+00,3.295564163434698823e-01
1.508150400000000113e+00,3.295564164446854183e-01
1.508290800000000154e+00,3.295564165458627071e-01
1.508431200000000194e+00,3.295564166470016931e-01
1.508571600000000235e+00,3.295564167481024320e-01
1.508712000000000275e+00,3.295564168491649237e-01
1.508852400000000316e+00,3.295564169501891683e-01
1.508992800000000356e+00,3.295564170511751656e-01
1.509133200000000397e+00,3.295564171521229713e-01
1.509273600000000437e+00,3.295564172530325853e-01
1.509414000000000478e+00,3.295564173539040076e-01
1.509554400000000518e+00,3.295564174547372382e-01
1.509694800000000559e+00,3.295564175555323327e-01
1.509835200000000599e+00,3.295564176562892911e-01
1.509975600000000640e+00,3.295564177570080577e-01
1.510029999999999983e+00,3.295564177960272900e-01
1.510170199999999907e+00,3.295564178965497137e-01
1.510310399999999831e+00,3.295564179970340568e-01
1.510450599999999755e+00,3.295564180974802637e-01
1.510590799999999678e+00,3.295564181978883900e-01
1.510730999999999602e+00,3.295564182982584356e-01
1.510871199999999526e+00,3.295564183985904005e-01
1.511011399999999449e+00,3.295564184988843404e-01
1.511151599999999373e+00,3.295564185991402550e-01
1.511291799999999297e+00,3.295564186993580891e-01
1.511431999999999221e+00,3.295564187995379535e-01
1.511572199999999144e+00,3.295564188996797927e-01
1.511712399999999068e+00,3.295564189997836624e-01
1.511852599999998992e+00,3.295564190998495069e-01
1.511992799999998915e+00,3.295564191998774373e-01
1.512040000000000051e+00,3.295564192335487252e-01
1.512178999999999940e+00,3.295564193326694369e-01
1.512317999999999829e+00,3.295564194317517903e-01
1.512456999999999718e+00,3.295564195307957855e-01
1.512595999999999608e+00,3.295564196298014781e-01
1.512734999999999497e+00,3.295564197287688124e-01
1.512873999999999386e+00,3.295564198276978440e-01
1.513012999999999275e+00,3.295564199265885730e-01
1.513151999999999164e+00,3.295564200254409992e-01
1.513290999999999054e+00,3.295564201242551783e-01
1.513429999999998943e+00,3.295564202230311102e-01
1.513568999999998832e+00,3.295564203217687949e-01
1.513707999999998721e+00,3.295564204204682324e-01
1.513846999999998610e+00,3.295564205191294782e-01
1.513985999999998500e+00,3.295564206177525324e-01
1.513989999999999947e+00,3.295564206205905955e-01
1.514130399999999987e+00,3.295564207201683304e-01
1.514270800000000028e+00,3.295564208197084843e-01
1.514411200000000068e+00,3.295564209192111127e-01
1.514551600000000109e+00,3.295564210186762710e-01
1.514692000000000149e+00,3.295564211181039038e-01
1.514832400000000190e+00,3.295564212174940111e-01
1.514972800000000230e+00,3.295564213168466483e-01
1.515113200000000271e+00,3.295564214161618710e-01
1.515253600000000311e+00,3.295564215154396237e-01
1.515394000000000352e+00,3.295564216146799064e-01
1.515534400000000392e+00,3.295564217138827745e-01
1.515674800000000433e+00,3.295564218130482281e-01
1.515815200000000473e+00,3.295564219121763228e-01
1.515955600000000514e+00,3.295564220112670029e-01
1.516010000000000080e+00,3.295564220496555174e-01
1.516150200000000003e+00,3.295564221485531853e-01
1.516290399999999927e+00,3.295564222474134941e-01
1.516430599999999851e+00,3.295564223462364994e-01
1.516570799999999775e+00,3.295564224450221458e-01
1.516710999999999698e+00,3.295564225437704331e-01
1.516851199999999622e+00,3.295564226424814169e-01
1.516991399999999546e+00,3.295564227411550973e-01
1.517131599999999469e+00,3.295564228397914741e-01
1.517271799999999393e+00,3.295564229383906030e-01
1.517411999999999317e+00,3.295564230369524283e-01
1.517552199999999241e+00,3.295564231354770612e-01
1.517692399999999164e+00,3.295564232339644462e-01
1.517832599999999088e+00,3.295564233324145831e-01
1.517972799999999012e+00,3.295564234308275275e-01
1.518019999999999925e+00,3.295564234639551948e-01
1.518160399999999965e+00,3.295564235624589000e-01
1.518300800000000006e+00,3.295564236609255793e-01
1.518441200000000046e+00,3.295564237593552326e-01
1.518581600000000087e+00,3.295564238577478600e-01
1.518722000000000127e+00,3.295564239561034614e-01
1.518862400000000168e+00,3.295564240544220924e-01
1.519002800000000208e+00,3.295564241527037530e-01
1.519143200000000249e+00,3.295564242509484432e-01
1.519283600000000289e+00,3.295564243491561629e-01
1.519424000000000330e+00,3.295564244473269677e-01
1.519564400000000370e+00,3.295564245454608021e-01
1.519704800000000411e+00,3.295564246435577216e-01
1.519845200000000451e+00,3.295564247416177261e-01
1.519985600000000492e+00,3.295564248396408713e-01
1.520040000000000058e+00,3.295564248776158278e-01
1.520178999999999947e+00,3.295564249746100183e-01
1.520317999999999836e+00,3.295564250715668497e-01
1.520456999999999725e+00,3.295564251684863222e-01
1.520595999999999615e+00,3.295564252653684356e-01
1.520734999999999504e+00,3.295564253622132456e-01
1.520873999999999393e+00,3.295564254590207520e-01
1.521012999999999282e+00,3.295564255557908995e-01
1.521151999999999171e+00,3.295564256525237989e-01
1.521290999999999061e+00,3.295564257492194504e-01
1.521429999999998950e+00,3.295564258458777984e-01
1.521568999999998839e+00,3.295564259424988984e-01
1.521707999999998728e+00,3.295564260390827505e-01
1.521846999999998618e+00,3.295564261356294100e-01
1.521985999999998507e+00,3.295564262321388771e-01
1.521989999999999954e+00,3.295564262349161000e-01
1.522130199999999878e+00,3.295564263322209864e-01
1.522270399999999801e+00,3.295564264294892354e-01
1.522410599999999725e+00,3.295564265267209025e-01
1.522550799999999649e+00,3.295564266239159323e-01
1.522690999999999573e+00,3.295564267210743803e-01
1.522831199999999496e+00,3.295564268181962464e-01
1.522971399999999420e+00,3.295564269152815307e-01
1.523111599999999344e+00,3.295564270123302886e-01
1.523251799999999267e+00,3.295564271093425202e-01
1.523391999999999191e+00,3.295564272063182254e-01
1.523532199999999115e+00,3.295564273032574043e-01
1.523672399999999039e+00,3.295564274001600569e-01
1.523812599999998962e+00,3.295564274970262386e-01
1.523952799999998886e+00,3.295564275938558940e-01
1.524000000000000021e+00,3.295564276264506542e-01
1.524140400000000062e+00,3.295564277233698491e-01
1.524280800000000102e+00,3.295564278202527397e-01
1.524421200000000143e+00,3.295564279170993260e-01
1.524561600000000183e+00,3.295564280139096081e-01
1.524702000000000224e+00,3.295564281106835858e-01
1.524842400000000264e+00,3.295564282074213147e-01
1.524982800000000305e+00,3.295564283041227949e-01
1.525123200000000345e+00,3.295564284007880262e-01
1.525263600000000386e+00,3.295564284974170088e-01
1.525404000000000426e+00,3.295564285940097982e-01
1.525544400000000467e+00,3.295564286905663387e-01
1.525684800000000507e+00,3.295564287870866860e-01
1.525825200000000548e+00,3.295564288835708400e-01
1.525965600000000588e+00,3.295564289800188562e-01
1.526019999999999932e+00,3.295564290173835786e-01
1.526160199999999856e+00,3.295564291136440227e-01
1.526300399999999780e+00,3.295564292098683290e-01
1.526440599999999703e+00,3.295564293060564975e-01
1.526580799999999627e+00,3.295564294022085283e-01
1.526720999999999551e+00,3.295564294983244213e-01
1.526861199999999474e+00,3.295564295944042321e-01
1.527001399999999398e+00,3.295564296904479051e-01
1.527141599999999322e+00,3.295564297864555514e-01
1.527281799999999246e+00,3.295564298824271154e-01
1.527421999999999169e+00,3.295564299783625972e-01
1.527562199999999093e+00,3.295564300742620523e-01
1.527702399999999017e+00,3.295564301701254806e-01
1.527842599999998940e+00,3.295564302659528821e-01
1.527982799999998864e+00,3.295564303617442570e-01
1.528029999999999999e+00,3.295564303939895190e-01
1.528170400000000040e+00,3.295564304898695451e-01
1.528310800000000080e+00,3.295564305857137666e-01
1.528451200000000121e+00,3.295564306815221278e-01
1.528591600000000161e+00,3.295564307772946844e-01
1.528732000000000202e+00,3.295564308730314362e-01
1.528872400000000242e+00,3.295564309687323834e-01
1.529012800000000283e+00,3.295564310643975259e-01
1.529153200000000323e+00,3.295564311600269192e-01
1.529293600000000364e+00,3.295564312556205633e-01
1.529434000000000404e+00,3.295564313511784582e-01
1.529574400000000445e+00,3.295564314467006040e-01
1.529714800000000485e+00,3.295564315421870560e-01
1.529855200000000526e+00,3.295564316376377589e-01
1.529995600000000566e+00,3.295564317330527682e-01
1.530049999999999910e+00,3.295564317700173662e-01
1.530189000000000021e+00,3.295564318644311208e-01
1.530328000000000133e+00,3.295564319588087376e-01
1.530467000000000244e+00,3.295564320531501612e-01
1.530606000000000355e+00,3.295564321474554470e-01
1.530745000000000466e+00,3.295564322417246506e-01
1.530884000000000578e+00,3.295564323359577164e-01
1.531023000000000689e+00,3.295564324301547554e-01
1.531162000000000800e+00,3.295564325243156567e-01
1.531301000000000911e+00,3.295564326184405313e-01
1.531440000000001023e+00,3.295564327125293236e-01
1.531579000000001134e+00,3.295564328065820892e-01
1.531718000000001245e+00,3.295564329005988280e-01
1.531857000000001356e+00,3.295564329945795401e-01
1.531996000000001468e+00,3.295564330885242810e-01
1.532000000000000028e+00,3.295564330912277295e-01
1.532140199999999952e+00,3.295564331859469620e-01
1.532280399999999876e+00,3.295564332806307228e-01
1.532420599999999800e+00,3.295564333752790676e-01
1.532560799999999723e+00,3.295564334698919962e-01
1.532700999999999647e+00,3.295564335644695086e-01
1.532841199999999571e+00,3.295564336590116605e-01
1.532981399999999494e+00,3.295564337535183963e-01
1.533121599999999418e+00,3.295564338479897715e-01
1.533261799999999342e+00,3.295564339424257860e-01
1.533401999999999266e+00,3.295564340368263845e-01
1.533542199999999189e+00,3.295564341311916778e-01
1.533682399999999113e+00,3.295564342255216106e-01
1.533822599999999037e+00,3.295564343198162383e-01
1.533962799999998960e+00,3.295564344140755608e-01
1.534010000000000096e+00,3.295564344458051242e-01
1.534150400000000136e+00,3.295564345401518214e-01
1.534290800000000177e+00,3.295564346344634354e-01
1.534431200000000217e+00,3.295564347287399110e-01
1.534571600000000258e+00,3.295564348229811924e-01
1.534712000000000298e+00,3.295564349171873908e-01
1.534852400000000339e+00,3.295564350113585061e-01
1.534992800000000379e+00,3.295564351054945385e-01
1.535133200000000420e+00,3.295564351995954322e-01
1.535273600000000460e+00,3.295564352936612984e-01
1.535414000000000501e+00,3.295564353876921371e-01
1.535554400000000541e+00,3.295564354816878927e-01
1.535694800000000582e+00,3.295564355756486208e-01
1.535835200000000622e+00,3.295564356695743213e-01
1.535975600000000663e+00,3.295564357634650499e-01
1.536030000000000006e+00,3.295564357998391203e-01
1.536170199999999930e+00,3.295564358935474947e-01
1.536310399999999854e+00,3.295564359872209526e-01
1.536450599999999778e+00,3.295564360808593829e-01
1.536590799999999701e+00,3.295564361744628967e-01
1.536730999999999625e+00,3.295564362680314385e-01
1.536871199999999549e+00,3.295564363615650638e-01
1.537011399999999472e+00,3.295564364550637171e-01
1.537151599999999396e+00,3.295564365485274538e-01
1.537291799999999320e+00,3.295564366419562741e-01
1.537431999999999244e+00,3.295564367353502333e-01
1.537572199999999167e+00,3.295564368287093315e-01
1.537712399999999091e+00,3.295564369220335688e-01
1.537852599999999015e+00,3.295564370153228895e-01
1.537992799999998939e+00,3.295564371085774047e-01
1.538040000000000074e+00,3.295564371399686832e-01
1.538178999999999963e+00,3.295564372323781521e-01
1.538317999999999852e+00,3.295564373247523715e-01
1.538456999999999741e+00,3.295564374170913968e-01
1.538595999999999631e+00,3.295564375093952281e-01
1.538734999999999520e+00,3.295564376016638652e-01
1.538873999999999409e+00,3.295564376938973639e-01
1.539012999999999298e+00,3.295564377860956684e-01
1.539151999999999187e+00,3.295564378782588344e-01
1.539290999999999077e+00,3.295564379703868618e-01
1.539429999999998966e+00,3.295564380624797507e-01
1.539568999999998855e+00,3.295564381545375565e-01
1.539707999999998744e+00,3.295564382465602793e-01
1.539846999999998634e+00,3.295564383385478635e-01
1.539985999999998523e+00,3.295564384305003647e-01
1.539989999999999970e+00,3.295564384331464702e-01
1.540130400000000011e+00,3.295564385259896478e-01
1.540270800000000051e+00,3.295564386187983530e-01
1.540411200000000091e+00,3.295564387115725857e-01
1.540551600000000132e+00,3.295564388043124016e-01
1.540692000000000172e+00,3.295564388970178005e-01
1.540832400000000213e+00,3.295564389896887825e-01
1.540972800000000253e+00,3.295564390823253476e-01
1.541113200000000294e+00,3.295564391749275512e-01
1.541253600000000334e+00,3.295564392674953380e-01
1.541394000000000375e+00,3.295564393600287634e-01
1.541534400000000415e+00,3.295564394525278273e-01
1.541674800000000456e+00,3.295564395449925299e-01
1.541815200000000496e+00,3.295564396374228711e-01
1.541955600000000537e+00,3.295564397298189063e-01
1.542010000000000103e+00,3.295564397656139399e-01
1.542150200000000027e+00,3.295564398578307297e-01
1.542290399999999950e+00,3.295564399500132136e-01
1.542430599999999874e+00,3.295564400421613915e-01
1.542570799999999798e+00,3.295564401342753191e-01
1.542710999999999721e+00,3.295564402263549408e-01
1.542851199999999645e+00,3.295564403184003122e-01
1.542991399999999569e+00,3.295564404104114331e-01
1.543131599999999493e+00,3.295564405023883037e-01
1.543271799999999416e+00,3.295564405943309239e-01
1.543411999999999340e+00,3.295564406862393492e-01
1.543552199999999264e+00,3.295564407781135241e-01
1.543692399999999187e+00,3.295564408699535042e-01
1.543832599999999111e+00,3.295564409617592894e-01
1.543972799999999035e+00,3.295564410535308797e-01
1.544019999999999948e+00,3.295564410844230019e-01
1.544160399999999989e+00,3.295564411762799684e-01
1.544300800000000029e+00,3.295564412681029065e-01
1.544441200000000070e+00,3.295564413598918718e-01
1.544581600000000110e+00,3.295564414516468088e-01
1.544722000000000151e+00,3.295564415433677730e-01
1.544862400000000191e+00,3.295564416350547643e-01
1.545002800000000232e+00,3.295564417267077828e-01
1.545143200000000272e+00,3.295564418183268840e-01
1.545283600000000312e+00,3.295564419099120124e-01
1.545424000000000353e+00,3.295564420014632234e-01
1.545564400000000393e+00,3.295564420929805172e-01
1.545704800000000434e+00,3.295564421844638936e-01
1.545845200000000474e+00,3.295564422759134082e-01
1.545985600000000515e+00,3.295564423673290055e-01
1.546040000000000081e+00,3.295564424027442318e-01
1.546178999999999970e+00,3.295564424932009850e-01
1.546317999999999859e+00,3.295564425836233768e-01
1.546456999999999748e+00,3.295564426740115183e-01
1.546595999999999638e+00,3.295564427643653538e-01
1.546734999999999527e+00,3.295564428546848834e-01
1.546873999999999416e+00,3.295564429449701627e-01
1.547012999999999305e+00,3.295564430352211915e-01
1.547151999999999195e+00,3.295564431254379700e-01
1.547290999999999084e+00,3.295564432156204981e-01
1.547429999999998973e+00,3.295564433057688314e-01
1.547568999999998862e+00,3.295564433958829698e-01
1.547707999999998751e+00,3.295564434859629133e-01
1.547846999999998641e+00,3.295564435760086619e-01
1.547985999999998530e+00,3.295564436660202157e-01
1.547989999999999977e+00,3.295564436686104770e-01
1.548130199999999901e+00,3.295564437593644369e-01
1.548270399999999825e+00,3.295564438500847571e-01
1.548410599999999748e+00,3.295564439407714374e-01
1.548550799999999672e+00,3.295564440314244781e-01
1.548690999999999596e+00,3.295564441220439345e-01
1.548831199999999519e+00,3.295564442126297511e-01
1.548971399999999443e+00,3.295564443031819835e-01
1.549111599999999367e+00,3.295564443937006316e-01
1.549251799999999291e+00,3.295564444841856955e-01
1.549391999999999214e+00,3.295564445746372306e-01
1.549532199999999138e+00,3.295564446650552370e-01
1.549672399999999062e+00,3.295564447554396592e-01
1.549812599999998985e+00,3.295564448457905526e-01
1.549952799999998909e+00,3.295564449361079173e-01
1.550000000000000044e+00,3.295564449665105422e-01
1.550140400000000085e+00,3.295564450569121173e-01
1.550280800000000125e+00,3.295564451472802747e-01
1.550421200000000166e+00,3.295564452376151254e-01
1.550561600000000206e+00,3.295564453279166139e-01
1.550702000000000247e+00,3.295564454181847958e-01
1.550842400000000287e+00,3.295564455084196709e-01
1.550982800000000328e+00,3.295564455986212393e-01
1.551123200000000368e+00,3.295564456887895011e-01
1.551263600000000409e+00,3.295564457789244561e-01
1.551404000000000449e+00,3.295564458690261600e-01
1.551544400000000490e+00,3.295564459590946127e-01
1.551684800000000530e+00,3.295564460491298142e-01
1.551825200000000571e+00,3.295564461391317646e-01
1.551965600000000611e+00,3.295564462291004637e-01
1.552019999999999955e+00,3.295564462639551384e-01
1.552160199999999879e+00,3.295564463537495881e-01
1.552300399999999803e+00,3.295564464435108420e-01
1.552440599999999726e+00,3.295564465332389004e-01
1.552580799999999650e+00,3.295564466229337630e-01
1.552720999999999574e+00,3.295564467125954300e-01
1.552861199999999497e+00,3.295564468022239013e-01
1.553001399999999421e+00,3.295564468918192325e-01
1.553141599999999345e+00,3.295564469813814235e-01
1.553281799999999269e+00,3.295564470709104743e-01
1.553421999999999192e+00,3.295564471604063850e-01
1.553562199999999116e+00,3.295564472498692110e-01
1.553702399999999040e+00,3.295564473392988969e-01
1.553842599999998964e+00,3.295564474286954981e-01
1.553982799999998887e+00,3.295564475180590147e-01
1.554030000000000022e+00,3.295564475481405631e-01
1.554170400000000063e+00,3.295564476375874574e-01
1.554310800000000103e+00,3.295564477270014336e-01
1.554451200000000144e+00,3.295564478163824917e-01
1.554591600000000184e+00,3.295564479057306317e-01
1.554732000000000225e+00,3.295564479950458536e-01
1.554872400000000265e+00,3.295564480843281574e-01
1.555012800000000306e+00,3.295564481735775986e-01
1.555153200000000346e+00,3.295564482627941771e-01
1.555293600000000387e+00,3.295564483519778931e-01
1.555434000000000427e+00,3.295564484411287465e-01
1.555574400000000468e+00,3.295564485302467927e-01
1.555714800000000508e+00,3.295564486193319764e-01
1.555855200000000549e+00,3.295564487083843530e-01
1.555995600000000589e+00,3.295564487974039225e-01
1.556049999999999933e+00,3.295564488318909468e-01
1.556189000000000044e+00,3.295564489199770408e-01
1.556328000000000156e+00,3.295564490080298836e-01
1.556467000000000267e+00,3.295564490960495307e-01
1.556606000000000378e+00,3.295564491840359822e-01
1.556745000000000489e+00,3.295564492719892380e-01
1.556884000000000601e+00,3.295564493599093536e-01
1.557023000000000712e+00,3.295564494477962736e-01
1.557162000000000823e+00,3.295564495356500534e-01
1.557301000000000935e+00,3.295564496234706930e-01
1.557440000000001046e+00,3.295564497112581925e-01
1.557579000000001157e+00,3.295564497990126074e-01
1.557718000000001268e+00,3.295564498867338821e-01
1.557857000000001380e+00,3.295564499744220721e-01
1.557996000000001491e+00,3.295564500620771775e-01
1.558000000000000052e+00,3.295564500645996042e-01
1.558140199999999975e+00,3.295564501529778534e-01
1.558280399999999899e+00,3.295564502413235730e-01
1.558420599999999823e+00,3.295564503296367076e-01
1.558560799999999746e+00,3.295564504179172571e-01
1.558700999999999670e+00,3.295564505061652771e-01
1.558841199999999594e+00,3.295564505943807121e-01
1.558981399999999518e+00,3.295564506825636730e-01
1.559121599999999441e+00,3.295564507707141044e-01
1.559261799999999365e+00,3.295564508588320063e-01
1.559401999999999289e+00,3.295564509469174341e-01
1.559542199999999212e+00,3.295564510349703879e-01
1.559682399999999136e+00,3.295564511229908122e-01
1.559822599999999060e+00,3.295564512109787625e-01
1.559962799999998984e+00,3.295564512989342942e-01
1.560009999999999897e+00,3.295564513285418884e-01
1.560150399999999937e+00,3.295564514165796322e-01
1.560290799999999978e+00,3.295564515045850684e-01
1.560431200000000018e+00,3.295564515925581972e-01
1.560571600000000059e+00,3.295564516804990740e-01
1.560712000000000099e+00,3.295564517684076433e-01
1.560852400000000140e+00,3.295564518562839607e-01
1.560992800000000180e+00,3.295564519441280260e-01
1.561133200000000221e+00,3.295564520319398394e-01
1.561273600000000261e+00,3.295564521197194563e-01
1.561414000000000302e+00,3.295564522074668767e-01
1.561554400000000342e+00,3.295564522951820452e-01
1.561694800000000383e+00,3.295564523828650172e-01
1.561835200000000423e+00,3.295564524705157927e-01
1.561975600000000464e+00,3.295564525581343718e-01
1.562030000000000030e+00,3.295564525920786636e-01
1.562170199999999953e+00,3.295564526795278226e-01
1.562310399999999877e+00,3.295564527669448407e-01
1.562450599999999801e+00,3.295564528543297178e-01
1.562590799999999724e+00,3.295564529416824540e-01
1.562730999999999648e+00,3.295564530290030492e-01
1.562871199999999572e+00,3.295564531162915589e-01
1.563011399999999496e+00,3.295564532035479277e-01
1.563151599999999419e+00,3.295564532907722111e-01
1.563291799999999343e+00,3.295564533779644090e-01
1.563431999999999267e+00,3.295564534651245214e-01
1.563572199999999190e+00,3.295564535522526040e-01
1.563712399999999114e+00,3.295564536393486010e-01
1.563852599999999038e+00,3.295564537264125682e-01
1.563992799999998962e+00,3.295564538134445054e-01
1.564040000000000097e+00,3.295564538427412371e-01
1.564179200000000103e+00,3.295564539291093720e-01
1.564318400000000109e+00,3.295564540154451993e-01
1.564457600000000115e+00,3.295564541017487192e-01
1.564596800000000121e+00,3.295564541880199316e-01
1.564736000000000127e+00,3.295564542742588920e-01
1.564875200000000133e+00,3.295564543604655450e-01
1.565014400000000139e+00,3.295564544466399459e-01
1.565153600000000145e+00,3.295564545327821504e-01
1.565292800000000151e+00,3.295564546188921029e-01
1.565432000000000157e+00,3.295564547049698034e-01
1.565571200000000163e+00,3.295564547910153075e-01
1.565710400000000169e+00,3.295564548770286151e-01
1.565849600000000175e+00,3.295564549630097262e-01
1.565988800000000181e+00,3.295564550489586408e-01
1.566000000000000059e+00,3.295564550558738870e-01
1.566140199999999982e+00,3.295564551424058908e-01
1.566280399999999906e+00,3.295564552289061422e-01
1.566420599999999830e+00,3.295564553153746412e-01
1.566560799999999753e+00,3.295564554018114434e-01
1.566700999999999677e+00,3.295564554882164932e-01
1.566841199999999601e+00,3.295564555745898461e-01
1.566981399999999525e+00,3.295564556609315021e-01
1.567121599999999448e+00,3.295564557472414613e-01
1.567261799999999372e+00,3.295564558335197791e-01
1.567401999999999296e+00,3.295564559197664001e-01
1.567542199999999220e+00,3.295564560059813242e-01
1.567682399999999143e+00,3.295564560921646069e-01
1.567822599999999067e+00,3.295564561783162483e-01
1.567962799999998991e+00,3.295564562644363038e-01
1.568009999999999904e+00,3.295564562934260588e-01
1.568150199999999828e+00,3.295564563795038704e-01
1.568290399999999751e+00,3.295564564655501516e-01
1.568430599999999675e+00,3.295564565515649025e-01
1.568570799999999599e+00,3.295564566375481230e-01
1.568710999999999522e+00,3.295564567234998132e-01
1.568851199999999446e+00,3.295564568094199731e-01
1.568991399999999370e+00,3.295564568953086582e-01
1.569131599999999294e+00,3.295564569811658129e-01
1.569271799999999217e+00,3.295564570669914928e-01
1.569411999999999141e+00,3.295564571527856979e-01
1.569552199999999065e+00,3.295564572385484281e-01
1.569692399999998988e+00,3.295564573242797390e-01
1.569832599999998912e+00,3.295564574099795752e-01
1.569972799999998836e+00,3.295564574956479920e-01
1.570019999999999971e+00,3.295564575244857575e-01
1.570160400000000012e+00,3.295564576102344989e-01
1.570300800000000052e+00,3.295564576959519876e-01
1.570441200000000093e+00,3.295564577816381679e-01
1.570581600000000133e+00,3.295564578672930955e-01
1.570722000000000174e+00,3.295564579529167704e-01
1.570862400000000214e+00,3.295564580385091924e-01
1.571002800000000255e+00,3.295564581240704172e-01
1.571143200000000295e+00,3.295564582096003892e-01
1.571283600000000336e+00,3.295564582950991639e-01
1.571424000000000376e+00,3.295564583805667414e-01
1.571564400000000417e+00,3.295564584660031215e-01
1.571704800000000457e+00,3.295564585514083045e-01
1.571845200000000498e+00,3.295564586367823456e-01
1.571985600000000538e+00,3.295564587221251895e-01
1.572040000000000104e+00,3.295564587551878533e-01
1.572178999999999993e+00,3.295564588396361905e-01
1.572317999999999882e+00,3.295564589240529418e-01
1.572456999999999772e+00,3.295564590084381629e-01
1.572595999999999661e+00,3.295564590927918536e-01
1.572734999999999550e+00,3.295564591771140139e-01
1.572873999999999439e+00,3.295564592614046440e-01
1.573012999999999328e+00,3.295564593456637437e-01
1.573151999999999218e+00,3.295564594298913685e-01
1.573290999999999107e+00,3.295564595140875186e-01
1.573429999999998996e+00,3.295564595982521383e-01
1.573568999999998885e+00,3.295564596823853387e-01
1.573707999999998774e+00,3.295564597664870643e-01
1.573846999999998664e+00,3.295564598505573706e-01
1.573985999999998553e+00,3.295564599345962020e-01
1.573990000000000000e+00,3.295564599370145453e-01
1.574130400000000041e+00,3.295564600218680029e-01
1.574270800000000081e+00,3.295564601066905963e-01
1.574411200000000122e+00,3.295564601914822700e-01
1.574551600000000162e+00,3.295564602762431350e-01
1.574692000000000203e+00,3.295564603609731358e-01
1.574832400000000243e+00,3.295564604456722724e-01
1.574972800000000284e+00,3.295564605303406003e-01
1.575113200000000324e+00,3.295564606149780640e-01
1.575253600000000365e+00,3.295564606995847190e-01
1.575394000000000405e+00,3.295564607841605653e-01
1.575534400000000446e+00,3.295564608687056030e-01
1.575674800000000486e+00,3.295564609532198874e-01
1.575815200000000527e+00,3.295564610377033632e-01
1.575955600000000567e+00,3.295564611221560858e-01
1.576009999999999911e+00,3.295564611548739142e-01
1.576150199999999835e+00,3.295564612391636561e-01
1.576290399999999758e+00,3.295564613234226448e-01
1.576430599999999682e+00,3.295564614076508803e-01
1.576570799999999606e+00,3.295564614918484181e-01
1.576710999999999530e+00,3.295564615760152027e-01
1.576851199999999453e+00,3.295564616601512342e-01
1.576991399999999377e+00,3.295564617442565680e-01
1.577131599999999301e+00,3.295564618283312042e-01
1.577271799999999224e+00,3.295564619123751982e-01
1.577411999999999148e+00,3.295564619963884945e-01
1.577552199999999072e+00,3.295564620803710931e-01
1.577692399999998996e+00,3.295564621643230496e-01
1.577832599999998919e+00,3.295564622482443640e-01
1.577972799999998843e+00,3.295564623321350362e-01
1.578019999999999978e+00,3.295564623603743915e-01
1.578160199999999902e+00,3.295564624442242074e-01
1.578300399999999826e+00,3.295564625280434368e-01
1.578440599999999749e+00,3.295564626118321350e-01
1.578580799999999673e+00,3.295564626955903020e-01
1.578720999999999597e+00,3.295564627793179380e-01
1.578861199999999521e+00,3.295564628630150428e-01
1.579001399999999444e+00,3.295564629466816164e-01
1.579141599999999368e+00,3.295564630303177145e-01
1.579281799999999292e+00,3.295564631139233369e-01
1.579421999999999215e+00,3.295564631974984282e-01
1.579562199999999139e+00,3.295564632810430994e-01
1.579702399999999063e+00,3.295564633645572949e-01
1.579842599999998987e+00,3.295564634480410149e-01
1.579982799999998910e+00,3.295564635314943147e-01
1.580030000000000046e+00,3.295564635595864544e-01
1.580169200000000052e+00,3.295564636424035965e-01
1.580308400000000058e+00,3.295564637251900963e-01
1.580447600000000064e+00,3.295564638079458986e-01
1.580586800000000069e+00,3.295564638906710031e-01
1.580726000000000075e+00,3.295564639733654655e-01
1.580865200000000081e+00,3.295564640560292302e-01
1.581004400000000087e+00,3.295564641386623528e-01
1.581143600000000093e+00,3.295564642212648332e-01
1.581282800000000099e+00,3.295564643038367270e-01
1.581422000000000105e+00,3.295564643863779786e-01
1.581561200000000111e+00,3.295564644688886435e-01
1.581700400000000117e+00,3.295564645513687219e-01
1.581839600000000123e+00,3.295564646338182135e-01
1.581978800000000129e+00,3.295564647162371186e-01
1.581990000000000007e+00,3.295564647228683697e-01
1.582130199999999931e+00,3.295564648058467161e-01
1.582270399999999855e+00,3.295564648887948644e-01
1.582410599999999778e+00,3.295564649717128702e-01
1.582550799999999702e+00,3.295564650546006780e-01
1.582690999999999626e+00,3.295564651374583431e-01
1.582831199999999550e+00,3.295564652202858658e-01
1.582971399999999473e+00,3.295564653030833013e-01
1.583111599999999397e+00,3.295564653858505944e-01
1.583251799999999321e+00,3.295564654685878003e-01
1.583391999999999245e+00,3.295564655512948637e-01
1.583532199999999168e+00,3.295564656339718401e-01
1.583672399999999092e+00,3.295564657166187850e-01
1.583812599999999016e+00,3.295564657992356428e-01
1.583952799999998939e+00,3.295564658818224135e-01
1.584000000000000075e+00,3.295564659096228421e-01
1.584140400000000115e+00,3.295564659922873840e-01
1.584280800000000156e+00,3.295564660749220054e-01
1.584421200000000196e+00,3.295564661575267063e-01
1.584561600000000237e+00,3.295564662401015421e-01
1.584702000000000277e+00,3.295564663226464575e-01
1.584842400000000318e+00,3.295564664051615078e-01
1.584982800000000358e+00,3.295564664876466932e-01
1.585123200000000399e+00,3.295564665701020135e-01
1.585263600000000439e+00,3.295564666525274689e-01
1.585404000000000480e+00,3.295564667349230592e-01
1.585544400000000520e+00,3.295564668172888401e-01
1.585684800000000561e+00,3.295564668996248114e-01
1.585825200000000601e+00,3.295564669819309733e-01
1.585965600000000642e+00,3.295564670642073257e-01
1.586019999999999985e+00,3.295564670960820508e-01
1.586160199999999909e+00,3.295564671781998634e-01
1.586300399999999833e+00,3.295564672602878664e-01
1.586440599999999757e+00,3.295564673423461155e-01
1.586580799999999680e+00,3.295564674243745551e-01
1.586720999999999604e+00,3.295564675063732407e-01
1.586861199999999528e+00,3.295564675883421724e-01
1.587001399999999451e+00,3.295564676702813500e-01
1.587141599999999375e+00,3.295564677521907737e-01
1.587281799999999299e+00,3.295564678340704434e-01
1.587421999999999223e+00,3.295564679159204147e-01
1.587562199999999146e+00,3.295564679977406874e-01
1.587702399999999070e+00,3.295564680795312618e-01
1.587842599999998994e+00,3.295564681612920821e-01
1.587982799999998917e+00,3.295564682430232595e-01
1.588030000000000053e+00,3.295564682705356963e-01
1.588170199999999976e+00,3.295564683522272387e-01
1.588310399999999900e+00,3.295564684338891936e-01
1.588450599999999824e+00,3.295564685155215612e-01
1.588590799999999748e+00,3.295564685971243413e-01
1.588730999999999671e+00,3.295564686786975339e-01
1.588871199999999595e+00,3.295564687602411946e-01
1.589011399999999519e+00,3.295564688417552679e-01
1.589151599999999442e+00,3.295564689232398092e-01
1.589291799999999366e+00,3.295564690046948186e-01
1.589431999999999290e+00,3.295564690861202961e-01
1.589572199999999214e+00,3.295564691675162416e-01
1.589712399999999137e+00,3.295564692488827108e-01
1.589852599999999061e+00,3.295564693302197035e-01
1.589992799999998985e+00,3.295564694115271642e-01
1.590039999999999898e+00,3.295564694388969929e-01
1.590179199999999904e+00,3.295564695195848937e-01
1.590318399999999910e+00,3.295564696002430960e-01
1.590457599999999916e+00,3.295564696808715444e-01
1.590596799999999922e+00,3.295564697614702943e-01
1.590735999999999928e+00,3.295564698420392902e-01
1.590875199999999934e+00,3.295564699225785876e-01
1.591014399999999940e+00,3.295564700030881866e-01
1.591153599999999946e+00,3.295564700835680871e-01
1.591292799999999952e+00,3.295564701640183447e-01
1.591431999999999958e+00,3.295564702444389038e-01
1.591571199999999964e+00,3.295564703248298200e-01
1.591710399999999970e+00,3.295564704051910931e-01
1.591849599999999976e+00,3.295564704855227234e-01
1.591988799999999982e+00,3.295564705658247662e-01
1.592000000000000082e+00,3.295564705722856536e-01
1.592140200000000005e+00,3.295564706531329269e-01
1.592280399999999929e+00,3.295564707339509458e-01
1.592420599999999853e+00,3.295564708147397104e-01
1.592560799999999777e+00,3.295564708954992761e-01
1.592700999999999700e+00,3.295564709762296429e-01
1.592841199999999624e+00,3.295564710569308109e-01
1.592981399999999548e+00,3.295564711376027800e-01
1.593121599999999471e+00,3.295564712182455502e-01
1.593261799999999395e+00,3.295564712988591771e-01
1.593401999999999319e+00,3.295564713794436607e-01
1.593542199999999243e+00,3.295564714599989453e-01
1.593682399999999166e+00,3.295564715405250866e-01
1.593822599999999090e+00,3.295564716210221401e-01
1.593962799999999014e+00,3.295564717014900502e-01
1.594009999999999927e+00,3.295564717285772161e-01
1.594150399999999967e+00,3.295564718091211209e-01
1.594290800000000008e+00,3.295564718896359935e-01
1.594431200000000048e+00,3.295564719701219447e-01
1.594571600000000089e+00,3.295564720505789191e-01
1.594712000000000129e+00,3.295564721310069167e-01
1.594852400000000170e+00,3.295564722114059375e-01
1.594992800000000210e+00,3.295564722917760370e-01
1.595133200000000251e+00,3.295564723721171596e-01
1.595273600000000291e+00,3.295564724524294165e-01
1.595414000000000332e+00,3.295564725327127520e-01
1.595554400000000372e+00,3.295564726129671662e-01
1.595694800000000413e+00,3.295564726931926591e-01
1.595835200000000453e+00,3.295564727733892862e-01
1.595975600000000494e+00,3.295564728535570476e-01
1.596030000000000060e+00,3.295564728846148705e-01
1.596170199999999983e+00,3.295564729646283664e-01
1.596310399999999907e+00,3.295564730446129964e-01
1.596450599999999831e+00,3.295564731245687606e-01
1.596590799999999755e+00,3.295564732044956591e-01
1.596730999999999678e+00,3.295564732843937472e-01
1.596871199999999602e+00,3.295564733642629696e-01
1.597011399999999526e+00,3.295564734441033816e-01
1.597151599999999450e+00,3.295564735239149834e-01
1.597291799999999373e+00,3.295564736036977749e-01
1.597431999999999297e+00,3.295564736834517561e-01
1.597572199999999221e+00,3.295564737631769270e-01
1.597712399999999144e+00,3.295564738428733431e-01
1.597852599999999068e+00,3.295564739225410045e-01
1.597992799999998992e+00,3.295564740021799111e-01
1.598039999999999905e+00,3.295564740289880779e-01
1.598179000000000016e+00,3.295564741079066717e-01
1.598318000000000128e+00,3.295564741867961778e-01
1.598457000000000239e+00,3.295564742656565960e-01
1.598596000000000350e+00,3.295564743444879818e-01
1.598735000000000461e+00,3.295564744232903354e-01
1.598874000000000573e+00,3.295564745020636566e-01
1.599013000000000684e+00,3.295564745808079454e-01
1.599152000000000795e+00,3.295564746595232020e-01
1.599291000000000906e+00,3.295564747382094817e-01
1.599430000000001018e+00,3.295564748168667291e-01
1.599569000000001129e+00,3.295564748954950551e-01
1.599708000000001240e+00,3.295564749740944044e-01
1.599847000000001351e+00,3.295564750526647768e-01
1.599986000000001463e+00,3.295564751312061724e-01
1.599990000000000023e+00,3.295564751334663645e-01
1.600130400000000064e+00,3.295564752127695396e-01
1.600270800000000104e+00,3.295564752920442930e-01
1.600411200000000145e+00,3.295564753712905692e-01
1.600551600000000185e+00,3.295564754505084237e-01
1.600692000000000226e+00,3.295564755296978565e-01
1.600832400000000266e+00,3.295564756088588676e-01
1.600972800000000307e+00,3.295564756879914570e-01
1.601113200000000347e+00,3.295564757670956801e-01
1.601253600000000388e+00,3.295564758461715371e-01
1.601394000000000428e+00,3.295564759252189724e-01
1.601534400000000469e+00,3.295564760042380414e-01
1.601674800000000509e+00,3.295564760832287998e-01
1.601815200000000550e+00,3.295564761621911920e-01
1.601955600000000590e+00,3.295564762411252180e-01
1.602009999999999934e+00,3.295564762717050900e-01
1.602150199999999858e+00,3.295564763504874040e-01
1.602290399999999781e+00,3.295564764292413518e-01
1.602430599999999705e+00,3.295564765079669889e-01
1.602570799999999629e+00,3.295564765866643153e-01
1.602710999999999553e+00,3.295564766653333311e-01
1.602851199999999476e+00,3.295564767439740916e-01
1.602991399999999400e+00,3.295564768225865970e-01
1.603131599999999324e+00,3.295564769011707917e-01
1.603271799999999248e+00,3.295564769797267313e-01
1.603411999999999171e+00,3.295564770582544156e-01
1.603552199999999095e+00,3.295564771367538448e-01
1.603692399999999019e+00,3.295564772152250188e-01
1.603832599999998942e+00,3.295564772936679931e-01
1.603972799999998866e+00,3.295564773720827123e-01
1.604020000000000001e+00,3.295564773984787643e-01
1.604160199999999925e+00,3.295564774768558469e-01
1.604300399999999849e+00,3.295564775552047854e-01
1.604440599999999773e+00,3.295564776335255242e-01
1.604580799999999696e+00,3.295564777118181743e-01
1.604720999999999620e+00,3.295564777900826803e-01
1.604861199999999544e+00,3.295564778683190976e-01
1.605001399999999467e+00,3.295564779465273708e-01
1.605141599999999391e+00,3.295564780247075554e-01
1.605281799999999315e+00,3.295564781028596513e-01
1.605421999999999239e+00,3.295564781809836585e-01
1.605562199999999162e+00,3.295564782590795772e-01
1.605702399999999086e+00,3.295564783371474071e-01
1.605842599999999010e+00,3.295564784151872040e-01
1.605982799999998933e+00,3.295564784931989677e-01
1.606030000000000069e+00,3.295564785194594060e-01
1.606169200000000075e+00,3.295564785968770338e-01
1.606308400000000081e+00,3.295564786742664065e-01
1.606447600000000087e+00,3.295564787516275240e-01
1.606586800000000093e+00,3.295564788289603309e-01
1.606726000000000099e+00,3.295564789062648825e-01
1.606865200000000105e+00,3.295564789835412345e-01
1.607004400000000111e+00,3.295564790607893313e-01
1.607143600000000117e+00,3.295564791380092284e-01
1.607282800000000123e+00,3.295564792152008704e-01
1.607422000000000128e+00,3.295564792923643127e-01
1.607561200000000134e+00,3.295564793694995553e-01
1.607700400000000140e+00,3.295564794466065983e-01
1.607839600000000146e+00,3.295564795236854416e-01
1.607978800000000152e+00,3.295564796007361408e-01
1.607990000000000030e+00,3.295564796069354596e-01
1.608130199999999954e+00,3.295564796845095734e-01
1.608270399999999878e+00,3.295564797620558761e-01
1.608410599999999802e+00,3.295564798395743678e-01
1.608550799999999725e+00,3.295564799170651038e-01
1.608690999999999649e+00,3.295564799945280843e-01
1.608831199999999573e+00,3.295564800719632537e-01
1.608971399999999496e+00,3.295564801493707230e-01
1.609111599999999420e+00,3.295564802267504367e-01
1.609251799999999344e+00,3.295564803041023949e-01
1.609391999999999268e+00,3.295564803814265975e-01
1.609532199999999191e+00,3.295564804587231000e-01
1.609672399999999115e+00,3.295564805359919025e-01
1.609812599999999039e+00,3.295564806132330049e-01
1.609952799999998962e+00,3.295564806904464072e-01
1.610000000000000098e+00,3.295564807164380605e-01
1.610140400000000138e+00,3.295564807937246821e-01
1.610280800000000179e+00,3.295564808709837701e-01
1.610421200000000219e+00,3.295564809482152135e-01
1.610561600000000260e+00,3.295564810254191790e-01
1.610702000000000300e+00,3.295564811025955554e-01
1.610842400000000341e+00,3.295564811797443983e-01
1.610982800000000381e+00,3.295564812568657076e-01
1.611123200000000422e+00,3.295564813339594834e-01
1.611263600000000462e+00,3.295564814110257812e-01
1.611404000000000503e+00,3.295564814880645454e-01
1.611544400000000543e+00,3.295564815650758317e-01
1.611684800000000584e+00,3.295564816420596399e-01
1.611825200000000624e+00,3.295564817190159701e-01
1.611965600000000665e+00,3.295564817959448223e-01
1.612020000000000008e+00,3.295564818257478712e-01
1.612160199999999932e+00,3.295564819025290637e-01
1.612300399999999856e+00,3.295564819792827782e-01
1.612440599999999780e+00,3.295564820560090702e-01
1.612580799999999703e+00,3.295564821327078842e-01
1.612720999999999627e+00,3.295564822093792756e-01
1.612861199999999551e+00,3.295564822860232446e-01
1.613001399999999474e+00,3.295564823626397910e-01
1.613141599999999398e+00,3.295564824392289149e-01
1.613281799999999322e+00,3.295564825157906719e-01
1.613421999999999246e+00,3.295564825923250063e-01
1.613562199999999169e+00,3.295564826688319737e-01
1.613702399999999093e+00,3.295564827453115186e-01
1.613842599999999017e+00,3.295564828217637521e-01
1.613982799999998941e+00,3.295564828981886185e-01
1.614030000000000076e+00,3.295564829239148730e-01
1.614170199999999999e+00,3.295564830003032131e-01
1.614310399999999923e+00,3.295564830766642972e-01
1.614450599999999847e+00,3.295564831529980698e-01
1.614590799999999771e+00,3.295564832293045865e-01
1.614730999999999694e+00,3.295564833055838472e-01
1.614871199999999618e+00,3.295564833818358519e-01
1.615011399999999542e+00,3.295564834580606006e-01
1.615151599999999465e+00,3.295564835342580934e-01
1.615291799999999389e+00,3.295564836104283857e-01
1.615431999999999313e+00,3.295564836865714775e-01
1.615572199999999237e+00,3.295564837626873134e-01
1.615712399999999160e+00,3.295564838387759488e-01
1.615852599999999084e+00,3.295564839148373837e-01
1.615992799999999008e+00,3.295564839908716737e-01
1.616039999999999921e+00,3.295564840164664222e-01
1.616179199999999927e+00,3.295564840919218419e-01
1.616318399999999933e+00,3.295564841673498391e-01
1.616457599999999939e+00,3.295564842427504693e-01
1.616596799999999945e+00,3.295564843181236769e-01
1.616735999999999951e+00,3.295564843934695176e-01
1.616875199999999957e+00,3.295564844687879913e-01
1.617014399999999963e+00,3.295564845440790980e-01
1.617153599999999969e+00,3.295564846193428377e-01
1.617292799999999975e+00,3.295564846945792103e-01
1.617431999999999981e+00,3.295564847697882715e-01
1.617571199999999987e+00,3.295564848449699658e-01
1.617710399999999993e+00,3.295564849201243485e-01
1.617849599999999999e+00,3.295564849952514197e-01
1.617988800000000005e+00,3.295564850703511794e-01
1.618000000000000105e+00,3.295564850763935127e-01
1.618140200000000029e+00,3.295564851520035865e-01
1.618280399999999952e+00,3.295564852275867374e-01
1.618420599999999876e+00,3.295564853031429098e-01
1.618560799999999800e+00,3.295564853786721593e-01
1.618700999999999723e+00,3.295564854541744859e-01
1.618841199999999647e+00,3.295564855296498896e-01
1.618981399999999571e+00,3.295564856050983704e-01
1.619121599999999495e+00,3.295564856805199838e-01
1.619261799999999418e+00,3.295564857559146743e-01
1.619401999999999342e+00,3.295564858312824974e-01
1.619542199999999266e+00,3.295564859066234531e-01
1.619682399999999189e+00,3.295564859819375414e-01
1.619822599999999113e+00,3.295564860572247623e-01
1.619962799999999037e+00,3.295564861324851158e-01
1.620009999999999950e+00,3.295564861578194060e-01
1.620150399999999991e+00,3.295564862331513134e-01
1.620290800000000031e+00,3.295564863084565199e-01
1.620431200000000072e+00,3.295564863837349701e-01
1.620571600000000112e+00,3.295564864589867193e-01
1.620712000000000153e+00,3.295564865342117677e-01
1.620852400000000193e+00,3.295564866094101153e-01
1.620992800000000233e+00,3.295564866845818175e-01
1.621133200000000274e+00,3.295564867597268188e-01
1.621273600000000314e+00,3.295564868348451748e-01
1.621414000000000355e+00,3.295564869099368854e-01
1.621554400000000395e+00,3.295564869850019507e-01
1.621694800000000436e+00,3.295564870600403706e-01
1.621835200000000476e+00,3.295564871350521452e-01
1.621975600000000517e+00,3.295564872100373299e-01
1.622030000000000083e+00,3.295564872390874256e-01
1.622170200000000007e+00,3.295564873139288364e-01
1.622310399999999930e+00,3.295564873887436019e-01
1.622450599999999854e+00,3.295564874635317776e-01
1.622590799999999778e+00,3.295564875382933634e-01
1.622730999999999701e+00,3.295564876130283039e-01
1.622871199999999625e+00,3.295564876877367100e-01
1.623011399999999549e+00,3.295564877624185263e-01
1.623151599999999473e+00,3.295564878370737527e-01
1.623291799999999396e+00,3.295564879117023893e-01
1.623431999999999320e+00,3.295564879863044916e-01
1.623572199999999244e+00,3.295564880608800595e-01
1.623712399999999167e+00,3.295564881354290931e-01
1.623852599999999091e+00,3.295564882099515924e-01
1.623992799999999015e+00,3.295564882844475574e-01
1.624039999999999928e+00,3.295564883095245534e-01
1.624179000000000039e+00,3.295564883833472236e-01
1.624318000000000151e+00,3.295564884571430819e-01
1.624457000000000262e+00,3.295564885309121839e-01
1.624596000000000373e+00,3.295564886046544739e-01
1.624735000000000484e+00,3.295564886783700076e-01
1.624874000000000596e+00,3.295564887520587294e-01
1.625013000000000707e+00,3.295564888257206948e-01
1.625152000000000818e+00,3.295564888993559038e-01
1.625291000000000929e+00,3.295564889729643565e-01
1.625430000000001041e+00,3.295564890465461083e-01
1.625569000000001152e+00,3.295564891201011593e-01
1.625708000000001263e+00,3.295564891936294538e-01
1.625847000000001374e+00,3.295564892671310475e-01
1.625986000000001486e+00,3.295564893406059404e-01
1.625990000000000046e+00,3.295564893427203046e-01
1.626130400000000087e+00,3.295564894169082382e-01
1.626270800000000127e+00,3.295564894910699150e-01
1.626411200000000168e+00,3.295564895652053905e-01
1.626551600000000208e+00,3.295564896393146648e-01
1.626692000000000249e+00,3.295564897133977378e-01
1.626832400000000289e+00,3.295564897874545540e-01
1.626972800000000330e+00,3.295564898614852245e-01
1.627113200000000370e+00,3.295564899354896937e-01
1.627253600000000411e+00,3.295564900094679617e-01
1.627394000000000451e+00,3.295564900834200839e-01
1.627534400000000492e+00,3.295564901573460603e-01
1.627674800000000532e+00,3.295564902312458910e-01
1.627815200000000573e+00,3.295564903051195760e-01
1.627955600000000613e+00,3.295564903789671152e-01
1.628009999999999957e+00,3.295564904075765078e-01
1.628150199999999881e+00,3.295564904812826046e-01
1.628290399999999805e+00,3.295564905549625556e-01
1.628430599999999728e+00,3.295564906286164164e-01
1.628570799999999652e+00,3.295564907022441314e-01
1.628710999999999576e+00,3.295564907758457562e-01
1.628851199999999499e+00,3.295564908494212908e-01
1.628991399999999423e+00,3.295564909229707351e-01
1.629131599999999347e+00,3.295564909964940892e-01
1.629271799999999271e+00,3.295564910699913530e-01
1.629411999999999194e+00,3.295564911434625821e-01
1.629552199999999118e+00,3.295564912169077210e-01
1.629692399999999042e+00,3.295564912903268251e-01
1.629832599999998966e+00,3.295564913637198945e-01
1.629972799999998889e+00,3.295564914370868737e-01
1.630020000000000024e+00,3.295564914617838403e-01
1.630160400000000065e+00,3.295564915352208191e-01
1.630300800000000105e+00,3.295564916086318741e-01
1.630441200000000146e+00,3.295564916820170054e-01
1.630581600000000186e+00,3.295564917553762685e-01
1.630722000000000227e+00,3.295564918287096079e-01
1.630862400000000267e+00,3.295564919020170791e-01
1.631002800000000308e+00,3.295564919752986821e-01
1.631143200000000348e+00,3.295564920485544169e-01
1.631283600000000389e+00,3.295564921217842835e-01
1.631424000000000429e+00,3.295564921949883375e-01
1.631564400000000470e+00,3.295564922681665232e-01
1.631704800000000510e+00,3.295564923413188962e-01
1.631845200000000551e+00,3.295564924144454566e-01
1.631985600000000591e+00,3.295564924875461488e-01
1.632039999999999935e+00,3.295564925158662173e-01
1.632179000000000046e+00,3.295564925882019658e-01
1.632318000000000158e+00,3.295564926605115685e-01
1.632457000000000269e+00,3.295564927327950255e-01
1.632596000000000380e+00,3.295564928050523368e-01
1.632735000000000491e+00,3.295564928772835578e-01
1.632874000000000603e+00,3.295564929494886330e-01
1.633013000000000714e+00,3.295564930216676180e-01
1.633152000000000825e+00,3.295564930938205128e-01
1.633291000000000937e+00,3.295564931659473173e-01
1.633430000000001048e+00,3.295564932380480316e-01
1.633569000000001159e+00,3.295564933101226557e-01
1.633708000000001270e+00,3.295564933821712450e-01
1.633847000000001382e+00,3.295564934541937441e-01
1.633986000000001493e+00,3.295564935261902084e-01
1.633990000000000054e+00,3.295564935282620511e-01
1.634130199999999977e+00,3.295564936008536505e-01
1.634270399999999901e+00,3.295564936734196038e-01
1.634410599999999825e+00,3.295564937459599109e-01
1.634550799999999748e+00,3.295564938184745718e-01
1.634690999999999672e+00,3.295564938909636421e-01
1.634831199999999596e+00,3.295564939634270663e-01
1.634971399999999520e+00,3.295564940358648998e-01
1.635111599999999443e+00,3.295564941082771426e-01
1.635251799999999367e+00,3.295564941806637949e-01
1.635391999999999291e+00,3.295564942530248564e-01
1.635532199999999214e+00,3.295564943253603274e-01
1.635672399999999138e+00,3.295564943976702077e-01
1.635812599999999062e+00,3.295564944699545529e-01
1.635952799999998986e+00,3.295564945422133629e-01
1.635999999999999899e+00,3.295564945665372392e-01
1.636140399999999939e+00,3.295564946388650496e-01
1.636280799999999980e+00,3.295564947111674359e-01
1.636421200000000020e+00,3.295564947834443426e-01
1.636561600000000061e+00,3.295564948556958251e-01
1.636702000000000101e+00,3.295564949279219391e-01
1.636842400000000142e+00,3.295564950001226290e-01
1.636982800000000182e+00,3.295564950722978947e-01
1.637123200000000223e+00,3.295564951444477919e-01
1.637263600000000263e+00,3.295564952165723205e-01
1.637404000000000304e+00,3.295564952886714249e-01
1.637544400000000344e+00,3.295564953607452163e-01
1.637684800000000385e+00,3.295564954327936391e-01
1.637825200000000425e+00,3.295564955048166933e-01
1.637965600000000466e+00,3.295564955768143789e-01
1.638020000000000032e+00,3.295564956047071226e-01
1.638160199999999955e+00,3.295564956765670850e-01
1.638300399999999879e+00,3.295564957484017343e-01
1.638440599999999803e+00,3.295564958202110706e-01
1.638580799999999726e+00,3.295564958919950937e-01
1.638720999999999650e+00,3.295564959637537483e-01
1.638861199999999574e+00,3.295564960354871453e-01
1.639001399999999498e+00,3.295564961071952292e-01
1.639141599999999421e+00,3.295564961788780556e-01
1.639281799999999345e+00,3.295564962505355688e-01
1.639421999999999269e+00,3.295564963221678245e-01
1.639562199999999192e+00,3.295564963937748226e-01
1.639702399999999116e+00,3.295564964653565632e-01
1.639842599999999040e+00,3.295564965369130461e-01
1.639982799999998964e+00,3.295564966084442715e-01
1.640030000000000099e+00,3.295564966325232326e-01
1.640170400000000139e+00,3.295564967041228477e-01
1.640310800000000180e+00,3.295564967756973163e-01
1.640451200000000220e+00,3.295564968472466938e-01
1.640591600000000261e+00,3.295564969187709248e-01
1.640732000000000301e+00,3.295564969902700647e-01
1.640872400000000342e+00,3.295564970617441136e-01
1.641012800000000382e+00,3.295564971331930715e-01
1.641153200000000423e+00,3.295564972046169383e-01
1.641293600000000463e+00,3.295564972760157141e-01
1.641434000000000504e+00,3.295564973473894543e-01
1.641574400000000544e+00,3.295564974187381035e-01
1.641714800000000585e+00,3.295564974900617172e-01
1.641855200000000625e+00,3.295564975613602399e-01
1.641995600000000666e+00,3.295564976326337825e-01
1.642050000000000010e+00,3.295564976602459728e-01
1.642188999999999899e+00,3.295564977307738341e-01
1.642327999999999788e+00,3.295564978012763269e-01
1.642466999999999677e+00,3.295564978717534510e-01
1.642605999999999566e+00,3.295564979422052621e-01
1.642744999999999456e+00,3.295564980126317045e-01
1.642883999999999345e+00,3.295564980830328339e-01
1.643022999999999234e+00,3.295564981534086502e-01
1.643161999999999123e+00,3.295564982237591534e-01
1.643300999999999013e+00,3.295564982940843435e-01
1.643439999999998902e+00,3.295564983643842760e-01
1.643578999999998791e+00,3.295564984346588955e-01
1.643717999999998680e+00,3.295564985049082574e-01
1.643856999999998569e+00,3.295564985751323062e-01
1.643995999999998459e+00,3.295564986453310974e-01
1.643999999999999906e+00,3.295564986473512037e-01
1.644140199999999830e+00,3.295564987181304195e-01
1.644280399999999753e+00,3.295564987888847663e-01
1.644420599999999677e+00,3.295564988596142442e-01
1.644560799999999601e+00,3.295564989303188530e-01
1.644700999999999524e+00,3.295564990009985928e-01
1.644841199999999448e+00,3.295564990716535192e-01
1.644981399999999372e+00,3.295564991422836321e-01
1.645121599999999296e+00,3.295564992128889314e-01
1.645261799999999219e+00,3.295564992834693618e-01
1.645401999999999143e+00,3.295564993540249787e-01
1.645542199999999067e+00,3.295564994245557822e-01
1.645682399999998990e+00,3.295564994950618276e-01
1.645822599999998914e+00,3.295564995655430596e-01
1.645962799999998838e+00,3.295564996359995336e-01
1.646009999999999973e+00,3.295564996597167839e-01
1.646150400000000014e+00,3.295564997302407040e-01
1.646290800000000054e+00,3.295564998007399771e-01
1.646431200000000095e+00,3.295564998712146032e-01
1.646571600000000135e+00,3.295564999416645269e-01
1.646712000000000176e+00,3.295565000120898036e-01
1.646852400000000216e+00,3.295565000824904334e-01
1.646992800000000257e+00,3.295565001528664717e-01
1.647133200000000297e+00,3.295565002232178631e-01
1.647273600000000338e+00,3.295565002935446630e-01
1.647414000000000378e+00,3.295565003638468160e-01
1.647554400000000419e+00,3.295565004341243776e-01
1.647694800000000459e+00,3.295565005043773477e-01
1.647835200000000500e+00,3.295565005746057263e-01
1.647975600000000540e+00,3.295565006448095136e-01
1.648030000000000106e+00,3.295565006720073131e-01
1.648170200000000030e+00,3.295565007420770409e-01
1.648310399999999953e+00,3.295565008121221773e-01
1.648450599999999877e+00,3.295565008821427222e-01
1.648590799999999801e+00,3.295565009521387312e-01
1.648730999999999725e+00,3.295565010221102042e-01
1.648871199999999648e+00,3.295565010920571414e-01
1.649011399999999572e+00,3.295565011619795426e-01
1.649151599999999496e+00,3.295565012318774079e-01
1.649291799999999419e+00,3.295565013017507372e-01
1.649431999999999343e+00,3.295565013715995306e-01
1.649572199999999267e+00,3.295565014414238436e-01
1.649712399999999191e+00,3.295565015112236207e-01
1.649852599999999114e+00,3.295565015809989173e-01
1.649992799999999038e+00,3.295565016507497336e-01
1.650039999999999951e+00,3.295565016742293962e-01
1.650179000000000062e+00,3.295565017433502719e-01
1.650318000000000174e+00,3.295565018124464451e-01
1.650457000000000285e+00,3.295565018815178604e-01
1.650596000000000396e+00,3.295565019505645177e-01
1.650735000000000507e+00,3.295565020195864725e-01
1.650874000000000619e+00,3.295565020885837249e-01
1.651013000000000730e+00,3.295565021575562747e-01
1.651152000000000841e+00,3.295565022265041222e-01
1.651291000000000952e+00,3.295565022954272671e-01
1.651430000000001064e+00,3.295565023643257097e-01
1.651569000000001175e+00,3.295565024331995052e-01
1.651708000000001286e+00,3.295565025020486538e-01
1.651847000000001398e+00,3.295565025708731000e-01
1.651986000000001509e+00,3.295565026396728991e-01
1.651990000000000069e+00,3.295565026416527599e-01
1.652130400000000110e+00,3.295565027111205803e-01
1.652270800000000150e+00,3.295565027805641423e-01
1.652411200000000191e+00,3.295565028499835014e-01
1.652551600000000231e+00,3.295565029193786577e-01
1.652692000000000272e+00,3.295565029887496111e-01
1.652832400000000312e+00,3.295565030580963617e-01
1.652972800000000353e+00,3.295565031274189649e-01
1.653113200000000393e+00,3.295565031967173653e-01
1.653253600000000434e+00,3.295565032659916183e-01
1.653394000000000474e+00,3.295565033352416684e-01
1.653534400000000515e+00,3.295565034044675712e-01
1.653674800000000555e+00,3.295565034736693266e-01
1.653815200000000596e+00,3.295565035428469347e-01
1.653955600000000636e+00,3.295565036120004510e-01
1.654009999999999980e+00,3.295565036387913538e-01
1.654150199999999904e+00,3.295565037078128645e-01
1.654290399999999828e+00,3.295565037768102279e-01
1.654430599999999751e+00,3.295565038457834994e-01
1.654570799999999675e+00,3.295565039147326791e-01
1.654710999999999599e+00,3.295565039836577115e-01
1.654851199999999523e+00,3.295565040525586520e-01
1.654991399999999446e+00,3.295565041214355007e-01
1.655131599999999370e+00,3.295565041902883130e-01
1.655271799999999294e+00,3.295565042591170335e-01
1.655411999999999217e+00,3.295565043279216622e-01
1.655552199999999141e+00,3.295565043967022545e-01
1.655692399999999065e+00,3.295565044654587550e-01
1.655832599999998989e+00,3.295565045341912191e-01
1.655972799999998912e+00,3.295565046028996470e-01
1.656020000000000048e+00,3.295565046260284237e-01
1.656160400000000088e+00,3.295565046948028542e-01
1.656300800000000129e+00,3.295565047635533040e-01
1.656441200000000169e+00,3.295565048322798840e-01
1.656581600000000210e+00,3.295565049009825387e-01
1.656722000000000250e+00,3.295565049696612681e-01
1.656862400000000290e+00,3.295565050383160721e-01
1.657002800000000331e+00,3.295565051069470064e-01
1.657143200000000371e+00,3.295565051755540709e-01
1.657283600000000412e+00,3.295565052441372655e-01
1.657424000000000452e+00,3.295565053126965349e-01
1.657564400000000493e+00,3.295565053812319900e-01
1.657704800000000533e+00,3.295565054497435753e-01
1.657845200000000574e+00,3.295565055182312908e-01
1.657985600000000614e+00,3.295565055866951920e-01
1.658039999999999958e+00,3.295565056132189197e-01
1.658179000000000070e+00,3.295565056809668381e-01
1.658318000000000181e+00,3.295565057486906091e-01
1.658457000000000292e+00,3.295565058163901773e-01
1.658596000000000403e+00,3.295565058840656536e-01
1.658735000000000515e+00,3.295565059517169826e-01
1.658874000000000626e+00,3.295565060193442197e-01
1.659013000000000737e+00,3.295565060869473095e-01
1.659152000000000848e+00,3.295565061545263075e-01
1.659291000000000960e+00,3.295565062220812136e-01
1.659430000000001071e+00,3.295565062896119723e-01
1.659569000000001182e+00,3.295565063571186948e-01
1.659708000000001293e+00,3.295565064246013254e-01
1.659847000000001405e+00,3.295565064920598641e-01
1.659986000000001516e+00,3.295565065594943666e-01
1.659990000000000077e+00,3.295565065614349254e-01
1.660130200000000000e+00,3.295565066294271483e-01
1.660270399999999924e+00,3.295565066973957236e-01
1.660410599999999848e+00,3.295565067653405955e-01
1.660550799999999771e+00,3.295565068332618197e-01
1.660690999999999695e+00,3.295565069011593407e-01
1.660831199999999619e+00,3.295565069690332138e-01
1.660971399999999543e+00,3.295565070368834393e-01
1.661111599999999466e+00,3.295565071047100170e-01
1.661251799999999390e+00,3.295565071725129469e-01
1.661391999999999314e+00,3.295565072402922846e-01
1.661532199999999238e+00,3.295565073080479745e-01
1.661672399999999161e+00,3.295565073757800723e-01
1.661812599999999085e+00,3.295565074434885222e-01
1.661952799999999009e+00,3.295565075111733799e-01
1.661999999999999922e+00,3.295565075339576544e-01
1.662140399999999962e+00,3.295565076017076267e-01
1.662280800000000003e+00,3.295565076694340623e-01
1.662421200000000043e+00,3.295565077371370166e-01
1.662561600000000084e+00,3.295565078048164898e-01
1.662702000000000124e+00,3.295565078724724817e-01
1.662842400000000165e+00,3.295565079401049924e-01
1.662982800000000205e+00,3.295565080077140774e-01
1.663123200000000246e+00,3.295565080752996812e-01
1.663263600000000286e+00,3.295565081428618037e-01
1.663404000000000327e+00,3.295565082104005006e-01
1.663544400000000367e+00,3.295565082779157717e-01
1.663684800000000408e+00,3.295565083454076172e-01
1.663825200000000448e+00,3.295565084128760369e-01
1.663965600000000489e+00,3.295565084803210310e-01
1.664020000000000055e+00,3.295565085064500743e-01
1.664160199999999978e+00,3.295565085737665045e-01
1.664300399999999902e+00,3.295565086410595645e-01
1.664440599999999826e+00,3.295565087083291989e-01
1.664580799999999750e+00,3.295565087755754630e-01
1.664720999999999673e+00,3.295565088427983569e-01
1.664861199999999597e+00,3.295565089099978251e-01
1.665001399999999521e+00,3.295565089771739231e-01
1.665141599999999444e+00,3.295565090443267064e-01
1.665281799999999368e+00,3.295565091114561196e-01
1.665421999999999292e+00,3.295565091785621625e-01
1.665562199999999216e+00,3.295565092456448353e-01
1.665702399999999139e+00,3.295565093127041933e-01
1.665842599999999063e+00,3.295565093797402367e-01
1.665982799999998987e+00,3.295565094467529654e-01
1.666029999999999900e+00,3.295565094693109764e-01
1.666170399999999940e+00,3.295565095363882091e-01
1.666310799999999981e+00,3.295565096034422381e-01
1.666451200000000021e+00,3.295565096704730634e-01
1.666591600000000062e+00,3.295565097374806851e-01
1.666732000000000102e+00,3.295565098044651031e-01
1.666872400000000143e+00,3.295565098714263175e-01
1.667012800000000183e+00,3.295565099383643282e-01
1.667153200000000224e+00,3.295565100052791907e-01
1.667293600000000264e+00,3.295565100721709051e-01
1.667434000000000305e+00,3.295565101390394713e-01
1.667574400000000345e+00,3.295565102058848339e-01
1.667714800000000386e+00,3.295565102727071038e-01
1.667855200000000426e+00,3.295565103395061701e-01
1.667995600000000467e+00,3.295565104062821438e-01
1.668050000000000033e+00,3.295565104321520056e-01
1.668188999999999922e+00,3.295565104982298155e-01
1.668327999999999811e+00,3.295565105642841996e-01
1.668466999999999700e+00,3.295565106303151581e-01
1.668605999999999590e+00,3.295565106963226909e-01
1.668744999999999479e+00,3.295565107623067980e-01
1.668883999999999368e+00,3.295565108282675348e-01
1.669022999999999257e+00,3.295565108942049015e-01
1.669161999999999146e+00,3.295565109601188425e-01
1.669300999999999036e+00,3.295565110260094133e-01
1.669439999999998925e+00,3.295565110918766139e-01
1.669578999999998814e+00,3.295565111577204997e-01
1.669717999999998703e+00,3.295565112235410155e-01
1.669856999999998592e+00,3.295565112893381610e-01
1.669995999999998482e+00,3.295565113551119918e-01
1.669999999999999929e+00,3.295565113570047555e-01
1.670140199999999853e+00,3.295565114233227066e-01
1.670280399999999776e+00,3.295565114896176762e-01
1.670420599999999700e+00,3.295565115558896641e-01
1.670560799999999624e+00,3.295565116221386703e-01
1.670700999999999548e+00,3.295565116883646950e-01
1.670841199999999471e+00,3.295565117545677936e-01
1.670981399999999395e+00,3.295565118207479105e-01
1.671121599999999319e+00,3.295565118869051013e-01
1.671261799999999242e+00,3.295565119530393661e-01
1.671401999999999166e+00,3.295565120191507047e-01
1.671542199999999090e+00,3.295565120852391172e-01
1.671682399999999014e+00,3.295565121513046036e-01
1.671822599999998937e+00,3.295565122173471639e-01
1.671962799999998861e+00,3.295565122833667981e-01
1.672009999999999996e+00,3.295565123055905210e-01
1.672150400000000037e+00,3.295565123716738265e-01
1.672290800000000077e+00,3.295565124377343169e-01
1.672431200000000118e+00,3.295565125037720478e-01
1.672571600000000158e+00,3.295565125697869635e-01
1.672712000000000199e+00,3.295565126357791197e-01
1.672852400000000239e+00,3.295565127017485163e-01
1.672992800000000280e+00,3.295565127676951533e-01
1.673133200000000320e+00,3.295565128336189753e-01
1.673273600000000361e+00,3.295565128995200932e-01
1.673414000000000401e+00,3.295565129653984515e-01
1.673554400000000442e+00,3.295565130312540503e-01
1.673694800000000482e+00,3.295565130970869450e-01
1.673835200000000523e+00,3.295565131628970801e-01
1.673975600000000563e+00,3.295565132286845111e-01
1.674029999999999907e+00,3.295565132541714015e-01
1.674170199999999831e+00,3.295565133198335994e-01
1.674310399999999754e+00,3.295565133854730933e-01
1.674450599999999678e+00,3.295565134510898830e-01
1.674590799999999602e+00,3.295565135166839688e-01
1.674730999999999526e+00,3.295565135822554059e-01
1.674871199999999449e+00,3.295565136478041390e-01
1.675011399999999373e+00,3.295565137133302236e-01
1.675151599999999297e+00,3.295565137788336041e-01
1.675291799999999220e+00,3.295565138443143360e-01
1.675431999999999144e+00,3.295565139097724194e-01
1.675572199999999068e+00,3.295565139752078543e-01
1.675712399999998992e+00,3.295565140406206406e-01
1.675852599999998915e+00,3.295565141060107783e-01
1.675992799999998839e+00,3.295565141713783230e-01
1.676039999999999974e+00,3.295565141933825548e-01
1.676179199999999980e+00,3.295565142582534413e-01
1.676318399999999986e+00,3.295565143231015126e-01
1.676457599999999992e+00,3.295565143879267689e-01
1.676596799999999998e+00,3.295565144527292101e-01
1.676736000000000004e+00,3.295565145175088362e-01
1.676875200000000010e+00,3.295565145822657027e-01
1.677014400000000016e+00,3.295565146469997542e-01
1.677153600000000022e+00,3.295565147117110461e-01
1.677292800000000028e+00,3.295565147763995228e-01
1.677432000000000034e+00,3.295565148410652401e-01
1.677571200000000040e+00,3.295565149057082532e-01
1.677710400000000046e+00,3.295565149703284513e-01
1.677849600000000052e+00,3.295565150349259453e-01
1.677988800000000058e+00,3.295565150995006798e-01
1.677999999999999936e+00,3.295565151046962460e-01
1.678140199999999860e+00,3.295565151697105732e-01
1.678280399999999783e+00,3.295565152347024740e-01
1.678420599999999707e+00,3.295565152996719482e-01
1.678560799999999631e+00,3.295565153646189960e-01
1.678700999999999555e+00,3.295565154295436172e-01
1.678841199999999478e+00,3.295565154944458119e-01
1.678981399999999402e+00,3.295565155593256357e-01
1.679121599999999326e+00,3.295565156241830329e-01
1.679261799999999250e+00,3.295565156890180591e-01
1.679401999999999173e+00,3.295565157538306589e-01
1.679542199999999097e+00,3.295565158186208876e-01
1.679682399999999021e+00,3.295565158833888009e-01
1.679822599999998944e+00,3.295565159481343431e-01
1.679962799999998868e+00,3.295565160128575144e-01
1.680010000000000003e+00,3.295565160346448086e-01
1.680150199999999927e+00,3.295565160993381704e-01
1.680290399999999851e+00,3.295565161640091612e-01
1.680430599999999774e+00,3.295565162286578920e-01
1.680570799999999698e+00,3.295565162932843073e-01
1.680710999999999622e+00,3.295565163578884627e-01
1.680851199999999546e+00,3.295565164224703025e-01
1.680991399999999469e+00,3.295565164870299379e-01
1.681131599999999393e+00,3.295565165515672579e-01
1.681271799999999317e+00,3.295565166160823178e-01
1.681411999999999241e+00,3.295565166805751178e-01
1.681552199999999164e+00,3.295565167450457134e-01
1.681692399999999088e+00,3.295565168094940489e-01
1.681832599999999012e+00,3.295565168739201800e-01
1.681972799999998935e+00,3.295565169383241066e-01
1.682020000000000071e+00,3.295565169600039312e-01
1.682160400000000111e+00,3.295565170244700859e-01
1.682300800000000152e+00,3.295565170889140916e-01
1.682441200000000192e+00,3.295565171533360038e-01
1.682581600000000233e+00,3.295565172177358226e-01
1.682722000000000273e+00,3.295565172821135480e-01
1.682862400000000314e+00,3.295565173464691244e-01
1.683002800000000354e+00,3.295565174108026074e-01
1.683143200000000395e+00,3.295565174751140525e-01
1.683283600000000435e+00,3.295565175394034041e-01
1.683424000000000476e+00,3.295565176036706623e-01
1.683564400000000516e+00,3.295565176679158825e-01
1.683704800000000557e+00,3.295565177321390093e-01
1.683845200000000597e+00,3.295565177963400982e-01
1.683985600000000638e+00,3.295565178605191492e-01
1.684039999999999981e+00,3.295565178853829269e-01
1.684179000000000093e+00,3.295565179488911811e-01
1.684318000000000204e+00,3.295565180123771754e-01
1.684457000000000315e+00,3.295565180758407986e-01
1.684596000000000426e+00,3.295565181392821064e-01
1.684735000000000538e+00,3.295565182027010986e-01
1.684874000000000649e+00,3.295565182660978309e-01
1.685013000000000760e+00,3.295565183294722478e-01
1.685152000000000871e+00,3.295565183928243491e-01
1.685291000000000983e+00,3.295565184561541905e-01
1.685430000000001094e+00,3.295565185194617719e-01
1.685569000000001205e+00,3.295565185827470378e-01
1.685708000000001316e+00,3.295565186460100993e-01
1.685847000000001428e+00,3.295565187092509007e-01
1.685986000000001539e+00,3.295565187724694423e-01
1.685990000000000100e+00,3.295565187742886537e-01
1.686130400000000140e+00,3.295565188381214261e-01
1.686270800000000181e+00,3.295565189019323271e-01
1.686411200000000221e+00,3.295565189657213567e-01
1.686551600000000262e+00,3.295565190294885705e-01
1.686692000000000302e+00,3.295565190932339128e-01
1.686832400000000343e+00,3.295565191569574393e-01
1.686972800000000383e+00,3.295565192206591498e-01
1.687113200000000424e+00,3.295565192843390445e-01
1.687253600000000464e+00,3.295565193479971233e-01
1.687394000000000505e+00,3.295565194116333863e-01
1.687534400000000545e+00,3.295565194752478888e-01
1.687674800000000586e+00,3.295565195388405755e-01
1.687815200000000626e+00,3.295565196024115018e-01
1.687955600000000667e+00,3.295565196659606122e-01
1.688010000000000010e+00,3.295565196905803629e-01
1.688150199999999934e+00,3.295565197540087365e-01
1.688290399999999858e+00,3.295565198174152943e-01
1.688430599999999782e+00,3.295565198808000917e-01
1.688570799999999705e+00,3.295565199441631288e-01
1.688710999999999629e+00,3.295565200075044054e-01
1.688851199999999553e+00,3.295565200708239217e-01
1.688991399999999476e+00,3.295565201341216777e-01
1.689131599999999400e+00,3.295565201973977287e-01
1.689271799999999324e+00,3.295565202606520194e-01
1.689411999999999248e+00,3.295565203238846053e-01
1.689552199999999171e+00,3.295565203870954307e-01
1.689692399999999095e+00,3.295565204502845513e-01
1.689832599999999019e+00,3.295565205134519671e-01
1.689972799999998943e+00,3.295565205765976780e-01
1.690020000000000078e+00,3.295565205978540080e-01
1.690160200000000001e+00,3.295565206609707420e-01
1.690300399999999925e+00,3.295565207240658268e-01
1.690440599999999849e+00,3.295565207871393176e-01
1.690580799999999773e+00,3.295565208501911592e-01
1.690720999999999696e+00,3.295565209132213513e-01
1.690861199999999620e+00,3.295565209762299497e-01
1.691001399999999544e+00,3.295565210392169542e-01
1.691141599999999467e+00,3.295565211021823093e-01
1.691281799999999391e+00,3.295565211651260706e-01
1.691421999999999315e+00,3.295565212280482381e-01
1.691562199999999239e+00,3.295565212909488118e-01
1.691702399999999162e+00,3.295565213538278471e-01
1.691842599999999086e+00,3.295565214166852885e-01
1.691982799999999010e+00,3.295565214795211917e-01
1.692029999999999923e+00,3.295565215006732163e-01
1.692169199999999929e+00,3.295565215630319456e-01
1.692308399999999935e+00,3.295565216253689145e-01
1.692447599999999941e+00,3.295565216876841230e-01
1.692586799999999947e+00,3.295565217499776267e-01
1.692725999999999953e+00,3.295565218122493700e-01
1.692865199999999959e+00,3.295565218744994085e-01
1.693004399999999965e+00,3.295565219367277421e-01
1.693143599999999971e+00,3.295565219989343153e-01
1.693282799999999977e+00,3.295565220611191837e-01
1.693421999999999983e+00,3.295565221232824027e-01
1.693561199999999989e+00,3.295565221854238613e-01
1.693700399999999995e+00,3.295565222475436706e-01
1.693839600000000001e+00,3.295565223096418306e-01
1.693978800000000007e+00,3.295565223717182857e-01
1.693990000000000107e+00,3.295565223767127905e-01
1.694130200000000031e+00,3.295565224392120185e-01
1.694270399999999954e+00,3.295565225016898747e-01
1.694410599999999878e+00,3.295565225641463591e-01
1.694550799999999802e+00,3.295565226265814718e-01
1.694690999999999725e+00,3.295565226889952126e-01
1.694831199999999649e+00,3.295565227513875817e-01
1.694971399999999573e+00,3.295565228137585789e-01
1.695111599999999497e+00,3.295565228761082044e-01
1.695251799999999420e+00,3.295565229384365136e-01
1.695391999999999344e+00,3.295565230007434510e-01
1.695532199999999268e+00,3.295565230630290721e-01
1.695672399999999191e+00,3.295565231252933769e-01
1.695812599999999115e+00,3.295565231875363654e-01
1.695952799999999039e+00,3.295565232497580377e-01
1.695999999999999952e+00,3.295565232707032832e-01
1.696140199999999876e+00,3.295565233328964783e-01
1.696280399999999799e+00,3.295565233950684125e-01
1.696420599999999723e+00,3.295565234572190860e-01
1.696560799999999647e+00,3.295565235193484988e-01
1.696700999999999571e+00,3.295565235814567062e-01
1.696841199999999494e+00,3.295565236435436529e-01
1.696981399999999418e+00,3.295565237056093388e-01
1.697121599999999342e+00,3.295565237676538195e-01
1.697261799999999266e+00,3.295565238296770949e-01
1.697401999999999189e+00,3.295565238916791651e-01
1.697542199999999113e+00,3.295565239536600299e-01
1.697682399999999037e+00,3.295565240156196896e-01
1.697822599999998960e+00,3.295565240775581439e-01
1.697962799999998884e+00,3.295565241394754485e-01
1.698010000000000019e+00,3.295565241603182760e-01
1.698150400000000060e+00,3.295565242222956437e-01
1.698290800000000100e+00,3.295565242842519171e-01
1.698431200000000141e+00,3.295565243461870963e-01
1.698571600000000181e+00,3.295565244081011813e-01
1.698712000000000222e+00,3.295565244699941720e-01
1.698852400000000262e+00,3.295565245318661241e-01
1.698992800000000303e+00,3.295565245937170373e-01
1.699133200000000343e+00,3.295565246555468564e-01
1.699273600000000384e+00,3.295565247173556367e-01
1.699414000000000424e+00,3.295565247791433783e-01
1.699554400000000465e+00,3.295565248409100811e-01
1.699694800000000505e+00,3.295565249026558008e-01
1.699835200000000546e+00,3.295565249643804262e-01
1.699975600000000586e+00,3.295565250260840684e-01
1.700029999999999930e+00,3.295565250499888910e-01
1.700170199999999854e+00,3.295565251115754601e-01
1.700310399999999778e+00,3.295565251731410461e-01
1.700450599999999701e+00,3.295565252346855933e-01
1.700590799999999625e+00,3.295565252962091574e-01
1.700730999999999549e+00,3.295565253577117382e-01
1.700871199999999472e+00,3.295565254191932802e-01
1.701011399999999396e+00,3.295565254806538946e-01
1.701151599999999320e+00,3.295565255420935258e-01
1.701291799999999244e+00,3.295565256035121737e-01
1.701431999999999167e+00,3.295565256649098940e-01
1.701572199999999091e+00,3.295565257262866310e-01
1.701712399999999015e+00,3.295565257876423848e-01
1.701852599999998938e+00,3.295565258489772109e-01
1.701992799999998862e+00,3.295565259102911093e-01
1.702039999999999997e+00,3.295565259309308215e-01
1.702179200000000003e+00,3.295565259917792589e-01
1.702318400000000009e+00,3.295565260526066020e-01
1.702457600000000015e+00,3.295565261134127955e-01
1.702596800000000021e+00,3.295565261741978946e-01
1.702736000000000027e+00,3.295565262349618996e-01
1.702875200000000033e+00,3.295565262957048103e-01
1.703014400000000039e+00,3.295565263564266267e-01
1.703153600000000045e+00,3.295565264171274045e-01
1.703292800000000051e+00,3.295565264778070880e-01
1.703432000000000057e+00,3.295565265384657327e-01
1.703571200000000063e+00,3.295565265991032833e-01
1.703710400000000069e+00,3.295565266597197951e-01
1.703849600000000075e+00,3.295565267203152682e-01
1.703988800000000081e+00,3.295565267808897025e-01
1.703999999999999959e+00,3.295565267857634151e-01
1.704140199999999883e+00,3.295565268467505193e-01
1.704280399999999807e+00,3.295565269077168624e-01
1.704420599999999730e+00,3.295565269686624443e-01
1.704560799999999654e+00,3.295565270295872651e-01
1.704700999999999578e+00,3.295565270904913246e-01
1.704841199999999501e+00,3.295565271513746786e-01
1.704981399999999425e+00,3.295565272122372713e-01
1.705121599999999349e+00,3.295565272730791584e-01
1.705261799999999273e+00,3.295565273339003398e-01
1.705401999999999196e+00,3.295565273947007601e-01
1.705542199999999120e+00,3.295565274554804747e-01
1.705682399999999044e+00,3.295565275162394836e-01
1.705822599999998967e+00,3.295565275769777869e-01
1.705962799999998891e+00,3.295565276376954400e-01
1.706010000000000026e+00,3.295565276581344238e-01
1.706150199999999950e+00,3.295565277188244324e-01
1.706290399999999874e+00,3.295565277794937908e-01
1.706430599999999798e+00,3.295565278401425546e-01
1.706570799999999721e+00,3.295565279007706683e-01
1.706710999999999645e+00,3.295565279613781873e-01
1.706851199999999569e+00,3.295565280219650561e-01
1.706991399999999492e+00,3.295565280825313303e-01
1.707131599999999416e+00,3.295565281430770099e-01
1.707271799999999340e+00,3.295565282036020949e-01
1.707411999999999264e+00,3.295565282641065852e-01
1.707552199999999187e+00,3.295565283245904808e-01
1.707692399999999111e+00,3.295565283850537819e-01
1.707832599999999035e+00,3.295565284454965438e-01
1.707972799999998958e+00,3.295565285059187111e-01
1.708020000000000094e+00,3.295565285262582744e-01
1.708160400000000134e+00,3.295565285867392280e-01
1.708300800000000175e+00,3.295565286471996980e-01
1.708441200000000215e+00,3.295565287076396843e-01
1.708581600000000256e+00,3.295565287680592426e-01
1.708722000000000296e+00,3.295565288284583172e-01
1.708862400000000337e+00,3.295565288888369637e-01
1.709002800000000377e+00,3.295565289491951821e-01
1.709143200000000418e+00,3.295565290095329170e-01
1.709283600000000458e+00,3.295565290698502237e-01
1.709424000000000499e+00,3.295565291301471023e-01
1.709564400000000539e+00,3.295565291904235528e-01
1.709704800000000580e+00,3.295565292506796307e-01
1.709845200000000620e+00,3.295565293109152805e-01
1.709985600000000661e+00,3.295565293711305022e-01
1.710040000000000004e+00,3.295565293944587304e-01
1.710178999999999894e+00,3.295565294540450663e-01
1.710317999999999783e+00,3.295565295136106965e-01
1.710456999999999672e+00,3.295565295731556765e-01
1.710595999999999561e+00,3.295565296326800064e-01
1.710734999999999451e+00,3.295565296921836307e-01
1.710873999999999340e+00,3.295565297516666603e-01
1.711012999999999229e+00,3.295565298111290398e-01
1.711151999999999118e+00,3.295565298705707691e-01
1.711290999999999007e+00,3.295565299299919038e-01
1.711429999999998897e+00,3.295565299893923883e-01
1.711568999999998786e+00,3.295565300487722782e-01
1.711707999999998675e+00,3.295565301081315734e-01
1.711846999999998564e+00,3.295565301674702741e-01
1.711985999999998453e+00,3.295565302267883800e-01
1.711989999999999901e+00,3.295565302284954035e-01
1.712130399999999941e+00,3.295565302883901038e-01
1.712270799999999982e+00,3.295565303482645425e-01
1.712411200000000022e+00,3.295565304081187752e-01
1.712551600000000063e+00,3.295565304679528018e-01
1.712692000000000103e+00,3.295565305277665669e-01
1.712832400000000144e+00,3.295565305875601259e-01
1.712972800000000184e+00,3.295565306473334788e-01
1.713113200000000225e+00,3.295565307070866257e-01
1.713253600000000265e+00,3.295565307668195665e-01
1.713394000000000306e+00,3.295565308265323567e-01
1.713534400000000346e+00,3.295565308862249410e-01
1.713674800000000387e+00,3.295565309458973191e-01
1.713815200000000427e+00,3.295565310055495467e-01
1.713955600000000468e+00,3.295565310651816238e-01
1.714010000000000034e+00,3.295565310882839216e-01
1.714150199999999957e+00,3.295565311478030890e-01
1.714290399999999881e+00,3.295565312073020503e-01
1.714430599999999805e+00,3.295565312667809166e-01
1.714570799999999728e+00,3.295565313262395768e-01
1.714710999999999652e+00,3.295565313856780865e-01
1.714851199999999576e+00,3.295565314450965011e-01
1.714991399999999500e+00,3.295565315044947652e-01
1.715131599999999423e+00,3.295565315638728787e-01
1.715271799999999347e+00,3.295565316232308972e-01
1.715411999999999271e+00,3.295565316825688207e-01
1.715552199999999194e+00,3.295565317418865936e-01
1.715692399999999118e+00,3.295565318011842715e-01
1.715832599999999042e+00,3.295565318604618543e-01
1.715972799999998966e+00,3.295565319197193421e-01
1.716020000000000101e+00,3.295565319396668302e-01
1.716160200000000025e+00,3.295565319988975617e-01
1.716300399999999948e+00,3.295565320581081981e-01
1.716440599999999872e+00,3.295565321172987949e-01
1.716580799999999796e+00,3.295565321764694078e-01
1.716720999999999719e+00,3.295565322356199811e-01
1.716861199999999643e+00,3.295565322947505149e-01
1.717001399999999567e+00,3.295565323538610647e-01
1.717141599999999491e+00,3.295565324129515750e-01
1.717281799999999414e+00,3.295565324720221012e-01
1.717421999999999338e+00,3.295565325310726434e-01
1.717562199999999262e+00,3.295565325901032017e-01
1.717702399999999185e+00,3.295565326491137759e-01
1.717842599999999109e+00,3.295565327081043661e-01
1.717982799999999033e+00,3.295565327670749722e-01
1.718029999999999946e+00,3.295565327869258709e-01
1.718169199999999952e+00,3.295565328454490572e-01
1.718308399999999958e+00,3.295565329039521485e-01
1.718447599999999964e+00,3.295565329624350337e-01
1.718586799999999970e+00,3.295565330208978239e-01
1.718725999999999976e+00,3.295565330793404635e-01
1.718865199999999982e+00,3.295565331377630081e-01
1.719004399999999988e+00,3.295565331961654576e-01
1.719143599999999994e+00,3.295565332545478121e-01
1.719282800000000000e+00,3.295565333129100161e-01
1.719422000000000006e+00,3.295565333712521250e-01
1.719561200000000012e+00,3.295565334295741389e-01
1.719700400000000018e+00,3.295565334878761132e-01
1.719839600000000024e+00,3.295565335461579926e-01
1.719978800000000030e+00,3.295565336044198324e-01
1.719989999999999908e+00,3.295565336091074715e-01
1.720130199999999832e+00,3.295565336677663826e-01
1.720270399999999755e+00,3.295565337264054762e-01
1.720410599999999679e+00,3.295565337850248078e-01
1.720550799999999603e+00,3.295565338436243219e-01
1.720690999999999526e+00,3.295565339022040185e-01
1.720831199999999450e+00,3.295565339607639532e-01
1.720971399999999374e+00,3.295565340193041259e-01
1.721111599999999298e+00,3.295565340778244812e-01
1.721251799999999221e+00,3.295565341363251299e-01
1.721391999999999145e+00,3.295565341948060167e-01
1.721532199999999069e+00,3.295565342532671416e-01
1.721672399999998992e+00,3.295565343117085044e-01
1.721812599999998916e+00,3.295565343701301053e-01
1.721952799999998840e+00,3.295565344285319997e-01
1.721999999999999975e+00,3.295565344481914960e-01
1.722140400000000016e+00,3.295565345066504004e-01
1.722280800000000056e+00,3.295565345650896538e-01
1.722421200000000097e+00,3.295565346235092563e-01
1.722561600000000137e+00,3.295565346819092079e-01
1.722702000000000178e+00,3.295565347402895084e-01
1.722842400000000218e+00,3.295565347986502136e-01
1.722982800000000259e+00,3.295565348569912678e-01
1.723123200000000299e+00,3.295565349153127266e-01
1.723263600000000340e+00,3.295565349736145899e-01
1.723404000000000380e+00,3.295565350318968578e-01
1.723544400000000421e+00,3.295565350901594748e-01
1.723684800000000461e+00,3.295565351484024963e-01
1.723825200000000502e+00,3.295565352066259779e-01
1.723965600000000542e+00,3.295565352648298640e-01
1.724020000000000108e+00,3.295565352873788822e-01
1.724160200000000032e+00,3.295565353454726898e-01
1.724300399999999955e+00,3.295565354035469574e-01
1.724440599999999879e+00,3.295565354616016296e-01
1.724580799999999803e+00,3.295565355196367618e-01
1.724720999999999727e+00,3.295565355776522987e-01
1.724861199999999650e+00,3.295565356356482956e-01
1.725001399999999574e+00,3.295565356936247525e-01
1.725141599999999498e+00,3.295565357515816696e-01
1.725281799999999421e+00,3.295565358095190467e-01
1.725421999999999345e+00,3.295565358674368839e-01
1.725562199999999269e+00,3.295565359253352367e-01
1.725702399999999193e+00,3.295565359832140495e-01
1.725842599999999116e+00,3.295565360410733780e-01
1.725982799999999040e+00,3.295565360989131665e-01
1.726029999999999953e+00,3.295565361183834252e-01
1.726170199999999877e+00,3.295565361761971790e-01
1.726310399999999801e+00,3.295565362339915039e-01
1.726450599999999724e+00,3.295565362917663443e-01
1.726590799999999648e+00,3.295565363495217559e-01
1.726730999999999572e+00,3.295565364072576831e-01
1.726871199999999495e+00,3.295565364649741813e-01
1.727011399999999419e+00,3.295565365226712506e-01
1.727151599999999343e+00,3.295565365803488911e-01
1.727291799999999267e+00,3.295565366380071026e-01
1.727431999999999190e+00,3.295565366956458853e-01
1.727572199999999114e+00,3.295565367532652945e-01
1.727712399999999038e+00,3.295565368108652748e-01
1.727852599999998962e+00,3.295565368684458818e-01
1.727992799999998885e+00,3.295565369260070598e-01
1.728040000000000020e+00,3.295565369453835047e-01
1.728179200000000026e+00,3.295565370025080876e-01
1.728318400000000032e+00,3.295565370596131305e-01
1.728457600000000038e+00,3.295565371166986335e-01
1.728596800000000044e+00,3.295565371737645410e-01
1.728736000000000050e+00,3.295565372308109087e-01
1.728875200000000056e+00,3.295565372878377364e-01
1.729014400000000062e+00,3.295565373448450797e-01
1.729153600000000068e+00,3.295565374018328830e-01
1.729292800000000074e+00,3.295565374588011465e-01
1.729432000000000080e+00,3.295565375157499255e-01
1.729571200000000086e+00,3.295565375726791646e-01
1.729710400000000092e+00,3.295565376295889193e-01
1.729849600000000098e+00,3.295565376864791896e-01
1.729988800000000104e+00,3.295565377433499754e-01
1.729999999999999982e+00,3.295565377479257041e-01
1.730140199999999906e+00,3.295565378051841798e-01
1.730280399999999830e+00,3.295565378624234487e-01
1.730420599999999753e+00,3.295565379196435107e-01
1.730560799999999677e+00,3.295565379768443104e-01
1.730700999999999601e+00,3.295565380340259032e-01
1.730841199999999525e+00,3.295565380911882891e-01
1.730981399999999448e+00,3.295565381483314682e-01
1.731121599999999372e+00,3.295565382054554404e-01
1.731261799999999296e+00,3.295565382625602058e-01
1.731401999999999219e+00,3.295565383196458198e-01
1.731542199999999143e+00,3.295565383767122269e-01
1.731682399999999067e+00,3.295565384337594272e-01
1.731822599999998991e+00,3.295565384907874762e-01
1.731962799999998914e+00,3.295565385477963738e-01
1.732010000000000050e+00,3.295565385669869118e-01
1.732150400000000090e+00,3.295565386240515426e-01
1.732290800000000131e+00,3.295565386810970776e-01
1.732431200000000171e+00,3.295565387381235722e-01
1.732571600000000211e+00,3.295565387951310266e-01
1.732712000000000252e+00,3.295565388521193850e-01
1.732852400000000292e+00,3.295565389090887032e-01
1.732992800000000333e+00,3.295565389660389255e-01
1.733133200000000373e+00,3.295565390229701075e-01
1.733273600000000414e+00,3.295565390798822492e-01
1.733414000000000454e+00,3.295565391367753505e-01
1.733554400000000495e+00,3.295565391936494115e-01
1.733694800000000535e+00,3.295565392505044877e-01
1.733835200000000576e+00,3.295565393073405236e-01
1.733975600000000616e+00,3.295565393641575191e-01
1.734029999999999960e+00,3.295565393861692449e-01
1.734170199999999884e+00,3.295565394428789374e-01
1.734310399999999808e+00,3.295565394995696451e-01
1.734450599999999731e+00,3.295565395562413125e-01
1.734590799999999655e+00,3.295565396128939950e-01
1.734730999999999579e+00,3.295565396695276927e-01
1.734871199999999503e+00,3.295565397261424057e-01
1.735011399999999426e+00,3.295565397827381338e-01
1.735151599999999350e+00,3.295565398393148770e-01
1.735291799999999274e+00,3.295565398958726355e-01
1.735431999999999197e+00,3.295565399524114647e-01
1.735572199999999121e+00,3.295565400089313091e-01
1.735712399999999045e+00,3.295565400654322241e-01
1.735852599999998969e+00,3.295565401219141544e-01
1.735992799999998892e+00,3.295565401783771553e-01
1.736040000000000028e+00,3.295565401973839514e-01
1.736178999999999917e+00,3.295565402533381927e-01
1.736317999999999806e+00,3.295565403092732826e-01
1.736456999999999695e+00,3.295565403651892211e-01
1.736595999999999584e+00,3.295565404210860083e-01
1.736734999999999474e+00,3.295565404769636442e-01
1.736873999999999363e+00,3.295565405328221842e-01
1.737012999999999252e+00,3.295565405886615729e-01
1.737151999999999141e+00,3.295565406444818657e-01
1.737290999999999030e+00,3.295565407002830627e-01
1.737429999999998920e+00,3.295565407560651083e-01
1.737568999999998809e+00,3.295565408118281137e-01
1.737707999999998698e+00,3.295565408675719676e-01
1.737846999999998587e+00,3.295565409232967258e-01
1.737985999999998477e+00,3.295565409790024436e-01
1.737989999999999924e+00,3.295565409806054946e-01
1.738130399999999964e+00,3.295565410368529458e-01
1.738270800000000005e+00,3.295565410930816341e-01
1.738411200000000045e+00,3.295565411492916152e-01
1.738551600000000086e+00,3.295565412054828336e-01
1.738692000000000126e+00,3.295565412616553447e-01
1.738832400000000167e+00,3.295565413178090930e-01
1.738972800000000207e+00,3.295565413739441341e-01
1.739113200000000248e+00,3.295565414300604679e-01
1.739253600000000288e+00,3.295565414861580944e-01
1.739394000000000329e+00,3.295565415422370137e-01
1.739534400000000369e+00,3.295565415982972257e-01
1.739674800000000410e+00,3.295565416543387305e-01
1.739815200000000450e+00,3.295565417103615280e-01
1.739955600000000491e+00,3.295565417663656738e-01
1.740010000000000057e+00,3.295565417880624848e-01
1.740150199999999980e+00,3.295565418439609373e-01
1.740290399999999904e+00,3.295565418998406826e-01
1.740430599999999828e+00,3.295565419557017206e-01
1.740570799999999752e+00,3.295565420115441069e-01
1.740710999999999675e+00,3.295565420673678414e-01
1.740851199999999599e+00,3.295565421231729242e-01
1.740991399999999523e+00,3.295565421789593552e-01
1.741131599999999446e+00,3.295565422347271345e-01
1.741271799999999370e+00,3.295565422904762620e-01
1.741411999999999294e+00,3.295565423462067378e-01
1.741552199999999218e+00,3.295565424019186174e-01
1.741692399999999141e+00,3.295565424576118452e-01
1.741832599999999065e+00,3.295565425132864212e-01
1.741972799999998989e+00,3.295565425689424011e-01
1.742019999999999902e+00,3.295565425876775256e-01
1.742160399999999942e+00,3.295565426433880729e-01
1.742300799999999983e+00,3.295565426990800795e-01
1.742441200000000023e+00,3.295565427547535453e-01
1.742581600000000064e+00,3.295565428104085259e-01
1.742722000000000104e+00,3.295565428660449658e-01
1.742862400000000145e+00,3.295565429216629205e-01
1.743002800000000185e+00,3.295565429772623345e-01
1.743143200000000226e+00,3.295565430328432632e-01
1.743283600000000266e+00,3.295565430884057068e-01
1.743424000000000307e+00,3.295565431439496096e-01
1.743564400000000347e+00,3.295565431994750827e-01
1.743704800000000388e+00,3.295565432549820706e-01
1.743845200000000428e+00,3.295565433104705733e-01
1.743985600000000469e+00,3.295565433659405907e-01
1.744040000000000035e+00,3.295565433874304562e-01
1.744178999999999924e+00,3.295565434423215478e-01
1.744317999999999813e+00,3.295565434971939323e-01
1.744456999999999702e+00,3.295565435520476094e-01
1.744595999999999592e+00,3.295565436068825793e-01
1.744734999999999481e+00,3.295565436616988975e-01
1.744873999999999370e+00,3.295565437164965084e-01
1.745012999999999259e+00,3.295565437712754120e-01
1.745151999999999148e+00,3.295565438260356639e-01
1.745290999999999038e+00,3.295565438807772085e-01
1.745429999999998927e+00,3.295565439355001014e-01
1.745568999999998816e+00,3.295565439902043425e-01
1.745707999999998705e+00,3.295565440448899319e-01
1.745846999999998594e+00,3.295565440995568696e-01
1.745985999999998484e+00,3.295565441542051555e-01
1.745989999999999931e+00,3.295565441557777864e-01
1.746130199999999855e+00,3.295565442108789878e-01
1.746270399999999778e+00,3.295565442659618149e-01
1.746410599999999702e+00,3.295565443210262679e-01
1.746550799999999626e+00,3.295565443760724023e-01
1.746690999999999550e+00,3.295565444311001624e-01
1.746831199999999473e+00,3.295565444861096038e-01
1.746971399999999397e+00,3.295565445411007266e-01
1.747111599999999321e+00,3.295565445960735307e-01
1.747251799999999244e+00,3.295565446510280161e-01
1.747391999999999168e+00,3.295565447059641828e-01
1.747532199999999092e+00,3.295565447608820309e-01
1.747672399999999016e+00,3.295565448157815602e-01
1.747812599999998939e+00,3.295565448706628264e-01
1.747952799999998863e+00,3.295565449255257739e-01
1.747999999999999998e+00,3.295565449439940009e-01
1.748140400000000039e+00,3.295565449989108497e-01
1.748280800000000079e+00,3.295565450538094354e-01
1.748421200000000120e+00,3.295565451086898134e-01
1.748561600000000160e+00,3.295565451635519838e-01
1.748702000000000201e+00,3.295565452183960020e-01
1.748842400000000241e+00,3.295565452732218126e-01
1.748982800000000282e+00,3.295565453280294155e-01
1.749123200000000322e+00,3.295565453828188107e-01
1.749263600000000363e+00,3.295565454375900538e-01
1.749404000000000403e+00,3.295565454923431448e-01
1.749544400000000444e+00,3.295565455470780281e-01
1.749684800000000484e+00,3.295565456017947592e-01
1.749825200000000525e+00,3.295565456564933382e-01
1.749965600000000565e+00,3.295565457111737651e-01
1.750019999999999909e+00,3.295565457323577641e-01
1.750160199999999833e+00,3.295565457869351067e-01
1.750300399999999756e+00,3.295565458414942972e-01
1.750440599999999680e+00,3.295565458960353356e-01
1.750580799999999604e+00,3.295565459505582773e-01
1.750720999999999528e+00,3.295565460050630668e-01
1.750861199999999451e+00,3.295565460595497598e-01
1.751001399999999375e+00,3.295565461140183006e-01
1.751141599999999299e+00,3.295565461684687447e-01
1.751281799999999222e+00,3.295565462229010367e-01
1.751421999999999146e+00,3.295565462773152876e-01
1.751562199999999070e+00,3.295565463317113863e-01
1.751702399999998994e+00,3.295565463860893884e-01
1.751842599999998917e+00,3.295565464404492939e-01
1.751982799999998841e+00,3.295565464947911583e-01
1.752029999999999976e+00,3.295565465130839700e-01
1.752170400000000017e+00,3.295565465674792360e-01
1.752310800000000057e+00,3.295565466218564610e-01
1.752451200000000098e+00,3.295565466762157003e-01
1.752591600000000138e+00,3.295565467305569540e-01
1.752732000000000179e+00,3.295565467848802221e-01
1.752872400000000219e+00,3.295565468391855046e-01
1.753012800000000260e+00,3.295565468934728015e-01
1.753153200000000300e+00,3.295565469477421683e-01
1.753293600000000341e+00,3.295565470019935495e-01
1.753434000000000381e+00,3.295565470562269450e-01
1.753574400000000422e+00,3.295565471104423549e-01
1.753714800000000462e+00,3.295565471646398348e-01
1.753855200000000503e+00,3.295565472188193845e-01
1.753995600000000543e+00,3.295565472729810041e-01
1.754050000000000109e+00,3.295565472939639973e-01
1.754188999999999998e+00,3.295565473475604579e-01
1.754327999999999887e+00,3.295565474011387663e-01
1.754466999999999777e+00,3.295565474546988671e-01
1.754605999999999666e+00,3.295565475082408158e-01
1.754744999999999555e+00,3.295565475617646123e-01
1.754883999999999444e+00,3.295565476152702566e-01
1.755022999999999334e+00,3.295565476687577489e-01
1.755161999999999223e+00,3.295565477222270889e-01
1.755300999999999112e+00,3.295565477756783324e-01
1.755439999999999001e+00,3.295565478291114236e-01
1.755578999999998890e+00,3.295565478825263628e-01
1.755717999999998780e+00,3.295565479359232053e-01
1.755856999999998669e+00,3.295565479893019512e-01
1.755995999999998558e+00,3.295565480426625449e-01
1.756000000000000005e+00,3.295565480441980943e-01
1.756140199999999929e+00,3.295565480980010009e-01
1.756280399999999853e+00,3.295565481517860884e-01
1.756420599999999776e+00,3.295565482055533568e-01
1.756560799999999700e+00,3.295565482593028062e-01
1.756700999999999624e+00,3.295565483130344364e-01
1.756841199999999548e+00,3.295565483667481921e-01
1.756981399999999471e+00,3.295565484204441842e-01
1.757121599999999395e+00,3.295565484741223572e-01
1.757261799999999319e+00,3.295565485277827111e-01
1.757401999999999243e+00,3.295565485814252460e-01
1.757542199999999166e+00,3.295565486350500173e-01
1.757682399999999090e+00,3.295565486886570250e-01
1.757822599999999014e+00,3.295565487422462136e-01
1.757962799999998937e+00,3.295565487958176387e-01
1.758010000000000073e+00,3.295565488138511023e-01
1.758150400000000113e+00,3.295565488674752630e-01
1.758290800000000154e+00,3.295565489210817156e-01
1.758431200000000194e+00,3.295565489746705157e-01
1.758571600000000235e+00,3.295565490282416077e-01
1.758712000000000275e+00,3.295565490817950471e-01
1.758852400000000316e+00,3.295565491353307785e-01
1.758992800000000356e+00,3.295565491888488574e-01
1.759133200000000397e+00,3.295565492423492282e-01
1.759273600000000437e+00,3.295565492958320020e-01
1.759414000000000478e+00,3.295565493492971232e-01
1.759554400000000518e+00,3.295565494027445919e-01
1.759694800000000559e+00,3.295565494561744080e-01
1.759835200000000599e+00,3.295565495095865716e-01
1.759975600000000640e+00,3.295565495629811381e-01
1.760029999999999983e+00,3.295565495836669800e-01
1.760170199999999907e+00,3.295565496369610159e-01
1.760310399999999831e+00,3.295565496902373992e-01
1.760450599999999755e+00,3.295565497434961300e-01
1.760590799999999678e+00,3.295565497967372637e-01
1.760730999999999602e+00,3.295565498499608004e-01
1.760871199999999526e+00,3.295565499031667400e-01
1.761011399999999449e+00,3.295565499563550271e-01
1.761151599999999373e+00,3.295565500095257172e-01
1.761291799999999297e+00,3.295565500626788102e-01
1.761431999999999221e+00,3.295565501158143062e-01
1.761572199999999144e+00,3.295565501689322607e-01
1.761712399999999068e+00,3.295565502220326182e-01
1.761852599999998992e+00,3.295565502751153786e-01
1.761992799999998915e+00,3.295565503281805975e-01
1.762040000000000051e+00,3.295565503460436418e-01
1.762178999999999940e+00,3.295565503986310207e-01
1.762317999999999829e+00,3.295565504512006361e-01
1.762456999999999718e+00,3.295565505037524878e-01
1.762595999999999608e+00,3.295565505562866315e-01
1.762734999999999497e+00,3.295565506088030117e-01
1.762873999999999386e+00,3.295565506613016282e-01
1.763012999999999275e+00,3.295565507137825367e-01
1.763151999999999164e+00,3.295565507662456817e-01
1.763290999999999054e+00,3.295565508186911186e-01
1.763429999999998943e+00,3.295565508711188474e-01
1.763568999999998832e+00,3.295565509235288681e-01
1.763707999999998721e+00,3.295565509759211809e-01
1.763846999999998610e+00,3.295565510282957855e-01
1.763985999999998500e+00,3.295565510806526821e-01
1.763989999999999947e+00,3.295565510821593658e-01
1.764130399999999987e+00,3.295565511350256882e-01
1.764270800000000028e+00,3.295565511878746356e-01
1.764411200000000068e+00,3.295565512407062081e-01
1.764551600000000109e+00,3.295565512935203500e-01
1.764692000000000149e+00,3.295565513463171170e-01
1.764832400000000190e+00,3.295565513990965090e-01
1.764972800000000230e+00,3.295565514518585259e-01
1.765113200000000271e+00,3.295565515046032234e-01
1.765253600000000311e+00,3.295565515573305460e-01
1.765394000000000352e+00,3.295565516100404935e-01
1.765534400000000392e+00,3.295565516627331215e-01
1.765674800000000433e+00,3.295565517154083746e-01
1.765815200000000473e+00,3.295565517680663081e-01
1.765955600000000514e+00,3.295565518207069222e-01
1.766010000000000080e+00,3.295565518411006645e-01
1.766150200000000003e+00,3.295565518936422467e-01
1.766290399999999927e+00,3.295565519461664539e-01
1.766430599999999851e+00,3.295565519986733971e-01
1.766570799999999775e+00,3.295565520511630209e-01
1.766710999999999698e+00,3.295565521036353251e-01
1.766851199999999622e+00,3.295565521560903099e-01
1.766991399999999546e+00,3.295565522085279753e-01
1.767131599999999469e+00,3.295565522609483211e-01
1.767271799999999393e+00,3.295565523133514030e-01
1.767411999999999317e+00,3.295565523657372209e-01
1.767552199999999241e+00,3.295565524181057193e-01
1.767692399999999164e+00,3.295565524704569538e-01
1.767832599999999088e+00,3.295565525227909243e-01
1.767972799999999012e+00,3.295565525751076308e-01
1.768019999999999925e+00,3.295565525927187100e-01
1.768160399999999965e+00,3.295565526450870419e-01
1.768300800000000006e+00,3.295565526974381654e-01
1.768441200000000046e+00,3.295565527497720804e-01
1.768581600000000087e+00,3.295565528020888424e-01
1.768722000000000127e+00,3.295565528543883960e-01
1.768862400000000168e+00,3.295565529066707966e-01
1.769002800000000208e+00,3.295565529589360443e-01
1.769143200000000249e+00,3.295565530111841390e-01
1.769283600000000289e+00,3.295565530634150253e-01
1.769424000000000330e+00,3.295565531156287586e-01
1.769564400000000370e+00,3.295565531678253390e-01
1.769704800000000411e+00,3.295565532200047665e-01
1.769845200000000451e+00,3.295565532721670410e-01
1.769985600000000492e+00,3.295565533243122180e-01
1.770040000000000058e+00,3.295565533445140582e-01
1.770178999999999947e+00,3.295565533961153371e-01
1.770317999999999836e+00,3.295565534476992409e-01
1.770456999999999725e+00,3.295565534992658252e-01
1.770595999999999615e+00,3.295565535508150345e-01
1.770734999999999504e+00,3.295565536023468689e-01
1.770873999999999393e+00,3.295565536538613838e-01
1.771012999999999282e+00,3.295565537053585792e-01
1.771151999999999171e+00,3.295565537568384551e-01
1.771290999999999061e+00,3.295565538083010115e-01
1.771429999999998950e+00,3.295565538597462485e-01
1.771568999999998839e+00,3.295565539111741660e-01
1.771707999999998728e+00,3.295565539625847640e-01
1.771846999999998618e+00,3.295565540139780425e-01
1.771985999999998507e+00,3.295565540653540570e-01
1.771989999999999954e+00,3.295565540668324855e-01
1.772130199999999878e+00,3.295565541186344372e-01
1.772270399999999801e+00,3.295565541704194024e-01
1.772410599999999725e+00,3.295565542221873256e-01
1.772550799999999649e+00,3.295565542739382625e-01
1.772690999999999573e+00,3.295565543256721575e-01
1.772831199999999496e+00,3.295565543773890660e-01
1.772971399999999420e+00,3.295565544290889326e-01
1.773111599999999344e+00,3.295565544807718128e-01
1.773251799999999267e+00,3.295565545324377066e-01
1.773391999999999191e+00,3.295565545840866140e-01
1.773532199999999115e+00,3.295565546357184794e-01
1.773672399999999039e+00,3.295565546873334140e-01
1.773812599999998962e+00,3.295565547389313621e-01
1.773952799999998886e+00,3.295565547905123238e-01
1.774000000000000021e+00,3.295565548078757678e-01
1.774140400000000062e+00,3.295565548595076888e-01
1.774280800000000102e+00,3.295565549111227344e-01
1.774421200000000143e+00,3.295565549627208490e-01
1.774561600000000183e+00,3.295565550143020883e-01
1.774702000000000224e+00,3.295565550658664522e-01
1.774842400000000264e+00,3.295565551174139407e-01
1.774982800000000305e+00,3.295565551689445538e-01
1.775123200000000345e+00,3.295565552204582360e-01
1.775263600000000386e+00,3.295565552719550984e-01
1.775404000000000426e+00,3.295565553234350853e-01
1.775544400000000467e+00,3.295565553748982524e-01
1.775684800000000507e+00,3.295565554263445440e-01
1.775825200000000548e+00,3.295565554777739603e-01
1.775965600000000588e+00,3.295565555291865567e-01
1.776019999999999932e+00,3.295565555491046239e-01
1.776160199999999856e+00,3.295565556004206864e-01
1.776300399999999780e+00,3.295565556517199290e-01
1.776440599999999703e+00,3.295565557030024073e-01
1.776580799999999627e+00,3.295565557542681212e-01
1.776720999999999551e+00,3.295565558055170707e-01
1.776861199999999474e+00,3.295565558567492004e-01
1.777001399999999398e+00,3.295565559079645657e-01
1.777141599999999322e+00,3.295565559591632221e-01
1.777281799999999246e+00,3.295565560103451141e-01
1.777421999999999169e+00,3.295565560615102418e-01
1.777562199999999093e+00,3.295565561126586607e-01
1.777702399999999017e+00,3.295565561637903151e-01
1.777842599999998940e+00,3.295565562149052607e-01
1.777982799999998864e+00,3.295565562660034420e-01
1.778029999999999999e+00,3.295565562832044049e-01
1.778170400000000040e+00,3.295565563343533233e-01
1.778310800000000080e+00,3.295565563854856994e-01
1.778451200000000121e+00,3.295565564366015332e-01
1.778591600000000161e+00,3.295565564877008247e-01
1.778732000000000202e+00,3.295565565387836293e-01
1.778872400000000242e+00,3.295565565898498916e-01
1.779012800000000283e+00,3.295565566408996117e-01
1.779153200000000323e+00,3.295565566919328448e-01
1.779293600000000364e+00,3.295565567429495912e-01
1.779434000000000404e+00,3.295565567939497953e-01
1.779574400000000445e+00,3.295565568449335125e-01
1.779714800000000485e+00,3.295565568959007430e-01
1.779855200000000526e+00,3.295565569468514866e-01
1.779995600000000566e+00,3.295565569977857434e-01
1.780049999999999910e+00,3.295565570175185144e-01
1.780189000000000021e+00,3.295565570679219736e-01
1.780328000000000133e+00,3.295565571183088349e-01
1.780467000000000244e+00,3.295565571686791539e-01
1.780606000000000355e+00,3.295565572190328751e-01
1.780745000000000466e+00,3.295565572693699985e-01
1.780884000000000578e+00,3.295565573196905795e-01
1.781023000000000689e+00,3.295565573699946182e-01
1.781162000000000800e+00,3.295565574202821146e-01
1.781301000000000911e+00,3.295565574705530132e-01
1.781440000000001023e+00,3.295565575208074249e-01
1.781579000000001134e+00,3.295565575710452388e-01
1.781718000000001245e+00,3.295565576212665659e-01
1.781857000000001356e+00,3.295565576714713507e-01
1.781996000000001468e+00,3.295565577216595932e-01
1.782000000000000028e+00,3.295565577231038823e-01
1.782140199999999952e+00,3.295565577737087914e-01
1.782280399999999876e+00,3.295565578242974913e-01
1.782420599999999800e+00,3.295565578748700930e-01
1.782560799999999723e+00,3.295565579254264854e-01
1.782700999999999647e+00,3.295565579759667796e-01
1.782841199999999571e+00,3.295565580264909200e-01
1.782981399999999494e+00,3.295565580769989067e-01
1.783121599999999418e+00,3.295565581274907396e-01
1.783261799999999342e+00,3.295565581779664743e-01
1.783401999999999266e+00,3.295565582284260553e-01
1.783542199999999189e+00,3.295565582788695380e-01
1.783682399999999113e+00,3.295565583292969225e-01
1.783822599999999037e+00,3.295565583797081533e-01
1.783962799999998960e+00,3.295565584301032858e-01
1.784010000000000096e+00,3.295565584470676046e-01
1.784150400000000136e+00,3.295565584975133078e-01
1.784290800000000177e+00,3.295565585479430792e-01
1.784431200000000217e+00,3.295565585983569745e-01
1.784571600000000258e+00,3.295565586487549936e-01
1.784712000000000298e+00,3.295565586991371365e-01
1.784852400000000339e+00,3.295565587495033477e-01
1.784992800000000379e+00,3.295565587998536827e-01
1.785133200000000420e+00,3.295565588501881971e-01
1.785273600000000460e+00,3.295565589005068352e-01
1.785414000000000501e+00,3.295565589508095972e-01
1.785554400000000541e+00,3.295565590010964829e-01
1.785694800000000582e+00,3.295565590513674925e-01
1.785835200000000622e+00,3.295565591016226814e-01
1.785975600000000663e+00,3.295565591518619941e-01
1.786030000000000006e+00,3.295565591713255915e-01
1.786170199999999930e+00,3.295565592214715900e-01
1.786310399999999854e+00,3.295565592716019898e-01
1.786450599999999778e+00,3.295565593217167910e-01
1.786590799999999701e+00,3.295565593718159381e-01
1.786730999999999625e+00,3.295565594218994865e-01
1.786871199999999549e+00,3.295565594719674363e-01
1.787011399999999472e+00,3.295565595220198429e-01
1.787151599999999396e+00,3.295565595720566510e-01
1.787291799999999320e+00,3.295565596220778604e-01
1.787431999999999244e+00,3.295565596720834711e-01
1.787572199999999167e+00,3.295565597220735388e-01
1.787712399999999091e+00,3.295565597720480078e-01
1.787852599999999015e+00,3.295565598220069337e-01
1.787992799999998939e+00,3.295565598719502609e-01
1.788040000000000074e+00,3.295565598887625347e-01
1.788178999999999963e+00,3.295565599382578870e-01
1.788317999999999852e+00,3.295565599877378626e-01
1.788456999999999741e+00,3.295565600372025172e-01
1.788595999999999631e+00,3.295565600866518507e-01
1.788734999999999520e+00,3.295565601360858632e-01
1.788873999999999409e+00,3.295565601855045545e-01
1.789012999999999298e+00,3.295565602349079248e-01
1.789151999999999187e+00,3.295565602842959740e-01
1.789290999999999077e+00,3.295565603336687022e-01
1.789429999999998966e+00,3.295565603830261092e-01
1.789568999999998855e+00,3.295565604323682507e-01
1.789707999999998744e+00,3.295565604816950711e-01
1.789846999999998634e+00,3.295565605310066259e-01
1.789985999999998523e+00,3.295565605803028597e-01
1.789989999999999970e+00,3.295565605817214472e-01
1.790130400000000011e+00,3.295565606314993512e-01
1.790270800000000051e+00,3.295565606812628223e-01
1.790411200000000091e+00,3.295565607310119161e-01
1.790551600000000132e+00,3.295565607807465769e-01
1.790692000000000172e+00,3.295565608304668048e-01
1.790832400000000213e+00,3.295565608801726554e-01
1.790972800000000253e+00,3.295565609298640730e-01
1.791113200000000294e+00,3.295565609795411133e-01
1.791253600000000334e+00,3.295565610292037761e-01
1.791394000000000375e+00,3.295565610788520616e-01
1.791534400000000415e+00,3.295565611284859697e-01
1.791674800000000456e+00,3.295565611781054449e-01
1.791815200000000496e+00,3.295565612277105427e-01
1.791955600000000537e+00,3.295565612773012631e-01
1.792010000000000103e+00,3.295565612965137836e-01
1.792150200000000027e+00,3.295565613460148535e-01
1.792290399999999950e+00,3.295565613955023787e-01
1.792430599999999874e+00,3.295565614449764147e-01
1.792570799999999798e+00,3.295565614944369615e-01
1.792710999999999721e+00,3.295565615438839635e-01
1.792851199999999645e+00,3.295565615933175319e-01
1.792991399999999569e+00,3.295565616427376110e-01
1.793131599999999493e+00,3.295565616921442009e-01
1.793271799999999416e+00,3.295565617415373016e-01
1.793411999999999340e+00,3.295565617909169132e-01
1.793552199999999264e+00,3.295565618402830355e-01
1.793692399999999187e+00,3.295565618896356685e-01
1.793832599999999111e+00,3.295565619389748679e-01
1.793972799999999035e+00,3.295565619883005781e-01
1.794019999999999948e+00,3.295565620049051847e-01
1.794160399999999989e+00,3.295565620542844076e-01
1.794300800000000029e+00,3.295565621036513626e-01
1.794441200000000070e+00,3.295565621530060496e-01
1.794581600000000110e+00,3.295565622023484131e-01
1.794722000000000151e+00,3.295565622516785087e-01
1.794862400000000191e+00,3.295565623009963363e-01
1.795002800000000232e+00,3.295565623503018404e-01
1.795143200000000272e+00,3.295565623995951321e-01
1.795283600000000312e+00,3.295565624488761003e-01
1.795424000000000353e+00,3.295565624981448005e-01
1.795564400000000393e+00,3.295565625474012328e-01
1.795704800000000434e+00,3.295565625966453971e-01
1.795845200000000474e+00,3.295565626458773489e-01
1.795985600000000515e+00,3.295565626950970328e-01
1.796040000000000081e+00,3.295565627141661125e-01
1.796178999999999970e+00,3.295565627628792571e-01
1.796317999999999859e+00,3.295565628115813550e-01
1.796456999999999748e+00,3.295565628602724062e-01
1.796595999999999638e+00,3.295565629089524107e-01
1.796734999999999527e+00,3.295565629576213684e-01
1.796873999999999416e+00,3.295565630062793350e-01
1.797012999999999305e+00,3.295565630549262548e-01
1.797151999999999195e+00,3.295565631035621279e-01
1.797290999999999084e+00,3.295565631521870098e-01
1.797429999999998973e+00,3.295565632008008450e-01
1.797568999999998862e+00,3.295565632494036890e-01
1.797707999999998751e+00,3.295565632979955417e-01
1.797846999999998641e+00,3.295565633465763478e-01
1.797985999999998530e+00,3.295565633951461626e-01
1.797989999999999977e+00,3.295565633965438779e-01
1.798130199999999901e+00,3.295565634455233650e-01
1.798270399999999825e+00,3.295565634944935818e-01
1.798410599999999748e+00,3.295565635434545282e-01
1.798550799999999672e+00,3.295565635924061487e-01
1.798690999999999596e+00,3.295565636413484989e-01
1.798831199999999519e+00,3.295565636902815787e-01
1.798971399999999443e+00,3.295565637392053882e-01
1.799111599999999367e+00,3.295565637881199272e-01
1.799251799999999291e+00,3.295565638370251405e-01
1.799391999999999214e+00,3.295565638859211388e-01
1.799532199999999138e+00,3.295565639348078113e-01
1.799672399999999062e+00,3.295565639836852134e-01
1.799812599999998985e+00,3.295565640325534007e-01
1.799952799999998909e+00,3.295565640814123176e-01
1.800000000000000044e+00,3.295565640978602162e-01
1.800140400000000085e+00,3.295565641467781970e-01
1.800280800000000125e+00,3.295565641956886838e-01
1.800421200000000166e+00,3.295565642445916210e-01
1.800561600000000206e+00,3.295565642934870643e-01
1.800702000000000247e+00,3.295565643423750135e-01
1.800842400000000287e+00,3.295565643912554687e-01
1.800982800000000328e+00,3.295565644401283745e-01
1.801123200000000368e+00,3.295565644889937862e-01
1.801263600000000409e+00,3.295565645378517039e-01
1.801404000000000449e+00,3.295565645867021276e-01
1.801544400000000490e+00,3.295565646355450573e-01
1.801684800000000530e+00,3.295565646843804930e-01
1.801825200000000571e+00,3.295565647332084347e-01
1.801965600000000611e+00,3.295565647820288824e-01
1.802019999999999955e+00,3.295565648009439186e-01
1.802160199999999879e+00,3.295565648496862066e-01
1.802300399999999803e+00,3.295565648984228324e-01
1.802440599999999726e+00,3.295565649471537961e-01
1.802580799999999650e+00,3.295565649958790977e-01
1.802720999999999574e+00,3.295565650445986816e-01
1.802861199999999497e+00,3.295565650933126034e-01
1.803001399999999421e+00,3.295565651420208630e-01
1.803141599999999345e+00,3.295565651907234050e-01
1.803281799999999269e+00,3.295565652394202849e-01
1.803421999999999192e+00,3.295565652881115026e-01
1.803562199999999116e+00,3.295565653367970582e-01
1.803702399999999040e+00,3.295565653854769517e-01
1.803842599999998964e+00,3.295565654341511830e-01
1.803982799999998887e+00,3.295565654828197522e-01
1.804030000000000022e+00,3.295565654992039795e-01
1.804170400000000063e+00,3.295529318083749715e-01
1.804310800000000103e+00,3.295492985525981244e-01
1.804451200000000144e+00,3.295456657317930027e-01
1.804591600000000184e+00,3.295420333458792261e-01
1.804732000000000225e+00,3.295384013947762480e-01
1.804872400000000265e+00,3.295347698784037993e-01
1.805012800000000306e+00,3.295311387966814443e-01
1.805153200000000346e+00,3.295275081495288583e-01
1.805293600000000387e+00,3.295238779368656612e-01
1.805434000000000427e+00,3.295202481586115839e-01
1.805574400000000468e+00,3.295166188146864128e-01
1.805714800000000508e+00,3.295129899050097122e-01
1.805855200000000549e+00,3.295093614295013240e-01
1.805995600000000589e+00,3.295057333880810346e-01
1.806049999999999933e+00,3.295043277726057429e-01
1.806189000000000044e+00,3.295007365211388706e-01
1.806328000000000156e+00,3.294971457136601223e-01
1.806467000000000267e+00,3.294935553500882852e-01
1.806606000000000378e+00,3.294899654303422021e-01
1.806745000000000489e+00,3.294863759543408266e-01
1.806884000000000601e+00,3.294827869220030570e-01
1.807023000000000712e+00,3.294791983332479024e-01
1.807162000000000823e+00,3.294756101879942056e-01
1.807301000000000935e+00,3.294720224861609759e-01
1.807440000000001046e+00,3.294684352276672223e-01
1.807579000000001157e+00,3.294648484124319543e-01
1.807718000000001268e+00,3.294612620403741809e-01
1.807857000000001380e+00,3.294576761114129670e-01
1.807996000000001491e+00,3.294540906254673218e-01
1.808000000000000052e+00,3.294539874528544243e-01
1.808140199999999975e+00,3.294503714944699291e-01
1.808280399999999899e+00,3.294467560065542644e-01
1.808420599999999823e+00,3.294431409890207219e-01
1.808560799999999746e+00,3.294395264417825930e-01
1.808700999999999670e+00,3.294359123647532250e-01
1.808841199999999594e+00,3.294322987578459649e-01
1.808981399999999518e+00,3.294286856209742154e-01
1.809121599999999441e+00,3.294250729540514344e-01
1.809261799999999365e+00,3.294214607569909137e-01
1.809401999999999289e+00,3.294178490297061113e-01
1.809542199999999212e+00,3.294142377721104853e-01
1.809682399999999136e+00,3.294106269841176049e-01
1.809822599999999060e+00,3.294070166656409282e-01
1.809962799999998984e+00,3.294034068165939688e-01
1.810009999999999897e+00,3.294021916235836400e-01
1.810150399999999937e+00,3.294021916722846832e-01
1.810290799999999978e+00,3.294021917209874473e-01
1.810431200000000018e+00,3.294021917696919322e-01
1.810571600000000059e+00,3.294021918183981379e-01
1.810712000000000099e+00,3.294021918671060645e-01
1.810852400000000140e+00,3.294021919158156564e-01
1.810992800000000180e+00,3.294021919645269691e-01
1.811133200000000221e+00,3.294021920132400028e-01
1.811273600000000261e+00,3.294021920619547572e-01
1.811414000000000302e+00,3.294021921106712325e-01
1.811554400000000342e+00,3.294021921593894286e-01
1.811694800000000383e+00,3.294021922081092901e-01
1.811835200000000423e+00,3.294021922568308725e-01
1.811975600000000464e+00,3.294021923055542311e-01
1.812030000000000030e+00,3.294021923244330186e-01
1.812170199999999953e+00,3.294021923730909851e-01
1.812310399999999877e+00,3.294021924217523378e-01
1.812450599999999801e+00,3.294021924704170767e-01
1.812590799999999724e+00,3.294021925190852018e-01
1.812730999999999648e+00,3.294021925677567131e-01
1.812871199999999572e+00,3.294021926164316105e-01
1.813011399999999496e+00,3.294021926651098942e-01
1.813151599999999419e+00,3.294021927137915640e-01
1.813291799999999343e+00,3.294021927624766199e-01
1.813431999999999267e+00,3.294021928111650621e-01
1.813572199999999190e+00,3.294021928598568905e-01
1.813712399999999114e+00,3.294021929085521050e-01
1.813852599999999038e+00,3.294021929572507057e-01
1.813992799999998962e+00,3.294021930059526926e-01
1.814040000000000097e+00,3.294021930223491879e-01
1.814179200000000103e+00,3.294021930707098922e-01
1.814318400000000109e+00,3.294021931190755925e-01
1.814457600000000115e+00,3.294021931674463444e-01
1.814596800000000121e+00,3.294021932158220922e-01
1.814736000000000127e+00,3.294021932642027806e-01
1.814875200000000133e+00,3.294021933125884649e-01
1.815014400000000139e+00,3.294021933609791453e-01
1.815153600000000145e+00,3.294021934093748216e-01
1.815292800000000151e+00,3.294021934577754940e-01
1.815432000000000157e+00,3.294021935061811623e-01
1.815571200000000163e+00,3.294021935545918267e-01
1.815710400000000169e+00,3.294021936030074871e-01
1.815849600000000175e+00,3.294021936514281990e-01
1.815988800000000181e+00,3.294021936998538513e-01
1.816000000000000059e+00,3.294021937037502346e-01
1.816140199999999982e+00,3.294021937525305477e-01
1.816280399999999906e+00,3.294021938013172446e-01
1.816420599999999830e+00,3.294021938501102698e-01
1.816560799999999753e+00,3.294021938989096232e-01
1.816700999999999677e+00,3.294021939477153604e-01
1.816841199999999601e+00,3.294021939965274814e-01
1.816981399999999525e+00,3.294021940453459307e-01
1.817121599999999448e+00,3.294021940941707638e-01
1.817261799999999372e+00,3.294021941430019251e-01
1.817401999999999296e+00,3.294021941918394702e-01
1.817542199999999220e+00,3.294021942406833436e-01
1.817682399999999143e+00,3.294021942895336008e-01
1.817822599999999067e+00,3.294021943383902418e-01
1.817962799999998991e+00,3.294021943872532110e-01
1.818009999999999904e+00,3.294021944037042737e-01
1.818150199999999828e+00,3.294021944525770684e-01
1.818290399999999751e+00,3.294021945014575237e-01
1.818430599999999675e+00,3.294021945503455839e-01
1.818570799999999599e+00,3.294021945992413047e-01
1.818710999999999522e+00,3.294021946481446861e-01
1.818851199999999446e+00,3.294021946970557280e-01
1.818991399999999370e+00,3.294021947459744304e-01
1.819131599999999294e+00,3.294021947949007378e-01
1.819271799999999217e+00,3.294021948438347058e-01
1.819411999999999141e+00,3.294021948927763344e-01
1.819552199999999065e+00,3.294021949417256234e-01
1.819692399999998988e+00,3.294021949906825730e-01
1.819832599999998912e+00,3.294021950396471832e-01
1.819972799999998836e+00,3.294021950886194539e-01
1.820019999999999971e+00,3.294021951051074315e-01
1.820160400000000012e+00,3.294021951541609150e-01
1.820300800000000052e+00,3.294021952032231693e-01
1.820441200000000093e+00,3.294021952522941943e-01
1.820581600000000133e+00,3.294021953013739901e-01
1.820722000000000174e+00,3.294021953504625566e-01
1.820862400000000214e+00,3.294021953995598939e-01
1.821002800000000255e+00,3.294021954486660575e-01
1.821143200000000295e+00,3.294021954977809918e-01
1.821283600000000336e+00,3.294021955469047525e-01
1.821424000000000376e+00,3.294021955960372838e-01
1.821564400000000417e+00,3.294021956451785860e-01
1.821704800000000457e+00,3.294021956943287144e-01
1.821845200000000498e+00,3.294021957434876136e-01
1.821985600000000538e+00,3.294021957926553390e-01
1.822040000000000104e+00,3.294021958117073767e-01
1.822178999999999993e+00,3.294021958603980949e-01
1.822317999999999882e+00,3.294021959090987495e-01
1.822456999999999772e+00,3.294021959578093406e-01
1.822595999999999661e+00,3.294021960065298682e-01
1.822734999999999550e+00,3.294021960552603323e-01
1.822873999999999439e+00,3.294021961040007884e-01
1.823012999999999328e+00,3.294021961527511255e-01
1.823151999999999218e+00,3.294021962015114546e-01
1.823290999999999107e+00,3.294021962502817202e-01
1.823429999999998996e+00,3.294021962990619223e-01
1.823568999999998885e+00,3.294021963478521164e-01
1.823707999999998774e+00,3.294021963966522470e-01
1.823846999999998664e+00,3.294021964454623141e-01
1.823985999999998553e+00,3.294021964942823733e-01
1.823990000000000000e+00,3.294021964956873050e-01
1.824130400000000041e+00,3.294021965450100176e-01
1.824270800000000081e+00,3.294021965943433883e-01
1.824411200000000122e+00,3.294021966436874171e-01
1.824551600000000162e+00,3.294021966930421597e-01
1.824692000000000203e+00,3.294021967424075603e-01
1.824832400000000243e+00,3.294021967917836191e-01
1.824972800000000284e+00,3.294021968411703361e-01
1.825113200000000324e+00,3.294021968905677666e-01
1.825253600000000365e+00,3.294021969399759109e-01
1.825394000000000405e+00,3.294021969893947133e-01
1.825534400000000446e+00,3.294021970388241738e-01
1.825674800000000486e+00,3.294021970882643480e-01
1.825815200000000527e+00,3.294021971377152358e-01
1.825955600000000567e+00,3.294021971871767818e-01
1.826009999999999911e+00,3.294021972063430059e-01
1.826150199999999835e+00,3.294021972557496514e-01
1.826290399999999758e+00,3.294021973051677876e-01
1.826430599999999682e+00,3.294021973545973592e-01
1.826570799999999606e+00,3.294021974040383660e-01
1.826710999999999530e+00,3.294021974534908637e-01
1.826851199999999453e+00,3.294021975029547966e-01
1.826991399999999377e+00,3.294021975524302204e-01
1.827131599999999301e+00,3.294021976019170794e-01
1.827271799999999224e+00,3.294021976514153738e-01
1.827411999999999148e+00,3.294021977009251589e-01
1.827552199999999072e+00,3.294021977504463794e-01
1.827692399999998996e+00,3.294021977999790907e-01
1.827832599999998919e+00,3.294021978495232927e-01
1.827972799999998843e+00,3.294021978990789301e-01
1.828019999999999978e+00,3.294021979157637503e-01
1.828160199999999902e+00,3.294021979653353194e-01
1.828300399999999826e+00,3.294021980149189899e-01
1.828440599999999749e+00,3.294021980645147618e-01
1.828580799999999673e+00,3.294021981141225797e-01
1.828720999999999597e+00,3.294021981637424989e-01
1.828861199999999521e+00,3.294021982133745197e-01
1.829001399999999444e+00,3.294021982630186418e-01
1.829141599999999368e+00,3.294021983126748654e-01
1.829281799999999292e+00,3.294021983623431904e-01
1.829421999999999215e+00,3.294021984120236168e-01
1.829562199999999139e+00,3.294021984617161447e-01
1.829702399999999063e+00,3.294021985114207740e-01
1.829842599999998987e+00,3.294021985611375047e-01
1.829982799999998910e+00,3.294021986108663369e-01
1.830030000000000046e+00,3.294021986276094993e-01
1.830169200000000052e+00,3.294021986770004351e-01
1.830308400000000058e+00,3.294021987264040829e-01
1.830447600000000064e+00,3.294021987758204983e-01
1.830586800000000069e+00,3.294021988252496813e-01
1.830726000000000075e+00,3.294021988746915763e-01
1.830865200000000081e+00,3.294021989241462389e-01
1.831004400000000087e+00,3.294021989736136691e-01
1.831143600000000093e+00,3.294021990230938113e-01
1.831282800000000099e+00,3.294021990725867766e-01
1.831422000000000105e+00,3.294021991220924539e-01
1.831561200000000111e+00,3.294021991716108988e-01
1.831700400000000117e+00,3.294021992211421113e-01
1.831839600000000123e+00,3.294021992706860913e-01
1.831978800000000129e+00,3.294021993202428944e-01
1.831990000000000007e+00,3.294021993242303159e-01
1.832130199999999931e+00,3.294021993741571563e-01
1.832270399999999855e+00,3.294021994240969864e-01
1.832410599999999778e+00,3.294021994740498616e-01
1.832550799999999702e+00,3.294021995240157819e-01
1.832690999999999626e+00,3.294021995739947473e-01
1.832831199999999550e+00,3.294021996239867023e-01
1.832971399999999473e+00,3.294021996739917024e-01
1.833111599999999397e+00,3.294021997240097477e-01
1.833251799999999321e+00,3.294021997740408381e-01
1.833391999999999245e+00,3.294021998240849736e-01
1.833532199999999168e+00,3.294021998741421542e-01
1.833672399999999092e+00,3.294021999242123799e-01
1.833812599999999016e+00,3.294021999742957063e-01
1.833952799999998939e+00,3.294022000243920778e-01
1.834000000000000075e+00,3.294022000412590856e-01
1.834140400000000115e+00,3.294022000914446080e-01
1.834280800000000156e+00,3.294022001416434531e-01
1.834421200000000196e+00,3.294022001918556208e-01
1.834561600000000237e+00,3.294022002420811113e-01
1.834702000000000277e+00,3.294022002923198689e-01
1.834842400000000318e+00,3.294022003425720047e-01
1.834982800000000358e+00,3.294022003928374631e-01
1.835123200000000399e+00,3.294022004431162443e-01
1.835263600000000439e+00,3.294022004934083481e-01
1.835404000000000480e+00,3.294022005437137746e-01
1.835544400000000520e+00,3.294022005940325237e-01
1.835684800000000561e+00,3.294022006443646511e-01
1.835825200000000601e+00,3.294022006947101011e-01
1.835965600000000642e+00,3.294022007450689293e-01
1.836019999999999985e+00,3.294022007645832084e-01
1.836160199999999909e+00,3.294022008148890235e-01
1.836300399999999833e+00,3.294022008652084388e-01
1.836440599999999757e+00,3.294022009155413988e-01
1.836580799999999680e+00,3.294022009658879591e-01
1.836720999999999604e+00,3.294022010162480640e-01
1.836861199999999528e+00,3.294022010666217692e-01
1.837001399999999451e+00,3.294022011170090747e-01
1.837141599999999375e+00,3.294022011674099804e-01
1.837281799999999299e+00,3.294022012178244863e-01
1.837421999999999223e+00,3.294022012682525924e-01
1.837562199999999146e+00,3.294022013186942988e-01
1.837702399999999070e+00,3.294022013691496054e-01
1.837842599999998994e+00,3.294022014196185122e-01
1.837982799999998917e+00,3.294022014701010193e-01
1.838030000000000053e+00,3.294022014870980897e-01
1.838170199999999976e+00,3.294022015375989154e-01
1.838310399999999900e+00,3.294022015881134524e-01
1.838450599999999824e+00,3.294022016386417007e-01
1.838590799999999748e+00,3.294022016891837157e-01
1.838730999999999671e+00,3.294022017397394420e-01
1.838871199999999595e+00,3.294022017903088795e-01
1.839011399999999519e+00,3.294022018408920838e-01
1.839151599999999442e+00,3.294022018914890548e-01
1.839291799999999366e+00,3.294022019420997371e-01
1.839431999999999290e+00,3.294022019927241862e-01
1.839572199999999214e+00,3.294022020433624021e-01
1.839712399999999137e+00,3.294022020940143847e-01
1.839852599999999061e+00,3.294022021446801340e-01
1.839992799999998985e+00,3.294022021953596502e-01
1.840039999999999898e+00,3.294022022124230564e-01
1.840179199999999904e+00,3.294022022627596247e-01
1.840318399999999910e+00,3.294022023131101262e-01
1.840457599999999916e+00,3.294022023634745611e-01
1.840596799999999922e+00,3.294022024138529847e-01
1.840735999999999928e+00,3.294022024642453417e-01
1.840875199999999934e+00,3.294022025146516319e-01
1.841014399999999940e+00,3.294022025650719110e-01
1.841153599999999946e+00,3.294022026155061789e-01
1.841292799999999952e+00,3.294022026659544355e-01
1.841431999999999958e+00,3.294022027164166255e-01
1.841571199999999964e+00,3.294022027668928043e-01
1.841710399999999970e+00,3.294022028173829719e-01
1.841849599999999976e+00,3.294022028678871283e-01
1.841988799999999982e+00,3.294022029184052736e-01
1.842000000000000082e+00,3.294022029224700776e-01
1.842140200000000005e+00,3.294022029733660872e-01
1.842280399999999929e+00,3.294022030242758636e-01
1.842420599999999853e+00,3.294022030751994623e-01
1.842560799999999777e+00,3.294022031261368832e-01
1.842700999999999700e+00,3.294022031770881265e-01
1.842841199999999624e+00,3.294022032280531920e-01
1.842981399999999548e+00,3.294022032790320798e-01
1.843121599999999471e+00,3.294022033300247898e-01
1.843261799999999395e+00,3.294022033810313221e-01
1.843401999999999319e+00,3.294022034320516767e-01
1.843542199999999243e+00,3.294022034830858536e-01
1.843682399999999166e+00,3.294022035341339083e-01
1.843822599999999090e+00,3.294022035851957853e-01
1.843962799999999014e+00,3.294022036362715400e-01
1.844009999999999927e+00,3.294022036534683950e-01
1.844150399999999967e+00,3.294022037046354101e-01
1.844290800000000008e+00,3.294022037558161364e-01
1.844431200000000048e+00,3.294022038070105740e-01
1.844571600000000089e+00,3.294022038582187228e-01
1.844712000000000129e+00,3.294022039094405829e-01
1.844852400000000170e+00,3.294022039606762098e-01
1.844992800000000210e+00,3.294022040119256034e-01
1.845133200000000251e+00,3.294022040631887083e-01
1.845273600000000291e+00,3.294022041144655799e-01
1.845414000000000332e+00,3.294022041657562183e-01
1.845554400000000372e+00,3.294022042170605680e-01
1.845694800000000413e+00,3.294022042683786844e-01
1.845835200000000453e+00,3.294022043197105676e-01
1.845975600000000494e+00,3.294022043710562175e-01
1.846030000000000060e+00,3.294022043909529129e-01
1.846170199999999983e+00,3.294022044422443840e-01
1.846310399999999907e+00,3.294022044935495108e-01
1.846450599999999831e+00,3.294022045448682934e-01
1.846590799999999755e+00,3.294022045962007317e-01
1.846730999999999678e+00,3.294022046475468257e-01
1.846871199999999602e+00,3.294022046989065755e-01
1.847011399999999526e+00,3.294022047502799810e-01
1.847151599999999450e+00,3.294022048016670423e-01
1.847291799999999373e+00,3.294022048530677593e-01
1.847431999999999297e+00,3.294022049044821876e-01
1.847572199999999221e+00,3.294022049559102716e-01
1.847712399999999144e+00,3.294022050073520114e-01
1.847852599999999068e+00,3.294022050588074624e-01
1.847992799999998992e+00,3.294022051102765691e-01
1.848039999999999905e+00,3.294022051276058183e-01
1.848179000000000016e+00,3.294022051786526517e-01
1.848318000000000128e+00,3.294022052297131409e-01
1.848457000000000239e+00,3.294022052807872858e-01
1.848596000000000350e+00,3.294022053318750864e-01
1.848735000000000461e+00,3.294022053829765984e-01
1.848874000000000573e+00,3.294022054340917660e-01
1.849013000000000684e+00,3.294022054852206449e-01
1.849152000000000795e+00,3.294022055363632351e-01
1.849291000000000906e+00,3.294022055875194810e-01
1.849430000000001018e+00,3.294022056386894381e-01
1.849569000000001129e+00,3.294022056898730511e-01
1.849708000000001240e+00,3.294022057410703752e-01
1.849847000000001351e+00,3.294022057922814106e-01
1.849986000000001463e+00,3.294022058435061573e-01
1.849990000000000023e+00,3.294022058449802559e-01
1.850130400000000064e+00,3.294022058967345790e-01
1.850270800000000104e+00,3.294022059485021692e-01
1.850411200000000145e+00,3.294022060002830266e-01
1.850551600000000185e+00,3.294022060520771511e-01
1.850692000000000226e+00,3.294022061038845428e-01
1.850832400000000266e+00,3.294022061557052017e-01
1.850972800000000307e+00,3.294022062075391277e-01
1.851113200000000347e+00,3.294022062593863209e-01
1.851253600000000388e+00,3.294022063112468368e-01
1.851394000000000428e+00,3.294022063631206199e-01
1.851534400000000469e+00,3.294022064150076701e-01
1.851674800000000509e+00,3.294022064669080430e-01
1.851815200000000550e+00,3.294022065188216830e-01
1.851955600000000590e+00,3.294022065707486457e-01
1.852009999999999934e+00,3.294022065908704944e-01
1.852150199999999858e+00,3.294022066427416684e-01
1.852290399999999781e+00,3.294022066946258875e-01
1.852430599999999705e+00,3.294022067465231518e-01
1.852570799999999629e+00,3.294022067984334612e-01
1.852710999999999553e+00,3.294022068503568157e-01
1.852851199999999476e+00,3.294022069022932153e-01
1.852991399999999400e+00,3.294022069542426601e-01
1.853131599999999324e+00,3.294022070062052054e-01
1.853271799999999248e+00,3.294022070581807959e-01
1.853411999999999171e+00,3.294022071101694316e-01
1.853552199999999095e+00,3.294022071621711678e-01
1.853692399999999019e+00,3.294022072141860047e-01
1.853832599999998942e+00,3.294022072662138867e-01
1.853972799999998866e+00,3.294022073182548693e-01
1.854020000000000001e+00,3.294022073357765756e-01
1.854160199999999925e+00,3.294022073878347112e-01
1.854300399999999849e+00,3.294022074399056144e-01
1.854440599999999773e+00,3.294022074919893406e-01
1.854580799999999696e+00,3.294022075440858344e-01
1.854720999999999620e+00,3.294022075961950402e-01
1.854861199999999544e+00,3.294022076483170691e-01
1.855001399999999467e+00,3.294022077004518656e-01
1.855141599999999391e+00,3.294022077525994852e-01
1.855281799999999315e+00,3.294022078047598723e-01
1.855421999999999239e+00,3.294022078569330270e-01
1.855562199999999162e+00,3.294022079091190047e-01
1.855702399999999086e+00,3.294022079613177501e-01
1.855842599999999010e+00,3.294022080135293185e-01
1.855982799999998933e+00,3.294022080657537099e-01
1.856030000000000069e+00,3.294022080833371446e-01
1.856169200000000075e+00,3.294022081352058762e-01
1.856308400000000081e+00,3.294022081870872087e-01
1.856447600000000087e+00,3.294022082389811423e-01
1.856586800000000093e+00,3.294022082908876770e-01
1.856726000000000099e+00,3.294022083428068681e-01
1.856865200000000105e+00,3.294022083947386603e-01
1.857004400000000111e+00,3.294022084466830536e-01
1.857143600000000117e+00,3.294022084986400478e-01
1.857282800000000123e+00,3.294022085506096986e-01
1.857422000000000128e+00,3.294022086025919505e-01
1.857561200000000134e+00,3.294022086545868588e-01
1.857700400000000140e+00,3.294022087065943682e-01
1.857839600000000146e+00,3.294022087586145342e-01
1.857978800000000152e+00,3.294022088106473567e-01
1.857990000000000030e+00,3.294022088148340077e-01
1.858130199999999954e+00,3.294022088672537429e-01
1.858270399999999878e+00,3.294022089196855796e-01
1.858410599999999802e+00,3.294022089721295732e-01
1.858550799999999725e+00,3.294022090245857237e-01
1.858690999999999649e+00,3.294022090770539757e-01
1.858831199999999573e+00,3.294022091295343846e-01
1.858971399999999496e+00,3.294022091820269504e-01
1.859111599999999420e+00,3.294022092345316732e-01
1.859251799999999344e+00,3.294022092870485530e-01
1.859391999999999268e+00,3.294022093395775341e-01
1.859532199999999191e+00,3.294022093921186722e-01
1.859672399999999115e+00,3.294022094446719673e-01
1.859812599999999039e+00,3.294022094972374748e-01
1.859952799999998962e+00,3.294022095498150837e-01
1.860000000000000098e+00,3.294022095675173678e-01
1.860140400000000138e+00,3.294022096201858485e-01
1.860280800000000179e+00,3.294022096728660975e-01
1.860421200000000219e+00,3.294022097255581150e-01
1.860561600000000260e+00,3.294022097782618452e-01
1.860702000000000300e+00,3.294022098309773439e-01
1.860842400000000341e+00,3.294022098837046109e-01
1.860982800000000381e+00,3.294022099364436462e-01
1.861123200000000422e+00,3.294022099891944499e-01
1.861263600000000462e+00,3.294022100419570220e-01
1.861404000000000503e+00,3.294022100947313625e-01
1.861544400000000543e+00,3.294022101475174713e-01
1.861684800000000584e+00,3.294022102003153485e-01
1.861825200000000624e+00,3.294022102531249940e-01
1.861965600000000665e+00,3.294022103059464635e-01
1.862020000000000008e+00,3.294022103264147017e-01
1.862160199999999932e+00,3.294022103791768297e-01
1.862300399999999856e+00,3.294022104319503375e-01
1.862440599999999780e+00,3.294022104847352805e-01
1.862580799999999703e+00,3.294022105375316034e-01
1.862720999999999627e+00,3.294022105903393616e-01
1.862861199999999551e+00,3.294022106431584995e-01
1.863001399999999474e+00,3.294022106959890728e-01
1.863141599999999398e+00,3.294022107488310258e-01
1.863281799999999322e+00,3.294022108016844141e-01
1.863421999999999246e+00,3.294022108545491823e-01
1.863562199999999169e+00,3.294022109074253857e-01
1.863702399999999093e+00,3.294022109603129689e-01
1.863842599999999017e+00,3.294022110132119874e-01
1.863982799999998941e+00,3.294022110661224412e-01
1.864030000000000076e+00,3.294022110839366912e-01
1.864170199999999999e+00,3.294022111368619665e-01
1.864310399999999923e+00,3.294022111897982885e-01
1.864450599999999847e+00,3.294022112427456017e-01
1.864590799999999771e+00,3.294022112957039061e-01
1.864730999999999694e+00,3.294022113486732017e-01
1.864871199999999618e+00,3.294022114016535441e-01
1.865011399999999542e+00,3.294022114546449331e-01
1.865151599999999465e+00,3.294022115076472579e-01
1.865291799999999389e+00,3.294022115606606294e-01
1.865431999999999313e+00,3.294022116136850475e-01
1.865572199999999237e+00,3.294022116667204569e-01
1.865712399999999160e+00,3.294022117197669131e-01
1.865852599999999084e+00,3.294022117728243604e-01
1.865992799999999008e+00,3.294022118258928544e-01
1.866039999999999921e+00,3.294022118437602842e-01
1.866179199999999927e+00,3.294022118964646251e-01
1.866318399999999933e+00,3.294022119491796796e-01
1.866457599999999939e+00,3.294022120019054478e-01
1.866596799999999945e+00,3.294022120546419297e-01
1.866735999999999951e+00,3.294022121073891252e-01
1.866875199999999957e+00,3.294022121601470343e-01
1.867014399999999963e+00,3.294022122129156571e-01
1.867153599999999969e+00,3.294022122656949936e-01
1.867292799999999975e+00,3.294022123184850437e-01
1.867431999999999981e+00,3.294022123712858074e-01
1.867571199999999987e+00,3.294022124240973404e-01
1.867710399999999993e+00,3.294022124769195869e-01
1.867849599999999999e+00,3.294022125297525472e-01
1.867988800000000005e+00,3.294022125825962211e-01
1.868000000000000105e+00,3.294022125868480977e-01
1.868140200000000029e+00,3.294022126400824590e-01
1.868280399999999952e+00,3.294022126933269790e-01
1.868420599999999876e+00,3.294022127465816574e-01
1.868560799999999800e+00,3.294022127998464944e-01
1.868700999999999723e+00,3.294022128531215454e-01
1.868841199999999647e+00,3.294022129064067550e-01
1.868981399999999571e+00,3.294022129597021786e-01
1.869121599999999495e+00,3.294022130130077608e-01
1.869261799999999418e+00,3.294022130663235015e-01
1.869401999999999342e+00,3.294022131196494563e-01
1.869542199999999266e+00,3.294022131729855696e-01
1.869682399999999189e+00,3.294022132263318414e-01
1.869822599999999113e+00,3.294022132796883273e-01
1.869962799999999037e+00,3.294022133330549718e-01
1.870009999999999950e+00,3.294022133510226547e-01
1.870150399999999991e+00,3.294022134044786165e-01
1.870290800000000031e+00,3.294022134579442929e-01
1.870431200000000072e+00,3.294022135114196836e-01
1.870571600000000112e+00,3.294022135649047889e-01
1.870712000000000153e+00,3.294022136183996086e-01
1.870852400000000193e+00,3.294022136719041427e-01
1.870992800000000233e+00,3.294022137254183913e-01
1.871133200000000274e+00,3.294022137789424098e-01
1.871273600000000314e+00,3.294022138324761428e-01
1.871414000000000355e+00,3.294022138860195903e-01
1.871554400000000395e+00,3.294022139395728077e-01
1.871694800000000436e+00,3.294022139931357396e-01
1.871835200000000476e+00,3.294022140467083859e-01
1.871975600000000517e+00,3.294022141002908022e-01
1.872030000000000083e+00,3.294022141210535271e-01
1.872170200000000007e+00,3.294022141745726606e-01
1.872310399999999930e+00,3.294022142281010646e-01
1.872450599999999854e+00,3.294022142816387388e-01
1.872590799999999778e+00,3.294022143351857390e-01
1.872730999999999701e+00,3.294022143887420095e-01
1.872871199999999625e+00,3.294022144423076059e-01
1.873011399999999549e+00,3.294022144958825282e-01
1.873151599999999473e+00,3.294022145494667209e-01
1.873291799999999396e+00,3.294022146030601839e-01
1.873431999999999320e+00,3.294022146566629727e-01
1.873572199999999244e+00,3.294022147102750875e-01
1.873712399999999167e+00,3.294022147638964726e-01
1.873852599999999091e+00,3.294022148175271836e-01
1.873992799999999015e+00,3.294022148711672204e-01
1.874039999999999928e+00,3.294022148892268298e-01
1.874179000000000039e+00,3.294022149424197798e-01
1.874318000000000151e+00,3.294022149956217227e-01
1.874457000000000262e+00,3.294022150488326028e-01
1.874596000000000373e+00,3.294022151020524203e-01
1.874735000000000484e+00,3.294022151552812305e-01
1.874874000000000596e+00,3.294022152085190336e-01
1.875013000000000707e+00,3.294022152617657739e-01
1.875152000000000818e+00,3.294022153150215071e-01
1.875291000000000929e+00,3.294022153682862331e-01
1.875430000000001041e+00,3.294022154215598963e-01
1.875569000000001152e+00,3.294022154748425524e-01
1.875708000000001263e+00,3.294022155281341457e-01
1.875847000000001374e+00,3.294022155814347874e-01
1.875986000000001486e+00,3.294022156347443664e-01
1.875990000000000046e+00,3.294022156362784726e-01
1.876130400000000087e+00,3.294022156901336151e-01
1.876270800000000127e+00,3.294022157439971399e-01
1.876411200000000168e+00,3.294022157978690468e-01
1.876551600000000208e+00,3.294022158517493359e-01
1.876692000000000249e+00,3.294022159056380072e-01
1.876832400000000289e+00,3.294022159595350607e-01
1.876972800000000330e+00,3.294022160134404964e-01
1.877113200000000370e+00,3.294022160673542587e-01
1.877253600000000411e+00,3.294022161212764033e-01
1.877394000000000451e+00,3.294022161752069855e-01
1.877534400000000492e+00,3.294022162291458944e-01
1.877674800000000532e+00,3.294022162830931855e-01
1.877815200000000573e+00,3.294022163370489142e-01
1.877955600000000613e+00,3.294022163910129697e-01
1.878009999999999957e+00,3.294022164119234097e-01
1.878150199999999881e+00,3.294022164658217955e-01
1.878290399999999805e+00,3.294022165197281193e-01
1.878430599999999728e+00,3.294022165736423813e-01
1.878570799999999652e+00,3.294022166275645813e-01
1.878710999999999576e+00,3.294022166814947195e-01
1.878851199999999499e+00,3.294022167354327957e-01
1.878991399999999423e+00,3.294022167893788100e-01
1.879131599999999347e+00,3.294022168433327624e-01
1.879271799999999271e+00,3.294022168972946529e-01
1.879411999999999194e+00,3.294022169512644815e-01
1.879552199999999118e+00,3.294022170052422482e-01
1.879692399999999042e+00,3.294022170592279530e-01
1.879832599999998966e+00,3.294022171132215959e-01
1.879972799999998889e+00,3.294022171672231769e-01
1.880020000000000024e+00,3.294022171854043557e-01
1.880160400000000065e+00,3.294022172394930892e-01
1.880300800000000105e+00,3.294022172935893167e-01
1.880441200000000146e+00,3.294022173476929827e-01
1.880581600000000186e+00,3.294022174018040872e-01
1.880722000000000227e+00,3.294022174559226857e-01
1.880862400000000267e+00,3.294022175100487226e-01
1.881002800000000308e+00,3.294022175641821981e-01
1.881143200000000348e+00,3.294022176183231676e-01
1.881283600000000389e+00,3.294022176724715756e-01
1.881424000000000429e+00,3.294022177266274776e-01
1.881564400000000470e+00,3.294022177807908180e-01
1.881704800000000510e+00,3.294022178349615970e-01
1.881845200000000551e+00,3.294022178891398700e-01
1.881985600000000591e+00,3.294022179433255815e-01
1.882039999999999935e+00,3.294022179643217862e-01
1.882179000000000046e+00,3.294022180179771442e-01
1.882318000000000158e+00,3.294022180716396075e-01
1.882457000000000269e+00,3.294022181253092318e-01
1.882596000000000380e+00,3.294022181789859616e-01
1.882735000000000491e+00,3.294022182326697412e-01
1.882874000000000603e+00,3.294022182863606818e-01
1.883013000000000714e+00,3.294022183400586723e-01
1.883152000000000825e+00,3.294022183937638237e-01
1.883291000000000937e+00,3.294022184474760806e-01
1.883430000000001048e+00,3.294022185011954429e-01
1.883569000000001159e+00,3.294022185549219106e-01
1.883708000000001270e+00,3.294022186086554838e-01
1.883847000000001382e+00,3.294022186623961623e-01
1.883986000000001493e+00,3.294022187161440018e-01
1.883990000000000054e+00,3.294022187176907090e-01
1.884130199999999977e+00,3.294022187719092831e-01
1.884270399999999901e+00,3.294022188261344075e-01
1.884410599999999825e+00,3.294022188803660822e-01
1.884550799999999748e+00,3.294022189346043072e-01
1.884690999999999672e+00,3.294022189888490826e-01
1.884831199999999596e+00,3.294022190431004082e-01
1.884971399999999520e+00,3.294022190973582842e-01
1.885111599999999443e+00,3.294022191516227105e-01
1.885251799999999367e+00,3.294022192058936871e-01
1.885391999999999291e+00,3.294022192601712140e-01
1.885532199999999214e+00,3.294022193144552912e-01
1.885672399999999138e+00,3.294022193687459188e-01
1.885812599999999062e+00,3.294022194230430967e-01
1.885952799999998986e+00,3.294022194773468248e-01
1.885999999999999899e+00,3.294022194956295890e-01
1.886140399999999939e+00,3.294022195500190819e-01
1.886280799999999980e+00,3.294022196044146256e-01
1.886421200000000020e+00,3.294022196588162754e-01
1.886561600000000061e+00,3.294022197132239760e-01
1.886702000000000101e+00,3.294022197676377273e-01
1.886842400000000142e+00,3.294022198220575848e-01
1.886982800000000182e+00,3.294022198764835485e-01
1.887123200000000223e+00,3.294022199309155630e-01
1.887263600000000263e+00,3.294022199853536281e-01
1.887404000000000304e+00,3.294022200397977995e-01
1.887544400000000344e+00,3.294022200942480771e-01
1.887684800000000385e+00,3.294022201487044055e-01
1.887825200000000425e+00,3.294022202031667845e-01
1.887965600000000466e+00,3.294022202576352698e-01
1.888020000000000032e+00,3.294022202787407760e-01
1.888160199999999955e+00,3.294022203331396503e-01
1.888300399999999879e+00,3.294022203875441313e-01
1.888440599999999803e+00,3.294022204419542743e-01
1.888580799999999726e+00,3.294022204963700240e-01
1.888720999999999650e+00,3.294022205507913803e-01
1.888861199999999574e+00,3.294022206052183988e-01
1.889001399999999498e+00,3.294022206596510793e-01
1.889141599999999421e+00,3.294022207140893665e-01
1.889281799999999345e+00,3.294022207685332604e-01
1.889421999999999269e+00,3.294022208229827609e-01
1.889562199999999192e+00,3.294022208774379235e-01
1.889702399999999116e+00,3.294022209318986927e-01
1.889842599999999040e+00,3.294022209863651240e-01
1.889982799999998964e+00,3.294022210408371620e-01
1.890030000000000099e+00,3.294022210591764921e-01
1.890170400000000139e+00,3.294022211137332956e-01
1.890310800000000180e+00,3.294022211682952617e-01
1.890451200000000220e+00,3.294022212228623903e-01
1.890591600000000261e+00,3.294022212774346814e-01
1.890732000000000301e+00,3.294022213320121351e-01
1.890872400000000342e+00,3.294022213865947513e-01
1.891012800000000382e+00,3.294022214411825300e-01
1.891153200000000423e+00,3.294022214957754713e-01
1.891293600000000463e+00,3.294022215503735751e-01
1.891434000000000504e+00,3.294022216049768415e-01
1.891574400000000544e+00,3.294022216595852703e-01
1.891714800000000585e+00,3.294022217141988618e-01
1.891855200000000625e+00,3.294022217688176157e-01
1.891995600000000666e+00,3.294022218234415322e-01
1.892050000000000010e+00,3.294022218446071570e-01
1.892188999999999899e+00,3.294022218986931150e-01
1.892327999999999788e+00,3.294022219527838469e-01
1.892466999999999677e+00,3.294022220068793527e-01
1.892605999999999566e+00,3.294022220609796325e-01
1.892744999999999456e+00,3.294022221150846863e-01
1.892883999999999345e+00,3.294022221691945695e-01
1.893022999999999234e+00,3.294022222233092267e-01
1.893161999999999123e+00,3.294022222774286579e-01
1.893300999999999013e+00,3.294022223315528630e-01
1.893439999999998902e+00,3.294022223856818421e-01
1.893578999999998791e+00,3.294022224398155951e-01
1.893717999999998680e+00,3.294022224939541221e-01
1.893856999999998569e+00,3.294022225480974231e-01
1.893995999999998459e+00,3.294022226022454980e-01
1.893999999999999906e+00,3.294022226038037515e-01
1.894140199999999830e+00,3.294022226584237267e-01
1.894280399999999753e+00,3.294022227130479763e-01
1.894420599999999677e+00,3.294022227676765002e-01
1.894560799999999601e+00,3.294022228223092430e-01
1.894700999999999524e+00,3.294022228769462601e-01
1.894841199999999448e+00,3.294022229315875516e-01
1.894981399999999372e+00,3.294022229862331175e-01
1.895121599999999296e+00,3.294022230408829577e-01
1.895261799999999219e+00,3.294022230955370723e-01
1.895401999999999143e+00,3.294022231501954612e-01
1.895542199999999067e+00,3.294022232048580690e-01
1.895682399999998990e+00,3.294022232595250066e-01
1.895822599999998914e+00,3.294022233141961631e-01
1.895962799999998838e+00,3.294022233688715939e-01
1.896009999999999973e+00,3.294022233872792027e-01
1.896150400000000014e+00,3.294022234420379003e-01
1.896290800000000054e+00,3.294022234968003726e-01
1.896431200000000095e+00,3.294022235515666752e-01
1.896571600000000135e+00,3.294022236063368081e-01
1.896712000000000176e+00,3.294022236611107157e-01
1.896852400000000216e+00,3.294022237158884536e-01
1.896992800000000257e+00,3.294022237706700218e-01
1.897133200000000297e+00,3.294022238254553647e-01
1.897273600000000338e+00,3.294022238802445379e-01
1.897414000000000378e+00,3.294022239350375414e-01
1.897554400000000419e+00,3.294022239898343196e-01
1.897694800000000459e+00,3.294022240446349281e-01
1.897835200000000500e+00,3.294022240994393669e-01
1.897975600000000540e+00,3.294022241542476359e-01
1.898030000000000106e+00,3.294022241754844815e-01
1.898170200000000030e+00,3.294022242302194758e-01
1.898310399999999953e+00,3.294022242849578563e-01
1.898450599999999877e+00,3.294022243396996230e-01
1.898590799999999801e+00,3.294022243944447759e-01
1.898730999999999725e+00,3.294022244491933149e-01
1.898871199999999648e+00,3.294022245039451846e-01
1.899011399999999572e+00,3.294022245587004405e-01
1.899151599999999496e+00,3.294022246134590826e-01
1.899291799999999419e+00,3.294022246682211108e-01
1.899431999999999343e+00,3.294022247229865252e-01
1.899572199999999267e+00,3.294022247777552703e-01
1.899712399999999191e+00,3.294022248325274571e-01
1.899852599999999114e+00,3.294022248873029746e-01
1.899992799999999038e+00,3.294022249420818782e-01
1.900039999999999951e+00,3.294022249605242370e-01
1.900179000000000062e+00,3.294022250148384012e-01
1.900318000000000174e+00,3.294022250691555076e-01
1.900457000000000285e+00,3.294022251234756116e-01
1.900596000000000396e+00,3.294022251777987131e-01
1.900735000000000507e+00,3.294022252321247568e-01
1.900874000000000619e+00,3.294022252864537981e-01
1.901013000000000730e+00,3.294022253407857814e-01
1.901152000000000841e+00,3.294022253951207624e-01
1.901291000000000952e+00,3.294022254494587409e-01
1.901430000000001064e+00,3.294022255037996616e-01
1.901569000000001175e+00,3.294022255581435799e-01
1.901708000000001286e+00,3.294022256124904957e-01
1.901847000000001398e+00,3.294022256668404092e-01
1.901986000000001509e+00,3.294022257211932647e-01
1.901990000000000069e+00,3.294022257227574024e-01
1.902130400000000110e+00,3.294022257776603180e-01
1.902270800000000150e+00,3.294022258325657315e-01
1.902411200000000191e+00,3.294022258874736431e-01
1.902551600000000231e+00,3.294022259423840526e-01
1.902692000000000272e+00,3.294022259972969602e-01
1.902832400000000312e+00,3.294022260522123657e-01
1.902972800000000353e+00,3.294022261071302693e-01
1.903113200000000393e+00,3.294022261620506709e-01
1.903253600000000434e+00,3.294022262169735704e-01
1.903394000000000474e+00,3.294022262718990235e-01
1.903534400000000515e+00,3.294022263268269746e-01
1.903674800000000555e+00,3.294022263817574236e-01
1.903815200000000596e+00,3.294022264366903707e-01
1.903955600000000636e+00,3.294022264916258158e-01
1.904009999999999980e+00,3.294022265129117333e-01
1.904150199999999904e+00,3.294022265677720163e-01
1.904290399999999828e+00,3.294022266226343532e-01
1.904430599999999751e+00,3.294022266774987995e-01
1.904570799999999675e+00,3.294022267323652997e-01
1.904710999999999599e+00,3.294022267872339094e-01
1.904851199999999523e+00,3.294022268421045729e-01
1.904991399999999446e+00,3.294022268969773459e-01
1.905131599999999370e+00,3.294022269518521728e-01
1.905271799999999294e+00,3.294022270067291092e-01
1.905411999999999217e+00,3.294022270616080994e-01
1.905552199999999141e+00,3.294022271164891991e-01
1.905692399999999065e+00,3.294022271713724082e-01
1.905832599999998989e+00,3.294022272262576712e-01
1.905972799999998912e+00,3.294022272811450436e-01
1.906020000000000048e+00,3.294022272996238176e-01
1.906160400000000088e+00,3.294022273545918478e-01
1.906300800000000129e+00,3.294022274095614877e-01
1.906441200000000169e+00,3.294022274645328485e-01
1.906581600000000210e+00,3.294022275195058747e-01
1.906722000000000250e+00,3.294022275744805106e-01
1.906862400000000290e+00,3.294022276294568119e-01
1.907002800000000331e+00,3.294022276844347785e-01
1.907143200000000371e+00,3.294022277394144105e-01
1.907283600000000412e+00,3.294022277943957078e-01
1.907424000000000452e+00,3.294022278493786704e-01
1.907564400000000493e+00,3.294022279043632984e-01
1.907704800000000533e+00,3.294022279593495917e-01
1.907845200000000574e+00,3.294022280143375503e-01
1.907985600000000614e+00,3.294022280693271187e-01
1.908039999999999958e+00,3.294022280906339084e-01
1.908179000000000070e+00,3.294022281450770806e-01
1.908318000000000181e+00,3.294022281995215296e-01
1.908457000000000292e+00,3.294022282539672553e-01
1.908596000000000403e+00,3.294022283084142577e-01
1.908735000000000515e+00,3.294022283628625369e-01
1.908874000000000626e+00,3.294022284173120374e-01
1.909013000000000737e+00,3.294022284717628701e-01
1.909152000000000848e+00,3.294022285262149241e-01
1.909291000000000960e+00,3.294022285806682548e-01
1.909430000000001071e+00,3.294022286351228623e-01
1.909569000000001182e+00,3.294022286895787466e-01
1.909708000000001293e+00,3.294022287440358521e-01
1.909847000000001405e+00,3.294022287984942898e-01
1.909986000000001516e+00,3.294022288529540043e-01
1.909990000000000077e+00,3.294022288545211952e-01
1.910130200000000000e+00,3.294022289094519218e-01
1.910270399999999924e+00,3.294022289643834811e-01
1.910410599999999848e+00,3.294022290193158731e-01
1.910550799999999771e+00,3.294022290742491532e-01
1.910690999999999695e+00,3.294022291291832660e-01
1.910831199999999619e+00,3.294022291841182115e-01
1.910971399999999543e+00,3.294022292390540452e-01
1.911111599999999466e+00,3.294022292939906560e-01
1.911251799999999390e+00,3.294022293489281550e-01
1.911391999999999314e+00,3.294022294038664866e-01
1.911532199999999238e+00,3.294022294588056510e-01
1.911672399999999161e+00,3.294022295137456480e-01
1.911812599999999085e+00,3.294022295686864776e-01
1.911952799999999009e+00,3.294022296236281955e-01
1.911999999999999922e+00,3.294022296421250662e-01
1.912140399999999962e+00,3.294022296971458874e-01
1.912280800000000003e+00,3.294022297521671527e-01
1.912421200000000043e+00,3.294022298071888621e-01
1.912561600000000084e+00,3.294022298622110156e-01
1.912702000000000124e+00,3.294022299172336687e-01
1.912842400000000165e+00,3.294022299722567104e-01
1.912982800000000205e+00,3.294022300272802517e-01
1.913123200000000246e+00,3.294022300823042371e-01
1.913263600000000286e+00,3.294022301373286665e-01
1.913404000000000327e+00,3.294022301923535401e-01
1.913544400000000367e+00,3.294022302473788577e-01
1.913684800000000408e+00,3.294022303024046194e-01
1.913825200000000448e+00,3.294022303574308252e-01
1.913965600000000489e+00,3.294022304124574752e-01
1.914020000000000055e+00,3.294022304337784202e-01
1.914160199999999978e+00,3.294022304887269104e-01
1.914300399999999902e+00,3.294022305436754561e-01
1.914440599999999826e+00,3.294022305986241128e-01
1.914580799999999750e+00,3.294022306535727695e-01
1.914720999999999673e+00,3.294022307085214818e-01
1.914861199999999597e+00,3.294022307634703051e-01
1.915001399999999521e+00,3.294022308184191283e-01
1.915141599999999444e+00,3.294022308733680626e-01
1.915281799999999368e+00,3.294022309283170524e-01
1.915421999999999292e+00,3.294022309832660977e-01
1.915562199999999216e+00,3.294022310382151986e-01
1.915702399999999139e+00,3.294022310931643549e-01
1.915842599999999063e+00,3.294022311481135667e-01
1.915982799999998987e+00,3.294022312030628341e-01
1.916029999999999900e+00,3.294022312215621473e-01
1.916170399999999940e+00,3.293986793191266971e-01
1.916310799999999981e+00,3.293951278765605561e-01
1.916451200000000021e+00,3.293915768937790145e-01
1.916591600000000062e+00,3.293880263706971401e-01
1.916732000000000102e+00,3.293844763072302229e-01
1.916872400000000143e+00,3.293809267032936638e-01
1.917012800000000183e+00,3.293773775588025865e-01
1.917153200000000224e+00,3.293738288736724473e-01
1.917293600000000264e+00,3.293702806478185363e-01
1.917434000000000305e+00,3.293667328811561990e-01
1.917574400000000345e+00,3.293631855736007807e-01
1.917714800000000386e+00,3.293596387250676827e-01
1.917855200000000426e+00,3.293560923354723058e-01
1.917995600000000467e+00,3.293525464047301621e-01
1.918050000000000033e+00,3.293511726065304623e-01
1.918188999999999922e+00,3.293476626583632938e-01
1.918327999999999811e+00,3.293441531561323576e-01
1.918466999999999700e+00,3.293406440997563300e-01
1.918605999999999590e+00,3.293371354891538871e-01
1.918744999999999479e+00,3.293336273242438161e-01
1.918883999999999368e+00,3.293301196049447377e-01
1.919022999999999257e+00,3.293266123311754390e-01
1.919161999999999146e+00,3.293231055028547072e-01
1.919300999999999036e+00,3.293195991199014405e-01
1.919439999999998925e+00,3.293160931822343707e-01
1.919578999999998814e+00,3.293125876897723403e-01
1.919717999999998703e+00,3.293090826424341366e-01
1.919856999999998592e+00,3.293055780401387134e-01
1.919995999999998482e+00,3.293020738828049687e-01
1.919999999999999929e+00,3.293019730504231357e-01
1.920140199999999853e+00,3.292984391016432477e-01
1.920280399999999776e+00,3.292949056021046150e-01
1.920420599999999700e+00,3.292913725517246371e-01
1.920560799999999624e+00,3.292878399504206577e-01
1.920700999999999548e+00,3.292843077981102429e-01
1.920841199999999471e+00,3.292807760947109585e-01
1.920981399999999395e+00,3.292772448401403151e-01
1.921121599999999319e+00,3.292737140343158786e-01
1.921261799999999242e+00,3.292701836771551593e-01
1.921401999999999166e+00,3.292666537685756678e-01
1.921542199999999090e+00,3.292631243084950809e-01
1.921682399999999014e+00,3.292595952968310202e-01
1.921822599999998937e+00,3.292560667335010516e-01
1.921962799999998861e+00,3.292525386184229630e-01
1.922009999999999996e+00,3.292513509384146220e-01
1.922150400000000037e+00,3.292478183872598052e-01
1.922290800000000077e+00,3.292442862821418625e-01
1.922431200000000118e+00,3.292407546229787485e-01
1.922571600000000158e+00,3.292372234096886396e-01
1.922712000000000199e+00,3.292336926421893795e-01
1.922852400000000239e+00,3.292301623203990890e-01
1.922992800000000280e+00,3.292266324442358338e-01
1.923133200000000320e+00,3.292231030136177350e-01
1.923273600000000361e+00,3.292195740284629135e-01
1.923414000000000401e+00,3.292160454886893795e-01
1.923554400000000442e+00,3.292125173942153649e-01
1.923694800000000482e+00,3.292089897449589908e-01
1.923835200000000523e+00,3.292054625408384338e-01
1.923975600000000563e+00,3.292019357817719261e-01
1.924029999999999907e+00,3.292005694094210511e-01
1.924170199999999831e+00,3.291970482870449355e-01
1.924310399999999754e+00,3.291935276049043346e-01
1.924450599999999678e+00,3.291900073629184242e-01
1.924590799999999602e+00,3.291864875610064911e-01
1.924730999999999526e+00,3.291829681990878220e-01
1.924871199999999449e+00,3.291794492770816483e-01
1.925011399999999373e+00,3.291759307949072566e-01
1.925151599999999297e+00,3.291724127524840449e-01
1.925291799999999220e+00,3.291688951497313553e-01
1.925431999999999144e+00,3.291653779865686413e-01
1.925572199999999068e+00,3.291618612629151341e-01
1.925712399999998992e+00,3.291583449786902871e-01
1.925852599999998915e+00,3.291548291338135535e-01
1.925992799999998839e+00,3.291513137282043311e-01
1.926039999999999974e+00,3.291501303257088340e-01
1.926179199999999980e+00,3.291466405719525867e-01
1.926318399999999986e+00,3.291431512473256826e-01
1.926457599999999992e+00,3.291396623517500175e-01
1.926596799999999998e+00,3.291361738851473762e-01
1.926736000000000004e+00,3.291326858474398209e-01
1.926875200000000010e+00,3.291291982385492476e-01
1.927014400000000016e+00,3.291257110583976631e-01
1.927153600000000022e+00,3.291222243069069631e-01
1.927292800000000028e+00,3.291187379839992655e-01
1.927432000000000034e+00,3.291152520895965217e-01
1.927571200000000040e+00,3.291117666236207384e-01
1.927710400000000046e+00,3.291082815859939781e-01
1.927849600000000052e+00,3.291047969766384140e-01
1.927988800000000058e+00,3.291013127954761086e-01
1.927999999999999936e+00,3.291010324784131025e-01
1.928140199999999860e+00,3.290975237319417324e-01
1.928280399999999783e+00,3.290940154170445275e-01
1.928420599999999707e+00,3.290905075336423846e-01
1.928560799999999631e+00,3.290870000816563667e-01
1.928700999999999555e+00,3.290834930610073705e-01
1.928841199999999478e+00,3.290799864716164036e-01
1.928981399999999402e+00,3.290764803134045291e-01
1.929121599999999326e+00,3.290729745862927547e-01
1.929261799999999250e+00,3.290694692902020879e-01
1.929401999999999173e+00,3.290659644250535920e-01
1.929542199999999097e+00,3.290624599907683856e-01
1.929682399999999021e+00,3.290589559872676428e-01
1.929822599999998944e+00,3.290554524144723714e-01
1.929962799999998868e+00,3.290519492723038009e-01
1.930010000000000003e+00,3.290507699972077260e-01
1.930150199999999927e+00,3.290472674274388942e-01
1.930290399999999851e+00,3.290437652850338734e-01
1.930430599999999774e+00,3.290402635699144485e-01
1.930570799999999698e+00,3.290367622820023485e-01
1.930710999999999622e+00,3.290332614212194695e-01
1.930851199999999546e+00,3.290297609874875406e-01
1.930991399999999469e+00,3.290262609807285132e-01
1.931131599999999393e+00,3.290227614008641721e-01
1.931271799999999317e+00,3.290192622478164131e-01
1.931411999999999241e+00,3.290157635215070764e-01
1.931552199999999164e+00,3.290122652218580579e-01
1.931692399999999088e+00,3.290087673487913644e-01
1.931832599999999012e+00,3.290052699022289473e-01
1.931972799999998935e+00,3.290017728820927023e-01
1.932020000000000071e+00,3.290005956674483811e-01
1.932160400000000111e+00,3.289970942267405607e-01
1.932300800000000152e+00,3.289935932105744198e-01
1.932441200000000192e+00,3.289900926188722430e-01
1.932581600000000233e+00,3.289865924515562590e-01
1.932722000000000273e+00,3.289830927085487522e-01
1.932862400000000314e+00,3.289795933897718960e-01
1.933002800000000354e+00,3.289760944951480859e-01
1.933143200000000395e+00,3.289725960245995506e-01
1.933283600000000435e+00,3.289690979780486857e-01
1.933424000000000476e+00,3.289656003554178865e-01
1.933564400000000516e+00,3.289621031566294374e-01
1.933704800000000557e+00,3.289586063816057337e-01
1.933845200000000597e+00,3.289551100302692266e-01
1.933985600000000638e+00,3.289516141025423113e-01
1.934039999999999981e+00,3.289502596723369310e-01
1.934179000000000093e+00,3.289467991800913427e-01
1.934318000000000204e+00,3.289433390988644734e-01
1.934457000000000315e+00,3.289398794285817718e-01
1.934596000000000426e+00,3.289364201691687972e-01
1.934735000000000538e+00,3.289329613205509983e-01
1.934874000000000649e+00,3.289295028826541012e-01
1.935013000000000760e+00,3.289260448554034988e-01
1.935152000000000871e+00,3.289225872387247507e-01
1.935291000000000983e+00,3.289191300325435274e-01
1.935430000000001094e+00,3.289156732367854441e-01
1.935569000000001205e+00,3.289122168513760602e-01
1.935708000000001316e+00,3.289087608762411019e-01
1.935847000000001428e+00,3.289053053113061842e-01
1.935986000000001539e+00,3.289018501564970332e-01
1.935990000000000100e+00,3.289017507341047142e-01
1.936130400000000140e+00,3.288982612054574539e-01
1.936270800000000181e+00,3.288947720933473318e-01
1.936411200000000221e+00,3.288912833976980754e-01
1.936551600000000262e+00,3.288877951184334680e-01
1.936692000000000302e+00,3.288843072554772928e-01
1.936832400000000343e+00,3.288808198087534995e-01
1.936972800000000383e+00,3.288773327781858158e-01
1.937113200000000424e+00,3.288738461636981913e-01
1.937253600000000464e+00,3.288703599652144094e-01
1.937394000000000505e+00,3.288668741826584196e-01
1.937534400000000545e+00,3.288633888159541718e-01
1.937674800000000586e+00,3.288599038650256157e-01
1.937815200000000626e+00,3.288564193297967009e-01
1.937955600000000667e+00,3.288529352101913217e-01
1.938010000000000010e+00,3.288515853537513078e-01
1.938150199999999934e+00,3.288481067696962801e-01
1.938290399999999858e+00,3.288446285968735783e-01
1.938430599999999782e+00,3.288411508352080403e-01
1.938570799999999705e+00,3.288376734846246152e-01
1.938710999999999629e+00,3.288341965450483628e-01
1.938851199999999553e+00,3.288307200164040656e-01
1.938991399999999476e+00,3.288272438986167834e-01
1.939131599999999400e+00,3.288237681916114097e-01
1.939271799999999324e+00,3.288202928953129489e-01
1.939411999999999248e+00,3.288168180096464610e-01
1.939552199999999171e+00,3.288133435345370059e-01
1.939692399999999095e+00,3.288098694699096436e-01
1.939832599999999019e+00,3.288063958156893785e-01
1.939972799999998943e+00,3.288029225718013260e-01
1.940020000000000078e+00,3.288017533593939334e-01
1.940160200000000001e+00,3.287982806611182696e-01
1.940300399999999925e+00,3.287948083702545432e-01
1.940440599999999849e+00,3.287913364867283694e-01
1.940580799999999773e+00,3.287878650104653633e-01
1.940720999999999696e+00,3.287843939413912508e-01
1.940861199999999620e+00,3.287809232794316472e-01
1.941001399999999544e+00,3.287774530245123339e-01
1.941141599999999467e+00,3.287739831765589260e-01
1.941281799999999391e+00,3.287705137354972051e-01
1.941421999999999315e+00,3.287670447012528974e-01
1.941562199999999239e+00,3.287635760737519508e-01
1.941702399999999162e+00,3.287601078529199250e-01
1.941842599999999086e+00,3.287566400386826571e-01
1.941982799999999010e+00,3.287531726309660396e-01
1.942029999999999923e+00,3.287520053828210109e-01
1.942169199999999929e+00,3.287520054371391165e-01
1.942308399999999935e+00,3.287520054914525036e-01
1.942447599999999941e+00,3.287520055457611723e-01
1.942586799999999947e+00,3.287520056000651225e-01
1.942725999999999953e+00,3.287520056543644098e-01
1.942865199999999959e+00,3.287520057086589786e-01
1.943004399999999965e+00,3.287520057629488290e-01
1.943143599999999971e+00,3.287520058172339610e-01
1.943282799999999977e+00,3.287520058715143745e-01
1.943421999999999983e+00,3.287520059257900695e-01
1.943561199999999989e+00,3.287520059800610461e-01
1.943700399999999995e+00,3.287520060343273598e-01
1.943839600000000001e+00,3.287520060885888995e-01
1.943978800000000007e+00,3.287520061428457763e-01
1.943990000000000107e+00,3.287520061472112287e-01
1.944130200000000031e+00,3.287520062018525202e-01
1.944270399999999954e+00,3.287520062564888712e-01
1.944410599999999878e+00,3.287520063111203372e-01
1.944550799999999802e+00,3.287520063657468627e-01
1.944690999999999725e+00,3.287520064203683923e-01
1.944831199999999649e+00,3.287520064749849813e-01
1.944971399999999573e+00,3.287520065295966853e-01
1.945111599999999497e+00,3.287520065842034489e-01
1.945251799999999420e+00,3.287520066388052720e-01
1.945391999999999344e+00,3.287520066934020990e-01
1.945532199999999268e+00,3.287520067479940411e-01
1.945672399999999191e+00,3.287520068025810427e-01
1.945812599999999115e+00,3.287520068571631038e-01
1.945952799999999039e+00,3.287520069117402244e-01
1.945999999999999952e+00,3.287520069301136938e-01
1.946140199999999876e+00,3.287520069846839310e-01
1.946280399999999799e+00,3.287520070392489502e-01
1.946420599999999723e+00,3.287520070938087513e-01
1.946560799999999647e+00,3.287520071483633344e-01
1.946700999999999571e+00,3.287520072029126994e-01
1.946841199999999494e+00,3.287520072574568464e-01
1.946981399999999418e+00,3.287520073119957753e-01
1.947121599999999342e+00,3.287520073665294862e-01
1.947261799999999266e+00,3.287520074210579790e-01
1.947401999999999189e+00,3.287520074755813093e-01
1.947542199999999113e+00,3.287520075300993661e-01
1.947682399999999037e+00,3.287520075846122602e-01
1.947822599999998960e+00,3.287520076391199364e-01
1.947962799999998884e+00,3.287520076936223390e-01
1.948010000000000019e+00,3.287520077119706619e-01
1.948150400000000060e+00,3.287520077665436191e-01
1.948290800000000100e+00,3.287520078211111363e-01
1.948431200000000141e+00,3.287520078756731579e-01
1.948571600000000181e+00,3.287520079302296838e-01
1.948712000000000222e+00,3.287520079847807697e-01
1.948852400000000262e+00,3.287520080393264155e-01
1.948992800000000303e+00,3.287520080938665656e-01
1.949133200000000343e+00,3.287520081484012757e-01
1.949273600000000384e+00,3.287520082029304902e-01
1.949414000000000424e+00,3.287520082574542091e-01
1.949554400000000465e+00,3.287520083119724879e-01
1.949694800000000505e+00,3.287520083664853265e-01
1.949835200000000546e+00,3.287520084209926696e-01
1.949975600000000586e+00,3.287520084754945726e-01
1.950029999999999930e+00,3.287520084966112921e-01
1.950170199999999854e+00,3.287520085510277079e-01
1.950310399999999778e+00,3.287520086054384061e-01
1.950450599999999701e+00,3.287520086598433311e-01
1.950590799999999625e+00,3.287520087142425385e-01
1.950730999999999549e+00,3.287520087686359727e-01
1.950871199999999472e+00,3.287520088230236892e-01
1.951011399999999396e+00,3.287520088774056326e-01
1.951151599999999320e+00,3.287520089317818583e-01
1.951291799999999244e+00,3.287520089861523664e-01
1.951431999999999167e+00,3.287520090405171569e-01
1.951572199999999091e+00,3.287520090948761742e-01
1.951712399999999015e+00,3.287520091492294738e-01
1.951852599999998938e+00,3.287520092035770558e-01
1.951992799999998862e+00,3.287520092579188646e-01
1.952039999999999997e+00,3.287520092762130641e-01
1.952179200000000003e+00,3.287520093301593005e-01
1.952318400000000009e+00,3.287520093840994861e-01
1.952457600000000015e+00,3.287520094380335656e-01
1.952596800000000021e+00,3.287520094919616498e-01
1.952736000000000027e+00,3.287520095458836278e-01
1.952875200000000033e+00,3.287520095997995551e-01
1.953014400000000039e+00,3.287520096537094316e-01
1.953153600000000045e+00,3.287520097076132575e-01
1.953292800000000051e+00,3.287520097615110326e-01
1.953432000000000057e+00,3.287520098154027570e-01
1.953571200000000063e+00,3.287520098692884307e-01
1.953710400000000069e+00,3.287520099231680537e-01
1.953849600000000075e+00,3.287520099770416260e-01
1.953988800000000081e+00,3.287520100309090920e-01
1.953999999999999959e+00,3.287520100352432362e-01
1.954140199999999883e+00,3.287520100894909536e-01
1.954280399999999807e+00,3.287520101437324538e-01
1.954420599999999730e+00,3.287520101979677367e-01
1.954560799999999654e+00,3.287520102521968024e-01
1.954700999999999578e+00,3.287520103064195953e-01
1.954841199999999501e+00,3.287520103606361710e-01
1.954981399999999425e+00,3.287520104148465294e-01
1.955121599999999349e+00,3.287520104690506151e-01
1.955261799999999273e+00,3.287520105232484835e-01
1.955401999999999196e+00,3.287520105774401347e-01
1.955542199999999120e+00,3.287520106316255686e-01
1.955682399999999044e+00,3.287520106858047853e-01
1.955822599999998967e+00,3.287520107399777847e-01
1.955962799999998891e+00,3.287520107941445113e-01
1.956010000000000026e+00,3.287520108123797025e-01
1.956150199999999950e+00,3.287520108665378804e-01
1.956290399999999874e+00,3.287520109206895635e-01
1.956430599999999798e+00,3.287520109748347519e-01
1.956570799999999721e+00,3.287520110289735009e-01
1.956710999999999645e+00,3.287520110831057552e-01
1.956851199999999569e+00,3.287520111372315701e-01
1.956991399999999492e+00,3.287520111913508902e-01
1.957131599999999416e+00,3.287520112454637711e-01
1.957271799999999340e+00,3.287520112995701571e-01
1.957411999999999264e+00,3.287520113536700483e-01
1.957552199999999187e+00,3.287520114077635003e-01
1.957692399999999111e+00,3.287520114618504574e-01
1.957832599999999035e+00,3.287520115159309197e-01
1.957972799999998958e+00,3.287520115700049428e-01
1.958020000000000094e+00,3.287520115882088811e-01
1.958160400000000134e+00,3.287520116423511829e-01
1.958300800000000175e+00,3.287520116964867678e-01
1.958441200000000215e+00,3.287520117506156914e-01
1.958581600000000256e+00,3.287520118047378981e-01
1.958722000000000296e+00,3.287520118588534435e-01
1.958862400000000337e+00,3.287520119129622720e-01
1.959002800000000377e+00,3.287520119670644392e-01
1.959143200000000418e+00,3.287520120211598895e-01
1.959283600000000458e+00,3.287520120752486785e-01
1.959424000000000499e+00,3.287520121293307507e-01
1.959564400000000539e+00,3.287520121834061615e-01
1.959704800000000580e+00,3.287520122374749110e-01
1.959845200000000620e+00,3.287520122915369436e-01
1.959985600000000661e+00,3.287520123455923149e-01
1.960040000000000004e+00,3.287520123665358396e-01
1.960178999999999894e+00,3.287520124200425942e-01
1.960317999999999783e+00,3.287520124735423543e-01
1.960456999999999672e+00,3.287520125270350646e-01
1.960595999999999561e+00,3.287520125805207249e-01
1.960734999999999451e+00,3.287520126339993909e-01
1.960873999999999340e+00,3.287520126874710069e-01
1.961012999999999229e+00,3.287520127409356285e-01
1.961151999999999118e+00,3.287520127943932557e-01
1.961290999999999007e+00,3.287520128478438330e-01
1.961429999999998897e+00,3.287520129012874159e-01
1.961568999999998786e+00,3.287520129547240044e-01
1.961707999999998675e+00,3.287520130081535430e-01
1.961846999999998564e+00,3.287520130615760872e-01
1.961985999999998453e+00,3.287520131149916369e-01
1.961989999999999901e+00,3.287520131165287962e-01
1.962130399999999941e+00,3.287520131704749771e-01
1.962270799999999982e+00,3.287520132244139970e-01
1.962411200000000022e+00,3.287520132783459115e-01
1.962551600000000063e+00,3.287520133322706650e-01
1.962692000000000103e+00,3.287520133861883131e-01
1.962832400000000144e+00,3.287520134400988558e-01
1.962972800000000184e+00,3.287520134940022376e-01
1.963113200000000225e+00,3.287520135478984584e-01
1.963253600000000265e+00,3.287520136017875738e-01
1.963394000000000306e+00,3.287520136556695838e-01
1.963534400000000346e+00,3.287520137095444328e-01
1.963674800000000387e+00,3.287520137634121764e-01
1.963815200000000427e+00,3.287520138172728146e-01
1.963955600000000468e+00,3.287520138711262918e-01
1.964010000000000034e+00,3.287520138919915458e-01
1.964150199999999957e+00,3.287520139457582036e-01
1.964290399999999881e+00,3.287520139995175339e-01
1.964430599999999805e+00,3.287520140532694812e-01
1.964570799999999728e+00,3.287520141070140456e-01
1.964710999999999652e+00,3.287520141607512825e-01
1.964851199999999576e+00,3.287520142144811364e-01
1.964991399999999500e+00,3.287520142682036073e-01
1.965131599999999423e+00,3.287520143219187507e-01
1.965271799999999347e+00,3.287520143756265667e-01
1.965411999999999271e+00,3.287520144293269997e-01
1.965552199999999194e+00,3.287520144830201052e-01
1.965692399999999118e+00,3.287520145367058277e-01
1.965832599999999042e+00,3.287520145903842228e-01
1.965972799999998966e+00,3.287520146440552349e-01
1.966020000000000101e+00,3.287520146621234485e-01
1.966160200000000025e+00,3.287520147157844130e-01
1.966300399999999948e+00,3.287520147694378836e-01
1.966440599999999872e+00,3.287520148230837491e-01
1.966580799999999796e+00,3.287520148767220651e-01
1.966720999999999719e+00,3.287520149303528316e-01
1.966861199999999643e+00,3.287520149839760486e-01
1.967001399999999567e+00,3.287520150375917161e-01
1.967141599999999491e+00,3.287520150911997785e-01
1.967281799999999414e+00,3.287520151448002914e-01
1.967421999999999338e+00,3.287520151983932548e-01
1.967562199999999262e+00,3.287520152519786687e-01
1.967702399999999185e+00,3.287520153055565331e-01
1.967842599999999109e+00,3.287520153591268479e-01
1.967982799999999033e+00,3.287520154126896132e-01
1.968029999999999946e+00,3.287520154307213005e-01
1.968169199999999952e+00,3.287520154838916020e-01
1.968308399999999958e+00,3.287520155370541319e-01
1.968447599999999964e+00,3.287520155902087793e-01
1.968586799999999970e+00,3.287520156433555996e-01
1.968725999999999976e+00,3.287520156964945373e-01
1.968865199999999982e+00,3.287520157496256479e-01
1.969004399999999988e+00,3.287520158027488759e-01
1.969143599999999994e+00,3.287520158558642769e-01
1.969282800000000000e+00,3.287520159089718508e-01
1.969422000000000006e+00,3.287520159620715976e-01
1.969561200000000012e+00,3.287520160151635173e-01
1.969700400000000018e+00,3.287520160682475545e-01
1.969839600000000024e+00,3.287520161213237646e-01
1.969978800000000030e+00,3.287520161743921476e-01
1.969989999999999908e+00,3.287520161786620099e-01
1.970130199999999832e+00,3.287520162321030393e-01
1.970270399999999755e+00,3.287520162855361305e-01
1.970410599999999679e+00,3.287520163389612282e-01
1.970550799999999603e+00,3.287520163923783878e-01
1.970690999999999526e+00,3.287520164457876093e-01
1.970831199999999450e+00,3.287520164991888372e-01
1.970971399999999374e+00,3.287520165525821270e-01
1.971111599999999298e+00,3.287520166059674787e-01
1.971251799999999221e+00,3.287520166593448367e-01
1.971391999999999145e+00,3.287520167127142567e-01
1.971532199999999069e+00,3.287520167660757386e-01
1.971672399999998992e+00,3.287520168194292824e-01
1.971812599999998916e+00,3.287520168727748882e-01
1.971952799999998840e+00,3.287520169261125558e-01
1.971999999999999975e+00,3.287520169440684148e-01
1.972125600000000034e+00,3.287520169918429214e-01
1.972251200000000093e+00,3.287520170396110997e-01
1.972376800000000152e+00,3.287520170873729497e-01
1.972502400000000211e+00,3.287520171351284715e-01
1.972628000000000270e+00,3.287520171828776649e-01
1.972753600000000329e+00,3.287520172306205302e-01
1.972879200000000388e+00,3.287520172783570671e-01
1.973004800000000447e+00,3.287520173260872758e-01
1.973130400000000506e+00,3.287520173738111562e-01
1.973256000000000565e+00,3.287520174215286528e-01
1.973279999999999923e+00,3.287520174306464704e-01
