# Time (s), Martensite Fraction
2.000000000000000164e-05,0.000000000000000000e+00
1.601999999999999908e-04,0.000000000000000000e+00
3.003999999999999834e-04,0.000000000000000000e+00
4.405999999999999760e-04,0.000000000000000000e+00
5.808000000000000228e-04,0.000000000000000000e+00
7.209999999999999612e-04,0.000000000000000000e+00
8.612000000000000080e-04,0.000000000000000000e+00
1.001399999999999946e-03,0.000000000000000000e+00
1.141599999999999993e-03,0.000000000000000000e+00
1.281800000000000040e-03,0.000000000000000000e+00
1.422000000000000087e-03,0.000000000000000000e+00
1.562200000000000134e-03,0.000000000000000000e+00
1.702399999999999747e-03,0.000000000000000000e+00
1.842599999999999794e-03,0.000000000000000000e+00
1.982799999999999840e-03,0.000000000000000000e+00
2.030000000000000120e-03,0.000000000000000000e+00
2.170400000000000280e-03,0.000000000000000000e+00
2.310800000000000440e-03,0.000000000000000000e+00
2.451200000000000601e-03,0.000000000000000000e+00
2.591600000000000761e-03,0.000000000000000000e+00
2.732000000000000921e-03,0.000000000000000000e+00
2.872400000000001081e-03,0.000000000000000000e+00
3.012800000000001241e-03,0.000000000000000000e+00
3.153200000000001401e-03,0.000000000000000000e+00
3.293600000000001561e-03,0.000000000000000000e+00
3.434000000000001721e-03,0.000000000000000000e+00
3.574400000000001881e-03,0.000000000000000000e+00
3.714800000000002041e-03,0.000000000000000000e+00
3.855200000000002201e-03,0.000000000000000000e+00
3.995600000000001928e-03,0.000000000000000000e+00
4.049999999999999781e-03,0.000000000000000000e+00
4.189000000000000015e-03,0.000000000000000000e+00
4.328000000000000250e-03,0.000000000000000000e+00
4.467000000000000484e-03,0.000000000000000000e+00
4.606000000000000719e-03,0.000000000000000000e+00
4.745000000000000953e-03,0.000000000000000000e+00
4.884000000000001188e-03,0.000000000000000000e+00
5.023000000000001422e-03,0.000000000000000000e+00
5.162000000000001657e-03,0.000000000000000000e+00
5.301000000000001891e-03,0.000000000000000000e+00
5.440000000000002126e-03,0.000000000000000000e+00
5.579000000000002360e-03,0.000000000000000000e+00
5.718000000000002594e-03,0.000000000000000000e+00
5.857000000000002829e-03,0.000000000000000000e+00
5.996000000000003063e-03,0.000000000000000000e+00
6.000000000000000125e-03,0.000000000000000000e+00
6.140200000000000172e-03,0.000000000000000000e+00
6.280400000000000219e-03,0.000000000000000000e+00
6.420600000000000265e-03,0.000000000000000000e+00
6.560800000000000312e-03,0.000000000000000000e+00
6.701000000000000359e-03,0.000000000000000000e+00
6.841200000000000406e-03,0.000000000000000000e+00
6.981400000000000453e-03,0.000000000000000000e+00
7.121600000000000499e-03,0.000000000000000000e+00
7.261800000000000546e-03,0.000000000000000000e+00
7.402000000000000593e-03,0.000000000000000000e+00
7.542200000000000640e-03,0.000000000000000000e+00
7.682400000000000687e-03,0.000000000000000000e+00
7.822600000000000733e-03,0.000000000000000000e+00
7.962800000000000780e-03,0.000000000000000000e+00
8.009999999999999759e-03,0.000000000000000000e+00
8.150400000000000353e-03,0.000000000000000000e+00
8.290800000000000947e-03,0.000000000000000000e+00
8.431200000000001540e-03,0.000000000000000000e+00
8.571600000000002134e-03,0.000000000000000000e+00
8.712000000000002728e-03,0.000000000000000000e+00
8.852400000000003322e-03,0.000000000000000000e+00
8.992800000000003915e-03,0.000000000000000000e+00
9.133200000000004509e-03,0.000000000000000000e+00
9.273600000000005103e-03,0.000000000000000000e+00
9.414000000000005697e-03,0.000000000000000000e+00
9.554400000000006291e-03,0.000000000000000000e+00
9.694800000000006884e-03,0.000000000000000000e+00
9.835200000000007478e-03,0.000000000000000000e+00
9.975600000000008072e-03,0.000000000000000000e+00
1.003000000000000072e-02,0.000000000000000000e+00
1.017020000000000077e-02,0.000000000000000000e+00
1.031040000000000081e-02,0.000000000000000000e+00
1.045060000000000086e-02,0.000000000000000000e+00
1.059080000000000091e-02,0.000000000000000000e+00
1.073100000000000095e-02,0.000000000000000000e+00
1.087120000000000100e-02,0.000000000000000000e+00
1.101140000000000105e-02,0.000000000000000000e+00
1.115160000000000109e-02,0.000000000000000000e+00
1.129180000000000114e-02,0.000000000000000000e+00
1.143200000000000119e-02,0.000000000000000000e+00
1.157220000000000124e-02,0.000000000000000000e+00
1.171240000000000128e-02,0.000000000000000000e+00
1.185260000000000133e-02,0.000000000000000000e+00
1.199280000000000138e-02,0.000000000000000000e+00
1.204000000000000035e-02,0.000000000000000000e+00
1.217900000000000059e-02,0.000000000000000000e+00
1.231800000000000082e-02,0.000000000000000000e+00
1.245700000000000106e-02,0.000000000000000000e+00
1.259600000000000129e-02,0.000000000000000000e+00
1.273500000000000153e-02,0.000000000000000000e+00
1.287400000000000176e-02,0.000000000000000000e+00
1.301300000000000200e-02,0.000000000000000000e+00
1.315200000000000223e-02,0.000000000000000000e+00
1.329100000000000247e-02,0.000000000000000000e+00
1.343000000000000270e-02,0.000000000000000000e+00
1.356900000000000293e-02,0.000000000000000000e+00
1.370800000000000317e-02,0.000000000000000000e+00
1.384700000000000340e-02,0.000000000000000000e+00
1.398600000000000364e-02,0.000000000000000000e+00
1.399000000000000070e-02,0.000000000000000000e+00
1.413040000000000129e-02,0.000000000000000000e+00
1.427080000000000189e-02,0.000000000000000000e+00
1.441120000000000248e-02,0.000000000000000000e+00
1.455160000000000307e-02,0.000000000000000000e+00
1.469200000000000367e-02,0.000000000000000000e+00
1.483240000000000426e-02,0.000000000000000000e+00
1.497280000000000486e-02,0.000000000000000000e+00
1.511320000000000545e-02,0.000000000000000000e+00
1.525360000000000604e-02,0.000000000000000000e+00
1.539400000000000664e-02,0.000000000000000000e+00
1.553440000000000723e-02,0.000000000000000000e+00
1.567480000000000956e-02,0.000000000000000000e+00
1.581520000000000842e-02,0.000000000000000000e+00
1.595560000000000728e-02,0.000000000000000000e+00
1.600999999999999993e-02,0.000000000000000000e+00
1.615019999999999997e-02,0.000000000000000000e+00
1.629040000000000002e-02,0.000000000000000000e+00
1.643060000000000007e-02,0.000000000000000000e+00
1.657080000000000011e-02,0.000000000000000000e+00
1.671100000000000016e-02,0.000000000000000000e+00
1.685120000000000021e-02,0.000000000000000000e+00
1.699140000000000025e-02,0.000000000000000000e+00
1.713160000000000030e-02,0.000000000000000000e+00
1.727180000000000035e-02,0.000000000000000000e+00
1.741200000000000039e-02,0.000000000000000000e+00
1.755220000000000044e-02,0.000000000000000000e+00
1.769240000000000049e-02,0.000000000000000000e+00
1.783260000000000053e-02,0.000000000000000000e+00
1.797280000000000058e-02,0.000000000000000000e+00
1.802000000000000129e-02,0.000000000000000000e+00
1.816040000000000015e-02,0.000000000000000000e+00
1.830079999999999901e-02,0.000000000000000000e+00
1.844119999999999787e-02,0.000000000000000000e+00
1.858159999999999673e-02,0.000000000000000000e+00
1.872199999999999559e-02,0.000000000000000000e+00
1.886239999999999445e-02,0.000000000000000000e+00
1.900279999999999331e-02,0.000000000000000000e+00
1.914319999999999217e-02,0.000000000000000000e+00
1.928359999999999103e-02,0.000000000000000000e+00
1.942399999999998988e-02,0.000000000000000000e+00
1.956439999999998874e-02,0.000000000000000000e+00
1.970479999999998760e-02,0.000000000000000000e+00
1.984519999999998646e-02,0.000000000000000000e+00
1.998559999999998532e-02,0.000000000000000000e+00
2.003999999999999879e-02,0.000000000000000000e+00
2.017899999999999902e-02,0.000000000000000000e+00
2.031799999999999926e-02,0.000000000000000000e+00
2.045699999999999949e-02,0.000000000000000000e+00
2.059599999999999972e-02,0.000000000000000000e+00
2.073499999999999996e-02,0.000000000000000000e+00
2.087400000000000019e-02,0.000000000000000000e+00
2.101300000000000043e-02,0.000000000000000000e+00
2.115200000000000066e-02,0.000000000000000000e+00
2.129100000000000090e-02,0.000000000000000000e+00
2.143000000000000113e-02,0.000000000000000000e+00
2.156900000000000137e-02,0.000000000000000000e+00
2.170800000000000160e-02,0.000000000000000000e+00
2.184700000000000183e-02,0.000000000000000000e+00
2.198600000000000207e-02,0.000000000000000000e+00
2.198999999999999913e-02,0.000000000000000000e+00
2.213019999999999918e-02,0.000000000000000000e+00
2.227039999999999922e-02,0.000000000000000000e+00
2.241059999999999927e-02,0.000000000000000000e+00
2.255079999999999932e-02,0.000000000000000000e+00
2.269099999999999936e-02,0.000000000000000000e+00
2.283119999999999941e-02,0.000000000000000000e+00
2.297139999999999946e-02,0.000000000000000000e+00
2.311159999999999951e-02,0.000000000000000000e+00
2.325179999999999955e-02,0.000000000000000000e+00
2.339199999999999960e-02,0.000000000000000000e+00
2.353219999999999965e-02,0.000000000000000000e+00
2.367239999999999969e-02,0.000000000000000000e+00
2.381259999999999974e-02,0.000000000000000000e+00
2.395279999999999979e-02,0.000000000000000000e+00
2.400000000000000050e-02,0.000000000000000000e+00
2.414039999999999936e-02,0.000000000000000000e+00
2.428079999999999822e-02,0.000000000000000000e+00
2.442119999999999708e-02,0.000000000000000000e+00
2.456159999999999594e-02,0.000000000000000000e+00
2.470199999999999479e-02,0.000000000000000000e+00
2.484239999999999365e-02,0.000000000000000000e+00
2.498279999999999251e-02,0.000000000000000000e+00
2.512319999999999137e-02,0.000000000000000000e+00
2.526359999999999023e-02,0.000000000000000000e+00
2.540399999999998909e-02,0.000000000000000000e+00
2.554439999999998795e-02,0.000000000000000000e+00
2.568479999999998681e-02,0.000000000000000000e+00
2.582519999999998567e-02,0.000000000000000000e+00
2.596559999999998453e-02,0.000000000000000000e+00
2.602000000000000146e-02,0.000000000000000000e+00
2.616020000000000151e-02,0.000000000000000000e+00
2.630040000000000155e-02,0.000000000000000000e+00
2.644060000000000160e-02,0.000000000000000000e+00
2.658080000000000165e-02,0.000000000000000000e+00
2.672100000000000170e-02,0.000000000000000000e+00
2.686120000000000174e-02,0.000000000000000000e+00
2.700140000000000179e-02,0.000000000000000000e+00
2.714160000000000184e-02,0.000000000000000000e+00
2.728180000000000188e-02,0.000000000000000000e+00
2.742200000000000193e-02,0.000000000000000000e+00
2.756220000000000198e-02,0.000000000000000000e+00
2.770240000000000202e-02,0.000000000000000000e+00
2.784260000000000207e-02,0.000000000000000000e+00
2.798280000000000212e-02,0.000000000000000000e+00
2.802999999999999936e-02,0.000000000000000000e+00
2.817039999999999822e-02,0.000000000000000000e+00
2.831079999999999708e-02,0.000000000000000000e+00
2.845119999999999594e-02,0.000000000000000000e+00
2.859159999999999480e-02,0.000000000000000000e+00
2.873199999999999366e-02,0.000000000000000000e+00
2.887239999999999251e-02,0.000000000000000000e+00
2.901279999999999137e-02,0.000000000000000000e+00
2.915319999999999023e-02,0.000000000000000000e+00
2.929359999999998909e-02,0.000000000000000000e+00
2.943399999999998795e-02,0.000000000000000000e+00
2.957439999999998681e-02,0.000000000000000000e+00
2.971479999999998567e-02,0.000000000000000000e+00
2.985519999999998453e-02,0.000000000000000000e+00
2.999559999999998339e-02,0.000000000000000000e+00
3.005000000000000032e-02,0.000000000000000000e+00
3.018900000000000056e-02,0.000000000000000000e+00
3.032800000000000079e-02,0.000000000000000000e+00
3.046700000000000103e-02,0.000000000000000000e+00
3.060600000000000126e-02,0.000000000000000000e+00
3.074500000000000149e-02,0.000000000000000000e+00
3.088400000000000173e-02,0.000000000000000000e+00
3.102300000000000196e-02,0.000000000000000000e+00
3.116200000000000220e-02,0.000000000000000000e+00
3.130100000000000243e-02,0.000000000000000000e+00
3.144000000000000267e-02,0.000000000000000000e+00
3.157900000000000290e-02,0.000000000000000000e+00
3.171800000000000314e-02,0.000000000000000000e+00
3.185700000000000337e-02,0.000000000000000000e+00
3.199600000000000360e-02,0.000000000000000000e+00
3.200000000000000067e-02,0.000000000000000000e+00
3.214020000000000071e-02,0.000000000000000000e+00
3.228040000000000076e-02,0.000000000000000000e+00
3.242060000000000081e-02,0.000000000000000000e+00
3.256080000000000085e-02,0.000000000000000000e+00
3.270100000000000090e-02,0.000000000000000000e+00
3.284120000000000095e-02,0.000000000000000000e+00
3.298140000000000099e-02,0.000000000000000000e+00
3.312160000000000104e-02,0.000000000000000000e+00
3.326180000000000109e-02,0.000000000000000000e+00
3.340200000000000113e-02,0.000000000000000000e+00
3.354220000000000118e-02,0.000000000000000000e+00
3.368240000000000123e-02,0.000000000000000000e+00
3.382260000000000127e-02,0.000000000000000000e+00
3.396280000000000132e-02,0.000000000000000000e+00
3.400999999999999857e-02,0.000000000000000000e+00
3.415039999999999742e-02,0.000000000000000000e+00
3.429079999999999628e-02,0.000000000000000000e+00
3.443119999999999514e-02,0.000000000000000000e+00
3.457159999999999400e-02,0.000000000000000000e+00
3.471199999999999286e-02,0.000000000000000000e+00
3.485239999999999172e-02,0.000000000000000000e+00
3.499279999999999058e-02,0.000000000000000000e+00
3.513319999999998944e-02,0.000000000000000000e+00
3.527359999999998830e-02,0.000000000000000000e+00
3.541399999999998716e-02,0.000000000000000000e+00
3.555439999999998602e-02,0.000000000000000000e+00
3.569479999999998487e-02,0.000000000000000000e+00
3.583519999999998373e-02,0.000000000000000000e+00
3.597559999999998259e-02,0.000000000000000000e+00
3.602999999999999953e-02,0.000000000000000000e+00
3.617019999999999957e-02,0.000000000000000000e+00
3.631039999999999962e-02,0.000000000000000000e+00
3.645059999999999967e-02,0.000000000000000000e+00
3.659079999999999971e-02,0.000000000000000000e+00
3.673099999999999976e-02,0.000000000000000000e+00
3.687119999999999981e-02,0.000000000000000000e+00
3.701139999999999985e-02,0.000000000000000000e+00
3.715159999999999990e-02,0.000000000000000000e+00
3.729179999999999995e-02,0.000000000000000000e+00
3.743200000000000000e-02,0.000000000000000000e+00
3.757220000000000004e-02,0.000000000000000000e+00
3.771240000000000009e-02,0.000000000000000000e+00
3.785260000000000014e-02,0.000000000000000000e+00
3.799280000000000018e-02,0.000000000000000000e+00
3.803999999999999743e-02,0.000000000000000000e+00
3.817899999999999766e-02,0.000000000000000000e+00
3.831799999999999790e-02,0.000000000000000000e+00
3.845699999999999813e-02,0.000000000000000000e+00
3.859599999999999836e-02,0.000000000000000000e+00
3.873499999999999860e-02,0.000000000000000000e+00
3.887399999999999883e-02,0.000000000000000000e+00
3.901299999999999907e-02,0.000000000000000000e+00
3.915199999999999930e-02,0.000000000000000000e+00
3.929099999999999954e-02,0.000000000000000000e+00
3.942999999999999977e-02,0.000000000000000000e+00
3.956900000000000001e-02,0.000000000000000000e+00
3.970800000000000024e-02,0.000000000000000000e+00
3.984700000000000047e-02,0.000000000000000000e+00
3.998600000000000071e-02,0.000000000000000000e+00
3.998999999999999777e-02,0.000000000000000000e+00
4.013039999999999663e-02,0.000000000000000000e+00
4.027079999999999549e-02,0.000000000000000000e+00
4.041119999999999435e-02,0.000000000000000000e+00
4.055159999999999321e-02,0.000000000000000000e+00
4.069199999999999207e-02,0.000000000000000000e+00
4.083239999999999092e-02,0.000000000000000000e+00
4.097279999999998978e-02,0.000000000000000000e+00
4.111319999999998864e-02,0.000000000000000000e+00
4.125359999999998750e-02,0.000000000000000000e+00
4.139399999999998636e-02,0.000000000000000000e+00
4.153439999999998522e-02,0.000000000000000000e+00
4.167479999999998408e-02,0.000000000000000000e+00
4.181519999999998294e-02,0.000000000000000000e+00
4.195559999999998180e-02,0.000000000000000000e+00
4.200999999999999873e-02,0.000000000000000000e+00
4.215019999999999878e-02,0.000000000000000000e+00
4.229039999999999883e-02,0.000000000000000000e+00
4.243059999999999887e-02,0.000000000000000000e+00
4.257079999999999892e-02,0.000000000000000000e+00
4.271099999999999897e-02,0.000000000000000000e+00
4.285119999999999901e-02,0.000000000000000000e+00
4.299139999999999906e-02,0.000000000000000000e+00
4.313159999999999911e-02,0.000000000000000000e+00
4.327179999999999915e-02,0.000000000000000000e+00
4.341199999999999920e-02,0.000000000000000000e+00
4.355219999999999925e-02,0.000000000000000000e+00
4.369239999999999929e-02,0.000000000000000000e+00
4.383259999999999934e-02,0.000000000000000000e+00
4.397279999999999939e-02,0.000000000000000000e+00
4.401999999999999663e-02,0.000000000000000000e+00
4.416039999999999549e-02,0.000000000000000000e+00
4.430079999999999435e-02,0.000000000000000000e+00
4.444119999999999321e-02,0.000000000000000000e+00
4.458159999999999207e-02,0.000000000000000000e+00
4.472199999999999093e-02,0.000000000000000000e+00
4.486239999999998979e-02,0.000000000000000000e+00
4.500279999999998864e-02,0.000000000000000000e+00
4.514319999999998750e-02,0.000000000000000000e+00
4.528359999999998636e-02,0.000000000000000000e+00
4.542399999999998522e-02,0.000000000000000000e+00
4.556439999999998408e-02,0.000000000000000000e+00
4.570479999999998294e-02,0.000000000000000000e+00
4.584519999999998180e-02,0.000000000000000000e+00
4.598559999999998066e-02,0.000000000000000000e+00
4.603999999999999759e-02,0.000000000000000000e+00
4.617899999999999783e-02,0.000000000000000000e+00
4.631799999999999806e-02,0.000000000000000000e+00
4.645699999999999830e-02,0.000000000000000000e+00
4.659599999999999853e-02,0.000000000000000000e+00
4.673499999999999877e-02,0.000000000000000000e+00
4.687399999999999900e-02,0.000000000000000000e+00
4.701299999999999923e-02,0.000000000000000000e+00
4.715199999999999947e-02,0.000000000000000000e+00
4.729099999999999970e-02,0.000000000000000000e+00
4.742999999999999994e-02,0.000000000000000000e+00
4.756900000000000017e-02,0.000000000000000000e+00
4.770800000000000041e-02,0.000000000000000000e+00
4.784700000000000064e-02,0.000000000000000000e+00
4.798600000000000088e-02,0.000000000000000000e+00
4.798999999999999794e-02,0.000000000000000000e+00
4.813019999999999798e-02,0.000000000000000000e+00
4.827039999999999803e-02,0.000000000000000000e+00
4.841059999999999808e-02,0.000000000000000000e+00
4.855079999999999812e-02,0.000000000000000000e+00
4.869099999999999817e-02,0.000000000000000000e+00
4.883119999999999822e-02,0.000000000000000000e+00
4.897139999999999826e-02,0.000000000000000000e+00
4.911159999999999831e-02,0.000000000000000000e+00
4.925179999999999836e-02,0.000000000000000000e+00
4.939199999999999841e-02,0.000000000000000000e+00
4.953219999999999845e-02,0.000000000000000000e+00
4.967239999999999850e-02,0.000000000000000000e+00
4.981259999999999855e-02,0.000000000000000000e+00
4.995279999999999859e-02,0.000000000000000000e+00
5.000000000000000278e-02,0.000000000000000000e+00
5.014040000000000163e-02,0.000000000000000000e+00
5.028080000000000049e-02,0.000000000000000000e+00
5.042119999999999935e-02,0.000000000000000000e+00
5.056159999999999821e-02,0.000000000000000000e+00
5.070199999999999707e-02,0.000000000000000000e+00
5.084239999999999593e-02,0.000000000000000000e+00
5.098279999999999479e-02,0.000000000000000000e+00
5.112319999999999365e-02,0.000000000000000000e+00
5.126359999999999251e-02,0.000000000000000000e+00
5.140399999999999137e-02,0.000000000000000000e+00
5.154439999999999023e-02,0.000000000000000000e+00
5.168479999999998908e-02,0.000000000000000000e+00
5.182519999999998794e-02,0.000000000000000000e+00
5.196559999999998680e-02,0.000000000000000000e+00
5.201999999999999680e-02,0.000000000000000000e+00
5.216019999999999684e-02,0.000000000000000000e+00
5.230039999999999689e-02,0.000000000000000000e+00
5.244059999999999694e-02,0.000000000000000000e+00
5.258079999999999699e-02,0.000000000000000000e+00
5.272099999999999703e-02,0.000000000000000000e+00
5.286119999999999708e-02,0.000000000000000000e+00
5.300139999999999713e-02,0.000000000000000000e+00
5.314159999999999717e-02,0.000000000000000000e+00
5.328179999999999722e-02,0.000000000000000000e+00
5.342199999999999727e-02,0.000000000000000000e+00
5.356219999999999731e-02,0.000000000000000000e+00
5.370239999999999736e-02,0.000000000000000000e+00
5.384259999999999741e-02,0.000000000000000000e+00
5.398279999999999745e-02,0.000000000000000000e+00
5.403000000000000164e-02,0.000000000000000000e+00
5.417040000000000050e-02,0.000000000000000000e+00
5.431079999999999935e-02,0.000000000000000000e+00
5.445119999999999821e-02,0.000000000000000000e+00
5.459159999999999707e-02,0.000000000000000000e+00
5.473199999999999593e-02,0.000000000000000000e+00
5.487239999999999479e-02,0.000000000000000000e+00
5.501279999999999365e-02,0.000000000000000000e+00
5.515319999999999251e-02,0.000000000000000000e+00
5.529359999999999137e-02,0.000000000000000000e+00
5.543399999999999023e-02,0.000000000000000000e+00
5.557439999999998909e-02,0.000000000000000000e+00
5.571479999999998795e-02,0.000000000000000000e+00
5.585519999999998680e-02,0.000000000000000000e+00
5.599559999999998566e-02,0.000000000000000000e+00
5.605000000000000260e-02,0.000000000000000000e+00
5.618900000000000283e-02,0.000000000000000000e+00
5.632800000000000307e-02,0.000000000000000000e+00
5.646700000000000330e-02,0.000000000000000000e+00
5.660600000000000354e-02,0.000000000000000000e+00
5.674500000000000377e-02,0.000000000000000000e+00
5.688400000000000400e-02,0.000000000000000000e+00
5.702300000000000424e-02,0.000000000000000000e+00
5.716200000000000447e-02,0.000000000000000000e+00
5.730100000000000471e-02,0.000000000000000000e+00
5.744000000000000494e-02,0.000000000000000000e+00
5.757900000000000518e-02,0.000000000000000000e+00
5.771800000000000541e-02,0.000000000000000000e+00
5.785700000000000565e-02,0.000000000000000000e+00
5.799600000000000588e-02,0.000000000000000000e+00
5.800000000000000294e-02,0.000000000000000000e+00
5.814020000000000299e-02,0.000000000000000000e+00
5.828040000000000304e-02,0.000000000000000000e+00
5.842060000000000308e-02,0.000000000000000000e+00
5.856080000000000313e-02,0.000000000000000000e+00
5.870100000000000318e-02,0.000000000000000000e+00
5.884120000000000322e-02,0.000000000000000000e+00
5.898140000000000327e-02,0.000000000000000000e+00
5.912160000000000332e-02,0.000000000000000000e+00
5.926180000000000336e-02,0.000000000000000000e+00
5.940200000000000341e-02,0.000000000000000000e+00
5.954220000000000346e-02,0.000000000000000000e+00
5.968240000000000350e-02,0.000000000000000000e+00
5.982260000000000355e-02,0.000000000000000000e+00
5.996280000000000360e-02,0.000000000000000000e+00
6.001000000000000084e-02,0.000000000000000000e+00
6.015039999999999970e-02,0.000000000000000000e+00
6.029079999999999856e-02,0.000000000000000000e+00
6.043119999999999742e-02,0.000000000000000000e+00
6.057159999999999628e-02,0.000000000000000000e+00
6.071199999999999514e-02,0.000000000000000000e+00
6.085239999999999400e-02,0.000000000000000000e+00
6.099279999999999285e-02,0.000000000000000000e+00
6.113319999999999171e-02,0.000000000000000000e+00
6.127359999999999057e-02,0.000000000000000000e+00
6.141399999999998943e-02,0.000000000000000000e+00
6.155439999999998829e-02,0.000000000000000000e+00
6.169479999999998715e-02,0.000000000000000000e+00
6.183519999999998601e-02,0.000000000000000000e+00
6.197559999999998487e-02,0.000000000000000000e+00
6.203000000000000180e-02,0.000000000000000000e+00
6.217020000000000185e-02,0.000000000000000000e+00
6.231040000000000190e-02,0.000000000000000000e+00
6.245060000000000194e-02,0.000000000000000000e+00
6.259080000000000199e-02,0.000000000000000000e+00
6.273100000000000898e-02,0.000000000000000000e+00
6.287120000000000208e-02,0.000000000000000000e+00
6.301139999999999519e-02,0.000000000000000000e+00
6.315160000000000218e-02,0.000000000000000000e+00
6.329180000000000916e-02,0.000000000000000000e+00
6.343200000000000227e-02,0.000000000000000000e+00
6.357219999999999538e-02,0.000000000000000000e+00
6.371240000000000236e-02,0.000000000000000000e+00
6.385260000000000935e-02,0.000000000000000000e+00
6.399280000000000246e-02,0.000000000000000000e+00
6.403999999999999970e-02,0.000000000000000000e+00
6.417920000000000569e-02,0.000000000000000000e+00
6.431840000000001167e-02,0.000000000000000000e+00
6.445760000000001766e-02,0.000000000000000000e+00
6.459680000000002364e-02,0.000000000000000000e+00
6.473600000000002963e-02,0.000000000000000000e+00
6.487520000000003562e-02,0.000000000000000000e+00
6.501440000000004160e-02,0.000000000000000000e+00
6.515360000000004759e-02,0.000000000000000000e+00
6.529280000000005357e-02,0.000000000000000000e+00
6.543200000000005956e-02,0.000000000000000000e+00
6.557120000000006554e-02,0.000000000000000000e+00
6.571040000000007153e-02,0.000000000000000000e+00
6.584960000000007752e-02,0.000000000000000000e+00
6.598880000000008350e-02,0.000000000000000000e+00
6.600000000000000311e-02,0.000000000000000000e+00
6.614019999999999622e-02,0.000000000000000000e+00
6.628039999999998932e-02,0.000000000000000000e+00
6.642059999999998243e-02,0.000000000000000000e+00
6.656079999999997554e-02,0.000000000000000000e+00
6.670099999999996865e-02,0.000000000000000000e+00
6.684119999999996176e-02,0.000000000000000000e+00
6.698139999999995486e-02,0.000000000000000000e+00
6.712159999999994797e-02,0.000000000000000000e+00
6.726179999999994108e-02,0.000000000000000000e+00
6.740199999999993419e-02,0.000000000000000000e+00
6.754219999999992730e-02,0.000000000000000000e+00
6.768239999999992040e-02,0.000000000000000000e+00
6.782259999999991351e-02,0.000000000000000000e+00
6.796279999999990662e-02,0.000000000000000000e+00
6.801000000000000101e-02,0.000000000000000000e+00
6.815019999999999412e-02,0.000000000000000000e+00
6.829039999999998722e-02,0.000000000000000000e+00
6.843059999999998033e-02,0.000000000000000000e+00
6.857079999999997344e-02,0.000000000000000000e+00
6.871099999999996655e-02,0.000000000000000000e+00
6.885119999999995966e-02,0.000000000000000000e+00
6.899139999999995276e-02,0.000000000000000000e+00
6.913159999999994587e-02,0.000000000000000000e+00
6.927179999999993898e-02,0.000000000000000000e+00
6.941199999999993209e-02,0.000000000000000000e+00
6.955219999999992520e-02,0.000000000000000000e+00
6.969239999999991830e-02,0.000000000000000000e+00
6.983259999999991141e-02,0.000000000000000000e+00
6.997279999999990452e-02,0.000000000000000000e+00
7.001999999999999891e-02,0.000000000000000000e+00
7.016039999999999777e-02,0.000000000000000000e+00
7.030079999999999663e-02,0.000000000000000000e+00
7.044119999999999548e-02,0.000000000000000000e+00
7.058159999999999434e-02,0.000000000000000000e+00
7.072199999999999320e-02,0.000000000000000000e+00
7.086239999999999206e-02,0.000000000000000000e+00
7.100279999999999092e-02,0.000000000000000000e+00
7.114319999999998978e-02,0.000000000000000000e+00
7.128359999999998864e-02,0.000000000000000000e+00
7.142399999999998750e-02,0.000000000000000000e+00
7.156439999999998636e-02,0.000000000000000000e+00
7.170479999999998522e-02,0.000000000000000000e+00
7.184519999999998408e-02,0.000000000000000000e+00
7.198559999999998293e-02,0.000000000000000000e+00
7.204000000000000681e-02,0.000000000000000000e+00
7.217900000000000704e-02,0.000000000000000000e+00
7.231800000000000728e-02,0.000000000000000000e+00
7.245700000000000751e-02,0.000000000000000000e+00
7.259600000000000775e-02,0.000000000000000000e+00
7.273500000000000798e-02,0.000000000000000000e+00
7.287400000000000821e-02,0.000000000000000000e+00
7.301300000000000845e-02,0.000000000000000000e+00
7.315200000000000868e-02,0.000000000000000000e+00
7.329100000000000892e-02,0.000000000000000000e+00
7.343000000000000915e-02,0.000000000000000000e+00
7.356900000000000939e-02,0.000000000000000000e+00
7.370800000000000962e-02,0.000000000000000000e+00
7.384700000000000986e-02,0.000000000000000000e+00
7.398600000000001009e-02,0.000000000000000000e+00
7.399000000000000021e-02,0.000000000000000000e+00
7.413039999999999907e-02,0.000000000000000000e+00
7.427079999999999793e-02,0.000000000000000000e+00
7.441119999999999679e-02,0.000000000000000000e+00
7.455159999999999565e-02,0.000000000000000000e+00
7.469199999999999451e-02,0.000000000000000000e+00
7.483239999999999337e-02,0.000000000000000000e+00
7.497279999999999223e-02,0.000000000000000000e+00
7.511319999999999109e-02,0.000000000000000000e+00
7.525359999999998994e-02,0.000000000000000000e+00
7.539399999999998880e-02,0.000000000000000000e+00
7.553439999999998766e-02,0.000000000000000000e+00
7.567479999999998652e-02,0.000000000000000000e+00
7.581519999999998538e-02,0.000000000000000000e+00
7.595559999999998424e-02,0.000000000000000000e+00
7.600999999999999424e-02,0.000000000000000000e+00
7.615020000000000122e-02,0.000000000000000000e+00
7.629040000000000821e-02,0.000000000000000000e+00
7.643060000000001519e-02,0.000000000000000000e+00
7.657080000000002218e-02,0.000000000000000000e+00
7.671100000000002916e-02,0.000000000000000000e+00
7.685120000000003615e-02,0.000000000000000000e+00
7.699140000000004314e-02,0.000000000000000000e+00
7.713160000000005012e-02,0.000000000000000000e+00
7.727180000000005711e-02,0.000000000000000000e+00
7.741200000000006409e-02,0.000000000000000000e+00
7.755220000000007108e-02,0.000000000000000000e+00
7.769240000000007806e-02,0.000000000000000000e+00
7.783260000000008505e-02,0.000000000000000000e+00
7.797280000000009204e-02,0.000000000000000000e+00
7.802000000000000601e-02,0.000000000000000000e+00
7.816019999999999912e-02,0.000000000000000000e+00
7.830039999999999223e-02,0.000000000000000000e+00
7.844059999999998534e-02,0.000000000000000000e+00
7.858079999999997844e-02,0.000000000000000000e+00
7.872099999999997155e-02,0.000000000000000000e+00
7.886119999999996466e-02,0.000000000000000000e+00
7.900139999999995777e-02,0.000000000000000000e+00
7.914159999999995088e-02,0.000000000000000000e+00
7.928179999999994398e-02,0.000000000000000000e+00
7.942199999999993709e-02,0.000000000000000000e+00
7.956219999999993020e-02,0.000000000000000000e+00
7.970239999999992331e-02,0.000000000000000000e+00
7.984259999999991642e-02,0.000000000000000000e+00
7.998279999999990952e-02,0.000000000000000000e+00
8.003000000000000391e-02,0.000000000000000000e+00
8.016920000000000990e-02,0.000000000000000000e+00
8.030840000000001588e-02,0.000000000000000000e+00
8.044760000000002187e-02,0.000000000000000000e+00
8.058680000000002785e-02,0.000000000000000000e+00
8.072600000000003384e-02,0.000000000000000000e+00
8.086520000000003983e-02,0.000000000000000000e+00
8.100440000000004581e-02,0.000000000000000000e+00
8.114360000000005180e-02,0.000000000000000000e+00
8.128280000000005778e-02,0.000000000000000000e+00
8.142200000000006377e-02,0.000000000000000000e+00
8.156120000000006975e-02,0.000000000000000000e+00
8.170040000000007574e-02,0.000000000000000000e+00
8.183960000000008173e-02,0.000000000000000000e+00
8.197880000000008771e-02,0.000000000000000000e+00
8.198999999999999344e-02,0.000000000000000000e+00
8.213020000000000043e-02,0.000000000000000000e+00
8.227040000000000741e-02,0.000000000000000000e+00
8.241060000000001440e-02,0.000000000000000000e+00
8.255080000000002138e-02,0.000000000000000000e+00
8.269100000000002837e-02,0.000000000000000000e+00
8.283120000000003536e-02,0.000000000000000000e+00
8.297140000000004234e-02,0.000000000000000000e+00
8.311160000000004933e-02,0.000000000000000000e+00
8.325180000000005631e-02,0.000000000000000000e+00
8.339200000000006330e-02,0.000000000000000000e+00
8.353220000000007028e-02,0.000000000000000000e+00
8.367240000000007727e-02,0.000000000000000000e+00
8.381260000000008425e-02,0.000000000000000000e+00
8.395280000000009124e-02,0.000000000000000000e+00
8.400000000000000522e-02,0.000000000000000000e+00
8.414040000000000408e-02,0.000000000000000000e+00
8.428080000000000294e-02,0.000000000000000000e+00
8.442120000000000180e-02,0.000000000000000000e+00
8.456160000000000065e-02,0.000000000000000000e+00
8.470199999999999951e-02,0.000000000000000000e+00
8.484239999999999837e-02,0.000000000000000000e+00
8.498279999999999723e-02,0.000000000000000000e+00
8.512319999999999609e-02,0.000000000000000000e+00
8.526359999999999495e-02,0.000000000000000000e+00
8.540399999999999381e-02,0.000000000000000000e+00
8.554439999999999267e-02,0.000000000000000000e+00
8.568479999999999153e-02,0.000000000000000000e+00
8.582519999999999039e-02,0.000000000000000000e+00
8.596559999999998924e-02,0.000000000000000000e+00
8.601999999999999924e-02,0.000000000000000000e+00
8.616019999999999235e-02,0.000000000000000000e+00
8.630039999999998546e-02,0.000000000000000000e+00
8.644059999999997856e-02,0.000000000000000000e+00
8.658079999999997167e-02,0.000000000000000000e+00
8.672099999999996478e-02,0.000000000000000000e+00
8.686119999999995789e-02,0.000000000000000000e+00
8.700139999999995100e-02,0.000000000000000000e+00
8.714159999999994410e-02,0.000000000000000000e+00
8.728179999999993721e-02,0.000000000000000000e+00
8.742199999999993032e-02,0.000000000000000000e+00
8.756219999999992343e-02,0.000000000000000000e+00
8.770239999999991654e-02,0.000000000000000000e+00
8.784259999999990964e-02,0.000000000000000000e+00
8.798279999999990275e-02,0.000000000000000000e+00
8.802999999999999714e-02,0.000000000000000000e+00
8.817019999999999025e-02,0.000000000000000000e+00
8.831039999999998336e-02,0.000000000000000000e+00
8.845059999999997646e-02,0.000000000000000000e+00
8.859079999999996957e-02,0.000000000000000000e+00
8.873099999999996268e-02,0.000000000000000000e+00
8.887119999999995579e-02,0.000000000000000000e+00
8.901139999999994890e-02,0.000000000000000000e+00
8.915159999999994200e-02,0.000000000000000000e+00
8.929179999999993511e-02,0.000000000000000000e+00
8.943199999999992822e-02,0.000000000000000000e+00
8.957219999999992133e-02,0.000000000000000000e+00
8.971239999999991444e-02,0.000000000000000000e+00
8.985259999999990754e-02,0.000000000000000000e+00
8.999279999999990065e-02,0.000000000000000000e+00
9.003999999999999504e-02,0.000000000000000000e+00
9.017920000000000103e-02,0.000000000000000000e+00
9.031840000000000701e-02,0.000000000000000000e+00
9.045760000000001300e-02,0.000000000000000000e+00
9.059680000000001898e-02,0.000000000000000000e+00
9.073600000000002497e-02,0.000000000000000000e+00
9.087520000000003095e-02,0.000000000000000000e+00
9.101440000000003694e-02,0.000000000000000000e+00
9.115360000000004292e-02,0.000000000000000000e+00
9.129280000000004891e-02,0.000000000000000000e+00
9.143200000000005490e-02,0.000000000000000000e+00
9.157120000000006088e-02,0.000000000000000000e+00
9.171040000000006687e-02,0.000000000000000000e+00
9.184960000000007285e-02,0.000000000000000000e+00
9.198880000000007884e-02,0.000000000000000000e+00
9.199999999999999845e-02,0.000000000000000000e+00
9.214019999999999155e-02,0.000000000000000000e+00
9.228039999999998466e-02,0.000000000000000000e+00
9.242059999999997777e-02,0.000000000000000000e+00
9.256079999999997088e-02,0.000000000000000000e+00
9.270099999999996399e-02,0.000000000000000000e+00
9.284119999999995709e-02,0.000000000000000000e+00
9.298139999999995020e-02,0.000000000000000000e+00
9.312159999999994331e-02,0.000000000000000000e+00
9.326179999999993642e-02,0.000000000000000000e+00
9.340199999999992952e-02,0.000000000000000000e+00
9.354219999999992263e-02,0.000000000000000000e+00
9.368239999999991574e-02,0.000000000000000000e+00
9.382259999999990885e-02,0.000000000000000000e+00
9.396279999999990196e-02,0.000000000000000000e+00
9.400999999999999635e-02,0.000000000000000000e+00
9.415039999999999520e-02,0.000000000000000000e+00
9.429079999999999406e-02,0.000000000000000000e+00
9.443119999999999292e-02,0.000000000000000000e+00
9.457159999999999178e-02,0.000000000000000000e+00
9.471199999999999064e-02,0.000000000000000000e+00
9.485239999999998950e-02,0.000000000000000000e+00
9.499279999999998836e-02,0.000000000000000000e+00
9.513319999999998722e-02,0.000000000000000000e+00
9.527359999999998608e-02,0.000000000000000000e+00
9.541399999999998494e-02,0.000000000000000000e+00
9.555439999999998379e-02,0.000000000000000000e+00
9.569479999999998265e-02,0.000000000000000000e+00
9.583519999999998151e-02,0.000000000000000000e+00
9.597559999999998037e-02,0.000000000000000000e+00
9.603000000000000425e-02,0.000000000000000000e+00
9.617019999999999735e-02,0.000000000000000000e+00
9.631039999999999046e-02,0.000000000000000000e+00
9.645059999999998357e-02,0.000000000000000000e+00
9.659079999999997668e-02,0.000000000000000000e+00
9.673099999999996979e-02,0.000000000000000000e+00
9.687119999999996289e-02,0.000000000000000000e+00
9.701139999999995600e-02,0.000000000000000000e+00
9.715159999999994911e-02,0.000000000000000000e+00
9.729179999999994222e-02,0.000000000000000000e+00
9.743199999999993532e-02,0.000000000000000000e+00
9.757219999999992843e-02,0.000000000000000000e+00
9.771239999999992154e-02,0.000000000000000000e+00
9.785259999999991465e-02,0.000000000000000000e+00
9.799279999999990776e-02,0.000000000000000000e+00
9.804000000000000214e-02,0.000000000000000000e+00
9.817900000000000238e-02,0.000000000000000000e+00
9.831800000000000261e-02,0.000000000000000000e+00
9.845700000000000285e-02,0.000000000000000000e+00
9.859600000000000308e-02,0.000000000000000000e+00
9.873500000000000332e-02,0.000000000000000000e+00
9.887400000000000355e-02,0.000000000000000000e+00
9.901300000000000379e-02,0.000000000000000000e+00
9.915200000000000402e-02,0.000000000000000000e+00
9.929100000000000426e-02,0.000000000000000000e+00
9.943000000000000449e-02,0.000000000000000000e+00
9.956900000000000472e-02,0.000000000000000000e+00
9.970800000000000496e-02,0.000000000000000000e+00
9.984700000000000519e-02,0.000000000000000000e+00
9.998600000000000543e-02,0.000000000000000000e+00
9.998999999999999555e-02,0.000000000000000000e+00
1.001303999999999944e-01,0.000000000000000000e+00
1.002707999999999933e-01,0.000000000000000000e+00
1.004111999999999921e-01,0.000000000000000000e+00
1.005515999999999910e-01,0.000000000000000000e+00
1.006919999999999898e-01,0.000000000000000000e+00
1.008323999999999887e-01,0.000000000000000000e+00
1.009727999999999876e-01,0.000000000000000000e+00
1.011131999999999864e-01,0.000000000000000000e+00
1.012535999999999853e-01,0.000000000000000000e+00
1.013939999999999841e-01,0.000000000000000000e+00
1.015343999999999830e-01,0.000000000000000000e+00
1.016747999999999819e-01,0.000000000000000000e+00
1.018151999999999807e-01,0.000000000000000000e+00
1.019555999999999796e-01,0.000000000000000000e+00
1.020100000000000035e-01,0.000000000000000000e+00
1.021501999999999966e-01,0.000000000000000000e+00
1.022903999999999897e-01,0.000000000000000000e+00
1.024305999999999828e-01,0.000000000000000000e+00
1.025707999999999759e-01,0.000000000000000000e+00
1.027109999999999690e-01,0.000000000000000000e+00
1.028511999999999621e-01,0.000000000000000000e+00
1.029913999999999552e-01,0.000000000000000000e+00
1.031315999999999483e-01,0.000000000000000000e+00
1.032717999999999414e-01,0.000000000000000000e+00
1.034119999999999345e-01,0.000000000000000000e+00
1.035521999999999276e-01,0.000000000000000000e+00
1.036923999999999207e-01,0.000000000000000000e+00
1.038325999999999139e-01,0.000000000000000000e+00
1.039727999999999070e-01,0.000000000000000000e+00
1.040200000000000014e-01,0.000000000000000000e+00
1.041601999999999945e-01,0.000000000000000000e+00
1.043003999999999876e-01,0.000000000000000000e+00
1.044405999999999807e-01,0.000000000000000000e+00
1.045807999999999738e-01,0.000000000000000000e+00
1.047209999999999669e-01,0.000000000000000000e+00
1.048611999999999600e-01,0.000000000000000000e+00
1.050013999999999531e-01,0.000000000000000000e+00
1.051415999999999462e-01,0.000000000000000000e+00
1.052817999999999393e-01,0.000000000000000000e+00
1.054219999999999324e-01,0.000000000000000000e+00
1.055621999999999255e-01,0.000000000000000000e+00
1.057023999999999186e-01,0.000000000000000000e+00
1.058425999999999118e-01,0.000000000000000000e+00
1.059827999999999049e-01,0.000000000000000000e+00
1.060299999999999992e-01,0.000000000000000000e+00
1.061692000000000052e-01,0.000000000000000000e+00
1.063084000000000112e-01,0.000000000000000000e+00
1.064476000000000172e-01,0.000000000000000000e+00
1.065868000000000232e-01,0.000000000000000000e+00
1.067260000000000292e-01,0.000000000000000000e+00
1.068652000000000352e-01,0.000000000000000000e+00
1.070044000000000411e-01,0.000000000000000000e+00
1.071436000000000471e-01,0.000000000000000000e+00
1.072828000000000531e-01,0.000000000000000000e+00
1.074220000000000591e-01,0.000000000000000000e+00
1.075612000000000651e-01,0.000000000000000000e+00
1.077004000000000711e-01,0.000000000000000000e+00
1.078396000000000771e-01,0.000000000000000000e+00
1.079788000000000830e-01,0.000000000000000000e+00
1.079900000000000027e-01,0.000000000000000000e+00
1.081301999999999958e-01,0.000000000000000000e+00
1.082703999999999889e-01,0.000000000000000000e+00
1.084105999999999820e-01,0.000000000000000000e+00
1.085507999999999751e-01,0.000000000000000000e+00
1.086909999999999682e-01,0.000000000000000000e+00
1.088311999999999613e-01,0.000000000000000000e+00
1.089713999999999544e-01,0.000000000000000000e+00
1.091115999999999475e-01,0.000000000000000000e+00
1.092517999999999406e-01,0.000000000000000000e+00
1.093919999999999337e-01,0.000000000000000000e+00
1.095321999999999268e-01,0.000000000000000000e+00
1.096723999999999200e-01,0.000000000000000000e+00
1.098125999999999131e-01,0.000000000000000000e+00
1.099527999999999062e-01,0.000000000000000000e+00
1.100000000000000006e-01,0.000000000000000000e+00
1.101403999999999994e-01,0.000000000000000000e+00
1.102807999999999983e-01,0.000000000000000000e+00
1.104211999999999971e-01,0.000000000000000000e+00
1.105615999999999960e-01,0.000000000000000000e+00
1.107019999999999949e-01,0.000000000000000000e+00
1.108423999999999937e-01,0.000000000000000000e+00
1.109827999999999926e-01,0.000000000000000000e+00
1.111231999999999914e-01,0.000000000000000000e+00
1.112635999999999903e-01,0.000000000000000000e+00
1.114039999999999891e-01,0.000000000000000000e+00
1.115443999999999880e-01,0.000000000000000000e+00
1.116847999999999869e-01,0.000000000000000000e+00
1.118251999999999857e-01,0.000000000000000000e+00
1.119655999999999846e-01,0.000000000000000000e+00
1.120199999999999946e-01,0.000000000000000000e+00
1.121602000000000016e-01,0.000000000000000000e+00
1.123004000000000085e-01,0.000000000000000000e+00
1.124406000000000155e-01,0.000000000000000000e+00
1.125808000000000225e-01,0.000000000000000000e+00
1.127210000000000295e-01,0.000000000000000000e+00
1.128612000000000365e-01,0.000000000000000000e+00
1.130014000000000435e-01,0.000000000000000000e+00
1.131416000000000505e-01,0.000000000000000000e+00
1.132818000000000574e-01,0.000000000000000000e+00
1.134220000000000644e-01,0.000000000000000000e+00
1.135622000000000714e-01,0.000000000000000000e+00
1.137024000000000784e-01,0.000000000000000000e+00
1.138426000000000854e-01,0.000000000000000000e+00
1.139828000000000924e-01,0.000000000000000000e+00
1.140300000000000064e-01,0.000000000000000000e+00
1.141701999999999995e-01,0.000000000000000000e+00
1.143103999999999926e-01,0.000000000000000000e+00
1.144505999999999857e-01,0.000000000000000000e+00
1.145907999999999788e-01,0.000000000000000000e+00
1.147309999999999719e-01,0.000000000000000000e+00
1.148711999999999650e-01,0.000000000000000000e+00
1.150113999999999581e-01,0.000000000000000000e+00
1.151515999999999512e-01,0.000000000000000000e+00
1.152917999999999443e-01,0.000000000000000000e+00
1.154319999999999374e-01,0.000000000000000000e+00
1.155721999999999305e-01,0.000000000000000000e+00
1.157123999999999236e-01,0.000000000000000000e+00
1.158525999999999168e-01,0.000000000000000000e+00
1.159927999999999099e-01,0.000000000000000000e+00
1.160400000000000043e-01,0.000000000000000000e+00
1.161792000000000102e-01,0.000000000000000000e+00
1.163184000000000162e-01,0.000000000000000000e+00
1.164576000000000222e-01,0.000000000000000000e+00
1.165968000000000282e-01,0.000000000000000000e+00
1.167360000000000342e-01,0.000000000000000000e+00
1.168752000000000402e-01,0.000000000000000000e+00
1.170144000000000462e-01,0.000000000000000000e+00
1.171536000000000521e-01,0.000000000000000000e+00
1.172928000000000581e-01,0.000000000000000000e+00
1.174320000000000641e-01,0.000000000000000000e+00
1.175712000000000701e-01,0.000000000000000000e+00
1.177104000000000761e-01,0.000000000000000000e+00
1.178496000000000821e-01,0.000000000000000000e+00
1.179888000000000881e-01,0.000000000000000000e+00
1.179999999999999938e-01,0.000000000000000000e+00
1.181402000000000008e-01,0.000000000000000000e+00
1.182804000000000078e-01,0.000000000000000000e+00
1.184206000000000147e-01,0.000000000000000000e+00
1.185608000000000217e-01,0.000000000000000000e+00
1.187010000000000287e-01,0.000000000000000000e+00
1.188412000000000357e-01,0.000000000000000000e+00
1.189814000000000427e-01,0.000000000000000000e+00
1.191216000000000497e-01,0.000000000000000000e+00
1.192618000000000567e-01,0.000000000000000000e+00
1.194020000000000636e-01,0.000000000000000000e+00
1.195422000000000706e-01,0.000000000000000000e+00
1.196824000000000776e-01,0.000000000000000000e+00
1.198226000000000846e-01,0.000000000000000000e+00
1.199628000000000916e-01,0.000000000000000000e+00
1.200100000000000056e-01,0.000000000000000000e+00
1.201504000000000044e-01,0.000000000000000000e+00
1.202908000000000033e-01,0.000000000000000000e+00
1.204312000000000021e-01,0.000000000000000000e+00
1.205716000000000010e-01,0.000000000000000000e+00
1.207119999999999999e-01,0.000000000000000000e+00
1.208523999999999987e-01,0.000000000000000000e+00
1.209927999999999976e-01,0.000000000000000000e+00
1.211331999999999964e-01,0.000000000000000000e+00
1.212735999999999953e-01,0.000000000000000000e+00
1.214139999999999942e-01,0.000000000000000000e+00
1.215543999999999930e-01,0.000000000000000000e+00
1.216947999999999919e-01,0.000000000000000000e+00
1.218351999999999907e-01,0.000000000000000000e+00
1.219755999999999896e-01,0.000000000000000000e+00
1.220299999999999996e-01,0.000000000000000000e+00
1.221701999999999927e-01,0.000000000000000000e+00
1.223103999999999858e-01,0.000000000000000000e+00
1.224505999999999789e-01,0.000000000000000000e+00
1.225907999999999720e-01,0.000000000000000000e+00
1.227309999999999651e-01,0.000000000000000000e+00
1.228711999999999582e-01,0.000000000000000000e+00
1.230113999999999513e-01,0.000000000000000000e+00
1.231515999999999444e-01,0.000000000000000000e+00
1.232917999999999376e-01,0.000000000000000000e+00
1.234319999999999307e-01,0.000000000000000000e+00
1.235721999999999238e-01,0.000000000000000000e+00
1.237123999999999169e-01,0.000000000000000000e+00
1.238525999999999100e-01,0.000000000000000000e+00
1.239927999999999031e-01,0.000000000000000000e+00
1.240399999999999975e-01,0.000000000000000000e+00
1.241789999999999977e-01,0.000000000000000000e+00
1.243179999999999980e-01,0.000000000000000000e+00
1.244569999999999982e-01,0.000000000000000000e+00
1.245959999999999984e-01,0.000000000000000000e+00
1.247349999999999987e-01,0.000000000000000000e+00
1.248739999999999989e-01,0.000000000000000000e+00
1.250129999999999852e-01,0.000000000000000000e+00
1.251519999999999855e-01,0.000000000000000000e+00
1.252909999999999857e-01,0.000000000000000000e+00
1.254299999999999859e-01,0.000000000000000000e+00
1.255689999999999862e-01,0.000000000000000000e+00
1.257079999999999864e-01,0.000000000000000000e+00
1.258469999999999867e-01,0.000000000000000000e+00
1.259859999999999869e-01,0.000000000000000000e+00
1.259899999999999909e-01,0.000000000000000000e+00
1.261304000000000036e-01,0.000000000000000000e+00
1.262708000000000164e-01,0.000000000000000000e+00
1.264112000000000291e-01,0.000000000000000000e+00
1.265516000000000418e-01,0.000000000000000000e+00
1.266920000000000546e-01,0.000000000000000000e+00
1.268324000000000673e-01,0.000000000000000000e+00
1.269728000000000800e-01,0.000000000000000000e+00
1.271132000000000928e-01,0.000000000000000000e+00
1.272536000000001055e-01,0.000000000000000000e+00
1.273940000000001183e-01,0.000000000000000000e+00
1.275344000000001310e-01,0.000000000000000000e+00
1.276748000000001437e-01,0.000000000000000000e+00
1.278152000000001565e-01,0.000000000000000000e+00
1.279556000000001692e-01,0.000000000000000000e+00
1.280100000000000127e-01,0.000000000000000000e+00
1.281502000000000197e-01,0.000000000000000000e+00
1.282904000000000266e-01,0.000000000000000000e+00
1.284306000000000336e-01,0.000000000000000000e+00
1.285708000000000406e-01,0.000000000000000000e+00
1.287110000000000476e-01,0.000000000000000000e+00
1.288512000000000546e-01,0.000000000000000000e+00
1.289914000000000616e-01,0.000000000000000000e+00
1.291316000000000686e-01,0.000000000000000000e+00
1.292718000000000755e-01,0.000000000000000000e+00
1.294120000000000825e-01,0.000000000000000000e+00
1.295522000000000895e-01,0.000000000000000000e+00
1.296924000000000965e-01,0.000000000000000000e+00
1.298326000000001035e-01,0.000000000000000000e+00
1.299728000000001105e-01,0.000000000000000000e+00
1.300199999999999967e-01,0.000000000000000000e+00
1.301604000000000094e-01,0.000000000000000000e+00
1.303008000000000222e-01,0.000000000000000000e+00
1.304412000000000349e-01,0.000000000000000000e+00
1.305816000000000476e-01,0.000000000000000000e+00
1.307220000000000604e-01,0.000000000000000000e+00
1.308624000000000731e-01,0.000000000000000000e+00
1.310028000000000858e-01,0.000000000000000000e+00
1.311432000000000986e-01,0.000000000000000000e+00
1.312836000000001113e-01,0.000000000000000000e+00
1.314240000000001241e-01,0.000000000000000000e+00
1.315644000000001368e-01,0.000000000000000000e+00
1.317048000000001495e-01,0.000000000000000000e+00
1.318452000000001623e-01,0.000000000000000000e+00
1.319856000000001750e-01,0.000000000000000000e+00
1.320399999999999907e-01,0.000000000000000000e+00
1.321789999999999909e-01,0.000000000000000000e+00
1.323179999999999912e-01,0.000000000000000000e+00
1.324569999999999914e-01,0.000000000000000000e+00
1.325959999999999916e-01,0.000000000000000000e+00
1.327349999999999919e-01,0.000000000000000000e+00
1.328739999999999921e-01,0.000000000000000000e+00
1.330129999999999924e-01,0.000000000000000000e+00
1.331519999999999926e-01,0.000000000000000000e+00
1.332909999999999928e-01,0.000000000000000000e+00
1.334299999999999931e-01,0.000000000000000000e+00
1.335689999999999933e-01,0.000000000000000000e+00
1.337079999999999935e-01,0.000000000000000000e+00
1.338469999999999938e-01,0.000000000000000000e+00
1.339859999999999940e-01,0.000000000000000000e+00
1.339899999999999980e-01,0.000000000000000000e+00
1.341302000000000050e-01,0.000000000000000000e+00
1.342704000000000120e-01,0.000000000000000000e+00
1.344106000000000189e-01,0.000000000000000000e+00
1.345508000000000259e-01,0.000000000000000000e+00
1.346910000000000329e-01,0.000000000000000000e+00
1.348312000000000399e-01,0.000000000000000000e+00
1.349714000000000469e-01,0.000000000000000000e+00
1.351116000000000539e-01,0.000000000000000000e+00
1.352518000000000609e-01,0.000000000000000000e+00
1.353920000000000678e-01,0.000000000000000000e+00
1.355322000000000748e-01,0.000000000000000000e+00
1.356724000000000818e-01,0.000000000000000000e+00
1.358126000000000888e-01,0.000000000000000000e+00
1.359528000000000958e-01,0.000000000000000000e+00
1.360000000000000098e-01,0.000000000000000000e+00
1.361404000000000225e-01,0.000000000000000000e+00
1.362808000000000352e-01,0.000000000000000000e+00
1.364212000000000480e-01,0.000000000000000000e+00
1.365616000000000607e-01,0.000000000000000000e+00
1.367020000000000735e-01,0.000000000000000000e+00
1.368424000000000862e-01,0.000000000000000000e+00
1.369828000000000989e-01,0.000000000000000000e+00
1.371232000000001117e-01,0.000000000000000000e+00
1.372636000000001244e-01,0.000000000000000000e+00
1.374040000000001371e-01,0.000000000000000000e+00
1.375444000000001499e-01,0.000000000000000000e+00
1.376848000000001626e-01,0.000000000000000000e+00
1.378252000000001753e-01,0.000000000000000000e+00
1.379656000000001881e-01,0.000000000000000000e+00
1.380200000000000038e-01,0.000000000000000000e+00
1.381602000000000108e-01,0.000000000000000000e+00
1.383004000000000178e-01,0.000000000000000000e+00
1.384406000000000247e-01,0.000000000000000000e+00
1.385808000000000317e-01,0.000000000000000000e+00
1.387210000000000387e-01,0.000000000000000000e+00
1.388612000000000457e-01,0.000000000000000000e+00
1.390014000000000527e-01,0.000000000000000000e+00
1.391416000000000597e-01,0.000000000000000000e+00
1.392818000000000667e-01,0.000000000000000000e+00
1.394220000000000736e-01,0.000000000000000000e+00
1.395622000000000806e-01,0.000000000000000000e+00
1.397024000000000876e-01,0.000000000000000000e+00
1.398426000000000946e-01,0.000000000000000000e+00
1.399828000000001016e-01,0.000000000000000000e+00
1.400299999999999878e-01,0.000000000000000000e+00
1.401704000000000006e-01,0.000000000000000000e+00
1.403108000000000133e-01,0.000000000000000000e+00
1.404512000000000260e-01,0.000000000000000000e+00
1.405916000000000388e-01,0.000000000000000000e+00
1.407320000000000515e-01,0.000000000000000000e+00
1.408724000000000642e-01,0.000000000000000000e+00
1.410128000000000770e-01,0.000000000000000000e+00
1.411532000000000897e-01,0.000000000000000000e+00
1.412936000000001024e-01,0.000000000000000000e+00
1.414340000000001152e-01,0.000000000000000000e+00
1.415744000000001279e-01,0.000000000000000000e+00
1.417148000000001407e-01,0.000000000000000000e+00
1.418552000000001534e-01,0.000000000000000000e+00
1.419956000000001661e-01,0.000000000000000000e+00
1.420500000000000096e-01,0.000000000000000000e+00
1.421890000000000098e-01,0.000000000000000000e+00
1.423280000000000101e-01,0.000000000000000000e+00
1.424670000000000103e-01,0.000000000000000000e+00
1.426060000000000105e-01,0.000000000000000000e+00
1.427450000000000108e-01,0.000000000000000000e+00
1.428840000000000110e-01,0.000000000000000000e+00
1.430230000000000112e-01,0.000000000000000000e+00
1.431620000000000115e-01,0.000000000000000000e+00
1.433010000000000117e-01,0.000000000000000000e+00
1.434400000000000119e-01,0.000000000000000000e+00
1.435790000000000122e-01,0.000000000000000000e+00
1.437180000000000124e-01,0.000000000000000000e+00
1.438570000000000126e-01,0.000000000000000000e+00
1.439960000000000129e-01,0.000000000000000000e+00
1.439999999999999891e-01,0.000000000000000000e+00
1.441401999999999961e-01,0.000000000000000000e+00
1.442804000000000031e-01,0.000000000000000000e+00
1.444206000000000101e-01,0.000000000000000000e+00
1.445608000000000171e-01,0.000000000000000000e+00
1.447010000000000240e-01,0.000000000000000000e+00
1.448412000000000310e-01,0.000000000000000000e+00
1.449814000000000380e-01,0.000000000000000000e+00
1.451216000000000450e-01,0.000000000000000000e+00
1.452618000000000520e-01,0.000000000000000000e+00
1.454020000000000590e-01,0.000000000000000000e+00
1.455422000000000660e-01,0.000000000000000000e+00
1.456824000000000729e-01,0.000000000000000000e+00
1.458226000000000799e-01,0.000000000000000000e+00
1.459628000000000869e-01,0.000000000000000000e+00
1.460100000000000009e-01,0.000000000000000000e+00
1.461504000000000136e-01,0.000000000000000000e+00
1.462908000000000264e-01,0.000000000000000000e+00
1.464312000000000391e-01,0.000000000000000000e+00
1.465716000000000518e-01,0.000000000000000000e+00
1.467120000000000646e-01,0.000000000000000000e+00
1.468524000000000773e-01,0.000000000000000000e+00
1.469928000000000901e-01,0.000000000000000000e+00
1.471332000000001028e-01,0.000000000000000000e+00
1.472736000000001155e-01,0.000000000000000000e+00
1.474140000000001283e-01,0.000000000000000000e+00
1.475544000000001410e-01,0.000000000000000000e+00
1.476948000000001537e-01,0.000000000000000000e+00
1.478352000000001665e-01,0.000000000000000000e+00
1.479756000000001792e-01,0.000000000000000000e+00
1.480299999999999949e-01,0.000000000000000000e+00
1.481702000000000019e-01,0.000000000000000000e+00
1.483104000000000089e-01,0.000000000000000000e+00
1.484506000000000159e-01,0.000000000000000000e+00
1.485908000000000229e-01,0.000000000000000000e+00
1.487310000000000298e-01,0.000000000000000000e+00
1.488712000000000368e-01,0.000000000000000000e+00
1.490114000000000438e-01,0.000000000000000000e+00
1.491516000000000508e-01,0.000000000000000000e+00
1.492918000000000578e-01,0.000000000000000000e+00
1.494320000000000648e-01,0.000000000000000000e+00
1.495722000000000718e-01,0.000000000000000000e+00
1.497124000000000787e-01,0.000000000000000000e+00
1.498526000000000857e-01,0.000000000000000000e+00
1.499928000000000927e-01,0.000000000000000000e+00
1.500400000000000067e-01,0.000000000000000000e+00
1.501790000000000069e-01,0.000000000000000000e+00
1.503180000000000072e-01,0.000000000000000000e+00
1.504570000000000074e-01,0.000000000000000000e+00
1.505960000000000076e-01,0.000000000000000000e+00
1.507350000000000079e-01,0.000000000000000000e+00
1.508740000000000081e-01,0.000000000000000000e+00
1.510130000000000083e-01,0.000000000000000000e+00
1.511520000000000086e-01,0.000000000000000000e+00
1.512910000000000088e-01,0.000000000000000000e+00
1.514300000000000090e-01,0.000000000000000000e+00
1.515690000000000093e-01,0.000000000000000000e+00
1.517080000000000095e-01,0.000000000000000000e+00
1.518470000000000097e-01,0.000000000000000000e+00
1.519860000000000100e-01,0.000000000000000000e+00
1.519899999999999862e-01,0.000000000000000000e+00
1.521303999999999990e-01,0.000000000000000000e+00
1.522708000000000117e-01,0.000000000000000000e+00
1.524112000000000244e-01,0.000000000000000000e+00
1.525516000000000372e-01,0.000000000000000000e+00
1.526920000000000499e-01,0.000000000000000000e+00
1.528324000000000626e-01,0.000000000000000000e+00
1.529728000000000754e-01,0.000000000000000000e+00
1.531132000000000881e-01,0.000000000000000000e+00
1.532536000000001009e-01,0.000000000000000000e+00
1.533940000000001136e-01,0.000000000000000000e+00
1.535344000000001263e-01,0.000000000000000000e+00
1.536748000000001391e-01,0.000000000000000000e+00
1.538152000000001518e-01,0.000000000000000000e+00
1.539556000000001645e-01,0.000000000000000000e+00
1.540100000000000080e-01,0.000000000000000000e+00
1.541502000000000150e-01,0.000000000000000000e+00
1.542904000000000220e-01,0.000000000000000000e+00
1.544306000000000290e-01,0.000000000000000000e+00
1.545708000000000359e-01,0.000000000000000000e+00
1.547110000000000429e-01,0.000000000000000000e+00
1.548512000000000499e-01,0.000000000000000000e+00
1.549914000000000569e-01,0.000000000000000000e+00
1.551316000000000639e-01,0.000000000000000000e+00
1.552718000000000709e-01,0.000000000000000000e+00
1.554120000000000779e-01,0.000000000000000000e+00
1.555522000000000848e-01,0.000000000000000000e+00
1.556924000000000918e-01,0.000000000000000000e+00
1.558326000000000988e-01,0.000000000000000000e+00
1.559728000000001058e-01,0.000000000000000000e+00
1.560199999999999920e-01,0.000000000000000000e+00
1.561604000000000048e-01,0.000000000000000000e+00
1.563008000000000175e-01,0.000000000000000000e+00
1.564412000000000302e-01,0.000000000000000000e+00
1.565816000000000430e-01,0.000000000000000000e+00
1.567220000000000557e-01,0.000000000000000000e+00
1.568624000000000684e-01,0.000000000000000000e+00
1.570028000000000812e-01,0.000000000000000000e+00
1.571432000000000939e-01,0.000000000000000000e+00
1.572836000000001067e-01,0.000000000000000000e+00
1.574240000000001194e-01,0.000000000000000000e+00
1.575644000000001321e-01,0.000000000000000000e+00
1.577048000000001449e-01,0.000000000000000000e+00
1.578452000000001576e-01,0.000000000000000000e+00
1.579856000000001703e-01,0.000000000000000000e+00
1.580400000000000138e-01,0.000000000000000000e+00
1.581790000000000140e-01,0.000000000000000000e+00
1.583180000000000143e-01,0.000000000000000000e+00
1.584570000000000145e-01,0.000000000000000000e+00
1.585960000000000147e-01,0.000000000000000000e+00
1.587350000000000150e-01,0.000000000000000000e+00
1.588740000000000152e-01,0.000000000000000000e+00
1.590130000000000154e-01,0.000000000000000000e+00
1.591520000000000157e-01,0.000000000000000000e+00
1.592910000000000159e-01,0.000000000000000000e+00
1.594300000000000161e-01,0.000000000000000000e+00
1.595690000000000164e-01,0.000000000000000000e+00
1.597080000000000166e-01,0.000000000000000000e+00
1.598470000000000169e-01,0.000000000000000000e+00
1.599860000000000171e-01,0.000000000000000000e+00
1.599899999999999933e-01,0.000000000000000000e+00
1.601302000000000003e-01,0.000000000000000000e+00
1.602704000000000073e-01,0.000000000000000000e+00
1.604106000000000143e-01,0.000000000000000000e+00
1.605508000000000213e-01,0.000000000000000000e+00
1.606910000000000283e-01,0.000000000000000000e+00
1.608312000000000352e-01,0.000000000000000000e+00
1.609714000000000422e-01,0.000000000000000000e+00
1.611116000000000492e-01,0.000000000000000000e+00
1.612518000000000562e-01,0.000000000000000000e+00
1.613920000000000632e-01,0.000000000000000000e+00
1.615322000000000702e-01,0.000000000000000000e+00
1.616724000000000772e-01,0.000000000000000000e+00
1.618126000000000841e-01,0.000000000000000000e+00
1.619528000000000911e-01,0.000000000000000000e+00
1.620000000000000051e-01,0.000000000000000000e+00
1.621404000000000178e-01,0.000000000000000000e+00
1.622808000000000306e-01,0.000000000000000000e+00
1.624212000000000433e-01,0.000000000000000000e+00
1.625616000000000561e-01,0.000000000000000000e+00
1.627020000000000688e-01,0.000000000000000000e+00
1.628424000000000815e-01,0.000000000000000000e+00
1.629828000000000943e-01,0.000000000000000000e+00
1.631232000000001070e-01,0.000000000000000000e+00
1.632636000000001197e-01,0.000000000000000000e+00
1.634040000000001325e-01,0.000000000000000000e+00
1.635444000000001452e-01,0.000000000000000000e+00
1.636848000000001579e-01,0.000000000000000000e+00
1.638252000000001707e-01,0.000000000000000000e+00
1.639656000000001834e-01,0.000000000000000000e+00
1.640199999999999991e-01,0.000000000000000000e+00
1.641602000000000061e-01,0.000000000000000000e+00
1.643004000000000131e-01,0.000000000000000000e+00
1.644406000000000201e-01,0.000000000000000000e+00
1.645808000000000271e-01,0.000000000000000000e+00
1.647210000000000341e-01,0.000000000000000000e+00
1.648612000000000410e-01,0.000000000000000000e+00
1.650014000000000480e-01,0.000000000000000000e+00
1.651416000000000550e-01,0.000000000000000000e+00
1.652818000000000620e-01,0.000000000000000000e+00
1.654220000000000690e-01,0.000000000000000000e+00
1.655622000000000760e-01,0.000000000000000000e+00
1.657024000000000830e-01,0.000000000000000000e+00
1.658426000000000899e-01,0.000000000000000000e+00
1.659828000000000969e-01,0.000000000000000000e+00
1.660300000000000109e-01,0.000000000000000000e+00
1.661704000000000236e-01,0.000000000000000000e+00
1.663108000000000364e-01,0.000000000000000000e+00
1.664512000000000491e-01,0.000000000000000000e+00
1.665916000000000619e-01,0.000000000000000000e+00
1.667320000000000746e-01,0.000000000000000000e+00
1.668724000000000873e-01,0.000000000000000000e+00
1.670128000000001001e-01,0.000000000000000000e+00
1.671532000000001128e-01,0.000000000000000000e+00
1.672936000000001255e-01,0.000000000000000000e+00
1.674340000000001383e-01,0.000000000000000000e+00
1.675744000000001510e-01,0.000000000000000000e+00
1.677148000000001637e-01,0.000000000000000000e+00
1.678552000000001765e-01,0.000000000000000000e+00
1.679956000000001892e-01,0.000000000000000000e+00
1.680500000000000049e-01,0.000000000000000000e+00
1.681890000000000052e-01,0.000000000000000000e+00
1.683280000000000054e-01,0.000000000000000000e+00
1.684670000000000056e-01,0.000000000000000000e+00
1.686060000000000059e-01,0.000000000000000000e+00
1.687450000000000061e-01,0.000000000000000000e+00
1.688840000000000063e-01,0.000000000000000000e+00
1.690230000000000066e-01,0.000000000000000000e+00
1.691620000000000068e-01,0.000000000000000000e+00
1.693010000000000070e-01,0.000000000000000000e+00
1.694400000000000073e-01,0.000000000000000000e+00
1.695790000000000075e-01,0.000000000000000000e+00
1.697180000000000077e-01,0.000000000000000000e+00
1.698570000000000080e-01,0.000000000000000000e+00
1.699960000000000082e-01,0.000000000000000000e+00
1.700000000000000122e-01,0.000000000000000000e+00
1.701402000000000192e-01,0.000000000000000000e+00
1.702804000000000262e-01,0.000000000000000000e+00
1.704206000000000332e-01,0.000000000000000000e+00
1.705608000000000402e-01,0.000000000000000000e+00
1.707010000000000471e-01,0.000000000000000000e+00
1.708412000000000541e-01,0.000000000000000000e+00
1.709814000000000611e-01,0.000000000000000000e+00
1.711216000000000681e-01,0.000000000000000000e+00
1.712618000000000751e-01,0.000000000000000000e+00
1.714020000000000821e-01,0.000000000000000000e+00
1.715422000000000891e-01,0.000000000000000000e+00
1.716824000000000960e-01,0.000000000000000000e+00
1.718226000000001030e-01,0.000000000000000000e+00
1.719628000000001100e-01,0.000000000000000000e+00
1.720099999999999962e-01,0.000000000000000000e+00
1.721504000000000090e-01,0.000000000000000000e+00
1.722908000000000217e-01,0.000000000000000000e+00
1.724312000000000344e-01,0.000000000000000000e+00
1.725716000000000472e-01,0.000000000000000000e+00
1.727120000000000599e-01,0.000000000000000000e+00
1.728524000000000727e-01,0.000000000000000000e+00
1.729928000000000854e-01,0.000000000000000000e+00
1.731332000000000981e-01,0.000000000000000000e+00
1.732736000000001109e-01,0.000000000000000000e+00
1.734140000000001236e-01,0.000000000000000000e+00
1.735544000000001363e-01,0.000000000000000000e+00
1.736948000000001491e-01,0.000000000000000000e+00
1.738352000000001618e-01,0.000000000000000000e+00
1.739756000000001745e-01,0.000000000000000000e+00
1.740299999999999903e-01,0.000000000000000000e+00
1.741701999999999972e-01,0.000000000000000000e+00
1.743104000000000042e-01,0.000000000000000000e+00
1.744506000000000112e-01,0.000000000000000000e+00
1.745908000000000182e-01,0.000000000000000000e+00
1.747310000000000252e-01,0.000000000000000000e+00
1.748712000000000322e-01,0.000000000000000000e+00
1.750114000000000392e-01,0.000000000000000000e+00
1.751516000000000461e-01,0.000000000000000000e+00
1.752918000000000531e-01,0.000000000000000000e+00
1.754320000000000601e-01,0.000000000000000000e+00
1.755722000000000671e-01,0.000000000000000000e+00
1.757124000000000741e-01,0.000000000000000000e+00
1.758526000000000811e-01,0.000000000000000000e+00
1.759928000000000881e-01,0.000000000000000000e+00
1.760400000000000020e-01,0.000000000000000000e+00
1.761792000000000080e-01,0.000000000000000000e+00
1.763184000000000140e-01,0.000000000000000000e+00
1.764576000000000200e-01,0.000000000000000000e+00
1.765968000000000260e-01,0.000000000000000000e+00
1.767360000000000320e-01,0.000000000000000000e+00
1.768752000000000379e-01,0.000000000000000000e+00
1.770144000000000439e-01,0.000000000000000000e+00
1.771536000000000499e-01,0.000000000000000000e+00
1.772928000000000559e-01,0.000000000000000000e+00
1.774320000000000619e-01,0.000000000000000000e+00
1.775712000000000679e-01,0.000000000000000000e+00
1.777104000000000739e-01,0.000000000000000000e+00
1.778496000000000798e-01,0.000000000000000000e+00
1.779888000000000858e-01,0.000000000000000000e+00
1.779999999999999916e-01,0.000000000000000000e+00
1.781401999999999985e-01,0.000000000000000000e+00
1.782804000000000055e-01,0.000000000000000000e+00
1.784206000000000125e-01,0.000000000000000000e+00
1.785608000000000195e-01,0.000000000000000000e+00
1.787010000000000265e-01,0.000000000000000000e+00
1.788412000000000335e-01,0.000000000000000000e+00
1.789814000000000405e-01,0.000000000000000000e+00
1.791216000000000474e-01,0.000000000000000000e+00
1.792618000000000544e-01,0.000000000000000000e+00
1.794020000000000614e-01,0.000000000000000000e+00
1.795422000000000684e-01,0.000000000000000000e+00
1.796824000000000754e-01,0.000000000000000000e+00
1.798226000000000824e-01,0.000000000000000000e+00
1.799628000000000894e-01,0.000000000000000000e+00
1.800100000000000033e-01,0.000000000000000000e+00
1.801502000000000103e-01,0.000000000000000000e+00
1.802904000000000173e-01,0.000000000000000000e+00
1.804306000000000243e-01,0.000000000000000000e+00
1.805708000000000313e-01,0.000000000000000000e+00
1.807110000000000383e-01,0.000000000000000000e+00
1.808512000000000453e-01,0.000000000000000000e+00
1.809914000000000522e-01,0.000000000000000000e+00
1.811316000000000592e-01,0.000000000000000000e+00
1.812718000000000662e-01,0.000000000000000000e+00
1.814120000000000732e-01,0.000000000000000000e+00
1.815522000000000802e-01,0.000000000000000000e+00
1.816924000000000872e-01,0.000000000000000000e+00
1.818326000000000942e-01,0.000000000000000000e+00
1.819728000000001011e-01,0.000000000000000000e+00
1.820199999999999874e-01,0.000000000000000000e+00
1.821604000000000001e-01,0.000000000000000000e+00
1.823008000000000128e-01,0.000000000000000000e+00
1.824412000000000256e-01,0.000000000000000000e+00
1.825816000000000383e-01,0.000000000000000000e+00
1.827220000000000510e-01,0.000000000000000000e+00
1.828624000000000638e-01,0.000000000000000000e+00
1.830028000000000765e-01,0.000000000000000000e+00
1.831432000000000893e-01,0.000000000000000000e+00
1.832836000000001020e-01,0.000000000000000000e+00
1.834240000000001147e-01,0.000000000000000000e+00
1.835644000000001275e-01,0.000000000000000000e+00
1.837048000000001402e-01,0.000000000000000000e+00
1.838452000000001529e-01,0.000000000000000000e+00
1.839856000000001657e-01,0.000000000000000000e+00
1.840400000000000091e-01,0.000000000000000000e+00
1.841790000000000094e-01,0.000000000000000000e+00
1.843180000000000096e-01,0.000000000000000000e+00
1.844570000000000098e-01,0.000000000000000000e+00
1.845960000000000101e-01,0.000000000000000000e+00
1.847350000000000103e-01,0.000000000000000000e+00
1.848740000000000105e-01,0.000000000000000000e+00
1.850130000000000108e-01,0.000000000000000000e+00
1.851520000000000110e-01,0.000000000000000000e+00
1.852910000000000112e-01,0.000000000000000000e+00
1.854300000000000115e-01,0.000000000000000000e+00
1.855690000000000117e-01,0.000000000000000000e+00
1.857080000000000120e-01,0.000000000000000000e+00
1.858470000000000122e-01,0.000000000000000000e+00
1.859860000000000124e-01,0.000000000000000000e+00
1.859899999999999887e-01,0.000000000000000000e+00
1.861304000000000014e-01,0.000000000000000000e+00
1.862708000000000141e-01,0.000000000000000000e+00
1.864112000000000269e-01,0.000000000000000000e+00
1.865516000000000396e-01,0.000000000000000000e+00
1.866920000000000524e-01,0.000000000000000000e+00
1.868324000000000651e-01,0.000000000000000000e+00
1.869728000000000778e-01,0.000000000000000000e+00
1.871132000000000906e-01,0.000000000000000000e+00
1.872536000000001033e-01,0.000000000000000000e+00
1.873940000000001160e-01,0.000000000000000000e+00
1.875344000000001288e-01,0.000000000000000000e+00
1.876748000000001415e-01,0.000000000000000000e+00
1.878152000000001542e-01,0.000000000000000000e+00
1.879556000000001670e-01,0.000000000000000000e+00
1.880100000000000104e-01,0.000000000000000000e+00
1.881502000000000174e-01,0.000000000000000000e+00
1.882904000000000244e-01,0.000000000000000000e+00
1.884306000000000314e-01,0.000000000000000000e+00
1.885708000000000384e-01,0.000000000000000000e+00
1.887110000000000454e-01,0.000000000000000000e+00
1.888512000000000524e-01,0.000000000000000000e+00
1.889914000000000593e-01,0.000000000000000000e+00
1.891316000000000663e-01,0.000000000000000000e+00
1.892718000000000733e-01,0.000000000000000000e+00
1.894120000000000803e-01,0.000000000000000000e+00
1.895522000000000873e-01,0.000000000000000000e+00
1.896924000000000943e-01,0.000000000000000000e+00
1.898326000000001013e-01,0.000000000000000000e+00
1.899728000000001082e-01,0.000000000000000000e+00
1.900199999999999945e-01,0.000000000000000000e+00
1.901602000000000015e-01,0.000000000000000000e+00
1.903004000000000084e-01,0.000000000000000000e+00
1.904406000000000154e-01,0.000000000000000000e+00
1.905808000000000224e-01,0.000000000000000000e+00
1.907210000000000294e-01,0.000000000000000000e+00
1.908612000000000364e-01,0.000000000000000000e+00
1.910014000000000434e-01,0.000000000000000000e+00
1.911416000000000504e-01,0.000000000000000000e+00
1.912818000000000573e-01,0.000000000000000000e+00
1.914220000000000643e-01,0.000000000000000000e+00
1.915622000000000713e-01,0.000000000000000000e+00
1.917024000000000783e-01,0.000000000000000000e+00
1.918426000000000853e-01,0.000000000000000000e+00
1.919828000000000923e-01,0.000000000000000000e+00
1.920300000000000062e-01,0.000000000000000000e+00
1.921692000000000122e-01,0.000000000000000000e+00
1.923084000000000182e-01,0.000000000000000000e+00
1.924476000000000242e-01,0.000000000000000000e+00
1.925868000000000302e-01,0.000000000000000000e+00
1.927260000000000362e-01,0.000000000000000000e+00
1.928652000000000422e-01,0.000000000000000000e+00
1.930044000000000481e-01,0.000000000000000000e+00
1.931436000000000541e-01,0.000000000000000000e+00
1.932828000000000601e-01,0.000000000000000000e+00
1.934220000000000661e-01,0.000000000000000000e+00
1.935612000000000721e-01,0.000000000000000000e+00
1.937004000000000781e-01,0.000000000000000000e+00
1.938396000000000841e-01,0.000000000000000000e+00
1.939788000000000900e-01,0.000000000000000000e+00
1.939899999999999958e-01,0.000000000000000000e+00
1.941302000000000028e-01,0.000000000000000000e+00
1.942704000000000097e-01,0.000000000000000000e+00
1.944106000000000167e-01,0.000000000000000000e+00
1.945508000000000237e-01,0.000000000000000000e+00
1.946910000000000307e-01,0.000000000000000000e+00
1.948312000000000377e-01,0.000000000000000000e+00
1.949714000000000447e-01,0.000000000000000000e+00
1.951116000000000517e-01,0.000000000000000000e+00
1.952518000000000586e-01,0.000000000000000000e+00
1.953920000000000656e-01,0.000000000000000000e+00
1.955322000000000726e-01,0.000000000000000000e+00
1.956724000000000796e-01,0.000000000000000000e+00
1.958126000000000866e-01,0.000000000000000000e+00
1.959528000000000936e-01,0.000000000000000000e+00
1.960000000000000075e-01,0.000000000000000000e+00
1.961402000000000145e-01,0.000000000000000000e+00
1.962804000000000215e-01,0.000000000000000000e+00
1.964206000000000285e-01,0.000000000000000000e+00
1.965608000000000355e-01,0.000000000000000000e+00
1.967010000000000425e-01,0.000000000000000000e+00
1.968412000000000495e-01,0.000000000000000000e+00
1.969814000000000564e-01,0.000000000000000000e+00
1.971216000000000634e-01,0.000000000000000000e+00
1.972618000000000704e-01,0.000000000000000000e+00
1.974020000000000774e-01,0.000000000000000000e+00
1.975422000000000844e-01,0.000000000000000000e+00
1.976824000000000914e-01,0.000000000000000000e+00
1.978226000000000984e-01,0.000000000000000000e+00
1.979628000000001053e-01,0.000000000000000000e+00
1.980099999999999916e-01,0.000000000000000000e+00
1.981504000000000043e-01,0.000000000000000000e+00
1.982908000000000170e-01,0.000000000000000000e+00
1.984312000000000298e-01,0.000000000000000000e+00
1.985716000000000425e-01,0.000000000000000000e+00
1.987120000000000553e-01,0.000000000000000000e+00
1.988524000000000680e-01,0.000000000000000000e+00
1.989928000000000807e-01,0.000000000000000000e+00
1.991332000000000935e-01,0.000000000000000000e+00
1.992736000000001062e-01,0.000000000000000000e+00
1.994140000000001189e-01,0.000000000000000000e+00
1.995544000000001317e-01,0.000000000000000000e+00
1.996948000000001444e-01,0.000000000000000000e+00
1.998352000000001572e-01,0.000000000000000000e+00
1.999756000000001699e-01,0.000000000000000000e+00
2.000300000000000133e-01,0.000000000000000000e+00
2.001702000000000203e-01,0.000000000000000000e+00
2.003104000000000273e-01,0.000000000000000000e+00
2.004506000000000343e-01,0.000000000000000000e+00
2.005908000000000413e-01,0.000000000000000000e+00
2.007310000000000483e-01,0.000000000000000000e+00
2.008712000000000553e-01,0.000000000000000000e+00
2.010114000000000622e-01,0.000000000000000000e+00
2.011516000000000692e-01,0.000000000000000000e+00
2.012918000000000762e-01,0.000000000000000000e+00
2.014320000000000832e-01,0.000000000000000000e+00
2.015722000000000902e-01,0.000000000000000000e+00
2.017124000000000972e-01,0.000000000000000000e+00
2.018526000000001042e-01,0.000000000000000000e+00
2.019928000000001111e-01,0.000000000000000000e+00
2.020399999999999974e-01,0.000000000000000000e+00
2.021792000000000034e-01,0.000000000000000000e+00
2.023184000000000093e-01,0.000000000000000000e+00
2.024576000000000153e-01,0.000000000000000000e+00
2.025968000000000213e-01,0.000000000000000000e+00
2.027360000000000273e-01,0.000000000000000000e+00
2.028752000000000333e-01,0.000000000000000000e+00
2.030144000000000393e-01,0.000000000000000000e+00
2.031536000000000453e-01,0.000000000000000000e+00
2.032928000000000512e-01,0.000000000000000000e+00
2.034320000000000572e-01,0.000000000000000000e+00
2.035712000000000632e-01,0.000000000000000000e+00
2.037104000000000692e-01,0.000000000000000000e+00
2.038496000000000752e-01,0.000000000000000000e+00
2.039888000000000812e-01,0.000000000000000000e+00
2.039999999999999869e-01,0.000000000000000000e+00
2.041401999999999939e-01,0.000000000000000000e+00
2.042804000000000009e-01,0.000000000000000000e+00
2.044206000000000079e-01,0.000000000000000000e+00
2.045608000000000148e-01,0.000000000000000000e+00
2.047010000000000218e-01,0.000000000000000000e+00
2.048412000000000288e-01,0.000000000000000000e+00
2.049814000000000358e-01,0.000000000000000000e+00
2.051216000000000428e-01,0.000000000000000000e+00
2.052618000000000498e-01,0.000000000000000000e+00
2.054020000000000568e-01,0.000000000000000000e+00
2.055422000000000637e-01,0.000000000000000000e+00
2.056824000000000707e-01,0.000000000000000000e+00
2.058226000000000777e-01,0.000000000000000000e+00
2.059628000000000847e-01,0.000000000000000000e+00
2.060099999999999987e-01,0.000000000000000000e+00
2.061502000000000057e-01,0.000000000000000000e+00
2.062904000000000126e-01,0.000000000000000000e+00
2.064306000000000196e-01,0.000000000000000000e+00
2.065708000000000266e-01,0.000000000000000000e+00
2.067110000000000336e-01,0.000000000000000000e+00
2.068512000000000406e-01,0.000000000000000000e+00
2.069914000000000476e-01,0.000000000000000000e+00
2.071316000000000546e-01,0.000000000000000000e+00
2.072718000000000615e-01,0.000000000000000000e+00
2.074120000000000685e-01,0.000000000000000000e+00
2.075522000000000755e-01,0.000000000000000000e+00
2.076924000000000825e-01,0.000000000000000000e+00
2.078326000000000895e-01,0.000000000000000000e+00
2.079728000000000965e-01,0.000000000000000000e+00
2.080200000000000105e-01,0.000000000000000000e+00
2.081604000000000232e-01,0.000000000000000000e+00
2.083008000000000359e-01,0.000000000000000000e+00
2.084412000000000487e-01,0.000000000000000000e+00
2.085816000000000614e-01,0.000000000000000000e+00
2.087220000000000741e-01,0.000000000000000000e+00
2.088624000000000869e-01,0.000000000000000000e+00
2.090028000000000996e-01,0.000000000000000000e+00
2.091432000000001123e-01,0.000000000000000000e+00
2.092836000000001251e-01,0.000000000000000000e+00
2.094240000000001378e-01,0.000000000000000000e+00
2.095644000000001506e-01,0.000000000000000000e+00
2.097048000000001633e-01,0.000000000000000000e+00
2.098452000000001760e-01,0.000000000000000000e+00
2.099856000000001888e-01,0.000000000000000000e+00
2.100400000000000045e-01,0.000000000000000000e+00
2.101790000000000047e-01,1.000000000000000000e+00
2.103180000000000049e-01,1.000000000000000000e+00
2.104570000000000052e-01,1.000000000000000000e+00
2.105960000000000054e-01,1.000000000000000000e+00
2.107350000000000056e-01,1.000000000000000000e+00
2.108740000000000059e-01,1.000000000000000000e+00
2.110130000000000061e-01,1.000000000000000000e+00
2.111520000000000064e-01,1.000000000000000000e+00
2.112910000000000066e-01,1.000000000000000000e+00
2.114300000000000068e-01,1.000000000000000000e+00
2.115690000000000071e-01,1.000000000000000000e+00
2.117080000000000073e-01,1.000000000000000000e+00
2.118470000000000075e-01,1.000000000000000000e+00
2.119860000000000078e-01,1.000000000000000000e+00
2.119900000000000118e-01,1.000000000000000000e+00
2.121304000000000245e-01,1.000000000000000000e+00
2.122708000000000372e-01,1.000000000000000000e+00
2.124112000000000500e-01,1.000000000000000000e+00
2.125516000000000627e-01,1.000000000000000000e+00
2.126920000000000754e-01,1.000000000000000000e+00
2.128324000000000882e-01,1.000000000000000000e+00
2.129728000000001009e-01,1.000000000000000000e+00
2.131132000000001137e-01,1.000000000000000000e+00
2.132536000000001264e-01,1.000000000000000000e+00
2.133940000000001391e-01,1.000000000000000000e+00
2.135344000000001519e-01,1.000000000000000000e+00
2.136748000000001646e-01,1.000000000000000000e+00
2.138152000000001773e-01,1.000000000000000000e+00
2.139556000000001901e-01,1.000000000000000000e+00
2.140100000000000058e-01,1.000000000000000000e+00
2.141502000000000128e-01,1.000000000000000000e+00
2.142904000000000198e-01,1.000000000000000000e+00
2.144306000000000267e-01,1.000000000000000000e+00
2.145708000000000337e-01,1.000000000000000000e+00
2.147110000000000407e-01,1.000000000000000000e+00
2.148512000000000477e-01,1.000000000000000000e+00
2.149914000000000547e-01,1.000000000000000000e+00
2.151316000000000617e-01,1.000000000000000000e+00
2.152718000000000687e-01,1.000000000000000000e+00
2.154120000000000756e-01,1.000000000000000000e+00
2.155522000000000826e-01,1.000000000000000000e+00
2.156924000000000896e-01,1.000000000000000000e+00
2.158326000000000966e-01,1.000000000000000000e+00
2.159728000000001036e-01,1.000000000000000000e+00
2.160199999999999898e-01,1.000000000000000000e+00
2.161601999999999968e-01,1.000000000000000000e+00
2.163004000000000038e-01,1.000000000000000000e+00
2.164406000000000108e-01,1.000000000000000000e+00
2.165808000000000177e-01,1.000000000000000000e+00
2.167210000000000247e-01,1.000000000000000000e+00
2.168612000000000317e-01,1.000000000000000000e+00
2.170014000000000387e-01,1.000000000000000000e+00
2.171416000000000457e-01,1.000000000000000000e+00
2.172818000000000527e-01,1.000000000000000000e+00
2.174220000000000597e-01,1.000000000000000000e+00
2.175622000000000666e-01,1.000000000000000000e+00
2.177024000000000736e-01,1.000000000000000000e+00
2.178426000000000806e-01,0.000000000000000000e+00
2.179828000000000876e-01,0.000000000000000000e+00
2.180300000000000016e-01,0.000000000000000000e+00
2.181692000000000076e-01,0.000000000000000000e+00
2.183084000000000136e-01,0.000000000000000000e+00
2.184476000000000195e-01,0.000000000000000000e+00
2.185868000000000255e-01,0.000000000000000000e+00
2.187260000000000315e-01,0.000000000000000000e+00
2.188652000000000375e-01,1.000000000000000000e+00
2.190044000000000435e-01,1.000000000000000000e+00
2.191436000000000495e-01,1.000000000000000000e+00
2.192828000000000555e-01,1.000000000000000000e+00
2.194220000000000614e-01,1.000000000000000000e+00
2.195612000000000674e-01,1.000000000000000000e+00
2.197004000000000734e-01,1.000000000000000000e+00
2.198396000000000794e-01,1.000000000000000000e+00
2.199788000000000854e-01,1.000000000000000000e+00
2.199899999999999911e-01,1.000000000000000000e+00
2.201301999999999981e-01,1.000000000000000000e+00
2.202704000000000051e-01,1.000000000000000000e+00
2.204106000000000121e-01,1.000000000000000000e+00
2.205508000000000191e-01,1.000000000000000000e+00
2.206910000000000260e-01,1.000000000000000000e+00
2.208312000000000330e-01,1.000000000000000000e+00
2.209714000000000400e-01,1.000000000000000000e+00
2.211116000000000470e-01,1.000000000000000000e+00
2.212518000000000540e-01,1.000000000000000000e+00
2.213920000000000610e-01,1.000000000000000000e+00
2.215322000000000680e-01,1.000000000000000000e+00
2.216724000000000749e-01,1.000000000000000000e+00
2.218126000000000819e-01,1.000000000000000000e+00
2.219528000000000889e-01,1.000000000000000000e+00
2.220000000000000029e-01,1.000000000000000000e+00
2.221404000000000156e-01,1.000000000000000000e+00
2.222808000000000284e-01,1.000000000000000000e+00
2.224212000000000411e-01,1.000000000000000000e+00
2.225616000000000538e-01,1.000000000000000000e+00
2.227020000000000666e-01,1.000000000000000000e+00
2.228424000000000793e-01,1.000000000000000000e+00
2.229828000000000920e-01,1.000000000000000000e+00
2.231232000000001048e-01,1.000000000000000000e+00
2.232636000000001175e-01,1.000000000000000000e+00
2.234040000000001303e-01,1.000000000000000000e+00
2.235444000000001430e-01,1.000000000000000000e+00
2.236848000000001557e-01,1.000000000000000000e+00
2.238252000000001685e-01,1.000000000000000000e+00
2.239656000000001812e-01,1.000000000000000000e+00
2.240199999999999969e-01,1.000000000000000000e+00
2.241602000000000039e-01,1.000000000000000000e+00
2.243004000000000109e-01,1.000000000000000000e+00
2.244406000000000179e-01,1.000000000000000000e+00
2.245808000000000249e-01,1.000000000000000000e+00
2.247210000000000318e-01,1.000000000000000000e+00
2.248612000000000388e-01,1.000000000000000000e+00
2.250014000000000458e-01,1.000000000000000000e+00
2.251416000000000528e-01,1.000000000000000000e+00
2.252818000000000598e-01,1.000000000000000000e+00
2.254220000000000668e-01,1.000000000000000000e+00
2.255622000000000738e-01,1.000000000000000000e+00
2.257024000000000807e-01,1.000000000000000000e+00
2.258426000000000877e-01,1.000000000000000000e+00
2.259828000000000947e-01,1.000000000000000000e+00
2.260300000000000087e-01,1.000000000000000000e+00
2.261702000000000157e-01,1.000000000000000000e+00
2.263104000000000227e-01,1.000000000000000000e+00
2.264506000000000296e-01,1.000000000000000000e+00
2.265908000000000366e-01,1.000000000000000000e+00
2.267310000000000436e-01,1.000000000000000000e+00
2.268712000000000506e-01,1.000000000000000000e+00
2.270114000000000576e-01,1.000000000000000000e+00
2.271516000000000646e-01,1.000000000000000000e+00
2.272918000000000716e-01,1.000000000000000000e+00
2.274320000000000785e-01,1.000000000000000000e+00
2.275722000000000855e-01,1.000000000000000000e+00
2.277124000000000925e-01,1.000000000000000000e+00
2.278526000000000995e-01,1.000000000000000000e+00
2.279928000000001065e-01,1.000000000000000000e+00
2.280399999999999927e-01,1.000000000000000000e+00
2.281791999999999987e-01,1.000000000000000000e+00
2.283184000000000047e-01,1.000000000000000000e+00
2.284576000000000107e-01,1.000000000000000000e+00
2.285968000000000167e-01,1.000000000000000000e+00
2.287360000000000226e-01,1.000000000000000000e+00
2.288752000000000286e-01,1.000000000000000000e+00
2.290144000000000346e-01,1.000000000000000000e+00
2.291536000000000406e-01,1.000000000000000000e+00
2.292928000000000466e-01,1.000000000000000000e+00
2.294320000000000526e-01,1.000000000000000000e+00
2.295712000000000585e-01,1.000000000000000000e+00
2.297104000000000645e-01,1.000000000000000000e+00
2.298496000000000705e-01,1.000000000000000000e+00
2.299888000000000765e-01,1.000000000000000000e+00
2.300000000000000100e-01,1.000000000000000000e+00
2.301402000000000170e-01,1.000000000000000000e+00
2.302804000000000240e-01,1.000000000000000000e+00
2.304206000000000309e-01,1.000000000000000000e+00
2.305608000000000379e-01,1.000000000000000000e+00
2.307010000000000449e-01,1.000000000000000000e+00
2.308412000000000519e-01,1.000000000000000000e+00
2.309814000000000589e-01,1.000000000000000000e+00
2.311216000000000659e-01,1.000000000000000000e+00
2.312618000000000729e-01,1.000000000000000000e+00
2.314020000000000798e-01,1.000000000000000000e+00
2.315422000000000868e-01,1.000000000000000000e+00
2.316824000000000938e-01,1.000000000000000000e+00
2.318226000000001008e-01,1.000000000000000000e+00
2.319628000000001078e-01,1.000000000000000000e+00
2.320099999999999940e-01,1.000000000000000000e+00
2.321504000000000068e-01,1.000000000000000000e+00
2.322908000000000195e-01,1.000000000000000000e+00
2.324312000000000322e-01,1.000000000000000000e+00
2.325716000000000450e-01,1.000000000000000000e+00
2.327120000000000577e-01,1.000000000000000000e+00
2.328524000000000704e-01,1.000000000000000000e+00
2.329928000000000832e-01,1.000000000000000000e+00
2.331332000000000959e-01,1.000000000000000000e+00
2.332736000000001086e-01,1.000000000000000000e+00
2.334140000000001214e-01,1.000000000000000000e+00
2.335544000000001341e-01,1.000000000000000000e+00
2.336948000000001469e-01,1.000000000000000000e+00
2.338352000000001596e-01,1.000000000000000000e+00
2.339756000000001723e-01,1.000000000000000000e+00
2.340299999999999880e-01,1.000000000000000000e+00
2.341701999999999950e-01,1.000000000000000000e+00
2.343104000000000020e-01,1.000000000000000000e+00
2.344506000000000090e-01,1.000000000000000000e+00
2.345908000000000160e-01,1.000000000000000000e+00
2.347310000000000230e-01,1.000000000000000000e+00
2.348712000000000300e-01,1.000000000000000000e+00
2.350114000000000369e-01,1.000000000000000000e+00
2.351516000000000439e-01,1.000000000000000000e+00
2.352918000000000509e-01,1.000000000000000000e+00
2.354320000000000579e-01,1.000000000000000000e+00
2.355722000000000649e-01,1.000000000000000000e+00
2.357124000000000719e-01,1.000000000000000000e+00
2.358526000000000789e-01,1.000000000000000000e+00
2.359928000000000858e-01,1.000000000000000000e+00
2.360399999999999998e-01,1.000000000000000000e+00
2.361790000000000000e-01,1.000000000000000000e+00
2.363180000000000003e-01,1.000000000000000000e+00
2.364570000000000005e-01,1.000000000000000000e+00
2.365960000000000008e-01,1.000000000000000000e+00
2.367350000000000010e-01,1.000000000000000000e+00
2.368740000000000012e-01,1.000000000000000000e+00
2.370130000000000015e-01,1.000000000000000000e+00
2.371520000000000017e-01,1.000000000000000000e+00
2.372910000000000019e-01,1.000000000000000000e+00
2.374300000000000022e-01,1.000000000000000000e+00
2.375690000000000024e-01,1.000000000000000000e+00
2.377080000000000026e-01,1.000000000000000000e+00
2.378470000000000029e-01,1.000000000000000000e+00
2.379860000000000031e-01,1.000000000000000000e+00
2.379900000000000071e-01,1.000000000000000000e+00
2.381304000000000198e-01,1.000000000000000000e+00
2.382708000000000326e-01,1.000000000000000000e+00
2.384112000000000453e-01,1.000000000000000000e+00
2.385516000000000580e-01,1.000000000000000000e+00
2.386920000000000708e-01,1.000000000000000000e+00
2.388324000000000835e-01,1.000000000000000000e+00
2.389728000000000963e-01,1.000000000000000000e+00
2.391132000000001090e-01,1.000000000000000000e+00
2.392536000000001217e-01,1.000000000000000000e+00
2.393940000000001345e-01,1.000000000000000000e+00
2.395344000000001472e-01,1.000000000000000000e+00
2.396748000000001599e-01,1.000000000000000000e+00
2.398152000000001727e-01,1.000000000000000000e+00
2.399556000000001854e-01,1.000000000000000000e+00
2.400100000000000011e-01,1.000000000000000000e+00
2.401502000000000081e-01,1.000000000000000000e+00
2.402904000000000151e-01,1.000000000000000000e+00
2.404306000000000221e-01,1.000000000000000000e+00
2.405708000000000291e-01,1.000000000000000000e+00
2.407110000000000360e-01,1.000000000000000000e+00
2.408512000000000430e-01,1.000000000000000000e+00
2.409914000000000500e-01,1.000000000000000000e+00
2.411316000000000570e-01,1.000000000000000000e+00
2.412718000000000640e-01,1.000000000000000000e+00
2.414120000000000710e-01,1.000000000000000000e+00
2.415522000000000780e-01,1.000000000000000000e+00
2.416924000000000849e-01,1.000000000000000000e+00
2.418326000000000919e-01,1.000000000000000000e+00
2.419728000000000989e-01,1.000000000000000000e+00
2.420200000000000129e-01,1.000000000000000000e+00
2.421604000000000256e-01,1.000000000000000000e+00
2.423008000000000384e-01,1.000000000000000000e+00
2.424412000000000511e-01,1.000000000000000000e+00
2.425816000000000638e-01,1.000000000000000000e+00
2.427220000000000766e-01,1.000000000000000000e+00
2.428624000000000893e-01,1.000000000000000000e+00
2.430028000000001021e-01,1.000000000000000000e+00
2.431432000000001148e-01,1.000000000000000000e+00
2.432836000000001275e-01,1.000000000000000000e+00
2.434240000000001403e-01,1.000000000000000000e+00
2.435644000000001530e-01,1.000000000000000000e+00
2.437048000000001657e-01,1.000000000000000000e+00
2.438452000000001785e-01,1.000000000000000000e+00
2.439856000000001912e-01,1.000000000000000000e+00
2.440400000000000069e-01,1.000000000000000000e+00
2.441790000000000072e-01,1.000000000000000000e+00
2.443180000000000074e-01,1.000000000000000000e+00
2.444570000000000076e-01,1.000000000000000000e+00
2.445960000000000079e-01,1.000000000000000000e+00
2.447350000000000081e-01,1.000000000000000000e+00
2.448740000000000083e-01,1.000000000000000000e+00
2.450130000000000086e-01,1.000000000000000000e+00
2.451520000000000088e-01,1.000000000000000000e+00
2.452910000000000090e-01,1.000000000000000000e+00
2.454300000000000093e-01,1.000000000000000000e+00
2.455690000000000095e-01,1.000000000000000000e+00
2.457080000000000097e-01,1.000000000000000000e+00
2.458470000000000100e-01,1.000000000000000000e+00
2.459860000000000102e-01,1.000000000000000000e+00
2.459899999999999864e-01,1.000000000000000000e+00
2.461301999999999934e-01,1.000000000000000000e+00
2.462704000000000004e-01,1.000000000000000000e+00
2.464106000000000074e-01,1.000000000000000000e+00
2.465508000000000144e-01,1.000000000000000000e+00
2.466910000000000214e-01,1.000000000000000000e+00
2.468312000000000284e-01,1.000000000000000000e+00
2.469714000000000353e-01,1.000000000000000000e+00
2.471116000000000423e-01,1.000000000000000000e+00
2.472518000000000493e-01,1.000000000000000000e+00
2.473920000000000563e-01,1.000000000000000000e+00
2.475322000000000633e-01,1.000000000000000000e+00
2.476724000000000703e-01,1.000000000000000000e+00
2.478126000000000773e-01,1.000000000000000000e+00
2.479528000000000842e-01,1.000000000000000000e+00
2.479999999999999982e-01,1.000000000000000000e+00
2.481404000000000110e-01,1.000000000000000000e+00
2.482808000000000237e-01,1.000000000000000000e+00
2.484212000000000364e-01,1.000000000000000000e+00
2.485616000000000492e-01,1.000000000000000000e+00
2.487020000000000619e-01,1.000000000000000000e+00
2.488424000000000746e-01,1.000000000000000000e+00
2.489828000000000874e-01,1.000000000000000000e+00
2.491232000000001001e-01,1.000000000000000000e+00
2.492636000000001129e-01,1.000000000000000000e+00
2.494040000000001256e-01,1.000000000000000000e+00
2.495444000000001383e-01,1.000000000000000000e+00
2.496848000000001511e-01,1.000000000000000000e+00
2.498252000000001638e-01,1.000000000000000000e+00
2.499656000000001765e-01,1.000000000000000000e+00
2.500200000000000200e-01,1.000000000000000000e+00
2.501601999999999992e-01,1.000000000000000000e+00
2.503003999999999785e-01,1.000000000000000000e+00
2.504405999999999577e-01,1.000000000000000000e+00
2.505807999999999369e-01,1.000000000000000000e+00
2.507209999999999162e-01,1.000000000000000000e+00
2.508611999999998954e-01,1.000000000000000000e+00
2.510013999999998746e-01,1.000000000000000000e+00
2.511415999999998538e-01,1.000000000000000000e+00
2.512817999999998331e-01,1.000000000000000000e+00
2.514219999999998123e-01,1.000000000000000000e+00
2.515621999999997915e-01,1.000000000000000000e+00
2.517023999999997708e-01,1.000000000000000000e+00
2.518425999999997500e-01,1.000000000000000000e+00
2.519827999999997292e-01,1.000000000000000000e+00
2.520299999999999763e-01,1.000000000000000000e+00
2.521703999999999612e-01,1.000000000000000000e+00
2.523107999999999462e-01,1.000000000000000000e+00
2.524511999999999312e-01,1.000000000000000000e+00
2.525915999999999162e-01,1.000000000000000000e+00
2.527319999999999012e-01,1.000000000000000000e+00
2.528723999999998862e-01,1.000000000000000000e+00
2.530127999999998711e-01,1.000000000000000000e+00
2.531531999999998561e-01,1.000000000000000000e+00
2.532935999999998411e-01,1.000000000000000000e+00
2.534339999999998261e-01,1.000000000000000000e+00
2.535743999999998111e-01,1.000000000000000000e+00
2.537147999999997960e-01,1.000000000000000000e+00
2.538551999999997810e-01,1.000000000000000000e+00
2.539955999999997660e-01,1.000000000000000000e+00
2.540499999999999980e-01,1.000000000000000000e+00
2.541889999999999983e-01,1.000000000000000000e+00
2.543279999999999985e-01,1.000000000000000000e+00
2.544669999999999987e-01,1.000000000000000000e+00
2.546059999999999990e-01,1.000000000000000000e+00
2.547449999999999992e-01,1.000000000000000000e+00
2.548839999999999995e-01,1.000000000000000000e+00
2.550229999999999997e-01,1.000000000000000000e+00
2.551619999999999999e-01,1.000000000000000000e+00
2.553010000000000002e-01,1.000000000000000000e+00
2.554400000000000004e-01,1.000000000000000000e+00
2.555790000000000006e-01,1.000000000000000000e+00
2.557180000000000009e-01,1.000000000000000000e+00
2.558570000000000011e-01,1.000000000000000000e+00
2.559960000000000013e-01,1.000000000000000000e+00
2.560000000000000053e-01,1.000000000000000000e+00
2.561401999999999846e-01,1.000000000000000000e+00
2.562803999999999638e-01,1.000000000000000000e+00
2.564205999999999430e-01,1.000000000000000000e+00
2.565607999999999222e-01,1.000000000000000000e+00
2.567009999999999015e-01,1.000000000000000000e+00
2.568411999999998807e-01,1.000000000000000000e+00
2.569813999999998599e-01,1.000000000000000000e+00
2.571215999999998392e-01,1.000000000000000000e+00
2.572617999999998184e-01,1.000000000000000000e+00
2.574019999999997976e-01,1.000000000000000000e+00
2.575421999999997769e-01,1.000000000000000000e+00
2.576823999999997561e-01,1.000000000000000000e+00
2.578225999999997353e-01,1.000000000000000000e+00
2.579627999999997146e-01,1.000000000000000000e+00
2.580100000000000171e-01,1.000000000000000000e+00
2.581504000000000021e-01,1.000000000000000000e+00
2.582907999999999871e-01,1.000000000000000000e+00
2.584311999999999721e-01,1.000000000000000000e+00
2.585715999999999570e-01,1.000000000000000000e+00
2.587119999999999420e-01,1.000000000000000000e+00
2.588523999999999270e-01,1.000000000000000000e+00
2.589927999999999120e-01,1.000000000000000000e+00
2.591331999999998970e-01,1.000000000000000000e+00
2.592735999999998819e-01,1.000000000000000000e+00
2.594139999999998669e-01,1.000000000000000000e+00
2.595543999999998519e-01,1.000000000000000000e+00
2.596947999999998369e-01,1.000000000000000000e+00
2.598351999999998219e-01,1.000000000000000000e+00
2.599755999999998068e-01,1.000000000000000000e+00
2.600299999999999834e-01,1.000000000000000000e+00
2.601701999999999626e-01,1.000000000000000000e+00
2.603103999999999418e-01,1.000000000000000000e+00
2.604505999999999211e-01,1.000000000000000000e+00
2.605907999999999003e-01,1.000000000000000000e+00
2.607309999999998795e-01,1.000000000000000000e+00
2.608711999999998588e-01,1.000000000000000000e+00
2.610113999999998380e-01,1.000000000000000000e+00
2.611515999999998172e-01,1.000000000000000000e+00
2.612917999999997964e-01,1.000000000000000000e+00
2.614319999999997757e-01,1.000000000000000000e+00
2.615721999999997549e-01,1.000000000000000000e+00
2.617123999999997341e-01,1.000000000000000000e+00
2.618525999999997134e-01,1.000000000000000000e+00
2.619927999999996926e-01,1.000000000000000000e+00
2.620399999999999952e-01,1.000000000000000000e+00
2.621789999999999954e-01,1.000000000000000000e+00
2.623179999999999956e-01,1.000000000000000000e+00
2.624569999999999959e-01,1.000000000000000000e+00
2.625959999999999961e-01,1.000000000000000000e+00
2.627349999999999963e-01,1.000000000000000000e+00
2.628739999999999966e-01,1.000000000000000000e+00
2.630129999999999968e-01,1.000000000000000000e+00
2.631519999999999970e-01,1.000000000000000000e+00
2.632909999999999973e-01,1.000000000000000000e+00
2.634299999999999975e-01,1.000000000000000000e+00
2.635689999999999977e-01,1.000000000000000000e+00
2.637079999999999980e-01,1.000000000000000000e+00
2.638469999999999982e-01,1.000000000000000000e+00
2.639859999999999984e-01,1.000000000000000000e+00
2.639900000000000024e-01,1.000000000000000000e+00
2.641303999999999874e-01,1.000000000000000000e+00
2.642707999999999724e-01,1.000000000000000000e+00
2.644111999999999574e-01,1.000000000000000000e+00
2.645515999999999424e-01,1.000000000000000000e+00
2.646919999999999273e-01,9.789737055066000115e-01
2.648323999999999123e-01,9.583895160733232332e-01
2.649727999999998973e-01,9.382381358689768636e-01
2.651131999999998823e-01,9.185104645192571082e-01
2.652535999999998673e-01,8.991975929970056347e-01
2.653939999999998522e-01,8.802907995988942247e-01
2.655343999999998372e-01,8.617815460066958755e-01
2.656747999999998222e-01,8.436614734313815367e-01
2.658151999999998072e-01,8.259223988382775605e-01
2.659555999999997922e-01,8.085563112516085393e-01
2.660100000000000242e-01,8.018831046499395043e-01
2.661502000000000034e-01,8.018991606247294346e-01
2.662903999999999827e-01,8.019154160651463803e-01
2.664305999999999619e-01,8.019318708980240906e-01
2.665707999999999411e-01,8.019485250502101925e-01
2.667109999999999204e-01,8.019653784485661907e-01
2.668511999999998996e-01,8.019824310199673567e-01
2.669913999999998788e-01,8.019996826913028398e-01
2.671315999999998581e-01,8.020171333894757781e-01
2.672717999999998373e-01,8.020347830414029655e-01
2.674119999999998165e-01,8.020526315740152956e-01
2.675521999999997957e-01,8.020706789142572068e-01
2.676923999999997750e-01,8.020889249890873485e-01
2.678325999999997542e-01,8.021073697254780255e-01
2.679727999999997334e-01,8.021260130504153096e-01
2.680199999999999805e-01,8.021323116707499423e-01
2.681603999999999655e-01,8.021512557198333671e-01
2.683007999999999504e-01,8.021704068829250689e-01
2.684411999999999354e-01,8.021897650837840343e-01
2.685815999999999204e-01,8.022093302461839048e-01
2.687219999999999054e-01,8.022291022939126437e-01
2.688623999999998904e-01,8.022490811507728692e-01
2.690027999999998753e-01,8.022692667405817435e-01
2.691431999999998603e-01,8.022896589871706396e-01
2.692835999999998453e-01,8.023102578143856967e-01
2.694239999999998303e-01,8.023310631460875975e-01
2.695643999999998153e-01,8.023520749061513468e-01
2.697047999999998003e-01,8.023732930184664935e-01
2.698451999999997852e-01,8.023947174069371302e-01
2.699855999999997702e-01,8.024163479954818934e-01
2.700400000000000023e-01,8.024247595574069969e-01
2.701790000000000025e-01,8.024463320413627310e-01
2.703180000000000027e-01,8.024679830223737653e-01
2.704570000000000030e-01,8.024897124712003782e-01
2.705960000000000032e-01,8.025115203586081769e-01
2.707350000000000034e-01,8.025334066553687640e-01
2.708740000000000037e-01,8.025553713322591820e-01
2.710130000000000039e-01,8.025774143600618027e-01
2.711520000000000041e-01,8.025995357095649929e-01
2.712910000000000044e-01,8.026217353515623376e-01
2.714300000000000046e-01,8.026440132568533059e-01
2.715690000000000048e-01,8.026663693962426960e-01
2.717080000000000051e-01,8.026888037405411902e-01
2.718470000000000053e-01,8.027113162605648000e-01
2.719860000000000055e-01,8.027339069271351990e-01
2.719900000000000095e-01,8.027345570259638574e-01
2.721301999999999888e-01,8.027345570259638574e-01
2.722703999999999680e-01,8.027345570259638574e-01
2.724105999999999472e-01,8.027345570259638574e-01
2.725507999999999265e-01,8.027345570259638574e-01
2.726909999999999057e-01,8.027345570259638574e-01
2.728311999999998849e-01,8.027345570259638574e-01
2.729713999999998641e-01,8.027345570259638574e-01
2.731115999999998434e-01,8.027345570259638574e-01
2.732517999999998226e-01,8.027345570259638574e-01
2.733919999999998018e-01,8.027345570259638574e-01
2.735321999999997811e-01,8.027345570259638574e-01
2.736723999999997603e-01,8.027345570259638574e-01
2.738125999999997395e-01,8.027345570259638574e-01
2.739527999999997188e-01,8.027345570259638574e-01
2.740000000000000213e-01,8.027345570259638574e-01
2.741404000000000063e-01,8.027345570259638574e-01
2.742807999999999913e-01,8.027345570259638574e-01
2.744211999999999763e-01,8.027345570259638574e-01
2.745615999999999612e-01,8.027345570259638574e-01
2.747019999999999462e-01,8.027345570259638574e-01
2.748423999999999312e-01,8.027345570259638574e-01
2.749827999999999162e-01,8.027345570259638574e-01
2.751231999999999012e-01,8.027345570259638574e-01
2.752635999999998861e-01,8.027345570259638574e-01
2.754039999999998711e-01,8.027345570259638574e-01
2.755443999999998561e-01,8.027345570259638574e-01
2.756847999999998411e-01,8.027345570259638574e-01
2.758251999999998261e-01,8.027345570259638574e-01
2.759655999999998111e-01,8.027345570259638574e-01
2.760199999999999876e-01,8.027345570259638574e-01
2.761601999999999668e-01,8.027345570259638574e-01
2.763003999999999460e-01,8.027345570259638574e-01
2.764405999999999253e-01,8.027345570259638574e-01
2.765807999999999045e-01,8.027345570259638574e-01
2.767209999999998837e-01,8.027345570259638574e-01
2.768611999999998630e-01,8.027345570259638574e-01
2.770013999999998422e-01,8.027345570259638574e-01
2.771415999999998214e-01,8.027345570259638574e-01
2.772817999999998007e-01,8.027345570259638574e-01
2.774219999999997799e-01,8.027345570259638574e-01
2.775621999999997591e-01,8.027345570259638574e-01
2.777023999999997383e-01,8.027345570259638574e-01
2.778425999999997176e-01,8.027345570259638574e-01
2.779827999999996968e-01,8.027345570259638574e-01
2.780299999999999994e-01,8.027345570259638574e-01
2.781703999999999843e-01,8.027541110697451465e-01
2.783107999999999693e-01,8.027737107170621611e-01
2.784511999999999543e-01,8.027933559504328853e-01
2.785915999999999393e-01,8.028130467523788560e-01
2.787319999999999243e-01,8.028327831054249408e-01
2.788723999999999092e-01,8.028525649920993379e-01
2.790127999999998942e-01,8.028723923949337982e-01
2.791531999999998792e-01,8.028922652964634032e-01
2.792935999999998642e-01,8.029121836792266764e-01
2.794339999999998492e-01,8.029321475257654717e-01
2.795743999999998342e-01,8.029521568186253067e-01
2.797147999999998191e-01,8.029722115403548077e-01
2.798551999999998041e-01,8.029923116735062649e-01
2.799955999999997891e-01,8.030124572006351880e-01
2.800500000000000211e-01,8.030202692514203378e-01
2.801890000000000214e-01,8.030402967566611094e-01
2.803280000000000216e-01,8.030603897064702013e-01
2.804670000000000218e-01,8.030805480763441029e-01
2.806060000000000221e-01,8.031007718417840779e-01
2.807450000000000223e-01,8.031210609782962750e-01
2.808840000000000225e-01,8.031414154613912837e-01
2.810230000000000228e-01,8.031618352665846894e-01
2.811620000000000230e-01,8.031823203693965185e-01
2.813010000000000232e-01,8.032028707453515715e-01
2.814400000000000235e-01,8.032234863699794225e-01
2.815790000000000237e-01,8.032441672188143089e-01
2.817180000000000240e-01,8.032649132673954639e-01
2.818570000000000242e-01,8.032857244912663397e-01
2.819960000000000244e-01,8.033066008659754953e-01
2.819999999999999729e-01,8.033072016261469939e-01
2.821401999999999521e-01,8.033282722679457866e-01
2.822803999999999314e-01,8.033493550366982427e-01
2.824205999999999106e-01,8.033704499270665211e-01
2.825607999999998898e-01,8.033915569337140017e-01
2.827009999999998691e-01,8.034126760513050636e-01
2.828411999999998483e-01,8.034338072745051962e-01
2.829813999999998275e-01,8.034549505979811101e-01
2.831215999999998068e-01,8.034761060164005153e-01
2.832617999999997860e-01,8.034972735244324538e-01
2.834019999999997652e-01,8.035184531167467448e-01
2.835421999999997444e-01,8.035396447880146509e-01
2.836823999999997237e-01,8.035608485329084338e-01
2.838225999999997029e-01,8.035820643461014656e-01
2.839627999999996821e-01,8.036032922222682284e-01
2.840099999999999847e-01,8.036104397737462435e-01
2.841503999999999697e-01,8.036104397737462435e-01
2.842907999999999547e-01,8.036104397737462435e-01
2.844311999999999396e-01,8.036104397737462435e-01
2.845715999999999246e-01,8.036104397737462435e-01
2.847119999999999096e-01,8.036104397737462435e-01
2.848523999999998946e-01,8.036104397737462435e-01
2.849927999999998796e-01,8.036104397737462435e-01
2.851331999999998645e-01,8.036104397737462435e-01
2.852735999999998495e-01,8.036104397737462435e-01
2.854139999999998345e-01,8.036104397737462435e-01
2.855543999999998195e-01,8.036104397737462435e-01
2.856947999999998045e-01,8.036104397737462435e-01
2.858351999999997894e-01,8.036104397737462435e-01
2.859755999999997744e-01,8.036104397737462435e-01
2.860300000000000065e-01,8.036104397737462435e-01
2.861701999999999857e-01,8.036104397737462435e-01
2.863103999999999649e-01,8.036104397737462435e-01
2.864505999999999442e-01,8.036104397737462435e-01
2.865907999999999234e-01,8.036104397737462435e-01
2.867309999999999026e-01,8.036104397737462435e-01
2.868711999999998818e-01,8.036104397737462435e-01
2.870113999999998611e-01,8.036104397737462435e-01
2.871515999999998403e-01,8.036104397737462435e-01
2.872917999999998195e-01,8.036104397737462435e-01
2.874319999999997988e-01,8.036104397737462435e-01
2.875721999999997780e-01,8.036104397737462435e-01
2.877123999999997572e-01,8.036104397737462435e-01
2.878525999999997365e-01,8.036104397737462435e-01
2.879927999999997157e-01,8.036104397737462435e-01
2.880400000000000182e-01,8.036104397737462435e-01
2.881790000000000185e-01,8.036104397737462435e-01
2.883180000000000187e-01,8.036104397737462435e-01
2.884570000000000189e-01,8.036104397737462435e-01
2.885960000000000192e-01,8.036104397737462435e-01
2.887350000000000194e-01,8.036104397737462435e-01
2.888740000000000197e-01,8.036104397737462435e-01
2.890130000000000199e-01,8.036104397737462435e-01
2.891520000000000201e-01,8.036104397737462435e-01
2.892910000000000204e-01,8.036104397737462435e-01
2.894300000000000206e-01,8.036104397737462435e-01
2.895690000000000208e-01,8.036104397737462435e-01
2.897080000000000211e-01,8.036104397737462435e-01
2.898470000000000213e-01,8.036104397737462435e-01
2.899860000000000215e-01,8.036104397737462435e-01
2.899900000000000255e-01,8.036104397737462435e-01
2.901304000000000105e-01,8.036104397737462435e-01
2.902707999999999955e-01,8.036104397737462435e-01
2.904111999999999805e-01,8.036104397737462435e-01
2.905515999999999655e-01,8.036104397737462435e-01
2.906919999999999504e-01,8.036104397737462435e-01
2.908323999999999354e-01,8.036104397737462435e-01
2.909727999999999204e-01,7.921032648384714880e-01
2.911131999999999054e-01,7.807649928259872141e-01
2.912535999999998904e-01,7.695931445702538509e-01
2.913939999999998753e-01,7.585852772945607114e-01
2.915343999999998603e-01,7.477389840774041341e-01
2.916747999999998453e-01,7.370518933261982486e-01
2.918151999999998303e-01,7.265216682587222197e-01
2.919555999999998153e-01,7.161460063921670782e-01
2.920099999999999918e-01,7.121488781217629738e-01
2.921501999999999710e-01,7.019023719629275959e-01
2.922903999999999503e-01,6.918074750231255621e-01
2.924305999999999295e-01,6.818619440640356633e-01
2.925707999999999087e-01,6.720635690387066763e-01
2.927109999999998879e-01,6.624101726004559820e-01
2.928511999999998672e-01,6.528996096190280429e-01
2.929913999999998464e-01,6.435297667039184821e-01
2.931315999999998256e-01,6.342985617347403071e-01
2.932717999999998049e-01,6.252039433985490113e-01
2.934119999999997841e-01,6.162438907340122007e-01
2.935521999999997633e-01,6.074164126823162757e-01
2.936923999999997426e-01,5.987195476447253473e-01
2.938325999999997218e-01,5.901513630466879157e-01
2.939727999999997010e-01,5.817099549083837307e-01
2.940200000000000036e-01,5.788823510238336745e-01
2.941603999999999886e-01,5.708614490929212471e-01
2.943007999999999735e-01,5.629555862815762701e-01
2.944411999999999585e-01,5.551631126507854397e-01
2.945815999999999435e-01,5.474824019256453456e-01
2.947219999999999285e-01,5.399118511559686251e-01
2.948623999999999135e-01,5.324498803817444559e-01
2.950027999999998984e-01,5.250949323034106442e-01
2.951431999999998834e-01,5.178454719568410525e-01
2.952835999999998684e-01,5.106999863930083983e-01
2.954239999999998534e-01,5.036569843622278331e-01
2.955643999999998384e-01,4.967149960029426659e-01
2.957047999999998233e-01,4.898725725349599713e-01
2.958451999999998083e-01,4.831282859570996679e-01
2.959855999999997933e-01,4.764807287491668042e-01
2.960400000000000253e-01,4.739194775015932448e-01
2.961790000000000256e-01,4.675229025079862266e-01
2.963180000000000258e-01,4.612163955884303057e-01
2.964570000000000261e-01,4.549986885239234446e-01
2.965960000000000263e-01,4.488685309528372969e-01
2.967350000000000265e-01,4.428246901194762275e-01
2.968740000000000268e-01,4.368659506261722836e-01
2.970130000000000270e-01,4.309911141888754793e-01
2.971520000000000272e-01,4.251989993961783343e-01
2.972910000000000275e-01,4.194884414717399146e-01
2.974300000000000277e-01,4.138582920400547538e-01
2.975690000000000279e-01,4.083074188955142514e-01
2.977080000000000282e-01,4.028347057747255766e-01
2.978470000000000284e-01,3.974390521320363412e-01
2.979860000000000286e-01,3.921193729182145260e-01
2.979899999999999771e-01,3.919663515139718557e-01
2.981301999999999564e-01,3.871033086314009664e-01
2.982703999999999356e-01,3.823037829285060862e-01
2.984105999999999148e-01,3.775669447946485846e-01
2.985507999999998940e-01,3.728919754548993826e-01
2.986909999999998733e-01,3.682780668285149384e-01
2.988311999999998525e-01,3.637244213892557587e-01
2.989713999999998317e-01,3.592302520275328925e-01
2.991115999999998110e-01,3.547947819143537629e-01
2.992517999999997902e-01,3.504172443670457993e-01
2.993919999999997694e-01,3.460968827167312245e-01
2.995321999999997487e-01,3.418329501775380086e-01
2.996723999999997279e-01,3.376247097175137934e-01
2.998125999999997071e-01,3.334714339312285780e-01
2.999527999999996863e-01,3.293724049140411836e-01
2.999999999999999889e-01,3.279985390937408818e-01
3.001403999999999739e-01,3.267651280074285181e-01
3.002807999999999589e-01,3.255366504564792818e-01
3.004211999999999438e-01,3.243130867071888357e-01
3.005615999999999288e-01,3.230944171047835933e-01
3.007019999999999138e-01,3.218806220731096346e-01
3.008423999999998988e-01,3.206716821143135165e-01
3.009827999999998838e-01,3.194675778085339646e-01
3.011231999999998687e-01,3.182682898135849037e-01
3.012635999999998537e-01,3.170737988646498140e-01
3.014039999999998387e-01,3.158840857739672048e-01
3.015443999999998237e-01,3.146991314305275234e-01
3.016847999999998087e-01,3.135189167997610715e-01
3.018251999999997937e-01,3.123434229232371351e-01
3.019655999999997786e-01,3.111726309183546757e-01
3.020200000000000107e-01,3.107196955002972105e-01
3.021601999999999899e-01,3.107461518377991339e-01
3.023003999999999691e-01,3.107726267788146757e-01
3.024405999999999484e-01,3.107991203229004684e-01
3.025807999999999276e-01,3.108256324696132555e-01
3.027209999999999068e-01,3.108521632185100025e-01
3.028611999999998861e-01,3.108787125691477859e-01
3.030013999999998653e-01,3.109052805210837933e-01
3.031415999999998445e-01,3.109318670738754342e-01
3.032817999999998237e-01,3.109584722270801738e-01
3.034219999999998030e-01,3.109850959802556991e-01
3.035621999999997822e-01,3.110117383329598084e-01
3.037023999999997614e-01,3.110383992847504109e-01
3.038425999999997407e-01,3.110650788351855822e-01
3.039827999999997199e-01,3.110917769838235092e-01
3.040300000000000225e-01,3.111007671802165642e-01
3.041704000000000074e-01,3.111275356353265242e-01
3.043107999999999924e-01,3.111543300403783463e-01
3.044511999999999774e-01,3.111811503958231695e-01
3.045915999999999624e-01,3.112079967021136317e-01
3.047319999999999474e-01,3.112348689597038143e-01
3.048723999999999323e-01,3.112617671690492416e-01
3.050127999999999173e-01,3.112886913306069370e-01
3.051531999999999023e-01,3.113156414448353115e-01
3.052935999999998873e-01,3.113426175121943307e-01
3.054339999999998723e-01,3.113696195331452365e-01
3.055743999999998572e-01,3.113966475081509366e-01
3.057147999999998422e-01,3.114237014376755597e-01
3.058551999999998272e-01,3.114507813221848442e-01
3.059955999999998122e-01,3.114778871621458611e-01
3.060499999999999887e-01,3.114883934319250813e-01
3.061889999999999890e-01,3.115152451491023378e-01
3.063279999999999892e-01,3.115421030791250545e-01
3.064669999999999894e-01,3.115689672208709071e-01
3.066059999999999897e-01,3.115958375732174046e-01
3.067449999999999899e-01,3.116227141350419449e-01
3.068839999999999901e-01,3.116495969052215931e-01
3.070229999999999904e-01,3.116764858826331919e-01
3.071619999999999906e-01,3.117033810661534177e-01
3.073009999999999908e-01,3.117302824546587248e-01
3.074399999999999911e-01,3.117571900470254564e-01
3.075789999999999913e-01,3.117841038421297339e-01
3.077179999999999915e-01,3.118110238388472899e-01
3.078569999999999918e-01,3.118379500360538570e-01
3.079959999999999920e-01,3.118648824326248348e-01
3.079999999999999960e-01,3.118656574503628209e-01
3.081401999999999752e-01,3.113103269779048943e-01
3.082803999999999545e-01,3.107562653353705406e-01
3.084205999999999337e-01,3.102034696237112033e-01
3.085607999999999129e-01,3.096519369505038033e-01
3.087009999999998922e-01,3.091016644299334204e-01
3.088411999999998714e-01,3.085526491827791928e-01
3.089813999999998506e-01,3.080048883363972201e-01
3.091215999999998298e-01,3.074583790247084614e-01
3.092617999999998091e-01,3.069131183881820824e-01
3.094019999999997883e-01,3.063691035738211332e-01
3.095421999999997675e-01,3.058263317351457844e-01
3.096823999999997468e-01,3.052848000321814470e-01
3.098225999999997260e-01,3.047445056314416756e-01
3.099627999999997052e-01,3.042054457059147343e-01
3.100100000000000078e-01,3.040241045701082556e-01
3.101503999999999928e-01,3.032152318588099971e-01
3.102907999999999777e-01,3.024091408030472050e-01
3.104311999999999627e-01,3.016058218369049304e-01
3.105715999999999477e-01,3.008052654273649096e-01
3.107119999999999327e-01,3.000074620741919884e-01
3.108523999999999177e-01,2.992124023098217678e-01
3.109927999999999026e-01,2.984200766992482490e-01
3.111331999999998876e-01,2.976304758399114792e-01
3.112735999999998726e-01,2.968435903615865290e-01
3.114139999999998576e-01,2.960594109262718043e-01
3.115543999999998426e-01,2.952779282280784678e-01
3.116947999999998276e-01,2.944991329931199719e-01
3.118351999999998125e-01,2.937230159794020357e-01
3.119755999999997975e-01,2.929495679767129546e-01
3.120299999999999740e-01,2.926502845801032815e-01
3.121701999999999533e-01,2.923836898272065832e-01
3.123103999999999325e-01,2.921174125946924272e-01
3.124505999999999117e-01,2.918514525043863217e-01
3.125907999999998910e-01,2.915858091785651918e-01
3.127309999999998702e-01,2.913204822399548255e-01
3.128711999999998494e-01,2.910554713117314285e-01
3.130113999999998287e-01,2.907907760175189593e-01
3.131515999999998079e-01,2.905263959813904617e-01
3.132917999999997871e-01,2.902623308278667325e-01
3.134319999999997663e-01,2.899985801819148779e-01
3.135721999999997456e-01,2.897351436689497572e-01
3.137123999999997248e-01,2.894720209148314294e-01
3.138525999999997040e-01,2.892092115458662627e-01
3.139927999999996833e-01,2.889467151888057139e-01
3.140399999999999858e-01,2.888583781263823203e-01
3.141791999999999918e-01,2.888848449901426640e-01
3.143183999999999978e-01,2.889113167451157205e-01
3.144576000000000038e-01,2.889377933901550732e-01
3.145968000000000098e-01,2.889642749241141395e-01
3.147360000000000158e-01,2.889907613458461699e-01
3.148752000000000217e-01,2.890172526542044706e-01
3.150144000000000277e-01,2.890437488480421813e-01
3.151536000000000337e-01,2.890702499262123859e-01
3.152928000000000397e-01,2.890967558875681132e-01
3.154320000000000457e-01,2.891232667309622251e-01
3.155712000000000517e-01,2.891497824552475282e-01
3.157104000000000577e-01,2.891763030592768291e-01
3.158496000000000636e-01,2.892028285419028233e-01
3.159888000000000696e-01,2.892293589019780398e-01
3.160000000000000031e-01,2.892314935151225064e-01
3.161401999999999823e-01,2.892582197516639364e-01
3.162803999999999616e-01,2.892849508722135643e-01
3.164205999999999408e-01,2.893116868755975513e-01
3.165607999999999200e-01,2.893384277606419475e-01
3.167009999999998993e-01,2.893651735261728031e-01
3.168411999999998785e-01,2.893919241710161128e-01
3.169813999999998577e-01,2.894186796939975936e-01
3.171215999999998369e-01,2.894454400939431293e-01
3.172617999999998162e-01,2.894722053696784370e-01
3.174019999999997954e-01,2.894989755200290671e-01
3.175421999999997746e-01,2.895257505438205148e-01
3.176823999999997539e-01,2.895525304398783306e-01
3.178225999999997331e-01,2.895793152070278431e-01
3.179627999999997123e-01,2.896061048440943808e-01
3.180100000000000149e-01,2.896151243063261882e-01
3.181501999999999941e-01,2.894617353743372812e-01
3.182903999999999733e-01,2.893084540849802933e-01
3.184305999999999526e-01,2.891552803627153168e-01
3.185707999999999318e-01,2.890022141320564009e-01
3.187109999999999110e-01,2.888492553175696642e-01
3.188511999999998903e-01,2.886964038438745161e-01
3.189913999999998695e-01,2.885436596356427685e-01
3.191315999999998487e-01,2.883910226176001901e-01
3.192717999999998280e-01,2.882384927145242859e-01
3.194119999999998072e-01,2.880860698512459628e-01
3.195521999999997864e-01,2.879337539526481970e-01
3.196923999999997656e-01,2.877815449436679218e-01
3.198325999999997449e-01,2.876294427492935846e-01
3.199727999999997241e-01,2.874774472945667014e-01
3.200200000000000267e-01,2.874262883093749998e-01
3.201604000000000116e-01,2.868571085077683547e-01
3.203007999999999966e-01,2.862894258591687224e-01
3.204411999999999816e-01,2.857232364255113399e-01
3.205815999999999666e-01,2.851585362790889366e-01
3.207219999999999516e-01,2.845953215025266436e-01
3.208623999999999366e-01,2.840335881887533498e-01
3.210027999999999215e-01,2.834733324409752786e-01
3.211431999999999065e-01,2.829145503726476774e-01
3.212835999999998915e-01,2.823572381074499482e-01
3.214239999999998765e-01,2.818013917792572265e-01
3.215643999999998615e-01,2.812470075321142904e-01
3.217047999999998464e-01,2.806940815202076944e-01
3.218451999999998314e-01,2.801426099078406784e-01
3.219855999999998164e-01,2.795925888694054118e-01
3.220399999999999929e-01,2.793796928550568159e-01
3.221789999999999932e-01,2.784401501614860441e-01
3.223179999999999934e-01,2.775048444620892285e-01
3.224569999999999936e-01,2.765737566495716226e-01
3.225959999999999939e-01,2.756468677028044434e-01
3.227349999999999941e-01,2.747241586864381802e-01
3.228739999999999943e-01,2.738056107505139058e-01
3.230129999999999946e-01,2.728912051300800279e-01
3.231519999999999948e-01,2.719809231448070408e-01
3.232909999999999950e-01,2.710747461986079410e-01
3.234299999999999953e-01,2.701726557792563099e-01
3.235689999999999955e-01,2.692746334580100598e-01
3.237079999999999957e-01,2.683806608892329582e-01
3.238469999999999960e-01,2.674907198100220374e-01
3.239859999999999962e-01,2.666047920398321169e-01
3.239900000000000002e-01,2.665793010385564266e-01
3.241303999999999852e-01,2.654549474980347767e-01
3.242707999999999702e-01,2.643370589550835259e-01
3.244111999999999552e-01,2.632255982361704216e-01
3.245515999999999401e-01,2.621205283815085663e-01
3.246919999999999251e-01,2.610218126438287323e-01
3.248323999999999101e-01,2.599294144871584500e-01
3.249727999999998951e-01,2.588432975856047591e-01
3.251131999999998801e-01,2.577634258221479513e-01
3.252535999999998650e-01,2.566897632874395319e-01
3.253939999999998500e-01,2.556222742786098401e-01
3.255343999999998350e-01,2.545609232980784453e-01
3.256747999999998200e-01,2.535056750523748681e-01
3.258151999999998050e-01,2.524564944509661846e-01
3.259555999999997900e-01,2.514133466050877397e-01
3.260100000000000220e-01,2.510100676284759968e-01
3.261502000000000012e-01,2.498052451616327163e-01
3.262903999999999805e-01,2.486084883970305359e-01
3.264305999999999597e-01,2.474197433387033129e-01
3.265707999999999389e-01,2.462389563521628633e-01
3.267109999999999181e-01,2.450660741619767879e-01
3.268511999999998974e-01,2.439010438493661725e-01
3.269913999999998766e-01,2.427438128498178305e-01
3.271315999999998558e-01,2.415943289507119784e-01
3.272717999999998351e-01,2.404525402889682306e-01
3.274119999999998143e-01,2.393183953487031390e-01
3.275521999999997935e-01,2.381918429589077180e-01
3.276923999999997728e-01,2.370728322911377361e-01
3.278325999999997520e-01,2.359613128572206620e-01
3.279727999999997312e-01,2.348572345069788181e-01
3.280199999999999783e-01,2.344863748514663948e-01
3.281601999999999575e-01,2.332992189610553213e-01
3.283003999999999367e-01,2.321206856299906640e-01
3.284405999999999159e-01,2.309507122308362970e-01
3.285807999999998952e-01,2.297892365910321200e-01
3.287209999999998744e-01,2.286361969895903679e-01
3.288611999999998536e-01,2.274915321538152346e-01
3.290013999999998329e-01,2.263551812560479215e-01
3.291415999999998121e-01,2.252270839104328903e-01
3.292817999999997913e-01,2.241071801697097632e-01
3.294219999999997706e-01,2.229954105220275373e-01
3.295621999999997498e-01,2.218917158877821150e-01
3.297023999999997290e-01,2.207960376164769256e-01
3.298425999999997082e-01,2.197083174836059749e-01
3.299827999999996875e-01,2.186284976875599861e-01
3.300299999999999900e-01,2.182658567247232062e-01
3.301691999999999960e-01,2.171312356021720680e-01
3.303084000000000020e-01,2.160053585405870002e-01
3.304476000000000080e-01,2.148881581530658336e-01
3.305868000000000140e-01,2.137795675720302047e-01
3.307260000000000200e-01,2.126795204452228694e-01
3.308652000000000259e-01,2.115879509317357687e-01
3.310044000000000319e-01,2.105047936980702916e-01
3.311436000000000379e-01,2.094299839142262920e-01
3.312828000000000439e-01,2.083634572498216375e-01
3.314220000000000499e-01,2.073051498702425111e-01
3.315612000000000559e-01,2.062549984328223562e-01
3.317004000000000619e-01,2.052129400830501327e-01
3.318396000000000678e-01,2.041789124508093245e-01
3.319788000000000738e-01,2.031528536466443713e-01
3.319900000000000073e-01,2.030703487473172197e-01
3.321301999999999865e-01,2.020544126672081386e-01
3.322703999999999658e-01,2.010462938374935060e-01
3.324105999999999450e-01,2.000459321073381203e-01
3.325507999999999242e-01,1.990532677887453250e-01
3.326909999999999035e-01,1.980682416529946366e-01
3.328311999999998827e-01,1.970907949271093473e-01
3.329713999999998619e-01,1.961208692903486650e-01
3.331115999999998412e-01,1.951584068707282738e-01
3.332517999999998204e-01,1.942033502415672075e-01
3.333919999999997996e-01,1.932556424180614796e-01
3.335321999999997788e-01,1.923152268538843579e-01
3.336723999999997581e-01,1.913820474378109537e-01
3.338125999999997373e-01,1.904560484903725648e-01
3.339527999999997165e-01,1.895371747605327784e-01
3.340000000000000191e-01,1.892286304524204432e-01
3.341404000000000041e-01,1.883625577203997814e-01
3.342807999999999891e-01,1.875028313888390530e-01
3.344211999999999740e-01,1.866494049526383758e-01
3.345615999999999590e-01,1.858022322474778276e-01
3.347019999999999440e-01,1.849612674473198881e-01
3.348423999999999290e-01,1.841264650619304222e-01
3.349827999999999140e-01,1.832977799344186476e-01
3.351231999999998989e-01,1.824751672387939783e-01
3.352635999999998839e-01,1.816585824775409641e-01
3.354039999999998689e-01,1.808479814792131046e-01
3.355443999999998539e-01,1.800433203960430939e-01
3.356847999999998389e-01,1.792445557015704960e-01
3.358251999999998239e-01,1.784516441882879612e-01
3.359655999999998088e-01,1.776645429653039843e-01
3.360199999999999854e-01,1.773604390752882010e-01
3.361601999999999646e-01,1.767781348730538271e-01
3.363003999999999438e-01,1.761990198352312298e-01
3.364405999999999231e-01,1.756230764954007650e-01
3.365807999999999023e-01,1.750502874828024913e-01
3.367209999999998815e-01,1.744806355218132543e-01
3.368611999999998607e-01,1.739141034314244383e-01
3.370013999999998400e-01,1.733506741247249350e-01
3.371415999999998192e-01,1.727903306083847790e-01
3.372817999999997984e-01,1.722330559821434459e-01
3.374219999999997777e-01,1.716788334382994829e-01
3.375621999999997569e-01,1.711276462612043581e-01
3.377023999999997361e-01,1.705794778267571976e-01
3.378425999999997154e-01,1.700343116019045198e-01
3.379827999999996946e-01,1.694921311441408562e-01
3.380299999999999971e-01,1.693099374191265882e-01
3.381701999999999764e-01,1.689918224144955072e-01
3.383103999999999556e-01,1.686747371815461305e-01
3.384505999999999348e-01,1.683586783867992986e-01
3.385907999999999141e-01,1.680436427075668870e-01
3.387309999999998933e-01,1.677296268319162786e-01
3.388711999999998725e-01,1.674166274586363912e-01
3.390113999999998518e-01,1.671046412972020390e-01
3.391515999999998310e-01,1.667936650677402932e-01
3.392917999999998102e-01,1.664836955009951769e-01
3.394319999999997894e-01,1.661747293382938029e-01
3.395721999999997687e-01,1.658667633315119572e-01
3.397123999999997479e-01,1.655597942430396818e-01
3.398525999999997271e-01,1.652538188457478574e-01
3.399927999999997064e-01,1.649488339229536749e-01
3.400400000000000089e-01,1.648462692548531283e-01
3.401792000000000149e-01,1.646787895997364748e-01
3.403184000000000209e-01,1.645116089543008364e-01
3.404576000000000269e-01,1.643447267847094606e-01
3.405968000000000329e-01,1.641781425580790543e-01
3.407360000000000388e-01,1.640118557424766754e-01
3.408752000000000448e-01,1.638458658069201768e-01
3.410144000000000508e-01,1.636801722213749866e-01
3.411536000000000568e-01,1.635147744567527761e-01
3.412928000000000628e-01,1.633496719849099055e-01
3.414320000000000688e-01,1.631848642786459802e-01
3.415712000000000748e-01,1.630203508117007427e-01
3.417104000000000807e-01,1.628561310587546274e-01
3.418496000000000867e-01,1.626922044954255409e-01
3.419888000000000927e-01,1.625285705982675299e-01
3.420000000000000262e-01,1.625154065469014419e-01
3.421402000000000054e-01,1.623940913201341596e-01
3.422803999999999847e-01,1.622729369796801491e-01
3.424205999999999639e-01,1.621519433121744180e-01
3.425607999999999431e-01,1.620311101045354141e-01
3.427009999999999224e-01,1.619104371439635814e-01
3.428411999999999016e-01,1.617899242179419161e-01
3.429813999999998808e-01,1.616695711142349667e-01
3.431215999999998600e-01,1.615493776208892784e-01
3.432617999999998393e-01,1.614293435262319498e-01
3.434019999999998185e-01,1.613094686188709659e-01
3.435421999999997977e-01,1.611897526876945319e-01
3.436823999999997770e-01,1.610701955218714065e-01
3.438225999999997562e-01,1.609507969108492365e-01
3.439627999999997354e-01,1.608315566443552225e-01
3.440099999999999825e-01,1.607914309272483466e-01
3.441503999999999674e-01,1.606418898742406620e-01
3.442907999999999524e-01,1.604925979777028777e-01
3.444311999999999374e-01,1.603435548225052854e-01
3.445715999999999224e-01,1.601947599942097344e-01
3.447119999999999074e-01,1.600462130790685222e-01
3.448523999999998924e-01,1.598979136640235055e-01
3.449927999999998773e-01,1.597498613367045461e-01
3.451331999999998623e-01,1.596020556854287342e-01
3.452735999999998473e-01,1.594544962991990555e-01
3.454139999999998323e-01,1.593071827677031704e-01
3.455543999999998173e-01,1.591601146813124146e-01
3.456947999999998022e-01,1.590132916310806888e-01
3.458351999999997872e-01,1.588667132087432377e-01
3.459755999999997722e-01,1.587203790067155396e-01
3.460300000000000042e-01,1.586637163555335572e-01
3.461701999999999835e-01,1.585130210326308742e-01
3.463103999999999627e-01,1.583625848711668338e-01
3.464505999999999419e-01,1.582124074254429580e-01
3.465907999999999212e-01,1.580624882505274886e-01
3.467309999999999004e-01,1.579128269022537223e-01
3.468711999999998796e-01,1.577634229372190111e-01
3.470113999999998589e-01,1.576142759127832083e-01
3.471515999999998381e-01,1.574653853870671139e-01
3.472917999999998173e-01,1.573167509189518087e-01
3.474319999999997965e-01,1.571683720680768781e-01
3.475721999999997758e-01,1.570202483948391903e-01
3.477123999999997550e-01,1.568723794603916755e-01
3.478525999999997342e-01,1.567247648266418825e-01
3.479927999999997135e-01,1.565774040562508684e-01
3.480400000000000160e-01,1.565278220541128640e-01
3.481790000000000163e-01,1.564097146914552594e-01
3.483180000000000165e-01,1.562917704994341017e-01
3.484570000000000167e-01,1.561739892526217144e-01
3.485960000000000170e-01,1.560563707259020605e-01
3.487350000000000172e-01,1.559389146944699656e-01
3.488740000000000174e-01,1.558216209338307845e-01
3.490130000000000177e-01,1.557044892198002906e-01
3.491520000000000179e-01,1.555875193285037872e-01
3.492910000000000181e-01,1.554707110363757749e-01
3.494300000000000184e-01,1.553540641201597294e-01
3.495690000000000186e-01,1.552375783569076573e-01
3.497080000000000188e-01,1.551212535239794299e-01
3.498470000000000191e-01,1.550050893990425616e-01
3.499860000000000193e-01,1.548890857600717652e-01
3.499900000000000233e-01,1.548857476587520710e-01
3.501304000000000083e-01,1.548083205606824997e-01
3.502707999999999933e-01,1.547309649611390281e-01
3.504111999999999782e-01,1.546536807940975811e-01
3.505515999999999632e-01,1.545764679935955899e-01
3.506919999999999482e-01,1.544993264937308819e-01
3.508323999999999332e-01,1.544222562286622358e-01
3.509727999999999182e-01,1.543452571326093814e-01
3.511131999999999032e-01,1.542683291398524448e-01
3.512535999999998881e-01,1.541914721847328362e-01
3.513939999999998731e-01,1.541146862016520291e-01
3.515343999999998581e-01,1.540379711250724482e-01
3.516747999999998431e-01,1.539613268895166920e-01
3.518151999999998281e-01,1.538847534295681996e-01
3.519555999999998130e-01,1.538082506798703619e-01
3.520099999999999896e-01,1.537786192006536101e-01
3.521501999999999688e-01,1.537149945038580601e-01
3.522903999999999480e-01,1.536514187325592751e-01
3.524305999999999273e-01,1.535878918491350165e-01
3.525707999999999065e-01,1.535244138159920224e-01
3.527109999999998857e-01,1.534609845955656748e-01
3.528511999999998650e-01,1.533976041503206655e-01
3.529913999999998442e-01,1.533342724427502191e-01
3.531315999999998234e-01,1.532709894353765367e-01
3.532717999999998026e-01,1.532077550907506858e-01
3.534119999999997819e-01,1.531445693714523770e-01
3.535521999999997611e-01,1.530814322400901872e-01
3.536923999999997403e-01,1.530183436593014479e-01
3.538325999999997196e-01,1.529553035917523562e-01
3.539727999999996988e-01,1.528923120001375313e-01
3.540200000000000014e-01,1.528711106233919814e-01
3.541601999999999806e-01,1.527920999411113145e-01
3.543003999999999598e-01,1.527131655448847880e-01
3.544405999999999390e-01,1.526343073610569867e-01
3.545807999999999183e-01,1.525555253160437719e-01
3.547209999999998975e-01,1.524768193363318369e-01
3.548611999999998767e-01,1.523981893484789296e-01
3.550013999999998560e-01,1.523196352791137409e-01
3.551415999999998352e-01,1.522411570549357940e-01
3.552817999999998144e-01,1.521627546027153333e-01
3.554219999999997937e-01,1.520844278492934354e-01
3.555621999999997729e-01,1.520061767215815651e-01
3.557023999999997521e-01,1.519280011465620195e-01
3.558425999999997313e-01,1.518499010512874836e-01
3.559827999999997106e-01,1.517718763628810308e-01
3.560300000000000131e-01,1.517456169660618137e-01
3.561692000000000191e-01,1.516281722107815089e-01
3.563084000000000251e-01,1.515108983607315052e-01
3.564476000000000311e-01,1.513937951672111870e-01
3.565868000000000371e-01,1.512768623818816494e-01
3.567260000000000431e-01,1.511600997567654758e-01
3.568652000000000490e-01,1.510435070442460725e-01
3.570044000000000550e-01,1.509270839970671130e-01
3.571436000000000610e-01,1.508108303683322049e-01
3.572828000000000670e-01,1.506947459115042243e-01
3.574220000000000730e-01,1.505788303804046491e-01
3.575612000000000790e-01,1.504630835292133373e-01
3.577004000000000850e-01,1.503475051124678608e-01
3.578396000000000909e-01,1.502320948850629501e-01
3.579788000000000969e-01,1.501168526022499394e-01
3.579899999999999749e-01,1.501075813217752630e-01
3.581301999999999541e-01,1.499477215449614986e-01
3.582703999999999334e-01,1.497881849683647681e-01
3.584105999999999126e-01,1.496289709385471012e-01
3.585507999999998918e-01,1.494700788033922478e-01
3.586909999999998711e-01,1.493115079121024591e-01
3.588311999999998503e-01,1.491532576151949341e-01
3.589713999999998295e-01,1.489953272645008209e-01
3.591115999999998087e-01,1.488377162131616638e-01
3.592517999999997880e-01,1.486804238156261837e-01
3.593919999999997672e-01,1.485234494276490569e-01
3.595321999999997464e-01,1.483667924062865850e-01
3.596723999999997257e-01,1.482104521098956962e-01
3.598125999999997049e-01,1.480544278981305029e-01
3.599527999999996841e-01,1.478987191319391936e-01
3.599999999999999867e-01,1.478463336496923519e-01
3.601403999999999717e-01,1.476452446077944902e-01
3.602807999999999566e-01,1.474446820329807784e-01
3.604211999999999416e-01,1.472446445469187681e-01
3.605615999999999266e-01,1.470451307748842362e-01
3.607019999999999116e-01,1.468461393457523023e-01
3.608423999999998966e-01,1.466476688919877702e-01
3.609827999999998815e-01,1.464497180496356910e-01
3.611231999999998665e-01,1.462522854583121479e-01
3.612635999999998515e-01,1.460553697611948198e-01
3.614039999999998365e-01,1.458589696050135442e-01
3.615443999999998215e-01,1.456630836400413243e-01
3.616847999999998065e-01,1.454677105200845588e-01
3.618251999999997914e-01,1.452728489024744940e-01
3.619655999999997764e-01,1.450784974480571199e-01
3.620200000000000085e-01,1.450032696931116138e-01
3.621601999999999877e-01,1.447684275850874558e-01
3.623003999999999669e-01,1.445343311132177844e-01
3.624405999999999461e-01,1.443009779100680179e-01
3.625807999999999254e-01,1.440683656157206727e-01
3.627209999999999046e-01,1.438364918777509383e-01
3.628611999999998838e-01,1.436053543512031405e-01
3.630013999999998631e-01,1.433749506985669830e-01
3.631415999999998423e-01,1.431452785897537883e-01
3.632817999999998215e-01,1.429163357020731828e-01
3.634219999999998008e-01,1.426881197202092277e-01
3.635621999999997800e-01,1.424606283361975478e-01
3.637023999999997592e-01,1.422338592494014620e-01
3.638425999999997384e-01,1.420078101664888903e-01
3.639827999999997177e-01,1.417824788014093729e-01
3.640300000000000202e-01,1.417066995732021439e-01
3.641701999999999995e-01,1.414499319026234492e-01
3.643103999999999787e-01,1.411940971781995291e-01
3.644505999999999579e-01,1.409391920101402684e-01
3.645907999999999372e-01,1.406852130209719220e-01
3.647309999999999164e-01,1.404321568454927061e-01
3.648711999999998956e-01,1.401800201307280558e-01
3.650113999999998748e-01,1.399287995358861059e-01
3.651515999999998541e-01,1.396784917323135033e-01
3.652917999999998333e-01,1.394290934034513318e-01
3.654319999999998125e-01,1.391806012447912577e-01
3.655721999999997918e-01,1.389330119638314542e-01
3.657123999999997710e-01,1.386863222800331918e-01
3.658525999999997502e-01,1.384405289247774284e-01
3.659927999999997295e-01,1.381956286413212887e-01
3.660399999999999765e-01,1.381132811415024531e-01
3.661791999999999825e-01,1.378403938275370999e-01
3.663183999999999885e-01,1.375686167292303752e-01
3.664575999999999945e-01,1.372979453297772379e-01
3.665968000000000004e-01,1.370283751307486142e-01
3.667360000000000064e-01,1.367599016520172350e-01
3.668752000000000124e-01,1.364925204316824736e-01
3.670144000000000184e-01,1.362262270259966268e-01
3.671536000000000244e-01,1.359610170092909742e-01
3.672928000000000304e-01,1.356968859739021704e-01
3.674320000000000364e-01,1.354338295300990813e-01
3.675712000000000423e-01,1.351718433060096203e-01
3.677104000000000483e-01,1.349109229475483618e-01
3.678496000000000543e-01,1.346510641183440438e-01
3.679888000000000603e-01,1.343922624996674031e-01
3.679999999999999938e-01,1.343714462228173812e-01
3.681401999999999730e-01,1.341010612065669516e-01
3.682803999999999522e-01,1.338318305348876747e-01
3.684205999999999315e-01,1.335637492795801462e-01
3.685607999999999107e-01,1.332968125334842435e-01
3.687009999999998899e-01,1.330310154103897524e-01
3.688411999999998692e-01,1.327663530449468832e-01
3.689813999999998484e-01,1.325028205925780078e-01
3.691215999999998276e-01,1.322404132293875101e-01
3.692617999999998069e-01,1.319791261520745218e-01
3.694019999999997861e-01,1.317189545778444382e-01
3.695421999999997653e-01,1.314598937443224314e-01
3.696823999999997445e-01,1.312019389094648547e-01
3.698225999999997238e-01,1.309450853514732005e-01
3.699627999999997030e-01,1.306893283687073914e-01
3.700100000000000056e-01,1.306033488420491606e-01
3.701503999999999905e-01,1.303533458354385610e-01
3.702907999999999755e-01,1.301043921304124718e-01
3.704311999999999605e-01,1.298564833228883497e-01
3.705715999999999455e-01,1.296096150272689762e-01
3.707119999999999305e-01,1.293637828763635200e-01
3.708523999999999154e-01,1.291189825213111542e-01
3.709927999999999004e-01,1.288752096315037843e-01
3.711331999999998854e-01,1.286324598945096653e-01
3.712735999999998704e-01,1.283907290159967962e-01
3.714139999999998554e-01,1.281500127196576466e-01
3.715543999999998404e-01,1.279103067471325517e-01
3.716947999999998253e-01,1.276716068579349939e-01
3.718351999999998103e-01,1.274339088293764410e-01
3.719755999999997953e-01,1.271972084564915173e-01
3.720300000000000273e-01,1.271056450239977931e-01
3.721702000000000066e-01,1.268934391230370773e-01
3.723103999999999858e-01,1.266820363900350577e-01
3.724505999999999650e-01,1.264714337851197135e-01
3.725907999999999443e-01,1.262616282799245981e-01
3.727309999999999235e-01,1.260526168575450967e-01
3.728711999999999027e-01,1.258443965124952379e-01
3.730113999999998819e-01,1.256369642506641737e-01
3.731515999999998612e-01,1.254303170892735464e-01
3.732917999999998404e-01,1.252244520568343011e-01
3.734319999999998196e-01,1.250193661931039424e-01
3.735721999999997989e-01,1.248150565490441233e-01
3.737123999999997781e-01,1.246115201867781241e-01
3.738525999999997573e-01,1.244087541795487750e-01
3.739927999999997366e-01,1.242067556116760452e-01
3.740399999999999836e-01,1.241388372591013534e-01
3.741789999999999838e-01,1.239657331004465624e-01
3.743179999999999841e-01,1.237931932516299627e-01
3.744569999999999843e-01,1.236212158730332078e-01
3.745959999999999845e-01,1.234497991310350429e-01
3.747349999999999848e-01,1.232789411979914318e-01
3.748739999999999850e-01,1.231086402522167944e-01
3.750129999999999852e-01,1.229388944779636894e-01
3.751519999999999855e-01,1.227697020654042737e-01
3.752909999999999857e-01,1.226010612106104292e-01
3.754299999999999859e-01,1.224329701155348893e-01
3.755689999999999862e-01,1.222654269879916988e-01
3.757079999999999864e-01,1.220984300416375623e-01
3.758469999999999867e-01,1.219319774959523039e-01
3.759859999999999869e-01,1.217660675762206601e-01
3.759899999999999909e-01,1.217612936393555056e-01
3.761303999999999759e-01,1.216272484743659010e-01
3.762707999999999608e-01,1.214935575505480259e-01
3.764111999999999458e-01,1.213602199317487251e-01
3.765515999999999308e-01,1.212272346842888648e-01
3.766919999999999158e-01,1.210946008769565596e-01
3.768323999999999008e-01,1.209623175810009554e-01
3.769727999999998858e-01,1.208303838701256794e-01
3.771131999999998707e-01,1.206987988204820672e-01
3.772535999999998557e-01,1.205675615106631682e-01
3.773939999999998407e-01,1.204366710216968617e-01
3.775343999999998257e-01,1.203061264370396399e-01
3.776747999999998107e-01,1.201759268425701688e-01
3.778151999999997956e-01,1.200460713265828483e-01
3.779555999999997806e-01,1.199165589797813736e-01
3.780100000000000127e-01,1.198664290243467434e-01
3.781501999999999919e-01,1.197539811460170966e-01
3.782903999999999711e-01,1.196417922285397673e-01
3.784305999999999504e-01,1.195298616755433585e-01
3.785707999999999296e-01,1.194181888920294865e-01
3.787109999999999088e-01,1.193067732843701156e-01
3.788511999999998880e-01,1.191956142603046720e-01
3.789913999999998673e-01,1.190847112289360465e-01
3.791315999999998465e-01,1.189740636007279306e-01
3.792717999999998257e-01,1.188636707875021514e-01
3.794119999999998050e-01,1.187535322024347861e-01
3.795521999999997842e-01,1.186436472600530534e-01
3.796923999999997634e-01,1.185340153762330928e-01
3.798325999999997427e-01,1.184246359681957461e-01
3.799727999999997219e-01,1.183155084545040037e-01
3.800200000000000244e-01,1.182787979049901850e-01
3.801604000000000094e-01,1.181770275520281910e-01
3.803007999999999944e-01,1.180754764441276361e-01
3.804411999999999794e-01,1.179741441089663390e-01
3.805815999999999644e-01,1.178730300752395266e-01
3.807219999999999493e-01,1.177721338726579470e-01
3.808623999999999343e-01,1.176714550319454267e-01
3.810027999999999193e-01,1.175709930848367613e-01
3.811431999999999043e-01,1.174707475640754950e-01
3.812835999999998893e-01,1.173707180034118114e-01
3.814239999999998743e-01,1.172709039376004236e-01
3.815643999999998592e-01,1.171713049023981323e-01
3.817047999999998442e-01,1.170719204345620490e-01
3.818451999999998292e-01,1.169727500718472646e-01
3.819855999999998142e-01,1.168737933530045181e-01
3.820399999999999907e-01,1.168354831958107187e-01
3.821789999999999909e-01,1.167407066756104284e-01
3.823179999999999912e-01,1.166461262946689725e-01
3.824569999999999914e-01,1.165517416470778223e-01
3.825959999999999916e-01,1.164575523277682212e-01
3.827349999999999919e-01,1.163635579325099645e-01
3.828739999999999921e-01,1.162697580579091783e-01
3.830129999999999924e-01,1.161761523014068764e-01
3.831519999999999926e-01,1.160827402612772952e-01
3.832909999999999928e-01,1.159895215366258947e-01
3.834299999999999931e-01,1.158964957273878049e-01
3.835689999999999933e-01,1.158036624343261600e-01
3.837079999999999935e-01,1.157110212590301002e-01
3.838469999999999938e-01,1.156185718039135502e-01
3.839859999999999940e-01,1.155263136722131101e-01
3.839899999999999980e-01,1.155236589203766373e-01
3.841301999999999772e-01,1.154426312940034505e-01
3.842703999999999565e-01,1.153617512556025515e-01
3.844105999999999357e-01,1.152810185363494222e-01
3.845507999999999149e-01,1.152004328679092637e-01
3.846909999999998941e-01,1.151199939824359975e-01
3.848311999999998734e-01,1.150397016125713767e-01
3.849713999999998526e-01,1.149595554914442097e-01
3.851115999999998318e-01,1.148795553526693602e-01
3.852517999999998111e-01,1.147997009303469707e-01
3.853919999999997903e-01,1.147199919590613515e-01
3.855321999999997695e-01,1.146404281738804265e-01
3.856723999999997488e-01,1.145610093103546223e-01
3.858125999999997280e-01,1.144817351045159803e-01
3.859527999999997072e-01,1.144026052928773796e-01
3.860000000000000098e-01,1.143759816550001807e-01
3.861403999999999948e-01,1.143074641775200240e-01
3.862807999999999797e-01,1.142390550275935723e-01
3.864211999999999647e-01,1.141707540339528260e-01
3.865615999999999497e-01,1.141025610256003464e-01
3.867019999999999347e-01,1.140344758318092566e-01
3.868423999999999197e-01,1.139664982821223527e-01
3.869827999999999046e-01,1.138986282063522149e-01
3.871231999999998896e-01,1.138308654345803195e-01
3.872635999999998746e-01,1.137632097971568168e-01
3.874039999999998596e-01,1.136956611246999760e-01
3.875443999999998446e-01,1.136282192480960740e-01
3.876847999999998295e-01,1.135608839984986185e-01
3.878251999999998145e-01,1.134936552073281257e-01
3.879655999999997995e-01,1.134265327062715656e-01
3.880199999999999760e-01,1.134005410749212572e-01
3.881601999999999553e-01,1.133412772664497137e-01
3.883003999999999345e-01,1.132820963670607695e-01
3.884405999999999137e-01,1.132229982607660945e-01
3.885807999999998930e-01,1.131639828317394514e-01
3.887209999999998722e-01,1.131050499643166951e-01
3.888611999999998514e-01,1.130461995429955513e-01
3.890013999999998306e-01,1.129874314524352830e-01
3.891415999999998099e-01,1.129287455774565796e-01
3.892817999999997891e-01,1.128701418030411130e-01
3.894219999999997683e-01,1.128116200143316483e-01
3.895621999999997476e-01,1.127531800966314890e-01
3.897023999999997268e-01,1.126948219354044767e-01
3.898425999999997060e-01,1.126365454162746582e-01
3.899827999999996853e-01,1.125783504250260636e-01
3.900299999999999878e-01,1.125587676241444068e-01
3.901703999999999728e-01,1.125043852709199932e-01
3.903107999999999578e-01,1.124500741465105369e-01
3.904511999999999428e-01,1.123958341576223319e-01
3.905915999999999277e-01,1.123416652110830194e-01
3.907319999999999127e-01,1.122875672138431424e-01
3.908723999999998977e-01,1.122335400729749244e-01
3.910127999999998827e-01,1.121795836956726022e-01
3.911531999999998677e-01,1.121256979892508721e-01
3.912935999999998526e-01,1.120718828611469986e-01
3.914339999999998376e-01,1.120181382189189279e-01
3.915743999999998226e-01,1.119644639702461753e-01
3.917147999999998076e-01,1.119108600229281603e-01
3.918551999999997926e-01,1.118573262848859828e-01
3.919955999999997776e-01,1.118038626641612021e-01
3.920500000000000096e-01,1.117831579363771644e-01
3.921890000000000098e-01,1.117271193242392879e-01
3.923280000000000101e-01,1.116711577853978232e-01
3.924670000000000103e-01,1.116152732138488979e-01
3.926060000000000105e-01,1.115594655037350780e-01
3.927450000000000108e-01,1.115037345493437027e-01
3.928840000000000110e-01,1.114480802451083274e-01
3.930230000000000112e-01,1.113925024856075030e-01
3.931620000000000115e-01,1.113370011655642200e-01
3.933010000000000117e-01,1.112815761798470193e-01
3.934400000000000119e-01,1.112262274234683268e-01
3.935790000000000122e-01,1.111709547915856744e-01
3.937180000000000124e-01,1.111157581795000349e-01
3.938570000000000126e-01,1.110606374826570431e-01
3.939960000000000129e-01,1.110055925966459967e-01
3.940000000000000169e-01,1.110040086339267873e-01
3.941401999999999961e-01,1.109450767605986155e-01
3.942803999999999753e-01,1.108862317863175129e-01
3.944205999999999546e-01,1.108274735829448687e-01
3.945607999999999338e-01,1.107688020225310321e-01
3.947009999999999130e-01,1.107102169773152012e-01
3.948411999999998923e-01,1.106517183197247567e-01
3.949813999999998715e-01,1.105933059223753734e-01
3.951215999999998507e-01,1.105349796580703536e-01
3.952617999999998299e-01,1.104767393998007385e-01
3.954019999999998092e-01,1.104185850207448638e-01
3.955421999999997884e-01,1.103605163942679157e-01
3.956823999999997676e-01,1.103025333939219310e-01
3.958225999999997469e-01,1.102446358934453530e-01
3.959627999999997261e-01,1.101868237667628092e-01
3.960099999999999731e-01,1.101673702972463254e-01
3.961503999999999581e-01,1.101023598432449013e-01
3.962907999999999431e-01,1.100374574004830963e-01
3.964311999999999281e-01,1.099726627895063480e-01
3.965715999999999131e-01,1.099079758311580779e-01
3.967119999999998980e-01,1.098433963465794694e-01
3.968523999999998830e-01,1.097789241572089125e-01
3.969927999999998680e-01,1.097145590847813379e-01
3.971331999999998530e-01,1.096503009513279947e-01
3.972735999999998380e-01,1.095861495791756735e-01
3.974139999999998230e-01,1.095221047909464840e-01
3.975543999999998079e-01,1.094581664095571893e-01
3.976947999999997929e-01,1.093943342582187617e-01
3.978351999999997779e-01,1.093306081604359381e-01
3.979755999999997629e-01,1.092669879400065547e-01
3.980299999999999949e-01,1.092423532552486698e-01
3.981701999999999741e-01,1.091700929967504008e-01
3.983103999999999534e-01,1.090979694140796763e-01
3.984505999999999326e-01,1.090259822487225083e-01
3.985907999999999118e-01,1.089541312426540731e-01
3.987309999999998911e-01,1.088824161383374900e-01
3.988711999999998703e-01,1.088108366787228221e-01
3.990113999999998495e-01,1.087393926072466321e-01
3.991515999999998288e-01,1.086680836678304285e-01
3.992917999999998080e-01,1.085969096048803317e-01
3.994319999999997872e-01,1.085258701632858536e-01
3.995721999999997665e-01,1.084549650884190086e-01
3.997123999999997457e-01,1.083841941261333153e-01
3.998525999999997249e-01,1.083135570227631295e-01
3.999927999999997041e-01,1.082430535251225345e-01
4.000400000000000067e-01,1.082193328162199819e-01
4.001790000000000069e-01,1.081387410258132231e-01
4.003180000000000072e-01,1.080583239231156512e-01
4.004570000000000074e-01,1.079780811294807075e-01
4.005960000000000076e-01,1.078980122670828434e-01
4.007350000000000079e-01,1.078181169589151889e-01
4.008740000000000081e-01,1.077383948287882198e-01
4.010130000000000083e-01,1.076588455013277601e-01
4.011520000000000086e-01,1.075794686019733160e-01
4.012910000000000088e-01,1.075002637569761887e-01
4.014300000000000090e-01,1.074212305933980316e-01
4.015690000000000093e-01,1.073423687391085179e-01
4.017080000000000095e-01,1.072636778227842314e-01
4.018470000000000097e-01,1.071851574739065560e-01
4.019860000000000100e-01,1.071068073227599005e-01
4.019900000000000140e-01,1.071045527830857269e-01
4.021303999999999990e-01,1.070204878683461702e-01
4.022707999999999839e-01,1.069366188970745091e-01
4.024111999999999689e-01,1.068529454125543010e-01
4.025515999999999539e-01,1.067694669591331413e-01
4.026919999999999389e-01,1.066861830822211088e-01
4.028323999999999239e-01,1.066030933282878790e-01
4.029727999999999088e-01,1.065201972448600598e-01
4.031131999999998938e-01,1.064374943805193041e-01
4.032535999999998788e-01,1.063549842848986460e-01
4.033939999999998638e-01,1.062726665086816125e-01
4.035343999999998488e-01,1.061905406035988930e-01
4.036747999999998338e-01,1.061086061224258970e-01
4.038151999999998187e-01,1.060268626189803109e-01
4.039555999999998037e-01,1.059453096481199896e-01
4.040099999999999802e-01,1.059137393547494588e-01
4.041501999999999595e-01,1.058254959035612730e-01
4.042903999999999387e-01,1.057374757312392610e-01
4.044305999999999179e-01,1.056496782728298944e-01
4.045707999999998972e-01,1.055621029648090570e-01
4.047109999999998764e-01,1.054747492450786028e-01
4.048511999999998556e-01,1.053876165529625819e-01
4.049913999999998349e-01,1.053007043292035760e-01
4.051315999999998141e-01,1.052140120159593684e-01
4.052717999999997933e-01,1.051275390567995016e-01
4.054119999999997725e-01,1.050412848967006152e-01
4.055521999999997518e-01,1.049552489820444467e-01
4.056923999999997310e-01,1.048694307606133913e-01
4.058325999999997102e-01,1.047838296815869485e-01
4.059727999999996895e-01,1.046984451955383921e-01
4.060199999999999920e-01,1.046697240192182576e-01
4.061603999999999770e-01,1.045819000952719069e-01
4.063007999999999620e-01,1.044943055129268217e-01
4.064411999999999470e-01,1.044069396732849597e-01
4.065815999999999319e-01,1.043198019790123610e-01
4.067219999999999169e-01,1.042328918343347066e-01
4.068623999999999019e-01,1.041462086450337665e-01
4.070027999999998869e-01,1.040597518184427361e-01
4.071431999999998719e-01,1.039735207634429059e-01
4.072835999999998569e-01,1.038875148904587764e-01
4.074239999999998418e-01,1.038017336114547273e-01
4.075643999999998268e-01,1.037161763399304659e-01
4.077047999999998118e-01,1.036308424909176962e-01
4.078451999999997968e-01,1.035457314809752338e-01
4.079855999999997818e-01,1.034608427281857868e-01
4.080400000000000138e-01,1.034279846929345714e-01
4.081790000000000140e-01,1.033423593050381006e-01
4.083180000000000143e-01,1.032569602777739792e-01
4.084570000000000145e-01,1.031717870127317749e-01
4.085960000000000147e-01,1.030868389130826790e-01
4.087350000000000150e-01,1.030021153835761760e-01
4.088740000000000152e-01,1.029176158305349364e-01
4.090130000000000154e-01,1.028333396618512641e-01
4.091520000000000157e-01,1.027492862869827661e-01
4.092910000000000159e-01,1.026654551169481344e-01
4.094300000000000161e-01,1.025818455643230376e-01
4.095690000000000164e-01,1.024984570432363462e-01
4.097080000000000166e-01,1.024152889693653590e-01
4.098470000000000169e-01,1.023323407599325829e-01
4.099860000000000171e-01,1.022496118337008486e-01
4.099900000000000211e-01,1.022472313267539512e-01
4.101302000000000003e-01,1.021705160043903104e-01
4.102703999999999795e-01,1.020939892586875120e-01
4.104105999999999588e-01,1.020176506260987992e-01
4.105507999999999380e-01,1.019414996442160604e-01
4.106909999999999172e-01,1.018655358517687182e-01
4.108311999999998965e-01,1.017897587886197330e-01
4.109713999999998757e-01,1.017141679957636047e-01
4.111115999999998549e-01,1.016387630153219312e-01
4.112517999999998342e-01,1.015635433905430762e-01
4.113919999999998134e-01,1.014885086657976165e-01
4.115321999999997926e-01,1.014136583865762331e-01
4.116723999999997718e-01,1.013389920994870463e-01
4.118125999999997511e-01,1.012645093522519524e-01
4.119527999999997303e-01,1.011902096937052908e-01
4.119999999999999774e-01,1.011652165629294275e-01
4.121403999999999623e-01,1.010964989215528131e-01
4.122807999999999473e-01,1.010279380218602752e-01
4.124211999999999323e-01,1.009595335063313559e-01
4.125615999999999173e-01,1.008912850182612786e-01
4.127019999999999023e-01,1.008231922017587268e-01
4.128423999999998872e-01,1.007552547017442901e-01
4.129827999999998722e-01,1.006874721639483550e-01
4.131231999999998572e-01,1.006198442349094391e-01
4.132635999999998422e-01,1.005523705619724151e-01
4.134039999999998272e-01,1.004850507932862902e-01
4.135443999999998121e-01,1.004178845778025408e-01
4.136847999999997971e-01,1.003508715652741135e-01
4.138251999999997821e-01,1.002840114062520938e-01
4.139655999999997671e-01,1.002173037520848187e-01
4.140199999999999991e-01,1.001914797868088680e-01
4.141601999999999784e-01,1.001293353641551365e-01
4.143003999999999576e-01,1.000673234126123745e-01
4.144405999999999368e-01,1.000054436497964661e-01
4.145807999999999161e-01,9.994369579392536895e-02
4.147209999999998953e-01,9.988207956381756070e-02
4.148611999999998745e-01,9.982059467889103921e-02
4.150013999999998537e-01,9.975924085916176853e-02
4.151415999999998330e-01,9.969801782524256861e-02
4.152817999999998122e-01,9.963692529834189404e-02
4.154219999999997914e-01,9.957596300026250180e-02
4.155621999999997707e-01,9.951513065340011899e-02
4.157023999999997499e-01,9.945442798074222157e-02
4.158425999999997291e-01,9.939385470586681315e-02
4.159827999999997084e-01,9.933341055294109267e-02
4.160300000000000109e-01,9.931307593319937954e-02
4.161703999999999959e-01,9.925629166637672807e-02
4.163107999999999809e-01,9.919962144022254069e-02
4.164511999999999659e-01,9.914306502570735535e-02
4.165915999999999508e-01,9.908662219426156437e-02
4.167319999999999358e-01,9.903029271777463727e-02
4.168723999999999208e-01,9.897407636859423263e-02
4.170127999999999058e-01,9.891797291952497684e-02
4.171531999999998908e-01,9.886198214382801996e-02
4.172935999999998757e-01,9.880610381521981456e-02
4.174339999999998607e-01,9.875033770787122744e-02
4.175743999999998457e-01,9.869468359640676258e-02
4.177147999999998307e-01,9.863914125590322879e-02
4.178551999999998157e-01,9.858371046188951770e-02
4.179955999999998006e-01,9.852839099034527148e-02
4.180499999999999772e-01,9.850697336485969569e-02
4.181889999999999774e-01,9.845315541952093241e-02
4.183279999999999776e-01,9.839944291760793771e-02
4.184669999999999779e-01,9.834583565252930093e-02
4.186059999999999781e-01,9.829233341809862079e-02
4.187449999999999783e-01,9.823893600853350616e-02
4.188839999999999786e-01,9.818564321845446585e-02
4.190229999999999788e-01,9.813245484288468656e-02
4.191619999999999790e-01,9.807937067724870062e-02
4.193009999999999793e-01,9.802639051737216391e-02
4.194399999999999795e-01,9.797351415948052367e-02
4.195789999999999798e-01,9.792074140019857431e-02
4.197179999999999800e-01,9.786807203654956933e-02
4.198569999999999802e-01,9.781550586595444408e-02
4.199959999999999805e-01,9.776304268623092764e-02
4.199999999999999845e-01,9.776153303972390241e-02
4.201401999999999637e-01,9.771318644988757907e-02
4.202803999999999429e-01,9.766492732735554405e-02
4.204205999999999221e-01,9.761675551388437899e-02
4.205607999999999014e-01,9.756867085151688102e-02
4.207009999999998806e-01,9.752067318258172968e-02
4.208411999999998598e-01,9.747276234969282083e-02
4.209813999999998391e-01,9.742493819574893354e-02
4.211215999999998183e-01,9.737720056393284196e-02
4.212617999999997975e-01,9.732954929771109320e-02
4.214019999999997768e-01,9.728198424083345230e-02
4.215421999999997560e-01,9.723450523733245809e-02
4.216823999999997352e-01,9.718711213152264605e-02
4.218225999999997144e-01,9.713980476800032626e-02
4.219627999999996937e-01,9.709258299164291728e-02
4.220099999999999962e-01,9.707669491278747564e-02
4.221503999999999812e-01,9.703289059920117143e-02
4.222907999999999662e-01,9.698915997801116351e-02
4.224311999999999512e-01,9.694550292524373170e-02
4.225715999999999362e-01,9.690191931713409978e-02
4.227119999999999211e-01,9.685840903012588043e-02
4.228523999999999061e-01,9.681497194086996494e-02
4.229927999999998911e-01,9.677160792622530039e-02
4.231331999999998761e-01,9.672831686325800149e-02
4.232735999999998611e-01,9.668509862924035136e-02
4.234139999999998460e-01,9.664195310165202280e-02
4.235543999999998310e-01,9.659888015817785778e-02
4.236947999999998160e-01,9.655587967670919980e-02
4.238351999999998010e-01,9.651295153534267257e-02
4.239755999999997860e-01,9.647009561237951392e-02
4.240300000000000180e-01,9.645350130341645567e-02
4.241701999999999972e-01,9.641361272620518896e-02
4.243103999999999765e-01,9.637378675366559122e-02
4.244505999999999557e-01,9.633402328754059329e-02
4.245907999999999349e-01,9.629432222972666988e-02
4.247309999999999142e-01,9.625468348227494975e-02
4.248711999999998934e-01,9.621510694738999447e-02
4.250113999999998726e-01,9.617559252743002052e-02
4.251515999999998519e-01,9.613614012490601102e-02
4.252917999999998311e-01,9.609674964248249296e-02
4.254319999999998103e-01,9.605742098297653797e-02
4.255721999999997895e-01,9.601815404935798437e-02
4.257123999999997688e-01,9.597894874474843796e-02
4.258525999999997480e-01,9.593980497242193817e-02
4.259927999999997272e-01,9.590072263580429190e-02
4.260399999999999743e-01,9.588757206116715892e-02
4.261791999999999803e-01,9.585031456604897748e-02
4.263183999999999862e-01,9.581311293298655496e-02
4.264575999999999922e-01,9.577596707822289002e-02
4.265967999999999982e-01,9.573887691812699163e-02
4.267360000000000042e-01,9.570184236919287990e-02
4.268752000000000102e-01,9.566486334803991909e-02
4.270144000000000162e-01,9.562793977141248458e-02
4.271536000000000222e-01,9.559107155617985185e-02
4.272928000000000281e-01,9.555425861933586340e-02
4.274320000000000341e-01,9.551750087799881772e-02
4.275712000000000401e-01,9.548079824941113625e-02
4.277104000000000461e-01,9.544415065093958539e-02
4.278496000000000521e-01,9.540755800007472143e-02
4.279888000000000581e-01,9.537102021443089050e-02
4.279999999999999916e-01,9.536808074773983623e-02
4.281401999999999708e-01,9.533372954628316354e-02
4.282803999999999500e-01,9.529942684563919020e-02
4.284205999999999293e-01,9.526517257732902699e-02
4.285607999999999085e-01,9.523096667297070717e-02
4.287009999999998877e-01,9.519680906427863132e-02
4.288411999999998669e-01,9.516269968306356741e-02
4.289813999999998462e-01,9.512863846123276179e-02
4.291215999999998254e-01,9.509462533078938407e-02
4.292617999999998046e-01,9.506066022383286018e-02
4.294019999999997839e-01,9.502674307255820629e-02
4.295421999999997631e-01,9.499287380925636182e-02
4.296823999999997423e-01,9.495905236631385637e-02
4.298225999999997216e-01,9.492527867621247673e-02
4.299627999999997008e-01,9.489155267152959983e-02
4.300100000000000033e-01,9.488020381247697088e-02
4.301501999999999826e-01,9.484699541683117019e-02
4.302903999999999618e-01,9.481383327614145706e-02
4.304305999999999410e-01,9.478071732598103427e-02
4.305707999999999203e-01,9.474764750201236652e-02
4.307109999999998995e-01,9.471462373998751350e-02
4.308511999999998787e-01,9.468164597574857400e-02
4.309913999999998580e-01,9.464871414522646464e-02
4.311315999999998372e-01,9.461582818444147502e-02
4.312717999999998164e-01,9.458298802950293460e-02
4.314119999999997956e-01,9.455019361660954580e-02
4.315521999999997749e-01,9.451744488204860684e-02
4.316923999999997541e-01,9.448474176219590071e-02
4.318325999999997333e-01,9.445208419351636131e-02
4.319727999999997126e-01,9.441947211256307426e-02
4.320200000000000151e-01,9.440849802026496373e-02
4.321604000000000001e-01,9.437559006957141339e-02
4.323007999999999851e-01,9.434272845746305425e-02
4.324411999999999701e-01,9.430991311868897053e-02
4.325815999999999550e-01,9.427714398809083907e-02
4.327219999999999400e-01,9.424442100060148597e-02
4.328623999999999250e-01,9.421174409124555282e-02
4.330027999999999100e-01,9.417911319513894153e-02
4.331431999999998950e-01,9.414652824748948046e-02
4.332835999999998799e-01,9.411398918359570320e-02
4.334239999999998649e-01,9.408149593884751472e-02
4.335643999999998499e-01,9.404904844872552516e-02
4.337047999999998349e-01,9.401664664880171607e-02
4.338451999999998199e-01,9.398429047473821907e-02
4.339855999999998049e-01,9.395197986228820408e-02
4.340399999999999814e-01,9.393946748699488758e-02
4.341789999999999816e-01,9.390518327949604060e-02
4.343179999999999819e-01,9.387095039761239601e-02
4.344569999999999821e-01,9.383676876450630644e-02
4.345959999999999823e-01,9.380263830345514364e-02
4.347349999999999826e-01,9.376855893785107643e-02
4.348739999999999828e-01,9.373453059120107067e-02
4.350129999999999830e-01,9.370055318712655623e-02
4.351519999999999833e-01,9.366662664936320493e-02
4.352909999999999835e-01,9.363275090176104154e-02
4.354299999999999837e-01,9.359892586828388872e-02
4.355689999999999840e-01,9.356515147300970003e-02
4.357079999999999842e-01,9.353142764012967181e-02
4.358469999999999844e-01,9.349775429394890924e-02
4.359859999999999847e-01,9.346413135888553825e-02
4.359899999999999887e-01,9.346316383415331774e-02
4.361303999999999736e-01,9.342876271555633494e-02
4.362707999999999586e-01,9.339441437082984798e-02
4.364111999999999436e-01,9.336011871901483961e-02
4.365515999999999286e-01,9.332587567927641548e-02
4.366919999999999136e-01,9.329168517090380419e-02
4.368323999999998986e-01,9.325754711330991320e-02
4.369727999999998835e-01,9.322346142603132879e-02
4.371131999999998685e-01,9.318942802872820508e-02
4.372535999999998535e-01,9.315544684118381991e-02
4.373939999999998385e-01,9.312151778330446383e-02
4.375343999999998235e-01,9.308764077511944013e-02
4.376747999999998084e-01,9.305381573678050966e-02
4.378151999999997934e-01,9.302004258856222396e-02
4.379555999999997784e-01,9.298632125086125910e-02
4.380100000000000104e-01,9.297326320701981839e-02
4.381501999999999897e-01,9.293756192498581203e-02
4.382903999999999689e-01,9.290191875075104466e-02
4.384305999999999481e-01,9.286633358973861441e-02
4.385707999999999274e-01,9.283080634752560734e-02
4.387109999999999066e-01,9.279533692984265336e-02
4.388511999999998858e-01,9.275992524257392624e-02
4.389913999999998651e-01,9.272457119175681051e-02
4.391315999999998443e-01,9.268927468358179045e-02
4.392717999999998235e-01,9.265403562439145091e-02
4.394119999999998027e-01,9.261885392068136547e-02
4.395521999999997820e-01,9.258372947909909723e-02
4.396923999999997612e-01,9.254866220644419883e-02
4.398325999999997404e-01,9.251365200966787938e-02
4.399727999999997197e-01,9.247869879587278241e-02
4.400200000000000222e-01,9.246693783508064257e-02
4.401602000000000015e-01,9.243017048862722795e-02
4.403003999999999807e-01,9.239346622829291977e-02
4.404405999999999599e-01,9.235682494583330460e-02
4.405807999999999391e-01,9.232024653318982033e-02
4.407209999999999184e-01,9.228373088248909006e-02
4.408611999999998976e-01,9.224727788604303313e-02
4.410013999999998768e-01,9.221088743634830998e-02
4.411415999999998561e-01,9.217455942608598907e-02
4.412817999999998353e-01,9.213829374812132489e-02
4.414219999999998145e-01,9.210209029550331383e-02
4.415621999999997938e-01,9.206594896146447216e-02
4.417023999999997730e-01,9.202986963942061394e-02
4.418425999999997522e-01,9.199385222297029596e-02
4.419827999999997314e-01,9.195789660589481773e-02
4.420299999999999785e-01,9.194579871948627137e-02
4.421691999999999845e-01,9.190774461990547373e-02
4.423083999999999905e-01,9.186975978387001973e-02
4.424475999999999964e-01,9.183184408531108733e-02
4.425868000000000024e-01,9.179399739838922656e-02
4.427260000000000084e-01,9.175621959749391543e-02
4.428652000000000144e-01,9.171851055724355994e-02
4.430044000000000204e-01,9.168087015248449489e-02
4.431436000000000264e-01,9.164329825829098386e-02
4.432828000000000324e-01,9.160579474996455307e-02
4.434220000000000383e-01,9.156835950303388039e-02
4.435612000000000443e-01,9.153099239325412917e-02
4.437004000000000503e-01,9.149369329660650418e-02
4.438396000000000563e-01,9.145646208929814058e-02
4.439788000000000623e-01,9.141929864776121573e-02
4.439899999999999958e-01,9.141630892443430856e-02
4.441301999999999750e-01,9.137911776523244267e-02
4.442703999999999542e-01,9.134199448288049528e-02
4.444105999999999335e-01,9.130493895349789391e-02
4.445507999999999127e-01,9.126795105342988546e-02
4.446909999999998919e-01,9.123103065924764721e-02
4.448311999999998712e-01,9.119417764774739865e-02
4.449713999999998504e-01,9.115739189595051251e-02
4.451115999999998296e-01,9.112067328110251552e-02
4.452517999999998088e-01,9.108402168067319948e-02
4.453919999999997881e-01,9.104743697235573308e-02
4.455321999999997673e-01,9.101091903406677286e-02
4.456723999999997465e-01,9.097446774394557512e-02
4.458125999999997258e-01,9.093808298035388482e-02
4.459527999999997050e-01,9.090176462187549156e-02
4.460000000000000075e-01,9.088954513569347249e-02
4.461401999999999868e-01,9.085333440098741775e-02
4.462803999999999660e-01,9.081718971904972904e-02
4.464205999999999452e-01,9.078111096939223135e-02
4.465607999999999245e-01,9.074509803174646283e-02
4.467009999999999037e-01,9.070915078606323068e-02
4.468411999999998829e-01,9.067326911251250010e-02
4.469813999999998622e-01,9.063745289148272821e-02
4.471215999999998414e-01,9.060170200358064196e-02
4.472617999999998206e-01,9.056601632963057202e-02
4.474019999999997999e-01,9.053039575067456379e-02
4.475421999999997791e-01,9.049484014797126719e-02
4.476823999999997583e-01,9.045934940299615867e-02
4.478225999999997375e-01,9.042392339744098617e-02
4.479627999999997168e-01,9.038856201321310291e-02
4.480100000000000193e-01,9.037666450176184973e-02
4.481504000000000043e-01,9.034211069603970135e-02
4.482907999999999893e-01,9.030761863168501602e-02
4.484311999999999743e-01,9.027318819837737429e-02
4.485715999999999593e-01,9.023881928599319924e-02
4.487119999999999442e-01,9.020451178460586750e-02
4.488523999999999292e-01,9.017026558448493212e-02
4.489927999999999142e-01,9.013608057609634461e-02
4.491331999999998992e-01,9.010195665010145571e-02
4.492735999999998842e-01,9.006789369735734851e-02
4.494139999999998691e-01,9.003389160891572818e-02
4.495543999999998541e-01,8.999995027602314401e-02
4.496947999999998391e-01,8.996606959012065641e-02
4.498351999999998241e-01,8.993224944284294864e-02
4.499755999999998091e-01,8.989848972601854893e-02
4.500299999999999856e-01,8.988541810407257859e-02
4.501701999999999648e-01,8.985250205401673629e-02
4.503103999999999441e-01,8.981964349164306416e-02
4.504505999999999233e-01,8.978684231654954218e-02
4.505907999999999025e-01,8.975409842850978759e-02
4.507309999999998817e-01,8.972141172747216675e-02
4.508711999999998610e-01,8.968878211356001717e-02
4.510113999999998402e-01,8.965620948707098137e-02
4.511515999999998194e-01,8.962369374847689585e-02
4.512917999999997987e-01,8.959123479842334703e-02
4.514319999999997779e-01,8.955883253772956021e-02
4.515721999999997571e-01,8.952648686738773343e-02
4.517123999999997364e-01,8.949419768856337054e-02
4.518525999999997156e-01,8.946196490259428202e-02
4.519927999999996948e-01,8.942978841099069598e-02
4.520399999999999974e-01,8.941896218853773171e-02
4.521792000000000034e-01,8.938716612669461714e-02
4.523184000000000093e-01,8.935542506830329579e-02
4.524576000000000153e-01,8.932373891821410172e-02
4.525968000000000213e-01,8.929210758144234816e-02
4.527360000000000273e-01,8.926053096316721724e-02
4.528752000000000333e-01,8.922900896873220411e-02
4.530144000000000393e-01,8.919754150364456180e-02
4.531536000000000453e-01,8.916612847357485716e-02
4.532928000000000512e-01,8.913476978435697085e-02
4.534320000000000572e-01,8.910346534198754220e-02
4.535712000000000632e-01,8.907221505262585826e-02
4.537104000000000692e-01,8.904101882259374268e-02
4.538496000000000752e-01,8.900987655837477863e-02
4.539888000000000812e-01,8.897878816661441981e-02
4.540000000000000147e-01,8.897628715046979053e-02
4.541401999999999939e-01,8.894667704649050766e-02
4.542803999999999731e-01,8.891711582020411786e-02
4.544205999999999523e-01,8.888760339092760532e-02
4.545607999999999316e-01,8.885813967811129199e-02
4.547009999999999108e-01,8.882872460133839354e-02
4.548411999999998900e-01,8.879935808032501932e-02
4.549813999999998693e-01,8.877004003491961726e-02
4.551215999999998485e-01,8.874077038510308491e-02
4.552617999999998277e-01,8.871154905098821430e-02
4.554019999999998070e-01,8.868237595281991403e-02
4.555421999999997862e-01,8.865325101097465410e-02
4.556823999999997654e-01,8.862417414596024390e-02
4.558225999999997446e-01,8.859514527841572118e-02
4.559627999999997239e-01,8.856616432911124104e-02
4.560100000000000264e-01,8.855641297541083645e-02
4.561502000000000057e-01,8.852843480462946335e-02
4.562903999999999849e-01,8.850050131825115685e-02
4.564305999999999641e-01,8.847261244490978171e-02
4.565707999999999434e-01,8.844476811335300059e-02
4.567109999999999226e-01,8.841696825244249602e-02
4.568511999999999018e-01,8.838921279115341534e-02
4.569913999999998810e-01,8.836150165857437067e-02
4.571315999999998603e-01,8.833383478390732790e-02
4.572717999999998395e-01,8.830621209646716263e-02
4.574119999999998187e-01,8.827863352568166011e-02
4.575521999999997980e-01,8.825109900109151528e-02
4.576923999999997772e-01,8.822360845234966664e-02
4.578325999999997564e-01,8.819616180922162929e-02
4.579727999999997357e-01,8.816875900158505086e-02
4.580199999999999827e-01,8.815953848567881224e-02
4.581603999999999677e-01,8.813332121358519178e-02
4.583007999999999527e-01,8.810714408770448092e-02
4.584411999999999376e-01,8.808100704656129931e-02
4.585815999999999226e-01,8.805491002877430251e-02
4.587219999999999076e-01,8.802885297305618195e-02
4.588623999999998926e-01,8.800283581821344292e-02
4.590027999999998776e-01,8.797685850314640454e-02
4.591431999999998625e-01,8.795092096684886673e-02
4.592835999999998475e-01,8.792502314840799915e-02
4.594239999999998325e-01,8.789916498700434122e-02
4.595643999999998175e-01,8.787334642191146905e-02
4.597047999999998025e-01,8.784756739249599544e-02
4.598451999999997875e-01,8.782182783821734784e-02
4.599855999999997724e-01,8.779612769862776833e-02
4.600400000000000045e-01,8.778617572354385779e-02
4.601790000000000047e-01,8.776097180112507612e-02
4.603180000000000049e-01,8.773580580858031386e-02
4.604570000000000052e-01,8.771067768882856441e-02
4.605960000000000054e-01,8.768558738487386428e-02
4.607350000000000056e-01,8.766053483980706940e-02
4.608740000000000059e-01,8.763551999680374571e-02
4.610130000000000061e-01,8.761054279912505738e-02
4.611520000000000064e-01,8.758560319011843287e-02
4.612910000000000066e-01,8.756070111321534455e-02
4.614300000000000068e-01,8.753583651193352910e-02
4.615690000000000071e-01,8.751100932987498915e-02
4.617080000000000073e-01,8.748621951072654834e-02
4.618470000000000075e-01,8.746146699826040649e-02
4.619860000000000078e-01,8.743675173633269626e-02
4.619900000000000118e-01,8.743604053662001885e-02
4.621303999999999967e-01,8.741298274341424701e-02
4.622707999999999817e-01,8.738995737345034431e-02
4.624111999999999667e-01,8.736696438113589203e-02
4.625515999999999517e-01,8.734400372094208720e-02
4.626919999999999367e-01,8.732107534740429777e-02
4.628323999999999216e-01,8.729817921512217360e-02
4.629727999999999066e-01,8.727531527875886930e-02
4.631131999999998916e-01,8.725248349304126627e-02
4.632535999999998766e-01,8.722968381275997274e-02
4.633939999999998616e-01,8.720691619276943474e-02
4.635343999999998466e-01,8.718418058798715897e-02
4.636747999999998315e-01,8.716147695339404589e-02
4.638151999999998165e-01,8.713880524403483374e-02
4.639555999999998015e-01,8.711616541501698840e-02
4.640099999999999780e-01,8.710739807107692467e-02
4.641501999999999573e-01,8.708556879130346928e-02
4.642903999999999365e-01,8.706376916615132799e-02
4.644305999999999157e-01,8.704199915533528120e-02
4.645707999999998949e-01,8.702025871862484330e-02
4.647109999999998742e-01,8.699854781584426267e-02
4.648511999999998534e-01,8.697686640687229964e-02
4.649913999999998326e-01,8.695521445164222651e-02
4.651315999999998119e-01,8.693359191014171650e-02
4.652717999999997911e-01,8.691199874241284373e-02
4.654119999999997703e-01,8.689043490855197227e-02
4.655521999999997496e-01,8.686890036870975607e-02
4.656923999999997288e-01,8.684739508309069489e-02
4.658325999999997080e-01,8.682591901195368944e-02
4.659727999999996872e-01,8.680447211561137522e-02
4.660199999999999898e-01,8.679725506768565246e-02
4.661601999999999690e-01,8.677645931255517642e-02
4.663003999999999483e-01,8.675569100014390855e-02
4.664405999999999275e-01,8.673495009423759505e-02
4.665807999999999067e-01,8.671423655866972169e-02
4.667209999999998860e-01,8.669355035732162484e-02
4.668611999999998652e-01,8.667289145412215845e-02
4.670013999999998444e-01,8.665225981304791603e-02
4.671415999999998236e-01,8.663165539812289762e-02
4.672817999999998029e-01,8.661107817341862081e-02
4.674219999999997821e-01,8.659052810305412073e-02
4.675621999999997613e-01,8.657000515119561701e-02
4.677023999999997406e-01,8.654950928205673577e-02
4.678425999999997198e-01,8.652904045989817661e-02
4.679827999999996990e-01,8.650859864902804564e-02
4.680300000000000016e-01,8.650171973003661918e-02
4.681692000000000076e-01,8.648130116940799805e-02
4.683084000000000136e-01,8.646090957064700433e-02
4.684476000000000195e-01,8.644054489815156117e-02
4.685868000000000255e-01,8.642020711636666519e-02
4.687260000000000315e-01,8.639989618978427544e-02
4.688652000000000375e-01,8.637961208294309134e-02
4.690044000000000435e-01,8.635935476042888581e-02
4.691436000000000495e-01,8.633912418687395007e-02
4.692828000000000555e-01,8.631892032695742678e-02
4.694220000000000614e-01,8.629874314540508795e-02
4.695612000000000674e-01,8.627859260698922395e-02
4.697004000000000734e-01,8.625846867652864347e-02
4.698396000000000794e-01,8.623837131888867358e-02
4.699788000000000854e-01,8.621830049898104864e-02
4.699900000000000189e-01,8.621668577720620341e-02
4.701301999999999981e-01,8.619709791029162016e-02
4.702703999999999773e-01,8.617753532203831224e-02
4.704105999999999566e-01,8.615799797982337527e-02
4.705507999999999358e-01,8.613848585106609335e-02
4.706909999999999150e-01,8.611899890322805007e-02
4.708311999999998942e-01,8.609953710381246239e-02
4.709713999999998735e-01,8.608010042036462472e-02
4.711115999999998527e-01,8.606068882047179791e-02
4.712517999999998319e-01,8.604130227176287615e-02
4.713919999999998112e-01,8.602194074190849804e-02
4.715321999999997904e-01,8.600260419862149064e-02
4.716723999999997696e-01,8.598329260965598131e-02
4.718125999999997489e-01,8.596400594280761975e-02
4.719527999999997281e-01,8.594474416591380006e-02
4.719999999999999751e-01,8.593826227911638416e-02
4.721403999999999601e-01,8.591897401814085899e-02
4.722807999999999451e-01,8.589971072646984673e-02
4.724211999999999301e-01,8.588047237177964810e-02
4.725615999999999151e-01,8.586125892178864127e-02
4.727019999999999000e-01,8.584207034425683780e-02
4.728423999999998850e-01,8.582290660698588258e-02
4.729827999999998700e-01,8.580376767781927594e-02
4.731231999999998550e-01,8.578465352464204052e-02
4.732635999999998400e-01,8.576556411538083236e-02
4.734039999999998249e-01,8.574649941800394082e-02
4.735443999999998099e-01,8.572745940052084457e-02
4.736847999999997949e-01,8.570844403098265563e-02
4.738251999999997799e-01,8.568945327748189733e-02
4.739655999999997649e-01,8.567048710815206025e-02
4.740199999999999969e-01,8.566314208190572987e-02
4.741601999999999761e-01,8.564383820631815691e-02
4.743003999999999554e-01,8.562455981096417368e-02
4.744405999999999346e-01,8.560530686221090590e-02
4.745807999999999138e-01,8.558607932647022132e-02
4.747209999999998931e-01,8.556687717019795247e-02
4.748611999999998723e-01,8.554770035989434085e-02
4.750013999999998515e-01,8.552854886210392582e-02
4.751415999999998308e-01,8.550942264341543364e-02
4.752817999999998100e-01,8.549032167046144437e-02
4.754219999999997892e-01,8.547124590991883597e-02
4.755621999999997684e-01,8.545219532850834021e-02
4.757023999999997477e-01,8.543316989299465369e-02
4.758425999999997269e-01,8.541416957018632683e-02
4.759827999999997061e-01,8.539519432693576384e-02
4.760300000000000087e-01,8.538880892655476007e-02
4.761701999999999879e-01,8.536944129091539324e-02
4.763103999999999671e-01,8.535009979443353156e-02
4.764505999999999464e-01,8.533078440183095026e-02
4.765907999999999256e-01,8.531149507787705311e-02
4.767309999999999048e-01,8.529223178738876143e-02
4.768711999999998841e-01,8.527299449523062513e-02
4.770113999999998633e-01,8.525378316631437858e-02
4.771515999999998425e-01,8.523459776559927370e-02
4.772917999999998218e-01,8.521543825809185790e-02
4.774319999999998010e-01,8.519630460884586309e-02
4.775721999999997802e-01,8.517719678296198360e-02
4.777123999999997594e-01,8.515811474558843130e-02
4.778525999999997387e-01,8.513905846192015847e-02
4.779927999999997179e-01,8.512002789719919083e-02
4.780400000000000205e-01,8.511362394459387470e-02
4.781792000000000264e-01,8.509384546755061063e-02
4.783184000000000324e-01,8.507409478335736797e-02
4.784576000000000384e-01,8.505437185295949831e-02
4.785968000000000444e-01,8.503467663735708726e-02
4.787360000000000504e-01,8.501500909760517644e-02
4.788752000000000564e-01,8.499536919481343045e-02
4.790144000000000624e-01,8.497575689014613687e-02
4.791536000000000683e-01,8.495617214482231727e-02
4.792928000000000743e-01,8.493661492011539416e-02
4.794320000000000803e-01,8.491708517735319095e-02
4.795712000000000863e-01,8.489758287791793201e-02
4.797104000000000923e-01,8.487810798324602057e-02
4.798496000000000983e-01,8.485866045482814979e-02
4.799888000000001043e-01,8.483924025420896964e-02
4.799999999999999822e-01,8.483767788622542660e-02
4.801401999999999615e-01,8.481831502757619656e-02
4.802803999999999407e-01,8.479897933865854220e-02
4.804205999999999199e-01,8.477967078134795997e-02
4.805607999999998992e-01,8.476038931757390316e-02
4.807009999999998784e-01,8.474113490931900472e-02
4.808411999999998576e-01,8.472190751861918834e-02
4.809813999999998368e-01,8.470270710756377941e-02
4.811215999999998161e-01,8.468353363829528302e-02
4.812617999999997953e-01,8.466438707300938393e-02
4.814019999999997745e-01,8.464526737395461353e-02
4.815421999999997538e-01,8.462617450343268288e-02
4.816823999999997330e-01,8.460710842379814967e-02
4.818225999999997122e-01,8.458806909745819613e-02
4.819627999999996915e-01,8.456905648687307320e-02
4.820099999999999940e-01,8.456265869161483373e-02
4.821503999999999790e-01,8.454359426791513421e-02
4.822907999999999640e-01,8.452455671848724261e-02
4.824311999999999490e-01,8.450554600544768480e-02
4.825715999999999339e-01,8.448656209096638836e-02
4.827119999999999189e-01,8.446760493726668262e-02
4.828523999999999039e-01,8.444867450662507657e-02
4.829927999999998889e-01,8.442977076137125891e-02
4.831331999999998739e-01,8.441089366388798698e-02
4.832735999999998588e-01,8.439204317661108679e-02
4.834139999999998438e-01,8.437321926202934197e-02
4.835543999999998288e-01,8.435442188268438279e-02
4.836947999999998138e-01,8.433565100117057511e-02
4.838351999999997988e-01,8.431690658013535344e-02
4.839755999999997838e-01,8.429818858227833278e-02
4.840300000000000158e-01,8.429093998941172838e-02
4.841701999999999950e-01,8.427219663889051748e-02
4.843103999999999743e-01,8.425347979766573125e-02
4.844505999999999535e-01,8.423478942824436100e-02
4.845907999999999327e-01,8.421612549318657770e-02
4.847309999999999119e-01,8.419748795510539896e-02
4.848711999999998912e-01,8.417887677666680002e-02
4.850113999999998704e-01,8.416029192058949171e-02
4.851515999999998496e-01,8.414173334964503148e-02
4.852917999999998289e-01,8.412320102665749033e-02
4.854319999999998081e-01,8.410469491450356383e-02
4.855721999999997873e-01,8.408621497611268314e-02
4.857123999999997666e-01,8.406776117446612684e-02
4.858525999999997458e-01,8.404933347259813115e-02
4.859927999999997250e-01,8.403093183359489071e-02
4.860400000000000276e-01,8.402473965522183619e-02
4.861790000000000278e-01,8.400609545304693615e-02
4.863180000000000280e-01,8.398747801812345148e-02
4.864570000000000283e-01,8.396888731202190037e-02
4.865960000000000285e-01,8.395032329636820112e-02
4.867350000000000287e-01,8.393178593284311706e-02
4.868740000000000290e-01,8.391327518318258960e-02
4.870130000000000292e-01,8.389479100917729415e-02
4.871520000000000294e-01,8.387633337267297318e-02
4.872910000000000297e-01,8.385790223557010314e-02
4.874300000000000299e-01,8.383949755982378349e-02
4.875690000000000301e-01,8.382111930744373662e-02
4.877080000000000304e-01,8.380276744049419690e-02
4.878470000000000306e-01,8.378444192109402167e-02
4.879860000000000309e-01,8.376614271141635815e-02
4.879899999999999793e-01,8.376561613724098354e-02
4.881303999999999643e-01,8.374798039692399332e-02
4.882707999999999493e-01,8.373036909411735174e-02
4.884111999999999343e-01,8.371278219495847939e-02
4.885515999999999193e-01,8.369521966563175930e-02
4.886919999999999042e-01,8.367768147236831489e-02
4.888323999999998892e-01,8.366016758144623200e-02
4.889727999999998742e-01,8.364267795919011483e-02
4.891131999999998592e-01,8.362521257197130797e-02
4.892535999999998442e-01,8.360777138620789639e-02
4.893939999999998292e-01,8.359035436836426136e-02
4.895343999999998141e-01,8.357296148495141352e-02
4.896747999999997991e-01,8.355559270252677084e-02
4.898151999999997841e-01,8.353824798769404758e-02
4.899555999999997691e-01,8.352092730710325430e-02
4.900100000000000011e-01,8.351421976649708867e-02
4.901501999999999803e-01,8.349709535951133077e-02
4.902903999999999596e-01,8.347999445778442329e-02
4.904305999999999388e-01,8.346291702905261900e-02
4.905707999999999180e-01,8.344586304109657959e-02
4.907109999999998973e-01,8.342883246174093159e-02
4.908511999999998765e-01,8.341182525885471044e-02
4.909913999999998557e-01,8.339484140035102744e-02
4.911315999999998350e-01,8.337788085418684769e-02
4.912717999999998142e-01,8.336094358836332319e-02
4.914119999999997934e-01,8.334402957092545972e-02
4.915521999999997727e-01,8.332713876996200586e-02
4.916923999999997519e-01,8.331027115360578605e-02
4.918325999999997311e-01,8.329342669003314548e-02
4.919727999999997103e-01,8.327660534746406107e-02
4.920200000000000129e-01,8.327094486147101904e-02
4.921603999999999979e-01,8.325447825961063142e-02
4.923007999999999829e-01,8.323803382410399632e-02
4.924411999999999678e-01,8.322161152511231563e-02
4.925815999999999528e-01,8.320521133283653725e-02
4.927219999999999378e-01,8.318883321751802118e-02
4.928623999999999228e-01,8.317247714943798442e-02
4.930027999999999078e-01,8.315614309891794509e-02
4.931431999999998927e-01,8.313983103631905625e-02
4.932835999999998777e-01,8.312354093204255001e-02
4.934239999999998627e-01,8.310727275652940449e-02
4.935643999999998477e-01,8.309102648026034377e-02
4.937047999999998327e-01,8.307480207375605996e-02
4.938451999999998177e-01,8.305859950757676913e-02
4.939855999999998026e-01,8.304241875232232228e-02
4.940399999999999792e-01,8.303615255863427969e-02
4.941789999999999794e-01,8.301990513430412832e-02
4.943179999999999796e-01,8.300367971248845400e-02
4.944569999999999799e-01,8.298747626339109118e-02
4.945959999999999801e-01,8.297129475725628645e-02
4.947349999999999803e-01,8.295513516436836543e-02
4.948739999999999806e-01,8.293899745505228793e-02
4.950129999999999808e-01,8.292288159967287076e-02
4.951519999999999810e-01,8.290678756863523180e-02
4.952909999999999813e-01,8.289071533238445699e-02
4.954299999999999815e-01,8.287466486140571131e-02
4.955689999999999817e-01,8.285863612622412777e-02
4.957079999999999820e-01,8.284262909740480740e-02
4.958469999999999822e-01,8.282664374555259723e-02
4.959859999999999824e-01,8.281068004131209026e-02
4.959899999999999864e-01,8.281022067206567083e-02
4.961301999999999657e-01,8.279496309338940652e-02
4.962703999999999449e-01,8.277972529036592420e-02
4.964105999999999241e-01,8.276450723736361592e-02
4.965507999999999034e-01,8.274930890878418044e-02
4.966909999999998826e-01,8.273413027906229011e-02
4.968311999999998618e-01,8.271897132266592401e-02
4.969713999999998411e-01,8.270383201409614582e-02
4.971115999999998203e-01,8.268871232788688186e-02
4.972517999999997995e-01,8.267361223860525410e-02
4.973919999999997787e-01,8.265853172085135814e-02
4.975321999999997580e-01,8.264347074925804115e-02
4.976723999999997372e-01,8.262842929849123497e-02
4.978125999999997164e-01,8.261340734324940094e-02
4.979527999999996957e-01,8.259840485826430712e-02
4.979999999999999982e-01,8.259335629881026097e-02
4.981403999999999832e-01,8.257878745129332287e-02
4.982807999999999682e-01,8.256423697277093243e-02
4.984211999999999532e-01,8.254970484008228304e-02
4.985615999999999381e-01,8.253519103009654412e-02
4.987019999999999231e-01,8.252069551971141781e-02
4.988423999999999081e-01,8.250621828585436024e-02
4.989827999999998931e-01,8.249175930548124924e-02
4.991231999999998781e-01,8.247731855557760561e-02
4.992635999999998631e-01,8.246289601315748286e-02
4.994039999999998480e-01,8.244849165526435542e-02
4.995443999999998330e-01,8.243410545897023045e-02
4.996847999999998180e-01,8.241973740137653603e-02
4.998251999999998030e-01,8.240538745961289990e-02
4.999655999999997880e-01,8.239105561083848173e-02
5.000200000000000200e-01,8.238550524477983306e-02
5.001602000000000547e-01,8.237149043141300808e-02
5.003004000000000895e-01,8.235749292788052678e-02
5.004406000000001242e-01,8.234351271280249129e-02
5.005808000000001590e-01,8.232954976482587117e-02
5.007210000000001937e-01,8.231560406262383722e-02
5.008612000000002284e-01,8.230167558489620561e-02
5.010014000000002632e-01,8.228776431036854966e-02
5.011416000000002979e-01,8.227387021779319909e-02
5.012818000000003327e-01,8.225999328594857385e-02
5.014220000000003674e-01,8.224613349363929515e-02
5.015622000000004022e-01,8.223229081969596344e-02
5.017024000000004369e-01,8.221846524297571346e-02
5.018426000000004716e-01,8.220465674236165921e-02
5.019828000000005064e-01,8.219086529676267183e-02
5.020299999999999763e-01,8.218622417455645479e-02
5.021704000000000168e-01,8.217280700589024711e-02
5.023108000000000573e-01,8.215940598583082455e-02
5.024512000000000977e-01,8.214602109494206772e-02
5.025916000000001382e-01,8.213265231381128295e-02
5.027320000000001787e-01,8.211929962304909125e-02
5.028724000000002192e-01,8.210596300328953934e-02
5.030128000000002597e-01,8.209264243518987758e-02
5.031532000000003002e-01,8.207933789943078207e-02
5.032936000000003407e-01,8.206604937671591049e-02
5.034340000000003812e-01,8.205277684777245728e-02
5.035744000000004217e-01,8.203952029335059848e-02
5.037148000000004622e-01,8.202627969422382481e-02
5.038552000000005027e-01,8.201305503118860862e-02
5.039956000000005432e-01,8.199984628506473694e-02
5.040499999999999980e-01,8.199473075480800954e-02
5.041889999999999983e-01,8.198145985961113880e-02
5.043279999999999985e-01,8.196820503896251608e-02
5.044669999999999987e-01,8.195496627339160511e-02
5.046059999999999990e-01,8.194174354345140632e-02
5.047449999999999992e-01,8.192853682971867890e-02
5.048839999999999995e-01,8.191534611279349676e-02
5.050229999999999997e-01,8.190217137329958152e-02
5.051619999999999999e-01,8.188901259188396953e-02
5.053010000000000002e-01,8.187586974921723382e-02
5.054400000000000004e-01,8.186274282599348417e-02
5.055790000000000006e-01,8.184963180292992302e-02
5.057180000000000009e-01,8.183653666076728950e-02
5.058570000000000011e-01,8.182345738026974846e-02
5.059960000000000013e-01,8.181039394222444638e-02
5.060000000000000053e-01,8.181001802906873177e-02
5.061402000000000401e-01,8.179742905025400024e-02
5.062804000000000748e-01,8.178485478451935631e-02
5.064206000000001096e-01,8.177229521466866657e-02
5.065608000000001443e-01,8.175975032352678085e-02
5.067010000000001790e-01,8.174722009393853295e-02
5.068412000000002138e-01,8.173470450876807458e-02
5.069814000000002485e-01,8.172220355090031862e-02
5.071216000000002833e-01,8.170971720324016196e-02
5.072618000000003180e-01,8.169724544871181937e-02
5.074020000000003527e-01,8.168478827026004474e-02
5.075422000000003875e-01,8.167234565084979803e-02
5.076824000000004222e-01,8.165991757346491298e-02
5.078226000000004570e-01,8.164750402110998451e-02
5.079628000000004917e-01,8.163510497680948053e-02
5.080099999999999616e-01,8.163093233456730768e-02
5.081504000000000021e-01,8.161870187071162963e-02
5.082908000000000426e-01,8.160648552864302463e-02
5.084312000000000831e-01,8.159428329205531405e-02
5.085716000000001236e-01,8.158209514466230328e-02
5.087120000000001641e-01,8.156992107019545024e-02
5.088524000000002045e-01,8.155776105240586382e-02
5.089928000000002450e-01,8.154561507506341567e-02
5.091332000000002855e-01,8.153348312195596304e-02
5.092736000000003260e-01,8.152136517689079209e-02
5.094140000000003665e-01,8.150926122369384075e-02
5.095544000000004070e-01,8.149717124620903252e-02
5.096948000000004475e-01,8.148509522830005292e-02
5.098352000000004880e-01,8.147303315384801792e-02
5.099756000000005285e-01,8.146098500675358345e-02
5.100299999999999834e-01,8.145631886877890970e-02
5.101702000000000181e-01,8.144428670287995331e-02
5.103104000000000529e-01,8.143226843363682299e-02
5.104506000000000876e-01,8.142026404499946857e-02
5.105908000000001223e-01,8.140827352093638059e-02
5.107310000000001571e-01,8.139629684543470134e-02
5.108712000000001918e-01,8.138433400249955874e-02
5.110114000000002266e-01,8.137238497615506549e-02
5.111516000000002613e-01,8.136044975044365302e-02
5.112918000000002960e-01,8.134852830942618240e-02
5.114320000000003308e-01,8.133662063718183344e-02
5.115722000000003655e-01,8.132472671780832663e-02
5.117124000000004003e-01,8.131284653542159013e-02
5.118526000000004350e-01,8.130098007415631489e-02
5.119928000000004698e-01,8.128912731816462234e-02
5.120400000000000507e-01,8.128513849944374314e-02
5.121790000000000509e-01,8.127302789623314094e-02
5.123180000000000511e-01,8.126093160664660253e-02
5.124570000000000514e-01,8.124884961376688253e-02
5.125960000000000516e-01,8.123678190069649752e-02
5.127350000000000518e-01,8.122472845055817015e-02
5.128740000000000521e-01,8.121268924649416299e-02
5.130130000000000523e-01,8.120066427166705569e-02
5.131520000000000525e-01,8.118865350925918989e-02
5.132910000000000528e-01,8.117665694247278019e-02
5.134300000000000530e-01,8.116467455452991420e-02
5.135690000000000532e-01,8.115270632867244149e-02
5.137080000000000535e-01,8.114075224816208465e-02
5.138470000000000537e-01,8.112881229628043922e-02
5.139860000000000539e-01,8.111688645632864070e-02
5.139899999999999469e-01,8.111654327837569678e-02
5.141303999999999874e-01,8.110488054175590822e-02
5.142708000000000279e-01,8.109323130173007321e-02
5.144112000000000684e-01,8.108159554267946323e-02
5.145516000000001089e-01,8.106997324900311330e-02
5.146920000000001494e-01,8.105836440511848817e-02
5.148324000000001899e-01,8.104676899546092717e-02
5.149728000000002304e-01,8.103518700448375522e-02
5.151132000000002709e-01,8.102361841665850495e-02
5.152536000000003114e-01,8.101206321647425046e-02
5.153940000000003518e-01,8.100052138843827354e-02
5.155344000000003923e-01,8.098899291707595260e-02
5.156748000000004328e-01,8.097747778693031862e-02
5.158152000000004733e-01,8.096597598256249917e-02
5.159556000000005138e-01,8.095448748855116339e-02
5.160099999999999687e-01,8.095003810362544350e-02
5.161502000000000034e-01,8.093847324312353209e-02
5.162904000000000382e-01,8.092692187657468672e-02
5.164306000000000729e-01,8.091538398823439060e-02
5.165708000000001077e-01,8.090385956237577947e-02
5.167110000000001424e-01,8.089234858329086286e-02
5.168512000000001771e-01,8.088085103528985798e-02
5.169914000000002119e-01,8.086936690270163375e-02
5.171316000000002466e-01,8.085789616987248962e-02
5.172718000000002814e-01,8.084643882116770985e-02
5.174120000000003161e-01,8.083499484097056431e-02
5.175522000000003509e-01,8.082356421368264154e-02
5.176924000000003856e-01,8.081214692372395980e-02
5.178326000000004203e-01,8.080074295553185681e-02
5.179728000000004551e-01,8.078935229356276615e-02
5.180200000000000360e-01,8.078551899908126277e-02
5.181604000000000765e-01,8.077414778746749846e-02
5.183008000000001170e-01,8.076278984188811627e-02
5.184412000000001575e-01,8.075144514686638519e-02
5.185816000000001980e-01,8.074011368694389290e-02
5.187220000000002385e-01,8.072879544668010166e-02
5.188624000000002789e-01,8.071749041065245933e-02
5.190028000000003194e-01,8.070619856345651044e-02
5.191432000000003599e-01,8.069491988970567409e-02
5.192836000000004004e-01,8.068365437403146601e-02
5.194240000000004409e-01,8.067240200108316550e-02
5.195644000000004814e-01,8.066116275552803749e-02
5.197048000000005219e-01,8.064993662205122149e-02
5.198452000000005624e-01,8.063872358535584262e-02
5.199856000000006029e-01,8.062752363016256751e-02
5.200399999999999467e-01,8.062318600940399094e-02
5.201789999999999470e-01,8.061170615325974342e-02
5.203179999999999472e-01,8.060024004685384380e-02
5.204569999999999474e-01,8.058878767371813190e-02
5.205959999999999477e-01,8.057734901740365441e-02
5.207349999999999479e-01,8.056592406148155305e-02
5.208739999999999482e-01,8.055451278954239847e-02
5.210129999999999484e-01,8.054311518519663426e-02
5.211519999999999486e-01,8.053173123207402195e-02
5.212909999999999489e-01,8.052036091382430705e-02
5.214299999999999491e-01,8.050900421411655294e-02
5.215689999999999493e-01,8.049766111663947399e-02
5.217079999999999496e-01,8.048633160510132445e-02
5.218469999999999498e-01,8.047501566322967648e-02
5.219859999999999500e-01,8.046371327477197521e-02
5.219899999999999540e-01,8.046338803740660239e-02
5.221301999999999888e-01,8.045235912836556924e-02
5.222704000000000235e-01,8.044134312522588370e-02
5.224106000000000583e-01,8.043034001288495993e-02
5.225508000000000930e-01,8.041934977625830872e-02
5.226910000000001277e-01,8.040837240027887134e-02
5.228312000000001625e-01,8.039740786989746368e-02
5.229714000000001972e-01,8.038645617008199906e-02
5.231116000000002320e-01,8.037551728581837640e-02
5.232518000000002667e-01,8.036459120211014717e-02
5.233920000000003014e-01,8.035367790397818233e-02
5.235322000000003362e-01,8.034277737646078332e-02
5.236724000000003709e-01,8.033188960461412620e-02
5.238126000000004057e-01,8.032101457351159546e-02
5.239528000000004404e-01,8.031015226824422815e-02
5.240000000000000213e-01,8.030649678558232640e-02
5.241404000000000618e-01,8.029573146095303482e-02
5.242808000000001023e-01,8.028497864086614477e-02
5.244212000000001428e-01,8.027423831079694150e-02
5.245616000000001833e-01,8.026351045623758562e-02
5.247020000000002238e-01,8.025279506269700214e-02
5.248424000000002643e-01,8.024209211570099143e-02
5.249828000000003048e-01,8.023140160079222927e-02
5.251232000000003453e-01,8.022072350353004477e-02
5.252636000000003857e-01,8.021005780949075348e-02
5.254040000000004262e-01,8.019940450426721323e-02
5.255444000000004667e-01,8.018876357346904626e-02
5.256848000000005072e-01,8.017813500272275018e-02
5.258252000000005477e-01,8.016751877767136492e-02
5.259656000000005882e-01,8.015691488397469477e-02
5.260200000000000431e-01,8.015280810325475791e-02
5.261602000000000778e-01,8.014224480977727438e-02
5.263004000000001126e-01,8.013169375892048585e-02
5.264406000000001473e-01,8.012115493649540898e-02
5.265808000000001821e-01,8.011062832832960279e-02
5.267210000000002168e-01,8.010011392026716859e-02
5.268612000000002515e-01,8.008961169816819492e-02
5.270014000000002863e-01,8.007912164790964571e-02
5.271416000000003210e-01,8.006864375538447209e-02
5.272818000000003558e-01,8.005817800650216753e-02
5.274220000000003905e-01,8.004772438718865679e-02
5.275622000000004252e-01,8.003728288338585184e-02
5.277024000000004600e-01,8.002685348105220697e-02
5.278426000000004947e-01,8.001643616616249677e-02
5.279828000000005295e-01,8.000603092470748301e-02
5.280299999999999994e-01,8.000252924411288546e-02
5.281704000000000399e-01,7.999225415308486298e-02
5.283108000000000803e-01,7.998199083994661507e-02
5.284512000000001208e-01,7.997173929119782976e-02
5.285916000000001613e-01,7.996149949335340512e-02
5.287320000000002018e-01,7.995127143294389338e-02
5.288724000000002423e-01,7.994105509651505681e-02
5.290128000000002828e-01,7.993085047062820081e-02
5.291532000000003233e-01,7.992065754186017390e-02
5.292936000000003638e-01,7.991047629680292363e-02
5.294340000000004043e-01,7.990030672206394069e-02
5.295744000000004448e-01,7.989014880426614784e-02
5.297148000000004853e-01,7.988000253004756690e-02
5.298552000000005258e-01,7.986986788606187382e-02
5.299956000000005663e-01,7.985974485897773256e-02
5.300500000000000211e-01,7.985582428974402625e-02
5.301890000000000214e-01,7.984555744600296823e-02
5.303280000000000216e-01,7.983530255690129973e-02
5.304670000000000218e-01,7.982505960851904447e-02
5.306060000000000221e-01,7.981482858695254645e-02
5.307450000000000223e-01,7.980460947831424789e-02
5.308840000000000225e-01,7.979440226873291131e-02
5.310230000000000228e-01,7.978420694435328642e-02
5.311620000000000230e-01,7.977402349133644321e-02
5.313010000000000232e-01,7.976385189585932789e-02
5.314400000000000235e-01,7.975369214411520691e-02
5.315790000000000237e-01,7.974354422231322292e-02
5.317180000000000240e-01,7.973340811667872785e-02
5.318570000000000242e-01,7.972328381345294979e-02
5.319960000000000244e-01,7.971317129889343711e-02
5.320000000000000284e-01,7.971288030104239919e-02
5.321402000000000632e-01,7.970310821333337348e-02
5.322804000000000979e-01,7.969334713431419637e-02
5.324206000000001326e-01,7.968359705158289952e-02
5.325608000000001674e-01,7.967385795275172544e-02
5.327010000000002021e-01,7.966412982544690546e-02
5.328412000000002369e-01,7.965441265730843767e-02
5.329814000000002716e-01,7.964470643599041999e-02
5.331216000000003064e-01,7.963501114916071710e-02
5.332618000000003411e-01,7.962532678450118251e-02
5.334020000000003758e-01,7.961565332970743647e-02
5.335422000000004106e-01,7.960599077248908806e-02
5.336824000000004453e-01,7.959633910056951311e-02
5.338226000000004801e-01,7.958669830168585424e-02
5.339628000000005148e-01,7.957706836358935387e-02
5.340099999999999847e-01,7.957382756072950425e-02
5.341504000000000252e-01,7.956437122864645772e-02
5.342908000000000657e-01,7.955492537326558367e-02
5.344312000000001062e-01,7.954548998297994444e-02
5.345716000000001467e-01,7.953606504619525897e-02
5.347120000000001871e-01,7.952665055132979166e-02
5.348524000000002276e-01,7.951724648681512964e-02
5.349928000000002681e-01,7.950785284109540552e-02
5.351332000000003086e-01,7.949846960262751949e-02
5.352736000000003491e-01,7.948909675988136136e-02
5.354140000000003896e-01,7.947973430133947748e-02
5.355544000000004301e-01,7.947038221549707071e-02
5.356948000000004706e-01,7.946104049086233356e-02
5.358352000000005111e-01,7.945170911595589303e-02
5.359756000000005516e-01,7.944238807931125468e-02
5.360300000000000065e-01,7.943877806095989147e-02
5.361702000000000412e-01,7.942957003985795517e-02
5.363104000000000759e-01,7.942037211217511938e-02
5.364506000000001107e-01,7.941118426684745657e-02
5.365908000000001454e-01,7.940200649282314060e-02
5.367310000000001802e-01,7.939283877906244680e-02
5.368712000000002149e-01,7.938368111453775189e-02
5.370114000000002497e-01,7.937453348823353405e-02
5.371516000000002844e-01,7.936539588914648391e-02
5.372918000000003191e-01,7.935626830628494943e-02
5.374320000000003539e-01,7.934715072866982410e-02
5.375722000000003886e-01,7.933804314533365876e-02
5.377124000000004234e-01,7.932894554532132769e-02
5.378526000000004581e-01,7.931985791768936256e-02
5.379928000000004928e-01,7.931078025150672950e-02
5.380399999999999627e-01,7.930772527568330510e-02
5.381789999999999630e-01,7.929859735304722879e-02
5.383179999999999632e-01,7.928947950618525642e-02
5.384569999999999634e-01,7.928037172397550680e-02
5.385959999999999637e-01,7.927127399530797813e-02
5.387349999999999639e-01,7.926218630908532514e-02
5.388739999999999641e-01,7.925310865422230400e-02
5.390129999999999644e-01,7.924404101964577229e-02
5.391519999999999646e-01,7.923498339429502213e-02
5.392909999999999648e-01,7.922593576712133601e-02
5.394299999999999651e-01,7.921689812708843093e-02
5.395689999999999653e-01,7.920787046317201430e-02
5.397079999999999655e-01,7.919885276436011701e-02
5.398469999999999658e-01,7.918984501965287137e-02
5.399859999999999660e-01,7.918084721806240012e-02
5.399899999999999700e-01,7.918058829675389543e-02
5.401304000000000105e-01,7.917194812354000355e-02
5.402708000000000510e-01,7.916331711904012192e-02
5.404112000000000915e-01,7.915469527352470003e-02
5.405516000000001320e-01,7.914608257727440144e-02
5.406920000000001725e-01,7.913747902058032579e-02
5.408324000000002130e-01,7.912888459374389782e-02
5.409728000000002535e-01,7.912029928707664528e-02
5.411132000000002940e-01,7.911172309090064303e-02
5.412536000000003344e-01,7.910315599554795796e-02
5.413940000000003749e-01,7.909459799136109304e-02
5.415344000000004154e-01,7.908604906869276530e-02
5.416748000000004559e-01,7.907750921790590581e-02
5.418152000000004964e-01,7.906897842937354870e-02
5.419556000000005369e-01,7.906045669347927518e-02
5.420099999999999918e-01,7.905715618280206858e-02
5.421502000000000265e-01,7.904872771630067074e-02
5.422904000000000613e-01,7.904030810900664061e-02
5.424306000000000960e-01,7.903189735160787155e-02
5.425708000000001308e-01,7.902349543480235994e-02
5.427110000000001655e-01,7.901510234929753906e-02
5.428512000000002002e-01,7.900671808581094524e-02
5.429914000000002350e-01,7.899834263506955168e-02
5.431316000000002697e-01,7.898997598781043461e-02
5.432718000000003045e-01,7.898161813477999615e-02
5.434120000000003392e-01,7.897326906673474145e-02
5.435522000000003739e-01,7.896492877444050151e-02
5.436924000000004087e-01,7.895659724867321039e-02
5.438326000000004434e-01,7.894827448021823901e-02
5.439728000000004782e-01,7.893996045987083932e-02
5.440199999999999481e-01,7.893716243705817259e-02
5.441603999999999886e-01,7.892898068154874380e-02
5.443008000000000290e-01,7.892080740102080938e-02
5.444412000000000695e-01,7.891264258669561382e-02
5.445816000000001100e-01,7.890448622980361648e-02
5.447220000000001505e-01,7.889633832158415849e-02
5.448624000000001910e-01,7.888819885328590686e-02
5.450028000000002315e-01,7.888006781616641039e-02
5.451432000000002720e-01,7.887194520149221066e-02
5.452836000000003125e-01,7.886383100053917516e-02
5.454240000000003530e-01,7.885572520459194212e-02
5.455644000000003935e-01,7.884762780494436463e-02
5.457048000000004340e-01,7.883953879289917754e-02
5.458452000000004745e-01,7.883145815976810855e-02
5.459856000000005150e-01,7.882338589687198915e-02
5.460399999999999698e-01,7.882025943858095296e-02
5.461789999999999701e-01,7.881206646374383507e-02
5.463179999999999703e-01,7.880388211481315075e-02
5.464569999999999705e-01,7.879570638270738669e-02
5.465959999999999708e-01,7.878753925835424443e-02
5.467349999999999710e-01,7.877938073269119545e-02
5.468739999999999712e-01,7.877123079666503713e-02
5.470129999999999715e-01,7.876308944123244782e-02
5.471519999999999717e-01,7.875495665735932072e-02
5.472909999999999719e-01,7.874683243602098592e-02
5.474299999999999722e-01,7.873871676820276555e-02
5.475689999999999724e-01,7.873060964489886349e-02
5.477079999999999727e-01,7.872251105711347563e-02
5.478469999999999729e-01,7.871442099586001273e-02
5.479859999999999731e-01,7.870633945216121141e-02
5.479899999999999771e-01,7.870610689680601624e-02
5.481302000000000119e-01,7.869825901223737041e-02
5.482704000000000466e-01,7.869041916005670156e-02
5.484106000000000813e-01,7.868258733204247513e-02
5.485508000000001161e-01,7.867476351998214934e-02
5.486910000000001508e-01,7.866694771567106503e-02
5.488312000000001856e-01,7.865913991091344482e-02
5.489714000000002203e-01,7.865134009752161592e-02
5.491116000000002551e-01,7.864354826731623227e-02
5.492518000000002898e-01,7.863576441212660750e-02
5.493920000000003245e-01,7.862798852378993786e-02
5.495322000000003593e-01,7.862022059415230135e-02
5.496724000000003940e-01,7.861246061506788063e-02
5.498126000000004288e-01,7.860470857839907399e-02
5.499528000000004635e-01,7.859696447601693947e-02
5.500000000000000444e-01,7.859435823067739690e-02
5.501404000000000849e-01,7.858668753545816621e-02
5.502808000000001254e-01,7.857902462750354644e-02
5.504212000000001659e-01,7.857136949890819455e-02
5.505616000000002064e-01,7.856372214177431701e-02
5.507020000000002469e-01,7.855608254821255798e-02
5.508424000000002874e-01,7.854845071034122217e-02
5.509828000000003279e-01,7.854082662028660788e-02
5.511232000000003683e-01,7.853321027018345113e-02
5.512636000000004088e-01,7.852560165217403743e-02
5.514040000000004493e-01,7.851800075840864590e-02
5.515444000000004898e-01,7.851040758104599337e-02
5.516848000000005303e-01,7.850282211225201312e-02
5.518252000000005708e-01,7.849524434420129815e-02
5.519656000000006113e-01,7.848767426907599098e-02
5.520199999999999552e-01,7.848474228902846406e-02
5.521601999999999899e-01,7.847717936286613405e-02
5.523004000000000246e-01,7.846962411812941074e-02
5.524406000000000594e-01,7.846207654701664591e-02
5.525808000000000941e-01,7.845453664173385189e-02
5.527210000000001289e-01,7.844700439449514562e-02
5.528612000000001636e-01,7.843947979752252664e-02
5.530014000000001984e-01,7.843196284304587707e-02
5.531416000000002331e-01,7.842445352330285058e-02
5.532818000000002678e-01,7.841695183053909446e-02
5.534220000000003026e-01,7.840945775700836062e-02
5.535622000000003373e-01,7.840197129497172845e-02
5.537024000000003721e-01,7.839449243669849299e-02
5.538426000000004068e-01,7.838702117446583184e-02
5.539828000000004415e-01,7.837955750055869419e-02
5.540300000000000225e-01,7.837704562560987576e-02
5.541704000000000629e-01,7.836963601362578746e-02
5.543108000000001034e-01,7.836223388299556891e-02
5.544512000000001439e-01,7.835483922616548469e-02
5.545916000000001844e-01,7.834745203558934890e-02
5.547320000000002249e-01,7.834007230372852515e-02
5.548724000000002654e-01,7.833270002305214863e-02
5.550128000000003059e-01,7.832533518603690403e-02
5.551532000000003464e-01,7.831797778516702557e-02
5.552936000000003869e-01,7.831062781293440800e-02
5.554340000000004274e-01,7.830328526183849558e-02
5.555744000000004679e-01,7.829595012438628210e-02
5.557148000000005084e-01,7.828862239309231086e-02
5.558552000000005489e-01,7.828130206047867468e-02
5.559956000000005893e-01,7.827398911907512691e-02
5.560500000000000442e-01,7.827115672391182777e-02
5.561890000000000445e-01,7.826368363359370584e-02
5.563280000000000447e-01,7.825621826477902054e-02
5.564670000000000449e-01,7.824876060948937617e-02
5.566060000000000452e-01,7.824131065975492572e-02
5.567450000000000454e-01,7.823386840761414884e-02
5.568840000000000456e-01,7.822643384511329678e-02
5.570230000000000459e-01,7.821900696430728051e-02
5.571620000000000461e-01,7.821158775725911561e-02
5.573010000000000463e-01,7.820417621603981129e-02
5.574400000000000466e-01,7.819677233272870343e-02
5.575790000000000468e-01,7.818937609941356559e-02
5.577180000000000470e-01,7.818198750818983189e-02
5.578570000000000473e-01,7.817460655116148516e-02
5.579960000000000475e-01,7.816723322044072386e-02
5.580000000000000515e-01,7.816702104457706746e-02
5.581402000000000863e-01,7.815983306964258137e-02
5.582804000000001210e-01,7.815265234262003258e-02
5.584206000000001557e-01,7.814547885620126699e-02
5.585608000000001905e-01,7.813831260308523596e-02
5.587010000000002252e-01,7.813115357597821831e-02
5.588412000000002600e-01,7.812400176759415338e-02
5.589814000000002947e-01,7.811685717065397494e-02
5.591216000000003294e-01,7.810971977788605525e-02
5.592618000000003642e-01,7.810258958202631607e-02
5.594020000000003989e-01,7.809546657581778462e-02
5.595422000000004337e-01,7.808835075201070453e-02
5.596824000000004684e-01,7.808124210336309101e-02
5.598226000000005032e-01,7.807414062263973165e-02
5.599628000000005379e-01,7.806704630261285249e-02
5.600100000000000078e-01,7.806465872659806848e-02
5.601504000000000483e-01,7.805762301077723286e-02
5.602908000000000888e-01,7.805059434022987297e-02
5.604312000000001293e-01,7.804357270790118761e-02
5.605716000000001698e-01,7.803655810674325899e-02
5.607120000000002102e-01,7.802955052971538574e-02
5.608524000000002507e-01,7.802254996978397195e-02
5.609928000000002912e-01,7.801555641992241608e-02
5.611332000000003317e-01,7.800856987311099999e-02
5.612736000000003722e-01,7.800159032233733303e-02
5.614140000000004127e-01,7.799461776059568585e-02
5.615544000000004532e-01,7.798765218088754558e-02
5.616948000000004937e-01,7.798069357622161579e-02
5.618352000000005342e-01,7.797374193961326139e-02
5.619756000000005747e-01,7.796679726408484168e-02
5.620300000000000296e-01,7.796410749428706044e-02
5.621702000000000643e-01,7.795717619175934754e-02
5.623104000000000990e-01,7.795025182622139504e-02
5.624506000000001338e-01,7.794333439073053427e-02
5.625908000000001685e-01,7.793642387835097995e-02
5.627310000000002033e-01,7.792952028215416327e-02
5.628712000000002380e-01,7.792262359521806570e-02
5.630114000000002727e-01,7.791573381062766313e-02
5.631516000000003075e-01,7.790885092147514790e-02
5.632918000000003422e-01,7.790197492085926267e-02
5.634320000000003770e-01,7.789510580188596656e-02
5.635722000000004117e-01,7.788824355766787999e-02
5.637124000000004465e-01,7.788138818132450680e-02
5.638526000000004812e-01,7.787453966598245625e-02
5.639928000000005159e-01,7.786769800477510994e-02
5.640399999999999858e-01,7.786539545462900502e-02
5.641791999999999918e-01,7.785847286279612423e-02
5.643183999999999978e-01,7.785155729058002017e-02
5.644576000000000038e-01,7.784464873086283099e-02
5.645968000000000098e-01,7.783774717653380026e-02
5.647360000000000158e-01,7.783085262048905495e-02
5.648752000000000217e-01,7.782396505563260458e-02
5.650144000000000277e-01,7.781708447487512004e-02
5.651536000000000337e-01,7.781021087113448864e-02
5.652928000000000397e-01,7.780334423733614724e-02
5.654320000000000457e-01,7.779648456641219401e-02
5.655712000000000517e-01,7.778963185130238767e-02
5.657104000000000577e-01,7.778278608495337032e-02
5.658496000000000636e-01,7.777594726031888950e-02
5.659888000000000696e-01,7.776911537036013122e-02
5.659999999999999476e-01,7.776856572295443026e-02
5.661401999999999823e-01,7.776190264601234858e-02
5.662804000000000171e-01,7.775524616581308557e-02
5.664206000000000518e-01,7.774859627582542121e-02
5.665608000000000866e-01,7.774195296952479683e-02
5.667010000000001213e-01,7.773531624039320409e-02
5.668412000000001560e-01,7.772868608191885187e-02
5.669814000000001908e-01,7.772206248759649938e-02
5.671216000000002255e-01,7.771544545092745615e-02
5.672618000000002603e-01,7.770883496541913793e-02
5.674020000000002950e-01,7.770223102458573283e-02
5.675422000000003298e-01,7.769563362194775724e-02
5.676824000000003645e-01,7.768904275103194479e-02
5.678226000000003992e-01,7.768245840537180147e-02
5.679628000000004340e-01,7.767588057850693950e-02
5.680100000000000149e-01,7.767366681334264555e-02
5.681502000000000496e-01,7.766714244857464422e-02
5.682904000000000844e-01,7.766062449920763111e-02
5.684306000000001191e-01,7.765411295893331900e-02
5.685708000000001539e-01,7.764760782144985996e-02
5.687110000000001886e-01,7.764110908046117920e-02
5.688512000000002233e-01,7.763461672967764127e-02
5.689914000000002581e-01,7.762813076281582791e-02
5.691316000000002928e-01,7.762165117359842714e-02
5.692718000000003276e-01,7.761517795575423317e-02
5.694120000000003623e-01,7.760871110301836850e-02
5.695522000000003970e-01,7.760225060913195083e-02
5.696924000000004318e-01,7.759579646784242613e-02
5.698326000000004665e-01,7.758934867290323556e-02
5.699728000000005013e-01,7.758290721807403756e-02
5.700199999999999712e-01,7.758073934393605597e-02
5.701604000000000116e-01,7.757438017158058141e-02
5.703008000000000521e-01,7.756802718044131240e-02
5.704412000000000926e-01,7.756168036451016601e-02
5.705816000000001331e-01,7.755533971778461044e-02
5.707220000000001736e-01,7.754900523426810910e-02
5.708624000000002141e-01,7.754267690796989854e-02
5.710028000000002546e-01,7.753635473290509950e-02
5.711432000000002951e-01,7.753003870309460588e-02
5.712836000000003356e-01,7.752372881256508474e-02
5.714240000000003761e-01,7.751742505534919836e-02
5.715644000000004166e-01,7.751112742548516010e-02
5.717048000000004571e-01,7.750483591701706754e-02
5.718452000000004976e-01,7.749855052399490241e-02
5.719856000000005380e-01,7.749227124047430859e-02
5.720399999999999929e-01,7.748983915859686267e-02
5.721789999999999932e-01,7.748346496589131327e-02
5.723179999999999934e-01,7.747709707114247557e-02
5.724569999999999936e-01,7.747073546812766054e-02
5.725959999999999939e-01,7.746438015063028537e-02
5.727349999999999941e-01,7.745803111244009553e-02
5.728739999999999943e-01,7.745168834735294272e-02
5.730129999999999946e-01,7.744535184917067383e-02
5.731519999999999948e-01,7.743902161170135301e-02
5.732909999999999950e-01,7.743269762875915063e-02
5.734299999999999953e-01,7.742637989416434330e-02
5.735689999999999955e-01,7.742006840174331384e-02
5.737079999999999957e-01,7.741376314532855130e-02
5.738469999999999960e-01,7.740746411875865096e-02
5.739859999999999962e-01,7.740117131587831434e-02
5.739900000000000002e-01,7.740099023317958959e-02
5.741304000000000407e-01,7.739491852879010203e-02
5.742708000000000812e-01,7.738885261859762554e-02
5.744112000000001217e-01,7.738279249707291640e-02
5.745516000000001622e-01,7.737673815869172689e-02
5.746920000000002027e-01,7.737068959793524936e-02
5.748324000000002432e-01,7.736464680929011628e-02
5.749728000000002837e-01,7.735860978724784509e-02
5.751132000000003242e-01,7.735257852630539332e-02
5.752536000000003646e-01,7.734655302096504759e-02
5.753940000000004051e-01,7.734053326573420151e-02
5.755344000000004456e-01,7.733451925512557779e-02
5.756748000000004861e-01,7.732851098365711717e-02
5.758152000000005266e-01,7.732250844585208949e-02
5.759556000000005671e-01,7.731651163623876055e-02
5.760100000000000220e-01,7.731418894572272826e-02
5.761502000000000567e-01,7.730823883900606042e-02
5.762904000000000915e-01,7.730229437369362522e-02
5.764306000000001262e-01,7.729635554443725631e-02
5.765708000000001610e-01,7.729042234589267313e-02
5.767110000000001957e-01,7.728449477272192336e-02
5.768512000000002304e-01,7.727857281959094049e-02
5.769914000000002652e-01,7.727265648117176422e-02
5.771316000000002999e-01,7.726674575214054208e-02
5.772718000000003347e-01,7.726084062717930578e-02
5.774120000000003694e-01,7.725494110097430589e-02
5.775522000000004041e-01,7.724904716821778816e-02
5.776924000000004389e-01,7.724315882360588414e-02
5.778326000000004736e-01,7.723727606184094263e-02
5.779728000000005084e-01,7.723139887762930922e-02
5.780199999999999783e-01,7.722942088552309237e-02
5.781602000000000130e-01,7.722360920611415214e-02
5.783004000000000477e-01,7.721780298236358142e-02
5.784406000000000825e-01,7.721200220915003243e-02
5.785808000000001172e-01,7.720620688135670928e-02
5.787210000000001520e-01,7.720041699387203415e-02
5.788612000000001867e-01,7.719463254158875909e-02
5.790014000000002214e-01,7.718885351940474315e-02
5.791416000000002562e-01,7.718307992222250835e-02
5.792818000000002909e-01,7.717731174494935065e-02
5.794220000000003257e-01,7.717154898249745099e-02
5.795622000000003604e-01,7.716579162978365325e-02
5.797024000000003952e-01,7.716003968172968630e-02
5.798426000000004299e-01,7.715429313326183092e-02
5.799828000000004646e-01,7.714855197931136388e-02
5.800300000000000455e-01,7.714661976267589427e-02
5.801692000000000515e-01,7.714083671882110416e-02
5.803084000000000575e-01,7.713505915022367265e-02
5.804476000000000635e-01,7.712928705169985744e-02
5.805868000000000695e-01,7.712352041807069014e-02
5.807260000000000755e-01,7.711775924416219841e-02
5.808652000000000815e-01,7.711200352480518383e-02
5.810044000000000874e-01,7.710625325483522197e-02
5.811436000000000934e-01,7.710050842909321744e-02
5.812828000000000994e-01,7.709476904242451578e-02
5.814220000000001054e-01,7.708903508967968055e-02
5.815612000000001114e-01,7.708330656571382722e-02
5.817004000000001174e-01,7.707758346538728933e-02
5.818396000000001234e-01,7.707186578356495232e-02
5.819788000000001293e-01,7.706615351511669765e-02
5.819900000000000073e-01,7.706569394235285309e-02
5.821302000000000421e-01,7.706013925034660428e-02
5.822704000000000768e-01,7.705458967756173561e-02
5.824106000000001115e-01,7.704904521928024330e-02
5.825508000000001463e-01,7.704350587078867552e-02
5.826910000000001810e-01,7.703797162737768822e-02
5.828312000000002158e-01,7.703244248434260033e-02
5.829714000000002505e-01,7.702691843698272756e-02
5.831116000000002852e-01,7.702139948060204855e-02
5.832518000000003200e-01,7.701588561050853876e-02
5.833920000000003547e-01,7.701037682201472556e-02
5.835322000000003895e-01,7.700487311043746619e-02
5.836724000000004242e-01,7.699937447109772570e-02
5.838126000000004590e-01,7.699388089932113211e-02
5.839528000000004937e-01,7.698839239043708815e-02
5.839999999999999636e-01,7.698654519220105019e-02
5.841404000000000041e-01,7.698112592629946516e-02
5.842808000000000446e-01,7.697571159788241246e-02
5.844212000000000851e-01,7.697030220245149046e-02
5.845616000000001256e-01,7.696489773551218327e-02
5.847020000000001660e-01,7.695949819257408286e-02
5.848424000000002065e-01,7.695410356915111105e-02
5.849828000000002470e-01,7.694871386076096442e-02
5.851232000000002875e-01,7.694332906292566943e-02
5.852636000000003280e-01,7.693794917117113830e-02
5.854040000000003685e-01,7.693257418102750211e-02
5.855444000000004090e-01,7.692720408802888876e-02
5.856848000000004495e-01,7.692183888771353395e-02
5.858252000000004900e-01,7.691647857562367019e-02
5.859656000000005305e-01,7.691112314730563781e-02
5.860199999999999854e-01,7.690904884248794815e-02
5.861602000000000201e-01,7.690371827876896216e-02
5.863004000000000548e-01,7.689839255528729822e-02
5.864406000000000896e-01,7.689307166764791646e-02
5.865808000000001243e-01,7.688775561145988480e-02
5.867210000000001591e-01,7.688244438233593492e-02
5.868612000000001938e-01,7.687713797589312836e-02
5.870014000000002286e-01,7.687183638775241246e-02
5.871416000000002633e-01,7.686653961353873132e-02
5.872818000000002980e-01,7.686124764888091487e-02
5.874220000000003328e-01,7.685596048941201186e-02
5.875622000000003675e-01,7.685067813076851273e-02
5.877024000000004023e-01,7.684540056859123780e-02
5.878426000000004370e-01,7.684012779852500419e-02
5.879828000000004717e-01,7.683485981621851479e-02
5.880300000000000527e-01,7.683308682970990677e-02
5.881702000000000874e-01,7.682785658870472378e-02
5.883104000000001221e-01,7.682263106854736456e-02
5.884506000000001569e-01,7.681741026497668212e-02
5.885908000000001916e-01,7.681219417373552627e-02
5.887310000000002264e-01,7.680698279057041056e-02
5.888712000000002611e-01,7.680177611123184533e-02
5.890114000000002958e-01,7.679657413147422673e-02
5.891516000000003306e-01,7.679137684705550360e-02
5.892918000000003653e-01,7.678618425373773260e-02
5.894320000000004001e-01,7.678099634728674516e-02
5.895722000000004348e-01,7.677581312347214748e-02
5.897124000000004695e-01,7.677063457806720947e-02
5.898526000000005043e-01,7.676546070684930889e-02
5.899928000000005390e-01,7.676029150559948722e-02
5.900400000000000089e-01,7.675855176156465287e-02
5.901792000000000149e-01,7.675332206729801321e-02
5.903184000000000209e-01,7.674809715439434576e-02
5.904576000000000269e-01,7.674287701848181431e-02
5.905968000000000329e-01,7.673766165519313454e-02
5.907360000000000388e-01,7.673245106016501893e-02
5.908752000000000448e-01,7.672724522903762168e-02
5.910144000000000508e-01,7.672204415745564887e-02
5.911536000000000568e-01,7.671684784106758137e-02
5.912928000000000628e-01,7.671165627552600785e-02
5.914320000000000688e-01,7.670646945648706971e-02
5.915712000000000748e-01,7.670128737961123822e-02
5.917104000000000807e-01,7.669611004056309245e-02
5.918496000000000867e-01,7.669093743501076421e-02
5.919888000000000927e-01,7.668576955862660416e-02
5.919999999999999707e-01,7.668535378309404571e-02
5.921402000000000054e-01,7.668030731073915973e-02
5.922804000000000402e-01,7.667526534829860463e-02
5.924206000000000749e-01,7.667022789174215980e-02
5.925608000000001097e-01,7.666519493704282429e-02
5.927010000000001444e-01,7.666016648017748292e-02
5.928412000000001791e-01,7.665514251712657323e-02
5.929814000000002139e-01,7.665012304387386344e-02
5.931216000000002486e-01,7.664510805640722957e-02
5.932618000000002834e-01,7.664009755071754526e-02
5.934020000000003181e-01,7.663509152279979197e-02
5.935422000000003528e-01,7.663008996865217082e-02
5.936824000000003876e-01,7.662509288427654663e-02
5.938226000000004223e-01,7.662010026567855903e-02
5.939628000000004571e-01,7.661511210886706724e-02
5.940100000000000380e-01,7.661343329201197871e-02
5.941504000000000785e-01,7.660849065938157842e-02
5.942908000000001190e-01,7.660355240878791161e-02
5.944312000000001595e-01,7.659861853634619688e-02
5.945716000000001999e-01,7.659368903817453944e-02
5.947120000000002404e-01,7.658876391039493026e-02
5.948524000000002809e-01,7.658384314913269098e-02
5.949928000000003214e-01,7.657892675051658493e-02
5.951332000000003619e-01,7.657401471067881715e-02
5.952736000000004024e-01,7.656910702575481231e-02
5.954140000000004429e-01,7.656420369188365882e-02
5.955544000000004834e-01,7.655930470520788678e-02
5.956948000000005239e-01,7.655441006187324593e-02
5.958352000000005644e-01,7.654951975802914976e-02
5.959756000000006049e-01,7.654463378982823141e-02
5.960299999999999487e-01,7.654274130183269520e-02
5.961701999999999835e-01,7.653786579646471022e-02
5.963104000000000182e-01,7.653299460967533108e-02
5.964506000000000530e-01,7.652812773763917331e-02
5.965908000000000877e-01,7.652326517653462723e-02
5.967310000000001224e-01,7.651840692254308074e-02
5.968712000000001572e-01,7.651355297184947446e-02
5.970114000000001919e-01,7.650870332064196866e-02
5.971516000000002267e-01,7.650385796511216530e-02
5.972918000000002614e-01,7.649901690145521904e-02
5.974320000000002961e-01,7.649418012586950422e-02
5.975722000000003309e-01,7.648934763455672581e-02
5.977124000000003656e-01,7.648451942372203050e-02
5.978526000000004004e-01,7.647969548957389563e-02
5.979928000000004351e-01,7.647487582832390718e-02
5.980400000000000160e-01,7.647325371610558253e-02
5.981790000000000163e-01,7.646835682819441704e-02
5.983180000000000165e-01,7.646346435252660001e-02
5.984570000000000167e-01,7.645857628512653381e-02
5.985960000000000170e-01,7.645369262202250660e-02
5.987350000000000172e-01,7.644881335924591514e-02
5.988740000000000174e-01,7.644393849283204201e-02
5.990130000000000177e-01,7.643906801881950042e-02
5.991520000000000179e-01,7.643420193325067835e-02
5.992910000000000181e-01,7.642934023217129447e-02
5.994300000000000184e-01,7.642448291163117524e-02
5.995690000000000186e-01,7.641962996768303373e-02
5.997080000000000188e-01,7.641478139638346878e-02
5.998470000000000191e-01,7.640993719379263194e-02
5.999860000000000193e-01,7.640509735597411645e-02
5.999900000000000233e-01,7.640495808368008568e-02
6.001304000000000638e-01,7.640026534725929963e-02
6.002708000000001043e-01,7.639557671442487319e-02
6.004112000000001448e-01,7.639089218158834349e-02
6.005516000000001853e-01,7.638621174516446732e-02
6.006920000000002258e-01,7.638153540157122112e-02
6.008324000000002663e-01,7.637686314722946790e-02
6.009728000000003068e-01,7.637219497856340134e-02
6.011132000000003472e-01,7.636753089200032374e-02
6.012536000000003877e-01,7.636287088397053502e-02
6.013940000000004282e-01,7.635821495090766575e-02
6.015344000000004687e-01,7.635356308924823310e-02
6.016748000000005092e-01,7.634891529543197386e-02
6.018152000000005497e-01,7.634427156590184449e-02
6.019556000000005902e-01,7.633963189710368802e-02
6.020100000000000451e-01,7.633783480010025713e-02
6.021502000000000798e-01,7.633320771050411402e-02
6.022904000000001146e-01,7.632858466102021566e-02
6.024306000000001493e-01,7.632396564812105044e-02
6.025708000000001840e-01,7.631935066828221537e-02
6.027110000000002188e-01,7.631473971798197198e-02
6.028512000000002535e-01,7.631013279370224556e-02
6.029914000000002883e-01,7.630552989192773694e-02
6.031316000000003230e-01,7.630093100914603355e-02
6.032718000000003578e-01,7.629633614184816448e-02
6.034120000000003925e-01,7.629174528652793441e-02
6.035522000000004272e-01,7.628715843968225663e-02
6.036924000000004620e-01,7.628257559781126407e-02
6.038326000000004967e-01,7.627799675741797625e-02
6.039728000000005315e-01,7.627342191500863233e-02
6.040200000000000014e-01,7.627188219282110548e-02
6.041602000000000361e-01,7.626733799690854632e-02
6.043004000000000708e-01,7.626279774675548406e-02
6.044406000000001056e-01,7.625826143893565945e-02
6.045808000000001403e-01,7.625372907002614387e-02
6.047210000000001751e-01,7.624920063660656222e-02
6.048612000000002098e-01,7.624467613525987009e-02
6.050014000000002445e-01,7.624015556257157655e-02
6.051416000000002793e-01,7.623563891513063240e-02
6.052818000000003140e-01,7.623112618952865294e-02
6.054220000000003488e-01,7.622661738236025109e-02
6.055622000000003835e-01,7.622211249022303736e-02
6.057024000000004182e-01,7.621761150971739784e-02
6.058426000000004530e-01,7.621311443744716030e-02
6.059828000000004877e-01,7.620862127001859498e-02
6.060299999999999576e-01,7.620710903413319137e-02
6.061691999999999636e-01,7.620256637022304602e-02
6.063083999999999696e-01,7.619802769882744187e-02
6.064475999999999756e-01,7.619349301643707495e-02
6.065867999999999816e-01,7.618896231954608300e-02
6.067259999999999875e-01,7.618443560465171238e-02
6.068651999999999935e-01,7.617991286825442909e-02
6.070043999999999995e-01,7.617539410685725265e-02
6.071436000000000055e-01,7.617087931696664427e-02
6.072828000000000115e-01,7.616636849509206275e-02
6.074220000000000175e-01,7.616186163774629758e-02
6.075612000000000235e-01,7.615735874144458073e-02
6.077004000000000294e-01,7.615285980270580790e-02
6.078396000000000354e-01,7.614836481805165036e-02
6.079788000000000414e-01,7.614387378400699902e-02
6.079900000000000304e-01,7.614351246201367385e-02
6.081302000000000652e-01,7.613913406371330961e-02
6.082704000000000999e-01,7.613475942060943247e-02
6.084106000000001346e-01,7.613038852948139645e-02
6.085508000000001694e-01,7.612602138711122013e-02
6.086910000000002041e-01,7.612165799028369761e-02
6.088312000000002389e-01,7.611729833578650961e-02
6.089714000000002736e-01,7.611294242040989033e-02
6.091116000000003083e-01,7.610859024094696057e-02
6.092518000000003431e-01,7.610424179419361668e-02
6.093920000000003778e-01,7.609989707694841954e-02
6.095322000000004126e-01,7.609555608601270560e-02
6.096724000000004473e-01,7.609121881819047584e-02
6.098126000000004820e-01,7.608688527028861781e-02
6.099528000000005168e-01,7.608255543911679464e-02
6.099999999999999867e-01,7.608109817101482708e-02
6.101404000000000272e-01,7.607681805708621514e-02
6.102808000000000677e-01,7.607254157607246103e-02
6.104212000000001082e-01,7.606826872489014235e-02
6.105616000000001486e-01,7.606399950045816816e-02
6.107020000000001891e-01,7.605973389969822307e-02
6.108424000000002296e-01,7.605547191953454522e-02
6.109828000000002701e-01,7.605121355689403728e-02
6.111232000000003106e-01,7.604695880870615543e-02
6.112636000000003511e-01,7.604270767190302038e-02
6.114040000000003916e-01,7.603846014341930637e-02
6.115444000000004321e-01,7.603421622019235215e-02
6.116848000000004726e-01,7.602997589916205001e-02
6.118252000000005131e-01,7.602573917727084574e-02
6.119656000000005536e-01,7.602150605146384965e-02
6.120200000000000085e-01,7.601986640566360531e-02
6.121602000000000432e-01,7.601565378447661114e-02
6.123004000000000779e-01,7.601144472579268729e-02
6.124406000000001127e-01,7.600723922659913256e-02
6.125808000000001474e-01,7.600303728388568825e-02
6.127210000000001822e-01,7.599883889464476017e-02
6.128612000000002169e-01,7.599464405587130766e-02
6.130014000000002516e-01,7.599045276456284359e-02
6.131416000000002864e-01,7.598626501771921227e-02
6.132818000000003211e-01,7.598208081234314459e-02
6.134220000000003559e-01,7.597790014543948089e-02
6.135622000000003906e-01,7.597372301401605910e-02
6.137024000000004254e-01,7.596954941508293757e-02
6.138426000000004601e-01,7.596537934565272820e-02
6.139828000000004948e-01,7.596121280274070742e-02
6.140299999999999647e-01,7.595981048602529206e-02
6.141701999999999995e-01,7.595567939186198547e-02
6.143104000000000342e-01,7.595155176545309583e-02
6.144506000000000689e-01,7.594742760388750735e-02
6.145908000000001037e-01,7.594330690425687980e-02
6.147310000000001384e-01,7.593918966365520440e-02
6.148712000000001732e-01,7.593507587917891488e-02
6.150114000000002079e-01,7.593096554792666542e-02
6.151516000000002427e-01,7.592685866699977471e-02
6.152918000000002774e-01,7.592275523350200395e-02
6.154320000000003121e-01,7.591865524453955683e-02
6.155722000000003469e-01,7.591455869722085747e-02
6.157124000000003816e-01,7.591046558865688354e-02
6.158526000000004164e-01,7.590637591596116618e-02
6.159928000000004511e-01,7.590228967624945700e-02
6.160400000000000320e-01,7.590091438396562307e-02
6.161792000000000380e-01,7.589678949942513242e-02
6.163184000000000440e-01,7.589266811409878244e-02
6.164576000000000500e-01,7.588855022501805880e-02
6.165968000000000560e-01,7.588443582921700070e-02
6.167360000000000619e-01,7.588032492373231186e-02
6.168752000000000679e-01,7.587621750560302747e-02
6.170144000000000739e-01,7.587211357187073624e-02
6.171536000000000799e-01,7.586801311957969141e-02
6.172928000000000859e-01,7.586391614577636666e-02
6.174320000000000919e-01,7.585982264750990023e-02
6.175712000000000979e-01,7.585573262183209486e-02
6.177104000000001038e-01,7.585164606579697377e-02
6.178496000000001098e-01,7.584756297646122469e-02
6.179888000000001158e-01,7.584348335088386683e-02
6.179999999999999938e-01,7.584315512756978350e-02
6.181402000000000285e-01,7.583918167846503966e-02
6.182804000000000633e-01,7.583521151539351912e-02
6.184206000000000980e-01,7.583124463563784001e-02
6.185608000000001327e-01,7.582728103648272988e-02
6.187010000000001675e-01,7.582332071521502570e-02
6.188412000000002022e-01,7.581936366912400693e-02
6.189814000000002370e-01,7.581540989550095144e-02
6.191216000000002717e-01,7.581145939163980163e-02
6.192618000000003065e-01,7.580751215483627625e-02
6.194020000000003412e-01,7.580356818238853656e-02
6.195422000000003759e-01,7.579962747159707526e-02
6.196824000000004107e-01,7.579569001976438347e-02
6.198226000000004454e-01,7.579175582419539481e-02
6.199628000000004802e-01,7.578782488219715230e-02
6.200099999999999500e-01,7.578650185241087023e-02
6.201503999999999905e-01,7.578261658660734312e-02
6.202908000000000310e-01,7.577873450008876244e-02
6.204312000000000715e-01,7.577485559025354256e-02
6.205716000000001120e-01,7.577097985450220730e-02
6.207120000000001525e-01,7.576710729023750091e-02
6.208524000000001930e-01,7.576323789486416604e-02
6.209928000000002335e-01,7.575937166578916582e-02
6.211332000000002740e-01,7.575550860042146173e-02
6.212736000000003145e-01,7.575164869617223573e-02
6.214140000000003550e-01,7.574779195045477920e-02
6.215544000000003955e-01,7.574393836068449293e-02
6.216948000000004360e-01,7.574008792427888714e-02
6.218352000000004765e-01,7.573624063865758149e-02
6.219756000000005169e-01,7.573239650124230504e-02
6.220299999999999718e-01,7.573090750737931920e-02
6.221702000000000066e-01,7.572708045987741610e-02
6.223104000000000413e-01,7.572325653364209153e-02
6.224506000000000761e-01,7.571943572612738205e-02
6.225908000000001108e-01,7.571561803478976671e-02
6.227310000000001455e-01,7.571180345708794501e-02
6.228712000000001803e-01,7.570799199048228179e-02
6.230114000000002150e-01,7.570418363243547333e-02
6.231516000000002498e-01,7.570037838041243639e-02
6.232918000000002845e-01,7.569657623187964202e-02
6.234320000000003192e-01,7.569277718430611479e-02
6.235722000000003540e-01,7.568898123516287768e-02
6.237124000000003887e-01,7.568518838192273002e-02
6.238526000000004235e-01,7.568139862206080259e-02
6.239928000000004582e-01,7.567761195305422461e-02
6.240400000000000391e-01,7.567633747605317929e-02
6.241790000000000393e-01,7.567249644626095062e-02
6.243180000000000396e-01,7.566865859757854196e-02
6.244570000000000398e-01,7.566482392737139406e-02
6.245960000000000401e-01,7.566099243300716815e-02
6.247350000000000403e-01,7.565716411185552381e-02
6.248740000000000405e-01,7.565333896128856317e-02
6.250130000000000408e-01,7.564951697868027569e-02
6.251520000000000410e-01,7.564569816140709335e-02
6.252910000000000412e-01,7.564188250684755754e-02
6.254300000000000415e-01,7.563807001238220806e-02
6.255690000000000417e-01,7.563426067539402720e-02
6.257080000000000419e-01,7.563045449326788461e-02
6.258470000000000422e-01,7.562665146339098143e-02
6.259860000000000424e-01,7.562285158315273925e-02
6.259900000000000464e-01,7.562274223668918882e-02
6.261304000000000869e-01,7.561906202452939318e-02
6.262708000000001274e-01,7.561538476682194698e-02
6.264112000000001679e-01,7.561171046119485872e-02
6.265516000000002084e-01,7.560803910527835736e-02
6.266920000000002489e-01,7.560437069670422616e-02
6.268324000000002894e-01,7.560070523310657986e-02
6.269728000000003298e-01,7.559704271212108750e-02
6.271132000000003703e-01,7.559338313138552756e-02
6.272536000000004108e-01,7.558972648853945486e-02
6.273940000000004513e-01,7.558607278122431161e-02
6.275344000000004918e-01,7.558242200708342740e-02
6.276748000000005323e-01,7.557877416376224122e-02
6.278152000000005728e-01,7.557512924890774642e-02
6.279556000000006133e-01,7.557148726016904572e-02
6.280099999999999572e-01,7.557007655839043103e-02
6.281501999999999919e-01,7.556644652586386179e-02
6.282904000000000266e-01,7.556281940117726137e-02
6.284306000000000614e-01,7.555919518200160390e-02
6.285708000000000961e-01,7.555557386600919578e-02
6.287110000000001309e-01,7.555195545087445286e-02
6.288512000000001656e-01,7.554833993427378935e-02
6.289914000000002003e-01,7.554472731388517381e-02
6.291316000000002351e-01,7.554111758738857318e-02
6.292718000000002698e-01,7.553751075246606383e-02
6.294120000000003046e-01,7.553390680680116542e-02
6.295522000000003393e-01,7.553030574807928499e-02
6.296924000000003740e-01,7.552670757398816104e-02
6.298326000000004088e-01,7.552311228221686434e-02
6.299728000000004435e-01,7.551951987045646408e-02
6.300200000000000244e-01,7.551831076858217529e-02
6.301604000000000649e-01,7.551475370325577696e-02
6.303008000000001054e-01,7.551119946230722135e-02
6.304412000000001459e-01,7.550764804349407999e-02
6.305816000000001864e-01,7.550409944457536771e-02
6.307220000000002269e-01,7.550055366331209772e-02
6.308624000000002674e-01,7.549701069746705961e-02
6.310028000000003079e-01,7.549347054480470831e-02
6.311432000000003484e-01,7.548993320309116406e-02
6.312836000000003889e-01,7.548639867009465654e-02
6.314240000000004294e-01,7.548286694358496973e-02
6.315644000000004699e-01,7.547933802133366399e-02
6.317048000000005104e-01,7.547581190111418703e-02
6.318452000000005508e-01,7.547228858070165192e-02
6.319856000000005913e-01,7.546876805787283704e-02
6.320400000000000462e-01,7.546740440051968868e-02
6.321790000000000465e-01,7.546381663782508742e-02
6.323180000000000467e-01,7.546023178149374733e-02
6.324570000000000469e-01,7.545664982917121844e-02
6.325960000000000472e-01,7.545307077850516020e-02
6.327350000000000474e-01,7.544949462714500843e-02
6.328740000000000476e-01,7.544592137274197530e-02
6.330130000000000479e-01,7.544235101294938239e-02
6.331520000000000481e-01,7.543878354542232767e-02
6.332910000000000483e-01,7.543521896781790748e-02
6.334300000000000486e-01,7.543165727779499452e-02
6.335690000000000488e-01,7.542809847301457093e-02
6.337080000000000490e-01,7.542454255113917316e-02
6.338470000000000493e-01,7.542098950983355810e-02
6.339860000000000495e-01,7.541743934676425898e-02
6.339900000000000535e-01,7.541733718618159887e-02
6.341302000000000882e-01,7.541388366384071951e-02
6.342704000000001230e-01,7.541043286523263500e-02
6.344106000000001577e-01,7.540698478820928585e-02
6.345508000000001925e-01,7.540353943062416686e-02
6.346910000000002272e-01,7.540009679033243817e-02
6.348312000000002620e-01,7.539665686519114729e-02
6.349714000000002967e-01,7.539321965305889606e-02
6.351116000000003314e-01,7.538978515179584061e-02
6.352518000000003662e-01,7.538635335926402448e-02
6.353920000000004009e-01,7.538292427332715651e-02
6.355322000000004357e-01,7.537949789185061089e-02
6.356724000000004704e-01,7.537607421270142716e-02
6.358126000000005051e-01,7.537265323374819914e-02
6.359528000000005399e-01,7.536923495286140806e-02
6.360000000000000098e-01,7.536808445360487774e-02
6.361404000000000503e-01,7.536469863442296635e-02
6.362808000000000908e-01,7.536131546300972595e-02
6.364212000000001312e-01,7.535793493729481263e-02
6.365616000000001717e-01,7.535455705520910374e-02
6.367020000000002122e-01,7.535118181468514198e-02
6.368424000000002527e-01,7.534780921365735740e-02
6.369828000000002932e-01,7.534443925006162335e-02
6.371232000000003337e-01,7.534107192183525648e-02
6.372636000000003742e-01,7.533770722691734978e-02
6.374040000000004147e-01,7.533434516324888364e-02
6.375444000000004552e-01,7.533098572877194865e-02
6.376848000000004957e-01,7.532762892143041178e-02
6.378252000000005362e-01,7.532427473917002736e-02
6.379656000000005767e-01,7.532092317993777097e-02
6.380200000000000315e-01,7.531962496376498617e-02
6.381602000000000663e-01,7.531628235984888509e-02
6.383004000000001010e-01,7.531294236575347689e-02
6.384406000000001358e-01,7.530960497944105825e-02
6.385808000000001705e-01,7.530627019887559115e-02
6.387210000000002053e-01,7.530293802202248088e-02
6.388612000000002400e-01,7.529960844684890908e-02
6.390014000000002747e-01,7.529628147132350069e-02
6.391416000000003095e-01,7.529295709341654597e-02
6.392818000000003442e-01,7.528963531109988949e-02
6.394220000000003790e-01,7.528631612234693016e-02
6.395622000000004137e-01,7.528299952513262117e-02
6.397024000000004484e-01,7.527968551743369208e-02
6.398426000000004832e-01,7.527637409722820472e-02
6.399828000000005179e-01,7.527306526249599727e-02
6.400299999999999878e-01,7.527195159683375270e-02
6.401704000000000283e-01,7.526867431493822203e-02
6.403108000000000688e-01,7.526539957010836002e-02
6.404512000000001093e-01,7.526212736038029316e-02
6.405916000000001498e-01,7.525885768379136920e-02
6.407320000000001903e-01,7.525559053838071222e-02
6.408724000000002308e-01,7.525232592218866756e-02
6.410128000000002713e-01,7.524906383325746795e-02
6.411532000000003118e-01,7.524580426963056734e-02
6.412936000000003522e-01,7.524254722935308504e-02
6.414340000000003927e-01,7.523929271047158363e-02
6.415744000000004332e-01,7.523604071103406898e-02
6.417148000000004737e-01,7.523279122909032335e-02
6.418552000000005142e-01,7.522954426269123918e-02
6.419956000000005547e-01,7.522629980988970733e-02
6.420500000000000096e-01,7.522504307722210903e-02
6.421890000000000098e-01,7.522173705290269297e-02
6.423280000000000101e-01,7.521843363927294135e-02
6.424670000000000103e-01,7.521513283427117003e-02
6.426060000000000105e-01,7.521183463583736017e-02
6.427450000000000108e-01,7.520853904191315831e-02
6.428840000000000110e-01,7.520524605044187627e-02
6.430230000000000112e-01,7.520195565936849125e-02
6.431620000000000115e-01,7.519866786663953473e-02
6.433010000000000117e-01,7.519538267020298150e-02
6.434400000000000119e-01,7.519210006800869373e-02
6.435790000000000122e-01,7.518882005800808788e-02
6.437180000000000124e-01,7.518554263815413474e-02
6.438570000000000126e-01,7.518226780640158147e-02
6.439960000000000129e-01,7.517899556070650746e-02
6.440000000000000169e-01,7.517890139750416090e-02
6.441402000000000516e-01,7.517571935923073045e-02
6.442804000000000864e-01,7.517253976645377200e-02
6.444206000000001211e-01,7.516936261729401103e-02
6.445608000000001558e-01,7.516618790987317222e-02
6.447010000000001906e-01,7.516301564231497867e-02
6.448412000000002253e-01,7.515984581274404164e-02
6.449814000000002601e-01,7.515667841928697079e-02
6.451216000000002948e-01,7.515351346007137501e-02
6.452618000000003295e-01,7.515035093322652848e-02
6.454020000000003643e-01,7.514719083688292667e-02
6.455422000000003990e-01,7.514403316917295239e-02
6.456824000000004338e-01,7.514087792822976564e-02
6.458226000000004685e-01,7.513772511218863581e-02
6.459628000000005033e-01,7.513457471918583153e-02
6.460099999999999731e-01,7.513351437641457853e-02
6.461504000000000136e-01,7.513039575873048381e-02
6.462908000000000541e-01,7.512727951606767984e-02
6.464312000000000946e-01,7.512416564661761331e-02
6.465716000000001351e-01,7.512105414857284114e-02
6.467120000000001756e-01,7.511794502012736352e-02
6.468524000000002161e-01,7.511483825947662396e-02
6.469928000000002566e-01,7.511173386481739822e-02
6.471332000000002971e-01,7.510863183434790535e-02
6.472736000000003376e-01,7.510553216626758566e-02
6.474140000000003781e-01,7.510243485877732272e-02
6.475544000000004186e-01,7.509933991007944343e-02
6.476948000000004591e-01,7.509624731837760692e-02
6.478352000000004995e-01,7.509315708187669358e-02
6.479756000000005400e-01,7.509006919878313813e-02
6.480299999999999949e-01,7.508887310726142239e-02
6.481702000000000297e-01,7.508579567468609550e-02
6.483104000000000644e-01,7.508272058030585061e-02
6.484506000000000991e-01,7.507964782234410883e-02
6.485908000000001339e-01,7.507657739902562355e-02
6.487310000000001686e-01,7.507350930857659144e-02
6.488712000000002034e-01,7.507044354922454144e-02
6.490114000000002381e-01,7.506738011919833475e-02
6.491516000000002728e-01,7.506431901672827589e-02
6.492918000000003076e-01,7.506126024004566855e-02
6.494320000000003423e-01,7.505820378738359278e-02
6.495722000000003771e-01,7.505514965697623886e-02
6.497124000000004118e-01,7.505209784705924037e-02
6.498526000000004466e-01,7.504904835586945211e-02
6.499928000000004813e-01,7.504600118164517220e-02
6.500399999999999512e-01,7.504497557668665664e-02
6.501789999999999514e-01,7.504188321900318037e-02
6.503179999999999517e-01,7.503879324811746354e-02
6.504569999999999519e-01,7.503570566218698001e-02
6.505959999999999521e-01,7.503262045937109104e-02
6.507349999999999524e-01,7.502953763783037910e-02
6.508739999999999526e-01,7.502645719572709204e-02
6.510129999999999528e-01,7.502337913122447688e-02
6.511519999999999531e-01,7.502030344248744598e-02
6.512909999999999533e-01,7.501723012768246601e-02
6.514299999999999535e-01,7.501415918497689184e-02
6.515689999999999538e-01,7.501109061254007671e-02
6.517079999999999540e-01,7.500802440854270614e-02
6.518469999999999542e-01,7.500496057115635384e-02
6.519859999999999545e-01,7.500189909855459192e-02
6.519899999999999585e-01,7.500181100058200823e-02
6.521303999999999990e-01,7.499884636017839501e-02
6.522708000000000395e-01,7.499588393738143566e-02
6.524112000000000799e-01,7.499292373053234595e-02
6.525516000000001204e-01,7.498996573797367393e-02
6.526920000000001609e-01,7.498700995804907787e-02
6.528324000000002014e-01,7.498405638910332627e-02
6.529728000000002419e-01,7.498110502948274192e-02
6.531132000000002824e-01,7.497815587753442479e-02
6.532536000000003229e-01,7.497520893160736222e-02
6.533940000000003634e-01,7.497226419005120768e-02
6.535344000000004039e-01,7.496932165121705793e-02
6.536748000000004444e-01,7.496638131345723099e-02
6.538152000000004849e-01,7.496344317512515509e-02
6.539556000000005254e-01,7.496050723457592380e-02
6.540099999999999802e-01,7.495936999202390538e-02
6.541502000000000150e-01,7.495644465445372440e-02
6.542904000000000497e-01,7.495352149945355702e-02
6.544306000000000845e-01,7.495060052539470608e-02
6.545708000000001192e-01,7.494768173065013972e-02
6.547110000000001540e-01,7.494476511359404736e-02
6.548512000000001887e-01,7.494185067260139554e-02
6.549914000000002234e-01,7.493893840604881618e-02
6.551316000000002582e-01,7.493602831231405137e-02
6.552718000000002929e-01,7.493312038977573142e-02
6.554120000000003277e-01,7.493021463681415195e-02
6.555522000000003624e-01,7.492731105181049678e-02
6.556924000000003971e-01,7.492440963314750402e-02
6.558326000000004319e-01,7.492151037920857792e-02
6.559728000000004666e-01,7.491861328837867706e-02
6.560200000000000475e-01,7.491763819334984476e-02
6.561604000000000880e-01,7.491477172968608045e-02
6.563008000000001285e-01,7.491190738416997341e-02
6.564412000000001690e-01,7.490904515523644225e-02
6.565816000000002095e-01,7.490618504132129374e-02
6.567220000000002500e-01,7.490332704086188897e-02
6.568624000000002905e-01,7.490047115229625518e-02
6.570028000000003310e-01,7.489761737406397391e-02
6.571432000000003715e-01,7.489476570460551486e-02
6.572836000000004120e-01,7.489191614236279104e-02
6.574240000000004525e-01,7.488906868577849263e-02
6.575644000000004930e-01,7.488622333329686409e-02
6.577048000000005334e-01,7.488338008336292706e-02
6.578452000000005739e-01,7.488053893442325748e-02
6.579856000000006144e-01,7.487769988492498641e-02
6.580399999999999583e-01,7.487660016944630570e-02
6.581789999999999585e-01,7.487370935479953360e-02
6.583179999999999588e-01,7.487082071747541701e-02
6.584569999999999590e-01,7.486793425583404549e-02
6.585959999999999592e-01,7.486504996823650782e-02
6.587349999999999595e-01,7.486216785304555810e-02
6.588739999999999597e-01,7.485928790862483861e-02
6.590129999999999599e-01,7.485641013333954596e-02
6.591519999999999602e-01,7.485353452555565390e-02
6.592909999999999604e-01,7.485066108364080151e-02
6.594299999999999606e-01,7.484778980596362707e-02
6.595689999999999609e-01,7.484492069089410116e-02
6.597079999999999611e-01,7.484205373680341555e-02
6.598469999999999613e-01,7.483918894206376127e-02
6.599859999999999616e-01,7.483632630504888361e-02
6.599899999999999656e-01,7.483624392879217879e-02
6.601302000000000003e-01,7.483346108111654793e-02
6.602704000000000351e-01,7.483068027260297850e-02
6.604106000000000698e-01,7.482790150175755439e-02
6.605508000000001045e-01,7.482512476708691462e-02
6.606910000000001393e-01,7.482235006709903047e-02
6.608312000000001740e-01,7.481957740030309445e-02
6.609714000000002088e-01,7.481680676520929829e-02
6.611116000000002435e-01,7.481403816032861087e-02
6.612518000000002782e-01,7.481127158417366640e-02
6.613920000000003130e-01,7.480850703525776524e-02
6.615322000000003477e-01,7.480574451209531794e-02
6.616724000000003825e-01,7.480298401320217838e-02
6.618126000000004172e-01,7.480022553709497757e-02
6.619528000000004520e-01,7.479746908229123470e-02
6.620000000000000329e-01,7.479654131798840755e-02
6.621404000000000734e-01,7.479381328081091684e-02
6.622808000000001138e-01,7.479108722396343722e-02
6.624212000000001543e-01,7.478836314600856294e-02
6.625616000000001948e-01,7.478564104550966540e-02
6.627020000000002353e-01,7.478292092103133726e-02
6.628424000000002758e-01,7.478020277113905934e-02
6.629828000000003163e-01,7.477748659439942269e-02
6.631232000000003568e-01,7.477477238938023962e-02
6.632636000000003973e-01,7.477206015465021061e-02
6.634040000000004378e-01,7.476934988877881327e-02
6.635444000000004783e-01,7.476664159033707957e-02
6.636848000000005188e-01,7.476393525789670758e-02
6.638252000000005593e-01,7.476123089003061661e-02
6.639656000000005998e-01,7.475852848531261419e-02
6.640200000000000546e-01,7.475748169436569057e-02
6.641602000000000894e-01,7.475478764377518903e-02
6.643004000000001241e-01,7.475209554476303087e-02
6.644406000000001589e-01,7.474940539591556909e-02
6.645808000000001936e-01,7.474671719582004492e-02
6.647210000000002283e-01,7.474403094306480977e-02
6.648612000000002631e-01,7.474134663623921426e-02
6.650014000000002978e-01,7.473866427393360823e-02
6.651416000000003326e-01,7.473598385473934069e-02
6.652818000000003673e-01,7.473330537724887090e-02
6.654220000000004021e-01,7.473062884005554629e-02
6.655622000000004368e-01,7.472795424175382450e-02
6.657024000000004715e-01,7.472528158093927342e-02
6.658426000000005063e-01,7.472261085620823806e-02
6.659828000000005410e-01,7.471994206615828471e-02
6.660300000000000109e-01,7.471904380542426782e-02
6.661704000000000514e-01,7.471640149093849992e-02
6.663108000000000919e-01,7.471376107340133021e-02
6.664512000000001324e-01,7.471112255145084813e-02
6.665916000000001729e-01,7.470848592372625330e-02
6.667320000000002134e-01,7.470585118886752252e-02
6.668724000000002539e-01,7.470321834551596485e-02
6.670128000000002944e-01,7.470058739231344447e-02
6.671532000000003348e-01,7.469795832790304679e-02
6.672936000000003753e-01,7.469533115092885645e-02
6.674340000000004158e-01,7.469270586003595724e-02
6.675744000000004563e-01,7.469008245387009914e-02
6.677148000000004968e-01,7.468746093107825335e-02
6.678552000000005373e-01,7.468484129030839025e-02
6.679956000000005778e-01,7.468222353020936843e-02
6.680500000000000327e-01,7.468120952366008591e-02
6.681890000000000329e-01,7.467854159590203711e-02
6.683280000000000332e-01,7.467587562213295893e-02
6.684670000000000334e-01,7.467321160092177390e-02
6.686060000000000336e-01,7.467054953083840374e-02
6.687450000000000339e-01,7.466788941045376937e-02
6.688840000000000341e-01,7.466523123834001296e-02
6.690230000000000343e-01,7.466257501307027589e-02
6.691620000000000346e-01,7.465992073321858769e-02
6.693010000000000348e-01,7.465726839736008813e-02
6.694400000000000350e-01,7.465461800407113824e-02
6.695790000000000353e-01,7.465196955192887618e-02
6.697180000000000355e-01,7.464932303951166137e-02
6.698570000000000357e-01,7.464667846539885243e-02
6.699960000000000360e-01,7.464403582817080718e-02
6.700000000000000400e-01,7.464395978266025189e-02
6.701402000000000747e-01,7.464138921493801426e-02
6.702804000000001095e-01,7.463882047993508628e-02
6.704206000000001442e-01,7.463625357634484647e-02
6.705608000000001789e-01,7.463368850286145051e-02
6.707010000000002137e-01,7.463112525818005327e-02
6.708412000000002484e-01,7.462856384099691986e-02
6.709814000000002832e-01,7.462600425000909254e-02
6.711216000000003179e-01,7.462344648391450175e-02
6.712618000000003526e-01,7.462089054141207711e-02
6.714020000000003874e-01,7.461833642120174748e-02
6.715422000000004221e-01,7.461578412198421884e-02
6.716824000000004569e-01,7.461323364246119638e-02
6.718226000000004916e-01,7.461068498133527349e-02
6.719628000000005263e-01,7.460813813731004274e-02
6.720099999999999962e-01,7.460728091783519478e-02
6.721504000000000367e-01,7.460475844575242821e-02
6.722908000000000772e-01,7.460223775658747503e-02
6.724312000000001177e-01,7.459971884908023210e-02
6.725716000000001582e-01,7.459720172197126242e-02
6.727120000000001987e-01,7.459468637400235025e-02
6.728524000000002392e-01,7.459217280391583493e-02
6.729928000000002797e-01,7.458966101045516606e-02
6.731332000000003202e-01,7.458715099236457036e-02
6.732736000000003607e-01,7.458464274838916275e-02
6.734140000000004012e-01,7.458213627727494632e-02
6.735544000000004417e-01,7.457963157776892338e-02
6.736948000000004821e-01,7.457712864861887336e-02
6.738352000000005226e-01,7.457462748857346391e-02
6.739756000000005631e-01,7.457212809638225082e-02
6.740300000000000180e-01,7.457115993625063055e-02
6.741702000000000528e-01,7.456866662847594363e-02
6.743104000000000875e-01,7.456617508044083298e-02
6.744506000000001222e-01,7.456368529090340314e-02
6.745908000000001570e-01,7.456119725862253578e-02
6.747310000000001917e-01,7.455871098235800076e-02
6.748712000000002265e-01,7.455622646087034511e-02
6.750114000000002612e-01,7.455374369292111503e-02
6.751516000000002959e-01,7.455126267727263389e-02
6.752918000000003307e-01,7.454878341268822428e-02
6.754320000000003654e-01,7.454630589793198592e-02
6.755722000000004002e-01,7.454383013176901773e-02
6.757124000000004349e-01,7.454135611296508479e-02
6.758526000000004696e-01,7.453888384028695135e-02
6.759928000000005044e-01,7.453641331250215885e-02
6.760399999999999743e-01,7.453558177761698822e-02
6.761791999999999803e-01,7.453308142523884516e-02
6.763183999999999862e-01,7.453058286056257753e-02
6.764575999999999922e-01,7.452808608231009657e-02
6.765967999999999982e-01,7.452559108920409070e-02
6.767360000000000042e-01,7.452309787996824753e-02
6.768752000000000102e-01,7.452060645332703182e-02
6.770144000000000162e-01,7.451811680800612958e-02
6.771536000000000222e-01,7.451562894273178195e-02
6.772928000000000281e-01,7.451314285623122924e-02
6.774320000000000341e-01,7.451065854723282200e-02
6.775712000000000401e-01,7.450817601446568794e-02
6.777104000000000461e-01,7.450569525665984294e-02
6.778496000000000521e-01,7.450321627254608003e-02
6.779888000000000581e-01,7.450073906085641351e-02
6.780000000000000471e-01,7.450053975644710391e-02
6.781402000000000818e-01,7.449812067094552237e-02
6.782804000000001166e-01,7.449570327576349182e-02
6.784206000000001513e-01,7.449328756971995702e-02
6.785608000000001860e-01,7.449087355163463986e-02
6.787010000000002208e-01,7.448846122032815043e-02
6.788412000000002555e-01,7.448605057462176493e-02
6.789814000000002903e-01,7.448364161333775879e-02
6.791216000000003250e-01,7.448123433529907356e-02
6.792618000000003597e-01,7.447882873932964998e-02
6.794020000000003945e-01,7.447642482425409494e-02
6.795422000000004292e-01,7.447402258889790350e-02
6.796824000000004640e-01,7.447162203208734788e-02
6.798226000000004987e-01,7.446922315264958847e-02
6.799628000000005335e-01,7.446682594941267386e-02
6.800100000000000033e-01,7.446601909232652972e-02
6.801502000000000381e-01,7.446363619628493247e-02
6.802904000000000728e-01,7.446125495688571405e-02
6.804306000000001076e-01,7.445887537297690706e-02
6.805708000000001423e-01,7.445649744340776532e-02
6.807110000000001770e-01,7.445412116702809779e-02
6.808512000000002118e-01,7.445174654268849057e-02
6.809914000000002465e-01,7.444937356924041794e-02
6.811316000000002813e-01,7.444700224553624235e-02
6.812718000000003160e-01,7.444463257042899240e-02
6.814120000000003508e-01,7.444226454277247385e-02
6.815522000000003855e-01,7.443989816142138061e-02
6.816924000000004202e-01,7.443753342523118377e-02
6.818326000000004550e-01,7.443517033305813158e-02
6.819728000000004897e-01,7.443280888375913840e-02
6.820199999999999596e-01,7.443201405988575381e-02
6.821604000000000001e-01,7.442967507164199858e-02
6.823008000000000406e-01,7.442733769554588097e-02
6.824412000000000811e-01,7.442500193048640078e-02
6.825816000000001216e-01,7.442266777535300193e-02
6.827220000000001621e-01,7.442033522903612752e-02
6.828624000000002026e-01,7.441800429042688680e-02
6.830028000000002431e-01,7.441567495841716617e-02
6.831432000000002835e-01,7.441334723189962919e-02
6.832836000000003240e-01,7.441102110976760553e-02
6.834240000000003645e-01,7.440869659091531307e-02
6.835644000000004050e-01,7.440637367423774684e-02
6.837048000000004455e-01,7.440405235863056799e-02
6.838452000000004860e-01,7.440173264299021483e-02
6.839856000000005265e-01,7.439941452621401385e-02
6.840399999999999814e-01,7.439851657848850497e-02
6.841789999999999816e-01,7.439615374102126477e-02
6.843179999999999819e-01,7.439379256514710992e-02
6.844569999999999821e-01,7.439143304969753068e-02
6.845959999999999823e-01,7.438907519350490549e-02
6.847349999999999826e-01,7.438671899540238996e-02
6.848739999999999828e-01,7.438436445422402787e-02
6.850129999999999830e-01,7.438201156880464016e-02
6.851519999999999833e-01,7.437966033797982490e-02
6.852909999999999835e-01,7.437731076058606838e-02
6.854299999999999837e-01,7.437496283546063403e-02
6.855689999999999840e-01,7.437261656144167343e-02
6.857079999999999842e-01,7.437027193736800434e-02
6.858469999999999844e-01,7.436792896207933268e-02
6.859859999999999847e-01,7.436558763441636355e-02
6.859899999999999887e-01,7.436552025944509481e-02
6.861304000000000292e-01,7.436325089920992060e-02
6.862708000000000697e-01,7.436098308689931269e-02
6.864112000000001101e-01,7.435871682145756001e-02
6.865516000000001506e-01,7.435645210182939557e-02
6.866920000000001911e-01,7.435418892696066262e-02
6.868324000000002316e-01,7.435192729579742643e-02
6.869728000000002721e-01,7.434966720728697354e-02
6.871132000000003126e-01,7.434740866037681251e-02
6.872536000000003531e-01,7.434515165401567316e-02
6.873940000000003936e-01,7.434289618715250736e-02
6.875344000000004341e-01,7.434064225873748821e-02
6.876748000000004746e-01,7.433838986772101087e-02
6.878152000000005151e-01,7.433613901305458072e-02
6.879556000000005556e-01,7.433388969369014720e-02
6.880100000000000104e-01,7.433301839297223879e-02
6.881502000000000452e-01,7.433077508599628125e-02
6.882904000000000799e-01,7.432853330652955393e-02
6.884306000000001147e-01,7.432629305353199989e-02
6.885708000000001494e-01,7.432405432596411732e-02
6.887110000000001842e-01,7.432181712278718155e-02
6.888512000000002189e-01,7.431958144296324509e-02
6.889914000000002536e-01,7.431734728545513757e-02
6.891316000000002884e-01,7.431511464922613275e-02
6.892718000000003231e-01,7.431288353324050355e-02
6.894120000000003579e-01,7.431065393646296702e-02
6.895522000000003926e-01,7.430842585785912835e-02
6.896924000000004273e-01,7.430619929639525889e-02
6.898326000000004621e-01,7.430397425103818509e-02
6.899728000000004968e-01,7.430175072075573262e-02
6.900199999999999667e-01,7.430100231448155679e-02
6.901602000000000015e-01,7.429879270467043550e-02
6.903004000000000362e-01,7.429658459136612159e-02
6.904406000000000709e-01,7.429437797355509243e-02
6.905808000000001057e-01,7.429217285022449158e-02
6.907210000000001404e-01,7.428996922036212869e-02
6.908612000000001752e-01,7.428776708295647957e-02
6.910014000000002099e-01,7.428556643699679718e-02
6.911416000000002446e-01,7.428336728147300061e-02
6.912818000000002794e-01,7.428116961537556406e-02
6.914220000000003141e-01,7.427897343769584992e-02
6.915622000000003489e-01,7.427677874742566466e-02
6.917024000000003836e-01,7.427458554355770293e-02
6.918426000000004183e-01,7.427239382508521448e-02
6.919828000000004531e-01,7.427020359100233726e-02
6.920300000000000340e-01,7.426946639081333235e-02
6.921692000000000400e-01,7.426725027760472386e-02
6.923084000000000460e-01,7.426503568441777947e-02
6.924476000000000520e-01,7.426282261020988873e-02
6.925868000000000579e-01,7.426061105393921835e-02
6.927260000000000639e-01,7.425840101456460118e-02
6.928652000000000699e-01,7.425619249104564723e-02
6.930044000000000759e-01,7.425398548234252161e-02
6.931436000000000819e-01,7.425177998741638863e-02
6.932828000000000879e-01,7.424957600522885670e-02
6.934220000000000939e-01,7.424737353474231139e-02
6.935612000000000998e-01,7.424517257492002642e-02
6.937004000000001058e-01,7.424297312472571964e-02
6.938396000000001118e-01,7.424077518312399704e-02
6.939788000000001178e-01,7.423857874908013077e-02
6.939899999999999958e-01,7.423840203426101958e-02
6.941302000000000305e-01,7.423625795861543697e-02
6.942704000000000653e-01,7.423411531958967746e-02
6.944106000000001000e-01,7.423197411622106667e-02
6.945508000000001347e-01,7.422983434754770737e-02
6.946910000000001695e-01,7.422769601260825745e-02
6.948312000000002042e-01,7.422555911044204091e-02
6.949714000000002390e-01,7.422342364008904791e-02
6.951116000000002737e-01,7.422128960058993474e-02
6.952518000000003084e-01,7.421915699098591279e-02
6.953920000000003432e-01,7.421702581031897061e-02
6.955322000000003779e-01,7.421489605763165187e-02
6.956724000000004127e-01,7.421276773196705534e-02
6.958126000000004474e-01,7.421064083236916797e-02
6.959528000000004822e-01,7.420851535788242082e-02
6.959999999999999520e-01,7.420779995306603372e-02
6.961401999999999868e-01,7.420568780683722832e-02
6.962804000000000215e-01,7.420357706822022781e-02
6.964206000000000563e-01,7.420146773627700476e-02
6.965608000000000910e-01,7.419935981007008685e-02
6.967010000000001257e-01,7.419725328866266789e-02
6.968412000000001605e-01,7.419514817111849680e-02
6.969814000000001952e-01,7.419304445650209967e-02
6.971216000000002300e-01,7.419094214387833564e-02
6.972618000000002647e-01,7.418884123231295202e-02
6.974020000000002995e-01,7.418674172087225127e-02
6.975422000000003342e-01,7.418464360862320195e-02
6.976824000000003689e-01,7.418254689463321672e-02
6.978226000000004037e-01,7.418045157797048539e-02
6.979628000000004384e-01,7.417835765770375289e-02
6.980100000000000193e-01,7.417765287273792030e-02
6.981504000000000598e-01,7.417557918191075572e-02
6.982908000000001003e-01,7.417350686093615586e-02
6.984312000000001408e-01,7.417143590890928895e-02
6.985716000000001813e-01,7.416936632492576731e-02
6.987120000000002218e-01,7.416729810808175838e-02
6.988524000000002623e-01,7.416523125747431777e-02
6.989928000000003028e-01,7.416316577220094519e-02
6.991332000000003433e-01,7.416110165135969545e-02
6.992736000000003838e-01,7.415903889404917848e-02
6.994140000000004243e-01,7.415697749936867034e-02
6.995544000000004647e-01,7.415491746641800219e-02
6.996948000000005052e-01,7.415285879429778237e-02
6.998352000000005457e-01,7.415080148210895228e-02
6.999756000000005862e-01,7.414874552895311943e-02
7.000300000000000411e-01,7.414794912430044960e-02
7.001702000000000758e-01,7.414589847084562813e-02
7.003104000000001106e-01,7.414384916977256879e-02
7.004506000000001453e-01,7.414180122018976249e-02
7.005908000000001801e-01,7.413975462120570015e-02
7.007310000000002148e-01,7.413770937192953880e-02
7.008712000000002496e-01,7.413566547147143471e-02
7.010114000000002843e-01,7.413362291894154410e-02
7.011516000000003190e-01,7.413158171345124448e-02
7.012918000000003538e-01,7.412954185411213537e-02
7.014320000000003885e-01,7.412750334003614938e-02
7.015722000000004233e-01,7.412546617033644036e-02
7.017124000000004580e-01,7.412343034412627318e-02
7.018526000000004927e-01,7.412139586051946782e-02
7.019928000000005275e-01,7.411936271863095449e-02
7.020399999999999974e-01,7.411867838923458240e-02
7.021792000000000034e-01,7.411662091666026964e-02
7.023184000000000093e-01,7.411456481841405264e-02
7.024576000000000153e-01,7.411251009357833208e-02
7.025968000000000213e-01,7.411045674123528659e-02
7.027360000000000273e-01,7.410840476046853809e-02
7.028752000000000333e-01,7.410635415036159745e-02
7.030144000000000393e-01,7.410430490999919684e-02
7.031536000000000453e-01,7.410225703846606837e-02
7.032928000000000512e-01,7.410021053484816544e-02
7.034320000000000572e-01,7.409816539823144144e-02
7.035712000000000632e-01,7.409612162770318200e-02
7.037104000000000692e-01,7.409407922235045074e-02
7.038496000000000752e-01,7.409203818126175456e-02
7.039888000000000812e-01,7.408999850352548933e-02
7.039999999999999591e-01,7.408983440034933032e-02
7.041401999999999939e-01,7.408784270143775608e-02
7.042804000000000286e-01,7.408585230256348186e-02
7.044206000000000634e-01,7.408386320287785320e-02
7.045608000000000981e-01,7.408187540153288175e-02
7.047010000000001329e-01,7.407988889768113427e-02
7.048412000000001676e-01,7.407790369047573265e-02
7.049814000000002023e-01,7.407591977907024283e-02
7.051216000000002371e-01,7.407393716261878591e-02
7.052618000000002718e-01,7.407195584027626012e-02
7.054020000000003066e-01,7.406997581119789675e-02
7.055422000000003413e-01,7.406799707453959325e-02
7.056824000000003760e-01,7.406601962945769113e-02
7.058226000000004108e-01,7.406404347510919806e-02
7.059628000000004455e-01,7.406206861065156577e-02
7.060100000000000264e-01,7.406140389517379408e-02
7.061502000000000612e-01,7.405944070343961627e-02
7.062904000000000959e-01,7.405747878667345852e-02
7.064306000000001307e-01,7.405551814404731648e-02
7.065708000000001654e-01,7.405355877473396298e-02
7.067110000000002001e-01,7.405160067790605982e-02
7.068512000000002349e-01,7.404964385273749006e-02
7.069914000000002696e-01,7.404768829840224775e-02
7.071316000000003044e-01,7.404573401407510413e-02
7.072718000000003391e-01,7.404378099893116350e-02
7.074120000000003738e-01,7.404182925214630728e-02
7.075522000000004086e-01,7.403987877289686104e-02
7.076924000000004433e-01,7.403792956035937234e-02
7.078326000000004781e-01,7.403598161371138797e-02
7.079728000000005128e-01,7.403403493213078779e-02
7.080199999999999827e-01,7.403337970194168172e-02
7.081604000000000232e-01,7.403145108452524603e-02
7.083008000000000637e-01,7.402952370907844859e-02
7.084412000000001042e-01,7.402759757480148473e-02
7.085816000000001447e-01,7.402567268089510488e-02
7.087220000000001852e-01,7.402374902656050359e-02
7.088624000000002257e-01,7.402182661099954153e-02
7.090028000000002661e-01,7.401990543341441242e-02
7.091432000000003066e-01,7.401798549300797614e-02
7.092836000000003471e-01,7.401606678898342562e-02
7.094240000000003876e-01,7.401414932054461993e-02
7.095644000000004281e-01,7.401223308689586222e-02
7.097048000000004686e-01,7.401031808724201078e-02
7.098452000000005091e-01,7.400840432078836795e-02
7.099856000000005496e-01,7.400649178674079121e-02
7.100400000000000045e-01,7.400575093288075390e-02
7.101790000000000047e-01,7.400380085276569986e-02
7.103180000000000049e-01,7.400185205423970292e-02
7.104570000000000052e-01,7.399990453646054789e-02
7.105960000000000054e-01,7.399795829858657470e-02
7.107350000000000056e-01,7.399601333977667839e-02
7.108740000000000059e-01,7.399406965919019807e-02
7.110130000000000061e-01,7.399212725598702800e-02
7.111520000000000064e-01,7.399018612932772854e-02
7.112910000000000066e-01,7.398824627837341517e-02
7.114300000000000068e-01,7.398630770228553644e-02
7.115690000000000071e-01,7.398437040022642908e-02
7.117080000000000073e-01,7.398243437135876288e-02
7.118470000000000075e-01,7.398049961484576276e-02
7.119860000000000078e-01,7.397856612985120872e-02
7.119900000000000118e-01,7.397851049104819943e-02
7.121304000000000523e-01,7.397663557528655343e-02
7.122708000000000927e-01,7.397476185519891168e-02
7.124112000000001332e-01,7.397288933002288402e-02
7.125516000000001737e-01,7.397101799899630237e-02
7.126920000000002142e-01,7.396914786135777575e-02
7.128324000000002547e-01,7.396727891634613528e-02
7.129728000000002952e-01,7.396541116320087816e-02
7.131132000000003357e-01,7.396354460116194574e-02
7.132536000000003762e-01,7.396167922946972340e-02
7.133940000000004167e-01,7.395981504736504064e-02
7.135344000000004572e-01,7.395795205408939310e-02
7.136748000000004977e-01,7.395609024888449845e-02
7.138152000000005382e-01,7.395422963099274050e-02
7.139556000000005787e-01,7.395237019965705816e-02
7.140100000000000335e-01,7.395164991432567891e-02
7.141502000000000683e-01,7.394979459006978395e-02
7.142904000000001030e-01,7.394794044742591943e-02
7.144306000000001378e-01,7.394608748564179823e-02
7.145708000000001725e-01,7.394423570396524426e-02
7.147110000000002072e-01,7.394238510164463651e-02
7.148512000000002420e-01,7.394053567792890913e-02
7.149914000000002767e-01,7.393868743206744032e-02
7.151316000000003115e-01,7.393684036331005238e-02
7.152718000000003462e-01,7.393499447090723375e-02
7.154120000000003810e-01,7.393314975410958390e-02
7.155522000000004157e-01,7.393130621216847942e-02
7.156924000000004504e-01,7.392946384433574103e-02
7.158326000000004852e-01,7.392762264986352250e-02
7.159728000000005199e-01,7.392578262800453270e-02
7.160199999999999898e-01,7.392516329560516741e-02
7.161602000000000245e-01,7.392333358761538076e-02
7.163004000000000593e-01,7.392150503937877648e-02
7.164406000000000940e-01,7.391967765016027592e-02
7.165808000000001288e-01,7.391785141922513347e-02
7.167210000000001635e-01,7.391602634583938070e-02
7.168612000000001983e-01,7.391420242926904915e-02
7.170014000000002330e-01,7.391237966878105858e-02
7.171416000000002677e-01,7.391055806364255076e-02
7.172818000000003025e-01,7.390873761312133361e-02
7.174220000000003372e-01,7.390691831648543708e-02
7.175622000000003720e-01,7.390510017300355727e-02
7.177024000000004067e-01,7.390328318194472335e-02
7.178426000000004414e-01,7.390146734257840855e-02
7.179828000000004762e-01,7.389965265417475226e-02
7.180299999999999461e-01,7.389904184813156363e-02
7.181691999999999521e-01,7.389720455305970326e-02
7.183083999999999580e-01,7.389536843805744049e-02
7.184475999999999640e-01,7.389353350236693707e-02
7.185867999999999700e-01,7.389169974523057682e-02
7.187259999999999760e-01,7.388986716589152071e-02
7.188651999999999820e-01,7.388803576359315173e-02
7.190043999999999880e-01,7.388620553757951903e-02
7.191435999999999940e-01,7.388437648709522687e-02
7.192827999999999999e-01,7.388254861138510154e-02
7.194220000000000059e-01,7.388072190969463549e-02
7.195612000000000119e-01,7.387889638126987624e-02
7.197004000000000179e-01,7.387707202535709339e-02
7.198396000000000239e-01,7.387524884120333368e-02
7.199788000000000299e-01,7.387342682805597693e-02
7.199900000000000189e-01,7.387328023687744771e-02
7.201302000000000536e-01,7.387150059560032567e-02
7.202704000000000883e-01,7.386972207155584336e-02
7.204106000000001231e-01,7.386794466404267290e-02
7.205508000000001578e-01,7.386616837235993049e-02
7.206910000000001926e-01,7.386439319580706542e-02
7.208312000000002273e-01,7.386261913368397103e-02
7.209714000000002621e-01,7.386084618529109580e-02
7.211116000000002968e-01,7.385907434992933229e-02
7.212518000000003315e-01,7.385730362689979511e-02
7.213920000000003663e-01,7.385553401550415398e-02
7.215322000000004010e-01,7.385376551504463372e-02
7.216724000000004358e-01,7.385199812482379222e-02
7.218126000000004705e-01,7.385023184414463149e-02
7.219528000000005052e-01,7.384846667231059758e-02
7.219999999999999751e-01,7.384787253183799915e-02
7.221404000000000156e-01,7.384612343134899781e-02
7.222808000000000561e-01,7.384437541983590592e-02
7.224212000000000966e-01,7.384262849662071027e-02
7.225616000000001371e-01,7.384088266102584175e-02
7.227020000000001776e-01,7.383913791237417534e-02
7.228424000000002181e-01,7.383739424998903011e-02
7.229828000000002586e-01,7.383565167319405820e-02
7.231232000000002991e-01,7.383391018131335581e-02
7.232636000000003396e-01,7.383216977367157430e-02
7.234040000000003801e-01,7.383043044959358703e-02
7.235444000000004205e-01,7.382869220840482249e-02
7.236848000000004610e-01,7.382695504943104226e-02
7.238252000000005015e-01,7.382521897199834093e-02
7.239656000000005420e-01,7.382348397543359031e-02
7.240199999999999969e-01,7.382281188828243579e-02
7.241602000000000317e-01,7.382108071818060946e-02
7.243004000000000664e-01,7.381935062444400231e-02
7.244406000000001011e-01,7.381762160640337189e-02
7.245808000000001359e-01,7.381589366338991987e-02
7.247210000000001706e-01,7.381416679473529197e-02
7.248612000000002054e-01,7.381244099977146700e-02
7.250014000000002401e-01,7.381071627783086786e-02
7.251416000000002748e-01,7.380899262824625051e-02
7.252818000000003096e-01,7.380727005035103705e-02
7.254220000000003443e-01,7.380554854347876059e-02
7.255622000000003791e-01,7.380382810696350937e-02
7.257024000000004138e-01,7.380210874013992672e-02
7.258426000000004485e-01,7.380039044234276702e-02
7.259828000000004833e-01,7.379867321290745075e-02
7.260299999999999532e-01,7.379809520822722124e-02
7.261701999999999879e-01,7.379638765327889427e-02
7.263104000000000227e-01,7.379468115490972480e-02
7.264506000000000574e-01,7.379297571246590248e-02
7.265908000000000921e-01,7.379127132529417210e-02
7.267310000000001269e-01,7.378956799274138945e-02
7.268712000000001616e-01,7.378786571415507645e-02
7.270114000000001964e-01,7.378616448888319912e-02
7.271516000000002311e-01,7.378446431627383451e-02
7.272918000000002658e-01,7.378276519567561476e-02
7.274320000000003006e-01,7.378106712643761611e-02
7.275722000000003353e-01,7.377937010790935890e-02
7.277124000000003701e-01,7.377767413944069652e-02
7.278526000000004048e-01,7.377597922038181544e-02
7.279928000000004396e-01,7.377428535008345722e-02
7.280400000000000205e-01,7.377371520731401677e-02
7.281792000000000264e-01,7.377200043051368450e-02
7.283184000000000324e-01,7.377028672874608173e-02
7.284576000000000384e-01,7.376857410133741411e-02
7.285968000000000444e-01,7.376686254761399830e-02
7.287360000000000504e-01,7.376515206690281712e-02
7.288752000000000564e-01,7.376344265853118642e-02
7.290144000000000624e-01,7.376173432182675516e-02
7.291536000000000683e-01,7.376002705611772736e-02
7.292928000000000743e-01,7.375832086073264016e-02
7.294320000000000803e-01,7.375661573500047474e-02
7.295712000000000863e-01,7.375491167825065641e-02
7.297104000000000923e-01,7.375320868981305455e-02
7.298496000000000983e-01,7.375150676901776059e-02
7.299888000000001043e-01,7.374980591519564310e-02
7.299999999999999822e-01,7.374966907179503206e-02
7.301402000000000170e-01,7.374800782852775072e-02
7.302804000000000517e-01,7.374634760316689519e-02
7.304206000000000865e-01,7.374468839508885321e-02
7.305608000000001212e-01,7.374303020367023453e-02
7.307010000000001559e-01,7.374137302828809304e-02
7.308412000000001907e-01,7.373971686831981565e-02
7.309814000000002254e-01,7.373806172314334439e-02
7.311216000000002602e-01,7.373640759213673235e-02
7.312618000000002949e-01,7.373475447467858768e-02
7.314020000000003296e-01,7.373310237014807367e-02
7.315422000000003644e-01,7.373145127792435360e-02
7.316824000000003991e-01,7.372980119738714588e-02
7.318226000000004339e-01,7.372815212791661299e-02
7.319628000000004686e-01,7.372650406889313945e-02
7.320100000000000495e-01,7.372594934469356431e-02
7.321504000000000900e-01,7.372431639406173964e-02
7.322908000000001305e-01,7.372268443564056195e-02
7.324312000000001710e-01,7.372105346882673604e-02
7.325716000000002115e-01,7.371942349301818798e-02
7.327120000000002520e-01,7.371779450761239971e-02
7.328524000000002925e-01,7.371616651200796344e-02
7.329928000000003330e-01,7.371453950560313828e-02
7.331332000000003735e-01,7.371291348779707153e-02
7.332736000000004140e-01,7.371128845798879947e-02
7.334140000000004544e-01,7.370966441557835758e-02
7.335544000000004949e-01,7.370804135996544826e-02
7.336948000000005354e-01,7.370641929055077313e-02
7.338352000000005759e-01,7.370479820673481175e-02
7.339756000000006164e-01,7.370317810791904289e-02
7.340299999999999603e-01,7.370255052516549998e-02
7.341701999999999950e-01,7.370093385456022439e-02
7.343104000000000298e-01,7.369931816502173216e-02
7.344506000000000645e-01,7.369770345595483274e-02
7.345908000000000992e-01,7.369608972676433556e-02
7.347310000000001340e-01,7.369447697685571619e-02
7.348712000000001687e-01,7.369286520563467224e-02
7.350114000000002035e-01,7.369125441250734543e-02
7.351516000000002382e-01,7.368964459688021051e-02
7.352918000000002730e-01,7.368803575815996432e-02
7.354320000000003077e-01,7.368642789575385876e-02
7.355722000000003424e-01,7.368482100906936783e-02
7.357124000000003772e-01,7.368321509751440956e-02
7.358526000000004119e-01,7.368161016049734613e-02
7.359928000000004467e-01,7.368000619742653967e-02
7.360400000000000276e-01,7.367946631451893769e-02
7.361790000000000278e-01,7.367783653906623265e-02
7.363180000000000280e-01,7.367620776936489868e-02
7.364570000000000283e-01,7.367458000479421010e-02
7.365960000000000285e-01,7.367295324473399631e-02
7.367350000000000287e-01,7.367132748856430879e-02
7.368740000000000290e-01,7.366970273566575411e-02
7.370130000000000292e-01,7.366807898541904986e-02
7.371520000000000294e-01,7.366645623720557978e-02
7.372910000000000297e-01,7.366483449040683862e-02
7.374300000000000299e-01,7.366321374440498726e-02
7.375690000000000301e-01,7.366159399858229762e-02
7.377080000000000304e-01,7.365997525232159671e-02
7.378470000000000306e-01,7.365835750500604462e-02
7.379860000000000309e-01,7.365674075601913451e-02
7.379900000000000349e-01,7.365669423169518559e-02
7.381304000000000753e-01,7.365512623607839426e-02
7.382708000000001158e-01,7.365355917950522358e-02
7.384112000000001563e-01,7.365199306141323454e-02
7.385516000000001968e-01,7.365042788124043227e-02
7.386920000000002373e-01,7.364886363842515493e-02
7.388324000000002778e-01,7.364730033240607376e-02
7.389728000000003183e-01,7.364573796262208205e-02
7.391132000000003588e-01,7.364417652851240614e-02
7.392536000000003993e-01,7.364261602951682750e-02
7.393940000000004398e-01,7.364105646507523861e-02
7.395344000000004803e-01,7.363949783462808707e-02
7.396748000000005208e-01,7.363794013761582047e-02
7.398152000000005613e-01,7.363638337347955254e-02
7.399556000000006017e-01,7.363482754166061905e-02
7.400099999999999456e-01,7.363422485217296920e-02
7.401501999999999803e-01,7.363267234877868272e-02
7.402904000000000151e-01,7.363112077393241250e-02
7.404306000000000498e-01,7.362957012707882498e-02
7.405708000000000846e-01,7.362802040766291967e-02
7.407110000000001193e-01,7.362647161512991811e-02
7.408512000000001541e-01,7.362492374892548597e-02
7.409914000000001888e-01,7.362337680849573296e-02
7.411316000000002235e-01,7.362183079328676882e-02
7.412718000000002583e-01,7.362028570274525840e-02
7.414120000000002930e-01,7.361874153631819961e-02
7.415522000000003278e-01,7.361719829345292343e-02
7.416924000000003625e-01,7.361565597359698288e-02
7.418326000000003972e-01,7.361411457619837506e-02
7.419728000000004320e-01,7.361257410070531915e-02
7.420200000000000129e-01,7.361205558575012464e-02
7.421604000000000534e-01,7.361052895585651346e-02
7.423008000000000939e-01,7.360900323155350478e-02
7.424412000000001344e-01,7.360747841230375066e-02
7.425816000000001749e-01,7.360595449757045827e-02
7.427220000000002154e-01,7.360443148681705683e-02
7.428624000000002559e-01,7.360290937950741963e-02
7.430028000000002963e-01,7.360138817510553100e-02
7.431432000000003368e-01,7.359986787307581935e-02
7.432836000000003773e-01,7.359834847288293513e-02
7.434240000000004178e-01,7.359682997399197291e-02
7.435644000000004583e-01,7.359531237586824926e-02
7.437048000000004988e-01,7.359379567797741384e-02
7.438452000000005393e-01,7.359227987978544938e-02
7.439856000000005798e-01,7.359076498075878270e-02
7.440400000000000347e-01,7.359017814629487120e-02
7.441790000000000349e-01,7.358863306512275493e-02
7.443180000000000351e-01,7.358708891951692976e-02
7.444570000000000354e-01,7.358554570891095992e-02
7.445960000000000356e-01,7.358400343273874267e-02
7.447350000000000358e-01,7.358246209043439734e-02
7.448740000000000361e-01,7.358092168143237632e-02
7.450130000000000363e-01,7.357938220516768713e-02
7.451520000000000366e-01,7.357784366107544827e-02
7.452910000000000368e-01,7.357630604859133339e-02
7.454300000000000370e-01,7.357476936715112714e-02
7.455690000000000373e-01,7.357323361619116930e-02
7.457080000000000375e-01,7.357169879514802169e-02
7.458470000000000377e-01,7.357016490345857918e-02
7.459860000000000380e-01,7.356863194056006972e-02
7.459900000000000420e-01,7.356858782728903368e-02
7.461302000000000767e-01,7.356709573338959807e-02
7.462704000000001114e-01,7.356560451943328083e-02
7.464106000000001462e-01,7.356411418490105270e-02
7.465508000000001809e-01,7.356262472927432849e-02
7.466910000000002157e-01,7.356113615203485612e-02
7.468312000000002504e-01,7.355964845266449448e-02
7.469714000000002851e-01,7.355816163064565760e-02
7.471116000000003199e-01,7.355667568546087054e-02
7.472518000000003546e-01,7.355519061659299140e-02
7.473920000000003894e-01,7.355370642352532240e-02
7.475322000000004241e-01,7.355222310574127675e-02
7.476724000000004589e-01,7.355074066272471178e-02
7.478126000000004936e-01,7.354925909395970685e-02
7.479528000000005283e-01,7.354777839893078539e-02
7.479999999999999982e-01,7.354728000432264601e-02
7.481404000000000387e-01,7.354581246408276041e-02
7.482808000000000792e-01,7.354434578229351871e-02
7.484212000000001197e-01,7.354287995845265602e-02
7.485616000000001602e-01,7.354141499205846255e-02
7.487020000000002007e-01,7.353995088260922852e-02
7.488424000000002412e-01,7.353848762960368823e-02
7.489828000000002817e-01,7.353702523254090906e-02
7.491232000000003222e-01,7.353556369092018041e-02
7.492636000000003627e-01,7.353410300424112478e-02
7.494040000000004031e-01,7.353264317200358668e-02
7.495444000000004436e-01,7.353118419370774372e-02
7.496848000000004841e-01,7.352972606885410656e-02
7.498252000000005246e-01,7.352826879694351891e-02
7.499656000000005651e-01,7.352681237747693554e-02
7.500200000000000200e-01,7.352624819474751217e-02
7.501602000000000547e-01,7.352479453711935342e-02
7.503004000000000895e-01,7.352334172889785080e-02
7.504406000000001242e-01,7.352188976958673461e-02
7.505808000000001590e-01,7.352043865868984618e-02
7.507210000000001937e-01,7.351898839571158195e-02
7.508612000000002284e-01,7.351753898015644939e-02
7.510014000000002632e-01,7.351609041152917801e-02
7.511416000000002979e-01,7.351464268933505242e-02
7.512818000000003327e-01,7.351319581307935724e-02
7.514220000000003674e-01,7.351174978226782120e-02
7.515622000000004022e-01,7.351030459640639503e-02
7.517024000000004369e-01,7.350886025500147358e-02
7.518426000000004716e-01,7.350741675755945170e-02
7.519828000000005064e-01,7.350597410358727934e-02
7.520299999999999763e-01,7.350548851252447502e-02
7.521704000000000168e-01,7.350405859774700179e-02
7.523108000000000573e-01,7.350262951177188864e-02
7.524512000000000977e-01,7.350120125411885308e-02
7.525916000000001382e-01,7.349977382430761264e-02
7.527320000000001787e-01,7.349834722185843994e-02
7.528724000000002192e-01,7.349692144629182966e-02
7.530128000000002597e-01,7.349549649712849853e-02
7.531532000000003002e-01,7.349407237388927427e-02
7.532936000000003407e-01,7.349264907609565078e-02
7.534340000000003812e-01,7.349122660326912193e-02
7.535744000000004217e-01,7.348980495493140364e-02
7.537148000000004622e-01,7.348838413060476693e-02
7.538552000000005027e-01,7.348696412981148285e-02
7.539956000000005432e-01,7.348554495207437753e-02
7.540499999999999980e-01,7.348499519477835751e-02
7.541889999999999983e-01,7.348354742931939576e-02
7.543279999999999985e-01,7.348210052060200059e-02
7.544669999999999987e-01,7.348065446811924417e-02
7.546059999999999990e-01,7.347920927136442071e-02
7.547449999999999992e-01,7.347776492983104646e-02
7.548839999999999995e-01,7.347632144301308177e-02
7.550229999999999997e-01,7.347487881040482005e-02
7.551619999999999999e-01,7.347343703150066574e-02
7.553010000000000002e-01,7.347199610579546736e-02
7.554400000000000004e-01,7.347055603278429547e-02
7.555790000000000006e-01,7.346911681196255373e-02
7.557180000000000009e-01,7.346767844282597881e-02
7.558570000000000011e-01,7.346624092487052948e-02
7.559960000000000013e-01,7.346480425759249755e-02
7.560000000000000053e-01,7.346476291535364300e-02
7.561402000000000401e-01,7.346336437945211184e-02
7.562804000000000748e-01,7.346196664968440704e-02
7.564206000000001096e-01,7.346056972558578924e-02
7.565608000000001443e-01,7.345917360669196317e-02
7.567010000000001790e-01,7.345777829253885560e-02
7.568412000000002138e-01,7.345638378266250434e-02
7.569814000000002485e-01,7.345499007659939128e-02
7.571216000000002833e-01,7.345359717388610932e-02
7.572618000000003180e-01,7.345220507405958443e-02
7.574020000000003527e-01,7.345081377665707567e-02
7.575422000000003875e-01,7.344942328121606412e-02
7.576824000000004222e-01,7.344803358727425291e-02
7.578226000000004570e-01,7.344664469436967824e-02
7.579628000000004917e-01,7.344525660204059836e-02
7.580099999999999616e-01,7.344478937494425264e-02
7.581504000000000021e-01,7.344341346140903504e-02
7.582908000000000426e-01,7.344203833461560027e-02
7.584312000000000831e-01,7.344066399411408597e-02
7.585716000000001236e-01,7.343929043945474078e-02
7.587120000000001641e-01,7.343791767018836847e-02
7.588524000000002045e-01,7.343654568586588383e-02
7.589928000000002450e-01,7.343517448603842368e-02
7.591332000000002855e-01,7.343380407025734691e-02
7.592736000000003260e-01,7.343243443807445647e-02
7.594140000000003665e-01,7.343106558904166636e-02
7.595544000000004070e-01,7.342969752271111261e-02
7.596948000000004475e-01,7.342833023863526432e-02
7.598352000000004880e-01,7.342696373636692364e-02
7.599756000000005285e-01,7.342559801545900378e-02
7.600299999999999834e-01,7.342506896452261067e-02
7.601702000000000181e-01,7.342370562977162951e-02
7.603104000000000529e-01,7.342234307382577985e-02
7.604506000000000876e-01,7.342098129624008429e-02
7.605908000000001223e-01,7.341962029656989852e-02
7.607310000000001571e-01,7.341826007437080026e-02
7.608712000000001918e-01,7.341690062919870030e-02
7.610114000000002266e-01,7.341554196060973148e-02
7.611516000000002613e-01,7.341418406816024866e-02
7.612918000000002960e-01,7.341282695140693981e-02
7.614320000000003308e-01,7.341147060990660389e-02
7.615722000000003655e-01,7.341011504321648395e-02
7.617124000000004003e-01,7.340876025089393409e-02
7.618526000000004350e-01,7.340740623249653041e-02
7.619928000000004698e-01,7.340605298758218211e-02
7.620400000000000507e-01,7.340559748921327010e-02
7.621790000000000509e-01,7.340422188786277502e-02
7.623180000000000511e-01,7.340284708591726659e-02
7.624570000000000514e-01,7.340147308291178341e-02
7.625960000000000516e-01,7.340009987838225225e-02
7.627350000000000518e-01,7.339872747186471091e-02
7.628740000000000521e-01,7.339735586289553027e-02
7.630130000000000523e-01,7.339598505101097015e-02
7.631520000000000525e-01,7.339461503574784551e-02
7.632910000000000528e-01,7.339324581664330438e-02
7.634300000000000530e-01,7.339187739323482784e-02
7.635690000000000532e-01,7.339050976505967494e-02
7.637080000000000535e-01,7.338914293165588187e-02
7.638470000000000537e-01,7.338777689256170689e-02
7.639860000000000539e-01,7.338641164731529720e-02
7.639899999999999469e-01,7.338637236033962452e-02
7.641303999999999874e-01,7.338504789399058481e-02
7.642708000000000279e-01,7.338372417478689069e-02
7.644112000000000684e-01,7.338240120230710151e-02
7.645516000000001089e-01,7.338107897612988761e-02
7.646920000000001494e-01,7.337975749583425245e-02
7.648324000000001899e-01,7.337843676099942147e-02
7.649728000000002304e-01,7.337711677120495324e-02
7.651132000000002709e-01,7.337579752603051730e-02
7.652536000000003114e-01,7.337447902505611630e-02
7.653940000000003518e-01,7.337316126786186388e-02
7.655344000000003923e-01,7.337184425402820676e-02
7.656748000000004328e-01,7.337052798313581370e-02
7.658152000000004733e-01,7.336921245476568654e-02
7.659556000000005138e-01,7.336789766849882710e-02
7.660099999999999687e-01,7.336738834702993817e-02
7.661502000000000034e-01,7.336607587577648193e-02
7.662904000000000382e-01,7.336476414417703040e-02
7.664306000000000729e-01,7.336345315181480586e-02
7.665708000000001077e-01,7.336214289827303059e-02
7.667110000000001424e-01,7.336083338313548197e-02
7.668512000000001771e-01,7.335952460598604841e-02
7.669914000000002119e-01,7.335821656640872934e-02
7.671316000000002466e-01,7.335690926398796829e-02
7.672718000000002814e-01,7.335560269830820879e-02
7.674120000000003161e-01,7.335429686895433843e-02
7.675522000000003509e-01,7.335299177551135585e-02
7.676924000000003856e-01,7.335168741756459276e-02
7.678326000000004203e-01,7.335038379469949188e-02
7.679728000000004551e-01,7.334908090650182899e-02
7.680200000000000360e-01,7.334864235692306611e-02
7.681604000000000765e-01,7.334735091478483682e-02
7.683008000000001170e-01,7.334606019459943838e-02
7.684412000000001575e-01,7.334477019596330472e-02
7.685816000000001980e-01,7.334348091847298079e-02
7.687220000000002385e-01,7.334219236172545564e-02
7.688624000000002789e-01,7.334090452531771831e-02
7.690028000000003194e-01,7.333961740884709091e-02
7.691432000000003599e-01,7.333833101191111759e-02
7.692836000000004004e-01,7.333704533410756454e-02
7.694240000000004409e-01,7.333576037503442002e-02
7.695644000000004814e-01,7.333447613428989431e-02
7.697048000000005219e-01,7.333319261147241974e-02
7.698452000000005624e-01,7.333190980618065069e-02
7.699856000000006029e-01,7.333062771801346358e-02
7.700399999999999467e-01,7.333013106214469889e-02
7.701789999999999470e-01,7.332882305718546601e-02
7.703179999999999472e-01,7.332751579879825954e-02
7.704569999999999474e-01,7.332620928655697590e-02
7.705959999999999477e-01,7.332490352003573353e-02
7.707349999999999479e-01,7.332359849880887293e-02
7.708739999999999482e-01,7.332229422245106765e-02
7.710129999999999484e-01,7.332099069053710227e-02
7.711519999999999486e-01,7.331968790264220548e-02
7.712909999999999489e-01,7.331838585834149491e-02
7.714299999999999491e-01,7.331708455721064333e-02
7.715689999999999493e-01,7.331578399882554553e-02
7.717079999999999496e-01,7.331448418276220735e-02
7.718469999999999498e-01,7.331318510859685667e-02
7.719859999999999500e-01,7.331188677590616543e-02
7.719899999999999540e-01,7.331184941442847602e-02
7.721301999999999888e-01,7.331058534897083589e-02
7.722704000000000235e-01,7.330932198637596375e-02
7.724106000000000583e-01,7.330805932625317212e-02
7.725508000000000930e-01,7.330679736821177350e-02
7.726910000000001277e-01,7.330553611186130247e-02
7.728312000000001625e-01,7.330427555681173768e-02
7.729714000000001972e-01,7.330301570267305777e-02
7.731116000000002320e-01,7.330175654905557447e-02
7.732518000000002667e-01,7.330049809556971052e-02
7.733920000000003014e-01,7.329924034182622172e-02
7.735322000000003362e-01,7.329798328743597491e-02
7.736724000000003709e-01,7.329672693201016997e-02
7.738126000000004057e-01,7.329547127516011784e-02
7.739528000000004404e-01,7.329421631649746249e-02
7.740000000000000213e-01,7.329379389883372564e-02
7.741404000000000618e-01,7.329254995881850920e-02
7.742808000000001023e-01,7.329130670491268429e-02
7.744212000000001428e-01,7.329006413673777587e-02
7.745616000000001833e-01,7.328882225391553096e-02
7.747020000000002238e-01,7.328758105606791862e-02
7.748424000000002643e-01,7.328634054281724097e-02
7.749828000000003048e-01,7.328510071378591118e-02
7.751232000000003453e-01,7.328386156859645340e-02
7.752636000000003857e-01,7.328262310687172487e-02
7.754040000000004262e-01,7.328138532823469387e-02
7.755444000000004667e-01,7.328014823230866170e-02
7.756848000000005072e-01,7.327891181871704074e-02
7.758252000000005477e-01,7.327767608708346536e-02
7.759656000000005882e-01,7.327644103703179201e-02
7.760200000000000431e-01,7.327596260142310580e-02
7.761602000000000778e-01,7.327472957429603806e-02
7.763004000000001126e-01,7.327349722666520737e-02
7.764406000000001473e-01,7.327226555815624653e-02
7.765808000000001821e-01,7.327103456839478834e-02
7.767210000000002168e-01,7.326980425700679866e-02
7.768612000000002515e-01,7.326857462361846540e-02
7.770014000000002863e-01,7.326734566785619851e-02
7.771416000000003210e-01,7.326611738934651896e-02
7.772818000000003558e-01,7.326488978771628080e-02
7.774220000000003905e-01,7.326366286259233807e-02
7.775622000000004252e-01,7.326243661360198889e-02
7.777024000000004600e-01,7.326121104037264242e-02
7.778426000000004947e-01,7.325998614253181884e-02
7.779828000000005295e-01,7.325876191970726037e-02
7.780299999999999994e-01,7.325834984700396735e-02
7.781704000000000399e-01,7.325713632216335203e-02
7.783108000000000803e-01,7.325592346071641003e-02
7.784512000000001208e-01,7.325471126230043151e-02
7.785916000000001613e-01,7.325349972655303965e-02
7.787320000000002018e-01,7.325228885311185767e-02
7.788724000000002423e-01,7.325107864161495286e-02
7.790128000000002828e-01,7.324986909170039251e-02
7.791532000000003233e-01,7.324866020300646596e-02
7.792936000000003638e-01,7.324745197517179562e-02
7.794340000000004043e-01,7.324624440783511492e-02
7.795744000000004448e-01,7.324503750063526830e-02
7.797148000000004853e-01,7.324383125321143329e-02
7.798552000000005258e-01,7.324262566520289841e-02
7.799956000000005663e-01,7.324142073624928528e-02
7.800500000000000211e-01,7.324095396811236558e-02
7.801890000000000214e-01,7.323972450227389519e-02
7.803280000000000216e-01,7.323849572275065167e-02
7.804670000000000218e-01,7.323726762915960808e-02
7.806060000000000221e-01,7.323604022111762646e-02
7.807450000000000223e-01,7.323481349824223496e-02
7.808840000000000225e-01,7.323358746015085075e-02
7.810230000000000228e-01,7.323236210646133504e-02
7.811620000000000230e-01,7.323113743679154908e-02
7.813010000000000232e-01,7.322991345075968717e-02
7.814400000000000235e-01,7.322869014798405463e-02
7.815790000000000237e-01,7.322746752808328985e-02
7.817180000000000240e-01,7.322624559067625327e-02
7.818570000000000242e-01,7.322502433538191635e-02
7.819960000000000244e-01,7.322380376181947259e-02
7.820000000000000284e-01,7.322376863796498103e-02
7.821402000000000632e-01,7.322258024689742850e-02
7.822804000000000979e-01,7.322139250209602768e-02
7.824206000000001326e-01,7.322020540320939297e-02
7.825608000000001674e-01,7.321901894988624981e-02
7.827010000000002021e-01,7.321783314177554569e-02
7.828412000000002369e-01,7.321664797852645012e-02
7.829814000000002716e-01,7.321546345978824366e-02
7.831216000000003064e-01,7.321427958521042889e-02
7.832618000000003411e-01,7.321309635444261943e-02
7.834020000000003758e-01,7.321191376713476195e-02
7.835422000000004106e-01,7.321073182293702519e-02
7.836824000000004453e-01,7.320955052149957787e-02
7.838226000000004801e-01,7.320836986247292177e-02
7.839628000000005148e-01,7.320718984550755870e-02
7.840099999999999847e-01,7.320679265149909742e-02
7.841504000000000252e-01,7.320562275710496003e-02
7.842908000000000657e-01,7.320445349391946355e-02
7.844312000000001062e-01,7.320328486160199155e-02
7.845716000000001467e-01,7.320211685981226069e-02
7.847120000000001871e-01,7.320094948820998759e-02
7.848524000000002276e-01,7.319978274645522198e-02
7.849928000000002681e-01,7.319861663420812459e-02
7.851332000000003086e-01,7.319745115112907818e-02
7.852736000000003491e-01,7.319628629687857657e-02
7.854140000000003896e-01,7.319512207111733559e-02
7.855544000000004301e-01,7.319395847350618212e-02
7.856948000000004706e-01,7.319279550370638709e-02
7.858352000000005111e-01,7.319163316137899944e-02
7.859756000000005516e-01,7.319047144618562317e-02
7.860300000000000065e-01,7.319002141705088782e-02
7.861702000000000412e-01,7.318886151965664499e-02
7.863104000000000759e-01,7.318770224756598886e-02
7.864506000000001107e-01,7.318654360044196672e-02
7.865908000000001454e-01,7.318538557794751487e-02
7.867310000000001802e-01,7.318422817974590266e-02
7.868712000000002149e-01,7.318307140550062151e-02
7.870114000000002497e-01,7.318191525487538485e-02
7.871516000000002844e-01,7.318075972753390612e-02
7.872918000000003191e-01,7.317960482314012083e-02
7.874320000000003539e-01,7.317845054135818650e-02
7.875722000000003886e-01,7.317729688185259374e-02
7.877124000000004234e-01,7.317614384428772212e-02
7.878526000000004581e-01,7.317499142832839532e-02
7.879928000000004928e-01,7.317383963363943700e-02
7.880399999999999627e-01,7.317345193864044361e-02
7.881789999999999630e-01,7.317228076734305642e-02
7.883179999999999632e-01,7.317111023851174956e-02
7.884569999999999634e-01,7.316994035179402722e-02
7.885959999999999637e-01,7.316877110683783769e-02
7.887349999999999639e-01,7.316760250329090720e-02
7.888739999999999641e-01,7.316643454080151709e-02
7.890129999999999644e-01,7.316526721901794872e-02
7.891519999999999646e-01,7.316410053758881649e-02
7.892909999999999648e-01,7.316293449616273481e-02
7.894299999999999651e-01,7.316176909438865117e-02
7.895689999999999653e-01,7.316060433191573509e-02
7.897079999999999655e-01,7.315944020839315609e-02
7.898469999999999658e-01,7.315827672347052779e-02
7.899859999999999660e-01,7.315711387679746380e-02
7.899899999999999700e-01,7.315708041411239648e-02
7.901304000000000105e-01,7.315595208052561027e-02
7.902708000000000510e-01,7.315482434787390353e-02
7.904112000000000915e-01,7.315369721583719897e-02
7.905516000000001320e-01,7.315257068409564134e-02
7.906920000000001725e-01,7.315144475232948640e-02
7.908324000000002130e-01,7.315031942021921196e-02
7.909728000000002535e-01,7.314919468744540687e-02
7.911132000000002940e-01,7.314807055368888200e-02
7.912536000000003344e-01,7.314694701863067028e-02
7.913940000000003749e-01,7.314582408195180463e-02
7.915344000000004154e-01,7.314470174333365105e-02
7.916748000000004559e-01,7.314358000245768654e-02
7.918152000000004964e-01,7.314245885900561017e-02
7.919556000000005369e-01,7.314133831265923202e-02
7.920099999999999918e-01,7.314090423047980849e-02
7.921502000000000265e-01,7.313978531470877176e-02
7.922904000000000613e-01,7.313866699442983510e-02
7.924306000000000960e-01,7.313754926932602984e-02
7.925708000000001308e-01,7.313643213908060936e-02
7.927110000000001655e-01,7.313531560337704907e-02
7.928512000000002002e-01,7.313419966189893540e-02
7.929914000000002350e-01,7.313308431432996581e-02
7.931316000000002697e-01,7.313196956035405982e-02
7.932718000000003045e-01,7.313085539965535897e-02
7.934120000000003392e-01,7.312974183191811584e-02
7.935522000000003739e-01,7.312862885682658298e-02
7.936924000000004087e-01,7.312751647406556810e-02
7.938326000000004434e-01,7.312640468331976784e-02
7.939728000000004782e-01,7.312529348427410092e-02
7.940199999999999481e-01,7.312491945293131401e-02
7.941603999999999886e-01,7.312381765672193445e-02
7.943008000000000290e-01,7.312271644234558110e-02
7.944412000000000695e-01,7.312161580949494422e-02
7.945816000000001100e-01,7.312051575786293611e-02
7.947220000000001505e-01,7.311941628714269115e-02
7.948624000000001910e-01,7.311831739702734367e-02
7.950028000000002315e-01,7.311721908721036112e-02
7.951432000000002720e-01,7.311612135738532192e-02
7.952836000000003125e-01,7.311502420724580453e-02
7.954240000000003530e-01,7.311392763648583148e-02
7.955644000000003935e-01,7.311283164479942531e-02
7.957048000000004340e-01,7.311173623188071957e-02
7.958452000000004745e-01,7.311064139742418089e-02
7.959856000000005150e-01,7.310954714112427588e-02
7.960399999999999698e-01,7.310912324255736117e-02
7.961789999999999701e-01,7.310800664484295996e-02
7.963179999999999703e-01,7.310689064925790515e-02
7.964569999999999705e-01,7.310577525547745648e-02
7.965959999999999708e-01,7.310466046317709576e-02
7.967349999999999710e-01,7.310354627203252686e-02
7.968739999999999712e-01,7.310243268171945363e-02
7.970129999999999715e-01,7.310131969191391299e-02
7.971519999999999717e-01,7.310020730229216390e-02
7.972909999999999719e-01,7.309909551253057636e-02
7.974299999999999722e-01,7.309798432230552034e-02
7.975689999999999724e-01,7.309687373129380994e-02
7.977079999999999727e-01,7.309576373917225922e-02
7.978469999999999729e-01,7.309465434561801533e-02
7.979859999999999731e-01,7.309354555030822542e-02
7.979899999999999771e-01,7.309351364302485443e-02
7.981302000000000119e-01,7.309243384523977927e-02
7.982704000000000466e-01,7.309135461482618723e-02
7.984106000000000813e-01,7.309027595148598344e-02
7.985508000000001161e-01,7.308919785492118404e-02
7.986910000000001508e-01,7.308812032483402721e-02
7.988312000000001856e-01,7.308704336092686216e-02
7.989714000000002203e-01,7.308596696290214911e-02
7.991116000000002551e-01,7.308489113046257035e-02
7.992518000000002898e-01,7.308381586331091917e-02
7.993920000000003245e-01,7.308274116115021091e-02
7.995322000000003593e-01,7.308166702368357193e-02
7.996724000000003940e-01,7.308059345061435064e-02
7.998126000000004288e-01,7.307952044164589545e-02
7.999528000000004635e-01,7.307844799648177680e-02
8.000000000000000444e-01,7.307808700893381193e-02
8.001404000000000849e-01,7.307702358123235875e-02
8.002808000000001254e-01,7.307596070799193821e-02
8.004212000000001659e-01,7.307489838892355927e-02
8.005616000000002064e-01,7.307383662373811983e-02
8.007020000000002469e-01,7.307277541214696193e-02
8.008424000000002874e-01,7.307171475386142756e-02
8.009828000000003279e-01,7.307065464859296977e-02
8.011232000000003683e-01,7.306959509605326364e-02
8.012636000000004088e-01,7.306853609595420629e-02
8.014040000000004493e-01,7.306747764800769485e-02
8.015444000000004898e-01,7.306641975192584848e-02
8.016848000000005303e-01,7.306536240742089738e-02
8.018252000000005708e-01,7.306430561420529379e-02
8.019656000000006113e-01,7.306324937199160097e-02
8.020199999999999552e-01,7.306284019845377120e-02
8.021601999999999899e-01,7.306178542531771569e-02
8.023004000000000246e-01,7.306073120176304059e-02
8.024406000000000594e-01,7.305967752750319733e-02
8.025808000000000941e-01,7.305862440225219245e-02
8.027210000000001289e-01,7.305757182572381048e-02
8.028612000000001636e-01,7.305651979763227999e-02
8.030014000000001984e-01,7.305546831769171856e-02
8.031416000000002331e-01,7.305441738561657683e-02
8.032818000000002678e-01,7.305336700112141646e-02
8.034220000000003026e-01,7.305231716392091013e-02
8.035622000000003373e-01,7.305126787372984154e-02
8.037024000000003721e-01,7.305021913026321645e-02
8.038426000000004068e-01,7.304917093323626265e-02
8.039828000000004415e-01,7.304812328236409691e-02
8.040300000000000225e-01,7.304777064010992138e-02
8.041704000000000629e-01,7.304673180821297240e-02
8.043108000000001034e-01,7.304569351340872707e-02
8.044512000000001439e-01,7.304465575541996269e-02
8.045916000000001844e-01,7.304361853396879045e-02
8.047320000000002249e-01,7.304258184877776561e-02
8.048724000000002654e-01,7.304154569956999854e-02
8.050128000000003059e-01,7.304051008606815554e-02
8.051532000000003464e-01,7.303947500799523596e-02
8.052936000000003869e-01,7.303844046507423915e-02
8.054340000000004274e-01,7.303740645702894163e-02
8.055744000000004679e-01,7.303637298358256480e-02
8.057148000000005084e-01,7.303534004445844108e-02
8.058552000000005489e-01,7.303430763938079107e-02
8.059956000000005893e-01,7.303327576807328025e-02
8.060500000000000442e-01,7.303287603480734802e-02
8.061890000000000445e-01,7.303182298453425592e-02
8.063280000000000447e-01,7.303077049027861811e-02
8.064670000000000449e-01,7.302971855174689164e-02
8.066060000000000452e-01,7.302866716864564456e-02
8.067450000000000454e-01,7.302761634068155594e-02
8.068840000000000456e-01,7.302656606756163793e-02
8.070230000000000459e-01,7.302551634899290267e-02
8.071620000000000461e-01,7.302446718468247333e-02
8.073010000000000463e-01,7.302341857433769512e-02
8.074400000000000466e-01,7.302237051766613529e-02
8.075790000000000468e-01,7.302132301437536110e-02
8.077180000000000470e-01,7.302027606417327288e-02
8.078570000000000473e-01,7.301922966676777094e-02
8.079960000000000475e-01,7.301818382186708867e-02
8.080000000000000515e-01,7.301815372606845767e-02
8.081402000000000863e-01,7.301713518915065038e-02
8.082804000000001210e-01,7.301611717626943499e-02
8.084206000000001557e-01,7.301509968715513832e-02
8.085608000000001905e-01,7.301408272153830925e-02
8.087010000000002252e-01,7.301306627914960767e-02
8.088412000000002600e-01,7.301205035971980450e-02
8.089814000000002947e-01,7.301103496297989270e-02
8.091216000000003294e-01,7.301002008866097626e-02
8.092618000000003642e-01,7.300900573649415914e-02
8.094020000000003989e-01,7.300799190621087842e-02
8.095422000000004337e-01,7.300697859754257113e-02
8.096824000000004684e-01,7.300596581022089637e-02
8.098226000000005032e-01,7.300495354397762426e-02
8.099628000000005379e-01,7.300394179854463594e-02
8.100100000000000078e-01,7.300360124141214158e-02
8.101504000000000483e-01,7.300259793517727136e-02
8.102908000000000888e-01,7.300159514118942372e-02
8.104312000000001293e-01,7.300059285918680807e-02
8.105716000000001698e-01,7.299959108890829995e-02
8.107120000000002102e-01,7.299858983009233082e-02
8.108524000000002507e-01,7.299758908247799827e-02
8.109928000000002912e-01,7.299658884580439988e-02
8.111332000000003317e-01,7.299558911981041120e-02
8.112736000000003722e-01,7.299458990423546290e-02
8.114140000000004127e-01,7.299359119881876357e-02
8.115544000000004532e-01,7.299259300329996591e-02
8.116948000000004937e-01,7.299159531741894469e-02
8.118352000000005342e-01,7.299059814091513054e-02
8.119756000000005747e-01,7.298960147352884231e-02
8.120300000000000296e-01,7.298921537682845351e-02
8.121702000000000643e-01,7.298822004736149616e-02
8.123104000000000990e-01,7.298722522574629945e-02
8.124506000000001338e-01,7.298623091172395938e-02
8.125908000000001685e-01,7.298523710503534989e-02
8.127310000000002033e-01,7.298424380542156698e-02
8.128712000000002380e-01,7.298325101262392867e-02
8.130114000000002727e-01,7.298225872638386402e-02
8.131516000000003075e-01,7.298126694644291312e-02
8.132918000000003422e-01,7.298027567254272707e-02
8.134320000000003770e-01,7.297928490442506799e-02
8.135722000000004117e-01,7.297829464183203108e-02
8.137124000000004465e-01,7.297730488450548947e-02
8.138526000000004812e-01,7.297631563218764938e-02
8.139928000000005159e-01,7.297532688462093908e-02
8.140399999999999858e-01,7.297499406817442580e-02
8.141791999999999918e-01,7.297399218857347769e-02
8.143183999999999978e-01,7.297299082730934749e-02
8.144576000000000038e-01,7.297198998411391635e-02
8.145968000000000098e-01,7.297098965871917642e-02
8.147360000000000158e-01,7.296998985085723088e-02
8.148752000000000217e-01,7.296899056026029395e-02
8.150144000000000277e-01,7.296799178666080188e-02
8.151536000000000337e-01,7.296699352979130193e-02
8.152928000000000397e-01,7.296599578938434139e-02
8.154320000000000457e-01,7.296499856517280058e-02
8.155712000000000517e-01,7.296400185688967088e-02
8.157104000000000577e-01,7.296300566426794365e-02
8.158496000000000636e-01,7.296200998704083229e-02
8.159888000000000696e-01,7.296101482494166124e-02
8.159999999999999476e-01,7.296093475776255222e-02
8.161401999999999823e-01,7.295996195574649956e-02
8.162804000000000171e-01,7.295898964599034642e-02
8.164206000000000518e-01,7.295801782824495874e-02
8.165608000000000866e-01,7.295704650226164656e-02
8.167010000000001213e-01,7.295607566779127584e-02
8.168412000000001560e-01,7.295510532458526765e-02
8.169814000000001908e-01,7.295413547239504304e-02
8.171216000000002255e-01,7.295316611097202308e-02
8.172618000000002603e-01,7.295219724006785089e-02
8.174020000000002950e-01,7.295122885943450264e-02
8.175422000000003298e-01,7.295026096882384348e-02
8.176824000000003645e-01,7.294929356798784958e-02
8.178226000000003992e-01,7.294832665667871918e-02
8.179628000000004340e-01,7.294736023464865049e-02
8.180100000000000149e-01,7.294703493260668026e-02
8.181502000000000496e-01,7.294607319378920707e-02
8.182904000000000844e-01,7.294511193960295792e-02
8.184306000000001191e-01,7.294415116980368374e-02
8.185708000000001539e-01,7.294319088414724650e-02
8.187110000000001886e-01,7.294223108238973019e-02
8.188512000000002233e-01,7.294127176428732984e-02
8.189914000000002581e-01,7.294031292959624047e-02
8.191316000000002928e-01,7.293935457807287914e-02
8.192718000000003276e-01,7.293839670947377396e-02
8.194120000000003623e-01,7.293743932355567505e-02
8.195522000000003970e-01,7.293648242007522153e-02
8.196924000000004318e-01,7.293552599878938558e-02
8.198326000000004665e-01,7.293457005945513938e-02
8.199728000000005013e-01,7.293361460182967715e-02
8.200199999999999712e-01,7.293329299022732748e-02
8.201604000000000116e-01,7.293234539422688290e-02
8.203008000000000521e-01,7.293139827212125059e-02
8.204412000000000926e-01,7.293045162367317591e-02
8.205816000000001331e-01,7.292950544864584828e-02
8.207220000000001736e-01,7.292855974680267916e-02
8.208624000000002141e-01,7.292761451790674698e-02
8.210028000000002546e-01,7.292666976172190729e-02
8.211432000000002951e-01,7.292572547801134952e-02
8.212836000000003356e-01,7.292478166653892924e-02
8.214240000000003761e-01,7.292383832706872404e-02
8.215644000000004166e-01,7.292289545936436745e-02
8.217048000000004571e-01,7.292195306319004811e-02
8.218452000000004976e-01,7.292101113831006565e-02
8.219856000000005380e-01,7.292006968448849769e-02
8.220399999999999929e-01,7.291970497536592877e-02
8.221789999999999932e-01,7.291874413143040190e-02
8.223179999999999934e-01,7.291778377825208768e-02
8.224569999999999936e-01,7.291682391558040877e-02
8.225959999999999939e-01,7.291586454316478783e-02
8.227349999999999941e-01,7.291490566075486957e-02
8.228739999999999943e-01,7.291394726810029869e-02
8.230129999999999946e-01,7.291298936495094196e-02
8.231519999999999948e-01,7.291203195105677715e-02
8.232909999999999950e-01,7.291107502616800407e-02
8.234299999999999953e-01,7.291011859003471152e-02
8.235689999999999955e-01,7.290916264240743239e-02
8.237079999999999957e-01,7.290820718303658854e-02
8.238469999999999960e-01,7.290725221167271286e-02
8.239859999999999962e-01,7.290629772806667130e-02
8.239900000000000002e-01,7.290627026131646371e-02
8.241304000000000407e-01,7.290534376635215974e-02
8.242708000000000812e-01,7.290441773096645317e-02
8.244112000000001217e-01,7.290349215493141521e-02
8.245516000000001622e-01,7.290256703801900606e-02
8.246920000000002027e-01,7.290164238000162999e-02
8.248324000000002432e-01,7.290071818065169129e-02
8.249728000000002837e-01,7.289979443974159423e-02
8.251132000000003242e-01,7.289887115704396514e-02
8.252536000000003646e-01,7.289794833233154137e-02
8.253940000000004051e-01,7.289702596537706025e-02
8.255344000000004456e-01,7.289610405595348119e-02
8.256748000000004861e-01,7.289518260383387460e-02
8.258152000000005266e-01,7.289426160879142191e-02
8.259556000000005671e-01,7.289334107059941559e-02
8.260100000000000220e-01,7.289298446340586324e-02
8.261502000000000567e-01,7.289206504169953860e-02
8.262904000000000915e-01,7.289114607582369842e-02
8.264306000000001262e-01,7.289022756555241234e-02
8.265708000000001610e-01,7.288930951065974995e-02
8.267110000000001957e-01,7.288839191091989189e-02
8.268512000000002304e-01,7.288747476610735188e-02
8.269914000000002652e-01,7.288655807599642156e-02
8.271316000000002999e-01,7.288564184036183669e-02
8.272718000000003347e-01,7.288472605897811096e-02
8.274120000000003694e-01,7.288381073162009116e-02
8.275522000000004041e-01,7.288289585806273507e-02
8.276924000000004389e-01,7.288198143808100049e-02
8.278326000000004736e-01,7.288106747145006725e-02
8.279728000000005084e-01,7.288015395794511520e-02
8.280199999999999783e-01,7.287984646409151335e-02
8.281602000000000130e-01,7.287893725126548539e-02
8.283004000000000477e-01,7.287802848738389461e-02
8.284406000000000825e-01,7.287712017222502947e-02
8.285808000000001172e-01,7.287621230556762253e-02
8.287210000000001520e-01,7.287530488718996224e-02
8.288612000000001867e-01,7.287439791687078117e-02
8.290014000000002214e-01,7.287349139438881185e-02
8.291416000000002562e-01,7.287258531952289786e-02
8.292818000000002909e-01,7.287167969205188278e-02
8.294220000000003257e-01,7.287077451175527631e-02
8.295622000000003604e-01,7.286986977841192203e-02
8.297024000000003952e-01,7.286896549180132965e-02
8.298426000000004299e-01,7.286806165170278682e-02
8.299828000000004646e-01,7.286715825789580325e-02
8.300300000000000455e-01,7.286685417018468058e-02
8.301692000000000515e-01,7.286593865098189848e-02
8.303084000000000575e-01,7.286502359020785580e-02
8.304476000000000635e-01,7.286410898763262534e-02
8.305868000000000695e-01,7.286319484302705707e-02
8.307260000000000755e-01,7.286228115616155687e-02
8.308652000000000815e-01,7.286136792680708574e-02
8.310044000000000874e-01,7.286045515473471568e-02
8.311436000000000934e-01,7.285954283971518564e-02
8.312828000000000994e-01,7.285863098151990069e-02
8.314220000000001054e-01,7.285771957991982184e-02
8.315612000000001114e-01,7.285680863468657620e-02
8.317004000000001174e-01,7.285589814559134680e-02
8.318396000000001234e-01,7.285498811240598283e-02
8.319788000000001293e-01,7.285407853490222241e-02
8.319900000000000073e-01,7.285400535345520900e-02
8.321302000000000421e-01,7.285311609236422292e-02
8.322704000000000768e-01,7.285222726684326133e-02
8.324106000000001115e-01,7.285133887667916142e-02
8.325508000000001463e-01,7.285045092165853831e-02
8.326910000000001810e-01,7.284956340156834020e-02
8.328312000000002158e-01,7.284867631619540429e-02
8.329714000000002505e-01,7.284778966532690081e-02
8.331116000000002852e-01,7.284690344875000001e-02
8.332518000000003200e-01,7.284601766625198316e-02
8.333920000000003547e-01,7.284513231762024255e-02
8.335322000000003895e-01,7.284424740264228149e-02
8.336724000000004242e-01,7.284336292110560329e-02
8.338126000000004590e-01,7.284247887279804434e-02
8.339528000000004937e-01,7.284159525750721897e-02
8.339999999999999636e-01,7.284129782696491251e-02
8.341404000000000041e-01,7.284042138047142068e-02
8.342808000000000446e-01,7.283954536006731484e-02
8.344212000000000851e-01,7.283866976554553840e-02
8.345616000000001256e-01,7.283779459669903478e-02
8.347020000000001660e-01,7.283691985332085839e-02
8.348424000000002065e-01,7.283604553520417468e-02
8.349828000000002470e-01,7.283517164214226014e-02
8.351232000000002875e-01,7.283429817392839123e-02
8.352636000000003280e-01,7.283342513035606647e-02
8.354040000000003685e-01,7.283255251121889540e-02
8.355444000000004090e-01,7.283168031631048756e-02
8.356848000000004495e-01,7.283080854542456350e-02
8.358252000000004900e-01,7.282993719835506585e-02
8.359656000000005305e-01,7.282906627489593721e-02
8.360199999999999854e-01,7.282872888665548050e-02
8.361602000000000201e-01,7.282785896729881969e-02
8.363004000000000548e-01,7.282698947065591177e-02
8.364406000000000896e-01,7.282612039652136549e-02
8.365808000000001243e-01,7.282525174469012264e-02
8.367210000000001591e-01,7.282438351495656992e-02
8.368612000000001938e-01,7.282351570711576016e-02
8.370014000000002286e-01,7.282264832096263518e-02
8.371416000000002633e-01,7.282178135629235882e-02
8.372818000000002980e-01,7.282091481290020596e-02
8.374220000000003328e-01,7.282004869058134044e-02
8.375622000000003675e-01,7.281918298913137022e-02
8.377024000000004023e-01,7.281831770834545914e-02
8.378426000000004370e-01,7.281745284801932616e-02
8.379828000000004717e-01,7.281658840794869025e-02
8.380300000000000527e-01,7.281629743152651102e-02
8.381702000000000874e-01,7.281543700926862428e-02
8.383104000000001221e-01,7.281457700343685335e-02
8.384506000000001569e-01,7.281371741382969276e-02
8.385908000000001916e-01,7.281285824024563702e-02
8.387310000000002264e-01,7.281199948248340270e-02
8.388712000000002611e-01,7.281114114034170637e-02
8.390114000000002958e-01,7.281028321361937561e-02
8.391516000000003306e-01,7.280942570211534903e-02
8.392918000000003653e-01,7.280856860562867627e-02
8.394320000000004001e-01,7.280771192395851799e-02
8.395722000000004348e-01,7.280685565690414585e-02
8.397124000000004695e-01,7.280599980426483153e-02
8.398526000000005043e-01,7.280514436584006877e-02
8.399928000000005390e-01,7.280428934142935127e-02
8.400400000000000089e-01,7.280400153419397391e-02
8.401792000000000149e-01,7.280313490508361074e-02
8.403184000000000209e-01,7.280226870137085360e-02
8.404576000000000269e-01,7.280140292284753567e-02
8.405968000000000329e-01,7.280053756930460196e-02
8.407360000000000388e-01,7.279967264053355258e-02
8.408752000000000448e-01,7.279880813632555459e-02
8.410144000000000508e-01,7.279794405647266320e-02
8.411536000000000568e-01,7.279708040076637854e-02
8.412928000000000628e-01,7.279621716899853379e-02
8.414320000000000688e-01,7.279535436096074008e-02
8.415712000000000748e-01,7.279449197644549674e-02
8.417104000000000807e-01,7.279363001524474797e-02
8.418496000000000867e-01,7.279276847715054899e-02
8.419888000000000927e-01,7.279190736195506606e-02
8.419999999999999707e-01,7.279183807956202124e-02
8.421402000000000054e-01,7.279099616616657720e-02
8.422804000000000402e-01,7.279015465703608800e-02
8.424206000000000749e-01,7.278931355197648667e-02
8.425608000000001097e-01,7.278847285079370621e-02
8.427010000000001444e-01,7.278763255329379067e-02
8.428412000000001791e-01,7.278679265928289510e-02
8.429814000000002139e-01,7.278595316856728559e-02
8.431216000000002486e-01,7.278511408095333923e-02
8.432618000000002834e-01,7.278427539624743314e-02
8.434020000000003181e-01,7.278343711425616647e-02
8.435422000000003528e-01,7.278259923478613835e-02
8.436824000000003876e-01,7.278176175764417000e-02
8.438226000000004223e-01,7.278092468263697157e-02
8.439628000000004571e-01,7.278008800957136426e-02
8.440100000000000380e-01,7.277980637916692253e-02
8.441504000000000785e-01,7.277897649505671307e-02
8.442908000000001190e-01,7.277814700645579560e-02
8.444312000000001595e-01,7.277731791317554322e-02
8.445716000000001999e-01,7.277648921502766211e-02
8.447120000000002404e-01,7.277566091182374741e-02
8.448524000000002809e-01,7.277483300337561634e-02
8.449928000000003214e-01,7.277400548949508607e-02
8.451332000000003619e-01,7.277317836999419587e-02
8.452736000000004024e-01,7.277235164468498496e-02
8.454140000000004429e-01,7.277152531337960362e-02
8.455544000000004834e-01,7.277069937589020210e-02
8.456948000000005239e-01,7.276987383202915272e-02
8.458352000000005644e-01,7.276904868160871676e-02
8.459756000000006049e-01,7.276822392444159959e-02
8.460299999999999487e-01,7.276790441943870036e-02
8.461701999999999835e-01,7.276708048802338347e-02
8.463104000000000182e-01,7.276625694914673481e-02
8.464506000000000530e-01,7.276543380262179284e-02
8.465908000000000877e-01,7.276461104826148496e-02
8.467310000000001224e-01,7.276378868587918269e-02
8.468712000000001572e-01,7.276296671528792448e-02
8.470114000000001919e-01,7.276214513630119285e-02
8.471516000000002267e-01,7.276132394873235931e-02
8.472918000000002614e-01,7.276050315239501742e-02
8.474320000000002961e-01,7.275968274710264971e-02
8.475722000000003309e-01,7.275886273266907178e-02
8.477124000000003656e-01,7.275804310890798821e-02
8.478526000000004004e-01,7.275722387563332560e-02
8.479928000000004351e-01,7.275640503265901060e-02
8.480400000000000160e-01,7.275612940364806214e-02
8.481790000000000163e-01,7.275529639730782261e-02
8.483180000000000165e-01,7.275446379495142946e-02
8.484570000000000167e-01,7.275363159638281729e-02
8.485960000000000170e-01,7.275279980140647584e-02
8.487350000000000172e-01,7.275196840982645075e-02
8.488740000000000174e-01,7.275113742144723172e-02
8.490130000000000177e-01,7.275030683607319748e-02
8.491520000000000179e-01,7.274947665350894876e-02
8.492910000000000181e-01,7.274864687355886428e-02
8.494300000000000184e-01,7.274781749602809988e-02
8.495690000000000186e-01,7.274698852072136734e-02
8.497080000000000188e-01,7.274615994744348946e-02
8.498470000000000191e-01,7.274533177599962208e-02
8.499860000000000193e-01,7.274450400619481005e-02
8.499900000000000233e-01,7.274448018581369801e-02
8.501304000000000638e-01,7.274367662644454224e-02
8.502708000000001043e-01,7.274287344556917834e-02
8.504112000000001448e-01,7.274207064300941550e-02
8.505516000000001853e-01,7.274126821858695191e-02
8.506920000000002258e-01,7.274046617212370780e-02
8.508324000000002663e-01,7.273966450344171442e-02
8.509728000000003068e-01,7.273886321236300301e-02
8.511132000000003472e-01,7.273806229870971585e-02
8.512536000000003877e-01,7.273726176230399521e-02
8.513940000000004282e-01,7.273646160296820540e-02
8.515344000000004687e-01,7.273566182052482176e-02
8.516748000000005092e-01,7.273486241479620862e-02
8.518152000000005497e-01,7.273406338560495232e-02
8.519556000000005902e-01,7.273326473277363924e-02
8.520100000000000451e-01,7.273295533973567206e-02
8.521502000000000798e-01,7.273215748154249205e-02
8.522904000000001146e-01,7.273135999902935467e-02
8.524306000000001493e-01,7.273056289201929037e-02
8.525708000000001840e-01,7.272976616033566266e-02
8.527110000000002188e-01,7.272896980380161303e-02
8.528512000000002535e-01,7.272817382224050498e-02
8.529914000000002883e-01,7.272737821547581305e-02
8.531316000000003230e-01,7.272658298333101179e-02
8.532718000000003578e-01,7.272578812562968675e-02
8.534120000000003925e-01,7.272499364219564555e-02
8.535522000000004272e-01,7.272419953285258476e-02
8.536924000000004620e-01,7.272340579742431199e-02
8.538326000000004967e-01,7.272261243573485689e-02
8.539728000000005315e-01,7.272181944760813810e-02
8.540200000000000014e-01,7.272155252104306467e-02
8.541602000000000361e-01,7.272076307554864449e-02
8.543004000000000708e-01,7.271997400034546644e-02
8.544406000000001056e-01,7.271918529525989161e-02
8.545808000000001403e-01,7.271839696011828114e-02
8.547210000000001751e-01,7.271760899474699613e-02
8.548612000000002098e-01,7.271682139897273078e-02
8.550014000000002445e-01,7.271603417262206825e-02
8.551416000000002793e-01,7.271524731552170273e-02
8.552818000000003140e-01,7.271446082749855044e-02
8.554220000000003488e-01,7.271367470837941660e-02
8.555622000000003835e-01,7.271288895799121743e-02
8.557024000000004182e-01,7.271210357616109121e-02
8.558426000000004530e-01,7.271131856271606519e-02
8.559828000000004877e-01,7.271053391748338868e-02
8.560299999999999576e-01,7.271026979904648968e-02
8.561691999999999636e-01,7.270947448034492666e-02
8.563083999999999696e-01,7.270867954000115319e-02
8.564475999999999756e-01,7.270788497783520210e-02
8.565867999999999816e-01,7.270709079366710625e-02
8.567259999999999875e-01,7.270629698731712054e-02
8.568651999999999935e-01,7.270550355860538883e-02
8.570043999999999995e-01,7.270471050735238805e-02
8.571436000000000055e-01,7.270391783337848413e-02
8.572828000000000115e-01,7.270312553650415399e-02
8.574220000000000175e-01,7.270233361654998561e-02
8.575612000000000235e-01,7.270154207333678897e-02
8.577004000000000294e-01,7.270075090668526308e-02
8.578396000000000354e-01,7.269996011641621791e-02
8.579788000000000414e-01,7.269916970235068554e-02
8.579900000000000304e-01,7.269910610825203179e-02
8.581302000000000652e-01,7.269833323198726660e-02
8.582704000000000999e-01,7.269756071543054254e-02
8.584106000000001346e-01,7.269678855841432696e-02
8.585508000000001694e-01,7.269601676077130925e-02
8.586910000000002041e-01,7.269524532233428982e-02
8.588312000000002389e-01,7.269447424293606907e-02
8.589714000000002736e-01,7.269370352240944744e-02
8.591116000000003083e-01,7.269293316058755838e-02
8.592518000000003431e-01,7.269216315730331335e-02
8.593920000000003778e-01,7.269139351238995683e-02
8.595322000000004126e-01,7.269062422568062232e-02
8.596724000000004473e-01,7.268985529700866532e-02
8.598126000000004820e-01,7.268908672620744138e-02
8.599528000000005168e-01,7.268831851311030601e-02
8.599999999999999867e-01,7.268805992555682494e-02
8.601404000000000272e-01,7.268729778657445628e-02
8.602808000000000677e-01,7.268653599971719448e-02
8.604212000000001082e-01,7.268577456482228083e-02
8.605616000000001486e-01,7.268501348172695664e-02
8.607020000000001891e-01,7.268425275026912935e-02
8.608424000000002296e-01,7.268349237028604026e-02
8.609828000000002701e-01,7.268273234161537477e-02
8.611232000000003106e-01,7.268197266409481827e-02
8.612636000000003511e-01,7.268121333756205615e-02
8.614040000000003916e-01,7.268045436185499586e-02
8.615444000000004321e-01,7.267969573681154483e-02
8.616848000000004726e-01,7.267893746226949947e-02
8.618252000000005131e-01,7.267817953806732234e-02
8.619656000000005536e-01,7.267742196404292088e-02
8.620200000000000085e-01,7.267712848364993317e-02
8.621602000000000432e-01,7.267637164272133798e-02
8.623004000000000779e-01,7.267561515135567696e-02
8.624406000000001127e-01,7.267485900939152366e-02
8.625808000000001474e-01,7.267410321666745165e-02
8.627210000000001822e-01,7.267334777302225657e-02
8.628612000000002169e-01,7.267259267829473401e-02
8.630014000000002516e-01,7.267183793232367961e-02
8.631416000000002864e-01,7.267108353494788897e-02
8.632818000000003211e-01,7.267032948600660180e-02
8.634220000000003559e-01,7.266957578533861373e-02
8.635622000000003906e-01,7.266882243278327547e-02
8.637024000000004254e-01,7.266806942817971571e-02
8.638426000000004601e-01,7.266731677136728518e-02
8.639828000000004948e-01,7.266656446218522358e-02
8.640299999999999647e-01,7.266631122773259399e-02
8.641701999999999995e-01,7.266556224162123989e-02
8.643104000000000342e-01,7.266481360012966295e-02
8.644506000000000689e-01,7.266406530309932332e-02
8.645908000000001037e-01,7.266331735037168116e-02
8.647310000000001384e-01,7.266256974178830763e-02
8.648712000000001732e-01,7.266182247719088494e-02
8.650114000000002079e-01,7.266107555642109528e-02
8.651516000000002427e-01,7.266032897932084289e-02
8.652918000000002774e-01,7.265958274573192099e-02
8.654320000000003121e-01,7.265883685549623383e-02
8.655722000000003469e-01,7.265809130845579666e-02
8.657124000000003816e-01,7.265734610445284680e-02
8.658526000000004164e-01,7.265660124332939951e-02
8.659928000000004511e-01,7.265585672492769209e-02
8.660400000000000320e-01,7.265560611277788183e-02
8.661792000000000380e-01,7.265485141145433534e-02
8.663184000000000440e-01,7.265409706234626785e-02
8.664576000000000500e-01,7.265334306528914432e-02
8.665968000000000560e-01,7.265258942011876275e-02
8.667360000000000619e-01,7.265183612667092117e-02
8.668752000000000679e-01,7.265108318478152860e-02
8.670144000000000739e-01,7.265033059428638307e-02
8.671536000000000799e-01,7.264957835502150463e-02
8.672928000000000859e-01,7.264882646682302436e-02
8.674320000000000919e-01,7.264807492952718437e-02
8.675712000000000979e-01,7.264732374297000472e-02
8.677104000000001038e-01,7.264657290698794956e-02
8.678496000000001098e-01,7.264582242141737201e-02
8.679888000000001158e-01,7.264507228609484724e-02
8.679999999999999938e-01,7.264501193264660817e-02
8.681402000000000285e-01,7.264427837236808738e-02
8.682804000000000633e-01,7.264354514704285393e-02
8.684206000000000980e-01,7.264281225651803009e-02
8.685608000000001327e-01,7.264207970064073816e-02
8.687010000000001675e-01,7.264134747925810043e-02
8.688412000000002022e-01,7.264061559221746123e-02
8.689814000000002370e-01,7.263988403936616489e-02
8.691216000000002717e-01,7.263915282055155576e-02
8.692618000000003065e-01,7.263842193562120020e-02
8.694020000000003412e-01,7.263769138442255358e-02
8.695422000000003759e-01,7.263696116680318227e-02
8.696824000000004107e-01,7.263623128261087469e-02
8.698226000000004454e-01,7.263550173169341928e-02
8.699628000000004802e-01,7.263477251389849343e-02
8.700099999999999500e-01,7.263452705179240798e-02
8.701503999999999905e-01,7.263380356103210644e-02
8.702908000000000310e-01,7.263308039823279660e-02
8.704312000000000715e-01,7.263235756324604164e-02
8.705716000000001120e-01,7.263163505592307168e-02
8.707120000000001525e-01,7.263091287611544988e-02
8.708524000000001930e-01,7.263019102367462843e-02
8.709928000000002335e-01,7.262946949845228151e-02
8.711332000000002740e-01,7.262874830030008333e-02
8.712736000000003145e-01,7.262802742906970810e-02
8.714140000000003550e-01,7.262730688461305206e-02
8.715544000000003955e-01,7.262658666678190045e-02
8.716948000000004360e-01,7.262586677542826052e-02
8.718352000000004765e-01,7.262514721040413956e-02
8.719756000000005169e-01,7.262442797156154484e-02
8.720299999999999718e-01,7.262414934108440967e-02
8.721702000000000066e-01,7.262343072702859281e-02
8.723104000000000413e-01,7.262271243864515391e-02
8.724506000000000761e-01,7.262199447578643330e-02
8.725908000000001108e-01,7.262127683830488234e-02
8.727310000000001455e-01,7.262055952605339648e-02
8.728712000000001803e-01,7.261984253888398300e-02
8.730114000000002150e-01,7.261912587664964835e-02
8.731516000000002498e-01,7.261840953920306596e-02
8.732918000000002845e-01,7.261769352639702024e-02
8.734320000000003192e-01,7.261697783808440665e-02
8.735722000000003540e-01,7.261626247411823165e-02
8.737124000000003887e-01,7.261554743435150172e-02
8.738526000000004235e-01,7.261483271863744537e-02
8.739928000000004582e-01,7.261411832682873602e-02
8.740400000000000391e-01,7.261387785502315673e-02
8.741790000000000393e-01,7.261315094365428102e-02
8.743180000000000396e-01,7.261242436769432818e-02
8.744570000000000398e-01,7.261169812698875514e-02
8.745960000000000401e-01,7.261097222138268581e-02
8.747350000000000403e-01,7.261024665072168816e-02
8.748740000000000405e-01,7.260952141485099709e-02
8.750130000000000408e-01,7.260879651361629161e-02
8.751520000000000410e-01,7.260807194686302868e-02
8.752910000000000412e-01,7.260734771443699831e-02
8.754300000000000415e-01,7.260662381618387951e-02
8.755690000000000417e-01,7.260590025194957331e-02
8.757080000000000419e-01,7.260517702157986974e-02
8.758470000000000422e-01,7.260445412492066986e-02
8.759860000000000424e-01,7.260373156181809673e-02
8.759900000000000464e-01,7.260371076891158904e-02
8.761304000000000869e-01,7.260300920359541443e-02
8.762708000000001274e-01,7.260230795273525661e-02
8.764112000000001679e-01,7.260160701619022827e-02
8.765516000000002084e-01,7.260090639381944211e-02
8.766920000000002489e-01,7.260020608548201082e-02
8.768324000000002894e-01,7.259950609103726915e-02
8.769728000000003298e-01,7.259880641034444082e-02
8.771132000000003703e-01,7.259810704326286057e-02
8.772536000000004108e-01,7.259740798965208519e-02
8.773940000000004513e-01,7.259670924937156045e-02
8.775344000000004918e-01,7.259601082228084312e-02
8.776748000000005323e-01,7.259531270823949001e-02
8.778152000000005728e-01,7.259461490710727993e-02
8.779556000000006133e-01,7.259391741874399173e-02
8.780099999999999572e-01,7.259364721378991359e-02
8.781501999999999919e-01,7.259295025877310348e-02
8.782904000000000266e-01,7.259225361610122107e-02
8.784306000000000614e-01,7.259155728563437826e-02
8.785708000000000961e-01,7.259086126723257593e-02
8.787110000000001309e-01,7.259016556075592597e-02
8.788512000000001656e-01,7.258947016606476232e-02
8.789914000000002003e-01,7.258877508301930792e-02
8.791316000000002351e-01,7.258808031147989670e-02
8.792718000000002698e-01,7.258738585130686261e-02
8.794120000000003046e-01,7.258669170236076162e-02
8.795522000000003393e-01,7.258599786450203872e-02
8.796924000000003740e-01,7.258530433759136091e-02
8.798326000000004088e-01,7.258461112148928418e-02
8.799728000000004435e-01,7.258391821605658656e-02
8.800200000000000244e-01,7.258368497639533512e-02
8.801604000000000649e-01,7.258299753759511752e-02
8.803008000000001054e-01,7.258231040462770345e-02
8.804412000000001459e-01,7.258162357735697956e-02
8.805816000000001864e-01,7.258093705564716558e-02
8.807220000000002269e-01,7.258025083936214816e-02
8.808624000000002674e-01,7.257956492836614704e-02
8.810028000000003079e-01,7.257887932252327090e-02
8.811432000000003484e-01,7.257819402169773948e-02
8.812836000000003889e-01,7.257750902575366148e-02
8.814240000000004294e-01,7.257682433455581172e-02
8.815644000000004699e-01,7.257613994796840995e-02
8.817048000000005104e-01,7.257545586585600894e-02
8.818452000000005508e-01,7.257477208808305047e-02
8.819856000000005913e-01,7.257408861451408733e-02
8.820400000000000462e-01,7.257382383850818908e-02
8.821790000000000465e-01,7.257312588913211737e-02
8.823180000000000467e-01,7.257242825703724698e-02
8.824570000000000469e-01,7.257173094207935993e-02
8.825960000000000472e-01,7.257103394411423825e-02
8.827350000000000474e-01,7.257033726299777499e-02
8.828740000000000476e-01,7.256964089858597422e-02
8.830130000000000479e-01,7.256894485073495105e-02
8.831520000000000481e-01,7.256824911930070954e-02
8.832910000000000483e-01,7.256755370413936479e-02
8.834300000000000486e-01,7.256685860510714292e-02
8.835690000000000488e-01,7.256616382206038107e-02
8.837080000000000490e-01,7.256546935485552741e-02
8.838470000000000493e-01,7.256477520334880804e-02
8.839860000000000495e-01,7.256408136739689319e-02
8.839900000000000535e-01,7.256406140115612136e-02
8.841302000000000882e-01,7.256338529616701560e-02
8.842704000000001230e-01,7.256270949081478072e-02
8.844106000000001577e-01,7.256203398496630097e-02
8.845508000000001925e-01,7.256135877848901572e-02
8.846910000000002272e-01,7.256068387125025332e-02
8.848312000000002620e-01,7.256000926311756416e-02
8.849714000000002967e-01,7.255933495395805455e-02
8.851116000000003314e-01,7.255866094363938590e-02
8.852518000000003662e-01,7.255798723202921963e-02
8.853920000000004009e-01,7.255731381899521715e-02
8.855322000000004357e-01,7.255664070440470681e-02
8.856724000000004704e-01,7.255596788812568310e-02
8.858126000000005051e-01,7.255529537002602947e-02
8.859528000000005399e-01,7.255462314997329631e-02
8.860000000000000098e-01,7.255439687286135975e-02
8.861404000000000503e-01,7.255372988550246038e-02
8.862808000000000908e-01,7.255306319161236583e-02
8.864212000000001312e-01,7.255239679106195716e-02
8.865616000000001717e-01,7.255173068372222644e-02
8.867020000000002122e-01,7.255106486946405475e-02
8.868424000000002527e-01,7.255039934815865621e-02
8.869828000000002932e-01,7.254973411967702290e-02
8.871232000000003337e-01,7.254906918389025794e-02
8.872636000000003742e-01,7.254840454066968647e-02
8.874040000000004147e-01,7.254774018988663364e-02
8.875444000000004552e-01,7.254707613141231359e-02
8.876848000000004957e-01,7.254641236511816249e-02
8.878252000000005362e-01,7.254574889087561651e-02
8.879656000000005767e-01,7.254508570855611183e-02
8.880200000000000315e-01,7.254482879284340768e-02
8.881602000000000663e-01,7.254416612427250222e-02
8.883004000000001010e-01,7.254350374722229322e-02
8.884406000000001358e-01,7.254284166156454994e-02
8.885808000000001705e-01,7.254217986717104161e-02
8.887210000000002053e-01,7.254151836391364849e-02
8.888612000000002400e-01,7.254085715166425086e-02
8.890014000000002747e-01,7.254019623029495101e-02
8.891416000000003095e-01,7.253953559967762921e-02
8.892818000000003442e-01,7.253887525968449879e-02
8.894220000000003790e-01,7.253821521018766205e-02
8.895622000000004137e-01,7.253755545105944336e-02
8.897024000000004484e-01,7.253689598217194501e-02
8.898426000000004832e-01,7.253623680339749136e-02
8.899828000000005179e-01,7.253557791460851778e-02
8.900299999999999878e-01,7.253535612471173621e-02
8.901704000000000283e-01,7.253470236432313367e-02
8.903108000000000688e-01,7.253404888946568541e-02
8.904512000000001093e-01,7.253339570001471337e-02
8.905916000000001498e-01,7.253274279584565054e-02
8.907320000000001903e-01,7.253209017683370785e-02
8.908724000000002308e-01,7.253143784285454032e-02
8.910128000000002713e-01,7.253078579378346991e-02
8.911532000000003118e-01,7.253013402949626265e-02
8.912936000000003522e-01,7.252948254986835153e-02
8.914340000000003927e-01,7.252883135477550258e-02
8.915744000000004332e-01,7.252818044409348186e-02
8.917148000000004737e-01,7.252752981769805540e-02
8.918552000000005142e-01,7.252687947546498926e-02
8.919956000000005547e-01,7.252622941727016048e-02
8.920500000000000096e-01,7.252597758550483054e-02
8.921890000000000098e-01,7.252531368573433834e-02
8.923280000000000101e-01,7.252465008227693133e-02
8.924670000000000103e-01,7.252398677500049295e-02
8.926060000000000105e-01,7.252332376377279566e-02
8.927450000000000108e-01,7.252266104846172290e-02
8.928840000000000110e-01,7.252199862893515814e-02
8.930230000000000112e-01,7.252133650506109586e-02
8.931620000000000115e-01,7.252067467670764156e-02
8.933010000000000117e-01,7.252001314374290075e-02
8.934400000000000119e-01,7.251935190603486792e-02
8.935790000000000122e-01,7.251869096345198162e-02
8.937180000000000124e-01,7.251803031586234738e-02
8.938570000000000126e-01,7.251736996313440375e-02
8.939960000000000129e-01,7.251670990513658932e-02
8.940000000000000169e-01,7.251669091090584551e-02
8.941402000000000516e-01,7.251604769795316763e-02
8.942804000000000864e-01,7.251540476488271825e-02
8.944206000000001211e-01,7.251476211157281693e-02
8.945608000000001558e-01,7.251411973790156118e-02
8.947010000000001906e-01,7.251347764374738158e-02
8.948412000000002253e-01,7.251283582898870872e-02
8.949814000000002601e-01,7.251219429350386214e-02
8.951216000000002948e-01,7.251155303717138345e-02
8.952618000000003295e-01,7.251091205986981425e-02
8.954020000000003643e-01,7.251027136147769614e-02
8.955422000000003990e-01,7.250963094187368174e-02
8.956824000000004338e-01,7.250899080093642368e-02
8.958226000000004685e-01,7.250835093854468560e-02
8.959628000000005033e-01,7.250771135457734218e-02
8.960099999999999731e-01,7.250749606256867708e-02
8.961504000000000136e-01,7.250686143262086159e-02
8.962908000000000541e-01,7.250622707684106771e-02
8.964312000000000946e-01,7.250559299511083466e-02
8.965716000000001351e-01,7.250495918731181266e-02
8.967120000000001756e-01,7.250432565332565193e-02
8.968524000000002161e-01,7.250369239303400271e-02
8.969928000000002566e-01,7.250305940631873725e-02
8.971332000000002971e-01,7.250242669306161680e-02
8.972736000000003376e-01,7.250179425314451365e-02
8.974140000000003781e-01,7.250116208644930005e-02
8.975544000000004186e-01,7.250053019285795930e-02
8.976948000000004591e-01,7.249989857225247469e-02
8.978352000000004995e-01,7.249926722451505157e-02
8.979756000000005400e-01,7.249863614952767321e-02
8.980299999999999949e-01,7.249839167138505402e-02
8.981702000000000297e-01,7.249776101465366107e-02
8.983104000000000644e-01,7.249713063035667648e-02
8.984506000000000991e-01,7.249650051837608355e-02
8.985908000000001339e-01,7.249587067859442069e-02
8.987310000000001686e-01,7.249524111089411527e-02
8.988712000000002034e-01,7.249461181515781671e-02
8.990114000000002381e-01,7.249398279126773037e-02
8.991516000000002728e-01,7.249335403910650566e-02
8.992918000000003076e-01,7.249272555855679201e-02
8.994320000000003423e-01,7.249209734950146089e-02
8.995722000000003771e-01,7.249146941182293968e-02
8.997124000000004118e-01,7.249084174540409986e-02
8.998526000000004466e-01,7.249021435012770187e-02
8.999928000000004813e-01,7.248958722587683923e-02
9.000399999999999512e-01,7.248937612774164485e-02
9.001789999999999514e-01,7.248873794127241865e-02
9.003179999999999517e-01,7.248810003551553471e-02
9.004569999999999519e-01,7.248746241034709215e-02
9.005959999999999521e-01,7.248682506564396721e-02
9.007349999999999524e-01,7.248618800128259210e-02
9.008739999999999526e-01,7.248555121713984306e-02
9.010129999999999528e-01,7.248491471309226331e-02
9.011519999999999531e-01,7.248427848901684012e-02
9.012909999999999533e-01,7.248364254479022772e-02
9.014299999999999535e-01,7.248300688028963545e-02
9.015689999999999538e-01,7.248237149539160651e-02
9.017079999999999540e-01,7.248173638997335022e-02
9.018469999999999542e-01,7.248110156391218695e-02
9.019859999999999545e-01,7.248046701708488193e-02
9.019899999999999585e-01,7.248044875697579048e-02
9.021303999999999990e-01,7.247983251098766289e-02
9.022708000000000395e-01,7.247921652836242234e-02
9.024112000000000799e-01,7.247860080898771429e-02
9.025516000000001204e-01,7.247798535275074006e-02
9.026920000000001609e-01,7.247737015953914508e-02
9.028324000000002014e-01,7.247675522924057478e-02
9.029728000000002419e-01,7.247614056174267461e-02
9.031132000000002824e-01,7.247552615693308997e-02
9.032536000000003229e-01,7.247491201469979938e-02
9.033940000000003634e-01,7.247429813493011519e-02
9.035344000000004039e-01,7.247368451751212692e-02
9.036748000000004444e-01,7.247307116233370206e-02
9.038152000000004849e-01,7.247245806928281908e-02
9.039556000000005254e-01,7.247184523824756752e-02
9.040099999999999802e-01,7.247160782737538387e-02
9.041502000000000150e-01,7.247099537762669019e-02
9.042904000000000497e-01,7.247038318961085412e-02
9.044306000000000845e-01,7.246977126321607621e-02
9.045708000000001192e-01,7.246915959833055698e-02
9.047110000000001540e-01,7.246854819484249699e-02
9.048512000000001887e-01,7.246793705264020780e-02
9.049914000000002234e-01,7.246732617161200096e-02
9.051316000000002582e-01,7.246671555164618805e-02
9.052718000000002929e-01,7.246610519263141370e-02
9.054120000000003277e-01,7.246549509445598947e-02
9.055522000000003624e-01,7.246488525700844896e-02
9.056924000000003971e-01,7.246427568017743681e-02
9.058326000000004319e-01,7.246366636385159765e-02
9.059728000000004666e-01,7.246305730791946509e-02
9.060200000000000475e-01,7.246285229149418416e-02
9.061604000000000880e-01,7.246224794268463221e-02
9.063008000000001285e-01,7.246164385029629784e-02
9.064412000000001690e-01,7.246104001422060126e-02
9.065816000000002095e-01,7.246043643434862958e-02
9.067220000000002500e-01,7.245983311057169196e-02
9.068624000000002905e-01,7.245923004278109758e-02
9.070028000000003310e-01,7.245862723086837764e-02
9.071432000000003715e-01,7.245802467472484132e-02
9.072836000000004120e-01,7.245742237424201981e-02
9.074240000000004525e-01,7.245682032931144434e-02
9.075644000000004930e-01,7.245621853982464611e-02
9.077048000000005334e-01,7.245561700567326735e-02
9.078452000000005739e-01,7.245501572674895030e-02
9.079856000000006144e-01,7.245441470294344821e-02
9.080399999999999583e-01,7.245418186591701115e-02
9.081789999999999585e-01,7.245356797714974650e-02
9.083179999999999588e-01,7.245295435458354305e-02
9.084569999999999590e-01,7.245234099810304862e-02
9.085959999999999592e-01,7.245172790759291104e-02
9.087349999999999595e-01,7.245111508293755609e-02
9.088739999999999597e-01,7.245050252402207569e-02
9.090129999999999599e-01,7.244989023073100665e-02
9.091519999999999602e-01,7.244927820294921883e-02
9.092909999999999604e-01,7.244866644056158211e-02
9.094299999999999606e-01,7.244805494345307739e-02
9.095689999999999609e-01,7.244744371150857454e-02
9.097079999999999611e-01,7.244683274461305444e-02
9.098469999999999613e-01,7.244622204265172005e-02
9.099859999999999616e-01,7.244561160550955226e-02
9.099899999999999656e-01,7.244559403919237361e-02
9.101302000000000003e-01,7.244499911992730024e-02
9.102704000000000351e-01,7.244440445219191282e-02
9.104106000000000698e-01,7.244381003587974099e-02
9.105508000000001045e-01,7.244321587088453640e-02
9.106910000000001393e-01,7.244262195710005070e-02
9.108312000000001740e-01,7.244202829442003555e-02
9.109714000000002088e-01,7.244143488273835363e-02
9.111116000000002435e-01,7.244084172194886762e-02
9.112518000000002782e-01,7.244024881194544019e-02
9.113920000000003130e-01,7.243965615262215607e-02
9.115322000000003477e-01,7.243906374387298897e-02
9.116724000000003825e-01,7.243847158559191257e-02
9.118126000000004172e-01,7.243787967767312264e-02
9.119528000000004520e-01,7.243728802001081490e-02
9.120000000000000329e-01,7.243708885977151457e-02
9.121404000000000734e-01,7.243650172152482636e-02
9.122808000000001138e-01,7.243591482976108331e-02
9.124212000000001543e-01,7.243532818437670162e-02
9.125616000000001948e-01,7.243474178526843055e-02
9.127020000000002353e-01,7.243415563233279730e-02
9.128424000000002758e-01,7.243356972546644013e-02
9.129828000000003163e-01,7.243298406456599725e-02
9.131232000000003568e-01,7.243239864952821794e-02
9.132636000000003973e-01,7.243181348025007349e-02
9.134040000000004378e-01,7.243122855662820214e-02
9.135444000000004783e-01,7.243064387855957520e-02
9.136848000000005188e-01,7.243005944594105294e-02
9.138252000000005593e-01,7.242947525866960667e-02
9.139656000000005998e-01,7.242889131664220770e-02
9.140200000000000546e-01,7.242866509671441744e-02
9.141602000000000894e-01,7.242808150583801563e-02
9.143004000000001241e-01,7.242749815995064289e-02
9.144406000000001589e-01,7.242691505894949255e-02
9.145808000000001936e-01,7.242633220273175798e-02
9.147210000000002283e-01,7.242574959119474354e-02
9.148612000000002631e-01,7.242516722423564257e-02
9.150014000000002978e-01,7.242458510175187048e-02
9.151416000000003326e-01,7.242400322364073162e-02
9.152818000000003673e-01,7.242342158979953037e-02
9.154220000000004021e-01,7.242284020012601520e-02
9.155622000000004368e-01,7.242225905451749046e-02
9.157024000000004715e-01,7.242167815287159360e-02
9.158426000000005063e-01,7.242109749508574001e-02
9.159828000000005410e-01,7.242051708105767815e-02
9.160300000000000109e-01,7.242032170538548197e-02
9.161704000000000514e-01,7.241974565093678429e-02
9.163108000000000919e-01,7.241916983663176932e-02
9.164512000000001324e-01,7.241859426237029496e-02
9.165916000000001729e-01,7.241801892805233010e-02
9.167320000000002134e-01,7.241744383357784365e-02
9.168724000000002539e-01,7.241686897884691554e-02
9.170128000000002944e-01,7.241629436375951467e-02
9.171532000000003348e-01,7.241571998821572098e-02
9.172936000000003753e-01,7.241514585211572541e-02
9.174340000000004158e-01,7.241457195535971891e-02
9.175744000000004563e-01,7.241399829784778142e-02
9.177148000000004968e-01,7.241342487948032591e-02
9.178552000000005373e-01,7.241285170015765438e-02
9.179956000000005778e-01,7.241227875978006878e-02
9.180500000000000327e-01,7.241205680165430092e-02
9.181890000000000329e-01,7.241147165685335452e-02
9.183280000000000332e-01,7.241088676132612090e-02
9.184670000000000334e-01,7.241030211496601865e-02
9.186060000000000336e-01,7.240971771766724352e-02
9.187450000000000339e-01,7.240913356932343614e-02
9.188840000000000341e-01,7.240854966982868124e-02
9.190230000000000343e-01,7.240796601907706354e-02
9.191620000000000346e-01,7.240738261696233469e-02
9.193010000000000348e-01,7.240679946337880146e-02
9.194400000000000350e-01,7.240621655822065961e-02
9.195790000000000353e-01,7.240563390138177180e-02
9.197180000000000355e-01,7.240505149275666685e-02
9.198570000000000357e-01,7.240446933223931847e-02
9.199960000000000360e-01,7.240388741972414444e-02
9.200000000000000400e-01,7.240387067424569612e-02
9.201402000000000747e-01,7.240330345835110926e-02
9.202804000000001095e-01,7.240273647809292168e-02
9.204206000000001442e-01,7.240216973337321171e-02
9.205608000000001789e-01,7.240160322409405769e-02
9.207010000000002137e-01,7.240103695015764895e-02
9.208412000000002484e-01,7.240047091146628588e-02
9.209814000000002832e-01,7.239990510792226885e-02
9.211216000000003179e-01,7.239933953942789824e-02
9.212618000000003526e-01,7.239877420588536339e-02
9.214020000000003874e-01,7.239820910719718672e-02
9.215422000000004221e-01,7.239764424326589065e-02
9.216824000000004569e-01,7.239707961399377556e-02
9.218226000000004916e-01,7.239651521928347488e-02
9.219628000000005263e-01,7.239595105903751104e-02
9.220099999999999962e-01,7.239576115434143144e-02
9.221504000000000367e-01,7.239520129107057667e-02
9.222908000000000772e-01,7.239464165873821244e-02
9.224312000000001177e-01,7.239408225724930368e-02
9.225716000000001582e-01,7.239352308650848222e-02
9.227120000000001987e-01,7.239296414642060196e-02
9.228524000000002392e-01,7.239240543689051677e-02
9.229928000000002797e-01,7.239184695782319157e-02
9.231332000000003202e-01,7.239128870912348024e-02
9.232736000000003607e-01,7.239073069069645872e-02
9.234140000000004012e-01,7.239017290244709191e-02
9.235544000000004417e-01,7.238961534428034472e-02
9.236948000000004821e-01,7.238905801610140411e-02
9.238352000000005226e-01,7.238850091781534601e-02
9.239756000000005631e-01,7.238794404932735738e-02
9.240300000000000180e-01,7.238772831711337563e-02
9.241702000000000528e-01,7.238717172836595104e-02
9.243104000000000875e-01,7.238661536922252893e-02
9.244506000000001222e-01,7.238605923958840727e-02
9.245908000000001570e-01,7.238550333936888403e-02
9.247310000000001917e-01,7.238494766846925721e-02
9.248712000000002265e-01,7.238439222679493579e-02
9.250114000000002612e-01,7.238383701425143979e-02
9.251516000000002959e-01,7.238328203074417821e-02
9.252918000000003307e-01,7.238272727617867108e-02
9.254320000000003654e-01,7.238217275046054944e-02
9.255722000000004002e-01,7.238161845349533330e-02
9.257124000000004349e-01,7.238106438518865371e-02
9.258526000000004696e-01,7.238051054544625273e-02
9.259928000000005044e-01,7.237995693417376142e-02
9.260399999999999743e-01,7.237977058023603583e-02
9.261791999999999803e-01,7.237920916663853621e-02
9.263183999999999862e-01,7.237864798802895461e-02
9.264575999999999922e-01,7.237808704430881424e-02
9.265967999999999982e-01,7.237752633537986036e-02
9.267360000000000042e-01,7.237696586114383823e-02
9.268752000000000102e-01,7.237640562150260415e-02
9.270144000000000162e-01,7.237584561635779234e-02
9.271536000000000222e-01,7.237528584561125911e-02
9.272928000000000281e-01,7.237472630916497174e-02
9.274320000000000341e-01,7.237416700692089755e-02
9.275712000000000401e-01,7.237360793878089282e-02
9.277104000000000461e-01,7.237304910464703589e-02
9.278496000000000521e-01,7.237249050442140508e-02
9.279888000000000581e-01,7.237193213800607872e-02
9.280000000000000471e-01,7.237188721348608578e-02
9.281402000000000818e-01,7.237134095104724718e-02
9.282804000000001166e-01,7.237079491239928331e-02
9.284206000000001513e-01,7.237024909745048973e-02
9.285608000000001860e-01,7.236970350610927305e-02
9.287010000000002208e-01,7.236915813828392885e-02
9.288412000000002555e-01,7.236861299388286373e-02
9.289814000000002903e-01,7.236806807281470633e-02
9.291216000000003250e-01,7.236752337498786325e-02
9.292618000000003597e-01,7.236697890031085212e-02
9.294020000000003945e-01,7.236643464869241260e-02
9.295422000000004292e-01,7.236589062004095130e-02
9.296824000000004640e-01,7.236534681426520788e-02
9.298226000000004987e-01,7.236480323127392200e-02
9.299628000000005335e-01,7.236425987097572232e-02
9.300100000000000033e-01,7.236407696749591612e-02
9.301502000000000381e-01,7.236353580326104762e-02
9.302904000000000728e-01,7.236299485995356662e-02
9.304306000000001076e-01,7.236245413748287891e-02
9.305708000000001423e-01,7.236191363575916746e-02
9.307110000000001770e-01,7.236137335469206011e-02
9.308512000000002118e-01,7.236083329419173982e-02
9.309914000000002465e-01,7.236029345416783443e-02
9.311316000000002813e-01,7.235975383453063792e-02
9.312718000000003160e-01,7.235921443518988916e-02
9.314120000000003508e-01,7.235867525605588213e-02
9.315522000000003855e-01,7.235813629703879979e-02
9.316924000000004202e-01,7.235759755804849203e-02
9.318326000000004550e-01,7.235705903899536384e-02
9.319728000000004897e-01,7.235652073978937615e-02
9.320199999999999596e-01,7.235633953986397859e-02
9.321604000000000001e-01,7.235580523175078049e-02
9.323008000000000406e-01,7.235527114026674145e-02
9.324412000000000811e-01,7.235473726532404282e-02
9.325816000000001216e-01,7.235420360683486596e-02
9.327220000000001621e-01,7.235367016471150325e-02
9.328624000000002026e-01,7.235313693886613606e-02
9.330028000000002431e-01,7.235260392921116779e-02
9.331432000000002835e-01,7.235207113565889081e-02
9.332836000000003240e-01,7.235153855812170853e-02
9.334240000000003645e-01,7.235100619651202436e-02
9.335644000000004050e-01,7.235047405074235272e-02
9.337048000000004455e-01,7.234994212072509701e-02
9.338452000000004860e-01,7.234941040637277165e-02
9.339856000000005265e-01,7.234887890759811313e-02
9.340399999999999814e-01,7.234867300311009775e-02
9.341789999999999816e-01,7.234813011688401296e-02
9.343179999999999819e-01,7.234758745560754267e-02
9.344569999999999821e-01,7.234704501918709507e-02
9.345959999999999823e-01,7.234650280752974449e-02
9.347349999999999826e-01,7.234596082054223221e-02
9.348739999999999828e-01,7.234541905813174356e-02
9.350129999999999830e-01,7.234487752020479778e-02
9.351519999999999833e-01,7.234433620666858022e-02
9.352909999999999835e-01,7.234379511743016522e-02
9.354299999999999837e-01,7.234325425239673812e-02
9.355689999999999840e-01,7.234271361147504020e-02
9.357079999999999842e-01,7.234217319457247886e-02
9.358469999999999844e-01,7.234163300159612842e-02
9.359859999999999847e-01,7.234109303245339628e-02
9.359899999999999887e-01,7.234107749395846110e-02
9.361304000000000292e-01,7.234055301029318485e-02
9.362708000000000697e-01,7.234002873780953635e-02
9.364112000000001101e-01,7.233950467642258353e-02
9.365516000000001506e-01,7.233898082604728330e-02
9.366920000000001911e-01,7.233845718659870361e-02
9.368324000000002316e-01,7.233793375799180136e-02
9.369728000000002721e-01,7.233741054014175553e-02
9.371132000000003126e-01,7.233688753296374507e-02
9.372536000000003531e-01,7.233636473637283792e-02
9.373940000000003936e-01,7.233584215028432407e-02
9.375344000000004341e-01,7.233531977461349349e-02
9.376748000000004746e-01,7.233479760927552515e-02
9.378152000000005151e-01,7.233427565418570904e-02
9.379556000000005556e-01,7.233375390925944615e-02
9.380100000000000104e-01,7.233355178322797840e-02
9.381502000000000452e-01,7.233303026986137585e-02
9.382904000000000799e-01,7.233250896650456063e-02
9.384306000000001147e-01,7.233198787307304478e-02
9.385708000000001494e-01,7.233146698948211828e-02
9.387110000000001842e-01,7.233094631564751520e-02
9.388512000000002189e-01,7.233042585148463655e-02
9.389914000000002536e-01,7.232990559690899435e-02
9.391316000000002884e-01,7.232938555183632268e-02
9.392718000000003231e-01,7.232886571618213356e-02
9.394120000000003579e-01,7.232834608986216107e-02
9.395522000000003926e-01,7.232782667279213928e-02
9.396924000000004273e-01,7.232730746488769125e-02
9.398326000000004621e-01,7.232678846606477308e-02
9.399728000000004968e-01,7.232626967623900782e-02
9.400199999999999667e-01,7.232609504314924109e-02
9.401602000000000015e-01,7.232557825556840125e-02
9.403004000000000362e-01,7.232506167540286857e-02
9.404406000000000709e-01,7.232454530256926528e-02
9.405808000000001057e-01,7.232402913698443570e-02
9.407210000000001404e-01,7.232351317856522410e-02
9.408612000000001752e-01,7.232299742722847480e-02
9.410014000000002099e-01,7.232248188289103208e-02
9.411416000000002446e-01,7.232196654546985126e-02
9.412818000000002794e-01,7.232145141488188766e-02
9.414220000000003141e-01,7.232093649104409661e-02
9.415622000000003489e-01,7.232042177387354442e-02
9.417024000000003836e-01,7.231990726328718644e-02
9.418426000000004183e-01,7.231939295920220001e-02
9.419828000000004531e-01,7.231887886153565148e-02
9.420300000000000340e-01,7.231870580782517877e-02
9.421692000000000400e-01,7.231818448014448730e-02
9.423084000000000460e-01,7.231766336475786705e-02
9.424476000000000520e-01,7.231714246157849857e-02
9.425868000000000579e-01,7.231662177052022855e-02
9.427260000000000639e-01,7.231610129149679267e-02
9.428652000000000699e-01,7.231558102442159353e-02
9.430044000000000759e-01,7.231506096920836679e-02
9.431436000000000819e-01,7.231454112577107018e-02
9.432828000000000879e-01,7.231402149402310631e-02
9.434220000000000939e-01,7.231350207387843287e-02
9.435612000000000998e-01,7.231298286525111862e-02
9.437004000000001058e-01,7.231246386805456616e-02
9.438396000000001118e-01,7.231194508220295525e-02
9.439788000000001178e-01,7.231142650761035462e-02
9.439899999999999958e-01,7.231138478458554175e-02
9.441302000000000305e-01,7.231087734762275954e-02
9.442704000000000653e-01,7.231037011294838557e-02
9.444106000000001000e-01,7.230986308048170663e-02
9.445508000000001347e-01,7.230935625014212054e-02
9.446910000000001695e-01,7.230884962184902509e-02
9.448312000000002042e-01,7.230834319552192913e-02
9.449714000000002390e-01,7.230783697108023045e-02
9.451116000000002737e-01,7.230733094844354891e-02
9.452518000000003084e-01,7.230682512753139335e-02
9.453920000000003432e-01,7.230631950826338361e-02
9.455322000000003779e-01,7.230581409055902853e-02
9.456724000000004127e-01,7.230530887433805898e-02
9.458126000000004474e-01,7.230480385952020583e-02
9.459528000000004822e-01,7.230429904602508895e-02
9.459999999999999520e-01,7.230412911736394665e-02
9.461401999999999868e-01,7.230362631940734364e-02
9.462804000000000215e-01,7.230312372119596098e-02
9.464206000000000563e-01,7.230262132265041775e-02
9.465608000000000910e-01,7.230211912369133298e-02
9.467010000000001257e-01,7.230161712423943676e-02
9.468412000000001605e-01,7.230111532421545917e-02
9.469814000000001952e-01,7.230061372354024130e-02
9.471216000000002300e-01,7.230011232213451322e-02
9.472618000000002647e-01,7.229961111991911604e-02
9.474020000000002995e-01,7.229911011681500188e-02
9.475422000000003342e-01,7.229860931274301183e-02
9.476824000000003689e-01,7.229810870762409802e-02
9.478226000000004037e-01,7.229760830137921257e-02
9.479628000000004384e-01,7.229710809392941862e-02
9.480100000000000193e-01,7.229693971566186761e-02
9.481504000000000598e-01,7.229644321649797423e-02
9.482908000000001003e-01,7.229594691321872268e-02
9.484312000000001408e-01,7.229545080574673044e-02
9.485716000000001813e-01,7.229495489400494801e-02
9.487120000000002218e-01,7.229445917791599285e-02
9.488524000000002623e-01,7.229396365740270447e-02
9.489928000000003028e-01,7.229346833238792236e-02
9.491332000000003433e-01,7.229297320279448602e-02
9.492736000000003838e-01,7.229247826854534598e-02
9.494140000000004243e-01,7.229198352956345275e-02
9.495544000000004647e-01,7.229148898577175686e-02
9.496948000000005052e-01,7.229099463709309781e-02
9.498352000000005457e-01,7.229050048345064816e-02
9.499756000000005862e-01,7.229000652476746946e-02
9.500300000000000411e-01,7.228981516263333074e-02
9.501702000000000758e-01,7.228932136085886029e-02
9.503104000000001106e-01,7.228882775394962490e-02
9.504506000000001453e-01,7.228833434182857509e-02
9.505908000000001801e-01,7.228784112441899445e-02
9.507310000000002148e-01,7.228734810164394453e-02
9.508712000000002496e-01,7.228685527342681993e-02
9.510114000000002843e-01,7.228636263969057119e-02
9.511516000000003190e-01,7.228587020035859290e-02
9.512918000000003538e-01,7.228537795535416866e-02
9.514320000000003885e-01,7.228488590460069307e-02
9.515722000000004233e-01,7.228439404802133872e-02
9.517124000000004580e-01,7.228390238553961122e-02
9.518526000000004927e-01,7.228341091707879418e-02
9.519928000000005275e-01,7.228291964256250424e-02
9.520399999999999974e-01,7.228275427112373919e-02
9.521792000000000034e-01,7.228225598059134782e-02
9.523184000000000093e-01,7.228175788960899961e-02
9.524576000000000153e-01,7.228125999809675850e-02
9.525968000000000213e-01,7.228076230597479945e-02
9.527360000000000273e-01,7.228026481316318641e-02
9.528752000000000333e-01,7.227976751958209434e-02
9.530144000000000393e-01,7.227927042515180922e-02
9.531536000000000453e-01,7.227877352979250603e-02
9.532928000000000512e-01,7.227827683342458176e-02
9.534320000000000572e-01,7.227778033596821139e-02
9.535712000000000632e-01,7.227728403734379192e-02
9.537104000000000692e-01,7.227678793747172037e-02
9.538496000000000752e-01,7.227629203627239374e-02
9.539888000000000812e-01,7.227579633366620904e-02
9.539999999999999591e-01,7.227575645083406108e-02
9.541401999999999939e-01,7.227527148242463007e-02
9.542804000000000286e-01,7.227478670410680817e-02
9.544206000000000634e-01,7.227430211580598840e-02
9.545608000000000981e-01,7.227381771744778582e-02
9.547010000000001329e-01,7.227333350895759345e-02
9.548412000000001676e-01,7.227284949026113736e-02
9.549814000000002023e-01,7.227236566128392159e-02
9.551216000000002371e-01,7.227188202195167221e-02
9.552618000000002718e-01,7.227139857219000429e-02
9.554020000000003066e-01,7.227091531192464391e-02
9.555422000000003413e-01,7.227043224108131714e-02
9.556824000000003760e-01,7.226994935958575006e-02
9.558226000000004108e-01,7.226946666736366875e-02
9.559628000000004455e-01,7.226898416434091033e-02
9.560100000000000264e-01,7.226882174539217552e-02
9.561502000000000612e-01,7.226834105152335486e-02
9.562904000000000959e-01,7.226786054546252558e-02
9.564306000000001307e-01,7.226738022713630194e-02
9.565708000000001654e-01,7.226690009647129820e-02
9.567110000000002001e-01,7.226642015339446168e-02
9.568512000000002349e-01,7.226594039783207357e-02
9.569914000000002696e-01,7.226546082971108120e-02
9.571316000000003044e-01,7.226498144895832088e-02
9.572718000000003391e-01,7.226450225550051787e-02
9.574120000000003738e-01,7.226402324926439746e-02
9.575522000000004086e-01,7.226354443017690699e-02
9.576924000000004433e-01,7.226306579816499376e-02
9.578326000000004781e-01,7.226258735315560511e-02
9.579728000000005128e-01,7.226210909507546631e-02
9.580199999999999827e-01,7.226194810497998944e-02
9.581604000000000232e-01,7.226147335156207774e-02
9.583008000000000637e-01,7.226099878236824647e-02
9.584412000000001042e-01,7.226052439732688626e-02
9.585816000000001447e-01,7.226005019636660975e-02
9.587220000000001852e-01,7.225957617941591860e-02
9.588624000000002257e-01,7.225910234640353647e-02
9.590028000000002661e-01,7.225862869725796500e-02
9.591432000000003066e-01,7.225815523190792788e-02
9.592836000000003471e-01,7.225768195028203777e-02
9.594240000000003876e-01,7.225720885230901835e-02
9.595644000000004281e-01,7.225673593791770433e-02
9.597048000000004686e-01,7.225626320703670835e-02
9.598452000000005091e-01,7.225579065959497616e-02
9.599856000000005496e-01,7.225531829552123142e-02
9.600400000000000045e-01,7.225513529878935248e-02
9.601790000000000047e-01,7.225465273474229733e-02
9.603180000000000049e-01,7.225417036209658139e-02
9.604570000000000052e-01,7.225368818077637645e-02
9.605960000000000054e-01,7.225320619070574324e-02
9.607350000000000056e-01,7.225272439180885353e-02
9.608740000000000059e-01,7.225224278400976807e-02
9.610130000000000061e-01,7.225176136723288067e-02
9.611520000000000064e-01,7.225128014140225208e-02
9.612910000000000066e-01,7.225079910644227610e-02
9.614300000000000068e-01,7.225031826227723553e-02
9.615690000000000071e-01,7.224983760883141315e-02
9.617080000000000073e-01,7.224935714602909176e-02
9.618470000000000075e-01,7.224887687379477619e-02
9.619860000000000078e-01,7.224839679205286025e-02
9.619900000000000118e-01,7.224838297690883149e-02
9.621304000000000523e-01,7.224791660058604847e-02
9.622708000000000927e-01,7.224745040403646179e-02
9.624112000000001332e-01,7.224698438719090454e-02
9.625516000000001737e-01,7.224651854998009881e-02
9.626920000000002142e-01,7.224605289233476668e-02
9.628324000000002547e-01,7.224558741418563024e-02
9.629728000000002952e-01,7.224512211546363361e-02
9.631132000000003357e-01,7.224465699609949887e-02
9.632536000000003762e-01,7.224419205602417016e-02
9.633940000000004167e-01,7.224372729516848057e-02
9.635344000000004572e-01,7.224326271346337425e-02
9.636748000000004977e-01,7.224279831083979531e-02
9.638152000000005382e-01,7.224233408722868788e-02
9.639556000000005787e-01,7.224187004256110711e-02
9.640100000000000335e-01,7.224169026863880294e-02
9.641502000000000683e-01,7.224122636393837116e-02
9.642904000000001030e-01,7.224076263810008669e-02
9.644306000000001378e-01,7.224029909105522673e-02
9.645708000000001725e-01,7.223983572273462439e-02
9.647110000000002072e-01,7.223937253306966788e-02
9.648512000000002420e-01,7.223890952199130133e-02
9.649914000000002767e-01,7.223844668943046887e-02
9.651316000000003115e-01,7.223798403531866974e-02
9.652718000000003462e-01,7.223752155958707011e-02
9.654120000000003810e-01,7.223705926216661410e-02
9.655522000000004157e-01,7.223659714298891199e-02
9.656924000000004504e-01,7.223613520198479687e-02
9.658326000000004852e-01,7.223567343908610106e-02
9.659728000000005199e-01,7.223521185422387969e-02
9.660199999999999898e-01,7.223505647635808380e-02
9.661602000000000245e-01,7.223459665555287401e-02
9.663004000000000593e-01,7.223413701144887344e-02
9.664406000000000940e-01,7.223367754397813645e-02
9.665808000000001288e-01,7.223321825307282840e-02
9.667210000000001635e-01,7.223275913866522568e-02
9.668612000000001983e-01,7.223230020068727164e-02
9.670014000000002330e-01,7.223184143907124266e-02
9.671416000000002677e-01,7.223138285374952616e-02
9.672818000000003025e-01,7.223092444465417650e-02
9.674220000000003372e-01,7.223046621171758108e-02
9.675622000000003720e-01,7.223000815487201631e-02
9.677024000000004067e-01,7.222955027404975858e-02
9.678426000000004414e-01,7.222909256918319532e-02
9.679828000000004762e-01,7.222863504020471392e-02
9.680299999999999461e-01,7.222848102755707878e-02
9.681691999999999521e-01,7.222801687283453287e-02
9.683083999999999580e-01,7.222755289915461230e-02
9.684475999999999640e-01,7.222708910644681790e-02
9.685867999999999700e-01,7.222662549464042847e-02
9.687259999999999760e-01,7.222616206366505587e-02
9.688651999999999820e-01,7.222569881344997889e-02
9.690043999999999880e-01,7.222523574392480938e-02
9.691435999999999940e-01,7.222477285501904820e-02
9.692827999999999999e-01,7.222431014666230720e-02
9.694220000000000059e-01,7.222384761878397619e-02
9.695612000000000119e-01,7.222338527131388908e-02
9.697004000000000179e-01,7.222292310418143568e-02
9.698396000000000239e-01,7.222246111731644991e-02
9.699788000000000299e-01,7.222199931064854361e-02
9.699900000000000189e-01,7.222196215495668703e-02
9.701302000000000536e-01,7.222151031080925598e-02
9.702704000000000883e-01,7.222105863917371860e-02
9.704106000000001231e-01,7.222060713998379455e-02
9.705508000000001578e-01,7.222015581317375865e-02
9.706910000000001926e-01,7.221970465867799671e-02
9.708312000000002273e-01,7.221925367643033944e-02
9.709714000000002621e-01,7.221880286636550572e-02
9.711116000000002968e-01,7.221835222841732627e-02
9.712518000000003315e-01,7.221790176252018689e-02
9.713920000000003663e-01,7.221745146860869546e-02
9.715322000000004010e-01,7.221700134661679371e-02
9.716724000000004358e-01,7.221655139647897848e-02
9.718126000000004705e-01,7.221610161812985762e-02
9.719528000000005052e-01,7.221565201150348390e-02
9.719999999999999751e-01,7.221550066553805713e-02
9.721404000000000156e-01,7.221505433367780835e-02
9.722808000000000561e-01,7.221460817106983843e-02
9.724212000000000966e-01,7.221416217764997647e-02
9.725616000000001371e-01,7.221371635335405159e-02
9.727020000000001776e-01,7.221327069811800392e-02
9.728424000000002181e-01,7.221282521187755155e-02
9.729828000000002586e-01,7.221237989456863460e-02
9.731232000000002991e-01,7.221193474612730423e-02
9.732636000000003396e-01,7.221148976648950057e-02
9.734040000000003801e-01,7.221104495559116376e-02
9.735444000000004205e-01,7.221060031336834495e-02
9.736848000000004610e-01,7.221015583975698426e-02
9.738252000000005015e-01,7.220971153469324388e-02
9.739656000000005420e-01,7.220926739811339701e-02
9.740199999999999969e-01,7.220909533629604748e-02
9.741602000000000317e-01,7.220865128064968275e-02
9.743004000000000664e-01,7.220820739345035211e-02
9.744406000000001011e-01,7.220776367463421774e-02
9.745808000000001359e-01,7.220732012413733081e-02
9.747210000000001706e-01,7.220687674189585348e-02
9.748612000000002054e-01,7.220643352784605895e-02
9.750014000000002401e-01,7.220599048192399838e-02
9.751416000000002748e-01,7.220554760406594497e-02
9.752818000000003096e-01,7.220510489420817191e-02
9.754220000000003443e-01,7.220466235228695240e-02
9.755622000000003791e-01,7.220421997823855964e-02
9.757024000000004138e-01,7.220377777199926683e-02
9.758426000000004485e-01,7.220333573350545819e-02
9.759828000000004833e-01,7.220289386269351795e-02
9.760299999999999532e-01,7.220274512062418992e-02
9.761701999999999879e-01,7.220230492232659891e-02
9.763104000000000227e-01,7.220186489046498401e-02
9.764506000000000574e-01,7.220142502497672865e-02
9.765908000000000921e-01,7.220098532579877215e-02
9.767310000000001269e-01,7.220054579286805385e-02
9.768712000000001616e-01,7.220010642612206819e-02
9.770114000000001964e-01,7.219966722549786553e-02
9.771516000000002311e-01,7.219922819093238520e-02
9.772918000000002658e-01,7.219878932236323266e-02
9.774320000000003006e-01,7.219835061972745827e-02
9.775722000000003353e-01,7.219791208296222340e-02
9.777124000000003701e-01,7.219747371200502251e-02
9.778526000000004048e-01,7.219703550679312798e-02
9.779928000000004396e-01,7.219659746726359018e-02
9.780400000000000205e-01,7.219645001481456159e-02
9.781792000000000264e-01,7.219600562624606255e-02
9.783184000000000324e-01,7.219556140821958845e-02
9.784576000000000384e-01,7.219511736066952512e-02
9.785968000000000444e-01,7.219467348353059144e-02
9.787360000000000504e-01,7.219422977673739528e-02
9.788752000000000564e-01,7.219378624022454449e-02
9.790144000000000624e-01,7.219334287392664695e-02
9.791536000000000683e-01,7.219289967777842154e-02
9.792928000000000743e-01,7.219245665171458715e-02
9.794320000000000803e-01,7.219201379566986265e-02
9.795712000000000863e-01,7.219157110957896695e-02
9.797104000000000923e-01,7.219112859337661892e-02
9.798496000000000983e-01,7.219068624699764847e-02
9.799888000000001043e-01,7.219024407037699653e-02
9.799999999999999822e-01,7.219020849404678142e-02
9.801402000000000170e-01,7.218977582928209902e-02
9.802804000000000517e-01,7.218934332705573276e-02
9.804206000000000865e-01,7.218891098730673139e-02
9.805608000000001212e-01,7.218847880997392163e-02
9.807010000000001559e-01,7.218804679499635224e-02
9.808412000000001907e-01,7.218761494231296094e-02
9.809814000000002254e-01,7.218718325186290752e-02
9.811216000000002602e-01,7.218675172358512970e-02
9.812618000000002949e-01,7.218632035741867625e-02
9.814020000000003296e-01,7.218588915330281797e-02
9.815422000000003644e-01,7.218545811117649258e-02
9.816824000000003991e-01,7.218502723097897089e-02
9.818226000000004339e-01,7.218459651264941268e-02
9.819628000000004686e-01,7.218416595612697773e-02
9.820100000000000495e-01,7.218402102248222540e-02
9.821504000000000900e-01,7.218359353774650433e-02
9.822908000000001305e-01,7.218316621253761944e-02
9.824312000000001710e-01,7.218273904679584074e-02
9.825716000000002115e-01,7.218231204046177130e-02
9.827120000000002520e-01,7.218188519347590315e-02
9.828524000000002925e-01,7.218145850577872835e-02
9.829928000000003330e-01,7.218103197731096099e-02
9.831332000000003735e-01,7.218060560801298209e-02
9.832736000000004140e-01,7.218017939782550574e-02
9.834140000000004544e-01,7.217975334668913501e-02
9.835544000000004949e-01,7.217932745454447296e-02
9.836948000000005354e-01,7.217890172133223370e-02
9.838352000000005759e-01,7.217847614699302028e-02
9.839756000000006164e-01,7.217805073146765782e-02
9.840299999999999603e-01,7.217788592194074315e-02
9.841701999999999950e-01,7.217746061427610105e-02
9.843104000000000298e-01,7.217703546536791137e-02
9.844506000000000645e-01,7.217661047515644412e-02
9.845908000000000992e-01,7.217618564358296851e-02
9.847310000000001340e-01,7.217576097058786555e-02
9.848712000000001687e-01,7.217533645611229343e-02
9.850114000000002035e-01,7.217491210009663316e-02
9.851516000000002382e-01,7.217448790248204293e-02
9.852918000000002730e-01,7.217406386320956990e-02
9.854320000000003077e-01,7.217363998221970611e-02
9.855722000000003424e-01,7.217321625945372077e-02
9.857124000000003772e-01,7.217279269485221693e-02
9.858526000000004119e-01,7.217236928835624177e-02
9.859928000000004467e-01,7.217194603990706447e-02
9.860400000000000276e-01,7.217180356618613235e-02
9.861790000000000278e-01,7.217137261645267809e-02
9.863180000000000280e-01,7.217094183059025170e-02
9.864570000000000283e-01,7.217051120853656965e-02
9.865960000000000285e-01,7.217008075022934843e-02
9.867350000000000287e-01,7.216965045560630454e-02
9.868740000000000290e-01,7.216922032460515446e-02
9.870130000000000292e-01,7.216879035716372570e-02
9.871520000000000294e-01,7.216836055321984578e-02
9.872910000000000297e-01,7.216793091271134220e-02
9.874300000000000299e-01,7.216750143557593145e-02
9.875690000000000301e-01,7.216707212175166308e-02
9.877080000000000304e-01,7.216664297117636462e-02
9.878470000000000306e-01,7.216621398378797458e-02
9.879860000000000309e-01,7.216578515952443151e-02
9.879900000000000349e-01,7.216577281939295929e-02
9.881304000000000753e-01,7.216535616090269389e-02
9.882708000000001158e-01,7.216493965641468389e-02
9.884112000000001563e-01,7.216452330587164177e-02
9.885516000000001968e-01,7.216410710921705718e-02
9.886920000000002373e-01,7.216369106639375364e-02
9.888324000000002778e-01,7.216327517734510977e-02
9.889728000000003183e-01,7.216285944201406011e-02
9.891132000000003588e-01,7.216244386034387226e-02
9.892536000000003993e-01,7.216202843227792485e-02
9.893940000000004398e-01,7.216161315775915241e-02
9.895344000000004803e-01,7.216119803673115563e-02
9.896748000000005208e-01,7.216078306913675799e-02
9.898152000000005613e-01,7.216036825491967122e-02
9.899556000000006017e-01,7.215995359402294085e-02
9.900099999999999456e-01,7.215979295070695798e-02
9.901501999999999803e-01,7.215937837082464501e-02
9.902904000000000151e-01,7.215896394422482985e-02
9.904306000000000498e-01,7.215854967085089111e-02
9.905708000000000846e-01,7.215813555064609641e-02
9.907110000000001193e-01,7.215772158355382437e-02
9.908512000000001541e-01,7.215730776951745362e-02
9.909914000000001888e-01,7.215689410848047380e-02
9.911316000000002235e-01,7.215648060038626355e-02
9.912718000000002583e-01,7.215606724517820147e-02
9.914120000000002930e-01,7.215565404279988826e-02
9.915522000000003278e-01,7.215524099319470253e-02
9.916924000000003625e-01,7.215482809630624494e-02
9.918326000000003972e-01,7.215441535207800516e-02
9.919728000000004320e-01,7.215400276045358385e-02
9.920200000000000129e-01,7.215386387386257816e-02
9.921604000000000534e-01,7.215345424319830059e-02
9.923008000000000939e-01,7.215304476297412783e-02
9.924412000000001344e-01,7.215263543313477079e-02
9.925816000000001749e-01,7.215222625362494036e-02
9.927220000000002154e-01,7.215181722438956946e-02
9.928624000000002559e-01,7.215140834537336900e-02
9.930028000000002963e-01,7.215099961652116090e-02
9.931432000000003368e-01,7.215059103777776706e-02
9.932836000000003773e-01,7.215018260908812042e-02
9.934240000000004178e-01,7.214977433039715393e-02
9.935644000000004583e-01,7.214936620164968950e-02
9.937048000000004988e-01,7.214895822279066007e-02
9.938452000000005393e-01,7.214855039376510959e-02
9.939856000000005798e-01,7.214814271451797101e-02
9.940400000000000347e-01,7.214798477581096936e-02
9.941790000000000349e-01,7.214756815838974102e-02
9.943180000000000351e-01,7.214715169740881784e-02
9.944570000000000354e-01,7.214673539280935799e-02
9.945960000000000356e-01,7.214631924453274170e-02
9.947350000000000358e-01,7.214590325252034919e-02
9.948740000000000361e-01,7.214548741671333865e-02
9.950130000000000363e-01,7.214507173705309029e-02
9.951520000000000366e-01,7.214465621348109536e-02
9.952910000000000368e-01,7.214424084593862307e-02
9.954300000000000370e-01,7.214382563436716467e-02
9.955690000000000373e-01,7.214341057870810037e-02
9.957080000000000375e-01,7.214299567890292142e-02
9.958470000000000377e-01,7.214258093489300805e-02
9.959860000000000380e-01,7.214216634661996252e-02
9.959900000000000420e-01,7.214215441615112745e-02
9.961302000000000767e-01,7.214175018864787958e-02
9.962704000000001114e-01,7.214134610919653579e-02
9.964106000000001462e-01,7.214094217774269513e-02
9.965508000000001809e-01,7.214053839423228975e-02
9.966910000000002157e-01,7.214013475861102975e-02
9.968312000000002504e-01,7.213973127082484726e-02
9.969714000000002851e-01,7.213932793081945238e-02
9.971116000000003199e-01,7.213892473854088827e-02
9.972518000000003546e-01,7.213852169393497604e-02
9.973920000000003894e-01,7.213811879694764784e-02
9.975322000000004241e-01,7.213771604752472477e-02
9.976724000000004589e-01,7.213731344561225001e-02
9.978126000000004936e-01,7.213691099115626670e-02
9.979528000000005283e-01,7.213650868410270700e-02
9.979999999999999982e-01,7.213637325934574296e-02
9.981404000000000387e-01,7.213597382675585035e-02
9.982808000000000792e-01,7.213557453948737930e-02
9.984212000000001197e-01,7.213517539748759422e-02
9.985616000000001602e-01,7.213477640070353747e-02
9.987020000000002007e-01,7.213437754908247346e-02
9.988424000000002412e-01,7.213397884257144455e-02
9.989828000000002817e-01,7.213358028111782616e-02
9.991232000000003222e-01,7.213318186466877169e-02
9.992636000000003627e-01,7.213278359317154553e-02
9.994040000000004031e-01,7.213238546657341210e-02
9.995444000000004436e-01,7.213198748482163580e-02
9.996848000000004841e-01,7.213158964786348104e-02
9.998252000000005246e-01,7.213119195564621222e-02
9.999656000000005651e-01,7.213079440811731580e-02
1.000019999999999909e+00,7.213064039432637298e-02
1.000160199999999833e+00,7.213024289600511452e-02
1.000300399999999756e+00,7.212984554235690737e-02
1.000440599999999680e+00,7.212944833332879391e-02
1.000580799999999604e+00,7.212905126886837159e-02
1.000720999999999528e+00,7.212865434892279382e-02
1.000861199999999451e+00,7.212825757343965805e-02
1.001001399999999375e+00,7.212786094236645074e-02
1.001141599999999299e+00,7.212746445565032527e-02
1.001281799999999222e+00,7.212706811323899014e-02
1.001421999999999146e+00,7.212667191508004283e-02
1.001562199999999070e+00,7.212627586112052569e-02
1.001702399999998994e+00,7.212587995130848029e-02
1.001842599999998917e+00,7.212548418559094898e-02
1.001982799999998841e+00,7.212508856391575129e-02
1.002029999999999976e+00,7.212495538949037499e-02
1.002170400000000017e+00,7.212456255585586451e-02
1.002310800000000057e+00,7.212416986425806975e-02
1.002451200000000098e+00,7.212377731464558739e-02
1.002591600000000138e+00,7.212338490696701410e-02
1.002732000000000179e+00,7.212299264117116859e-02
1.002872400000000219e+00,7.212260051720664755e-02
1.003012800000000260e+00,7.212220853502215867e-02
1.003153200000000300e+00,7.212181669456652067e-02
1.003293600000000341e+00,7.212142499578844124e-02
1.003434000000000381e+00,7.212103343863662808e-02
1.003574400000000422e+00,7.212064202306001093e-02
1.003714800000000462e+00,7.212025074900729749e-02
1.003855200000000503e+00,7.211985961642741749e-02
1.003995600000000543e+00,7.211946862526907864e-02
1.004050000000000109e+00,7.211931715134789478e-02
1.004188999999999998e+00,7.211891765002531596e-02
1.004327999999999887e+00,7.211851829636828359e-02
1.004466999999999777e+00,7.211811909032228574e-02
1.004605999999999666e+00,7.211772003183269941e-02
1.004744999999999555e+00,7.211732112084490165e-02
1.004883999999999444e+00,7.211692235730449152e-02
1.005022999999999334e+00,7.211652374115695707e-02
1.005161999999999223e+00,7.211612527234778636e-02
1.005300999999999112e+00,7.211572695082257844e-02
1.005439999999999001e+00,7.211532877652682139e-02
1.005578999999998890e+00,7.211493074940611425e-02
1.005717999999998780e+00,7.211453286940605611e-02
1.005856999999998669e+00,7.211413513647224605e-02
1.005995999999998558e+00,7.211373755055039414e-02
1.006000000000000005e+00,7.211372610935073979e-02
1.006140199999999929e+00,7.211333836448230450e-02
1.006280399999999853e+00,7.211295075943968680e-02
1.006420599999999776e+00,7.211256329417259359e-02
1.006560799999999700e+00,7.211217596863028767e-02
1.006700999999999624e+00,7.211178878276258697e-02
1.006841199999999548e+00,7.211140173651908736e-02
1.006981399999999471e+00,7.211101482984938471e-02
1.007121599999999395e+00,7.211062806270340797e-02
1.007261799999999319e+00,7.211024143503053097e-02
1.007401999999999243e+00,7.210985494678057162e-02
1.007542199999999166e+00,7.210946859790323682e-02
1.007682399999999090e+00,7.210908238834823347e-02
1.007822599999999014e+00,7.210869631806560154e-02
1.007962799999998937e+00,7.210831038700471485e-02
1.008010000000000073e+00,7.210818047449363277e-02
1.008150400000000113e+00,7.210779731691574490e-02
1.008290800000000154e+00,7.210741429658262813e-02
1.008431200000000194e+00,7.210703141344509959e-02
1.008571600000000235e+00,7.210664866745397639e-02
1.008712000000000275e+00,7.210626605856018667e-02
1.008852400000000316e+00,7.210588358671454756e-02
1.008992800000000356e+00,7.210550125186809822e-02
1.009133200000000397e+00,7.210511905397165577e-02
1.009273600000000437e+00,7.210473699297625938e-02
1.009414000000000478e+00,7.210435506883272616e-02
1.009554400000000518e+00,7.210397328149220630e-02
1.009694800000000559e+00,7.210359163090562795e-02
1.009835200000000599e+00,7.210321011702391925e-02
1.009975600000000640e+00,7.210282873979823037e-02
1.010029999999999983e+00,7.210268099021821531e-02
1.010170199999999907e+00,7.210229960939418259e-02
1.010310399999999831e+00,7.210191836524770803e-02
1.010450599999999755e+00,7.210153725772971978e-02
1.010590799999999678e+00,7.210115628679136801e-02
1.010730999999999602e+00,7.210077545238369190e-02
1.010871199999999526e+00,7.210039475445773061e-02
1.011011399999999449e+00,7.210001419296452330e-02
1.011151599999999373e+00,7.209963376785522016e-02
1.011291799999999297e+00,7.209925347908097137e-02
1.011431999999999221e+00,7.209887332659281611e-02
1.011572199999999144e+00,7.209849331034201558e-02
1.011712399999999068e+00,7.209811343027971997e-02
1.011852599999998992e+00,7.209773368635719049e-02
1.011992799999998915e+00,7.209735407852557731e-02
1.012040000000000051e+00,7.209722629445014519e-02
1.012178999999999940e+00,7.209683975476099960e-02
1.012317999999999829e+00,7.209645335619530027e-02
1.012456999999999718e+00,7.209606709870164387e-02
1.012595999999999608e+00,7.209568098222851606e-02
1.012734999999999497e+00,7.209529500672440250e-02
1.012873999999999386e+00,7.209490917213778882e-02
1.013012999999999275e+00,7.209452347841727171e-02
1.013151999999999164e+00,7.209413792551144784e-02
1.013290999999999054e+00,7.209375251336880286e-02
1.013429999999998943e+00,7.209336724193804447e-02
1.013568999999998832e+00,7.209298211116776933e-02
1.013707999999998721e+00,7.209259712100657413e-02
1.013846999999998610e+00,7.209221227140316657e-02
1.013985999999998500e+00,7.209182756230625433e-02
1.013989999999999947e+00,7.209181649165719019e-02
1.014130399999999987e+00,7.209144264136635449e-02
1.014270800000000028e+00,7.209106892376337949e-02
1.014411200000000068e+00,7.209069533880130276e-02
1.014551600000000109e+00,7.209032188643293981e-02
1.014692000000000149e+00,7.208994856661132822e-02
1.014832400000000190e+00,7.208957537928939452e-02
1.014972800000000230e+00,7.208920232442006526e-02
1.015113200000000271e+00,7.208882940195637801e-02
1.015253600000000311e+00,7.208845661185125930e-02
1.015394000000000352e+00,7.208808395405785774e-02
1.015534400000000392e+00,7.208771142852909986e-02
1.015674800000000433e+00,7.208733903521813424e-02
1.015815200000000473e+00,7.208696677407799847e-02
1.015955600000000514e+00,7.208659464506173009e-02
1.016010000000000080e+00,7.208645047815320783e-02
1.016150200000000003e+00,7.208607835434621691e-02
1.016290399999999927e+00,7.208570636267752629e-02
1.016430599999999851e+00,7.208533450310039559e-02
1.016570799999999775e+00,7.208496277556775134e-02
1.016710999999999698e+00,7.208459118003274213e-02
1.016851199999999622e+00,7.208421971644862758e-02
1.016991399999999546e+00,7.208384838476844525e-02
1.017131599999999469e+00,7.208347718494534373e-02
1.017271799999999393e+00,7.208310611693258263e-02
1.017411999999999317e+00,7.208273518068331054e-02
1.017552199999999241e+00,7.208236437615067604e-02
1.017692399999999164e+00,7.208199370328793876e-02
1.017832599999999088e+00,7.208162316204846931e-02
1.017972799999999012e+00,7.208125275238530527e-02
1.018019999999999925e+00,7.208112806447120047e-02
1.018160399999999965e+00,7.208076026716814244e-02
1.018300800000000006e+00,7.208039259960774547e-02
1.018441200000000046e+00,7.208002506174404633e-02
1.018581600000000087e+00,7.207965765353141485e-02
1.018722000000000127e+00,7.207929037492410984e-02
1.018862400000000168e+00,7.207892322587639011e-02
1.019002800000000208e+00,7.207855620634262550e-02
1.019143200000000249e+00,7.207818931627707482e-02
1.019283600000000289e+00,7.207782255563399687e-02
1.019424000000000330e+00,7.207745592436787252e-02
1.019564400000000370e+00,7.207708942243296057e-02
1.019704800000000411e+00,7.207672304978363087e-02
1.019845200000000451e+00,7.207635680637436426e-02
1.019985600000000492e+00,7.207599069215953058e-02
1.020040000000000058e+00,7.207584885533258046e-02
1.020178999999999947e+00,7.207547472018016599e-02
1.020317999999999836e+00,7.207510071996325873e-02
1.020456999999999725e+00,7.207472685463356399e-02
1.020595999999999615e+00,7.207435312414212092e-02
1.020734999999999504e+00,7.207397952844063482e-02
1.020873999999999393e+00,7.207360606748025589e-02
1.021012999999999282e+00,7.207323274121257839e-02
1.021151999999999171e+00,7.207285954958886354e-02
1.021290999999999061e+00,7.207248649256048356e-02
1.021429999999998950e+00,7.207211357007914376e-02
1.021568999999998839e+00,7.207174078209599433e-02
1.021707999999998728e+00,7.207136812856296260e-02
1.021846999999998618e+00,7.207099560943108774e-02
1.021985999999998507e+00,7.207062322465229709e-02
1.021989999999999954e+00,7.207061250865487434e-02
1.022130199999999878e+00,7.207024934326311527e-02
1.022270399999999801e+00,7.206988630565547282e-02
1.022410599999999725e+00,7.206952339578687194e-02
1.022550799999999649e+00,7.206916061361245962e-02
1.022690999999999573e+00,7.206879795908716080e-02
1.022831199999999496e+00,7.206843543216623349e-02
1.022971399999999420e+00,7.206807303280471366e-02
1.023111599999999344e+00,7.206771076095763728e-02
1.023251799999999267e+00,7.206734861658026237e-02
1.023391999999999191e+00,7.206698659962762488e-02
1.023532199999999115e+00,7.206662471005498283e-02
1.023672399999999039e+00,7.206626294781748321e-02
1.023812599999998962e+00,7.206590131287027301e-02
1.023952799999998886e+00,7.206553980516861024e-02
1.024000000000000021e+00,7.206541811371514061e-02
1.024140400000000062e+00,7.206505912137928238e-02
1.024280800000000102e+00,7.206470025453914907e-02
1.024421200000000143e+00,7.206434151315099790e-02
1.024561600000000183e+00,7.206398289717097505e-02
1.024702000000000224e+00,7.206362440655522672e-02
1.024842400000000264e+00,7.206326604125989910e-02
1.024982800000000305e+00,7.206290780124124939e-02
1.025123200000000345e+00,7.206254968645542380e-02
1.025263600000000386e+00,7.206219169685856851e-02
1.025404000000000426e+00,7.206183383240705176e-02
1.025544400000000467e+00,7.206147609305713075e-02
1.025684800000000507e+00,7.206111847876495169e-02
1.025825200000000548e+00,7.206076098948688280e-02
1.025965600000000588e+00,7.206040362517918130e-02
1.026019999999999932e+00,7.206026517799568598e-02
1.026160199999999856e+00,7.205990783277482770e-02
1.026300399999999780e+00,7.205955061252800053e-02
1.026440599999999703e+00,7.205919351721146171e-02
1.026580799999999627e+00,7.205883654678146844e-02
1.026720999999999551e+00,7.205847970119438894e-02
1.026861199999999474e+00,7.205812298040648045e-02
1.027001399999999398e+00,7.205776638437422221e-02
1.027141599999999322e+00,7.205740991305387144e-02
1.027281799999999246e+00,7.205705356640190740e-02
1.027421999999999169e+00,7.205669734437469831e-02
1.027562199999999093e+00,7.205634124692861242e-02
1.027702399999999017e+00,7.205598527402012898e-02
1.027842599999998940e+00,7.205562942560572726e-02
1.027982799999998864e+00,7.205527370164177547e-02
1.028029999999999999e+00,7.205515395703587789e-02
1.028170400000000040e+00,7.205480071361491934e-02
1.028310800000000080e+00,7.205444759292922718e-02
1.028451200000000121e+00,7.205409459493639091e-02
1.028591600000000161e+00,7.205374171959355589e-02
1.028732000000000202e+00,7.205338896685820060e-02
1.028872400000000242e+00,7.205303633668769248e-02
1.029012800000000283e+00,7.205268382903950997e-02
1.029153200000000323e+00,7.205233144387102051e-02
1.029293600000000364e+00,7.205197918113970257e-02
1.029434000000000404e+00,7.205162704080303460e-02
1.029574400000000445e+00,7.205127502281838403e-02
1.029714800000000485e+00,7.205092312714334035e-02
1.029855200000000526e+00,7.205057135373538202e-02
1.029995600000000566e+00,7.205021970255198749e-02
1.030049999999999910e+00,7.205008346858854384e-02
1.030189000000000021e+00,7.204972406269283258e-02
1.030328000000000133e+00,7.204936478448908943e-02
1.030467000000000244e+00,7.204900563393179524e-02
1.030606000000000355e+00,7.204864661097565293e-02
1.030745000000000466e+00,7.204828771557547640e-02
1.030884000000000578e+00,7.204792894768574651e-02
1.031023000000000689e+00,7.204757030726127720e-02
1.031162000000000800e+00,7.204721179425677136e-02
1.031301000000000911e+00,7.204685340862693188e-02
1.031440000000001023e+00,7.204649515032646168e-02
1.031579000000001134e+00,7.204613701931017467e-02
1.031718000000001245e+00,7.204577901553277375e-02
1.031857000000001356e+00,7.204542113894918387e-02
1.031996000000001468e+00,7.204506338951410793e-02
1.032000000000000028e+00,7.204505309467168495e-02
1.032140199999999952e+00,7.204470424781961313e-02
1.032280399999999876e+00,7.204435552186783109e-02
1.032420599999999800e+00,7.204400691677459445e-02
1.032560799999999723e+00,7.204365843249782575e-02
1.032700999999999647e+00,7.204331006899578060e-02
1.032841199999999571e+00,7.204296182622660361e-02
1.032981399999999494e+00,7.204261370414832832e-02
1.033121599999999418e+00,7.204226570271932140e-02
1.033261799999999342e+00,7.204191782189761639e-02
1.033401999999999266e+00,7.204157006164146893e-02
1.033542199999999189e+00,7.204122242190913461e-02
1.033682399999999113e+00,7.204087490265875804e-02
1.033822599999999037e+00,7.204052750384870585e-02
1.033962799999998960e+00,7.204018022543712263e-02
1.034010000000000096e+00,7.204006332366774679e-02
1.034150400000000136e+00,7.203971842270673331e-02
1.034290800000000177e+00,7.203937364051526959e-02
1.034431200000000217e+00,7.203902897705238839e-02
1.034571600000000258e+00,7.203868443227723350e-02
1.034712000000000298e+00,7.203834000614894872e-02
1.034852400000000339e+00,7.203799569862667784e-02
1.034992800000000379e+00,7.203765150966956465e-02
1.035133200000000420e+00,7.203730743923686397e-02
1.035273600000000460e+00,7.203696348728760857e-02
1.035414000000000501e+00,7.203661965378116427e-02
1.035554400000000541e+00,7.203627593867656387e-02
1.035694800000000582e+00,7.203593234193317318e-02
1.035835200000000622e+00,7.203558886351013602e-02
1.035975600000000663e+00,7.203524550336681820e-02
1.036030000000000006e+00,7.203511248129401690e-02
1.036170199999999930e+00,7.203476911150730189e-02
1.036310399999999854e+00,7.203442586002273273e-02
1.036450599999999778e+00,7.203408272679945323e-02
1.036590799999999701e+00,7.203373971179671820e-02
1.036730999999999625e+00,7.203339681497389346e-02
1.036871199999999549e+00,7.203305403629023385e-02
1.037011399999999472e+00,7.203271137570499416e-02
1.037151599999999396e+00,7.203236883317754025e-02
1.037291799999999320e+00,7.203202640866712692e-02
1.037431999999999244e+00,7.203168410213312001e-02
1.037572199999999167e+00,7.203134191353488536e-02
1.037712399999999091e+00,7.203099984283178880e-02
1.037852599999999015e+00,7.203065788998319618e-02
1.037992799999998939e+00,7.203031605494847334e-02
1.038040000000000074e+00,7.203020098546397687e-02
1.038178999999999963e+00,7.202985285023488782e-02
1.038317999999999852e+00,7.202950483721670683e-02
1.038456999999999741e+00,7.202915694636635724e-02
1.038595999999999631e+00,7.202880917764109547e-02
1.038734999999999520e+00,7.202846153099806692e-02
1.038873999999999409e+00,7.202811400639430595e-02
1.039012999999999298e+00,7.202776660378706897e-02
1.039151999999999187e+00,7.202741932313350137e-02
1.039290999999999077e+00,7.202707216439074855e-02
1.039429999999998966e+00,7.202672512751617795e-02
1.039568999999998855e+00,7.202637821246682392e-02
1.039707999999998744e+00,7.202603141919994290e-02
1.039846999999998634e+00,7.202568474767279127e-02
1.039985999999998523e+00,7.202533819784273650e-02
1.039989999999999970e+00,7.202532822528662226e-02
1.040130400000000011e+00,7.202499141095719537e-02
1.040270800000000051e+00,7.202465471158447929e-02
1.040411200000000091e+00,7.202431812712917214e-02
1.040551600000000132e+00,7.202398165755197201e-02
1.040692000000000172e+00,7.202364530281379906e-02
1.040832400000000213e+00,7.202330906287546242e-02
1.040972800000000253e+00,7.202297293769766018e-02
1.041113200000000294e+00,7.202263692724131250e-02
1.041253600000000334e+00,7.202230103146722850e-02
1.041394000000000375e+00,7.202196525033632835e-02
1.041534400000000415e+00,7.202162958380942115e-02
1.041674800000000456e+00,7.202129403184742706e-02
1.041815200000000496e+00,7.202095859441115522e-02
1.041955600000000537e+00,7.202062327146163678e-02
1.042010000000000103e+00,7.202049336294591431e-02
1.042150200000000027e+00,7.202015800745997787e-02
1.042290399999999950e+00,7.201982276649820935e-02
1.042430599999999874e+00,7.201948764002141790e-02
1.042570799999999798e+00,7.201915262799041262e-02
1.042710999999999721e+00,7.201881773036622469e-02
1.042851199999999645e+00,7.201848294710977427e-02
1.042991399999999569e+00,7.201814827818198150e-02
1.043131599999999493e+00,7.201781372354376654e-02
1.043271799999999416e+00,7.201747928315616054e-02
1.043411999999999340e+00,7.201714495698008367e-02
1.043552199999999264e+00,7.201681074497656709e-02
1.043692399999999187e+00,7.201647664710664198e-02
1.043832599999999111e+00,7.201614266333133951e-02
1.043972799999999035e+00,7.201580879361157983e-02
1.044019999999999948e+00,7.201569640531935157e-02
1.044160399999999989e+00,7.201536486371784562e-02
1.044300800000000029e+00,7.201503343459980666e-02
1.044441200000000070e+00,7.201470211792715403e-02
1.044581600000000110e+00,7.201437091366158505e-02
1.044722000000000151e+00,7.201403982176501906e-02
1.044862400000000191e+00,7.201370884219937540e-02
1.045002800000000232e+00,7.201337797492657344e-02
1.045143200000000272e+00,7.201304721990831048e-02
1.045283600000000312e+00,7.201271657710672791e-02
1.045424000000000353e+00,7.201238604648363406e-02
1.045564400000000393e+00,7.201205562800094828e-02
1.045704800000000434e+00,7.201172532162081197e-02
1.045845200000000474e+00,7.201139512730503345e-02
1.045985600000000515e+00,7.201106504501553207e-02
1.046040000000000081e+00,7.201093716669959566e-02
1.046178999999999970e+00,7.201059979425461499e-02
1.046317999999999859e+00,7.201026253885445261e-02
1.046456999999999748e+00,7.200992540045847434e-02
1.046595999999999638e+00,7.200958837902615706e-02
1.046734999999999527e+00,7.200925147451675556e-02
1.046873999999999416e+00,7.200891468688985775e-02
1.047012999999999305e+00,7.200857801610482944e-02
1.047151999999999195e+00,7.200824146212114751e-02
1.047290999999999084e+00,7.200790502489839984e-02
1.047429999999998973e+00,7.200756870439595225e-02
1.047568999999998862e+00,7.200723250057339264e-02
1.047707999999998751e+00,7.200689641339019786e-02
1.047846999999998641e+00,7.200656044280595580e-02
1.047985999999998530e+00,7.200622458878003229e-02
1.047989999999999977e+00,7.200621492401260149e-02
1.048130199999999901e+00,7.200588737888291568e-02
1.048270399999999825e+00,7.200555994461688147e-02
1.048410599999999748e+00,7.200523262117697332e-02
1.048550799999999672e+00,7.200490540852566568e-02
1.048690999999999596e+00,7.200457830662554404e-02
1.048831199999999519e+00,7.200425131543908286e-02
1.048971399999999443e+00,7.200392443492886763e-02
1.049111599999999367e+00,7.200359766505737280e-02
1.049251799999999291e+00,7.200327100578718387e-02
1.049391999999999214e+00,7.200294445708077529e-02
1.049532199999999138e+00,7.200261801890084357e-02
1.049672399999999062e+00,7.200229169120986317e-02
1.049812599999998985e+00,7.200196547397053060e-02
1.049952799999998909e+00,7.200163936714532031e-02
1.050000000000000044e+00,7.200152959191119528e-02
1.050140400000000085e+00,7.200120569626367040e-02
1.050280800000000125e+00,7.200088190955045153e-02
1.050421200000000166e+00,7.200055823173501235e-02
1.050561600000000206e+00,7.200023466278071549e-02
1.050702000000000247e+00,7.199991120265092359e-02
1.050842400000000287e+00,7.199958785130899930e-02
1.050982800000000328e+00,7.199926460871841627e-02
1.051123200000000368e+00,7.199894147484253715e-02
1.051263600000000409e+00,7.199861844964483559e-02
1.051404000000000449e+00,7.199829553308878527e-02
1.051544400000000490e+00,7.199797272513785984e-02
1.051684800000000530e+00,7.199765002575553297e-02
1.051825200000000571e+00,7.199732743490516729e-02
1.051965600000000611e+00,7.199700495255045851e-02
1.052019999999999955e+00,7.199688001840853779e-02
1.052160199999999879e+00,7.199655750670030940e-02
1.052300399999999803e+00,7.199623510352148870e-02
1.052440599999999726e+00,7.199591280883566036e-02
1.052580799999999650e+00,7.199559062260618703e-02
1.052720999999999574e+00,7.199526854479665339e-02
1.052861199999999497e+00,7.199494657537053310e-02
1.053001399999999421e+00,7.199462471429141086e-02
1.053141599999999345e+00,7.199430296152287134e-02
1.053281799999999269e+00,7.199398131702827719e-02
1.053421999999999192e+00,7.199365978077132411e-02
1.053562199999999116e+00,7.199333835271559678e-02
1.053702399999999040e+00,7.199301703282467990e-02
1.053842599999998964e+00,7.199269582106215815e-02
1.053982799999998887e+00,7.199237471739161620e-02
1.054030000000000022e+00,7.199226662626578843e-02
1.054170400000000063e+00,7.199194773405581671e-02
1.054310800000000103e+00,7.199162894846644623e-02
1.054451200000000144e+00,7.199131026946159473e-02
1.054591600000000184e+00,7.199099169700595713e-02
1.054732000000000225e+00,7.199067323106356220e-02
1.054872400000000265e+00,7.199035487159910485e-02
1.055012800000000306e+00,7.199003661857672487e-02
1.055153200000000346e+00,7.198971847196089513e-02
1.055293600000000387e+00,7.198940043171631054e-02
1.055434000000000427e+00,7.198908249780711088e-02
1.055574400000000468e+00,7.198876467019799108e-02
1.055714800000000508e+00,7.198844694885309092e-02
1.055855200000000549e+00,7.198812933373721634e-02
1.055995600000000589e+00,7.198781182481450713e-02
1.056049999999999933e+00,7.198768881735484459e-02
1.056189000000000044e+00,7.198736426714569259e-02
1.056328000000000156e+00,7.198703982790655154e-02
1.056467000000000267e+00,7.198671549959945182e-02
1.056606000000000378e+00,7.198639128218642380e-02
1.056745000000000489e+00,7.198606717562960888e-02
1.056884000000000601e+00,7.198574317989103744e-02
1.057023000000000712e+00,7.198541929493285085e-02
1.057162000000000823e+00,7.198509552071719053e-02
1.057301000000000935e+00,7.198477185720619786e-02
1.057440000000001046e+00,7.198444830436201425e-02
1.057579000000001157e+00,7.198412486214678108e-02
1.057718000000001268e+00,7.198380153052263974e-02
1.057857000000001380e+00,7.198347830945184267e-02
1.057996000000001491e+00,7.198315519889653125e-02
1.058000000000000052e+00,7.198314590084242681e-02
1.058140199999999975e+00,7.198283077641776107e-02
1.058280399999999899e+00,7.198251575711411832e-02
1.058420599999999823e+00,7.198220084289630449e-02
1.058560799999999746e+00,7.198188603372945860e-02
1.058700999999999670e+00,7.198157132957827553e-02
1.058841199999999594e+00,7.198125673040789430e-02
1.058981399999999518e+00,7.198094223618334286e-02
1.059121599999999441e+00,7.198062784686953819e-02
1.059261799999999365e+00,7.198031356243150825e-02
1.059401999999999289e+00,7.197999938283416999e-02
1.059542199999999212e+00,7.197968530804266241e-02
1.059682399999999136e+00,7.197937133802201348e-02
1.059822599999999060e+00,7.197905747273714017e-02
1.059962799999998984e+00,7.197874371215329248e-02
1.060009999999999897e+00,7.197863809278104430e-02
1.060150399999999937e+00,7.197832648029434122e-02
1.060290799999999978e+00,7.197801497109146407e-02
1.060431200000000018e+00,7.197770356513821799e-02
1.060571600000000059e+00,7.197739226240029708e-02
1.060712000000000099e+00,7.197708106284350649e-02
1.060852400000000140e+00,7.197676996643376235e-02
1.060992800000000180e+00,7.197645897313675878e-02
1.061133200000000221e+00,7.197614808291830091e-02
1.061273600000000261e+00,7.197583729574430489e-02
1.061414000000000302e+00,7.197552661158057585e-02
1.061554400000000342e+00,7.197521603039302995e-02
1.061694800000000383e+00,7.197490555214747232e-02
1.061835200000000423e+00,7.197459517680970809e-02
1.061975600000000464e+00,7.197428490434576442e-02
1.062030000000000030e+00,7.197416470025785884e-02
1.062170199999999953e+00,7.197385433280567568e-02
1.062310399999999877e+00,7.197354406830347440e-02
1.062450599999999801e+00,7.197323390671717114e-02
1.062590799999999724e+00,7.197292384801257104e-02
1.062730999999999648e+00,7.197261389215547922e-02
1.062871199999999572e+00,7.197230403911192287e-02
1.063011399999999496e+00,7.197199428884770711e-02
1.063151599999999419e+00,7.197168464132874810e-02
1.063291799999999343e+00,7.197137509652096199e-02
1.063431999999999267e+00,7.197106565439037595e-02
1.063572199999999190e+00,7.197075631490279513e-02
1.063712399999999114e+00,7.197044707802424668e-02
1.063852599999999038e+00,7.197013794372064677e-02
1.063992799999998962e+00,7.196982891195802257e-02
1.064040000000000097e+00,7.196972488435493531e-02
1.064179200000000103e+00,7.196941131279921411e-02
1.064318400000000109e+00,7.196909784683103162e-02
1.064457600000000115e+00,7.196878448641497172e-02
1.064596800000000121e+00,7.196847123151539627e-02
1.064736000000000127e+00,7.196815808209677812e-02
1.064875200000000133e+00,7.196784503812359013e-02
1.065014400000000139e+00,7.196753209956041619e-02
1.065153600000000145e+00,7.196721926637161815e-02
1.065292800000000151e+00,7.196690653852189090e-02
1.065432000000000157e+00,7.196659391597570732e-02
1.065571200000000163e+00,7.196628139869754026e-02
1.065710400000000169e+00,7.196596898665197362e-02
1.065849600000000175e+00,7.196565667980359127e-02
1.065988800000000181e+00,7.196534447811686608e-02
1.066000000000000059e+00,7.196531935912175992e-02
1.066140199999999982e+00,7.196501369910579538e-02
1.066280399999999906e+00,7.196470813989352955e-02
1.066420599999999830e+00,7.196440268145165575e-02
1.066560799999999753e+00,7.196409732374697832e-02
1.066700999999999677e+00,7.196379206674630158e-02
1.066841199999999601e+00,7.196348691041631884e-02
1.066981399999999525e+00,7.196318185472394546e-02
1.067121599999999448e+00,7.196287689963587475e-02
1.067261799999999372e+00,7.196257204511902206e-02
1.067401999999999296e+00,7.196226729114019172e-02
1.067542199999999220e+00,7.196196263766629908e-02
1.067682399999999143e+00,7.196165808466403746e-02
1.067822599999999067e+00,7.196135363210032221e-02
1.067962799999998991e+00,7.196104927994217970e-02
1.068009999999999904e+00,7.196094682754161642e-02
1.068150199999999828e+00,7.196064349688779949e-02
1.068290399999999751e+00,7.196034026597775135e-02
1.068430599999999675e+00,7.196003713477849839e-02
1.068570799999999599e+00,7.195973410325740005e-02
1.068710999999999522e+00,7.195943117138159373e-02
1.068851199999999446e+00,7.195912833911832784e-02
1.068991399999999370e+00,7.195882560643496184e-02
1.069131599999999294e+00,7.195852297329863312e-02
1.069271799999999217e+00,7.195822043967659010e-02
1.069411999999999141e+00,7.195791800553608120e-02
1.069552199999999065e+00,7.195761567084446586e-02
1.069692399999998988e+00,7.195731343556910353e-02
1.069832599999998912e+00,7.195701129967724263e-02
1.069972799999998836e+00,7.195670926313613158e-02
1.070019999999999971e+00,7.195660759019617547e-02
1.070160400000000012e+00,7.195630759387827702e-02
1.070300800000000052e+00,7.195600769558441190e-02
1.070441200000000093e+00,7.195570789528249467e-02
1.070581600000000133e+00,7.195540819294066193e-02
1.070722000000000174e+00,7.195510858852660618e-02
1.070862400000000214e+00,7.195480908200846404e-02
1.071002800000000255e+00,7.195450967335426107e-02
1.071143200000000295e+00,7.195421036253202285e-02
1.071283600000000336e+00,7.195391114950988598e-02
1.071424000000000376e+00,7.195361203425576502e-02
1.071564400000000417e+00,7.195331301673790758e-02
1.071704800000000457e+00,7.195301409692400618e-02
1.071845200000000498e+00,7.195271527478241946e-02
1.071985600000000538e+00,7.195241655028117300e-02
1.072040000000000104e+00,7.195230081983217119e-02
1.072178999999999993e+00,7.195199546801178681e-02
1.072317999999999882e+00,7.195169021822489519e-02
1.072456999999999772e+00,7.195138507043774556e-02
1.072595999999999661e+00,7.195108002461603203e-02
1.072734999999999550e+00,7.195077508072589278e-02
1.072873999999999439e+00,7.195047023873313297e-02
1.073012999999999328e+00,7.195016549860355770e-02
1.073151999999999218e+00,7.194986086030341621e-02
1.073290999999999107e+00,7.194955632379840260e-02
1.073429999999998996e+00,7.194925188905476610e-02
1.073568999999998885e+00,7.194894755603831182e-02
1.073707999999998774e+00,7.194864332471495594e-02
1.073846999999998664e+00,7.194833919505105868e-02
1.073985999999998553e+00,7.194803516701242518e-02
1.073990000000000000e+00,7.194802641808828447e-02
1.074130400000000041e+00,7.194773093143325138e-02
1.074270800000000081e+00,7.194743554077454029e-02
1.074411200000000122e+00,7.194714024608095393e-02
1.074551600000000162e+00,7.194684504732129504e-02
1.074692000000000203e+00,7.194654994446436636e-02
1.074832400000000243e+00,7.194625493747908163e-02
1.074972800000000284e+00,7.194596002633424359e-02
1.075113200000000324e+00,7.194566521099876599e-02
1.075253600000000365e+00,7.194537049144145158e-02
1.075394000000000405e+00,7.194507586763121409e-02
1.075534400000000446e+00,7.194478133953696730e-02
1.075674800000000486e+00,7.194448690712762495e-02
1.075815200000000527e+00,7.194419257037210080e-02
1.075955600000000567e+00,7.194389832923930861e-02
1.076009999999999911e+00,7.194378433563275443e-02
1.076150199999999835e+00,7.194348999932864697e-02
1.076290399999999758e+00,7.194319575872110129e-02
1.076430599999999682e+00,7.194290161377914217e-02
1.076570799999999606e+00,7.194260756447157235e-02
1.076710999999999530e+00,7.194231361076730558e-02
1.076851199999999453e+00,7.194201975263525561e-02
1.076991399999999377e+00,7.194172599004444724e-02
1.077131599999999301e+00,7.194143232296379420e-02
1.077271799999999224e+00,7.194113875136209924e-02
1.077411999999999148e+00,7.194084527520838712e-02
1.077552199999999072e+00,7.194055189447179366e-02
1.077692399999998996e+00,7.194025860912112158e-02
1.077832599999998919e+00,7.193996541912539566e-02
1.077972799999998843e+00,7.193967232445352966e-02
1.078019999999999978e+00,7.193957366144410059e-02
1.078160199999999902e+00,7.193928152324946534e-02
1.078300399999999826e+00,7.193898947976784530e-02
1.078440599999999749e+00,7.193869753096882036e-02
1.078580799999999673e+00,7.193840567682163734e-02
1.078720999999999597e+00,7.193811391729554305e-02
1.078861199999999521e+00,7.193782225235967331e-02
1.079001399999999444e+00,7.193753068198371903e-02
1.079141599999999368e+00,7.193723920613681599e-02
1.079281799999999292e+00,7.193694782478832206e-02
1.079421999999999215e+00,7.193665653790748404e-02
1.079562199999999139e+00,7.193636534546399286e-02
1.079702399999999063e+00,7.193607424742709533e-02
1.079842599999998987e+00,7.193578324376592725e-02
1.079982799999998910e+00,7.193549233445029056e-02
1.080030000000000046e+00,7.193539440705620791e-02
1.080169200000000052e+00,7.193509915575180269e-02
1.080308400000000058e+00,7.193480400164076194e-02
1.080447600000000064e+00,7.193450894469100021e-02
1.080586800000000069e+00,7.193421398487054308e-02
1.080726000000000075e+00,7.193391912214741613e-02
1.080865200000000081e+00,7.193362435648975595e-02
1.081004400000000087e+00,7.193332968786547710e-02
1.081143600000000093e+00,7.193303511624271618e-02
1.081282800000000099e+00,7.193274064158938774e-02
1.081422000000000105e+00,7.193244626387373941e-02
1.081561200000000111e+00,7.193215198306379676e-02
1.081700400000000117e+00,7.193185779912769640e-02
1.081839600000000123e+00,7.193156371203357491e-02
1.081978800000000129e+00,7.193126972174945788e-02
1.081990000000000007e+00,7.193124606798539933e-02
1.082130199999999931e+00,7.193095825387563202e-02
1.082270399999999855e+00,7.193067053255342014e-02
1.082410599999999778e+00,7.193038290398900969e-02
1.082550799999999702e+00,7.193009536815242466e-02
1.082690999999999626e+00,7.192980792501380005e-02
1.082831199999999550e+00,7.192952057454327086e-02
1.082971399999999473e+00,7.192923331671086107e-02
1.083111599999999397e+00,7.192894615148681670e-02
1.083251799999999321e+00,7.192865907884116172e-02
1.083391999999999245e+00,7.192837209874414217e-02
1.083532199999999168e+00,7.192808521116589304e-02
1.083672399999999092e+00,7.192779841607654934e-02
1.083812599999999016e+00,7.192751171344635708e-02
1.083952799999998939e+00,7.192722510324556229e-02
1.084000000000000075e+00,7.192712862298233922e-02
1.084140400000000115e+00,7.192684394380810531e-02
1.084280800000000156e+00,7.192655935583180948e-02
1.084421200000000196e+00,7.192627485902425288e-02
1.084561600000000237e+00,7.192599045335623664e-02
1.084702000000000277e+00,7.192570613879845087e-02
1.084842400000000318e+00,7.192542191532180773e-02
1.084982800000000358e+00,7.192513778289710835e-02
1.085123200000000399e+00,7.192485374149515387e-02
1.085263600000000439e+00,7.192456979108696746e-02
1.085404000000000480e+00,7.192428593164312822e-02
1.085544400000000520e+00,7.192400216313465933e-02
1.085684800000000561e+00,7.192371848553236191e-02
1.085825200000000601e+00,7.192343489880725915e-02
1.085965600000000642e+00,7.192315140293004117e-02
1.086019999999999985e+00,7.192304157201090398e-02
1.086160199999999909e+00,7.192275798448266588e-02
1.086300399999999833e+00,7.192247448787247865e-02
1.086440599999999757e+00,7.192219108215114343e-02
1.086580799999999680e+00,7.192190776728946133e-02
1.086720999999999604e+00,7.192162454325845555e-02
1.086861199999999528e+00,7.192134141002881620e-02
1.087001399999999451e+00,7.192105836757156645e-02
1.087141599999999375e+00,7.192077541585761846e-02
1.087281799999999299e+00,7.192049255485777337e-02
1.087421999999999223e+00,7.192020978454305435e-02
1.087562199999999146e+00,7.191992710488426255e-02
1.087702399999999070e+00,7.191964451585242113e-02
1.087842599999998994e+00,7.191936201741855328e-02
1.087982799999998917e+00,7.191907960955346013e-02
1.088030000000000053e+00,7.191898454384582084e-02
1.088170199999999976e+00,7.191870304875458420e-02
1.088310399999999900e+00,7.191842164365747081e-02
1.088450599999999824e+00,7.191814032852572591e-02
1.088590799999999748e+00,7.191785910333037268e-02
1.088730999999999671e+00,7.191757796804276737e-02
1.088871199999999595e+00,7.191729692263415519e-02
1.089011399999999519e+00,7.191701596707600341e-02
1.089151599999999442e+00,7.191673510133922420e-02
1.089291799999999366e+00,7.191645432539528482e-02
1.089431999999999290e+00,7.191617363921554151e-02
1.089572199999999214e+00,7.191589304277123951e-02
1.089712399999999137e+00,7.191561253603384607e-02
1.089852599999999061e+00,7.191533211897438438e-02
1.089992799999998985e+00,7.191505179156432170e-02
1.090039999999999898e+00,7.191495742616249576e-02
1.090179199999999904e+00,7.191467291479769486e-02
1.090318399999999910e+00,7.191438849578823955e-02
1.090457599999999916e+00,7.191410416910426484e-02
1.090596799999999922e+00,7.191381993471568368e-02
1.090735999999999928e+00,7.191353579259263107e-02
1.090875199999999934e+00,7.191325174270501996e-02
1.091014399999999940e+00,7.191296778502309639e-02
1.091153599999999946e+00,7.191268391951677330e-02
1.091292799999999952e+00,7.191240014615618570e-02
1.091431999999999958e+00,7.191211646491146858e-02
1.091571199999999964e+00,7.191183287575264593e-02
1.091710399999999970e+00,7.191154937864985275e-02
1.091849599999999976e+00,7.191126597357322403e-02
1.091988799999999982e+00,7.191098266049289478e-02
1.092000000000000082e+00,7.191095986578310839e-02
1.092140200000000005e+00,7.191068248702281451e-02
1.092280399999999929e+00,7.191040519644753548e-02
1.092420599999999853e+00,7.191012799402929367e-02
1.092560799999999777e+00,7.190985087974000045e-02
1.092700999999999700e+00,7.190957385355156717e-02
1.092841199999999624e+00,7.190929691543612723e-02
1.092981399999999548e+00,7.190902006536559199e-02
1.093121599999999471e+00,7.190874330331198383e-02
1.093261799999999395e+00,7.190846662924732513e-02
1.093401999999999319e+00,7.190819004314363827e-02
1.093542199999999243e+00,7.190791354497294563e-02
1.093682399999999166e+00,7.190763713470726959e-02
1.093822599999999090e+00,7.190736081231874355e-02
1.093962799999999014e+00,7.190708457777938989e-02
1.094009999999999927e+00,7.190699159008717700e-02
1.094150399999999967e+00,7.190671719867214318e-02
1.094290800000000008e+00,7.190644289394709787e-02
1.094431200000000048e+00,7.190616867588472960e-02
1.094571600000000089e+00,7.190589454445761586e-02
1.094712000000000129e+00,7.190562049963844515e-02
1.094852400000000170e+00,7.190534654139979498e-02
1.094992800000000210e+00,7.190507266971435385e-02
1.095133200000000251e+00,7.190479888455469926e-02
1.095273600000000291e+00,7.190452518589351971e-02
1.095414000000000332e+00,7.190425157370350373e-02
1.095554400000000372e+00,7.190397804795733983e-02
1.095694800000000413e+00,7.190370460862771651e-02
1.095835200000000453e+00,7.190343125568743332e-02
1.095975600000000494e+00,7.190315798910906775e-02
1.096030000000000060e+00,7.190305212100556176e-02
1.096170199999999983e+00,7.190277878404571776e-02
1.096310399999999907e+00,7.190250553350285845e-02
1.096450599999999831e+00,7.190223236934978335e-02
1.096590799999999755e+00,7.190195929155906995e-02
1.096730999999999678e+00,7.190168630010340678e-02
1.096871199999999602e+00,7.190141339495559336e-02
1.097011399999999526e+00,7.190114057608820719e-02
1.097151599999999450e+00,7.190086784347404780e-02
1.097291799999999373e+00,7.190059519708591473e-02
1.097431999999999297e+00,7.190032263689638548e-02
1.097572199999999221e+00,7.190005016287837059e-02
1.097712399999999144e+00,7.189977777500455858e-02
1.097852599999999068e+00,7.189950547324763797e-02
1.097992799999998992e+00,7.189923325758051931e-02
1.098039999999999905e+00,7.189914162269028797e-02
1.098179000000000016e+00,7.189886429719483107e-02
1.098318000000000128e+00,7.189858706106100339e-02
1.098457000000000239e+00,7.189830991425993911e-02
1.098596000000000350e+00,7.189803285676288347e-02
1.098735000000000461e+00,7.189775588854119270e-02
1.098874000000000573e+00,7.189747900956589000e-02
1.099013000000000684e+00,7.189720221980833159e-02
1.099152000000000795e+00,7.189692551923976271e-02
1.099291000000000906e+00,7.189664890783142859e-02
1.099430000000001018e+00,7.189637238555457444e-02
1.099569000000001129e+00,7.189609595238055650e-02
1.099708000000001240e+00,7.189581960828062002e-02
1.099847000000001351e+00,7.189554335322601020e-02
1.099986000000001463e+00,7.189526718718808329e-02
1.099990000000000023e+00,7.189525924003770108e-02
1.100130400000000064e+00,7.189499076022520807e-02
1.100270800000000104e+00,7.189472236454419463e-02
1.100411200000000145e+00,7.189445405296812641e-02
1.100551600000000185e+00,7.189418582547080216e-02
1.100692000000000226e+00,7.189391768202579858e-02
1.100832400000000266e+00,7.189364962260680336e-02
1.100972800000000307e+00,7.189338164718750424e-02
1.101113200000000347e+00,7.189311375574158891e-02
1.101253600000000388e+00,7.189284594824263408e-02
1.101394000000000428e+00,7.189257822466443848e-02
1.101534400000000469e+00,7.189231058498068982e-02
1.101674800000000509e+00,7.189204302916507583e-02
1.101815200000000550e+00,7.189177555719139523e-02
1.101955600000000590e+00,7.189150816903322472e-02
1.102009999999999934e+00,7.189140457822595920e-02
1.102150199999999858e+00,7.189113712649397581e-02
1.102290399999999781e+00,7.189086975862768458e-02
1.102430599999999705e+00,7.189060247460077324e-02
1.102570799999999629e+00,7.189033527438681848e-02
1.102710999999999553e+00,7.189006815795961902e-02
1.102851199999999476e+00,7.188980112529297362e-02
1.102991399999999400e+00,7.188953417636056997e-02
1.103131599999999324e+00,7.188926731113609581e-02
1.103271799999999248e+00,7.188900052959334985e-02
1.103411999999999171e+00,7.188873383170613085e-02
1.103552199999999095e+00,7.188846721744812651e-02
1.103692399999999019e+00,7.188820068679313557e-02
1.103832599999998942e+00,7.188793423971495677e-02
1.103972799999998866e+00,7.188766787618738885e-02
1.104020000000000001e+00,7.188757821120173030e-02
1.104160199999999925e+00,7.188731268732817536e-02
1.104300399999999849e+00,7.188704724648797839e-02
1.104440599999999773e+00,7.188678188865527119e-02
1.104580799999999696e+00,7.188651661380418556e-02
1.104720999999999620e+00,7.188625142190863127e-02
1.104861199999999544e+00,7.188598631294274011e-02
1.105001399999999467e+00,7.188572128688053287e-02
1.105141599999999391e+00,7.188545634369614135e-02
1.105281799999999315e+00,7.188519148336358633e-02
1.105421999999999239e+00,7.188492670585699962e-02
1.105562199999999162e+00,7.188466201115040199e-02
1.105702399999999086e+00,7.188439739921803628e-02
1.105842599999999010e+00,7.188413287003392327e-02
1.105982799999998933e+00,7.188386842357219475e-02
1.106030000000000069e+00,7.188377940389578669e-02
1.106169200000000075e+00,7.188351097069245466e-02
1.106308400000000081e+00,7.188324262273348975e-02
1.106447600000000087e+00,7.188297435999191354e-02
1.106586800000000093e+00,7.188270618244052557e-02
1.106726000000000099e+00,7.188243809005234741e-02
1.106865200000000105e+00,7.188217008280028963e-02
1.107004400000000111e+00,7.188190216065737381e-02
1.107143600000000117e+00,7.188163432359651051e-02
1.107282800000000123e+00,7.188136657159083232e-02
1.107422000000000128e+00,7.188109890461313878e-02
1.107561200000000134e+00,7.188083132263656250e-02
1.107700400000000140e+00,7.188056382563401403e-02
1.107839600000000146e+00,7.188029641357851496e-02
1.107978800000000152e+00,7.188002908644319788e-02
1.107990000000000030e+00,7.188000757791312978e-02
1.108130199999999954e+00,7.187974584694356572e-02
1.108270399999999878e+00,7.187948419737810735e-02
1.108410599999999802e+00,7.187922262919133054e-02
1.108550799999999725e+00,7.187896114235792222e-02
1.108690999999999649e+00,7.187869973685256930e-02
1.108831199999999573e+00,7.187843841264995870e-02
1.108971399999999496e+00,7.187817716972488835e-02
1.109111599999999420e+00,7.187791600805204517e-02
1.109251799999999344e+00,7.187765492760611608e-02
1.109391999999999268e+00,7.187739392836189900e-02
1.109532199999999191e+00,7.187713301029408086e-02
1.109672399999999115e+00,7.187687217337745960e-02
1.109812599999999039e+00,7.187661141758672212e-02
1.109952799999998962e+00,7.187635074289666637e-02
1.110000000000000098e+00,7.187626299284821663e-02
1.110140400000000138e+00,7.187600403589966547e-02
1.110280800000000179e+00,7.187574515899486371e-02
1.110421200000000219e+00,7.187548636210894237e-02
1.110561600000000260e+00,7.187522764521747654e-02
1.110702000000000300e+00,7.187496900829559721e-02
1.110842400000000341e+00,7.187471045131854641e-02
1.110982800000000381e+00,7.187445197426156618e-02
1.111123200000000422e+00,7.187419357709989853e-02
1.111263600000000462e+00,7.187393525980911857e-02
1.111404000000000503e+00,7.187367702236435729e-02
1.111544400000000543e+00,7.187341886474096775e-02
1.111684800000000584e+00,7.187316078691430299e-02
1.111825200000000624e+00,7.187290278885949402e-02
1.111965600000000665e+00,7.187264487055222695e-02
1.112020000000000008e+00,7.187254494836425867e-02
1.112160199999999932e+00,7.187228694252645322e-02
1.112300399999999856e+00,7.187202901649969444e-02
1.112440599999999780e+00,7.187177117025933537e-02
1.112580799999999703e+00,7.187151340378072906e-02
1.112720999999999627e+00,7.187125571703911753e-02
1.112861199999999551e+00,7.187099811000985383e-02
1.113001399999999474e+00,7.187074058266829102e-02
1.113141599999999398e+00,7.187048313498978214e-02
1.113281799999999322e+00,7.187022576694968024e-02
1.113421999999999246e+00,7.186996847852333836e-02
1.113562199999999169e+00,7.186971126968610957e-02
1.113702399999999093e+00,7.186945414041345792e-02
1.113842599999999017e+00,7.186919709068073647e-02
1.113982799999998941e+00,7.186894012046329827e-02
1.114030000000000076e+00,7.186885361739014932e-02
1.114170199999999999e+00,7.186859742197415635e-02
1.114310399999999923e+00,7.186834130560271205e-02
1.114450599999999847e+00,7.186808526825183563e-02
1.114590799999999771e+00,7.186782930989676910e-02
1.114730999999999694e+00,7.186757343051353164e-02
1.114871199999999618e+00,7.186731763007736529e-02
1.115011399999999542e+00,7.186706190856428922e-02
1.115151599999999465e+00,7.186680626594954546e-02
1.115291799999999389e+00,7.186655070220926422e-02
1.115431999999999313e+00,7.186629521731868753e-02
1.115572199999999237e+00,7.186603981125372353e-02
1.115712399999999160e+00,7.186578448398983632e-02
1.115852599999999084e+00,7.186552923550304506e-02
1.115992799999999008e+00,7.186527406576870280e-02
1.116039999999999921e+00,7.186518816876319438e-02
1.116179199999999927e+00,7.186492918638254235e-02
1.116318399999999933e+00,7.186467028513410238e-02
1.116457599999999939e+00,7.186441146499200627e-02
1.116596799999999945e+00,7.186415272593116299e-02
1.116735999999999951e+00,7.186389406792625945e-02
1.116875199999999957e+00,7.186363549095153846e-02
1.117014399999999963e+00,7.186337699498179798e-02
1.117153599999999969e+00,7.186311857999172492e-02
1.117292799999999975e+00,7.186286024595600619e-02
1.117431999999999981e+00,7.186260199284899564e-02
1.117571199999999987e+00,7.186234382064560222e-02
1.117710399999999993e+00,7.186208572932051286e-02
1.117849599999999999e+00,7.186182771884819243e-02
1.117988800000000005e+00,7.186156978920332783e-02
1.118000000000000105e+00,7.186154903676666983e-02
1.118140200000000029e+00,7.186129645482486339e-02
1.118280399999999952e+00,7.186104395039560888e-02
1.118420599999999876e+00,7.186079152345514753e-02
1.118560799999999800e+00,7.186053917397983160e-02
1.118700999999999723e+00,7.186028690194568025e-02
1.118841199999999647e+00,7.186003470732904574e-02
1.118981399999999571e+00,7.185978259010616931e-02
1.119121599999999495e+00,7.185953055025329217e-02
1.119261799999999418e+00,7.185927858774665555e-02
1.119401999999999342e+00,7.185902670256250069e-02
1.119542199999999266e+00,7.185877489467717982e-02
1.119682399999999189e+00,7.185852316406693419e-02
1.119822599999999113e+00,7.185827151070800500e-02
1.119962799999999037e+00,7.185801993457674453e-02
1.120009999999999950e+00,7.185793524722772219e-02
1.120150399999999991e+00,7.185768537063963457e-02
1.120290800000000031e+00,7.185743557024737438e-02
1.120431200000000072e+00,7.185718584602729386e-02
1.120571600000000112e+00,7.185693619795652243e-02
1.120712000000000153e+00,7.185668662601152334e-02
1.120852400000000193e+00,7.185643713016920398e-02
1.120992800000000233e+00,7.185618771040658270e-02
1.121133200000000274e+00,7.185593836670012280e-02
1.121273600000000314e+00,7.185568909902684265e-02
1.121414000000000355e+00,7.185543990736331654e-02
1.121554400000000395e+00,7.185519079168656287e-02
1.121694800000000436e+00,7.185494175197360001e-02
1.121835200000000476e+00,7.185469278820089123e-02
1.121975600000000517e+00,7.185444390034556594e-02
1.122030000000000083e+00,7.185434747656116450e-02
1.122170200000000007e+00,7.185409843545598196e-02
1.122310399999999930e+00,7.185384947037054548e-02
1.122450599999999854e+00,7.185360058128154037e-02
1.122590799999999778e+00,7.185335176816609604e-02
1.122730999999999701e+00,7.185310303100078677e-02
1.122871199999999625e+00,7.185285436976240891e-02
1.123011399999999549e+00,7.185260578442786983e-02
1.123151599999999473e+00,7.185235727497385483e-02
1.123291799999999396e+00,7.185210884137738230e-02
1.123431999999999320e+00,7.185186048361524858e-02
1.123572199999999244e+00,7.185161220166425000e-02
1.123712399999999167e+00,7.185136399550129394e-02
1.123852599999999091e+00,7.185111586510306569e-02
1.123992799999999015e+00,7.185086781044680571e-02
1.124039999999999928e+00,7.185078430847580133e-02
1.124179000000000039e+00,7.185053163540522370e-02
1.124318000000000151e+00,7.185027904093110873e-02
1.124457000000000262e+00,7.185002652502903153e-02
1.124596000000000373e+00,7.184977408767456719e-02
1.124735000000000484e+00,7.184952172884329080e-02
1.124874000000000596e+00,7.184926944851077746e-02
1.125013000000000707e+00,7.184901724665260225e-02
1.125152000000000818e+00,7.184876512324434028e-02
1.125291000000000929e+00,7.184851307826156663e-02
1.125430000000001041e+00,7.184826111167996743e-02
1.125569000000001152e+00,7.184800922347511776e-02
1.125708000000001263e+00,7.184775741362259271e-02
1.125847000000001374e+00,7.184750568209796739e-02
1.125986000000001486e+00,7.184725402887703893e-02
1.125990000000000046e+00,7.184724678712250956e-02
1.126130400000000087e+00,7.184700209110705948e-02
1.126270800000000127e+00,7.184675746912616567e-02
1.126411200000000168e+00,7.184651292115740162e-02
1.126551600000000208e+00,7.184626844717845184e-02
1.126692000000000249e+00,7.184602404716688984e-02
1.126832400000000289e+00,7.184577972110028909e-02
1.126972800000000330e+00,7.184553546895633414e-02
1.127113200000000370e+00,7.184529129071270948e-02
1.127253600000000411e+00,7.184504718634698861e-02
1.127394000000000451e+00,7.184480315583685606e-02
1.127534400000000492e+00,7.184455919915988531e-02
1.127674800000000532e+00,7.184431531629376089e-02
1.127815200000000573e+00,7.184407150721627833e-02
1.127955600000000613e+00,7.184382777190501113e-02
1.128009999999999957e+00,7.184373334422500257e-02
1.128150199999999881e+00,7.184348952176133896e-02
1.128290399999999805e+00,7.184324577312528604e-02
1.128430599999999728e+00,7.184300209829452832e-02
1.128570799999999652e+00,7.184275849724663932e-02
1.128710999999999576e+00,7.184251496995941455e-02
1.128851199999999499e+00,7.184227151641042752e-02
1.128991399999999423e+00,7.184202813657736275e-02
1.129131599999999347e+00,7.184178483043790475e-02
1.129271799999999271e+00,7.184154159796973804e-02
1.129411999999999194e+00,7.184129843915054714e-02
1.129552199999999118e+00,7.184105535395812758e-02
1.129692399999999042e+00,7.184081234237005287e-02
1.129832599999998966e+00,7.184056940436411853e-02
1.129972799999998889e+00,7.184032653991800910e-02
1.130020000000000024e+00,7.184024478504591471e-02
1.130160400000000065e+00,7.184000351909514137e-02
1.130300800000000105e+00,7.183976232574640353e-02
1.130441200000000146e+00,7.183952120497805183e-02
1.130581600000000186e+00,7.183928015676810386e-02
1.130722000000000227e+00,7.183903918109468822e-02
1.130862400000000267e+00,7.183879827793593353e-02
1.131002800000000308e+00,7.183855744727019044e-02
1.131143200000000348e+00,7.183831668907558754e-02
1.131283600000000389e+00,7.183807600333025345e-02
1.131424000000000429e+00,7.183783539001242779e-02
1.131564400000000470e+00,7.183759484910035020e-02
1.131704800000000510e+00,7.183735438057226030e-02
1.131845200000000551e+00,7.183711398440628670e-02
1.131985600000000591e+00,7.183687366058055801e-02
1.132039999999999935e+00,7.183678055451581113e-02
1.132179000000000046e+00,7.183653483066887446e-02
1.132318000000000158e+00,7.183628918245854589e-02
1.132457000000000269e+00,7.183604360986162174e-02
1.132596000000000380e+00,7.183579811285478733e-02
1.132735000000000491e+00,7.183555269141483901e-02
1.132874000000000603e+00,7.183530734551846209e-02
1.133013000000000714e+00,7.183506207514234188e-02
1.133152000000000825e+00,7.183481688026327472e-02
1.133291000000000937e+00,7.183457176085794593e-02
1.133430000000001048e+00,7.183432671690337390e-02
1.133569000000001159e+00,7.183408174837613291e-02
1.133708000000001270e+00,7.183383685525301932e-02
1.133847000000001382e+00,7.183359203751094046e-02
1.133986000000001493e+00,7.183334729512658168e-02
1.133990000000000054e+00,7.183334025224252795e-02
1.134130199999999977e+00,7.183310145507926237e-02
1.134270399999999901e+00,7.183286272965772046e-02
1.134410599999999825e+00,7.183262407595636390e-02
1.134550799999999748e+00,7.183238549395365435e-02
1.134690999999999672e+00,7.183214698362794248e-02
1.134831199999999596e+00,7.183190854495780098e-02
1.134971399999999520e+00,7.183167017792158049e-02
1.135111599999999443e+00,7.183143188249785371e-02
1.135251799999999367e+00,7.183119365866508232e-02
1.135391999999999291e+00,7.183095550640183902e-02
1.135532199999999214e+00,7.183071742568647444e-02
1.135672399999999138e+00,7.183047941649756130e-02
1.135812599999999062e+00,7.183024147881367227e-02
1.135952799999998986e+00,7.183000361261326905e-02
1.135999999999999899e+00,7.182992354022477155e-02
1.136140399999999939e+00,7.182968726032845641e-02
1.136280799999999980e+00,7.182945105097260363e-02
1.136421200000000020e+00,7.182921491213600795e-02
1.136561600000000061e+00,7.182897884379768616e-02
1.136702000000000101e+00,7.182874284593654401e-02
1.136842400000000142e+00,7.182850691853159830e-02
1.136982800000000182e+00,7.182827106156175478e-02
1.137123200000000223e+00,7.182803527500603025e-02
1.137263600000000263e+00,7.182779955884344147e-02
1.137404000000000304e+00,7.182756391305289423e-02
1.137544400000000344e+00,7.182732833761340530e-02
1.137684800000000385e+00,7.182709283250399146e-02
1.137825200000000425e+00,7.182685739770366951e-02
1.137965600000000466e+00,7.182662203319134520e-02
1.138020000000000032e+00,7.182653084837575808e-02
1.138160199999999955e+00,7.182629535769469165e-02
1.138300399999999879e+00,7.182605993738522265e-02
1.138440599999999803e+00,7.182582458742625686e-02
1.138580799999999726e+00,7.182558930779692208e-02
1.138720999999999650e+00,7.182535409847601304e-02
1.138861199999999574e+00,7.182511895944265756e-02
1.139001399999999498e+00,7.182488389067576140e-02
1.139141599999999421e+00,7.182464889215445236e-02
1.139281799999999345e+00,7.182441396385763621e-02
1.139421999999999269e+00,7.182417910576432973e-02
1.139562199999999192e+00,7.182394431785366073e-02
1.139702399999999116e+00,7.182370960010453498e-02
1.139842599999999040e+00,7.182347495249608027e-02
1.139982799999998964e+00,7.182324037500720237e-02
1.140030000000000099e+00,7.182316140964806195e-02
1.140170400000000139e+00,7.182292834224435207e-02
1.140310800000000180e+00,7.182269534406737765e-02
1.140451200000000220e+00,7.182246241509659956e-02
1.140591600000000261e+00,7.182222955531147868e-02
1.140732000000000301e+00,7.182199676469136485e-02
1.140872400000000342e+00,7.182176404321582996e-02
1.141012800000000382e+00,7.182153139086422389e-02
1.141153200000000423e+00,7.182129880761611851e-02
1.141293600000000463e+00,7.182106629345097470e-02
1.141434000000000504e+00,7.182083384834825335e-02
1.141574400000000544e+00,7.182060147228741531e-02
1.141714800000000585e+00,7.182036916524792147e-02
1.141855200000000625e+00,7.182013692720934372e-02
1.141995600000000666e+00,7.181990475815125397e-02
1.142050000000000010e+00,7.181981481126409328e-02
1.142188999999999899e+00,7.181957744892497608e-02
1.142327999999999788e+00,7.181934015869506638e-02
1.142466999999999677e+00,7.181910294055238175e-02
1.142605999999999566e+00,7.181886579447505081e-02
1.142744999999999456e+00,7.181862872044131318e-02
1.142883999999999345e+00,7.181839171842918645e-02
1.143022999999999234e+00,7.181815478841668821e-02
1.143161999999999123e+00,7.181791793038216909e-02
1.143300999999999013e+00,7.181768114430353567e-02
1.143439999999998902e+00,7.181744443015902757e-02
1.143578999999998791e+00,7.181720778792688442e-02
1.143717999999998680e+00,7.181697121758512381e-02
1.143856999999998569e+00,7.181673471911198536e-02
1.143995999999998459e+00,7.181649829248559769e-02
1.143999999999999906e+00,7.181649148890123513e-02
1.144140199999999830e+00,7.181626078801472968e-02
1.144280399999999753e+00,7.181603015553772451e-02
1.144420599999999677e+00,7.181579959145001357e-02
1.144560799999999601e+00,7.181556909573127978e-02
1.144700999999999524e+00,7.181533866836120605e-02
1.144841199999999448e+00,7.181510830931958633e-02
1.144981399999999372e+00,7.181487801858621456e-02
1.145121599999999296e+00,7.181464779614077365e-02
1.145261799999999219e+00,7.181441764196294653e-02
1.145401999999999143e+00,7.181418755603263815e-02
1.145542199999999067e+00,7.181395753832953144e-02
1.145682399999998990e+00,7.181372758883330931e-02
1.145822599999998914e+00,7.181349770752387673e-02
1.145962799999998838e+00,7.181326789438091662e-02
1.146009999999999973e+00,7.181319053277435138e-02
1.146150400000000014e+00,7.181296222703870136e-02
1.146290800000000054e+00,7.181273398858500912e-02
1.146431200000000095e+00,7.181250581739340166e-02
1.146571600000000135e+00,7.181227771344411703e-02
1.146712000000000176e+00,7.181204967671728223e-02
1.146852400000000216e+00,7.181182170719302427e-02
1.146992800000000257e+00,7.181159380485169219e-02
1.147133200000000297e+00,7.181136596967330199e-02
1.147273600000000338e+00,7.181113820163820272e-02
1.147414000000000378e+00,7.181091050072663240e-02
1.147554400000000419e+00,7.181068286691871805e-02
1.147694800000000459e+00,7.181045530019469769e-02
1.147835200000000500e+00,7.181022780053480936e-02
1.147975600000000540e+00,7.181000036791929109e-02
1.148030000000000106e+00,7.180991225594435257e-02
1.148170200000000030e+00,7.180968470788640090e-02
1.148310399999999953e+00,7.180945722694853650e-02
1.148450599999999877e+00,7.180922981311110842e-02
1.148590799999999801e+00,7.180900246635413264e-02
1.148730999999999725e+00,7.180877518665784720e-02
1.148871199999999648e+00,7.180854797400260114e-02
1.149011399999999572e+00,7.180832082836852148e-02
1.149151599999999496e+00,7.180809374973584625e-02
1.149291799999999419e+00,7.180786673808492449e-02
1.149431999999999343e+00,7.180763979339588321e-02
1.149572199999999267e+00,7.180741291564896045e-02
1.149712399999999191e+00,7.180718610482439423e-02
1.149852599999999114e+00,7.180695936090253362e-02
1.149992799999999038e+00,7.180673268386361663e-02
1.150039999999999951e+00,7.180665637791827649e-02
1.150179000000000062e+00,7.180642541812931601e-02
1.150318000000000174e+00,7.180619452778136402e-02
1.150457000000000285e+00,7.180596370685354835e-02
1.150596000000000396e+00,7.180573295532499678e-02
1.150735000000000507e+00,7.180550227317483714e-02
1.150874000000000619e+00,7.180527166038219722e-02
1.151013000000000730e+00,7.180504111692631586e-02
1.151152000000000841e+00,7.180481064278620984e-02
1.151291000000000952e+00,7.180458023794111799e-02
1.151430000000001064e+00,7.180434990237016812e-02
1.151569000000001175e+00,7.180411963605259906e-02
1.151708000000001286e+00,7.180388943896753862e-02
1.151847000000001398e+00,7.180365931109422561e-02
1.151986000000001509e+00,7.180342925241178786e-02
1.151990000000000069e+00,7.180342263207539766e-02
1.152130400000000110e+00,7.180319893451236890e-02
1.152270800000000150e+00,7.180297530236745551e-02
1.152411200000000191e+00,7.180275173562145063e-02
1.152551600000000231e+00,7.180252823425536945e-02
1.152692000000000272e+00,7.180230479825000511e-02
1.152832400000000312e+00,7.180208142758626177e-02
1.152972800000000353e+00,7.180185812224493258e-02
1.153113200000000393e+00,7.180163488220703272e-02
1.153253600000000434e+00,7.180141170745346635e-02
1.153394000000000474e+00,7.180118859796513764e-02
1.153534400000000515e+00,7.180096555372283973e-02
1.153674800000000555e+00,7.180074257470769883e-02
1.153815200000000596e+00,7.180051966090050808e-02
1.153955600000000636e+00,7.180029681228217164e-02
1.154009999999999980e+00,7.180021047616436114e-02
1.154150199999999904e+00,7.179998753418370683e-02
1.154290399999999828e+00,7.179976465745396830e-02
1.154430599999999751e+00,7.179954184595604971e-02
1.154570799999999675e+00,7.179931909967096626e-02
1.154710999999999599e+00,7.179909641857951108e-02
1.154851199999999523e+00,7.179887380266258834e-02
1.154991399999999446e+00,7.179865125190121322e-02
1.155131599999999370e+00,7.179842876627628989e-02
1.155271799999999294e+00,7.179820634576861149e-02
1.155411999999999217e+00,7.179798399035930423e-02
1.155552199999999141e+00,7.179776170002927227e-02
1.155692399999999065e+00,7.179753947475941978e-02
1.155832599999998989e+00,7.179731731453076193e-02
1.155972799999998912e+00,7.179709521932420291e-02
1.156020000000000048e+00,7.179702045569646973e-02
1.156160400000000088e+00,7.179679976851194301e-02
1.156300800000000129e+00,7.179657914553405629e-02
1.156441200000000169e+00,7.179635858674415783e-02
1.156581600000000210e+00,7.179613809212348485e-02
1.156722000000000250e+00,7.179591766165338562e-02
1.156862400000000290e+00,7.179569729531520839e-02
1.157002800000000331e+00,7.179547699309030140e-02
1.157143200000000371e+00,7.179525675496001291e-02
1.157283600000000412e+00,7.179503658090569118e-02
1.157424000000000452e+00,7.179481647090879548e-02
1.157564400000000493e+00,7.179459642495045202e-02
1.157704800000000533e+00,7.179437644301223109e-02
1.157845200000000574e+00,7.179415652507548096e-02
1.157985600000000614e+00,7.179393667112154986e-02
1.158039999999999958e+00,7.179385149514849740e-02
1.158179000000000070e+00,7.179362670190447826e-02
1.158318000000000181e+00,7.179340197555805769e-02
1.158457000000000292e+00,7.179317731608925168e-02
1.158596000000000403e+00,7.179295272347818724e-02
1.158735000000000515e+00,7.179272819770499137e-02
1.158874000000000626e+00,7.179250373874979108e-02
1.159013000000000737e+00,7.179227934659260235e-02
1.159152000000000848e+00,7.179205502121366322e-02
1.159291000000000960e+00,7.179183076259298968e-02
1.159430000000001071e+00,7.179160657071081975e-02
1.159569000000001182e+00,7.179138244554728043e-02
1.159708000000001293e+00,7.179115838708249875e-02
1.159847000000001405e+00,7.179093439529649068e-02
1.159986000000001516e+00,7.179071047016960527e-02
1.159990000000000077e+00,7.179070402633624948e-02
1.160130200000000000e+00,7.179048552635980407e-02
1.160270399999999924e+00,7.179026708985214444e-02
1.160410599999999848e+00,7.179004871679472988e-02
1.160550799999999771e+00,7.178983040716924169e-02
1.160690999999999695e+00,7.178961216095725018e-02
1.160831199999999619e+00,7.178939397814032564e-02
1.160971399999999543e+00,7.178917585869992735e-02
1.161111599999999466e+00,7.178895780261784765e-02
1.161251799999999390e+00,7.178873980987554582e-02
1.161391999999999314e+00,7.178852188045470317e-02
1.161532199999999238e+00,7.178830401433677899e-02
1.161672399999999161e+00,7.178808621150356561e-02
1.161812599999999085e+00,7.178786847193663334e-02
1.161952799999999009e+00,7.178765079561755247e-02
1.161999999999999922e+00,7.178757751945985532e-02
1.162140399999999962e+00,7.178736126554174923e-02
1.162280800000000003e+00,7.178714507405370426e-02
1.162421200000000043e+00,7.178692894497773480e-02
1.162561600000000084e+00,7.178671287829585523e-02
1.162702000000000124e+00,7.178649687398996893e-02
1.162842400000000165e+00,7.178628093204209026e-02
1.162982800000000205e+00,7.178606505243434466e-02
1.163123200000000246e+00,7.178584923514852445e-02
1.163263600000000286e+00,7.178563348016675505e-02
1.163404000000000327e+00,7.178541778747105084e-02
1.163544400000000367e+00,7.178520215704342622e-02
1.163684800000000408e+00,7.178498658886589556e-02
1.163825200000000448e+00,7.178477108292058428e-02
1.163965600000000489e+00,7.178455563918939575e-02
1.164020000000000055e+00,7.178447217175520922e-02
1.164160199999999978e+00,7.178425657404319260e-02
1.164300399999999902e+00,7.178404103864133301e-02
1.164440599999999826e+00,7.178382556553153382e-02
1.164580799999999750e+00,7.178361015469580941e-02
1.164720999999999673e+00,7.178339480611617418e-02
1.164861199999999597e+00,7.178317951977464251e-02
1.165001399999999521e+00,7.178296429565322878e-02
1.165141599999999444e+00,7.178274913373394739e-02
1.165281799999999368e+00,7.178253403399881272e-02
1.165421999999999292e+00,7.178231899642983915e-02
1.165562199999999216e+00,7.178210402100904108e-02
1.165702399999999139e+00,7.178188910771854392e-02
1.165842599999999063e+00,7.178167425654036204e-02
1.165982799999998987e+00,7.178145946745650985e-02
1.166029999999999900e+00,7.178138716319015789e-02
1.166170399999999940e+00,7.178117378781445623e-02
1.166310799999999981e+00,7.178096047372439781e-02
1.166451200000000021e+00,7.178074722090233006e-02
1.166591600000000062e+00,7.178053402933071148e-02
1.166732000000000102e+00,7.178032089899188950e-02
1.166872400000000143e+00,7.178010782986832261e-02
1.167012800000000183e+00,7.177989482194235826e-02
1.167153200000000224e+00,7.177968187519645493e-02
1.167293600000000264e+00,7.177946898961296007e-02
1.167434000000000305e+00,7.177925616517444318e-02
1.167574400000000345e+00,7.177904340186336274e-02
1.167714800000000386e+00,7.177883069966206619e-02
1.167855200000000426e+00,7.177861805855301203e-02
1.167995600000000467e+00,7.177840547851865871e-02
1.168050000000000033e+00,7.177832312049403640e-02
1.168188999999999922e+00,7.177810572339204942e-02
1.168327999999999811e+00,7.177788839017118505e-02
1.168466999999999700e+00,7.177767112081268053e-02
1.168605999999999590e+00,7.177745391529788410e-02
1.168744999999999479e+00,7.177723677360769994e-02
1.168883999999999368e+00,7.177701969572358731e-02
1.169022999999999257e+00,7.177680268162667243e-02
1.169161999999999146e+00,7.177658573129830355e-02
1.169300999999999036e+00,7.177636884471982892e-02
1.169439999999998925e+00,7.177615202187237475e-02
1.169578999999998814e+00,7.177593526273728930e-02
1.169717999999998703e+00,7.177571856729592081e-02
1.169856999999998592e+00,7.177550193552939550e-02
1.169995999999998482e+00,7.177528536741906162e-02
1.169999999999999929e+00,7.177527913529602177e-02
1.170140199999999853e+00,7.177506782009657194e-02
1.170280399999999776e+00,7.177485656550330884e-02
1.170420599999999700e+00,7.177464537149880197e-02
1.170560799999999624e+00,7.177443423806573186e-02
1.170700999999999548e+00,7.177422316518666801e-02
1.170841199999999471e+00,7.177401215284429092e-02
1.170981399999999395e+00,7.177380120102117012e-02
1.171121599999999319e+00,7.177359030969998610e-02
1.171261799999999242e+00,7.177337947886341940e-02
1.171401999999999166e+00,7.177316870849415054e-02
1.171542199999999090e+00,7.177295799857474901e-02
1.171682399999999014e+00,7.177274734908789533e-02
1.171822599999998937e+00,7.177253676001627003e-02
1.171962799999998861e+00,7.177232623134255363e-02
1.172009999999999996e+00,7.177225536120179772e-02
1.172150400000000037e+00,7.177204616838139817e-02
1.172290800000000077e+00,7.177183703520051417e-02
1.172431200000000118e+00,7.177162796164227032e-02
1.172571600000000158e+00,7.177141894768968022e-02
1.172712000000000199e+00,7.177120999332564644e-02
1.172852400000000239e+00,7.177100109853329357e-02
1.172992800000000280e+00,7.177079226329563522e-02
1.173133200000000320e+00,7.177058348759568496e-02
1.173273600000000361e+00,7.177037477141645638e-02
1.173414000000000401e+00,7.177016611474096308e-02
1.173554400000000442e+00,7.176995751755221864e-02
1.173694800000000482e+00,7.176974897983323665e-02
1.173835200000000523e+00,7.176954050156714171e-02
1.173975600000000563e+00,7.176933208273694742e-02
1.174029999999999907e+00,7.176925133678468960e-02
1.174170199999999831e+00,7.176904279725426772e-02
1.174310399999999754e+00,7.176883431723524165e-02
1.174450599999999678e+00,7.176862589671051396e-02
1.174590799999999602e+00,7.176841753566320925e-02
1.174730999999999526e+00,7.176820923407634112e-02
1.174871199999999449e+00,7.176800099193292315e-02
1.175011399999999373e+00,7.176779280921596893e-02
1.175151599999999297e+00,7.176758468590849205e-02
1.175291799999999220e+00,7.176737662199361711e-02
1.175431999999999144e+00,7.176716861745435772e-02
1.175572199999999068e+00,7.176696067227372744e-02
1.175712399999998992e+00,7.176675278643485090e-02
1.175852599999998915e+00,7.176654495992085270e-02
1.175992799999998839e+00,7.176633719271463541e-02
1.176039999999999974e+00,7.176626725213119951e-02
1.176179199999999980e+00,7.176605633641952586e-02
1.176318399999999986e+00,7.176584548183262413e-02
1.176457599999999992e+00,7.176563468835295279e-02
1.176596799999999998e+00,7.176542395596263724e-02
1.176736000000000004e+00,7.176521328464413596e-02
1.176875200000000010e+00,7.176500267437968539e-02
1.177014400000000016e+00,7.176479212515152195e-02
1.177153600000000022e+00,7.176458163694199310e-02
1.177292800000000028e+00,7.176437120973355732e-02
1.177432000000000034e+00,7.176416084350834002e-02
1.177571200000000040e+00,7.176395053824879966e-02
1.177710400000000046e+00,7.176374029393717269e-02
1.177849600000000052e+00,7.176353011055591757e-02
1.177988800000000058e+00,7.176331998808715973e-02
1.177999999999999936e+00,7.176330308207601316e-02
1.178140199999999860e+00,7.176309725562390884e-02
1.178280399999999783e+00,7.176289148762049486e-02
1.178420599999999707e+00,7.176268577804922888e-02
1.178560799999999631e+00,7.176248012689334654e-02
1.178700999999999555e+00,7.176227453413652757e-02
1.178841199999999478e+00,7.176206899976200759e-02
1.178981399999999402e+00,7.176186352375324429e-02
1.179121599999999326e+00,7.176165810609358431e-02
1.179261799999999250e+00,7.176145274676659636e-02
1.179401999999999173e+00,7.176124744575562708e-02
1.179542199999999097e+00,7.176104220304424519e-02
1.179682399999999021e+00,7.176083701861579733e-02
1.179822599999998944e+00,7.176063189245363017e-02
1.179962799999998868e+00,7.176042682454142341e-02
1.180010000000000003e+00,7.176035779258771452e-02
1.180150199999999927e+00,7.176015333844953936e-02
1.180290399999999851e+00,7.175994894221882081e-02
1.180430599999999774e+00,7.175974460387868348e-02
1.180570799999999698e+00,7.175954032341302913e-02
1.180710999999999622e+00,7.175933610080542646e-02
1.180851199999999546e+00,7.175913193603955520e-02
1.180991399999999469e+00,7.175892782909876200e-02
1.181131599999999393e+00,7.175872377996683760e-02
1.181271799999999317e+00,7.175851978862746172e-02
1.181411999999999241e+00,7.175831585506442512e-02
1.181552199999999164e+00,7.175811197926096341e-02
1.181692399999999088e+00,7.175790816120086735e-02
1.181832599999999012e+00,7.175770440086792767e-02
1.181972799999998935e+00,7.175750069824582411e-02
1.182020000000000071e+00,7.175743212587204489e-02
1.182160400000000111e+00,7.175722972108677933e-02
1.182300800000000152e+00,7.175702737328459868e-02
1.182441200000000192e+00,7.175682508244951574e-02
1.182581600000000233e+00,7.175662284856543227e-02
1.182722000000000273e+00,7.175642067161636106e-02
1.182862400000000314e+00,7.175621855158620388e-02
1.183002800000000354e+00,7.175601648845908453e-02
1.183143200000000395e+00,7.175581448221879377e-02
1.183283600000000435e+00,7.175561253284945540e-02
1.183424000000000476e+00,7.175541064033497118e-02
1.183564400000000516e+00,7.175520880465935392e-02
1.183704800000000557e+00,7.175500702580672741e-02
1.183845200000000597e+00,7.175480530376099342e-02
1.183985600000000638e+00,7.175460363850616474e-02
1.184039999999999981e+00,7.175452550892669201e-02
1.184179000000000093e+00,7.175431928243558577e-02
1.184318000000000204e+00,7.175411311533985703e-02
1.184457000000000315e+00,7.175390700762251939e-02
1.184596000000000426e+00,7.175370095926625336e-02
1.184735000000000538e+00,7.175349497025418355e-02
1.184874000000000649e+00,7.175328904056910151e-02
1.185013000000000760e+00,7.175308317019402082e-02
1.185152000000000871e+00,7.175287735911173304e-02
1.185291000000000983e+00,7.175267160730525173e-02
1.185430000000001094e+00,7.175246591475736846e-02
1.185569000000001205e+00,7.175226028145109680e-02
1.185708000000001316e+00,7.175205470736945035e-02
1.185847000000001428e+00,7.175184919249533166e-02
1.185986000000001539e+00,7.175164373681164331e-02
1.185990000000000100e+00,7.175163782446702943e-02
1.186130400000000140e+00,7.175143804670069958e-02
1.186270800000000181e+00,7.175123832489904707e-02
1.186411200000000221e+00,7.175103865904619571e-02
1.186551600000000262e+00,7.175083904912660238e-02
1.186692000000000302e+00,7.175063949512461292e-02
1.186832400000000343e+00,7.175043999702446218e-02
1.186972800000000383e+00,7.175024055481060703e-02
1.187113200000000424e+00,7.175004116846739333e-02
1.187253600000000464e+00,7.174984183797905590e-02
1.187394000000000505e+00,7.174964256332994061e-02
1.187534400000000545e+00,7.174944334450450434e-02
1.187674800000000586e+00,7.174924418148709293e-02
1.187815200000000626e+00,7.174904507426205225e-02
1.187955600000000667e+00,7.174884602281372814e-02
1.188010000000000010e+00,7.174876890583892219e-02
1.188150199999999934e+00,7.174856970222709407e-02
1.188290399999999858e+00,7.174837055448335388e-02
1.188430599999999782e+00,7.174817146259204748e-02
1.188570799999999705e+00,7.174797242653752072e-02
1.188710999999999629e+00,7.174777344630411946e-02
1.188851199999999553e+00,7.174757452187618956e-02
1.188991399999999476e+00,7.174737565323807686e-02
1.189131599999999400e+00,7.174717684037412724e-02
1.189271799999999324e+00,7.174697808326868653e-02
1.189411999999999248e+00,7.174677938190610060e-02
1.189552199999999171e+00,7.174658073627082633e-02
1.189692399999999095e+00,7.174638214634720956e-02
1.189832599999999019e+00,7.174618361211959616e-02
1.189972799999998943e+00,7.174598513357233198e-02
1.190020000000000078e+00,7.174591831971532940e-02
1.190160200000000001e+00,7.174572041860005633e-02
1.190300399999999925e+00,7.174552257284683154e-02
1.190440599999999849e+00,7.174532478244022293e-02
1.190580799999999773e+00,7.174512704736468738e-02
1.190720999999999696e+00,7.174492936760490380e-02
1.190861199999999620e+00,7.174473174314521806e-02
1.191001399999999544e+00,7.174453417397030908e-02
1.191141599999999467e+00,7.174433666006452270e-02
1.191281799999999391e+00,7.174413920141264889e-02
1.191421999999999315e+00,7.174394179799903348e-02
1.191562199999999239e+00,7.174374444980835541e-02
1.191702399999999162e+00,7.174354715682496053e-02
1.191842599999999086e+00,7.174334991903363878e-02
1.191982799999999010e+00,7.174315273641884705e-02
1.192029999999999923e+00,7.174308635879600438e-02
1.192169199999999929e+00,7.174288615954504955e-02
1.192308399999999935e+00,7.174268601717714855e-02
1.192447599999999941e+00,7.174248593167620314e-02
1.192586799999999947e+00,7.174228590302600406e-02
1.192725999999999953e+00,7.174208593121034205e-02
1.192865199999999959e+00,7.174188601621311889e-02
1.193004399999999965e+00,7.174168615801823634e-02
1.193143599999999971e+00,7.174148635660948514e-02
1.193282799999999977e+00,7.174128661197076706e-02
1.193421999999999983e+00,7.174108692408598387e-02
1.193561199999999989e+00,7.174088729293892630e-02
1.193700399999999995e+00,7.174068771851349613e-02
1.193839600000000001e+00,7.174048820079359512e-02
1.193978800000000007e+00,7.174028873976312504e-02
1.193990000000000107e+00,7.174027269154137354e-02
1.194130200000000031e+00,7.174007733110765450e-02
1.194270399999999954e+00,7.173988202505765521e-02
1.194410599999999878e+00,7.173968677337627664e-02
1.194550799999999802e+00,7.173949157604830873e-02
1.194690999999999725e+00,7.173929643305876347e-02
1.194831199999999649e+00,7.173910134439243080e-02
1.194971399999999573e+00,7.173890631003410068e-02
1.195111599999999497e+00,7.173871132996878508e-02
1.195251799999999420e+00,7.173851640418127396e-02
1.195391999999999344e+00,7.173832153265657929e-02
1.195532199999999268e+00,7.173812671537949104e-02
1.195672399999999191e+00,7.173793195233491016e-02
1.195812599999999115e+00,7.173773724350784864e-02
1.195952799999999039e+00,7.173754258888309643e-02
1.195999999999999952e+00,7.173747706222766141e-02
1.196140199999999876e+00,7.173728294051362475e-02
1.196280399999999799e+00,7.173708887271057488e-02
1.196420599999999723e+00,7.173689485880352379e-02
1.196560799999999647e+00,7.173670089877759448e-02
1.196700999999999571e+00,7.173650699261768793e-02
1.196841199999999494e+00,7.173631314030903816e-02
1.196981399999999418e+00,7.173611934183665717e-02
1.197121599999999342e+00,7.173592559718544592e-02
1.197261799999999266e+00,7.173573190634063845e-02
1.197401999999999189e+00,7.173553826928713573e-02
1.197542199999999113e+00,7.173534468601006076e-02
1.197682399999999037e+00,7.173515115649442553e-02
1.197822599999998960e+00,7.173495768072535306e-02
1.197962799999998884e+00,7.173476425868785533e-02
1.198010000000000019e+00,7.173469914694441396e-02
1.198150400000000060e+00,7.173450697254835084e-02
1.198290800000000100e+00,7.173431485119796669e-02
1.198431200000000141e+00,7.173412278287860655e-02
1.198571600000000181e+00,7.173393076757561548e-02
1.198712000000000222e+00,7.173373880527433855e-02
1.198852400000000262e+00,7.173354689596023182e-02
1.198992800000000303e+00,7.173335503961852933e-02
1.199133200000000343e+00,7.173316323623468715e-02
1.199273600000000384e+00,7.173297148579416138e-02
1.199414000000000424e+00,7.173277978828218604e-02
1.199554400000000465e+00,7.173258814368421721e-02
1.199694800000000505e+00,7.173239655198571096e-02
1.199835200000000546e+00,7.173220501317201236e-02
1.199975600000000586e+00,7.173201352722846647e-02
1.200029999999999930e+00,7.173193934118116122e-02
1.200170199999999854e+00,7.173174771456802823e-02
1.200310399999999778e+00,7.173155614090842569e-02
1.200450599999999701e+00,7.173136462018780968e-02
1.200590799999999625e+00,7.173117315239152525e-02
1.200730999999999549e+00,7.173098173750491746e-02
1.200871199999999472e+00,7.173079037551344239e-02
1.201011399999999396e+00,7.173059906640233407e-02
1.201151599999999320e+00,7.173040781015715961e-02
1.201291799999999244e+00,7.173021660676326405e-02
1.201431999999999167e+00,7.173002545620588144e-02
1.201572199999999091e+00,7.172983435847057887e-02
1.201712399999999015e+00,7.172964331354270140e-02
1.201852599999998938e+00,7.172945232140770511e-02
1.201992799999998862e+00,7.172926138205093505e-02
1.202039999999999997e+00,7.172919710602354559e-02
1.202179200000000003e+00,7.172900323585862381e-02
1.202318400000000009e+00,7.172880942010972927e-02
1.202457600000000015e+00,7.172861565876142986e-02
1.202596800000000021e+00,7.172842195179862657e-02
1.202736000000000027e+00,7.172822829920610932e-02
1.202875200000000033e+00,7.172803470096833500e-02
1.203014400000000039e+00,7.172784115707031560e-02
1.203153600000000045e+00,7.172764766749673004e-02
1.203292800000000051e+00,7.172745423223225725e-02
1.203432000000000057e+00,7.172726085126168716e-02
1.203571200000000063e+00,7.172706752456992074e-02
1.203710400000000069e+00,7.172687425214152590e-02
1.203849600000000075e+00,7.172668103396129258e-02
1.203988800000000081e+00,7.172648787001412174e-02
1.203999999999999959e+00,7.172647232843853971e-02
1.204140199999999883e+00,7.172628313342277462e-02
1.204280399999999807e+00,7.172609399043539113e-02
1.204420599999999730e+00,7.172590489946206738e-02
1.204560799999999654e+00,7.172571586048859249e-02
1.204700999999999578e+00,7.172552687350064460e-02
1.204841199999999501e+00,7.172533793848379080e-02
1.204981399999999425e+00,7.172514905542382024e-02
1.205121599999999349e+00,7.172496022430652207e-02
1.205261799999999273e+00,7.172477144511757441e-02
1.205401999999999196e+00,7.172458271784265538e-02
1.205542199999999120e+00,7.172439404246755412e-02
1.205682399999999044e+00,7.172420541897794877e-02
1.205822599999998967e+00,7.172401684735962846e-02
1.205962799999998891e+00,7.172382832759827131e-02
1.206010000000000026e+00,7.172376486605203105e-02
1.206150199999999950e+00,7.172357685987140741e-02
1.206290399999999874e+00,7.172338890527030220e-02
1.206430599999999798e+00,7.172320100223450456e-02
1.206570799999999721e+00,7.172301315075013672e-02
1.206710999999999645e+00,7.172282535080298782e-02
1.206851199999999569e+00,7.172263760237884700e-02
1.206991399999999492e+00,7.172244990546361443e-02
1.207131599999999416e+00,7.172226226004296823e-02
1.207271799999999340e+00,7.172207466610303062e-02
1.207411999999999264e+00,7.172188712362959073e-02
1.207552199999999187e+00,7.172169963260854875e-02
1.207692399999999111e+00,7.172151219302580483e-02
1.207832599999999035e+00,7.172132480486703709e-02
1.207972799999998958e+00,7.172113746811847879e-02
1.208020000000000094e+00,7.172107440479680296e-02
1.208160400000000134e+00,7.172088826724354327e-02
1.208300800000000175e+00,7.172070218044901413e-02
1.208441200000000215e+00,7.172051614439922673e-02
1.208581600000000256e+00,7.172033015908041431e-02
1.208722000000000296e+00,7.172014422447881010e-02
1.208862400000000337e+00,7.171995834058053632e-02
1.209002800000000377e+00,7.171977250737171516e-02
1.209143200000000418e+00,7.171958672483857988e-02
1.209283600000000458e+00,7.171940099296725268e-02
1.209424000000000499e+00,7.171921531174396680e-02
1.209564400000000539e+00,7.171902968115484445e-02
1.209704800000000580e+00,7.171884410118622988e-02
1.209845200000000620e+00,7.171865857182413428e-02
1.209985600000000661e+00,7.171847309305490192e-02
1.210040000000000004e+00,7.171840123423167679e-02
1.210178999999999894e+00,7.171821152965329738e-02
1.210317999999999783e+00,7.171802187800491168e-02
1.210456999999999672e+00,7.171783227927175375e-02
1.210595999999999561e+00,7.171764273343894658e-02
1.210734999999999451e+00,7.171745324049194625e-02
1.210873999999999340e+00,7.171726380041587579e-02
1.211012999999999229e+00,7.171707441319596921e-02
1.211151999999999118e+00,7.171688507881757157e-02
1.211290999999999007e+00,7.171669579726580590e-02
1.211429999999998897e+00,7.171650656852601724e-02
1.211568999999998786e+00,7.171631739258355065e-02
1.211707999999998675e+00,7.171612826942352914e-02
1.211846999999998564e+00,7.171593919903129777e-02
1.211985999999998453e+00,7.171575018139209057e-02
1.211989999999999901e+00,7.171574474207931260e-02
1.212130399999999941e+00,7.171556094708542162e-02
1.212270799999999982e+00,7.171537720196996535e-02
1.212411200000000022e+00,7.171519350671962112e-02
1.212551600000000063e+00,7.171500986132073319e-02
1.212692000000000103e+00,7.171482626575975683e-02
1.212832400000000144e+00,7.171464272002314733e-02
1.212972800000000184e+00,7.171445922409747098e-02
1.213113200000000225e+00,7.171427577796918307e-02
1.213253600000000265e+00,7.171409238162473887e-02
1.213394000000000306e+00,7.171390903505070469e-02
1.213534400000000346e+00,7.171372573823353580e-02
1.213674800000000387e+00,7.171354249115968749e-02
1.213815200000000427e+00,7.171335929381561503e-02
1.213955600000000468e+00,7.171317614618799574e-02
1.214010000000000034e+00,7.171310519046780740e-02
1.214150199999999957e+00,7.171292188649835975e-02
1.214290399999999881e+00,7.171273863233529333e-02
1.214430599999999805e+00,7.171255542796539650e-02
1.214570799999999728e+00,7.171237227337479148e-02
1.214710999999999652e+00,7.171218916855026659e-02
1.214851199999999576e+00,7.171200611347794407e-02
1.214991399999999500e+00,7.171182310814461225e-02
1.215131599999999423e+00,7.171164015253650437e-02
1.215271799999999347e+00,7.171145724664040877e-02
1.215411999999999271e+00,7.171127439044244767e-02
1.215552199999999194e+00,7.171109158392952043e-02
1.215692399999999118e+00,7.171090882708774927e-02
1.215832599999999042e+00,7.171072611990403356e-02
1.215972799999998966e+00,7.171054346236449550e-02
1.216020000000000101e+00,7.171048197415441638e-02
1.216160200000000025e+00,7.171029981160326194e-02
1.216300399999999948e+00,7.171011769843227412e-02
1.216440599999999872e+00,7.170993563462801923e-02
1.216580799999999796e+00,7.170975362017717458e-02
1.216720999999999719e+00,7.170957165506630648e-02
1.216861199999999643e+00,7.170938973928220328e-02
1.217001399999999567e+00,7.170920787281132025e-02
1.217141599999999491e+00,7.170902605564033472e-02
1.217281799999999414e+00,7.170884428775592401e-02
1.217421999999999338e+00,7.170866256914465442e-02
1.217562199999999262e+00,7.170848089979320328e-02
1.217702399999999185e+00,7.170829927968824791e-02
1.217842599999999109e+00,7.170811770881646563e-02
1.217982799999999033e+00,7.170793618716442275e-02
1.218029999999999946e+00,7.170787508131615251e-02
1.218169199999999952e+00,7.170769078791205953e-02
1.218308399999999958e+00,7.170750654524715717e-02
1.218447599999999964e+00,7.170732235330712356e-02
1.218586799999999970e+00,7.170713821207830296e-02
1.218725999999999976e+00,7.170695412154648452e-02
1.218865199999999982e+00,7.170677008169801248e-02
1.219004399999999988e+00,7.170658609251856497e-02
1.219143599999999994e+00,7.170640215399448625e-02
1.219282800000000000e+00,7.170621826611156546e-02
1.219422000000000006e+00,7.170603442885614687e-02
1.219561200000000012e+00,7.170585064221401961e-02
1.219700400000000018e+00,7.170566690617152794e-02
1.219839600000000024e+00,7.170548322071446101e-02
1.219978800000000030e+00,7.170529958582916308e-02
1.219989999999999908e+00,7.170528481093585427e-02
1.220130199999999832e+00,7.170510493578086120e-02
1.220270399999999755e+00,7.170492510914905360e-02
1.220410599999999679e+00,7.170474533102721981e-02
1.220550799999999603e+00,7.170456560140225921e-02
1.220690999999999526e+00,7.170438592026118219e-02
1.220831199999999450e+00,7.170420628759088810e-02
1.220971399999999374e+00,7.170402670337827633e-02
1.221111599999999298e+00,7.170384716761024624e-02
1.221251799999999221e+00,7.170366768027380822e-02
1.221391999999999145e+00,7.170348824135586163e-02
1.221532199999999069e+00,7.170330885084330585e-02
1.221672399999998992e+00,7.170312950872315128e-02
1.221812599999998916e+00,7.170295021498229726e-02
1.221952799999998840e+00,7.170277096960775420e-02
1.221999999999999975e+00,7.170271062999877820e-02
1.222140400000000016e+00,7.170253249705416110e-02
1.222280800000000056e+00,7.170235441188166359e-02
1.222421200000000097e+00,7.170217637446851811e-02
1.222561600000000137e+00,7.170199838480173504e-02
1.222702000000000178e+00,7.170182044286865786e-02
1.222842400000000218e+00,7.170164254865651898e-02
1.222982800000000259e+00,7.170146470215243983e-02
1.223123200000000299e+00,7.170128690334376387e-02
1.223263600000000340e+00,7.170110915221761250e-02
1.223404000000000380e+00,7.170093144876110713e-02
1.223544400000000421e+00,7.170075379296159124e-02
1.223684800000000461e+00,7.170057618480618622e-02
1.223825200000000502e+00,7.170039862428223554e-02
1.223965600000000542e+00,7.170022111137686061e-02
1.224020000000000108e+00,7.170015233859583503e-02
1.224160200000000032e+00,7.169997469210220853e-02
1.224300399999999955e+00,7.169979709330376316e-02
1.224440599999999879e+00,7.169961954218784239e-02
1.224580799999999803e+00,7.169944203874156763e-02
1.224720999999999727e+00,7.169926458295217131e-02
1.224861199999999650e+00,7.169908717480677485e-02
1.225001399999999574e+00,7.169890981429272170e-02
1.225141599999999498e+00,7.169873250139713328e-02
1.225281799999999421e+00,7.169855523610724202e-02
1.225421999999999345e+00,7.169837801841028035e-02
1.225562199999999269e+00,7.169820084829348072e-02
1.225702399999999193e+00,7.169802372574396454e-02
1.225842599999999116e+00,7.169784665074907526e-02
1.225982799999999040e+00,7.169766962329604532e-02
1.226029999999999953e+00,7.169761003028329860e-02
1.226170199999999877e+00,7.169743348680113204e-02
1.226310399999999801e+00,7.169725699060547353e-02
1.226450599999999724e+00,7.169708054168366651e-02
1.226590799999999648e+00,7.169690414002305445e-02
1.226730999999999572e+00,7.169672778561098081e-02
1.226871199999999495e+00,7.169655147843478904e-02
1.227011399999999419e+00,7.169637521848182260e-02
1.227151599999999343e+00,7.169619900573942495e-02
1.227291799999999267e+00,7.169602284019493954e-02
1.227431999999999190e+00,7.169584672183570984e-02
1.227572199999999114e+00,7.169567065064907929e-02
1.227712399999999038e+00,7.169549462662250239e-02
1.227852599999998962e+00,7.169531864974332258e-02
1.227992799999998885e+00,7.169514271999888333e-02
1.228040000000000020e+00,7.169508349649655887e-02
1.228179200000000026e+00,7.169490485006879688e-02
1.228318400000000032e+00,7.169472625224715401e-02
1.228457600000000038e+00,7.169454770301830759e-02
1.228596800000000044e+00,7.169436920236882393e-02
1.228736000000000050e+00,7.169419075028604649e-02
1.228875200000000056e+00,7.169401234675643053e-02
1.229014400000000062e+00,7.169383399176676441e-02
1.229153600000000068e+00,7.169365568530394750e-02
1.229292800000000074e+00,7.169347742735465712e-02
1.229432000000000080e+00,7.169329921790579263e-02
1.229571200000000086e+00,7.169312105694403137e-02
1.229710400000000092e+00,7.169294294445605065e-02
1.229849600000000098e+00,7.169276488042908291e-02
1.229988800000000104e+00,7.169258686484969445e-02
1.229999999999999982e+00,7.169257254207084262e-02
1.230140199999999906e+00,7.169239816180072999e-02
1.230280399999999830e+00,7.169222382802076243e-02
1.230420599999999753e+00,7.169204954071850544e-02
1.230560799999999677e+00,7.169187529988152452e-02
1.230700999999999601e+00,7.169170110549749619e-02
1.230841199999999525e+00,7.169152695755398597e-02
1.230981399999999448e+00,7.169135285603867036e-02
1.231121599999999372e+00,7.169117880093922590e-02
1.231261799999999296e+00,7.169100479224310707e-02
1.231401999999999219e+00,7.169083082993799039e-02
1.231542199999999143e+00,7.169065691401155238e-02
1.231682399999999067e+00,7.169048304445146957e-02
1.231822599999998991e+00,7.169030922124530747e-02
1.231962799999998914e+00,7.169013544438074259e-02
1.232010000000000050e+00,7.169007694558116039e-02
1.232150400000000090e+00,7.168990427841104296e-02
1.232290800000000131e+00,7.168973165699665806e-02
1.232431200000000171e+00,7.168955908132590427e-02
1.232571600000000211e+00,7.168938655138656912e-02
1.232712000000000252e+00,7.168921406716666223e-02
1.232852400000000292e+00,7.168904162865397112e-02
1.232992800000000333e+00,7.168886923583639437e-02
1.233133200000000373e+00,7.168869688870194157e-02
1.233273600000000414e+00,7.168852458723840027e-02
1.233414000000000454e+00,7.168835233143366903e-02
1.233554400000000495e+00,7.168818012127564643e-02
1.233694800000000535e+00,7.168800795675223103e-02
1.233835200000000576e+00,7.168783583785143243e-02
1.233975600000000616e+00,7.168766376456103817e-02
1.234029999999999960e+00,7.168759709913563594e-02
1.234170199999999884e+00,7.168742485307799672e-02
1.234310399999999808e+00,7.168725265272724023e-02
1.234450599999999731e+00,7.168708049807104299e-02
1.234590799999999655e+00,7.168690838909741458e-02
1.234730999999999579e+00,7.168673632579414257e-02
1.234871199999999503e+00,7.168656430814912550e-02
1.235011399999999426e+00,7.168639233615026196e-02
1.235151599999999350e+00,7.168622040978556154e-02
1.235291799999999274e+00,7.168604852904270075e-02
1.235431999999999197e+00,7.168587669390968919e-02
1.235572199999999121e+00,7.168570490437453646e-02
1.235712399999999045e+00,7.168553316042491907e-02
1.235852599999998969e+00,7.168536146204884663e-02
1.235992799999998892e+00,7.168518980923421768e-02
1.236040000000000028e+00,7.168513202543302931e-02
1.236178999999999917e+00,7.168495710400479837e-02
1.236317999999999806e+00,7.168478222989393966e-02
1.236456999999999695e+00,7.168460740308757462e-02
1.236595999999999584e+00,7.168443262357304668e-02
1.236734999999999474e+00,7.168425789133747728e-02
1.236873999999999363e+00,7.168408320636809883e-02
1.237012999999999252e+00,7.168390856865203276e-02
1.237151999999999141e+00,7.168373397817662251e-02
1.237290999999999030e+00,7.168355943492898952e-02
1.237429999999998920e+00,7.168338493889647722e-02
1.237568999999998809e+00,7.168321049006620704e-02
1.237707999999998698e+00,7.168303608842552244e-02
1.237846999999998587e+00,7.168286173396154481e-02
1.237985999999998477e+00,7.168268742666161764e-02
1.237989999999999924e+00,7.168268241066333424e-02
1.238130399999999964e+00,7.168251287100257940e-02
1.238270800000000005e+00,7.168234337596135486e-02
1.238411200000000045e+00,7.168217392552800327e-02
1.238551600000000086e+00,7.168200451969075626e-02
1.238692000000000126e+00,7.168183515843784548e-02
1.238832400000000167e+00,7.168166584175750256e-02
1.238972800000000207e+00,7.168149656963807015e-02
1.239113200000000248e+00,7.168132734206789092e-02
1.239253600000000288e+00,7.168115815903508548e-02
1.239394000000000329e+00,7.168098902052799648e-02
1.239534400000000369e+00,7.168081992653485557e-02
1.239674800000000410e+00,7.168065087704400540e-02
1.239815200000000450e+00,7.168048187204367760e-02
1.239955600000000491e+00,7.168031291152232587e-02
1.240010000000000057e+00,7.168024745201428960e-02
1.240150199999999980e+00,7.168007836421719237e-02
1.240290399999999904e+00,7.167990932097045853e-02
1.240430599999999828e+00,7.167974032226243075e-02
1.240570799999999752e+00,7.167957136808134067e-02
1.240710999999999675e+00,7.167940245841553093e-02
1.240851199999999599e+00,7.167923359325323318e-02
1.240991399999999523e+00,7.167906477258267905e-02
1.241131599999999446e+00,7.167889599639221121e-02
1.241271799999999370e+00,7.167872726467006128e-02
1.241411999999999294e+00,7.167855857740457193e-02
1.241552199999999218e+00,7.167838993458397479e-02
1.241692399999999141e+00,7.167822133619661251e-02
1.241832599999999065e+00,7.167805278223071674e-02
1.241972799999998989e+00,7.167788427267463014e-02
1.242019999999999902e+00,7.167782754695850578e-02
1.242160399999999942e+00,7.167766007779363679e-02
1.242300799999999983e+00,7.167749265249578894e-02
1.242441200000000023e+00,7.167732527105341589e-02
1.242581600000000064e+00,7.167715793345508235e-02
1.242722000000000104e+00,7.167699063968924200e-02
1.242862400000000145e+00,7.167682338974445955e-02
1.243002800000000185e+00,7.167665618360929969e-02
1.243143200000000226e+00,7.167648902127221611e-02
1.243283600000000266e+00,7.167632190272177350e-02
1.243424000000000307e+00,7.167615482794642556e-02
1.243564400000000347e+00,7.167598779693484801e-02
1.243704800000000388e+00,7.167582080967538349e-02
1.243845200000000428e+00,7.167565386615670775e-02
1.243985600000000469e+00,7.167548696636738548e-02
1.244040000000000035e+00,7.167542230520707047e-02
1.244178999999999924e+00,7.167525158945897701e-02
1.244317999999999813e+00,7.167508091946728221e-02
1.244456999999999702e+00,7.167491029521977364e-02
1.244595999999999592e+00,7.167473971670423882e-02
1.244734999999999481e+00,7.167456918390824328e-02
1.244873999999999370e+00,7.167439869681968556e-02
1.245012999999999259e+00,7.167422825542635323e-02
1.245151999999999148e+00,7.167405785971592280e-02
1.245290999999999038e+00,7.167388750967618183e-02
1.245429999999998927e+00,7.167371720529480683e-02
1.245568999999998816e+00,7.167354694655958536e-02
1.245707999999998705e+00,7.167337673345830495e-02
1.245846999999998594e+00,7.167320656597875317e-02
1.245985999999998484e+00,7.167303644410871755e-02
1.245989999999999931e+00,7.167303154855320102e-02
1.246130199999999855e+00,7.167286551655305260e-02
1.246270399999999778e+00,7.167269952799615318e-02
1.246410599999999702e+00,7.167253358287106746e-02
1.246550799999999626e+00,7.167236768116647116e-02
1.246690999999999550e+00,7.167220182287092900e-02
1.246831199999999473e+00,7.167203600797311669e-02
1.246971399999999397e+00,7.167187023646170996e-02
1.247111599999999321e+00,7.167170450832538453e-02
1.247251799999999244e+00,7.167153882355281613e-02
1.247391999999999168e+00,7.167137318213256947e-02
1.247532199999999092e+00,7.167120758405332026e-02
1.247672399999999016e+00,7.167104202930374424e-02
1.247812599999998939e+00,7.167087651787251712e-02
1.247952799999998863e+00,7.167071104974820361e-02
1.247999999999999998e+00,7.167065534784133884e-02
1.248140400000000039e+00,7.167049092333321880e-02
1.248280800000000079e+00,7.167032654159133376e-02
1.248421200000000120e+00,7.167016220260458148e-02
1.248561600000000160e+00,7.166999790636174872e-02
1.248702000000000201e+00,7.166983365285173324e-02
1.248842400000000241e+00,7.166966944206354384e-02
1.248982800000000282e+00,7.166950527398596726e-02
1.249123200000000322e+00,7.166934114860790128e-02
1.249263600000000363e+00,7.166917706591824366e-02
1.249404000000000403e+00,7.166901302590589218e-02
1.249544400000000444e+00,7.166884902855974460e-02
1.249684800000000484e+00,7.166868507386869869e-02
1.249825200000000525e+00,7.166852116182165222e-02
1.249965600000000565e+00,7.166835729240750297e-02
1.250019999999999909e+00,7.166829380524519788e-02
1.250160199999999833e+00,7.166812977688108433e-02
1.250300399999999756e+00,7.166796579123702049e-02
1.250440599999999680e+00,7.166780184830179312e-02
1.250580799999999604e+00,7.166763794806429999e-02
1.250720999999999528e+00,7.166747409051332784e-02
1.250861199999999451e+00,7.166731027563788547e-02
1.251001399999999375e+00,7.166714650342675963e-02
1.251141599999999299e+00,7.166698277386895910e-02
1.251281799999999222e+00,7.166681908695327063e-02
1.251421999999999146e+00,7.166665544266859200e-02
1.251562199999999070e+00,7.166649184100393200e-02
1.251702399999998994e+00,7.166632828194807736e-02
1.251842599999998917e+00,7.166616476548992587e-02
1.251982799999998841e+00,7.166600129161848631e-02
1.252029999999999976e+00,7.166594626101874255e-02
1.252170400000000017e+00,7.166578377400445454e-02
1.252310800000000057e+00,7.166562132906795224e-02
1.252451200000000098e+00,7.166545892619824443e-02
1.252591600000000138e+00,7.166529656538445092e-02
1.252732000000000179e+00,7.166513424661569154e-02
1.252872400000000219e+00,7.166497196988108609e-02
1.253012800000000260e+00,7.166480973516975439e-02
1.253153200000000300e+00,7.166464754247081625e-02
1.253293600000000341e+00,7.166448539177339150e-02
1.253434000000000381e+00,7.166432328306659993e-02
1.253574400000000422e+00,7.166416121633956138e-02
1.253714800000000462e+00,7.166399919158139564e-02
1.253855200000000503e+00,7.166383720878122254e-02
1.253995600000000543e+00,7.166367526792816189e-02
1.254050000000000109e+00,7.166361252791164649e-02
1.254188999999999998e+00,7.166344692151938034e-02
1.254327999999999887e+00,7.166328135899890928e-02
1.254466999999999777e+00,7.166311584033902005e-02
1.254605999999999666e+00,7.166295036552783326e-02
1.254744999999999555e+00,7.166278493455380261e-02
1.254883999999999444e+00,7.166261954740515971e-02
1.255022999999999334e+00,7.166245420407058031e-02
1.255161999999999223e+00,7.166228890453829603e-02
1.255300999999999112e+00,7.166212364879676056e-02
1.255439999999999001e+00,7.166195843683409450e-02
1.255578999999998890e+00,7.166179326863908461e-02
1.255717999999998780e+00,7.166162814419996252e-02
1.255856999999998669e+00,7.166146306350507089e-02
1.255995999999998558e+00,7.166129802654297443e-02
1.256000000000000005e+00,7.166129327731418641e-02
1.256140199999999929e+00,7.166113218588110456e-02
1.256280399999999853e+00,7.166097113611502589e-02
1.256420599999999776e+00,7.166081012800518124e-02
1.256560799999999700e+00,7.166064916154080144e-02
1.256700999999999624e+00,7.166048823671111734e-02
1.256841199999999548e+00,7.166032735350535976e-02
1.256981399999999471e+00,7.166016651191275955e-02
1.257121599999999395e+00,7.166000571192254753e-02
1.257261799999999319e+00,7.165984495352395456e-02
1.257401999999999243e+00,7.165968423670621146e-02
1.257542199999999166e+00,7.165952356145854907e-02
1.257682399999999090e+00,7.165936292777030925e-02
1.257822599999999014e+00,7.165920233563061181e-02
1.257962799999998937e+00,7.165904178502879862e-02
1.258010000000000073e+00,7.165898773846379743e-02
1.258150400000000113e+00,7.165882815908997117e-02
1.258290800000000154e+00,7.165866862075653820e-02
1.258431200000000194e+00,7.165850912345306245e-02
1.258571600000000235e+00,7.165834966716888577e-02
1.258712000000000275e+00,7.165819025189335001e-02
1.258852400000000316e+00,7.165803087761601908e-02
1.258992800000000356e+00,7.165787154432634587e-02
1.259133200000000397e+00,7.165771225201378325e-02
1.259273600000000437e+00,7.165755300066778410e-02
1.259414000000000478e+00,7.165739379027791234e-02
1.259554400000000518e+00,7.165723462083350981e-02
1.259694800000000559e+00,7.165707549232414042e-02
1.259835200000000599e+00,7.165691640473914603e-02
1.259975600000000640e+00,7.165675735806809055e-02
1.260029999999999983e+00,7.165669573928878933e-02
1.260170199999999907e+00,7.165653658694381978e-02
1.260310399999999831e+00,7.165637747557118686e-02
1.260450599999999755e+00,7.165621840516045449e-02
1.260590799999999678e+00,7.165605937570096451e-02
1.260730999999999602e+00,7.165590038718216981e-02
1.260871199999999526e+00,7.165574143959363429e-02
1.261011399999999449e+00,7.165558253292481083e-02
1.261151599999999373e+00,7.165542366716515232e-02
1.261291799999999297e+00,7.165526484230411164e-02
1.261431999999999221e+00,7.165510605833114166e-02
1.261572199999999144e+00,7.165494731523569527e-02
1.261712399999999068e+00,7.165478861300733637e-02
1.261852599999998992e+00,7.165462995163540683e-02
1.261992799999998915e+00,7.165447133110958156e-02
1.262040000000000051e+00,7.165441793424931483e-02
1.262178999999999940e+00,7.165425622492171964e-02
1.262317999999999829e+00,7.165409455805005212e-02
1.262456999999999718e+00,7.165393293362321003e-02
1.262595999999999608e+00,7.165377135162998012e-02
1.262734999999999497e+00,7.165360981205926016e-02
1.262873999999999386e+00,7.165344831489994792e-02
1.263012999999999275e+00,7.165328686014083015e-02
1.263151999999999164e+00,7.165312544777091563e-02
1.263290999999999054e+00,7.165296407777888010e-02
1.263429999999998943e+00,7.165280275015373235e-02
1.263568999999998832e+00,7.165264146488437014e-02
1.263707999999998721e+00,7.165248022195958022e-02
1.263846999999998610e+00,7.165231902136826037e-02
1.263985999999998500e+00,7.165215786309930834e-02
1.263989999999999947e+00,7.165215322548634802e-02
1.264130399999999987e+00,7.165199650368159201e-02
1.264270800000000028e+00,7.165183982190148626e-02
1.264411200000000068e+00,7.165168318013570570e-02
1.264551600000000109e+00,7.165152657837403627e-02
1.264692000000000149e+00,7.165137001660615290e-02
1.264832400000000190e+00,7.165121349482217461e-02
1.264972800000000230e+00,7.165105701301177632e-02
1.265113200000000271e+00,7.165090057116463296e-02
1.265253600000000311e+00,7.165074416927064149e-02
1.265394000000000352e+00,7.165058780731958787e-02
1.265534400000000392e+00,7.165043148530114703e-02
1.265674800000000433e+00,7.165027520320521592e-02
1.265815200000000473e+00,7.165011896102158051e-02
1.265955600000000514e+00,7.164996275874013776e-02
1.266010000000000080e+00,7.164990224190870283e-02
1.266150200000000003e+00,7.164974588706707337e-02
1.266290399999999927e+00,7.164958957220934899e-02
1.266430599999999851e+00,7.164943329732564870e-02
1.266570799999999775e+00,7.164927706240542538e-02
1.266710999999999698e+00,7.164912086743868702e-02
1.266851199999999622e+00,7.164896471241499754e-02
1.266991399999999546e+00,7.164880859732436491e-02
1.267131599999999469e+00,7.164865252215635305e-02
1.267271799999999393e+00,7.164849648690108097e-02
1.267411999999999317e+00,7.164834049154789053e-02
1.267552199999999241e+00,7.164818453608701176e-02
1.267692399999999164e+00,7.164802862050789756e-02
1.267832599999999088e+00,7.164787274480066692e-02
1.267972799999999012e+00,7.164771690895477274e-02
1.268019999999999925e+00,7.164766444947867630e-02
1.268160399999999965e+00,7.164750956596521725e-02
1.268300800000000006e+00,7.164735472183103582e-02
1.268441200000000046e+00,7.164719991706602897e-02
1.268581600000000087e+00,7.164704515166020471e-02
1.268722000000000127e+00,7.164689042560357102e-02
1.268862400000000168e+00,7.164673573888613589e-02
1.269002800000000208e+00,7.164658109149779630e-02
1.269143200000000249e+00,7.164642648342867126e-02
1.269283600000000289e+00,7.164627191466876877e-02
1.269424000000000330e+00,7.164611738520798578e-02
1.269564400000000370e+00,7.164596289503644133e-02
1.269704800000000411e+00,7.164580844414403238e-02
1.269845200000000451e+00,7.164565403252087794e-02
1.269985600000000492e+00,7.164549966015698601e-02
1.270040000000000058e+00,7.164543985225702016e-02
1.270178999999999947e+00,7.164528195301600455e-02
1.270317999999999836e+00,7.164512409485268574e-02
1.270456999999999725e+00,7.164496627775629456e-02
1.270595999999999615e+00,7.164480850171628390e-02
1.270734999999999504e+00,7.164465076672177357e-02
1.270873999999999393e+00,7.164449307276221646e-02
1.271012999999999282e+00,7.164433541982684339e-02
1.271151999999999171e+00,7.164417780790510726e-02
1.271290999999999061e+00,7.164402023698623889e-02
1.271429999999998950e+00,7.164386270705969118e-02
1.271568999999998839e+00,7.164370521811458392e-02
1.271707999999998728e+00,7.164354777014048103e-02
1.271846999999998618e+00,7.164339036312650233e-02
1.271985999999998507e+00,7.164323299706221171e-02
1.271989999999999954e+00,7.164322846857618110e-02
1.272130199999999878e+00,7.164307486385257384e-02
1.272270399999999801e+00,7.164292129814464616e-02
1.272410599999999725e+00,7.164276777144262809e-02
1.272550799999999649e+00,7.164261428373652763e-02
1.272690999999999573e+00,7.164246083501646378e-02
1.272831199999999496e+00,7.164230742527244455e-02
1.272971399999999420e+00,7.164215405449469998e-02
1.273111599999999344e+00,7.164200072267323804e-02
1.273251799999999267e+00,7.164184742979817777e-02
1.273391999999999191e+00,7.164169417585963817e-02
1.273532199999999115e+00,7.164154096084773826e-02
1.273672399999999039e+00,7.164138778475259706e-02
1.273812599999998962e+00,7.164123464756433357e-02
1.273952799999998886e+00,7.164108154927306682e-02
1.274000000000000021e+00,7.164103001131794102e-02
1.274140400000000062e+00,7.164087785061046265e-02
1.274280800000000102e+00,7.164072572832835828e-02
1.274421200000000143e+00,7.164057364446185794e-02
1.274561600000000183e+00,7.164042159900130269e-02
1.274702000000000224e+00,7.164026959193692257e-02
1.274842400000000264e+00,7.164011762325905863e-02
1.274982800000000305e+00,7.163996569295794092e-02
1.275123200000000345e+00,7.163981380102402152e-02
1.275263600000000386e+00,7.163966194744753047e-02
1.275404000000000426e+00,7.163951013221880881e-02
1.275544400000000467e+00,7.163935835532808660e-02
1.275684800000000507e+00,7.163920661676581592e-02
1.275825200000000548e+00,7.163905491652222679e-02
1.275965600000000588e+00,7.163890325458766029e-02
1.276019999999999932e+00,7.163884449673985078e-02
1.276160199999999856e+00,7.163869267731237667e-02
1.276300399999999780e+00,7.163854089627730293e-02
1.276440599999999703e+00,7.163838915362497062e-02
1.276580799999999627e+00,7.163823744934549875e-02
1.276720999999999551e+00,7.163808578342933941e-02
1.276861199999999474e+00,7.163793415586672264e-02
1.277001399999999398e+00,7.163778256664798949e-02
1.277141599999999322e+00,7.163763101576348102e-02
1.277281799999999246e+00,7.163747950320342728e-02
1.277421999999999169e+00,7.163732802895816931e-02
1.277562199999999093e+00,7.163717659301804819e-02
1.277702399999999017e+00,7.163702519537329394e-02
1.277842599999998940e+00,7.163687383601424763e-02
1.277982799999998864e+00,7.163672251493125032e-02
1.278029999999999999e+00,7.163667157522413120e-02
1.278170400000000040e+00,7.163652120082797392e-02
1.278310800000000080e+00,7.163637086423357836e-02
1.278451200000000121e+00,7.163622056543161865e-02
1.278591600000000161e+00,7.163607030441265788e-02
1.278732000000000202e+00,7.163592008116681509e-02
1.278872400000000242e+00,7.163576989568487541e-02
1.279012800000000283e+00,7.163561974795729093e-02
1.279153200000000323e+00,7.163546963797451372e-02
1.279293600000000364e+00,7.163531956572710691e-02
1.279434000000000404e+00,7.163516953120563358e-02
1.279574400000000445e+00,7.163501953440076786e-02
1.279714800000000485e+00,7.163486957530262877e-02
1.279855200000000526e+00,7.163471965390189045e-02
1.279995600000000566e+00,7.163456977018911598e-02
1.280049999999999910e+00,7.163451170124568446e-02
1.280189000000000021e+00,7.163435837112941407e-02
1.280328000000000133e+00,7.163420508045803548e-02
1.280467000000000244e+00,7.163405182922144565e-02
1.280606000000000355e+00,7.163389861740943054e-02
1.280745000000000466e+00,7.163374544501199814e-02
1.280884000000000578e+00,7.163359231201882338e-02
1.281023000000000689e+00,7.163343921841991424e-02
1.281162000000000800e+00,7.163328616420505668e-02
1.281301000000000911e+00,7.163313314936414766e-02
1.281440000000001023e+00,7.163298017388708416e-02
1.281579000000001134e+00,7.163282723776365213e-02
1.281718000000001245e+00,7.163267434098385955e-02
1.281857000000001356e+00,7.163252148353749238e-02
1.281996000000001468e+00,7.163236866541444758e-02
1.282000000000000028e+00,7.163236426780317245e-02
1.282140199999999952e+00,7.163221510561645911e-02
1.282280399999999876e+00,7.163206598089444377e-02
1.282420599999999800e+00,7.163191689362757852e-02
1.282560799999999723e+00,7.163176784380653750e-02
1.282700999999999647e+00,7.163161883142188380e-02
1.282841199999999571e+00,7.163146985646418052e-02
1.282981399999999494e+00,7.163132091892410180e-02
1.283121599999999418e+00,7.163117201879221074e-02
1.283261799999999342e+00,7.163102315605907044e-02
1.283401999999999266e+00,7.163087433071535504e-02
1.283542199999999189e+00,7.163072554275162762e-02
1.283682399999999113e+00,7.163057679215845130e-02
1.283822599999999037e+00,7.163042807892650021e-02
1.283962799999998960e+00,7.163027940304644847e-02
1.284010000000000096e+00,7.163022935377372225e-02
1.284150400000000136e+00,7.163008157928918429e-02
1.284290800000000177e+00,7.162993384170812661e-02
1.284431200000000217e+00,7.162978614102122332e-02
1.284571600000000258e+00,7.162963847721925958e-02
1.284712000000000298e+00,7.162949085029313157e-02
1.284852400000000339e+00,7.162934326023362441e-02
1.284992800000000379e+00,7.162919570703152328e-02
1.285133200000000420e+00,7.162904819067750228e-02
1.285273600000000460e+00,7.162890071116245760e-02
1.285414000000000501e+00,7.162875326847717439e-02
1.285554400000000541e+00,7.162860586261243778e-02
1.285694800000000582e+00,7.162845849355914396e-02
1.285835200000000622e+00,7.162831116130796705e-02
1.285975600000000663e+00,7.162816386584980322e-02
1.286030000000000006e+00,7.162810679962849925e-02
1.286170199999999930e+00,7.162795937269528235e-02
1.286310399999999854e+00,7.162781198262424542e-02
1.286450599999999778e+00,7.162766462940628465e-02
1.286590799999999701e+00,7.162751731303218516e-02
1.286730999999999625e+00,7.162737003349273213e-02
1.286871199999999549e+00,7.162722279077859966e-02
1.287011399999999472e+00,7.162707558488068393e-02
1.287151599999999396e+00,7.162692841578977010e-02
1.287291799999999320e+00,7.162678128349664330e-02
1.287431999999999244e+00,7.162663418799219972e-02
1.287572199999999167e+00,7.162648712926711347e-02
1.287712399999999091e+00,7.162634010731216971e-02
1.287852599999999015e+00,7.162619312211826461e-02
1.287992799999998939e+00,7.162604617367618332e-02
1.288040000000000074e+00,7.162599670589797629e-02
1.288178999999999963e+00,7.162584690364981466e-02
1.288317999999999852e+00,7.162569713959809903e-02
1.288456999999999741e+00,7.162554741373294842e-02
1.288595999999999631e+00,7.162539772604470389e-02
1.288734999999999520e+00,7.162524807652359549e-02
1.288873999999999409e+00,7.162509846515996426e-02
1.289012999999999298e+00,7.162494889194404024e-02
1.289151999999999187e+00,7.162479935686605348e-02
1.289290999999999077e+00,7.162464985991634503e-02
1.289429999999998966e+00,7.162450040108503391e-02
1.289568999999998855e+00,7.162435098036257219e-02
1.289707999999998744e+00,7.162420159773918993e-02
1.289846999999998634e+00,7.162405225320522817e-02
1.289985999999998523e+00,7.162390294675091695e-02
1.289989999999999970e+00,7.162389865019369584e-02
1.290130400000000011e+00,7.162375342051174876e-02
1.290270800000000051e+00,7.162360822685864825e-02
1.290411200000000091e+00,7.162346306922540151e-02
1.290551600000000132e+00,7.162331794760312675e-02
1.290692000000000172e+00,7.162317286198260913e-02
1.290832400000000213e+00,7.162302781235529991e-02
1.290972800000000253e+00,7.162288279871220631e-02
1.291113200000000294e+00,7.162273782104433550e-02
1.291253600000000334e+00,7.162259287934269469e-02
1.291394000000000375e+00,7.162244797359840209e-02
1.291534400000000415e+00,7.162230310380257592e-02
1.291674800000000456e+00,7.162215826994622336e-02
1.291815200000000496e+00,7.162201347202057367e-02
1.291955600000000537e+00,7.162186871001641197e-02
1.292010000000000103e+00,7.162181262528755088e-02
1.292150200000000027e+00,7.162166772375055945e-02
1.292290399999999950e+00,7.162152285820810871e-02
1.292430599999999874e+00,7.162137802865109482e-02
1.292570799999999798e+00,7.162123323507063599e-02
1.292710999999999721e+00,7.162108847745773943e-02
1.292851199999999645e+00,7.162094375580363437e-02
1.292991399999999569e+00,7.162079907009921698e-02
1.293131599999999493e+00,7.162065442033560547e-02
1.293271799999999416e+00,7.162050980650391807e-02
1.293411999999999340e+00,7.162036522859516197e-02
1.293552199999999264e+00,7.162022068660045537e-02
1.293692399999999187e+00,7.162007618051091651e-02
1.293832599999999111e+00,7.161993171031755256e-02
1.293972799999999035e+00,7.161978727601148176e-02
1.294019999999999948e+00,7.161973865454906996e-02
1.294160399999999989e+00,7.161959510498150383e-02
1.294300800000000029e+00,7.161945159086580137e-02
1.294441200000000070e+00,7.161930811219341386e-02
1.294581600000000110e+00,7.161916466895534850e-02
1.294722000000000151e+00,7.161902126114305656e-02
1.294862400000000191e+00,7.161887788874765626e-02
1.295002800000000232e+00,7.161873455176048786e-02
1.295143200000000272e+00,7.161859125017266958e-02
1.295283600000000312e+00,7.161844798397565270e-02
1.295424000000000353e+00,7.161830475316055544e-02
1.295564400000000393e+00,7.161816155771860704e-02
1.295704800000000434e+00,7.161801839764114774e-02
1.295845200000000474e+00,7.161787527291940680e-02
1.295985600000000515e+00,7.161773218354472448e-02
1.296040000000000081e+00,7.161767674681385198e-02
1.296178999999999970e+00,7.161753037200924155e-02
1.296317999999999859e+00,7.161738403419681820e-02
1.296456999999999748e+00,7.161723773336758914e-02
1.296595999999999638e+00,7.161709146951189542e-02
1.296734999999999527e+00,7.161694524262063322e-02
1.296873999999999416e+00,7.161679905268425461e-02
1.297012999999999305e+00,7.161665289969365578e-02
1.297151999999999195e+00,7.161650678363917777e-02
1.297290999999999084e+00,7.161636070451182778e-02
1.297429999999998973e+00,7.161621466230205790e-02
1.297568999999998862e+00,7.161606865700076430e-02
1.297707999999998751e+00,7.161592268859828803e-02
1.297846999999998641e+00,7.161577675708563628e-02
1.297985999999998530e+00,7.161563086245315013e-02
1.297989999999999977e+00,7.161562666407694788e-02
1.298130199999999901e+00,7.161548423466324031e-02
1.298270399999999825e+00,7.161534184039908268e-02
1.298410599999999748e+00,7.161519948127570423e-02
1.298550799999999672e+00,7.161505715728444521e-02
1.298690999999999596e+00,7.161491486841664589e-02
1.298831199999999519e+00,7.161477261466364652e-02
1.298971399999999443e+00,7.161463039601678737e-02
1.299111599999999367e+00,7.161448821246740870e-02
1.299251799999999291e+00,7.161434606400673974e-02
1.299391999999999214e+00,7.161420395062623179e-02
1.299532199999999138e+00,7.161406187231722509e-02
1.299672399999999062e+00,7.161391982907105991e-02
1.299812599999998985e+00,7.161377782087907651e-02
1.299952799999998909e+00,7.161363584773261515e-02
1.300000000000000044e+00,7.161358805475359635e-02
1.300140400000000085e+00,7.161344695307747532e-02
1.300280800000000125e+00,7.161330588602088376e-02
1.300421200000000166e+00,7.161316485357527295e-02
1.300561600000000206e+00,7.161302385573220519e-02
1.300702000000000247e+00,7.161288289248313177e-02
1.300842400000000287e+00,7.161274196381961499e-02
1.300982800000000328e+00,7.161260106973310613e-02
1.301123200000000368e+00,7.161246021021516750e-02
1.301263600000000409e+00,7.161231938525725038e-02
1.301404000000000449e+00,7.161217859485091708e-02
1.301544400000000490e+00,7.161203783898772990e-02
1.301684800000000530e+00,7.161189711765925114e-02
1.301825200000000571e+00,7.161175643085682108e-02
1.301965600000000611e+00,7.161161577857211302e-02
1.302019999999999955e+00,7.161156128600232318e-02
1.302160199999999879e+00,7.161142048312962860e-02
1.302300399999999803e+00,7.161127971485203858e-02
1.302440599999999726e+00,7.161113898116067134e-02
1.302580799999999650e+00,7.161099828204720019e-02
1.302720999999999574e+00,7.161085761750318746e-02
1.302861199999999497e+00,7.161071698752030645e-02
1.303001399999999421e+00,7.161057639208967540e-02
1.303141599999999345e+00,7.161043583120307865e-02
1.303281799999999269e+00,7.161029530485196748e-02
1.303421999999999192e+00,7.161015481302801522e-02
1.303562199999999116e+00,7.161001435572245111e-02
1.303702399999999040e+00,7.160987393292683745e-02
1.303842599999998964e+00,7.160973354463284757e-02
1.303982799999998887e+00,7.160959319083204377e-02
1.304030000000000022e+00,7.160954594296242703e-02
1.304170400000000063e+00,7.160940644000479693e-02
1.304310800000000103e+00,7.160926697112612871e-02
1.304451200000000144e+00,7.160912753631809569e-02
1.304591600000000184e+00,7.160898813557237119e-02
1.304732000000000225e+00,7.160884876888062855e-02
1.304872400000000265e+00,7.160870943623454110e-02
1.305012800000000306e+00,7.160857013762578216e-02
1.305153200000000346e+00,7.160843087304613608e-02
1.305293600000000387e+00,7.160829164248716516e-02
1.305434000000000427e+00,7.160815244594065376e-02
1.305574400000000468e+00,7.160801328339816418e-02
1.305714800000000508e+00,7.160787415485148077e-02
1.305855200000000549e+00,7.160773506029238789e-02
1.305995600000000589e+00,7.160759599971244782e-02
1.306049999999999933e+00,7.160754212379083494e-02
1.306189000000000044e+00,7.160739986709574456e-02
1.306328000000000156e+00,7.160725764596309606e-02
1.306467000000000267e+00,7.160711546038400765e-02
1.306606000000000378e+00,7.160697331034959756e-02
1.306745000000000489e+00,7.160683119585087297e-02
1.306884000000000601e+00,7.160668911687906313e-02
1.307023000000000712e+00,7.160654707342528624e-02
1.307162000000000823e+00,7.160640506548066053e-02
1.307301000000000935e+00,7.160626309303630421e-02
1.307440000000001046e+00,7.160612115608333550e-02
1.307579000000001157e+00,7.160597925461287261e-02
1.307718000000001268e+00,7.160583738861603376e-02
1.307857000000001380e+00,7.160569555808393716e-02
1.307996000000001491e+00,7.160555376300770103e-02
1.308000000000000052e+00,7.160554968260324227e-02
1.308140199999999975e+00,7.160541127593111899e-02
1.308280399999999899e+00,7.160527290304075088e-02
1.308420599999999823e+00,7.160513456392403331e-02
1.308560799999999746e+00,7.160499625857263961e-02
1.308700999999999670e+00,7.160485798697846516e-02
1.308841199999999594e+00,7.160471974913307225e-02
1.308981399999999518e+00,7.160458154502835626e-02
1.309121599999999441e+00,7.160444337465610154e-02
1.309261799999999365e+00,7.160430523800798142e-02
1.309401999999999289e+00,7.160416713507578024e-02
1.309542199999999212e+00,7.160402906585128235e-02
1.309682399999999136e+00,7.160389103032627212e-02
1.309822599999999060e+00,7.160375302849253387e-02
1.309962799999998984e+00,7.160361506034185197e-02
1.310009999999999897e+00,7.160356861553796026e-02
1.310150399999999937e+00,7.160343146782754964e-02
1.310290799999999978e+00,7.160329435340340165e-02
1.310431200000000018e+00,7.160315727225741167e-02
1.310571600000000059e+00,7.160302022438180813e-02
1.310712000000000099e+00,7.160288320976837539e-02
1.310852400000000140e+00,7.160274622840900882e-02
1.310992800000000180e+00,7.160260928029538174e-02
1.311133200000000221e+00,7.160247236541994464e-02
1.311273600000000261e+00,7.160233548377425983e-02
1.311414000000000302e+00,7.160219863535044471e-02
1.311554400000000342e+00,7.160206182014017262e-02
1.311694800000000383e+00,7.160192503813567200e-02
1.311835200000000423e+00,7.160178828932883821e-02
1.311975600000000464e+00,7.160165157371156663e-02
1.312030000000000030e+00,7.160159860626091888e-02
1.312170199999999953e+00,7.160146174105530559e-02
1.312310399999999877e+00,7.160132490911508274e-02
1.312450599999999801e+00,7.160118811043214571e-02
1.312590799999999724e+00,7.160105134499838986e-02
1.312730999999999648e+00,7.160091461280571057e-02
1.312871199999999572e+00,7.160077791384611423e-02
1.313011399999999496e+00,7.160064124811138520e-02
1.313151599999999419e+00,7.160050461559352986e-02
1.313291799999999343e+00,7.160036801628444358e-02
1.313431999999999267e+00,7.160023145017613277e-02
1.313572199999999190e+00,7.160009491726038178e-02
1.313712399999999114e+00,7.159995841752930801e-02
1.313852599999999038e+00,7.159982195097469582e-02
1.313992799999998962e+00,7.159968551758855160e-02
1.314040000000000097e+00,7.159963958942305862e-02
1.314179200000000103e+00,7.159950102999801391e-02
1.314318400000000109e+00,7.159936250478593500e-02
1.314457600000000115e+00,7.159922401377838419e-02
1.314596800000000121e+00,7.159908555696703480e-02
1.314736000000000127e+00,7.159894713434344915e-02
1.314875200000000133e+00,7.159880874589907851e-02
1.315014400000000139e+00,7.159867039162548519e-02
1.315153600000000145e+00,7.159853207151434251e-02
1.315292800000000151e+00,7.159839378555710176e-02
1.315432000000000157e+00,7.159825553374543627e-02
1.315571200000000163e+00,7.159811731607079732e-02
1.315710400000000169e+00,7.159797913252485824e-02
1.315849600000000175e+00,7.159784098309907030e-02
1.315988800000000181e+00,7.159770286778510684e-02
1.316000000000000059e+00,7.159769175527963547e-02
1.316140199999999982e+00,7.159755644782750394e-02
1.316280399999999906e+00,7.159742117311496123e-02
1.316420599999999830e+00,7.159728593113423578e-02
1.316560799999999753e+00,7.159715072187700091e-02
1.316700999999999677e+00,7.159701554533559609e-02
1.316841199999999601e+00,7.159688040150213872e-02
1.316981399999999525e+00,7.159674529036863522e-02
1.317121599999999448e+00,7.159661021192742503e-02
1.317261799999999372e+00,7.159647516617018148e-02
1.317401999999999296e+00,7.159634015308913302e-02
1.317542199999999220e+00,7.159620517267650808e-02
1.317682399999999143e+00,7.159607022492431305e-02
1.317822599999999067e+00,7.159593530982477638e-02
1.317962799999998991e+00,7.159580042736968242e-02
1.318009999999999904e+00,7.159575502128434632e-02
1.318150199999999828e+00,7.159562044469902631e-02
1.318290399999999751e+00,7.159548590061315387e-02
1.318430599999999675e+00,7.159535138901884643e-02
1.318570799999999599e+00,7.159521690990822140e-02
1.318710999999999522e+00,7.159508246327339620e-02
1.318851199999999446e+00,7.159494804910659926e-02
1.318991399999999370e+00,7.159481366740005903e-02
1.319131599999999294e+00,7.159467931814578190e-02
1.319271799999999217e+00,7.159454500133599630e-02
1.319411999999999141e+00,7.159441071696293069e-02
1.319552199999999065e+00,7.159427646501859144e-02
1.319692399999998988e+00,7.159414224549531802e-02
1.319832599999998912e+00,7.159400805838522786e-02
1.319972799999998836e+00,7.159387390368043835e-02
1.320019999999999971e+00,7.159382874257369522e-02
1.320160400000000012e+00,7.159369540553639499e-02
1.320300800000000052e+00,7.159356210051326386e-02
1.320441200000000093e+00,7.159342882749664128e-02
1.320581600000000133e+00,7.159329558647875569e-02
1.320722000000000174e+00,7.159316237745194655e-02
1.320862400000000214e+00,7.159302920040855334e-02
1.321002800000000255e+00,7.159289605534080447e-02
1.321143200000000295e+00,7.159276294224115045e-02
1.321283600000000336e+00,7.159262986110181970e-02
1.321424000000000376e+00,7.159249681191515169e-02
1.321564400000000417e+00,7.159236379467359690e-02
1.321704800000000457e+00,7.159223080936938377e-02
1.321845200000000498e+00,7.159209785599474074e-02
1.321985600000000538e+00,7.159196493454222932e-02
1.322040000000000104e+00,7.159191343700499477e-02
1.322178999999999993e+00,7.159177745899203416e-02
1.322317999999999882e+00,7.159164151438923707e-02
1.322456999999999772e+00,7.159150560318827683e-02
1.322595999999999661e+00,7.159136972538104882e-02
1.322734999999999550e+00,7.159123388095933738e-02
1.322873999999999439e+00,7.159109806991481584e-02
1.323012999999999328e+00,7.159096229223937957e-02
1.323151999999999218e+00,7.159082654792492395e-02
1.323290999999999107e+00,7.159069083696312230e-02
1.323429999999998996e+00,7.159055515934587000e-02
1.323568999999998885e+00,7.159041951506484036e-02
1.323707999999998774e+00,7.159028390411192877e-02
1.323846999999998664e+00,7.159014832647903059e-02
1.323985999999998553e+00,7.159001278215781916e-02
1.323990000000000000e+00,7.159000888162947440e-02
1.324130400000000041e+00,7.158987702496999450e-02
1.324270800000000081e+00,7.158974519983463125e-02
1.324411200000000122e+00,7.158961340621572411e-02
1.324551600000000162e+00,7.158948164410583459e-02
1.324692000000000203e+00,7.158934991349741317e-02
1.324832400000000243e+00,7.158921821438279931e-02
1.324972800000000284e+00,7.158908654675455452e-02
1.325113200000000324e+00,7.158895491060524030e-02
1.325253600000000365e+00,7.158882330592719612e-02
1.325394000000000405e+00,7.158869173271287245e-02
1.325534400000000446e+00,7.158856019095483081e-02
1.325674800000000486e+00,7.158842868064563270e-02
1.325815200000000527e+00,7.158829720177761757e-02
1.325955600000000567e+00,7.158816575434334695e-02
1.326009999999999911e+00,7.158811482786242575e-02
1.326150199999999835e+00,7.158798323440285216e-02
1.326290399999999758e+00,7.158785167244974268e-02
1.326430599999999682e+00,7.158772014199565881e-02
1.326570799999999606e+00,7.158758864303282898e-02
1.326710999999999530e+00,7.158745717555403676e-02
1.326851199999999453e+00,7.158732573955162160e-02
1.326991399999999377e+00,7.158719433501803397e-02
1.327131599999999301e+00,7.158706296194572438e-02
1.327271799999999224e+00,7.158693162032714330e-02
1.327411999999999148e+00,7.158680031015474121e-02
1.327552199999999072e+00,7.158666903142085758e-02
1.327692399999998996e+00,7.158653778411827595e-02
1.327832599999998919e+00,7.158640656823933579e-02
1.327972799999998843e+00,7.158627538377659860e-02
1.328019999999999978e+00,7.158623122252494309e-02
1.328160199999999902e+00,7.158610036645030039e-02
1.328300399999999826e+00,7.158596954163720660e-02
1.328440599999999749e+00,7.158583874807822323e-02
1.328580799999999673e+00,7.158570798576580074e-02
1.328720999999999597e+00,7.158557725469250066e-02
1.328861199999999521e+00,7.158544655485099550e-02
1.329001399999999444e+00,7.158531588623362474e-02
1.329141599999999368e+00,7.158518524883306089e-02
1.329281799999999292e+00,7.158505464264175444e-02
1.329421999999999215e+00,7.158492406765226690e-02
1.329562199999999139e+00,7.158479352385727079e-02
1.329702399999999063e+00,7.158466301124910558e-02
1.329842599999998987e+00,7.158453252982055481e-02
1.329982799999998910e+00,7.158440207956395795e-02
1.330030000000000046e+00,7.158435816546415698e-02
1.330169200000000052e+00,7.158422566938626996e-02
1.330308400000000058e+00,7.158409320546843535e-02
1.330447600000000064e+00,7.158396077370277055e-02
1.330586800000000069e+00,7.158382837408161503e-02
1.330726000000000075e+00,7.158369600659697518e-02
1.330865200000000081e+00,7.158356367124119046e-02
1.331004400000000087e+00,7.158343136800637829e-02
1.331143600000000093e+00,7.158329909688487813e-02
1.331282800000000099e+00,7.158316685786869638e-02
1.331422000000000105e+00,7.158303465095017248e-02
1.331561200000000111e+00,7.158290247612153490e-02
1.331700400000000117e+00,7.158277033337490103e-02
1.331839600000000123e+00,7.158263822270249932e-02
1.331978800000000129e+00,7.158250614409666923e-02
1.331990000000000007e+00,7.158249551728990134e-02
1.332130199999999931e+00,7.158236610551582668e-02
1.332270399999999855e+00,7.158223672452701525e-02
1.332410599999999778e+00,7.158210737431625059e-02
1.332550799999999702e+00,7.158197805487587217e-02
1.332690999999999626e+00,7.158184876619877457e-02
1.332831199999999550e+00,7.158171950827763030e-02
1.332971399999999473e+00,7.158159028110533395e-02
1.333111599999999397e+00,7.158146108467411395e-02
1.333251799999999321e+00,7.158133191897697589e-02
1.333391999999999245e+00,7.158120278400648129e-02
1.333532199999999168e+00,7.158107367975552471e-02
1.333672399999999092e+00,7.158094460621644561e-02
1.333812599999999016e+00,7.158081556338213858e-02
1.333952799999998939e+00,7.158068655124527613e-02
1.334000000000000075e+00,7.158064312125167472e-02
1.334140400000000115e+00,7.158051488226369052e-02
1.334280800000000156e+00,7.158038667360877572e-02
1.334421200000000196e+00,7.158025849527982487e-02
1.334561600000000237e+00,7.158013034726951052e-02
1.334702000000000277e+00,7.158000222957072722e-02
1.334842400000000318e+00,7.157987414217636957e-02
1.334982800000000358e+00,7.157974608507922110e-02
1.335123200000000399e+00,7.157961805827206536e-02
1.335263600000000439e+00,7.157949006174779694e-02
1.335404000000000480e+00,7.157936209549919937e-02
1.335544400000000520e+00,7.157923415951916724e-02
1.335684800000000561e+00,7.157910625380048408e-02
1.335825200000000601e+00,7.157897837833604449e-02
1.335965600000000642e+00,7.157885053311874302e-02
1.336019999999999985e+00,7.157880100219038422e-02
1.336160199999999909e+00,7.157867300608156125e-02
1.336300399999999833e+00,7.157854504029403930e-02
1.336440599999999757e+00,7.157841710482071296e-02
1.336580799999999680e+00,7.157828919965425474e-02
1.336720999999999604e+00,7.157816132478755922e-02
1.336861199999999528e+00,7.157803348021340994e-02
1.337001399999999451e+00,7.157790566592470149e-02
1.337141599999999375e+00,7.157777788191421742e-02
1.337281799999999299e+00,7.157765012817474126e-02
1.337421999999999223e+00,7.157752240469916760e-02
1.337562199999999146e+00,7.157739471148027999e-02
1.337702399999999070e+00,7.157726704851097299e-02
1.337842599999998994e+00,7.157713941578403016e-02
1.337982799999998917e+00,7.157701181329234608e-02
1.338030000000000053e+00,7.157696885782016682e-02
1.338170199999999976e+00,7.157684157166566141e-02
1.338310399999999900e+00,7.157671431559908815e-02
1.338450599999999824e+00,7.157658708961323057e-02
1.338590799999999748e+00,7.157645989370109429e-02
1.338730999999999671e+00,7.157633272785546286e-02
1.338871199999999595e+00,7.157620559206934185e-02
1.339011399999999519e+00,7.157607848633551484e-02
1.339151599999999442e+00,7.157595141064698741e-02
1.339291799999999366e+00,7.157582436499654310e-02
1.339431999999999290e+00,7.157569734937718753e-02
1.339572199999999214e+00,7.157557036378170423e-02
1.339712399999999137e+00,7.157544340820309881e-02
1.339852599999999061e+00,7.157531648263426582e-02
1.339992799999998985e+00,7.157518958706809986e-02
1.340039999999999898e+00,7.157514686956445438e-02
1.340179199999999904e+00,7.157501796358223256e-02
1.340318399999999910e+00,7.157488908856335375e-02
1.340457599999999916e+00,7.157476024450026841e-02
1.340596799999999922e+00,7.157463143138564909e-02
1.340735999999999928e+00,7.157450264921205729e-02
1.340875199999999934e+00,7.157437389797205451e-02
1.341014399999999940e+00,7.157424517765820227e-02
1.341153599999999946e+00,7.157411648826306205e-02
1.341292799999999952e+00,7.157398782977919538e-02
1.341431999999999958e+00,7.157385920219916375e-02
1.341571199999999964e+00,7.157373060551563970e-02
1.341710399999999970e+00,7.157360203972107371e-02
1.341849599999999976e+00,7.157347350480813830e-02
1.341988799999999982e+00,7.157334500076939499e-02
1.342000000000000082e+00,7.157333466156379220e-02
1.342140200000000005e+00,7.157320876023043343e-02
1.342280399999999929e+00,7.157308288853381217e-02
1.342420599999999853e+00,7.157295704646704504e-02
1.342560799999999777e+00,7.157283123402313763e-02
1.342700999999999700e+00,7.157270545119498451e-02
1.342841199999999624e+00,7.157257969797570230e-02
1.342981399999999548e+00,7.157245397435840761e-02
1.343121599999999471e+00,7.157232828033599503e-02
1.343261799999999395e+00,7.157220261590158117e-02
1.343401999999999319e+00,7.157207698104828264e-02
1.343542199999999243e+00,7.157195137576899402e-02
1.343682399999999166e+00,7.157182580005672090e-02
1.343822599999999090e+00,7.157170025390457990e-02
1.343962799999999014e+00,7.157157473730568764e-02
1.344009999999999927e+00,7.157153248399672485e-02
1.344150399999999967e+00,7.157140771092374010e-02
1.344290800000000008e+00,7.157128296705717041e-02
1.344431200000000048e+00,7.157115825239013240e-02
1.344571600000000089e+00,7.157103356691585372e-02
1.344712000000000129e+00,7.157090891062745097e-02
1.344852400000000170e+00,7.157078428351815180e-02
1.344992800000000210e+00,7.157065968558107283e-02
1.345133200000000251e+00,7.157053511680933067e-02
1.345273600000000291e+00,7.157041057719615296e-02
1.345414000000000332e+00,7.157028606673476734e-02
1.345554400000000372e+00,7.157016158541829043e-02
1.345694800000000413e+00,7.157003713323994987e-02
1.345835200000000453e+00,7.156991271019286227e-02
1.345975600000000494e+00,7.156978831627025528e-02
1.346030000000000060e+00,7.156974012242733885e-02
1.346170199999999983e+00,7.156961558947461111e-02
1.346310399999999907e+00,7.156949108571419860e-02
1.346450599999999831e+00,7.156936661113910692e-02
1.346590799999999755e+00,7.156924216574267472e-02
1.346730999999999678e+00,7.156911774951790761e-02
1.346871199999999602e+00,7.156899336245803322e-02
1.347011399999999526e+00,7.156886900455616818e-02
1.347151599999999450e+00,7.156874467580554011e-02
1.347291799999999373e+00,7.156862037619926564e-02
1.347431999999999297e+00,7.156849610573057241e-02
1.347572199999999221e+00,7.156837186439257703e-02
1.347712399999999144e+00,7.156824765217850715e-02
1.347852599999999068e+00,7.156812346908147937e-02
1.347992799999998992e+00,7.156799931509472135e-02
1.348039999999999905e+00,7.156795752047517833e-02
1.348179000000000016e+00,7.156783094808050194e-02
1.348318000000000128e+00,7.156770440594362181e-02
1.348457000000000239e+00,7.156757789405732151e-02
1.348596000000000350e+00,7.156745141241427355e-02
1.348735000000000461e+00,7.156732496100726149e-02
1.348874000000000573e+00,7.156719853982906887e-02
1.349013000000000684e+00,7.156707214887259028e-02
1.349152000000000795e+00,7.156694578813038721e-02
1.349291000000000906e+00,7.156681945759535424e-02
1.349430000000001018e+00,7.156669315726027492e-02
1.349569000000001129e+00,7.156656688711793279e-02
1.349708000000001240e+00,7.156644064716111142e-02
1.349847000000001351e+00,7.156631443738248333e-02
1.349986000000001463e+00,7.156618825777494308e-02
1.349990000000000023e+00,7.156618462673214331e-02
1.350130400000000064e+00,7.156606187533409713e-02
1.350270800000000104e+00,7.156593915249020998e-02
1.350411200000000145e+00,7.156581645819370952e-02
1.350551600000000185e+00,7.156569379243804541e-02
1.350692000000000226e+00,7.156557115521644530e-02
1.350832400000000266e+00,7.156544854652246990e-02
1.350972800000000307e+00,7.156532596634934684e-02
1.351113200000000347e+00,7.156520341469052582e-02
1.351253600000000388e+00,7.156508089153923446e-02
1.351394000000000428e+00,7.156495839688903349e-02
1.351534400000000469e+00,7.156483593073303950e-02
1.351674800000000509e+00,7.156471349306481322e-02
1.351815200000000550e+00,7.156459108387780432e-02
1.351955600000000590e+00,7.156446870316512943e-02
1.352009999999999934e+00,7.156442128927176238e-02
1.352150199999999858e+00,7.156429876214209784e-02
1.352290399999999781e+00,7.156417626355771056e-02
1.352430599999999705e+00,7.156405379351182816e-02
1.352570799999999629e+00,7.156393135199790034e-02
1.352710999999999553e+00,7.156380893900926576e-02
1.352851199999999476e+00,7.156368655453926308e-02
1.352991399999999400e+00,7.156356419858123097e-02
1.353131599999999324e+00,7.156344187112861910e-02
1.353271799999999248e+00,7.156331957217465511e-02
1.353411999999999171e+00,7.156319730171267768e-02
1.353552199999999095e+00,7.156307505973624750e-02
1.353692399999999019e+00,7.156295284623859221e-02
1.353832599999998942e+00,7.156283066121305048e-02
1.353972799999998866e+00,7.156270850465307198e-02
1.354020000000000001e+00,7.156266738241812142e-02
1.354160199999999925e+00,7.156254553250440686e-02
1.354300399999999849e+00,7.156242371091559029e-02
1.354440599999999773e+00,7.156230191764534343e-02
1.354580799999999696e+00,7.156218015268689392e-02
1.354720999999999620e+00,7.156205841603369144e-02
1.354861199999999544e+00,7.156193670767918569e-02
1.355001399999999467e+00,7.156181502761682633e-02
1.355141599999999391e+00,7.156169337583995205e-02
1.355281799999999315e+00,7.156157175234201251e-02
1.355421999999999239e+00,7.156145015711645740e-02
1.355562199999999162e+00,7.156132859015673642e-02
1.355702399999999086e+00,7.156120705145629923e-02
1.355842599999999010e+00,7.156108554100848451e-02
1.355982799999998933e+00,7.156096405880674194e-02
1.356030000000000069e+00,7.156092316357764993e-02
1.356169200000000075e+00,7.156079974909768104e-02
1.356308400000000081e+00,7.156067636377183572e-02
1.356447600000000087e+00,7.156055300759311955e-02
1.356586800000000093e+00,7.156042968055476017e-02
1.356726000000000099e+00,7.156030638264976318e-02
1.356865200000000105e+00,7.156018311387135622e-02
1.357004400000000111e+00,7.156005987421265591e-02
1.357143600000000117e+00,7.155993666366677886e-02
1.357282800000000123e+00,7.155981348222673066e-02
1.357422000000000128e+00,7.155969032988573897e-02
1.357561200000000134e+00,7.155956720663692039e-02
1.357700400000000140e+00,7.155944411247339154e-02
1.357839600000000146e+00,7.155932104738826904e-02
1.357978800000000152e+00,7.155919801137466951e-02
1.357990000000000030e+00,7.155918811211348096e-02
1.358130199999999954e+00,7.155906757196150991e-02
1.358270399999999878e+00,7.155894705971410641e-02
1.358410599999999802e+00,7.155882657536483116e-02
1.358550799999999725e+00,7.155870611890713384e-02
1.358690999999999649e+00,7.155858569033468619e-02
1.358831199999999573e+00,7.155846528964093789e-02
1.358971399999999496e+00,7.155834491681956067e-02
1.359111599999999420e+00,7.155822457186400420e-02
1.359251799999999344e+00,7.155810425476782921e-02
1.359391999999999268e+00,7.155798396552459639e-02
1.359532199999999191e+00,7.155786370412786646e-02
1.359672399999999115e+00,7.155774347057120011e-02
1.359812599999999039e+00,7.155762326484804703e-02
1.359952799999998962e+00,7.155750308695207895e-02
1.360000000000000098e+00,7.155746263078577307e-02
1.360140400000000138e+00,7.155734315756723252e-02
1.360280800000000179e+00,7.155722371185258002e-02
1.360421200000000219e+00,7.155710429363548730e-02
1.360561600000000260e+00,7.155698490290962610e-02
1.360702000000000300e+00,7.155686553966877916e-02
1.360842400000000341e+00,7.155674620390650720e-02
1.360982800000000381e+00,7.155662689561648193e-02
1.361123200000000422e+00,7.155650761479248612e-02
1.361263600000000462e+00,7.155638836142808046e-02
1.361404000000000503e+00,7.155626913551693669e-02
1.361544400000000543e+00,7.155614993705283755e-02
1.361684800000000584e+00,7.155603076602934376e-02
1.361825200000000624e+00,7.155591162244023806e-02
1.361965600000000665e+00,7.155579250627919219e-02
1.362020000000000008e+00,7.155574635712613762e-02
1.362160199999999932e+00,7.155562708975571340e-02
1.362300399999999856e+00,7.155550784988551349e-02
1.362440599999999780e+00,7.155538863750909861e-02
1.362580799999999703e+00,7.155526945262025151e-02
1.362720999999999627e+00,7.155515029521253290e-02
1.362861199999999551e+00,7.155503116527961449e-02
1.363001399999999474e+00,7.155491206281516803e-02
1.363141599999999398e+00,7.155479298781286523e-02
1.363281799999999322e+00,7.155467394026637784e-02
1.363421999999999246e+00,7.155455492016937757e-02
1.363562199999999169e+00,7.155443592751553616e-02
1.363702399999999093e+00,7.155431696229852534e-02
1.363842599999999017e+00,7.155419802451201683e-02
1.363982799999998941e+00,7.155407911414968236e-02
1.364030000000000076e+00,7.155403908466784202e-02
1.364170199999999999e+00,7.155392045896546982e-02
1.364310399999999923e+00,7.155380186055826375e-02
1.364450599999999847e+00,7.155368328943989553e-02
1.364590799999999771e+00,7.155356474560414792e-02
1.364730999999999694e+00,7.155344622904469265e-02
1.364871199999999618e+00,7.155332773975520144e-02
1.365011399999999542e+00,7.155320927772956807e-02
1.365151599999999465e+00,7.155309084296135325e-02
1.365291799999999389e+00,7.155297243544433972e-02
1.365431999999999313e+00,7.155285405517231023e-02
1.365572199999999237e+00,7.155273570213893652e-02
1.365712399999999160e+00,7.155261737633800134e-02
1.365852599999999084e+00,7.155249907776317642e-02
1.365992799999999008e+00,7.155238080640824450e-02
1.366039999999999921e+00,7.155234099203267029e-02
1.366179199999999927e+00,7.155222085789358921e-02
1.366318399999999933e+00,7.155210075184081919e-02
1.366457599999999939e+00,7.155198067386769889e-02
1.366596799999999945e+00,7.155186062396767799e-02
1.366735999999999951e+00,7.155174060213420617e-02
1.366875199999999957e+00,7.155162060836073312e-02
1.367014399999999963e+00,7.155150064264059750e-02
1.367153599999999969e+00,7.155138070496736002e-02
1.367292799999999975e+00,7.155126079533447037e-02
1.367431999999999981e+00,7.155114091373537821e-02
1.367571199999999987e+00,7.155102106016342223e-02
1.367710399999999993e+00,7.155090123461216312e-02
1.367849599999999999e+00,7.155078143707493954e-02
1.367988800000000005e+00,7.155066166754531221e-02
1.368000000000000105e+00,7.155065203109778338e-02
1.368140200000000029e+00,7.155053467214866902e-02
1.368280399999999952e+00,7.155041734009148779e-02
1.368420599999999876e+00,7.155030003492024449e-02
1.368560799999999800e+00,7.155018275662861083e-02
1.368700999999999723e+00,7.155006550521048059e-02
1.368841199999999647e+00,7.154994828065974755e-02
1.368981399999999571e+00,7.154983108297019445e-02
1.369121599999999495e+00,7.154971391213571508e-02
1.369261799999999418e+00,7.154959676815009217e-02
1.369401999999999342e+00,7.154947965100721952e-02
1.369542199999999266e+00,7.154936256070087985e-02
1.369682399999999189e+00,7.154924549722507798e-02
1.369822599999999113e+00,7.154912846057348563e-02
1.369962799999999037e+00,7.154901145074010760e-02
1.370009999999999950e+00,7.154897206102528440e-02
1.370150399999999991e+00,7.154885572872271560e-02
1.370290800000000031e+00,7.154873942293071831e-02
1.370431200000000072e+00,7.154862314364307530e-02
1.370571600000000112e+00,7.154850689085390236e-02
1.370712000000000153e+00,7.154839066455720431e-02
1.370852400000000193e+00,7.154827446474687491e-02
1.370992800000000233e+00,7.154815829141669692e-02
1.371133200000000274e+00,7.154804214456089717e-02
1.371273600000000314e+00,7.154792602417336944e-02
1.371414000000000355e+00,7.154780993024800750e-02
1.371554400000000395e+00,7.154769386277892718e-02
1.371694800000000436e+00,7.154757782175991121e-02
1.371835200000000476e+00,7.154746180718507542e-02
1.371975600000000517e+00,7.154734581904831359e-02
1.372030000000000083e+00,7.154730088174465763e-02
1.372170200000000007e+00,7.154718476426791263e-02
1.372310399999999930e+00,7.154706867329074793e-02
1.372450599999999854e+00,7.154695260880683527e-02
1.372590799999999778e+00,7.154683657081040149e-02
1.372730999999999701e+00,7.154672055929511831e-02
1.372871199999999625e+00,7.154660457425521258e-02
1.373011399999999549e+00,7.154648861568435603e-02
1.373151599999999473e+00,7.154637268357666446e-02
1.373291799999999396e+00,7.154625677792625371e-02
1.373431999999999320e+00,7.154614089872679550e-02
1.373572199999999244e+00,7.154602504597262769e-02
1.373712399999999167e+00,7.154590921965731098e-02
1.373852599999999091e+00,7.154579341977496121e-02
1.373992799999999015e+00,7.154567764631980520e-02
1.374039999999999928e+00,7.154563867280216982e-02
1.374179000000000039e+00,7.154552064451180637e-02
1.374318000000000151e+00,7.154540264368991487e-02
1.374457000000000262e+00,7.154528467033016703e-02
1.374596000000000373e+00,7.154516672442612357e-02
1.374735000000000484e+00,7.154504880597134520e-02
1.374874000000000596e+00,7.154493091495961465e-02
1.375013000000000707e+00,7.154481305138438163e-02
1.375152000000000818e+00,7.154469521523920683e-02
1.375291000000000929e+00,7.154457740651787301e-02
1.375430000000001041e+00,7.154445962521394087e-02
1.375569000000001152e+00,7.154434187132108214e-02
1.375708000000001263e+00,7.154422414483274650e-02
1.375847000000001374e+00,7.154410644574271672e-02
1.375986000000001486e+00,7.154398877404455348e-02
1.375990000000000046e+00,7.154398538783124373e-02
1.376130400000000087e+00,7.154387090307434693e-02
1.376270800000000127e+00,7.154375644424593172e-02
1.376411200000000168e+00,7.154364201134000290e-02
1.376551600000000208e+00,7.154352760435078729e-02
1.376692000000000249e+00,7.154341322327240071e-02
1.376832400000000289e+00,7.154329886809895900e-02
1.376972800000000330e+00,7.154318453882457796e-02
1.377113200000000370e+00,7.154307023544337341e-02
1.377253600000000411e+00,7.154295595794946117e-02
1.377394000000000451e+00,7.154284170633706808e-02
1.377534400000000492e+00,7.154272748060030995e-02
1.377674800000000532e+00,7.154261328073330262e-02
1.377815200000000573e+00,7.154249910673016188e-02
1.377955600000000613e+00,7.154238495858511460e-02
1.378009999999999957e+00,7.154234073412568673e-02
1.378150199999999881e+00,7.154222643888885624e-02
1.378290399999999805e+00,7.154211216957906405e-02
1.378430599999999728e+00,7.154199792619042597e-02
1.378570799999999652e+00,7.154188370871694680e-02
1.378710999999999576e+00,7.154176951715285337e-02
1.378851199999999499e+00,7.154165535149226152e-02
1.378991399999999423e+00,7.154154121172928704e-02
1.379131599999999347e+00,7.154142709785804577e-02
1.379271799999999271e+00,7.154131300987265352e-02
1.379411999999999194e+00,7.154119894776722610e-02
1.379552199999999118e+00,7.154108491153599036e-02
1.379692399999999042e+00,7.154097090117295110e-02
1.379832599999998966e+00,7.154085691667233515e-02
1.379972799999998889e+00,7.154074295802825834e-02
1.380020000000000024e+00,7.154070459542349880e-02
1.380160400000000065e+00,7.154059131425660745e-02
1.380300800000000105e+00,7.154047805864149900e-02
1.380441200000000146e+00,7.154036482857273338e-02
1.380581600000000186e+00,7.154025162404442639e-02
1.380722000000000227e+00,7.154013844505058284e-02
1.380862400000000267e+00,7.154002529158587365e-02
1.381002800000000308e+00,7.153991216364430361e-02
1.381143200000000348e+00,7.153979906121987753e-02
1.381283600000000389e+00,7.153968598430726633e-02
1.381424000000000429e+00,7.153957293290058583e-02
1.381564400000000470e+00,7.153945990699384083e-02
1.381704800000000510e+00,7.153934690658159123e-02
1.381845200000000551e+00,7.153923393165795286e-02
1.381985600000000591e+00,7.153912098221704152e-02
1.382039999999999935e+00,7.153907722215646636e-02
1.382179000000000046e+00,7.153896165179585154e-02
1.382318000000000158e+00,7.153884610811678257e-02
1.382457000000000269e+00,7.153873059111315325e-02
1.382596000000000380e+00,7.153861510077874630e-02
1.382735000000000491e+00,7.153849963710745552e-02
1.382874000000000603e+00,7.153838420009306365e-02
1.383013000000000714e+00,7.153826878972946446e-02
1.383152000000000825e+00,7.153815340601032968e-02
1.383291000000000937e+00,7.153803804892977514e-02
1.383430000000001048e+00,7.153792271848147255e-02
1.383569000000001159e+00,7.153780741465931570e-02
1.383708000000001270e+00,7.153769213745719835e-02
1.383847000000001382e+00,7.153757688686890326e-02
1.383986000000001493e+00,7.153746166288843522e-02
1.383990000000000054e+00,7.153745834711244811e-02
1.384130199999999977e+00,7.153734584299364929e-02
1.384270399999999901e+00,7.153723336424144819e-02
1.384410599999999825e+00,7.153712091085007163e-02
1.384550799999999748e+00,7.153700848281385749e-02
1.384690999999999672e+00,7.153689608012703260e-02
1.384831199999999596e+00,7.153678370278393484e-02
1.384971399999999520e+00,7.153667135077879102e-02
1.385111599999999443e+00,7.153655902410593903e-02
1.385251799999999367e+00,7.153644672275960570e-02
1.385391999999999291e+00,7.153633444673423991e-02
1.385532199999999214e+00,7.153622219602395749e-02
1.385672399999999138e+00,7.153610997062309629e-02
1.385812599999999062e+00,7.153599777052599418e-02
1.385952799999998986e+00,7.153588559572687799e-02
1.385999999999999899e+00,7.153584783361177646e-02
1.386140399999999939e+00,7.153573632692200590e-02
1.386280799999999980e+00,7.153562484523168230e-02
1.386421200000000020e+00,7.153551338853525454e-02
1.386561600000000061e+00,7.153540195682706049e-02
1.386702000000000101e+00,7.153529055010154902e-02
1.386842400000000142e+00,7.153517916835305801e-02
1.386982800000000182e+00,7.153506781157603633e-02
1.387123200000000223e+00,7.153495647976482186e-02
1.387263600000000263e+00,7.153484517291386346e-02
1.387404000000000304e+00,7.153473389101761004e-02
1.387544400000000344e+00,7.153462263407039945e-02
1.387684800000000385e+00,7.153451140206668057e-02
1.387825200000000425e+00,7.153440019500090230e-02
1.387965600000000466e+00,7.153428901286740249e-02
1.388020000000000032e+00,7.153424593749291294e-02
1.388160199999999955e+00,7.153413460356206066e-02
1.388300399999999879e+00,7.153402329463387499e-02
1.388440599999999803e+00,7.153391201070258276e-02
1.388580799999999726e+00,7.153380075176274389e-02
1.388720999999999650e+00,7.153368951780858520e-02
1.388861199999999574e+00,7.153357830883455559e-02
1.389001399999999498e+00,7.153346712483510395e-02
1.389141599999999421e+00,7.153335596580456812e-02
1.389281799999999345e+00,7.153324483173739701e-02
1.389421999999999269e+00,7.153313372262792846e-02
1.389562199999999192e+00,7.153302263847050035e-02
1.389702399999999116e+00,7.153291157925956156e-02
1.389842599999999040e+00,7.153280054498956098e-02
1.389982799999998964e+00,7.153268953565483645e-02
1.390030000000000099e+00,7.153265216586590647e-02
1.390170400000000139e+00,7.153254181851176341e-02
1.390310800000000180e+00,7.153243149579824323e-02
1.390451200000000220e+00,7.153232119771990583e-02
1.390591600000000261e+00,7.153221092427120009e-02
1.390732000000000301e+00,7.153210067544657491e-02
1.390872400000000342e+00,7.153199045124070121e-02
1.391012800000000382e+00,7.153188025164791686e-02
1.391153200000000423e+00,7.153177007666278175e-02
1.391293600000000463e+00,7.153165992627985581e-02
1.391434000000000504e+00,7.153154980049358791e-02
1.391574400000000544e+00,7.153143969929853796e-02
1.391714800000000585e+00,7.153132962268915485e-02
1.391855200000000625e+00,7.153121957065999847e-02
1.391995600000000666e+00,7.153110954320551773e-02
1.392050000000000010e+00,7.153106691517430171e-02
1.392188999999999899e+00,7.153095433124934122e-02
1.392327999999999788e+00,7.153084177305646385e-02
1.392466999999999677e+00,7.153072924059000748e-02
1.392605999999999566e+00,7.153061673384386587e-02
1.392744999999999456e+00,7.153050425281237690e-02
1.392883999999999345e+00,7.153039179748943432e-02
1.393022999999999234e+00,7.153027936786937602e-02
1.393161999999999123e+00,7.153016696394620677e-02
1.393300999999999013e+00,7.153005458571404240e-02
1.393439999999998902e+00,7.152994223316710976e-02
1.393578999999998791e+00,7.152982990629941362e-02
1.393717999999998680e+00,7.152971760510518084e-02
1.393856999999998569e+00,7.152960532957852724e-02
1.393995999999998459e+00,7.152949307971345760e-02
1.393999999999999906e+00,7.152948984952289813e-02
1.394140199999999830e+00,7.152938024094834812e-02
1.394280399999999753e+00,7.152927065684222541e-02
1.394420599999999677e+00,7.152916109719897886e-02
1.394560799999999601e+00,7.152905156201327941e-02
1.394700999999999524e+00,7.152894205127957594e-02
1.394841199999999448e+00,7.152883256499242837e-02
1.394981399999999372e+00,7.152872310314639659e-02
1.395121599999999296e+00,7.152861366573592949e-02
1.395261799999999219e+00,7.152850425275569801e-02
1.395401999999999143e+00,7.152839486420026205e-02
1.395542199999999067e+00,7.152828550006407049e-02
1.395682399999998990e+00,7.152817616034168324e-02
1.395822599999998914e+00,7.152806684502766021e-02
1.395962799999998838e+00,7.152795755411656131e-02
1.396009999999999973e+00,7.152792076279523847e-02
1.396150400000000014e+00,7.152781212482284268e-02
1.396290800000000054e+00,7.152770351096449097e-02
1.396431200000000095e+00,7.152759492121474327e-02
1.396571600000000135e+00,7.152748635556838153e-02
1.396712000000000176e+00,7.152737781401996564e-02
1.396852400000000216e+00,7.152726929656416655e-02
1.396992800000000257e+00,7.152716080319565517e-02
1.397133200000000297e+00,7.152705233390910244e-02
1.397273600000000338e+00,7.152694388869917930e-02
1.397414000000000378e+00,7.152683546756044564e-02
1.397554400000000419e+00,7.152672707048768341e-02
1.397694800000000459e+00,7.152661869747545254e-02
1.397835200000000500e+00,7.152651034851842393e-02
1.397975600000000540e+00,7.152640202361126853e-02
1.398030000000000106e+00,7.152636005517776230e-02
1.398170200000000030e+00,7.152625158406855643e-02
1.398310399999999953e+00,7.152614313707628124e-02
1.398450599999999877e+00,7.152603471419549663e-02
1.398590799999999801e+00,7.152592631542098456e-02
1.398730999999999725e+00,7.152581794074730492e-02
1.398871199999999648e+00,7.152570959016912866e-02
1.399011399999999572e+00,7.152560126368101567e-02
1.399151599999999496e+00,7.152549296127774792e-02
1.399291799999999419e+00,7.152538468295377427e-02
1.399431999999999343e+00,7.152527642870398772e-02
1.399572199999999267e+00,7.152516819852283714e-02
1.399712399999999191e+00,7.152505999240510448e-02
1.399852599999999114e+00,7.152495181034534966e-02
1.399992799999999038e+00,7.152484365233824359e-02
1.400039999999999951e+00,7.152480724238274856e-02
1.400179000000000062e+00,7.152469697794294756e-02
1.400318000000000174e+00,7.152458673850359272e-02
1.400457000000000285e+00,7.152447652405913292e-02
1.400596000000000396e+00,7.152436633460390603e-02
1.400735000000000507e+00,7.152425617013213888e-02
1.400874000000000619e+00,7.152414603063828036e-02
1.401013000000000730e+00,7.152403591611666833e-02
1.401152000000000841e+00,7.152392582656152964e-02
1.401291000000000952e+00,7.152381576196731316e-02
1.401430000000001064e+00,7.152370572232824575e-02
1.401569000000001175e+00,7.152359570763866525e-02
1.401708000000001286e+00,7.152348571789302056e-02
1.401847000000001398e+00,7.152337575308564954e-02
1.401986000000001509e+00,7.152326581321089005e-02
1.401990000000000069e+00,7.152326264949404599e-02
1.402130400000000110e+00,7.152315567695655130e-02
1.402270800000000150e+00,7.152304872802406344e-02
1.402411200000000191e+00,7.152294180269136437e-02
1.402551600000000231e+00,7.152283490095323604e-02
1.402692000000000272e+00,7.152272802280457142e-02
1.402832400000000312e+00,7.152262116824004146e-02
1.402972800000000353e+00,7.152251433725453911e-02
1.403113200000000393e+00,7.152240752984273531e-02
1.403253600000000434e+00,7.152230074599952303e-02
1.403394000000000474e+00,7.152219398571968423e-02
1.403534400000000515e+00,7.152208724899811187e-02
1.403674800000000555e+00,7.152198053582947690e-02
1.403815200000000596e+00,7.152187384620867228e-02
1.403955600000000636e+00,7.152176718013036893e-02
1.404009999999999980e+00,7.152172585435767616e-02
1.404150199999999904e+00,7.152161904025577943e-02
1.404290399999999828e+00,7.152151224976377453e-02
1.404430599999999751e+00,7.152140548287666544e-02
1.404570799999999675e+00,7.152129873958901207e-02
1.404710999999999599e+00,7.152119201989581843e-02
1.404851199999999523e+00,7.152108532379164441e-02
1.404991399999999446e+00,7.152097865127138299e-02
1.405131599999999370e+00,7.152087200232981612e-02
1.405271799999999294e+00,7.152076537696172576e-02
1.405411999999999217e+00,7.152065877516200487e-02
1.405552199999999141e+00,7.152055219692532440e-02
1.405692399999999065e+00,7.152044564224646628e-02
1.405832599999998989e+00,7.152033911112032349e-02
1.405972799999998912e+00,7.152023260354156697e-02
1.406020000000000048e+00,7.152019674916509917e-02
1.406160400000000088e+00,7.152009088487909505e-02
1.406300800000000129e+00,7.151998504385870259e-02
1.406441200000000169e+00,7.151987922609881476e-02
1.406581600000000210e+00,7.151977343159421352e-02
1.406722000000000250e+00,7.151966766033990286e-02
1.406862400000000290e+00,7.151956191233066473e-02
1.407002800000000331e+00,7.151945618756150314e-02
1.407143200000000371e+00,7.151935048602731104e-02
1.407283600000000412e+00,7.151924480772298143e-02
1.407424000000000452e+00,7.151913915264329624e-02
1.407564400000000493e+00,7.151903352078325948e-02
1.407704800000000533e+00,7.151892791213776412e-02
1.407845200000000574e+00,7.151882232670159212e-02
1.407985600000000614e+00,7.151871676446974746e-02
1.408039999999999958e+00,7.151867586634763629e-02
1.408179000000000070e+00,7.151856783887011737e-02
1.408318000000000181e+00,7.151845983569538046e-02
1.408457000000000292e+00,7.151835185681798546e-02
1.408596000000000403e+00,7.151824390223260330e-02
1.408735000000000515e+00,7.151813597193357186e-02
1.408874000000000626e+00,7.151802806591556205e-02
1.409013000000000737e+00,7.151792018417302277e-02
1.409152000000000848e+00,7.151781232670051391e-02
1.409291000000000960e+00,7.151770449349259540e-02
1.409430000000001071e+00,7.151759668454382712e-02
1.409569000000001182e+00,7.151748889984876900e-02
1.409708000000001293e+00,7.151738113940186992e-02
1.409847000000001405e+00,7.151727340319780080e-02
1.409986000000001516e+00,7.151716569123101053e-02
1.409990000000000077e+00,7.151716259162610445e-02
1.410130200000000000e+00,7.151705741693792362e-02
1.410270399999999924e+00,7.151695226535881300e-02
1.410410599999999848e+00,7.151684713688355455e-02
1.410550799999999771e+00,7.151674203150715226e-02
1.410690999999999695e+00,7.151663694922461012e-02
1.410831199999999619e+00,7.151653189003071009e-02
1.410971399999999543e+00,7.151642685392056720e-02
1.411111599999999466e+00,7.151632184088896338e-02
1.411251799999999390e+00,7.151621685093090264e-02
1.411391999999999314e+00,7.151611188404127795e-02
1.411532199999999238e+00,7.151600694021498228e-02
1.411672399999999161e+00,7.151590201944701963e-02
1.411812599999999085e+00,7.151579712173228298e-02
1.411952799999999009e+00,7.151569224706577632e-02
1.411999999999999922e+00,7.151565694237205228e-02
1.412140399999999962e+00,7.151555267748288536e-02
1.412280800000000003e+00,7.151544843537638307e-02
1.412421200000000043e+00,7.151534421604743841e-02
1.412561600000000084e+00,7.151524001949127740e-02
1.412702000000000124e+00,7.151513584570268200e-02
1.412842400000000165e+00,7.151503169467687826e-02
1.412982800000000205e+00,7.151492756640875914e-02
1.413123200000000246e+00,7.151482346089343967e-02
1.413263600000000286e+00,7.151471937812592383e-02
1.413404000000000327e+00,7.151461531810121564e-02
1.413544400000000367e+00,7.151451128081431907e-02
1.413684800000000408e+00,7.151440726626034916e-02
1.413825200000000448e+00,7.151430327443430990e-02
1.413965600000000489e+00,7.151419930533120528e-02
1.414020000000000055e+00,7.151415902441748962e-02
1.414160199999999978e+00,7.151405493251694612e-02
1.414300399999999902e+00,7.151395086339495943e-02
1.414440599999999826e+00,7.151384681704664459e-02
1.414580799999999750e+00,7.151374279346689455e-02
1.414720999999999673e+00,7.151363879265082435e-02
1.414861199999999597e+00,7.151353481459332695e-02
1.415001399999999521e+00,7.151343085928962839e-02
1.415141599999999444e+00,7.151332692673451064e-02
1.415281799999999368e+00,7.151322301692319972e-02
1.415421999999999292e+00,7.151311912985058861e-02
1.415562199999999216e+00,7.151301526551179233e-02
1.415702399999999139e+00,7.151291142390170386e-02
1.415842599999999063e+00,7.151280760501543821e-02
1.415982799999998987e+00,7.151270380884799938e-02
1.416029999999999900e+00,7.151266886720675231e-02
1.416170399999999940e+00,7.151256565055619241e-02
1.416310799999999981e+00,7.151246245637310484e-02
1.416451200000000021e+00,7.151235928465260461e-02
1.416591600000000062e+00,7.151225613538991777e-02
1.416732000000000102e+00,7.151215300858004831e-02
1.416872400000000143e+00,7.151204990421811125e-02
1.417012800000000183e+00,7.151194682229922162e-02
1.417153200000000224e+00,7.151184376281860544e-02
1.417293600000000264e+00,7.151174072577126672e-02
1.417434000000000305e+00,7.151163771115232048e-02
1.417574400000000345e+00,7.151153471895699276e-02
1.417714800000000386e+00,7.151143174918028755e-02
1.417855200000000426e+00,7.151132880181731988e-02
1.417995600000000467e+00,7.151122587686331578e-02
1.418050000000000033e+00,7.151118600047290386e-02
1.418188999999999922e+00,7.151108070879352852e-02
1.418327999999999811e+00,7.151097544056750355e-02
1.418466999999999700e+00,7.151087019578961090e-02
1.418605999999999590e+00,7.151076497445452151e-02
1.418744999999999479e+00,7.151065977655701733e-02
1.418883999999999368e+00,7.151055460209188031e-02
1.419022999999999257e+00,7.151044945105400341e-02
1.419161999999999146e+00,7.151034432343805758e-02
1.419300999999999036e+00,7.151023921923893578e-02
1.419439999999998925e+00,7.151013413845130895e-02
1.419578999999998814e+00,7.151002908107007006e-02
1.419717999999998703e+00,7.150992404708989003e-02
1.419856999999998592e+00,7.150981903650555083e-02
1.419995999999998482e+00,7.150971404931194542e-02
1.419999999999999929e+00,7.150971102811709557e-02
1.420140199999999853e+00,7.150960849602361336e-02
1.420280399999999776e+00,7.150950598623984078e-02
1.420420599999999700e+00,7.150940349876078184e-02
1.420560799999999624e+00,7.150930103358177359e-02
1.420700999999999548e+00,7.150919859069782003e-02
1.420841199999999471e+00,7.150909617010403618e-02
1.420981399999999395e+00,7.150899377179564809e-02
1.421121599999999319e+00,7.150889139576788178e-02
1.421261799999999242e+00,7.150878904201574127e-02
1.421401999999999166e+00,7.150868671053445258e-02
1.421542199999999090e+00,7.150858440131913074e-02
1.421682399999999014e+00,7.150848211436500179e-02
1.421822599999998937e+00,7.150837984966718075e-02
1.421962799999998861e+00,7.150827760722078263e-02
1.422009999999999996e+00,7.150824318860526940e-02
1.422150400000000037e+00,7.150814154723528215e-02
1.422290800000000077e+00,7.150803992785759178e-02
1.422431200000000118e+00,7.150793833046731329e-02
1.422571600000000158e+00,7.150783675505978376e-02
1.422712000000000199e+00,7.150773520163011820e-02
1.422852400000000239e+00,7.150763367017365368e-02
1.422992800000000280e+00,7.150753216068561624e-02
1.423133200000000320e+00,7.150743067316134294e-02
1.423273600000000361e+00,7.150732920759594879e-02
1.423414000000000401e+00,7.150722776398465985e-02
1.423554400000000442e+00,7.150712634232292420e-02
1.423694800000000482e+00,7.150702494260585684e-02
1.423835200000000523e+00,7.150692356482868384e-02
1.423975600000000563e+00,7.150682220898674224e-02
1.424029999999999907e+00,7.150678294050039074e-02
1.424170199999999831e+00,7.150668145201322101e-02
1.424310399999999754e+00,7.150657998552045758e-02
1.424450599999999678e+00,7.150647854101754852e-02
1.424590799999999602e+00,7.150637711849938682e-02
1.424730999999999526e+00,7.150627571796153159e-02
1.424871199999999449e+00,7.150617433939898682e-02
1.425011399999999373e+00,7.150607298280720059e-02
1.425151599999999297e+00,7.150597164818117690e-02
1.425291799999999220e+00,7.150587033551647487e-02
1.425431999999999144e+00,7.150576904480798746e-02
1.425572199999999068e+00,7.150566777605127378e-02
1.425712399999998992e+00,7.150556652924144885e-02
1.425852599999998915e+00,7.150546530437351667e-02
1.425992799999998839e+00,7.150536410144314736e-02
1.426039999999999974e+00,7.150533003275738597e-02
1.426179199999999980e+00,7.150522721250951452e-02
1.426318399999999986e+00,7.150512441490741722e-02
1.426457599999999992e+00,7.150502163994620908e-02
1.426596799999999998e+00,7.150491888762067205e-02
1.426736000000000004e+00,7.150481615792592116e-02
1.426875200000000010e+00,7.150471345085707142e-02
1.427014400000000016e+00,7.150461076640901581e-02
1.427153600000000022e+00,7.150450810457686934e-02
1.427292800000000028e+00,7.150440546535552500e-02
1.427432000000000034e+00,7.150430284874009779e-02
1.427571200000000040e+00,7.150420025472559171e-02
1.427710400000000046e+00,7.150409768330701077e-02
1.427849600000000052e+00,7.150399513447935895e-02
1.427988800000000058e+00,7.150389260823775128e-02
1.427999999999999936e+00,7.150388435914600826e-02
1.428140199999999860e+00,7.150378388334466262e-02
1.428280399999999783e+00,7.150368342923529852e-02
1.428420599999999707e+00,7.150358299681325303e-02
1.428560799999999631e+00,7.150348258607386320e-02
1.428700999999999555e+00,7.150338219701235509e-02
1.428841199999999478e+00,7.150328182962417678e-02
1.428981399999999402e+00,7.150318148390455431e-02
1.429121599999999326e+00,7.150308115984882473e-02
1.429261799999999250e+00,7.150298085745232513e-02
1.429401999999999173e+00,7.150288057671039255e-02
1.429542199999999097e+00,7.150278031761836406e-02
1.429682399999999021e+00,7.150268008017157673e-02
1.429822599999998944e+00,7.150257986436525659e-02
1.429962799999998868e+00,7.150247967019485174e-02
1.430010000000000003e+00,7.150244594108601248e-02
1.430150199999999927e+00,7.150234596506288565e-02
1.430290399999999851e+00,7.150224601058297047e-02
1.430430599999999774e+00,7.150214607764182606e-02
1.430570799999999698e+00,7.150204616623467846e-02
1.430710999999999622e+00,7.150194627635697575e-02
1.430851199999999546e+00,7.150184640800394398e-02
1.430991399999999469e+00,7.150174656117114225e-02
1.431131599999999393e+00,7.150164673585379660e-02
1.431271799999999317e+00,7.150154693204724410e-02
1.431411999999999241e+00,7.150144714974693283e-02
1.431552199999999164e+00,7.150134738894819986e-02
1.431692399999999088e+00,7.150124764964638224e-02
1.431832599999999012e+00,7.150114793183692807e-02
1.431972799999998935e+00,7.150104823551517441e-02
1.432020000000000071e+00,7.150101467399627708e-02
1.432160400000000111e+00,7.150091555586768344e-02
1.432300800000000152e+00,7.150081645897976568e-02
1.432441200000000192e+00,7.150071738332808291e-02
1.432581600000000233e+00,7.150061832890797220e-02
1.432722000000000273e+00,7.150051929571488163e-02
1.432862400000000314e+00,7.150042028374437031e-02
1.433002800000000354e+00,7.150032129299177530e-02
1.433143200000000395e+00,7.150022232345254469e-02
1.433283600000000435e+00,7.150012337512223759e-02
1.433424000000000476e+00,7.150002444799619106e-02
1.433564400000000516e+00,7.149992554206996420e-02
1.433704800000000557e+00,7.149982665733889409e-02
1.433845200000000597e+00,7.149972779379865084e-02
1.433985600000000638e+00,7.149962895144446051e-02
1.434039999999999981e+00,7.149959065673250347e-02
1.434179000000000093e+00,7.149948951006979136e-02
1.434318000000000204e+00,7.149938838559444232e-02
1.434457000000000315e+00,7.149928728330146033e-02
1.434596000000000426e+00,7.149918620318607143e-02
1.434735000000000538e+00,7.149908514524350167e-02
1.434874000000000649e+00,7.149898410946875504e-02
1.435013000000000760e+00,7.149888309585705759e-02
1.435152000000000871e+00,7.149878210440341331e-02
1.435291000000000983e+00,7.149868113510315926e-02
1.435430000000001094e+00,7.149858018795129944e-02
1.435569000000001205e+00,7.149847926294294886e-02
1.435708000000001316e+00,7.149837836007333358e-02
1.435847000000001428e+00,7.149827747933756861e-02
1.435986000000001539e+00,7.149817662073087998e-02
1.435990000000000100e+00,7.149817371834332747e-02
1.436130400000000140e+00,7.149807558268306273e-02
1.436270800000000181e+00,7.149797746797326159e-02
1.436411200000000221e+00,7.149787937420937212e-02
1.436551600000000262e+00,7.149778130138695342e-02
1.436692000000000302e+00,7.149768324950145360e-02
1.436832400000000343e+00,7.149758521854843174e-02
1.436972800000000383e+00,7.149748720852355799e-02
1.437113200000000424e+00,7.149738921942216940e-02
1.437253600000000464e+00,7.149729125123993612e-02
1.437394000000000505e+00,7.149719330397230621e-02
1.437534400000000545e+00,7.149709537761483880e-02
1.437674800000000586e+00,7.149699747216320400e-02
1.437815200000000626e+00,7.149689958761273889e-02
1.437955600000000667e+00,7.149680172395911359e-02
1.438010000000000010e+00,7.149676380841551993e-02
1.438150199999999934e+00,7.149666582364511136e-02
1.438290399999999858e+00,7.149656785982494434e-02
1.438430599999999782e+00,7.149646991695057796e-02
1.438570799999999705e+00,7.149637199501746032e-02
1.438710999999999629e+00,7.149627409402126155e-02
1.438851199999999553e+00,7.149617621395742972e-02
1.438991399999999476e+00,7.149607835482152396e-02
1.439131599999999400e+00,7.149598051660899234e-02
1.439271799999999324e+00,7.149588269931539397e-02
1.439411999999999248e+00,7.149578490293617694e-02
1.439552199999999171e+00,7.149568712746701138e-02
1.439692399999999095e+00,7.149558937290345639e-02
1.439832599999999019e+00,7.149549163924096007e-02
1.439972799999998943e+00,7.149539392647497049e-02
1.440020000000000078e+00,7.149536103267661868e-02
1.440160200000000001e+00,7.149526353418100832e-02
1.440300399999999925e+00,7.149516605649197665e-02
1.440440599999999849e+00,7.149506859960508276e-02
1.440580799999999773e+00,7.149497116351588577e-02
1.440720999999999696e+00,7.149487374821983376e-02
1.440861199999999620e+00,7.149477635371259687e-02
1.441001399999999544e+00,7.149467897998973420e-02
1.441141599999999467e+00,7.149458162704680486e-02
1.441281799999999391e+00,7.149448429487936796e-02
1.441421999999999315e+00,7.149438698348287158e-02
1.441562199999999239e+00,7.149428969285309687e-02
1.441702399999999162e+00,7.149419242298538091e-02
1.441842599999999086e+00,7.149409517387550483e-02
1.441982799999999010e+00,7.149399794551891674e-02
1.442029999999999923e+00,7.149396521478668109e-02
1.442169199999999929e+00,7.149386642053068286e-02
1.442308399999999935e+00,7.149376764770343229e-02
1.442447599999999941e+00,7.149366889630026645e-02
1.442586799999999947e+00,7.149357016631652240e-02
1.442725999999999953e+00,7.149347145774753720e-02
1.442865199999999959e+00,7.149337277058875895e-02
1.443004399999999965e+00,7.149327410483541367e-02
1.443143599999999971e+00,7.149317546048294947e-02
1.443282799999999977e+00,7.149307683752670339e-02
1.443421999999999983e+00,7.149297823596201251e-02
1.443561199999999989e+00,7.149287965578432491e-02
1.443700399999999995e+00,7.149278109698886663e-02
1.443839600000000001e+00,7.149268255957108575e-02
1.443978800000000007e+00,7.149258404352631935e-02
1.443990000000000107e+00,7.149257611708625948e-02
1.444130200000000031e+00,7.149247957857218783e-02
1.444270399999999954e+00,7.149238306058203207e-02
1.444410599999999878e+00,7.149228656311135133e-02
1.444550799999999802e+00,7.149219008615603776e-02
1.444690999999999725e+00,7.149209362971153947e-02
1.444831199999999649e+00,7.149199719377352658e-02
1.444971399999999573e+00,7.149190077833744716e-02
1.445111599999999497e+00,7.149180438339930443e-02
1.445251799999999420e+00,7.149170800895465749e-02
1.445391999999999344e+00,7.149161165499906545e-02
1.445532199999999268e+00,7.149151532152808741e-02
1.445672399999999191e+00,7.149141900853739351e-02
1.445812599999999115e+00,7.149132271602276489e-02
1.445952799999999039e+00,7.149122644397976067e-02
1.445999999999999952e+00,7.149119403516968063e-02
1.446140199999999876e+00,7.149109797512998021e-02
1.446280399999999799e+00,7.149100193547330839e-02
1.446420599999999723e+00,7.149090591619544632e-02
1.446560799999999647e+00,7.149080991729184209e-02
1.446700999999999571e+00,7.149071393875827685e-02
1.446841199999999494e+00,7.149061798059053174e-02
1.446981399999999418e+00,7.149052204278416589e-02
1.447121599999999342e+00,7.149042612533484942e-02
1.447261799999999266e+00,7.149033022823847450e-02
1.447401999999999189e+00,7.149023435149037820e-02
1.447542199999999113e+00,7.149013849508645269e-02
1.447682399999999037e+00,7.149004265902236810e-02
1.447822599999998960e+00,7.148994684329379456e-02
1.447962799999998884e+00,7.148985104789640221e-02
1.448010000000000019e+00,7.148981879953897334e-02
1.448150400000000060e+00,7.148972353872495855e-02
1.448290800000000100e+00,7.148962829801719376e-02
1.448431200000000141e+00,7.148953307741157115e-02
1.448571600000000181e+00,7.148943787690376084e-02
1.448712000000000222e+00,7.148934269648965500e-02
1.448852400000000262e+00,7.148924753616492378e-02
1.448992800000000303e+00,7.148915239592534832e-02
1.449133200000000343e+00,7.148905727576659874e-02
1.449273600000000384e+00,7.148896217568456724e-02
1.449414000000000424e+00,7.148886709567492392e-02
1.449554400000000465e+00,7.148877203573344996e-02
1.449694800000000505e+00,7.148867699585592650e-02
1.449835200000000546e+00,7.148858197603813469e-02
1.449975600000000586e+00,7.148848697627585569e-02
1.450029999999999930e+00,7.148845017026173032e-02
1.450170199999999854e+00,7.148835505008677149e-02
1.450310399999999778e+00,7.148825995001983902e-02
1.450450599999999701e+00,7.148816487005660303e-02
1.450590799999999625e+00,7.148806981019295570e-02
1.450730999999999549e+00,7.148797477042445614e-02
1.450871199999999472e+00,7.148787975074699652e-02
1.451011399999999396e+00,7.148778475115635800e-02
1.451151599999999320e+00,7.148768977164821070e-02
1.451291799999999244e+00,7.148759481221833578e-02
1.451431999999999167e+00,7.148749987286251439e-02
1.451572199999999091e+00,7.148740495357641667e-02
1.451712399999999015e+00,7.148731005435582375e-02
1.451852599999998938e+00,7.148721517519651680e-02
1.451992799999998862e+00,7.148712031609427697e-02
1.452039999999999997e+00,7.148708838292083811e-02
1.452179200000000003e+00,7.148699201654140634e-02
1.452318400000000009e+00,7.148689567086297103e-02
1.452457600000000015e+00,7.148679934588109131e-02
1.452596800000000021e+00,7.148670304159132627e-02
1.452736000000000027e+00,7.148660675798912401e-02
1.452875200000000033e+00,7.148651049507015465e-02
1.453014400000000039e+00,7.148641425282997730e-02
1.453153600000000045e+00,7.148631803126415107e-02
1.453292800000000051e+00,7.148622183036812405e-02
1.453432000000000057e+00,7.148612565013756637e-02
1.453571200000000063e+00,7.148602949056803713e-02
1.453710400000000069e+00,7.148593335165498441e-02
1.453849600000000075e+00,7.148583723339407836e-02
1.453988800000000081e+00,7.148574113578087807e-02
1.453999999999999959e+00,7.148573340392272435e-02
1.454140199999999883e+00,7.148563920418971041e-02
1.454280399999999807e+00,7.148554502429715907e-02
1.454420599999999730e+00,7.148545086424096251e-02
1.454560799999999654e+00,7.148535672401690189e-02
1.454700999999999578e+00,7.148526260362086937e-02
1.454841199999999501e+00,7.148516850304864612e-02
1.454981399999999425e+00,7.148507442229601327e-02
1.455121599999999349e+00,7.148498036135886302e-02
1.455261799999999273e+00,7.148488632023297651e-02
1.455401999999999196e+00,7.148479229891424591e-02
1.455542199999999120e+00,7.148469829739845238e-02
1.455682399999999044e+00,7.148460431568137707e-02
1.455822599999998967e+00,7.148451035375891216e-02
1.455962799999998891e+00,7.148441641162683879e-02
1.456010000000000026e+00,7.148438478713203814e-02
1.456150199999999950e+00,7.148429106730658233e-02
1.456290399999999874e+00,7.148419736717925854e-02
1.456430599999999798e+00,7.148410368674618098e-02
1.456570799999999721e+00,7.148401002600301979e-02
1.456710999999999645e+00,7.148391638494577816e-02
1.456851199999999569e+00,7.148382276357023724e-02
1.456991399999999492e+00,7.148372916187228920e-02
1.457131599999999416e+00,7.148363557984782624e-02
1.457271799999999340e+00,7.148354201749262948e-02
1.457411999999999264e+00,7.148344847480259112e-02
1.457552199999999187e+00,7.148335495177360333e-02
1.457692399999999111e+00,7.148326144840155827e-02
1.457832599999999035e+00,7.148316796468223711e-02
1.457972799999998958e+00,7.148307450061153201e-02
1.458020000000000094e+00,7.148304303704555718e-02
1.458160400000000134e+00,7.148295008661254002e-02
1.458300800000000175e+00,7.148285715561419895e-02
1.458441200000000215e+00,7.148276424404642615e-02
1.458581600000000256e+00,7.148267135190522481e-02
1.458722000000000296e+00,7.148257847918648711e-02
1.458862400000000337e+00,7.148248562588610522e-02
1.459002800000000377e+00,7.148239279200008234e-02
1.459143200000000418e+00,7.148229997752431064e-02
1.459283600000000458e+00,7.148220718245479333e-02
1.459424000000000499e+00,7.148211440678742257e-02
1.459564400000000539e+00,7.148202165051820156e-02
1.459704800000000580e+00,7.148192891364302248e-02
1.459845200000000620e+00,7.148183619615788853e-02
1.459985600000000661e+00,7.148174349805869188e-02
1.460040000000000004e+00,7.148170758375671507e-02
1.460178999999999894e+00,7.148161272838526870e-02
1.460317999999999783e+00,7.148151789331413930e-02
1.460456999999999672e+00,7.148142307853910804e-02
1.460595999999999561e+00,7.148132828405584505e-02
1.460734999999999451e+00,7.148123350985990943e-02
1.460873999999999340e+00,7.148113875594697131e-02
1.461012999999999229e+00,7.148104402231270083e-02
1.461151999999999118e+00,7.148094930895276811e-02
1.461290999999999007e+00,7.148085461586284328e-02
1.461429999999998897e+00,7.148075994303859648e-02
1.461568999999998786e+00,7.148066529047569784e-02
1.461707999999998675e+00,7.148057065816981748e-02
1.461846999999998564e+00,7.148047604611651451e-02
1.461985999999998453e+00,7.148038145431157009e-02
1.461989999999999901e+00,7.148037873226198435e-02
1.462130399999999941e+00,7.148028670270301088e-02
1.462270799999999982e+00,7.148019469231037260e-02
1.462411200000000022e+00,7.148010270108007269e-02
1.462551600000000063e+00,7.148001072900822539e-02
1.462692000000000103e+00,7.147991877609061184e-02
1.462832400000000144e+00,7.147982684232345729e-02
1.462972800000000184e+00,7.147973492770265391e-02
1.463113200000000225e+00,7.147964303222431592e-02
1.463253600000000265e+00,7.147955115588433550e-02
1.463394000000000306e+00,7.147945929867882686e-02
1.463534400000000346e+00,7.147936746060379321e-02
1.463674800000000387e+00,7.147927564165523773e-02
1.463815200000000427e+00,7.147918384182916363e-02
1.463955600000000468e+00,7.147909206112157410e-02
1.464010000000000034e+00,7.147905650223596030e-02
1.464150199999999957e+00,7.147896457964098005e-02
1.464290399999999881e+00,7.147887267622521357e-02
1.464430599999999805e+00,7.147878079198466406e-02
1.464570799999999728e+00,7.147868892691533471e-02
1.464710999999999652e+00,7.147859708101322873e-02
1.464851199999999576e+00,7.147850525427423829e-02
1.464991399999999500e+00,7.147841344669447761e-02
1.465131599999999423e+00,7.147832165826994988e-02
1.465271799999999347e+00,7.147822988899665830e-02
1.465411999999999271e+00,7.147813813887060608e-02
1.465552199999999194e+00,7.147804640788779640e-02
1.465692399999999118e+00,7.147795469604412144e-02
1.465832599999999042e+00,7.147786300333580645e-02
1.465972799999998966e+00,7.147777132975863257e-02
1.466020000000000101e+00,7.147774046892507727e-02
1.466160200000000025e+00,7.147764900466813121e-02
1.466300399999999948e+00,7.147755755945650602e-02
1.466440599999999872e+00,7.147746613328620491e-02
1.466580799999999796e+00,7.147737472615334209e-02
1.466720999999999719e+00,7.147728333805392076e-02
1.466861199999999643e+00,7.147719196898394411e-02
1.467001399999999567e+00,7.147710061893941536e-02
1.467141599999999491e+00,7.147700928791644870e-02
1.467281799999999414e+00,7.147691797591104734e-02
1.467421999999999338e+00,7.147682668291932551e-02
1.467562199999999262e+00,7.147673540893717536e-02
1.467702399999999185e+00,7.147664415396071114e-02
1.467842599999999109e+00,7.147655291798604704e-02
1.467982799999999033e+00,7.147646170100907526e-02
1.468029999999999946e+00,7.147643099388034660e-02
1.468169199999999952e+00,7.147633831124367010e-02
1.468308399999999958e+00,7.147624564822163684e-02
1.468447599999999964e+00,7.147615300481002798e-02
1.468586799999999970e+00,7.147606038100473569e-02
1.468725999999999976e+00,7.147596777680143010e-02
1.468865199999999982e+00,7.147587519219611440e-02
1.469004399999999988e+00,7.147578262718468078e-02
1.469143599999999994e+00,7.147569008176291039e-02
1.469282800000000000e+00,7.147559755592669539e-02
1.469422000000000006e+00,7.147550504967181695e-02
1.469561200000000012e+00,7.147541256299416723e-02
1.469700400000000018e+00,7.147532009588963842e-02
1.469839600000000024e+00,7.147522764835401166e-02
1.469978800000000030e+00,7.147513522038317912e-02
1.469989999999999908e+00,7.147512778377651532e-02
1.470130199999999832e+00,7.147503719234105102e-02
1.470270399999999755e+00,7.147494661970099639e-02
1.470410599999999679e+00,7.147485606585235463e-02
1.470550799999999603e+00,7.147476553079123995e-02
1.470690999999999526e+00,7.147467501451387761e-02
1.470831199999999450e+00,7.147458451701627080e-02
1.470971399999999374e+00,7.147449403829442272e-02
1.471111599999999298e+00,7.147440357834455860e-02
1.471251799999999221e+00,7.147431313716279266e-02
1.471391999999999145e+00,7.147422271474523914e-02
1.471532199999999069e+00,7.147413231108801224e-02
1.471672399999998992e+00,7.147404192618711516e-02
1.471812599999998916e+00,7.147395156003877315e-02
1.471952799999998840e+00,7.147386121263898939e-02
1.471999999999999975e+00,7.147383079823543817e-02
1.472140400000000016e+00,7.147374096262026910e-02
1.472280800000000056e+00,7.147365114554316001e-02
1.472421200000000097e+00,7.147356134700044716e-02
1.472561600000000137e+00,7.147347156698813375e-02
1.472702000000000178e+00,7.147338180550244502e-02
1.472842400000000218e+00,7.147329206253960621e-02
1.472982800000000259e+00,7.147320233809573153e-02
1.473123200000000299e+00,7.147311263216704624e-02
1.473263600000000340e+00,7.147302294474966455e-02
1.473404000000000380e+00,7.147293327583981171e-02
1.473544400000000421e+00,7.147284362543360192e-02
1.473684800000000461e+00,7.147275399352737146e-02
1.473825200000000502e+00,7.147266438011723455e-02
1.473965600000000542e+00,7.147257478519930540e-02
1.474020000000000108e+00,7.147254007313519342e-02
1.474160200000000032e+00,7.147245035450322526e-02
1.474300399999999955e+00,7.147236065441608943e-02
1.474440599999999879e+00,7.147227097286990016e-02
1.474580799999999803e+00,7.147218130986088269e-02
1.474720999999999727e+00,7.147209166538526226e-02
1.474861199999999650e+00,7.147200203943915309e-02
1.475001399999999574e+00,7.147191243201866939e-02
1.475141599999999498e+00,7.147182284312003642e-02
1.475281799999999421e+00,7.147173327273947940e-02
1.475421999999999345e+00,7.147164372087311257e-02
1.475562199999999269e+00,7.147155418751705014e-02
1.475702399999999193e+00,7.147146467266762837e-02
1.475842599999999116e+00,7.147137517632085046e-02
1.475982799999999040e+00,7.147128569847294166e-02
1.476029999999999953e+00,7.147125557678624119e-02
1.476170199999999877e+00,7.147116629112326702e-02
1.476310399999999801e+00,7.147107702388111328e-02
1.476450599999999724e+00,7.147098777505600520e-02
1.476590799999999648e+00,7.147089854464405700e-02
1.476730999999999572e+00,7.147080933264149394e-02
1.476871199999999495e+00,7.147072013904454124e-02
1.477011399999999419e+00,7.147063096384942416e-02
1.477151599999999343e+00,7.147054180705214588e-02
1.477291799999999267e+00,7.147045266864915369e-02
1.477431999999999190e+00,7.147036354863656182e-02
1.477572199999999114e+00,7.147027444701059551e-02
1.477712399999999038e+00,7.147018536376747999e-02
1.477852599999998962e+00,7.147009629890344051e-02
1.477992799999998885e+00,7.147000725241459129e-02
1.478040000000000020e+00,7.146997727593584759e-02
1.478179200000000026e+00,7.146988679994870086e-02
1.478318400000000032e+00,7.146979634293271211e-02
1.478457600000000038e+00,7.146970590488421760e-02
1.478596800000000044e+00,7.146961548579899848e-02
1.478736000000000050e+00,7.146952508567305795e-02
1.478875200000000056e+00,7.146943470450228819e-02
1.479014400000000062e+00,7.146934434228313648e-02
1.479153600000000068e+00,7.146925399901138398e-02
1.479292800000000074e+00,7.146916367468292286e-02
1.479432000000000080e+00,7.146907336929408938e-02
1.479571200000000086e+00,7.146898308284066470e-02
1.479710400000000092e+00,7.146889281531865201e-02
1.479849600000000098e+00,7.146880256672438758e-02
1.479988800000000104e+00,7.146871233705365256e-02
1.479999999999999982e+00,7.146870507731750699e-02
1.480140199999999906e+00,7.146861664631032340e-02
1.480280399999999830e+00,7.146852823348004424e-02
1.480420599999999753e+00,7.146843983882289475e-02
1.480560799999999677e+00,7.146835146233532221e-02
1.480700999999999601e+00,7.146826310401355187e-02
1.480841199999999525e+00,7.146817476385369794e-02
1.480981399999999448e+00,7.146808644185220771e-02
1.481121599999999372e+00,7.146799813800519541e-02
1.481261799999999296e+00,7.146790985230888626e-02
1.481401999999999219e+00,7.146782158475983859e-02
1.481542199999999143e+00,7.146773333535416661e-02
1.481682399999999067e+00,7.146764510408809556e-02
1.481822599999998991e+00,7.146755689095785069e-02
1.481962799999998914e+00,7.146746869595976825e-02
1.482010000000000050e+00,7.146743900611807199e-02
1.482150400000000090e+00,7.146735130755144105e-02
1.482290800000000131e+00,7.146726362691457890e-02
1.482431200000000171e+00,7.146717596420393281e-02
1.482571600000000211e+00,7.146708831941583906e-02
1.482712000000000252e+00,7.146700069254663390e-02
1.482852400000000292e+00,7.146691308359265360e-02
1.482992800000000333e+00,7.146682549255012340e-02
1.483133200000000373e+00,7.146673791941549059e-02
1.483273600000000414e+00,7.146665036418509143e-02
1.483414000000000454e+00,7.146656282685526218e-02
1.483554400000000495e+00,7.146647530742233911e-02
1.483694800000000535e+00,7.146638780588265849e-02
1.483835200000000576e+00,7.146630032223255657e-02
1.483975600000000616e+00,7.146621285646825861e-02
1.484029999999999960e+00,7.146617896928453284e-02
1.484170199999999884e+00,7.146609138404413919e-02
1.484310399999999808e+00,7.146600381673995361e-02
1.484450599999999731e+00,7.146591626736820135e-02
1.484590799999999655e+00,7.146582873592544072e-02
1.484730999999999579e+00,7.146574122240789695e-02
1.484871199999999503e+00,7.146565372681190631e-02
1.485011399999999426e+00,7.146556624913380507e-02
1.485151599999999350e+00,7.146547878936970744e-02
1.485291799999999274e+00,7.146539134751639377e-02
1.485431999999999197e+00,7.146530392356986727e-02
1.485572199999999121e+00,7.146521651752657522e-02
1.485712399999999045e+00,7.146512912938263185e-02
1.485852599999998969e+00,7.146504175913481749e-02
1.485992799999998892e+00,7.146495440677913535e-02
1.486040000000000028e+00,7.146492500059586916e-02
1.486178999999999917e+00,7.146483591094476839e-02
1.486317999999999806e+00,7.146474683990589050e-02
1.486456999999999695e+00,7.146465778747546072e-02
1.486595999999999584e+00,7.146456875364948225e-02
1.486734999999999474e+00,7.146447973842406931e-02
1.486873999999999363e+00,7.146439074179533613e-02
1.487012999999999252e+00,7.146430176375950793e-02
1.487151999999999141e+00,7.146421280431258793e-02
1.487290999999999030e+00,7.146412386345080137e-02
1.487429999999998920e+00,7.146403494117015143e-02
1.487568999999998809e+00,7.146394603746675234e-02
1.487707999999998698e+00,7.146385715233671831e-02
1.487846999999998587e+00,7.146376828577627460e-02
1.487985999999998477e+00,7.146367943778153542e-02
1.487989999999999924e+00,7.146367688102006621e-02
1.488130399999999964e+00,7.146359042574346176e-02
1.488270800000000005e+00,7.146350398804601767e-02
1.488411200000000045e+00,7.146341756792440325e-02
1.488551600000000086e+00,7.146333116537484376e-02
1.488692000000000126e+00,7.146324478039389749e-02
1.488832400000000167e+00,7.146315841297778970e-02
1.488972800000000207e+00,7.146307206312318971e-02
1.489113200000000248e+00,7.146298573082643379e-02
1.489253600000000288e+00,7.146289941608385821e-02
1.489394000000000329e+00,7.146281311889202126e-02
1.489534400000000369e+00,7.146272683924725921e-02
1.489674800000000410e+00,7.146264057714601936e-02
1.489815200000000450e+00,7.146255433258486001e-02
1.489955600000000491e+00,7.146246810556011742e-02
1.490010000000000057e+00,7.146243469829138828e-02
1.490150199999999980e+00,7.146234834980980111e-02
1.490290399999999904e+00,7.146226201891525687e-02
1.490430599999999828e+00,7.146217570560453591e-02
1.490570799999999752e+00,7.146208940987386349e-02
1.490710999999999675e+00,7.146200313171957585e-02
1.490851199999999599e+00,7.146191687113834234e-02
1.490991399999999523e+00,7.146183062812627718e-02
1.491131599999999446e+00,7.146174440268016070e-02
1.491271799999999370e+00,7.146165819479621817e-02
1.491411999999999294e+00,7.146157200447067481e-02
1.491552199999999218e+00,7.146148583170042201e-02
1.491692399999999141e+00,7.146139967648157398e-02
1.491832599999999065e+00,7.146131353881046699e-02
1.491972799999998989e+00,7.146122741868377037e-02
1.492019999999999902e+00,7.146119842730569438e-02
1.492160399999999942e+00,7.146111278875733053e-02
1.492300799999999983e+00,7.146102716755886597e-02
1.492441200000000023e+00,7.146094156370663697e-02
1.492581600000000064e+00,7.146085597719720184e-02
1.492722000000000104e+00,7.146077040802711888e-02
1.492862400000000145e+00,7.146068485619283539e-02
1.493002800000000185e+00,7.146059932169079865e-02
1.493143200000000226e+00,7.146051380451745594e-02
1.493283600000000266e+00,7.146042830466936557e-02
1.493424000000000307e+00,7.146034282214297484e-02
1.493564400000000347e+00,7.146025735693484204e-02
1.493704800000000388e+00,7.146017190904141447e-02
1.493845200000000428e+00,7.146008647845913941e-02
1.493985600000000469e+00,7.146000106518457518e-02
1.494040000000000035e+00,7.145996797318054927e-02
1.494178999999999924e+00,7.145988056330776494e-02
1.494317999999999813e+00,7.145979317156259114e-02
1.494456999999999702e+00,7.145970579794158617e-02
1.494595999999999592e+00,7.145961844244075323e-02
1.494734999999999481e+00,7.145953110505620653e-02
1.494873999999999370e+00,7.145944378578450440e-02
1.495012999999999259e+00,7.145935648462165002e-02
1.495151999999999148e+00,7.145926920156409068e-02
1.495290999999999038e+00,7.145918193660805162e-02
1.495429999999998927e+00,7.145909468974953604e-02
1.495568999999998816e+00,7.145900746098510226e-02
1.495707999999998705e+00,7.145892025031086447e-02
1.495846999999998594e+00,7.145883305772282590e-02
1.495985999999998484e+00,7.145874588321765586e-02
1.495989999999999931e+00,7.145874337461366466e-02
1.496130199999999855e+00,7.145865824825980983e-02
1.496270399999999778e+00,7.145857313914893982e-02
1.496410599999999702e+00,7.145848804727761294e-02
1.496550799999999626e+00,7.145840297264238750e-02
1.496690999999999550e+00,7.145831791523971077e-02
1.496831199999999473e+00,7.145823287506614108e-02
1.496971399999999397e+00,7.145814785211823672e-02
1.497111599999999321e+00,7.145806284639255601e-02
1.497251799999999244e+00,7.145797785788532419e-02
1.497391999999999168e+00,7.145789288659332161e-02
1.497532199999999092e+00,7.145780793251288454e-02
1.497672399999999016e+00,7.145772299564068231e-02
1.497812599999998939e+00,7.145763807597316219e-02
1.497952799999998863e+00,7.145755317350677149e-02
1.497999999999999998e+00,7.145752459202980855e-02
1.498140400000000039e+00,7.145744016504695928e-02
1.498280800000000079e+00,7.145735575507439208e-02
1.498421200000000120e+00,7.145727136210855424e-02
1.498561600000000160e+00,7.145718698614611508e-02
1.498702000000000201e+00,7.145710262718363293e-02
1.498842400000000241e+00,7.145701828521766608e-02
1.498982800000000282e+00,7.145693396024477284e-02
1.499123200000000322e+00,7.145684965226162255e-02
1.499263600000000363e+00,7.145676536126466249e-02
1.499404000000000403e+00,7.145668108725056200e-02
1.499544400000000444e+00,7.145659683021587938e-02
1.499684800000000484e+00,7.145651259015717294e-02
1.499825200000000525e+00,7.145642836707100098e-02
1.499965600000000565e+00,7.145634416095403285e-02
1.500019999999999909e+00,7.145631153662979074e-02
1.500160199999999833e+00,7.145622719564148628e-02
1.500300399999999756e+00,7.145614287167811884e-02
1.500440599999999680e+00,7.145605856473613571e-02
1.500580799999999604e+00,7.145597427481220620e-02
1.500720999999999528e+00,7.145589000190277762e-02
1.500861199999999451e+00,7.145580574600451929e-02
1.501001399999999375e+00,7.145572150711387849e-02
1.501141599999999299e+00,7.145563728522763558e-02
1.501281799999999222e+00,7.145555308034212683e-02
1.501421999999999146e+00,7.145546889245402156e-02
1.501562199999999070e+00,7.145538472155998910e-02
1.501702399999998994e+00,7.145530056765647675e-02
1.501842599999998917e+00,7.145521643074004281e-02
1.501982799999998841e+00,7.145513231080724559e-02
1.502029999999999976e+00,7.145510399275467606e-02
1.502170400000000017e+00,7.145502035739603741e-02
1.502310800000000057e+00,7.145493673882696850e-02
1.502451200000000098e+00,7.145485313704447172e-02
1.502591600000000138e+00,7.145476955204488334e-02
1.502732000000000179e+00,7.145468598382476166e-02
1.502872400000000219e+00,7.145460243238110909e-02
1.503012800000000260e+00,7.145451889771026188e-02
1.503153200000000300e+00,7.145443537980877835e-02
1.503293600000000341e+00,7.145435187867366089e-02
1.503434000000000381e+00,7.145426839430124577e-02
1.503574400000000422e+00,7.145418492668809129e-02
1.503714800000000462e+00,7.145410147583119986e-02
1.503855200000000503e+00,7.145401804172679672e-02
1.503995600000000543e+00,7.145393462437188425e-02
1.504050000000000109e+00,7.145390230563186673e-02
1.504188999999999998e+00,7.145381693956776026e-02
1.504327999999999887e+00,7.145373159104628780e-02
1.504466999999999777e+00,7.145364626006345254e-02
1.504605999999999666e+00,7.145356094661570179e-02
1.504744999999999555e+00,7.145347565069970486e-02
1.504883999999999444e+00,7.145339037231157597e-02
1.505022999999999334e+00,7.145330511144798447e-02
1.505161999999999223e+00,7.145321986810493353e-02
1.505300999999999112e+00,7.145313464227909250e-02
1.505439999999999001e+00,7.145304943396690867e-02
1.505578999999998890e+00,7.145296424316460726e-02
1.505717999999998780e+00,7.145287906986863558e-02
1.505856999999998669e+00,7.145279391407555192e-02
1.505995999999998558e+00,7.145270877578147051e-02
1.506000000000000005e+00,7.145270632577305214e-02
1.506140199999999929e+00,7.145262317605871605e-02
1.506280399999999853e+00,7.145254004303580597e-02
1.506420599999999776e+00,7.145245692670088022e-02
1.506560799999999700e+00,7.145237382705060813e-02
1.506700999999999624e+00,7.145229074408165904e-02
1.506841199999999548e+00,7.145220767779070226e-02
1.506981399999999471e+00,7.145212462817429611e-02
1.507121599999999395e+00,7.145204159522922094e-02
1.507261799999999319e+00,7.145195857895203506e-02
1.507401999999999243e+00,7.145187557933940781e-02
1.507542199999999166e+00,7.145179259638800850e-02
1.507682399999999090e+00,7.145170963009450649e-02
1.507822599999999014e+00,7.145162668045557108e-02
1.507962799999998937e+00,7.145154374746776060e-02
1.508010000000000073e+00,7.145151582897668607e-02
1.508150400000000113e+00,7.145143335729198242e-02
1.508290800000000154e+00,7.145135090207477280e-02
1.508431200000000194e+00,7.145126846332194859e-02
1.508571600000000235e+00,7.145118604103006810e-02
1.508712000000000275e+00,7.145110363519591168e-02
1.508852400000000316e+00,7.145102124581625969e-02
1.508992800000000356e+00,7.145093887288767043e-02
1.509133200000000397e+00,7.145085651640703528e-02
1.509273600000000437e+00,7.145077417637091255e-02
1.509414000000000478e+00,7.145069185277608259e-02
1.509554400000000518e+00,7.145060954561932576e-02
1.509694800000000559e+00,7.145052725489731138e-02
1.509835200000000599e+00,7.145044498060670879e-02
1.509975600000000640e+00,7.145036272274429834e-02
1.510029999999999983e+00,7.145033085321816912e-02
1.510170199999999907e+00,7.145024847324665807e-02
1.510310399999999831e+00,7.145016610975341020e-02
1.510450599999999755e+00,7.145008376273520589e-02
1.510590799999999678e+00,7.145000143218860345e-02
1.510730999999999602e+00,7.144991911811038321e-02
1.510871199999999526e+00,7.144983682049721452e-02
1.511011399999999449e+00,7.144975453934587772e-02
1.511151599999999373e+00,7.144967227465293114e-02
1.511291799999999297e+00,7.144959002641526613e-02
1.511431999999999221e+00,7.144950779462955204e-02
1.511572199999999144e+00,7.144942557929245819e-02
1.511712399999999068e+00,7.144934338040065391e-02
1.511852599999998992e+00,7.144926119795091957e-02
1.511992799999998915e+00,7.144917903193992448e-02
1.512040000000000051e+00,7.144915137163654340e-02
1.512178999999999940e+00,7.144906758318336770e-02
1.512317999999999829e+00,7.144898381182573921e-02
1.512456999999999718e+00,7.144890005756010520e-02
1.512595999999999608e+00,7.144881632038302399e-02
1.512734999999999497e+00,7.144873260029094286e-02
1.512873999999999386e+00,7.144864889728042012e-02
1.513012999999999275e+00,7.144856521134790306e-02
1.513151999999999164e+00,7.144848154249006100e-02
1.513290999999999054e+00,7.144839789070334124e-02
1.513429999999998943e+00,7.144831425598419106e-02
1.513568999999998832e+00,7.144823063832916876e-02
1.513707999999998721e+00,7.144814703773483267e-02
1.513846999999998610e+00,7.144806345419763005e-02
1.513985999999998500e+00,7.144797988771411923e-02
1.513989999999999947e+00,7.144797748293740813e-02
1.514130399999999987e+00,7.144789614879543116e-02
1.514270800000000028e+00,7.144781483080830942e-02
1.514411200000000068e+00,7.144773352897282326e-02
1.514551600000000109e+00,7.144765224328575304e-02
1.514692000000000149e+00,7.144757097374399013e-02
1.514832400000000190e+00,7.144748972034409285e-02
1.514972800000000230e+00,7.144740848308306358e-02
1.515113200000000271e+00,7.144732726195768269e-02
1.515253600000000311e+00,7.144724605696461950e-02
1.515394000000000352e+00,7.144716486810076539e-02
1.515534400000000392e+00,7.144708369536290071e-02
1.515674800000000433e+00,7.144700253874780582e-02
1.515815200000000473e+00,7.144692139825226107e-02
1.515955600000000514e+00,7.144684027387304681e-02
1.516010000000000080e+00,7.144680884348431071e-02
1.516150200000000003e+00,7.144672761213666234e-02
1.516290399999999927e+00,7.144664639694908725e-02
1.516430599999999851e+00,7.144656519791836580e-02
1.516570799999999775e+00,7.144648401504150037e-02
1.516710999999999698e+00,7.144640284831504928e-02
1.516851199999999622e+00,7.144632169773590391e-02
1.516991399999999546e+00,7.144624056330084461e-02
1.517131599999999469e+00,7.144615944500665172e-02
1.517271799999999393e+00,7.144607834285010561e-02
1.517411999999999317e+00,7.144599725682809765e-02
1.517552199999999241e+00,7.144591618693718615e-02
1.517692399999999164e+00,7.144583513317437351e-02
1.517832599999999088e+00,7.144575409553644008e-02
1.517972799999999012e+00,7.144567307402005518e-02
1.518019999999999925e+00,7.144564579898859957e-02
1.518160399999999965e+00,7.144556522499989626e-02
1.518300800000000006e+00,7.144548466695621602e-02
1.518441200000000046e+00,7.144540412485445025e-02
1.518581600000000087e+00,7.144532359869149030e-02
1.518722000000000127e+00,7.144524308846411653e-02
1.518862400000000168e+00,7.144516259416922033e-02
1.519002800000000208e+00,7.144508211580358203e-02
1.519143200000000249e+00,7.144500165336409303e-02
1.519283600000000289e+00,7.144492120684764469e-02
1.519424000000000330e+00,7.144484077625101737e-02
1.519564400000000370e+00,7.144476036157110244e-02
1.519704800000000411e+00,7.144467996280479127e-02
1.519845200000000451e+00,7.144459957994875321e-02
1.519985600000000492e+00,7.144451921300010167e-02
1.520040000000000058e+00,7.144448807605752183e-02
1.520178999999999947e+00,7.144440582053335209e-02
1.520317999999999836e+00,7.144432358167407404e-02
1.520456999999999725e+00,7.144424135947635701e-02
1.520595999999999615e+00,7.144415915393675931e-02
1.520734999999999504e+00,7.144407696505206129e-02
1.520873999999999393e+00,7.144399479281871024e-02
1.521012999999999282e+00,7.144391263723348651e-02
1.521151999999999171e+00,7.144383049829294841e-02
1.521290999999999061e+00,7.144374837599365424e-02
1.521429999999998950e+00,7.144366627033238437e-02
1.521568999999998839e+00,7.144358418130558608e-02
1.521707999999998728e+00,7.144350210891003972e-02
1.521846999999998618e+00,7.144342005314230359e-02
1.521985999999998507e+00,7.144333801399904704e-02
1.521989999999999954e+00,7.144333565317406709e-02
1.522130199999999878e+00,7.144325554889618957e-02
1.522270399999999801e+00,7.144317546046796696e-02
1.522410599999999725e+00,7.144309538788617964e-02
1.522550799999999649e+00,7.144301533114782998e-02
1.522690999999999573e+00,7.144293529024969835e-02
1.522831199999999496e+00,7.144285526518867613e-02
1.522971399999999420e+00,7.144277525596154366e-02
1.523111599999999344e+00,7.144269526256530334e-02
1.523251799999999267e+00,7.144261528499673553e-02
1.523391999999999191e+00,7.144253532325284262e-02
1.523532199999999115e+00,7.144245537733029394e-02
1.523672399999999039e+00,7.144237544722609190e-02
1.523812599999998962e+00,7.144229553293701684e-02
1.523952799999998886e+00,7.144221563445996015e-02
1.524000000000000021e+00,7.144218873747809617e-02
1.524140400000000062e+00,7.144210927254912580e-02
1.524280800000000102e+00,7.144202982326208762e-02
1.524421200000000143e+00,7.144195038961398403e-02
1.524561600000000183e+00,7.144187097160170641e-02
1.524702000000000224e+00,7.144179156922214613e-02
1.524842400000000264e+00,7.144171218247219457e-02
1.524982800000000305e+00,7.144163281134885413e-02
1.525123200000000345e+00,7.144155345584890515e-02
1.525263600000000386e+00,7.144147411596946107e-02
1.525404000000000426e+00,7.144139479170730223e-02
1.525544400000000467e+00,7.144131548305943102e-02
1.525684800000000507e+00,7.144123619002273884e-02
1.525825200000000548e+00,7.144115691259411705e-02
1.525965600000000588e+00,7.144107765077056804e-02
1.526019999999999932e+00,7.144104694197928040e-02
1.526160199999999856e+00,7.144096756000373194e-02
1.526300399999999780e+00,7.144088819368166199e-02
1.526440599999999703e+00,7.144080884301018397e-02
1.526580799999999627e+00,7.144072950798618926e-02
1.526720999999999551e+00,7.144065018860645822e-02
1.526861199999999474e+00,7.144057088486799323e-02
1.527001399999999398e+00,7.144049159676768568e-02
1.527141599999999322e+00,7.144041232430242694e-02
1.527281799999999246e+00,7.144033306746921941e-02
1.527421999999999169e+00,7.144025382626484344e-02
1.527562199999999093e+00,7.144017460068630143e-02
1.527702399999999017e+00,7.144009539073059578e-02
1.527842599999998940e+00,7.144001619639450684e-02
1.527982799999998864e+00,7.143993701767492599e-02
1.528029999999999999e+00,7.143991036298580344e-02
1.528170400000000040e+00,7.143983162682787658e-02
1.528310800000000080e+00,7.143975290611337403e-02
1.528451200000000121e+00,7.143967420083952025e-02
1.528591600000000161e+00,7.143959551100298455e-02
1.528732000000000202e+00,7.143951683660099139e-02
1.528872400000000242e+00,7.143943817763032111e-02
1.529012800000000283e+00,7.143935953408819817e-02
1.529153200000000323e+00,7.143928090597118086e-02
1.529293600000000364e+00,7.143920229327671567e-02
1.529434000000000404e+00,7.143912369600136092e-02
1.529574400000000445e+00,7.143904511414245206e-02
1.529714800000000485e+00,7.143896654769665844e-02
1.529855200000000526e+00,7.143888799666131550e-02
1.529995600000000566e+00,7.143880946103298157e-02
1.530049999999999910e+00,7.143877903358675230e-02
1.530189000000000021e+00,7.143869865774699068e-02
1.530328000000000133e+00,7.143861829804609709e-02
1.530467000000000244e+00,7.143853795448085187e-02
1.530606000000000355e+00,7.143845762704814639e-02
1.530745000000000466e+00,7.143837731574465000e-02
1.530884000000000578e+00,7.143829702056703201e-02
1.531023000000000689e+00,7.143821674151218382e-02
1.531162000000000800e+00,7.143813647857688576e-02
1.531301000000000911e+00,7.143805623175780717e-02
1.531440000000001023e+00,7.143797600105172840e-02
1.531579000000001134e+00,7.143789578645542981e-02
1.531718000000001245e+00,7.143781558796569175e-02
1.531857000000001356e+00,7.143773540557929458e-02
1.531996000000001468e+00,7.143765523929301864e-02
1.532000000000000028e+00,7.143765293236292724e-02
1.532140199999999952e+00,7.143757464130762180e-02
1.532280399999999876e+00,7.143749636560814409e-02
1.532420599999999800e+00,7.143741810526138547e-02
1.532560799999999723e+00,7.143733986026434835e-02
1.532700999999999647e+00,7.143726163061414614e-02
1.532841199999999571e+00,7.143718341630755919e-02
1.532981399999999494e+00,7.143710521734170094e-02
1.533121599999999418e+00,7.143702703371357376e-02
1.533261799999999342e+00,7.143694886542006905e-02
1.533401999999999266e+00,7.143687071245830023e-02
1.533542199999999189e+00,7.143679257482526967e-02
1.533682399999999113e+00,7.143671445251786878e-02
1.533822599999999037e+00,7.143663634553309993e-02
1.533962799999998960e+00,7.143655825386807656e-02
1.534010000000000096e+00,7.143653196511501324e-02
1.534150400000000136e+00,7.143645429398870483e-02
1.534290800000000177e+00,7.143637663801849502e-02
1.534431200000000217e+00,7.143629899720138621e-02
1.534571600000000258e+00,7.143622137153449181e-02
1.534712000000000298e+00,7.143614376101481422e-02
1.534852400000000339e+00,7.143606616563946687e-02
1.534992800000000379e+00,7.143598858540545216e-02
1.535133200000000420e+00,7.143591102030977247e-02
1.535273600000000460e+00,7.143583347034954123e-02
1.535414000000000501e+00,7.143575593552176084e-02
1.535554400000000541e+00,7.143567841582343370e-02
1.535694800000000582e+00,7.143560091125167322e-02
1.535835200000000622e+00,7.143552342180359283e-02
1.535975600000000663e+00,7.143544594747608389e-02
1.536030000000000006e+00,7.143541593120306121e-02
1.536170199999999930e+00,7.143533835704407586e-02
1.536310399999999854e+00,7.143526079804585205e-02
1.536450599999999778e+00,7.143518325420550319e-02
1.536590799999999701e+00,7.143510572552003168e-02
1.536730999999999625e+00,7.143502821198643993e-02
1.536871199999999549e+00,7.143495071360184134e-02
1.537011399999999472e+00,7.143487323036323833e-02
1.537151599999999396e+00,7.143479576226763328e-02
1.537291799999999320e+00,7.143471830931202859e-02
1.537431999999999244e+00,7.143464087149364872e-02
1.537572199999999167e+00,7.143456344880938502e-02
1.537712399999999091e+00,7.143448604125635093e-02
1.537852599999999015e+00,7.143440864883154884e-02
1.537992799999998939e+00,7.143433127153198114e-02
1.538040000000000074e+00,7.143430522325666665e-02
1.538178999999999963e+00,7.143422629992479678e-02
1.538317999999999852e+00,7.143414739232978317e-02
1.538456999999999741e+00,7.143406850046840617e-02
1.538595999999999631e+00,7.143398962433744614e-02
1.538734999999999520e+00,7.143391076393390549e-02
1.538873999999999409e+00,7.143383191925456455e-02
1.539012999999999298e+00,7.143375309029631470e-02
1.539151999999999187e+00,7.143367427705604733e-02
1.539290999999999077e+00,7.143359547953054278e-02
1.539429999999998966e+00,7.143351669771680346e-02
1.539568999999998855e+00,7.143343793161160971e-02
1.539707999999998744e+00,7.143335918121185291e-02
1.539846999999998634e+00,7.143328044651431341e-02
1.539985999999998523e+00,7.143320172751599362e-02
1.539989999999999970e+00,7.143319946223414263e-02
1.540130400000000011e+00,7.143312285685510243e-02
1.540270800000000051e+00,7.143304626634361387e-02
1.540411200000000091e+00,7.143296969069679037e-02
1.540551600000000132e+00,7.143289312991163431e-02
1.540692000000000172e+00,7.143281658398537015e-02
1.540832400000000213e+00,7.143274005291500028e-02
1.540972800000000253e+00,7.143266353669774915e-02
1.541113200000000294e+00,7.143258703533073017e-02
1.541253600000000334e+00,7.143251054881105677e-02
1.541394000000000375e+00,7.143243407713584237e-02
1.541534400000000415e+00,7.143235762030220037e-02
1.541674800000000456e+00,7.143228117830724422e-02
1.541815200000000496e+00,7.143220475114797630e-02
1.541955600000000537e+00,7.143212833882173207e-02
1.542010000000000103e+00,7.143209873399325449e-02
1.542150200000000027e+00,7.143202219921407359e-02
1.542290399999999950e+00,7.143194567931654415e-02
1.542430599999999874e+00,7.143186917429766858e-02
1.542570799999999798e+00,7.143179268415467131e-02
1.542710999999999721e+00,7.143171620888466578e-02
1.542851199999999645e+00,7.143163974848465436e-02
1.542991399999999569e+00,7.143156330295175049e-02
1.543131599999999493e+00,7.143148687228317861e-02
1.543271799999999416e+00,7.143141045647594112e-02
1.543411999999999340e+00,7.143133405552726245e-02
1.543552199999999264e+00,7.143125766943414501e-02
1.543692399999999187e+00,7.143118129819381323e-02
1.543832599999999111e+00,7.143110494180326953e-02
1.543972799999999035e+00,7.143102860025962730e-02
1.544019999999999948e+00,7.143100290065229618e-02
1.544160399999999989e+00,7.143092698338371349e-02
1.544300800000000029e+00,7.143085108079849643e-02
1.544441200000000070e+00,7.143077519289364741e-02
1.544581600000000110e+00,7.143069931966650188e-02
1.544722000000000151e+00,7.143062346111417327e-02
1.544862400000000191e+00,7.143054761723388602e-02
1.545002800000000232e+00,7.143047178802264252e-02
1.545143200000000272e+00,7.143039597347777825e-02
1.545283600000000312e+00,7.143032017359629560e-02
1.545424000000000353e+00,7.143024438837553003e-02
1.545564400000000393e+00,7.143016861781248394e-02
1.545704800000000434e+00,7.143009286190438178e-02
1.545845200000000474e+00,7.143001712064844799e-02
1.545985600000000515e+00,7.142994139404179599e-02
1.546040000000000081e+00,7.142991205487758677e-02
1.546178999999999970e+00,7.142983455556095596e-02
1.546317999999999859e+00,7.142975707158860654e-02
1.546456999999999748e+00,7.142967960295754093e-02
1.546595999999999638e+00,7.142960214966476151e-02
1.546734999999999527e+00,7.142952471170715967e-02
1.546873999999999416e+00,7.142944728908173779e-02
1.547012999999999305e+00,7.142936988178549829e-02
1.547151999999999195e+00,7.142929248981533252e-02
1.547290999999999084e+00,7.142921511316824290e-02
1.547429999999998973e+00,7.142913775184123182e-02
1.547568999999998862e+00,7.142906040583119065e-02
1.547707999999998751e+00,7.142898307513512179e-02
1.547846999999998641e+00,7.142890575975002765e-02
1.547985999999998530e+00,7.142882845967279959e-02
1.547989999999999977e+00,7.142882623522284202e-02
1.548130199999999901e+00,7.142875073683263576e-02
1.548270399999999825e+00,7.142867525304519294e-02
1.548410599999999748e+00,7.142859978385762698e-02
1.548550799999999672e+00,7.142852432926705131e-02
1.548690999999999596e+00,7.142844888927080138e-02
1.548831199999999519e+00,7.142837346386599062e-02
1.548971399999999443e+00,7.142829805304973245e-02
1.549111599999999367e+00,7.142822265681925131e-02
1.549251799999999291e+00,7.142814727517177165e-02
1.549391999999999214e+00,7.142807190810440687e-02
1.549532199999999138e+00,7.142799655561438144e-02
1.549672399999999062e+00,7.142792121769880875e-02
1.549812599999998985e+00,7.142784589435491327e-02
1.549952799999998909e+00,7.142777058557991943e-02
1.550000000000000044e+00,7.142774523363493167e-02
1.550140400000000085e+00,7.142767034399888360e-02
1.550280800000000125e+00,7.142759546877097687e-02
1.550421200000000166e+00,7.142752060794832492e-02
1.550561600000000206e+00,7.142744576152826319e-02
1.550702000000000247e+00,7.142737092950790512e-02
1.550842400000000287e+00,7.142729611188458616e-02
1.550982800000000328e+00,7.142722130865553076e-02
1.551123200000000368e+00,7.142714651981785234e-02
1.551263600000000409e+00,7.142707174536888637e-02
1.551404000000000449e+00,7.142699698530585728e-02
1.551544400000000490e+00,7.142692223962598952e-02
1.551684800000000530e+00,7.142684750832650753e-02
1.551825200000000571e+00,7.142677279140463575e-02
1.551965600000000611e+00,7.142669808885759863e-02
1.552019999999999955e+00,7.142666914643902576e-02
1.552160199999999879e+00,7.142659433321818518e-02
1.552300399999999803e+00,7.142651953441592205e-02
1.552440599999999726e+00,7.142644475002946081e-02
1.552580799999999650e+00,7.142636998005602589e-02
1.552720999999999574e+00,7.142629522449273072e-02
1.552861199999999497e+00,7.142622048333691076e-02
1.553001399999999421e+00,7.142614575658579046e-02
1.553141599999999345e+00,7.142607104423659425e-02
1.553281799999999269e+00,7.142599634628654659e-02
1.553421999999999192e+00,7.142592166273276089e-02
1.553562199999999116e+00,7.142584699357257261e-02
1.553702399999999040e+00,7.142577233880309517e-02
1.553842599999998964e+00,7.142569769842166405e-02
1.553982799999998887e+00,7.142562307242550368e-02
1.554030000000000022e+00,7.142559795032532577e-02
1.554170400000000063e+00,7.142552371990318338e-02
1.554310800000000103e+00,7.142544950371532142e-02
1.554451200000000144e+00,7.142537530175863125e-02
1.554591600000000184e+00,7.142530111403044835e-02
1.554732000000000225e+00,7.142522694052821919e-02
1.554872400000000265e+00,7.142515278124927924e-02
1.555012800000000306e+00,7.142507863619063091e-02
1.555153200000000346e+00,7.142500450534960965e-02
1.555293600000000387e+00,7.142493038872377298e-02
1.555434000000000427e+00,7.142485628631001227e-02
1.555574400000000468e+00,7.142478219810577400e-02
1.555714800000000508e+00,7.142470812410839365e-02
1.555855200000000549e+00,7.142463406431520667e-02
1.555995600000000589e+00,7.142456001872321547e-02
1.556049999999999933e+00,7.142453133082504735e-02
1.556189000000000044e+00,7.142445556527776684e-02
1.556328000000000156e+00,7.142437981460036944e-02
1.556467000000000267e+00,7.142430407878985754e-02
1.556606000000000378e+00,7.142422835784334456e-02
1.556745000000000489e+00,7.142415265175794392e-02
1.556884000000000601e+00,7.142407696053076904e-02
1.557023000000000712e+00,7.142400128415893334e-02
1.557162000000000823e+00,7.142392562263943923e-02
1.557301000000000935e+00,7.142384997596928908e-02
1.557440000000001046e+00,7.142377434414570736e-02
1.557579000000001157e+00,7.142369872716580748e-02
1.557718000000001268e+00,7.142362312502659183e-02
1.557857000000001380e+00,7.142354753772517384e-02
1.557996000000001491e+00,7.142347196525855590e-02
1.558000000000000052e+00,7.142346979052360822e-02
1.558140199999999975e+00,7.142339596433522342e-02
1.558280399999999899e+00,7.142332215230395853e-02
1.558420599999999823e+00,7.142324835442748210e-02
1.558560799999999746e+00,7.142317457070290754e-02
1.558700999999999670e+00,7.142310080112745929e-02
1.558841199999999594e+00,7.142302704569825078e-02
1.558981399999999518e+00,7.142295330441295054e-02
1.559121599999999441e+00,7.142287957726867198e-02
1.559261799999999365e+00,7.142280586426252853e-02
1.559401999999999289e+00,7.142273216539207770e-02
1.559542199999999212e+00,7.142265848065454392e-02
1.559682399999999136e+00,7.142258481004715165e-02
1.559822599999999060e+00,7.142251115356712532e-02
1.559962799999998984e+00,7.142243751121191142e-02
1.560009999999999897e+00,7.142241272023652776e-02
1.560150399999999937e+00,7.142233948871268279e-02
1.560290799999999978e+00,7.142226627115733084e-02
1.560431200000000018e+00,7.142219306756780739e-02
1.560571600000000059e+00,7.142211987794144790e-02
1.560712000000000099e+00,7.142204670227558783e-02
1.560852400000000140e+00,7.142197354056756264e-02
1.560992800000000180e+00,7.142190039281470781e-02
1.561133200000000221e+00,7.142182725901435880e-02
1.561273600000000261e+00,7.142175413916385107e-02
1.561414000000000302e+00,7.142168103326063111e-02
1.561554400000000342e+00,7.142160794130181234e-02
1.561694800000000383e+00,7.142153486328495227e-02
1.561835200000000423e+00,7.142146179920727533e-02
1.561975600000000464e+00,7.142138874906622803e-02
1.562030000000000030e+00,7.142136044683033980e-02
1.562170199999999953e+00,7.142128729743613125e-02
1.562310399999999877e+00,7.142121416201741013e-02
1.562450599999999801e+00,7.142114104057128987e-02
1.562590799999999724e+00,7.142106793309555002e-02
1.562730999999999648e+00,7.142099483958730399e-02
1.562871199999999572e+00,7.142092176004377624e-02
1.563011399999999496e+00,7.142084869446230222e-02
1.563151599999999419e+00,7.142077564284043945e-02
1.563291799999999343e+00,7.142070260517541236e-02
1.563431999999999267e+00,7.142062958146444540e-02
1.563572199999999190e+00,7.142055657170498506e-02
1.563712399999999114e+00,7.142048357589414476e-02
1.563852599999999038e+00,7.142041059402959302e-02
1.563992799999998962e+00,7.142033762610855430e-02
1.564040000000000097e+00,7.142031306216900521e-02
1.564179200000000103e+00,7.142023889150195259e-02
1.564318400000000109e+00,7.142016473524281928e-02
1.564457600000000115e+00,7.142009059338871868e-02
1.564596800000000121e+00,7.142001646593687525e-02
1.564736000000000127e+00,7.141994235288451343e-02
1.564875200000000133e+00,7.141986825422874663e-02
1.565014400000000139e+00,7.141979416996691032e-02
1.565153600000000145e+00,7.141972010009611793e-02
1.565292800000000151e+00,7.141964604461359389e-02
1.565432000000000157e+00,7.141957200351656265e-02
1.565571200000000163e+00,7.141949797680224865e-02
1.565710400000000169e+00,7.141942396446776531e-02
1.565849600000000175e+00,7.141934996651044809e-02
1.565988800000000181e+00,7.141927598292741042e-02
1.566000000000000059e+00,7.141927003031833809e-02
1.566140199999999982e+00,7.141919752323822035e-02
1.566280399999999906e+00,7.141912502996461409e-02
1.566420599999999830e+00,7.141905255049496581e-02
1.566560799999999753e+00,7.141898008482649995e-02
1.566700999999999677e+00,7.141890763295666300e-02
1.566841199999999601e+00,7.141883519488290144e-02
1.566981399999999525e+00,7.141876277060255074e-02
1.567121599999999448e+00,7.141869036011283534e-02
1.567261799999999372e+00,7.141861796341120172e-02
1.567401999999999296e+00,7.141854558049509638e-02
1.567542199999999220e+00,7.141847321136185478e-02
1.567682399999999143e+00,7.141840085600892341e-02
1.567822599999999067e+00,7.141832851443352670e-02
1.567962799999998991e+00,7.141825618663311115e-02
1.568009999999999904e+00,7.141823183817885834e-02
1.568150199999999828e+00,7.141815964396458494e-02
1.568290399999999751e+00,7.141808746347522163e-02
1.568430599999999675e+00,7.141801529670832593e-02
1.568570799999999599e+00,7.141794314366123331e-02
1.568710999999999522e+00,7.141787100433139024e-02
1.568851199999999446e+00,7.141779887871613219e-02
1.568991399999999370e+00,7.141772676681290566e-02
1.569131599999999294e+00,7.141765466861904610e-02
1.569271799999999217e+00,7.141758258413200000e-02
1.569411999999999141e+00,7.141751051334910283e-02
1.569552199999999065e+00,7.141743845626780107e-02
1.569692399999998988e+00,7.141736641288543019e-02
1.569832599999998912e+00,7.141729438319943668e-02
1.569972799999998836e+00,7.141722236720726702e-02
1.570019999999999971e+00,7.141719812371771781e-02
1.570160400000000012e+00,7.141712650650200445e-02
1.570300800000000052e+00,7.141705490282967972e-02
1.570441200000000093e+00,7.141698331269819011e-02
1.570581600000000133e+00,7.141691173610498211e-02
1.570722000000000174e+00,7.141684017304750220e-02
1.570862400000000214e+00,7.141676862352319688e-02
1.571002800000000255e+00,7.141669708752951262e-02
1.571143200000000295e+00,7.141662556506378490e-02
1.571283600000000336e+00,7.141655405612357121e-02
1.571424000000000376e+00,7.141648256070620704e-02
1.571564400000000417e+00,7.141641107880924988e-02
1.571704800000000457e+00,7.141633961043014622e-02
1.571845200000000498e+00,7.141626815556623153e-02
1.571985600000000538e+00,7.141619671421506332e-02
1.572040000000000104e+00,7.141616903526415427e-02
1.572178999999999993e+00,7.141609590798181362e-02
1.572317999999999882e+00,7.141602279485848026e-02
1.572456999999999772e+00,7.141594969589137865e-02
1.572595999999999661e+00,7.141587661107784424e-02
1.572734999999999550e+00,7.141580354041510148e-02
1.572873999999999439e+00,7.141573048390037481e-02
1.573012999999999328e+00,7.141565744153099971e-02
1.573151999999999218e+00,7.141558441330420060e-02
1.573290999999999107e+00,7.141551139921720193e-02
1.573429999999998996e+00,7.141543839926733916e-02
1.573568999999998885e+00,7.141536541345183675e-02
1.573707999999998774e+00,7.141529244176803015e-02
1.573846999999998664e+00,7.141521948421303279e-02
1.573985999999998553e+00,7.141514654078418012e-02
1.573990000000000000e+00,7.141514444170449227e-02
1.574130400000000041e+00,7.141507346015962820e-02
1.574270800000000081e+00,7.141500249199139727e-02
1.574411200000000122e+00,7.141493153719713494e-02
1.574551600000000162e+00,7.141486059577439871e-02
1.574692000000000203e+00,7.141478966772074610e-02
1.574832400000000243e+00,7.141471875303351258e-02
1.574972800000000284e+00,7.141464785171025564e-02
1.575113200000000324e+00,7.141457696374853281e-02
1.575253600000000365e+00,7.141450608914567955e-02
1.575394000000000405e+00,7.141443522789925336e-02
1.575534400000000446e+00,7.141436438000681175e-02
1.575674800000000486e+00,7.141429354546569019e-02
1.575815200000000527e+00,7.141422272427344620e-02
1.575955600000000567e+00,7.141415191642763727e-02
1.576009999999999911e+00,7.141412448291251103e-02
1.576150199999999835e+00,7.141405355278662714e-02
1.576290399999999758e+00,7.141398263605425178e-02
1.576430599999999682e+00,7.141391173271283144e-02
1.576570799999999606e+00,7.141384084275981259e-02
1.576710999999999530e+00,7.141376996619264172e-02
1.576851199999999453e+00,7.141369910300887636e-02
1.576991399999999377e+00,7.141362825320585195e-02
1.577131599999999301e+00,7.141355741678112601e-02
1.577271799999999224e+00,7.141348659373225605e-02
1.577411999999999148e+00,7.141341578405657753e-02
1.577552199999999072e+00,7.141334498775164796e-02
1.577692399999998996e+00,7.141327420481491384e-02
1.577832599999998919e+00,7.141320343524393266e-02
1.577972799999998843e+00,7.141313267903603990e-02
1.578019999999999978e+00,7.141310885963036981e-02
1.578160199999999902e+00,7.141303825057709886e-02
1.578300399999999826e+00,7.141296765483229336e-02
1.578440599999999749e+00,7.141289707239339979e-02
1.578580799999999673e+00,7.141282650325797565e-02
1.578720999999999597e+00,7.141275594742346744e-02
1.578861199999999521e+00,7.141268540488743266e-02
1.579001399999999444e+00,7.141261487564731780e-02
1.579141599999999368e+00,7.141254435970068037e-02
1.579281799999999292e+00,7.141247385704496686e-02
1.579421999999999215e+00,7.141240336767762376e-02
1.579562199999999139e+00,7.141233289159620856e-02
1.579702399999999063e+00,7.141226242879827879e-02
1.579842599999998987e+00,7.141219197928116991e-02
1.579982799999998910e+00,7.141212154304255044e-02
1.580030000000000046e+00,7.141209783134871980e-02
1.580169200000000052e+00,7.141202625513121127e-02
1.580308400000000058e+00,7.141195469262617834e-02
1.580447600000000064e+00,7.141188314383117852e-02
1.580586800000000069e+00,7.141181160874343625e-02
1.580726000000000075e+00,7.141174008736039802e-02
1.580865200000000081e+00,7.141166857967939929e-02
1.581004400000000087e+00,7.141159708569788656e-02
1.581143600000000093e+00,7.141152560541319527e-02
1.581282800000000099e+00,7.141145413882266091e-02
1.581422000000000105e+00,7.141138268592361893e-02
1.581561200000000111e+00,7.141131124671351582e-02
1.581700400000000117e+00,7.141123982118979807e-02
1.581839600000000123e+00,7.141116840934980114e-02
1.581978800000000129e+00,7.141109701119086051e-02
1.581990000000000007e+00,7.141109126660005746e-02
1.582130199999999931e+00,7.141102126774612202e-02
1.582270399999999855e+00,7.141095128204244524e-02
1.582410599999999778e+00,7.141088130948658463e-02
1.582550799999999702e+00,7.141081135007609770e-02
1.582690999999999626e+00,7.141074140380843094e-02
1.582831199999999550e+00,7.141067147068114185e-02
1.582971399999999473e+00,7.141060155069178794e-02
1.583111599999999397e+00,7.141053164383792673e-02
1.583251799999999321e+00,7.141046175011700470e-02
1.583391999999999245e+00,7.141039186952657936e-02
1.583532199999999168e+00,7.141032200206420821e-02
1.583672399999999092e+00,7.141025214772744878e-02
1.583812599999999016e+00,7.141018230651385856e-02
1.583952799999998939e+00,7.141011247842088405e-02
1.584000000000000075e+00,7.141008897144862644e-02
1.584140400000000115e+00,7.141001953514802825e-02
1.584280800000000156e+00,7.140995011182205143e-02
1.584421200000000196e+00,7.140988070146814248e-02
1.584561600000000237e+00,7.140981130408419197e-02
1.584702000000000277e+00,7.140974191966764639e-02
1.584842400000000318e+00,7.140967254821606325e-02
1.584982800000000358e+00,7.140960318972688903e-02
1.585123200000000399e+00,7.140953384419801431e-02
1.585263600000000439e+00,7.140946451162677455e-02
1.585404000000000480e+00,7.140939519201083829e-02
1.585544400000000520e+00,7.140932588534776304e-02
1.585684800000000561e+00,7.140925659163499528e-02
1.585825200000000601e+00,7.140918731087031457e-02
1.585965600000000642e+00,7.140911804305127841e-02
1.586019999999999985e+00,7.140909120618155193e-02
1.586160199999999909e+00,7.140902181563046902e-02
1.586300399999999833e+00,7.140895243807177106e-02
1.586440599999999757e+00,7.140888307350312658e-02
1.586580799999999680e+00,7.140881372192209309e-02
1.586720999999999604e+00,7.140874438332611707e-02
1.586861199999999528e+00,7.140867505771297807e-02
1.587001399999999451e+00,7.140860574508001157e-02
1.587141599999999375e+00,7.140853644542499712e-02
1.587281799999999299e+00,7.140846715874538120e-02
1.587421999999999223e+00,7.140839788503872132e-02
1.587562199999999146e+00,7.140832862430268602e-02
1.587702399999999070e+00,7.140825937653483280e-02
1.587842599999998994e+00,7.140819014173260815e-02
1.587982799999998917e+00,7.140812091989368060e-02
1.588030000000000053e+00,7.140809761700617209e-02
1.588170199999999976e+00,7.140802854392391819e-02
1.588310399999999900e+00,7.140795948375011637e-02
1.588450599999999824e+00,7.140789043648232415e-02
1.588590799999999748e+00,7.140782140211821005e-02
1.588730999999999671e+00,7.140775238065533159e-02
1.588871199999999595e+00,7.140768337209124628e-02
1.589011399999999519e+00,7.140761437642351162e-02
1.589151599999999442e+00,7.140754539364979614e-02
1.589291799999999366e+00,7.140747642376754634e-02
1.589431999999999290e+00,7.140740746677454176e-02
1.589572199999999214e+00,7.140733852266822890e-02
1.589712399999999137e+00,7.140726959144627628e-02
1.589852599999999061e+00,7.140720067310624142e-02
1.589992799999998985e+00,7.140713176764579284e-02
1.590039999999999898e+00,7.140710857126153499e-02
1.590179199999999904e+00,7.140703853577723415e-02
1.590318399999999910e+00,7.140696851359906727e-02
1.590457599999999916e+00,7.140689850472470290e-02
1.590596799999999922e+00,7.140682850915147650e-02
1.590735999999999928e+00,7.140675852687705660e-02
1.590875199999999934e+00,7.140668855789866765e-02
1.591014399999999940e+00,7.140661860221408919e-02
1.591153599999999946e+00,7.140654865982043464e-02
1.591292799999999952e+00,7.140647873071548357e-02
1.591431999999999958e+00,7.140640881489646041e-02
1.591571199999999964e+00,7.140633891236114472e-02
1.591710399999999970e+00,7.140626902310664992e-02
1.591849599999999976e+00,7.140619914713075556e-02
1.591988799999999982e+00,7.140612928443068608e-02
1.592000000000000082e+00,7.140612366337995010e-02
1.592140200000000005e+00,7.140605518220366488e-02
1.592280399999999929e+00,7.140598671378373119e-02
1.592420599999999853e+00,7.140591825811759552e-02
1.592560799999999777e+00,7.140584981520303742e-02
1.592700999999999700e+00,7.140578138503761441e-02
1.592841199999999624e+00,7.140571296761899500e-02
1.592981399999999548e+00,7.140564456294484774e-02
1.593121599999999471e+00,7.140557617101261911e-02
1.593261799999999395e+00,7.140550779182008867e-02
1.593401999999999319e+00,7.140543942536492494e-02
1.593542199999999243e+00,7.140537107164468544e-02
1.593682399999999166e+00,7.140530273065692768e-02
1.593822599999999090e+00,7.140523440239932018e-02
1.593962799999999014e+00,7.140516608686953148e-02
1.594009999999999927e+00,7.140514308907508489e-02
1.594150399999999967e+00,7.140507515013183593e-02
1.594290800000000008e+00,7.140500722377718379e-02
1.594431200000000048e+00,7.140493931000890804e-02
1.594571600000000089e+00,7.140487140882456618e-02
1.594712000000000129e+00,7.140480352022193777e-02
1.594852400000000170e+00,7.140473564419858032e-02
1.594992800000000210e+00,7.140466778075227339e-02
1.595133200000000251e+00,7.140459992988057447e-02
1.595273600000000291e+00,7.140453209158126313e-02
1.595414000000000332e+00,7.140446426585189688e-02
1.595554400000000372e+00,7.140439645269025526e-02
1.595694800000000413e+00,7.140432865209400681e-02
1.595835200000000453e+00,7.140426086406070905e-02
1.595975600000000494e+00,7.140419308858814151e-02
1.596030000000000060e+00,7.140416682989181307e-02
1.596170199999999983e+00,7.140409893504817695e-02
1.596310399999999907e+00,7.140403105281045715e-02
1.596450599999999831e+00,7.140396318317621116e-02
1.596590799999999755e+00,7.140389532614321855e-02
1.596730999999999678e+00,7.140382748170903682e-02
1.596871199999999602e+00,7.140375964987144553e-02
1.597011399999999526e+00,7.140369183062800218e-02
1.597151599999999450e+00,7.140362402397637531e-02
1.597291799999999373e+00,7.140355622991423346e-02
1.597431999999999297e+00,7.140348844843935616e-02
1.597572199999999221e+00,7.140342067954918992e-02
1.597712399999999144e+00,7.140335292324162531e-02
1.597852599999999068e+00,7.140328517951410880e-02
1.597992799999998992e+00,7.140321744836453099e-02
1.598039999999999905e+00,7.140319464729172338e-02
1.598179000000000016e+00,7.140312556407135691e-02
1.598318000000000128e+00,7.140305649393674514e-02
1.598457000000000239e+00,7.140298743688544558e-02
1.598596000000000350e+00,7.140291839291501574e-02
1.598735000000000461e+00,7.140284936202301314e-02
1.598874000000000573e+00,7.140278034420688424e-02
1.599013000000000684e+00,7.140271133946418658e-02
1.599152000000000795e+00,7.140264234779247765e-02
1.599291000000000906e+00,7.140257336918920394e-02
1.599430000000001018e+00,7.140250440365203399e-02
1.599569000000001129e+00,7.140243545117830326e-02
1.599708000000001240e+00,7.140236651176568028e-02
1.599847000000001351e+00,7.140229758541161154e-02
1.599986000000001463e+00,7.140222867211365454e-02
1.599990000000000023e+00,7.140222668900797487e-02
1.600130400000000064e+00,7.140215962405005445e-02
1.600270800000000104e+00,7.140209257145713195e-02
1.600411200000000145e+00,7.140202553122731999e-02
1.600551600000000185e+00,7.140195850335795402e-02
1.600692000000000226e+00,7.140189148784714668e-02
1.600832400000000266e+00,7.140182448469245546e-02
1.600972800000000307e+00,7.140175749389143789e-02
1.601113200000000347e+00,7.140169051544209555e-02
1.601253600000000388e+00,7.140162354934198596e-02
1.601394000000000428e+00,7.140155659558866663e-02
1.601534400000000469e+00,7.140148965418025018e-02
1.601674800000000509e+00,7.140142272511407207e-02
1.601815200000000550e+00,7.140135580838824492e-02
1.601955600000000590e+00,7.140128890400021522e-02
1.602009999999999934e+00,7.140126298278459682e-02
1.602150199999999858e+00,7.140119597615790514e-02
1.602290399999999781e+00,7.140112898190786872e-02
1.602430599999999705e+00,7.140106200003193404e-02
1.602570799999999629e+00,7.140099503052810270e-02
1.602710999999999553e+00,7.140092807339371017e-02
1.602851199999999476e+00,7.140086112862664702e-02
1.602991399999999400e+00,7.140079419622480383e-02
1.603131599999999324e+00,7.140072727618562709e-02
1.603271799999999248e+00,7.140066036850689635e-02
1.603411999999999171e+00,7.140059347318661320e-02
1.603552199999999095e+00,7.140052659022211312e-02
1.603692399999999019e+00,7.140045971961139770e-02
1.603832599999998942e+00,7.140039286135191343e-02
1.603972799999998866e+00,7.140032601544155089e-02
1.604020000000000001e+00,7.140030351236914541e-02
1.604160199999999925e+00,7.140023678513474081e-02
1.604300399999999849e+00,7.140017007020638129e-02
1.604440599999999773e+00,7.140010336758184639e-02
1.604580799999999696e+00,7.140003667725869363e-02
1.604720999999999620e+00,7.139996999923481358e-02
1.604861199999999544e+00,7.139990333350787477e-02
1.605001399999999467e+00,7.139983668007565676e-02
1.605141599999999391e+00,7.139977003893593910e-02
1.605281799999999315e+00,7.139970341008639032e-02
1.605421999999999239e+00,7.139963679352467896e-02
1.605562199999999162e+00,7.139957018924858456e-02
1.605702399999999086e+00,7.139950359725588669e-02
1.605842599999999010e+00,7.139943701754436489e-02
1.605982799999998933e+00,7.139937045011168770e-02
1.606030000000000069e+00,7.139934804078418296e-02
1.606169200000000075e+00,7.139928039433851570e-02
1.606308400000000081e+00,7.139921276057381583e-02
1.606447600000000087e+00,7.139914513948764085e-02
1.606586800000000093e+00,7.139907753107754829e-02
1.606726000000000099e+00,7.139900993534131768e-02
1.606865200000000105e+00,7.139894235227628450e-02
1.607004400000000111e+00,7.139887478188045034e-02
1.607143600000000117e+00,7.139880722415126169e-02
1.607282800000000123e+00,7.139873967908638708e-02
1.607422000000000128e+00,7.139867214668338402e-02
1.607561200000000134e+00,7.139860462693992105e-02
1.607700400000000140e+00,7.139853711985366669e-02
1.607839600000000146e+00,7.139846962542217845e-02
1.607978800000000152e+00,7.139840214364312487e-02
1.607990000000000030e+00,7.139839671415659783e-02
1.608130199999999954e+00,7.139833056819788748e-02
1.608270399999999878e+00,7.139826443439578618e-02
1.608410599999999802e+00,7.139819831274807349e-02
1.608550799999999725e+00,7.139813220325263998e-02
1.608690999999999649e+00,7.139806610590704317e-02
1.608831199999999573e+00,7.139800002070928464e-02
1.608971399999999496e+00,7.139793394765692192e-02
1.609111599999999420e+00,7.139786788674784557e-02
1.609251799999999344e+00,7.139780183797972413e-02
1.609391999999999268e+00,7.139773580135044817e-02
1.609532199999999191e+00,7.139766977685768623e-02
1.609672399999999115e+00,7.139760376449921786e-02
1.609812599999999039e+00,7.139753776427282261e-02
1.609952799999998962e+00,7.139747177617639107e-02
1.610000000000000098e+00,7.139744956187243918e-02
1.610140400000000138e+00,7.139738392764205521e-02
1.610280800000000179e+00,7.139731830541251600e-02
1.610421200000000219e+00,7.139725269518160111e-02
1.610561600000000260e+00,7.139718709694720111e-02
1.610702000000000300e+00,7.139712151070709556e-02
1.610842400000000341e+00,7.139705593645906401e-02
1.610982800000000381e+00,7.139699037420088601e-02
1.611123200000000422e+00,7.139692482393045214e-02
1.611263600000000462e+00,7.139685928564554196e-02
1.611404000000000503e+00,7.139679375934393502e-02
1.611544400000000543e+00,7.139672824502341086e-02
1.611684800000000584e+00,7.139666274268186008e-02
1.611825200000000624e+00,7.139659725231706222e-02
1.611965600000000665e+00,7.139653177392679684e-02
1.612020000000000008e+00,7.139650640518002689e-02
1.612160199999999932e+00,7.139644081257756625e-02
1.612300399999999856e+00,7.139637523199238167e-02
1.612440599999999780e+00,7.139630966342214169e-02
1.612580799999999703e+00,7.139624410686484790e-02
1.612720999999999627e+00,7.139617856231794679e-02
1.612861199999999551e+00,7.139611302977966201e-02
1.613001399999999474e+00,7.139604750924744003e-02
1.613141599999999398e+00,7.139598200071939349e-02
1.613281799999999322e+00,7.139591650419296887e-02
1.613421999999999246e+00,7.139585101966638980e-02
1.613562199999999169e+00,7.139578554713699177e-02
1.613702399999999093e+00,7.139572008660299840e-02
1.613842599999999017e+00,7.139565463806185619e-02
1.613982799999998941e+00,7.139558920151156673e-02
1.614030000000000076e+00,7.139556717287642851e-02
1.614170199999999999e+00,7.139550186439003188e-02
1.614310399999999923e+00,7.139543656784830272e-02
1.614450599999999847e+00,7.139537128324902060e-02
1.614590799999999771e+00,7.139530601059007608e-02
1.614730999999999694e+00,7.139524074986924873e-02
1.614871199999999618e+00,7.139517550108431809e-02
1.615011399999999542e+00,7.139511026423317475e-02
1.615151599999999465e+00,7.139504503931359825e-02
1.615291799999999389e+00,7.139497982632336814e-02
1.615431999999999313e+00,7.139491462526037502e-02
1.615572199999999237e+00,7.139484943612239842e-02
1.615712399999999160e+00,7.139478425890732893e-02
1.615852599999999084e+00,7.139471909361294610e-02
1.615992799999999008e+00,7.139465394023702949e-02
1.616039999999999921e+00,7.139463200692763856e-02
1.616179199999999927e+00,7.139456580205760794e-02
1.616318399999999933e+00,7.139449960949462159e-02
1.616457599999999939e+00,7.139443342923634805e-02
1.616596799999999945e+00,7.139436726128056687e-02
1.616735999999999951e+00,7.139430110562494658e-02
1.616875199999999957e+00,7.139423496226715571e-02
1.617014399999999963e+00,7.139416883120497381e-02
1.617153599999999969e+00,7.139410271243618045e-02
1.617292799999999975e+00,7.139403660595844414e-02
1.617431999999999981e+00,7.139397051176943343e-02
1.617571199999999987e+00,7.139390442986692786e-02
1.617710399999999993e+00,7.139383836024859598e-02
1.617849599999999999e+00,7.139377230291210630e-02
1.617988800000000005e+00,7.139370625785523838e-02
1.618000000000000105e+00,7.139370094396468858e-02
1.618140200000000029e+00,7.139363618485150553e-02
1.618280399999999952e+00,7.139357143754454516e-02
1.618420599999999876e+00,7.139350670204180904e-02
1.618560799999999800e+00,7.139344197834096573e-02
1.618700999999999723e+00,7.139337726643990578e-02
1.618841199999999647e+00,7.139331256633651979e-02
1.618981399999999571e+00,7.139324787802869832e-02
1.619121599999999495e+00,7.139318320151422093e-02
1.619261799999999418e+00,7.139311853679086717e-02
1.619401999999999342e+00,7.139305388385663864e-02
1.619542199999999266e+00,7.139298924270931490e-02
1.619682399999999189e+00,7.139292461334667550e-02
1.619822599999999113e+00,7.139285999576672204e-02
1.619962799999999037e+00,7.139279538996723407e-02
1.620009999999999950e+00,7.139277364099039236e-02
1.620150399999999991e+00,7.139270940080955086e-02
1.620290800000000031e+00,7.139264517227694729e-02
1.620431200000000072e+00,7.139258095539036120e-02
1.620571600000000112e+00,7.139251675014779419e-02
1.620712000000000153e+00,7.139245255654713684e-02
1.620852400000000193e+00,7.139238837458627973e-02
1.620992800000000233e+00,7.139232420426311343e-02
1.621133200000000274e+00,7.139226004557541749e-02
1.621273600000000314e+00,7.139219589852119352e-02
1.621414000000000355e+00,7.139213176309833209e-02
1.621554400000000395e+00,7.139206763930461275e-02
1.621694800000000436e+00,7.139200352713803710e-02
1.621835200000000476e+00,7.139193942659649572e-02
1.621975600000000517e+00,7.139187533767776817e-02
1.622030000000000083e+00,7.139185050724883297e-02
1.622170200000000007e+00,7.139178629614928440e-02
1.622310399999999930e+00,7.139172209671751368e-02
1.622450599999999854e+00,7.139165790895196650e-02
1.622590799999999778e+00,7.139159373284997834e-02
1.622730999999999701e+00,7.139152956840999487e-02
1.622871199999999625e+00,7.139146541562935155e-02
1.623011399999999549e+00,7.139140127450649409e-02
1.623151599999999473e+00,7.139133714503864692e-02
1.623291799999999396e+00,7.139127302722436674e-02
1.623431999999999320e+00,7.139120892106087801e-02
1.623572199999999244e+00,7.139114482654673743e-02
1.623712399999999167e+00,7.139108074367916945e-02
1.623852599999999091e+00,7.139101667245661975e-02
1.623992799999999015e+00,7.139095261287653482e-02
1.624039999999999928e+00,7.139093104777549659e-02
1.624179000000000039e+00,7.139086571524089209e-02
1.624318000000000151e+00,7.139080039481704443e-02
1.624457000000000262e+00,7.139073508650162214e-02
1.624596000000000373e+00,7.139066979029240478e-02
1.624735000000000484e+00,7.139060450618717191e-02
1.624874000000000596e+00,7.139053923418370307e-02
1.625013000000000707e+00,7.139047397427966679e-02
1.625152000000000818e+00,7.139040872647284264e-02
1.625291000000000929e+00,7.139034349076112118e-02
1.625430000000001041e+00,7.139027826714205993e-02
1.625569000000001152e+00,7.139021305561354946e-02
1.625708000000001263e+00,7.139014785617336933e-02
1.625847000000001374e+00,7.139008266881918807e-02
1.625986000000001486e+00,7.139001749354878523e-02
1.625990000000000046e+00,7.139001561801139317e-02
1.626130400000000087e+00,7.138995219299415496e-02
1.626270800000000127e+00,7.138988877942054057e-02
1.626411200000000168e+00,7.138982537728844058e-02
1.626551600000000208e+00,7.138976198659574557e-02
1.626692000000000249e+00,7.138969860734034611e-02
1.626832400000000289e+00,7.138963523952035484e-02
1.626972800000000330e+00,7.138957188313355129e-02
1.627113200000000370e+00,7.138950853817793707e-02
1.627253600000000411e+00,7.138944520465140275e-02
1.627394000000000451e+00,7.138938188255194994e-02
1.627534400000000492e+00,7.138931857187746921e-02
1.627674800000000532e+00,7.138925527262596216e-02
1.627815200000000573e+00,7.138919198479531936e-02
1.627955600000000613e+00,7.138912870838343139e-02
1.628009999999999957e+00,7.138910419274147046e-02
1.628150199999999881e+00,7.138904079238672651e-02
1.628290399999999805e+00,7.138897740349625654e-02
1.628430599999999728e+00,7.138891402606817316e-02
1.628570799999999652e+00,7.138885066010036695e-02
1.628710999999999576e+00,7.138878730559061747e-02
1.628851199999999499e+00,7.138872396253703734e-02
1.628991399999999423e+00,7.138866063093740610e-02
1.629131599999999347e+00,7.138859731078983639e-02
1.629271799999999271e+00,7.138853400209210776e-02
1.629411999999999194e+00,7.138847070484222179e-02
1.629552199999999118e+00,7.138840741903806908e-02
1.629692399999999042e+00,7.138834414467754019e-02
1.629832599999998966e+00,7.138828088175863673e-02
1.629972799999998889e+00,7.138821763027924927e-02
1.630020000000000024e+00,7.138819633721182889e-02
1.630160400000000065e+00,7.138813344089767199e-02
1.630300800000000105e+00,7.138807055589557748e-02
1.630441200000000146e+00,7.138800768220354698e-02
1.630581600000000186e+00,7.138794481981958207e-02
1.630722000000000227e+00,7.138788196874168435e-02
1.630862400000000267e+00,7.138781912896774440e-02
1.631002800000000308e+00,7.138775630049576382e-02
1.631143200000000348e+00,7.138769348332363318e-02
1.631283600000000389e+00,7.138763067744946511e-02
1.631424000000000429e+00,7.138756788287115018e-02
1.631564400000000470e+00,7.138750509958657897e-02
1.631704800000000510e+00,7.138744232759386410e-02
1.631845200000000551e+00,7.138737956689089614e-02
1.631985600000000591e+00,7.138731681747567670e-02
1.632039999999999935e+00,7.138729250600650555e-02
1.632179000000000046e+00,7.138722826923049602e-02
1.632318000000000158e+00,7.138716404428435691e-02
1.632457000000000269e+00,7.138709983116608981e-02
1.632596000000000380e+00,7.138703562987347429e-02
1.632735000000000491e+00,7.138697144040428988e-02
1.632874000000000603e+00,7.138690726275642717e-02
1.633013000000000714e+00,7.138684309692766572e-02
1.633152000000000825e+00,7.138677894291589610e-02
1.633291000000000937e+00,7.138671480071889786e-02
1.633430000000001048e+00,7.138665067033445055e-02
1.633569000000001159e+00,7.138658655176044476e-02
1.633708000000001270e+00,7.138652244499466004e-02
1.633847000000001382e+00,7.138645835003487594e-02
1.633986000000001493e+00,7.138639426687898304e-02
1.633990000000000054e+00,7.138639242276922925e-02
1.634130199999999977e+00,7.138632983661585829e-02
1.634270399999999901e+00,7.138626726172148107e-02
1.634410599999999825e+00,7.138620469808387714e-02
1.634550799999999748e+00,7.138614214570127015e-02
1.634690999999999672e+00,7.138607960457132862e-02
1.634831199999999596e+00,7.138601707469238722e-02
1.634971399999999520e+00,7.138595455606200346e-02
1.635111599999999443e+00,7.138589204867851201e-02
1.635251799999999367e+00,7.138582955253969242e-02
1.635391999999999291e+00,7.138576706764365731e-02
1.635532199999999214e+00,7.138570459398818624e-02
1.635672399999999138e+00,7.138564213157150284e-02
1.635812599999999062e+00,7.138557968039138668e-02
1.635952799999998986e+00,7.138551724044595037e-02
1.635999999999999899e+00,7.138549622056777899e-02
1.636140399999999939e+00,7.138543410643372056e-02
1.636280799999999980e+00,7.138537200341821265e-02
1.636421200000000020e+00,7.138530991151892380e-02
1.636561600000000061e+00,7.138524783073407765e-02
1.636702000000000101e+00,7.138518576106145375e-02
1.636842400000000142e+00,7.138512370249938677e-02
1.636982800000000182e+00,7.138506165504565626e-02
1.637123200000000223e+00,7.138499961869848587e-02
1.637263600000000263e+00,7.138493759345554412e-02
1.637404000000000304e+00,7.138487557931527672e-02
1.637544400000000344e+00,7.138481357627524115e-02
1.637684800000000385e+00,7.138475158433388312e-02
1.637825200000000425e+00,7.138468960348887116e-02
1.637965600000000466e+00,7.138462763373842890e-02
1.638020000000000032e+00,7.138460362433263207e-02
1.638160199999999955e+00,7.138454155907447696e-02
1.638300399999999879e+00,7.138447950494575256e-02
1.638440599999999803e+00,7.138441746194457149e-02
1.638580799999999726e+00,7.138435543006882433e-02
1.638720999999999650e+00,7.138429340931662370e-02
1.638861199999999574e+00,7.138423139968597120e-02
1.639001399999999498e+00,7.138416940117475740e-02
1.639141599999999421e+00,7.138410741378109492e-02
1.639281799999999345e+00,7.138404543750298537e-02
1.639421999999999269e+00,7.138398347233843033e-02
1.639562199999999192e+00,7.138392151828543142e-02
1.639702399999999116e+00,7.138385957534199022e-02
1.639842599999999040e+00,7.138379764350610834e-02
1.639982799999998964e+00,7.138373572277578738e-02
1.640030000000000099e+00,7.138371487768280232e-02
1.640170400000000139e+00,7.138365328029516732e-02
1.640310800000000180e+00,7.138359169389807413e-02
1.640451200000000220e+00,7.138353011848952434e-02
1.640591600000000261e+00,7.138346855406763058e-02
1.640732000000000301e+00,7.138340700063039446e-02
1.640872400000000342e+00,7.138334545817592858e-02
1.641012800000000382e+00,7.138328392670212352e-02
1.641153200000000423e+00,7.138322240620720294e-02
1.641293600000000463e+00,7.138316089668905740e-02
1.641434000000000504e+00,7.138309939814579952e-02
1.641574400000000544e+00,7.138303791057543091e-02
1.641714800000000585e+00,7.138297643397606418e-02
1.641855200000000625e+00,7.138291496834570093e-02
1.641995600000000666e+00,7.138285351368234277e-02
1.642050000000000010e+00,7.138282970383524884e-02
1.642188999999999899e+00,7.138276680420441167e-02
1.642327999999999788e+00,7.138270391606316156e-02
1.642466999999999677e+00,7.138264103940950012e-02
1.642605999999999566e+00,7.138257817424120688e-02
1.642744999999999456e+00,7.138251532055639448e-02
1.642883999999999345e+00,7.138245247835273144e-02
1.643022999999999234e+00,7.138238964762821936e-02
1.643161999999999123e+00,7.138232682838074883e-02
1.643300999999999013e+00,7.138226402060821041e-02
1.643439999999998902e+00,7.138220122430860570e-02
1.643578999999998791e+00,7.138213843947960324e-02
1.643717999999998680e+00,7.138207566611942667e-02
1.643856999999998569e+00,7.138201290422574452e-02
1.643995999999998459e+00,7.138195015379655839e-02
1.643999999999999906e+00,7.138194834803834876e-02
1.644140199999999830e+00,7.138188705707793069e-02
1.644280399999999753e+00,7.138182577705498577e-02
1.644420599999999677e+00,7.138176450796751560e-02
1.644560799999999601e+00,7.138170324981352177e-02
1.644700999999999524e+00,7.138164200259111691e-02
1.644841199999999448e+00,7.138158076629841364e-02
1.644981399999999372e+00,7.138151954093341356e-02
1.645121599999999296e+00,7.138145832649411826e-02
1.645261799999999219e+00,7.138139712297864037e-02
1.645401999999999143e+00,7.138133593038498148e-02
1.645542199999999067e+00,7.138127474871114320e-02
1.645682399999998990e+00,7.138121357795523814e-02
1.645822599999998914e+00,7.138115241811537892e-02
1.645962799999998838e+00,7.138109126918956715e-02
1.646009999999999973e+00,7.138107068391230658e-02
1.646150400000000014e+00,7.138100986180151430e-02
1.646290800000000054e+00,7.138094905048908423e-02
1.646431200000000095e+00,7.138088824997301796e-02
1.646571600000000135e+00,7.138082746025153913e-02
1.646712000000000176e+00,7.138076668132264935e-02
1.646852400000000216e+00,7.138070591318435021e-02
1.646992800000000257e+00,7.138064515583486536e-02
1.647133200000000297e+00,7.138058440927230741e-02
1.647273600000000338e+00,7.138052367349456695e-02
1.647414000000000378e+00,7.138046294849986761e-02
1.647554400000000419e+00,7.138040223428621101e-02
1.647694800000000459e+00,7.138034153085182076e-02
1.647835200000000500e+00,7.138028083819469849e-02
1.647975600000000540e+00,7.138022015631295680e-02
1.648030000000000106e+00,7.138019664586248147e-02
1.648170200000000030e+00,7.138013586048685966e-02
1.648310399999999953e+00,7.138007508592414396e-02
1.648450599999999877e+00,7.138001432217233599e-02
1.648590799999999801e+00,7.137995356922954837e-02
1.648730999999999725e+00,7.137989282709389371e-02
1.648871199999999648e+00,7.137983209576348465e-02
1.649011399999999572e+00,7.137977137523632276e-02
1.649151599999999496e+00,7.137971066551052068e-02
1.649291799999999419e+00,7.137964996658419103e-02
1.649431999999999343e+00,7.137958927845533541e-02
1.649572199999999267e+00,7.137952860112206643e-02
1.649712399999999191e+00,7.137946793458249672e-02
1.649852599999999114e+00,7.137940727883462788e-02
1.649992799999999038e+00,7.137934663387657253e-02
1.650039999999999951e+00,7.137932621825182622e-02
1.650179000000000062e+00,7.137926435932173685e-02
1.650318000000000174e+00,7.137920251161844476e-02
1.650457000000000285e+00,7.137914067513995153e-02
1.650596000000000396e+00,7.137907884988414775e-02
1.650735000000000507e+00,7.137901703584903501e-02
1.650874000000000619e+00,7.137895523303261491e-02
1.651013000000000730e+00,7.137889344143277803e-02
1.651152000000000841e+00,7.137883166104752597e-02
1.651291000000000952e+00,7.137876989187474930e-02
1.651430000000001064e+00,7.137870813391256064e-02
1.651569000000001175e+00,7.137864638715885057e-02
1.651708000000001286e+00,7.137858465161150967e-02
1.651847000000001398e+00,7.137852292726865056e-02
1.651986000000001509e+00,7.137846121412816380e-02
1.651990000000000069e+00,7.137845943821974348e-02
1.652130400000000110e+00,7.137839937379486521e-02
1.652270800000000150e+00,7.137833931998172066e-02
1.652411200000000191e+00,7.137827927677864448e-02
1.652551600000000231e+00,7.137821924418363828e-02
1.652692000000000272e+00,7.137815922219492570e-02
1.652832400000000312e+00,7.137809921081061937e-02
1.652972800000000353e+00,7.137803921002872087e-02
1.653113200000000393e+00,7.137797921984745386e-02
1.653253600000000434e+00,7.137791924026493096e-02
1.653394000000000474e+00,7.137785927127926477e-02
1.653534400000000515e+00,7.137779931288856794e-02
1.653674800000000555e+00,7.137773936509106409e-02
1.653815200000000596e+00,7.137767942788486586e-02
1.653955600000000636e+00,7.137761950126797483e-02
1.654009999999999980e+00,7.137759628342765783e-02
1.654150199999999904e+00,7.137753625499954069e-02
1.654290399999999828e+00,7.137747623719759016e-02
1.654430599999999751e+00,7.137741623001991886e-02
1.654570799999999675e+00,7.137735623346452840e-02
1.654710999999999599e+00,7.137729624752964241e-02
1.654851199999999523e+00,7.137723627221337352e-02
1.654991399999999446e+00,7.137717630751383435e-02
1.655131599999999370e+00,7.137711635342913752e-02
1.655271799999999294e+00,7.137705640995739564e-02
1.655411999999999217e+00,7.137699647709672135e-02
1.655552199999999141e+00,7.137693655484522726e-02
1.655692399999999065e+00,7.137687664320113701e-02
1.655832599999998989e+00,7.137681674216245220e-02
1.655972799999998912e+00,7.137675685172739648e-02
1.656020000000000048e+00,7.137673669010091704e-02
1.656160400000000088e+00,7.137667712040551837e-02
1.656300800000000129e+00,7.137661756120106116e-02
1.656441200000000169e+00,7.137655801248565801e-02
1.656581600000000210e+00,7.137649847425753258e-02
1.656722000000000250e+00,7.137643894651479748e-02
1.656862400000000290e+00,7.137637942925556533e-02
1.657002800000000331e+00,7.137631992247805979e-02
1.657143200000000371e+00,7.137626042618039346e-02
1.657283600000000412e+00,7.137620094036078999e-02
1.657424000000000452e+00,7.137614146501736201e-02
1.657564400000000493e+00,7.137608200014822213e-02
1.657704800000000533e+00,7.137602254575159400e-02
1.657845200000000574e+00,7.137596310182547921e-02
1.657985600000000614e+00,7.137590366836821243e-02
1.658039999999999958e+00,7.137588064159172685e-02
1.658179000000000070e+00,7.137581979386453668e-02
1.658318000000000181e+00,7.137575895711112395e-02
1.658457000000000292e+00,7.137569813132937924e-02
1.658596000000000403e+00,7.137563731651730414e-02
1.658735000000000515e+00,7.137557651267301129e-02
1.658874000000000626e+00,7.137551571979450227e-02
1.659013000000000737e+00,7.137545493787977868e-02
1.659152000000000848e+00,7.137539416692684213e-02
1.659291000000000960e+00,7.137533340693380524e-02
1.659430000000001071e+00,7.137527265789866959e-02
1.659569000000001182e+00,7.137521191981932578e-02
1.659708000000001293e+00,7.137515119269399744e-02
1.659847000000001405e+00,7.137509047652057514e-02
1.659986000000001516e+00,7.137502977129706050e-02
1.659990000000000077e+00,7.137502802439332772e-02
1.660130200000000000e+00,7.137496874274329439e-02
1.660270399999999924e+00,7.137490947153579679e-02
1.660410599999999848e+00,7.137485021076894753e-02
1.660550799999999771e+00,7.137479096044085924e-02
1.660690999999999695e+00,7.137473172054975556e-02
1.660831199999999619e+00,7.137467249109374912e-02
1.660971399999999543e+00,7.137461327207117456e-02
1.661111599999999466e+00,7.137455406347992248e-02
1.661251799999999390e+00,7.137449486531821652e-02
1.661391999999999314e+00,7.137443567758428031e-02
1.661532199999999238e+00,7.137437650027622649e-02
1.661672399999999161e+00,7.137431733339227868e-02
1.661812599999999085e+00,7.137425817693066055e-02
1.661952799999999009e+00,7.137419903088937367e-02
1.661999999999999922e+00,7.137417911985111107e-02
1.662140399999999962e+00,7.137412027696399264e-02
1.662280800000000003e+00,7.137406144439140121e-02
1.662421200000000043e+00,7.137400262213144941e-02
1.662561600000000084e+00,7.137394381018236089e-02
1.662702000000000124e+00,7.137388500854224826e-02
1.662842400000000165e+00,7.137382621720944620e-02
1.662982800000000205e+00,7.137376743618217834e-02
1.663123200000000246e+00,7.137370866545844628e-02
1.663263600000000286e+00,7.137364990503658468e-02
1.663404000000000327e+00,7.137359115491481720e-02
1.663544400000000367e+00,7.137353241509125645e-02
1.663684800000000408e+00,7.137347368556412608e-02
1.663825200000000448e+00,7.137341496633153870e-02
1.663965600000000489e+00,7.137335625739182898e-02
1.664020000000000055e+00,7.137333351131369685e-02
1.664160199999999978e+00,7.137327471026466696e-02
1.664300399999999902e+00,7.137321591954148836e-02
1.664440599999999826e+00,7.137315713914238469e-02
1.664580799999999750e+00,7.137309836906546856e-02
1.664720999999999673e+00,7.137303960930896363e-02
1.664861199999999597e+00,7.137298085987098251e-02
1.665001399999999521e+00,7.137292212074974884e-02
1.665141599999999444e+00,7.137286339194348628e-02
1.665281799999999368e+00,7.137280467345041846e-02
1.665421999999999292e+00,7.137274596526865800e-02
1.665562199999999216e+00,7.137268726739642855e-02
1.665702399999999139e+00,7.137262857983195374e-02
1.665842599999999063e+00,7.137256990257334621e-02
1.665982799999998987e+00,7.137251123561882959e-02
1.666029999999999900e+00,7.137249148585755876e-02
1.666170399999999940e+00,7.137243313024954627e-02
1.666310799999999981e+00,7.137237478483715591e-02
1.666451200000000021e+00,7.137231644961861132e-02
1.666591600000000062e+00,7.137225812459202512e-02
1.666732000000000102e+00,7.137219980975573197e-02
1.666872400000000143e+00,7.137214150510795552e-02
1.667012800000000183e+00,7.137208321064691940e-02
1.667153200000000224e+00,7.137202492637084728e-02
1.667293600000000264e+00,7.137196665227785175e-02
1.667434000000000305e+00,7.137190838836626749e-02
1.667574400000000345e+00,7.137185013463420713e-02
1.667714800000000386e+00,7.137179189108000532e-02
1.667855200000000426e+00,7.137173365770188571e-02
1.667995600000000467e+00,7.137167543449807194e-02
1.668050000000000033e+00,7.137165287660751645e-02
1.668188999999999922e+00,7.137159328276543313e-02
1.668327999999999811e+00,7.137153369958304516e-02
1.668466999999999700e+00,7.137147412705835414e-02
1.668605999999999590e+00,7.137141456518958371e-02
1.668744999999999479e+00,7.137135501397473547e-02
1.668883999999999368e+00,7.137129547341192204e-02
1.669022999999999257e+00,7.137123594349914502e-02
1.669161999999999146e+00,7.137117642423462804e-02
1.669300999999999036e+00,7.137111691561637272e-02
1.669439999999998925e+00,7.137105741764260269e-02
1.669578999999998814e+00,7.137099793031131956e-02
1.669717999999998703e+00,7.137093845362063593e-02
1.669856999999998592e+00,7.137087898756866444e-02
1.669995999999998482e+00,7.137081953215351771e-02
1.669999999999999929e+00,7.137081782121512674e-02
1.670140199999999853e+00,7.137075973305340160e-02
1.670280399999999776e+00,7.137070165504477703e-02
1.670420599999999700e+00,7.137064358718769874e-02
1.670560799999999624e+00,7.137058552948039036e-02
1.670700999999999548e+00,7.137052748192096452e-02
1.670841199999999471e+00,7.137046944450775587e-02
1.670981399999999395e+00,7.137041141723887705e-02
1.671121599999999319e+00,7.137035340011266271e-02
1.671261799999999242e+00,7.137029539312722548e-02
1.671401999999999166e+00,7.137023739628090002e-02
1.671542199999999090e+00,7.137017940957190998e-02
1.671682399999999014e+00,7.137012143299836797e-02
1.671822599999998937e+00,7.137006346655860867e-02
1.671962799999998861e+00,7.137000551025085571e-02
1.672009999999999996e+00,7.136998599971777768e-02
1.672150400000000037e+00,7.136992835824973458e-02
1.672290800000000077e+00,7.136987072680456290e-02
1.672431200000000118e+00,7.136981310538037526e-02
1.672571600000000158e+00,7.136975549397550633e-02
1.672712000000000199e+00,7.136969789258817976e-02
1.672852400000000239e+00,7.136964030121673019e-02
1.672992800000000280e+00,7.136958271985927027e-02
1.673133200000000320e+00,7.136952514851424567e-02
1.673273600000000361e+00,7.136946758717976902e-02
1.673414000000000401e+00,7.136941003585417498e-02
1.673554400000000442e+00,7.136935249453557617e-02
1.673694800000000482e+00,7.136929496322241828e-02
1.673835200000000523e+00,7.136923744191292496e-02
1.673975600000000563e+00,7.136917993060531984e-02
1.674029999999999907e+00,7.136915764852325150e-02
1.674170199999999831e+00,7.136910004421925802e-02
1.674310399999999754e+00,7.136904244995012636e-02
1.674450599999999678e+00,7.136898486571419120e-02
1.674590799999999602e+00,7.136892729150978720e-02
1.674730999999999526e+00,7.136886972733502699e-02
1.674871199999999449e+00,7.136881217318824522e-02
1.675011399999999373e+00,7.136875462906766554e-02
1.675151599999999297e+00,7.136869709497162262e-02
1.675291799999999220e+00,7.136863957089822907e-02
1.675431999999999144e+00,7.136858205684581957e-02
1.675572199999999068e+00,7.136852455281261776e-02
1.675712399999998992e+00,7.136846705879684727e-02
1.675852599999998915e+00,7.136840957479684278e-02
1.675992799999998839e+00,7.136835210081082792e-02
1.676039999999999974e+00,7.136833275264375942e-02
1.676179199999999980e+00,7.136827433099979245e-02
1.676318399999999986e+00,7.136821591970332612e-02
1.676457599999999992e+00,7.136815751875247305e-02
1.676596799999999998e+00,7.136809912814556789e-02
1.676736000000000004e+00,7.136804074788072327e-02
1.676875200000000010e+00,7.136798237795616284e-02
1.677014400000000016e+00,7.136792401836999922e-02
1.677153600000000022e+00,7.136786566912023400e-02
1.677292800000000028e+00,7.136780733020531287e-02
1.677432000000000034e+00,7.136774900162323743e-02
1.677571200000000040e+00,7.136769068337223132e-02
1.677710400000000046e+00,7.136763237545051819e-02
1.677849600000000052e+00,7.136757407785598861e-02
1.677988800000000058e+00,7.136751579058719930e-02
1.677999999999999936e+00,7.136751110087380390e-02
1.678140199999999860e+00,7.136745395891119781e-02
1.678280399999999783e+00,7.136739682687254227e-02
1.678420599999999707e+00,7.136733970475606093e-02
1.678560799999999631e+00,7.136728259256008844e-02
1.678700999999999555e+00,7.136722549028284845e-02
1.678841199999999478e+00,7.136716839792256462e-02
1.678981399999999402e+00,7.136711131547768261e-02
1.679121599999999326e+00,7.136705424294631506e-02
1.679261799999999250e+00,7.136699718032679662e-02
1.679401999999999173e+00,7.136694012761746198e-02
1.679542199999999097e+00,7.136688308481653475e-02
1.679682399999999021e+00,7.136682605192234963e-02
1.679822599999998944e+00,7.136676902893313024e-02
1.679962799999998868e+00,7.136671201584721125e-02
1.680010000000000003e+00,7.136669282283503168e-02
1.680150199999999927e+00,7.136663591909986337e-02
1.680290399999999851e+00,7.136657902523058095e-02
1.680430599999999774e+00,7.136652214122551907e-02
1.680570799999999698e+00,7.136646526708290139e-02
1.680710999999999622e+00,7.136640840280106257e-02
1.680851199999999546e+00,7.136635154837822625e-02
1.680991399999999469e+00,7.136629470381272711e-02
1.681131599999999393e+00,7.136623786910289979e-02
1.681271799999999317e+00,7.136618104424696796e-02
1.681411999999999241e+00,7.136612422924326626e-02
1.681552199999999164e+00,7.136606742409001836e-02
1.681692399999999088e+00,7.136601062878555890e-02
1.681832599999999012e+00,7.136595384332822256e-02
1.681972799999998935e+00,7.136589706771623298e-02
1.682020000000000071e+00,7.136587795464599537e-02
1.682160400000000111e+00,7.136582147788916863e-02
1.682300800000000152e+00,7.136576501087499302e-02
1.682441200000000192e+00,7.136570855360169219e-02
1.682581600000000233e+00,7.136565210606760079e-02
1.682722000000000273e+00,7.136559566827105350e-02
1.682862400000000314e+00,7.136553924021038497e-02
1.683002800000000354e+00,7.136548282188381886e-02
1.683143200000000395e+00,7.136542641328980086e-02
1.683283600000000435e+00,7.136537001442655459e-02
1.683424000000000476e+00,7.136531362529241473e-02
1.683564400000000516e+00,7.136525724588571595e-02
1.683704800000000557e+00,7.136520087620479291e-02
1.683845200000000597e+00,7.136514451624798028e-02
1.683985600000000638e+00,7.136508816601361271e-02
1.684039999999999981e+00,7.136506633376404896e-02
1.684179000000000093e+00,7.136500864761174956e-02
1.684318000000000204e+00,7.136495097164896606e-02
1.684457000000000315e+00,7.136489330587392210e-02
1.684596000000000426e+00,7.136483565028484133e-02
1.684735000000000538e+00,7.136477800487983636e-02
1.684874000000000649e+00,7.136472036965724186e-02
1.685013000000000760e+00,7.136466274461528148e-02
1.685152000000000871e+00,7.136460512975206782e-02
1.685291000000000983e+00,7.136454752506582455e-02
1.685430000000001094e+00,7.136448993055466428e-02
1.685569000000001205e+00,7.136443234621692167e-02
1.685708000000001316e+00,7.136437477205070934e-02
1.685847000000001428e+00,7.136431720805425094e-02
1.685986000000001539e+00,7.136425965422577011e-02
1.685990000000000100e+00,7.136425799800893977e-02
1.686130400000000140e+00,7.136420198744175547e-02
1.686270800000000181e+00,7.136414598650464569e-02
1.686411200000000221e+00,7.136408999519594509e-02
1.686551600000000262e+00,7.136403401351376630e-02
1.686692000000000302e+00,7.136397804145688806e-02
1.686832400000000343e+00,7.136392207902342300e-02
1.686972800000000383e+00,7.136386612621170578e-02
1.687113200000000424e+00,7.136381018302007107e-02
1.687253600000000464e+00,7.136375424944696455e-02
1.687394000000000505e+00,7.136369832549060988e-02
1.687534400000000545e+00,7.136364241114923068e-02
1.687674800000000586e+00,7.136358650642149470e-02
1.687815200000000626e+00,7.136353061130562558e-02
1.687955600000000667e+00,7.136347472579995799e-02
1.688010000000000010e+00,7.136345307359925894e-02
1.688150199999999934e+00,7.136339707145067379e-02
1.688290399999999858e+00,7.136334107895303536e-02
1.688430599999999782e+00,7.136328509610478932e-02
1.688570799999999705e+00,7.136322912290415932e-02
1.688710999999999629e+00,7.136317315934959105e-02
1.688851199999999553e+00,7.136311720543930814e-02
1.688991399999999476e+00,7.136306126117175630e-02
1.689131599999999400e+00,7.136300532654515916e-02
1.689271799999999324e+00,7.136294940155796240e-02
1.689411999999999248e+00,7.136289348620850070e-02
1.689552199999999171e+00,7.136283758049499770e-02
1.689692399999999095e+00,7.136278168441589909e-02
1.689832599999999019e+00,7.136272579796953952e-02
1.689972799999998943e+00,7.136266992115425367e-02
1.690020000000000078e+00,7.136265111065043243e-02
1.690160200000000001e+00,7.136259535181022073e-02
1.690300399999999925e+00,7.136253960256089268e-02
1.690440599999999849e+00,7.136248386290100498e-02
1.690580799999999773e+00,7.136242813282867026e-02
1.690720999999999696e+00,7.136237241234244522e-02
1.690861199999999620e+00,7.136231670144055350e-02
1.691001399999999544e+00,7.136226100012144080e-02
1.691141599999999467e+00,7.136220530838344178e-02
1.691281799999999391e+00,7.136214962622489111e-02
1.691421999999999315e+00,7.136209395364412345e-02
1.691562199999999239e+00,7.136203829063958448e-02
1.691702399999999162e+00,7.136198263720949786e-02
1.691842599999999086e+00,7.136192699335230927e-02
1.691982799999999010e+00,7.136187135906624235e-02
1.692029999999999923e+00,7.136185263020600189e-02
1.692169199999999929e+00,7.136179608291359777e-02
1.692308399999999935e+00,7.136173954550972809e-02
1.692447599999999941e+00,7.136168301799261648e-02
1.692586799999999947e+00,7.136162650036048660e-02
1.692725999999999953e+00,7.136156999261167311e-02
1.692865199999999959e+00,7.136151349474451067e-02
1.693004399999999965e+00,7.136145700675722292e-02
1.693143599999999971e+00,7.136140052864803351e-02
1.693282799999999977e+00,7.136134406041527711e-02
1.693421999999999983e+00,7.136128760205717736e-02
1.693561199999999989e+00,7.136123115357206892e-02
1.693700399999999995e+00,7.136117471495817544e-02
1.693839600000000001e+00,7.136111828621372055e-02
1.693978800000000007e+00,7.136106186733703893e-02
1.693990000000000107e+00,7.136105732795117174e-02
1.694130200000000031e+00,7.136100200857053988e-02
1.694270399999999954e+00,7.136094669867698581e-02
1.694410599999999878e+00,7.136089139826873318e-02
1.694550799999999802e+00,7.136083610734433869e-02
1.694690999999999725e+00,7.136078082590213700e-02
1.694831199999999649e+00,7.136072555394046280e-02
1.694971399999999573e+00,7.136067029145765073e-02
1.695111599999999497e+00,7.136061503845214649e-02
1.695251799999999420e+00,7.136055979492228474e-02
1.695391999999999344e+00,7.136050456086651117e-02
1.695532199999999268e+00,7.136044933628316045e-02
1.695672399999999191e+00,7.136039412117056724e-02
1.695812599999999115e+00,7.136033891552717723e-02
1.695952799999999039e+00,7.136028371935121406e-02
1.695999999999999952e+00,7.136026513797411042e-02
1.696140199999999876e+00,7.136021004531933887e-02
1.696280399999999799e+00,7.136015496209713316e-02
1.696420599999999723e+00,7.136009988830593898e-02
1.696560799999999647e+00,7.136004482394409099e-02
1.696700999999999571e+00,7.135998976901003488e-02
1.696841199999999494e+00,7.135993472350210531e-02
1.696981399999999418e+00,7.135987968741874798e-02
1.697121599999999342e+00,7.135982466075829755e-02
1.697261799999999266e+00,7.135976964351919971e-02
1.697401999999999189e+00,7.135971463569978912e-02
1.697542199999999113e+00,7.135965963729840045e-02
1.697682399999999037e+00,7.135960464831347938e-02
1.697822599999998960e+00,7.135954966874347161e-02
1.697962799999998884e+00,7.135949469858671179e-02
1.698010000000000019e+00,7.135947619329563452e-02
1.698150400000000060e+00,7.135942151337737460e-02
1.698290800000000100e+00,7.135936684277366382e-02
1.698431200000000141e+00,7.135931218148305888e-02
1.698571600000000181e+00,7.135925752950389445e-02
1.698712000000000222e+00,7.135920288683461621e-02
1.698852400000000262e+00,7.135914825347355883e-02
1.698992800000000303e+00,7.135909362941927903e-02
1.699133200000000343e+00,7.135903901467011146e-02
1.699273600000000384e+00,7.135898440922450181e-02
1.699414000000000424e+00,7.135892981308078475e-02
1.699554400000000465e+00,7.135887522623751700e-02
1.699694800000000505e+00,7.135882064869303321e-02
1.699835200000000546e+00,7.135876608044577907e-02
1.699975600000000586e+00,7.135871152149408925e-02
1.700029999999999930e+00,7.135869038323883196e-02
1.700170199999999854e+00,7.135863572430622970e-02
1.700310399999999778e+00,7.135858107470383072e-02
1.700450599999999701e+00,7.135852643443030274e-02
1.700590799999999625e+00,7.135847180348386942e-02
1.700730999999999549e+00,7.135841718186297644e-02
1.700871199999999472e+00,7.135836256956606949e-02
1.701011399999999396e+00,7.135830796659148323e-02
1.701151599999999320e+00,7.135825337293777437e-02
1.701291799999999244e+00,7.135819878860316656e-02
1.701431999999999167e+00,7.135814421358610549e-02
1.701572199999999091e+00,7.135808964788514785e-02
1.701712399999999015e+00,7.135803509149862833e-02
1.701852599999998938e+00,7.135798054442488159e-02
1.701992799999998862e+00,7.135792600666235330e-02
1.702039999999999997e+00,7.135790764693039634e-02
1.702179200000000003e+00,7.135785222490953483e-02
1.702318400000000009e+00,7.135779681250475903e-02
1.702457600000000015e+00,7.135774140971451462e-02
1.702596800000000021e+00,7.135768601653713628e-02
1.702736000000000027e+00,7.135763063297095865e-02
1.702875200000000033e+00,7.135757525901431642e-02
1.703014400000000039e+00,7.135751989466543321e-02
1.703153600000000045e+00,7.135746453992275473e-02
1.703292800000000051e+00,7.135740919478461564e-02
1.703432000000000057e+00,7.135735385924923957e-02
1.703571200000000063e+00,7.135729853331507222e-02
1.703710400000000069e+00,7.135724321698044825e-02
1.703849600000000075e+00,7.135718791024359131e-02
1.703988800000000081e+00,7.135713261310294708e-02
1.703999999999999959e+00,7.135712816396977409e-02
1.704140199999999883e+00,7.135707394500978573e-02
1.704280399999999807e+00,7.135701973527552866e-02
1.704420599999999730e+00,7.135696553476544857e-02
1.704560799999999654e+00,7.135691134347788012e-02
1.704700999999999578e+00,7.135685716141160206e-02
1.704841199999999501e+00,7.135680298856461601e-02
1.704981399999999425e+00,7.135674882493547866e-02
1.705121599999999349e+00,7.135669467052263570e-02
1.705261799999999273e+00,7.135664052532464385e-02
1.705401999999999196e+00,7.135658638933983777e-02
1.705542199999999120e+00,7.135653226256655213e-02
1.705682399999999044e+00,7.135647814500334363e-02
1.705822599999998967e+00,7.135642403664865796e-02
1.705962799999998891e+00,7.135636993750105184e-02
1.706010000000000026e+00,7.135635172542198479e-02
1.706150199999999950e+00,7.135629773166696221e-02
1.706290399999999874e+00,7.135624374708349205e-02
1.706430599999999798e+00,7.135618977167001997e-02
1.706570799999999721e+00,7.135613580542510270e-02
1.706710999999999645e+00,7.135608184834718593e-02
1.706851199999999569e+00,7.135602790043460431e-02
1.706991399999999492e+00,7.135597396168580353e-02
1.707131599999999416e+00,7.135592003209934031e-02
1.707271799999999340e+00,7.135586611167354931e-02
1.707411999999999264e+00,7.135581220040687622e-02
1.707552199999999187e+00,7.135575829829776673e-02
1.707692399999999111e+00,7.135570440534477754e-02
1.707832599999999035e+00,7.135565052154624333e-02
1.707972799999998958e+00,7.135559664690072079e-02
1.708020000000000094e+00,7.135557851039686650e-02
1.708160400000000134e+00,7.135552491745544845e-02
1.708300800000000175e+00,7.135547133357200700e-02
1.708441200000000215e+00,7.135541775874498782e-02
1.708581600000000256e+00,7.135536419297305866e-02
1.708722000000000296e+00,7.135531063625433212e-02
1.708862400000000337e+00,7.135525708858747596e-02
1.709002800000000377e+00,7.135520354997093584e-02
1.709143200000000418e+00,7.135515002040326848e-02
1.709283600000000458e+00,7.135509649988280856e-02
1.709424000000000499e+00,7.135504298840822379e-02
1.709564400000000539e+00,7.135498948597773783e-02
1.709704800000000580e+00,7.135493599258990738e-02
1.709845200000000620e+00,7.135488250824328915e-02
1.709985600000000661e+00,7.135482903293621781e-02
1.710040000000000004e+00,7.135480831451623818e-02
1.710178999999999894e+00,7.135475356619613851e-02
1.710317999999999783e+00,7.135469882735168135e-02
1.710456999999999672e+00,7.135464409798142338e-02
1.710595999999999561e+00,7.135458937808358826e-02
1.710734999999999451e+00,7.135453466765662167e-02
1.710873999999999340e+00,7.135447996669885828e-02
1.711012999999999229e+00,7.135442527520863276e-02
1.711151999999999118e+00,7.135437059318427977e-02
1.711290999999999007e+00,7.135431592062424500e-02
1.711429999999998897e+00,7.135426125752686310e-02
1.711568999999998786e+00,7.135420660389046876e-02
1.711707999999998675e+00,7.135415195971350766e-02
1.711846999999998564e+00,7.135409732499431446e-02
1.711985999999998453e+00,7.135404269973111280e-02
1.711989999999999901e+00,7.135404112778898078e-02
1.712130399999999941e+00,7.135398795583736131e-02
1.712270799999999982e+00,7.135393479284535267e-02
1.712411200000000022e+00,7.135388163881151158e-02
1.712551600000000063e+00,7.135382849373428371e-02
1.712692000000000103e+00,7.135377535761222578e-02
1.712832400000000144e+00,7.135372223044378348e-02
1.712972800000000184e+00,7.135366911222751352e-02
1.713113200000000225e+00,7.135361600296186158e-02
1.713253600000000265e+00,7.135356290264527335e-02
1.713394000000000306e+00,7.135350981127630554e-02
1.713534400000000346e+00,7.135345672885340385e-02
1.713674800000000387e+00,7.135340365537512497e-02
1.713815200000000427e+00,7.135335059083991460e-02
1.713955600000000468e+00,7.135329753524632945e-02
1.714010000000000034e+00,7.135327697943560921e-02
1.714150199999999957e+00,7.135322382733544355e-02
1.714290399999999881e+00,7.135317068420998776e-02
1.714430599999999805e+00,7.135311755005768752e-02
1.714570799999999728e+00,7.135306442487709955e-02
1.714710999999999652e+00,7.135301130866666952e-02
1.714851199999999576e+00,7.135295820142495415e-02
1.714991399999999500e+00,7.135290510315039914e-02
1.715131599999999423e+00,7.135285201384145015e-02
1.715271799999999347e+00,7.135279893349655289e-02
1.715411999999999271e+00,7.135274586211426406e-02
1.715552199999999194e+00,7.135269279969314038e-02
1.715692399999999118e+00,7.135263974623151650e-02
1.715832599999999042e+00,7.135258670172794915e-02
1.715972799999998966e+00,7.135253366618099502e-02
1.716020000000000101e+00,7.135251581214741012e-02
1.716160200000000025e+00,7.135246288053520569e-02
1.716300399999999948e+00,7.135240995784497553e-02
1.716440599999999872e+00,7.135235704407527635e-02
1.716580799999999796e+00,7.135230413922455384e-02
1.716720999999999719e+00,7.135225124329136470e-02
1.716861199999999643e+00,7.135219835627404361e-02
1.717001399999999567e+00,7.135214547817125830e-02
1.717141599999999491e+00,7.135209260898145445e-02
1.717281799999999414e+00,7.135203974870307775e-02
1.717421999999999338e+00,7.135198689733468491e-02
1.717562199999999262e+00,7.135193405487483265e-02
1.717702399999999185e+00,7.135188122132185562e-02
1.717842599999999109e+00,7.135182839667431054e-02
1.717982799999999033e+00,7.135177558093075412e-02
1.718029999999999946e+00,7.135175780089064723e-02
1.718169199999999952e+00,7.135170411648217303e-02
1.718308399999999958e+00,7.135165044127345091e-02
1.718447599999999964e+00,7.135159677526292654e-02
1.718586799999999970e+00,7.135154311844904562e-02
1.718725999999999976e+00,7.135148947083025384e-02
1.718865199999999982e+00,7.135143583240488585e-02
1.719004399999999988e+00,7.135138220317138735e-02
1.719143599999999994e+00,7.135132858312820403e-02
1.719282800000000000e+00,7.135127497227378157e-02
1.719422000000000006e+00,7.135122137060656566e-02
1.719561200000000012e+00,7.135116777812489097e-02
1.719700400000000018e+00,7.135111419482731421e-02
1.719839600000000024e+00,7.135106062071217004e-02
1.719978800000000030e+00,7.135100705577790414e-02
1.719989999999999908e+00,7.135100274601513526e-02
1.720130199999999832e+00,7.135095022960435962e-02
1.720270399999999755e+00,7.135089772201863578e-02
1.720410599999999679e+00,7.135084522325652046e-02
1.720550799999999603e+00,7.135079273331668137e-02
1.720690999999999526e+00,7.135074025219734217e-02
1.720831199999999450e+00,7.135068777989717059e-02
1.720971399999999374e+00,7.135063531641472334e-02
1.721111599999999298e+00,7.135058286174844611e-02
1.721251799999999221e+00,7.135053041589689560e-02
1.721391999999999145e+00,7.135047797885851750e-02
1.721532199999999069e+00,7.135042555063186853e-02
1.721672399999998992e+00,7.135037313121561642e-02
1.721812599999998916e+00,7.135032072060809583e-02
1.721952799999998840e+00,7.135026831880786347e-02
1.721999999999999975e+00,7.135025067811573418e-02
1.722140400000000016e+00,7.135019855102786579e-02
1.722280800000000056e+00,7.135014643265569223e-02
1.722421200000000097e+00,7.135009432299765919e-02
1.722561600000000137e+00,7.135004222205243440e-02
1.722702000000000178e+00,7.134999012981857458e-02
1.722842400000000218e+00,7.134993804629463643e-02
1.722982800000000259e+00,7.134988597147906564e-02
1.723123200000000299e+00,7.134983390537041892e-02
1.723263600000000340e+00,7.134978184796725298e-02
1.723404000000000380e+00,7.134972979926823555e-02
1.723544400000000421e+00,7.134967775927170131e-02
1.723684800000000461e+00,7.134962572797631797e-02
1.723825200000000502e+00,7.134957370538064225e-02
1.723965600000000542e+00,7.134952169148323087e-02
1.724020000000000108e+00,7.134950153925601057e-02
1.724160200000000032e+00,7.134944944101495601e-02
1.724300399999999955e+00,7.134939735150092055e-02
1.724440599999999879e+00,7.134934527071246091e-02
1.724580799999999803e+00,7.134929319864813380e-02
1.724720999999999727e+00,7.134924113530649592e-02
1.724861199999999650e+00,7.134918908068599297e-02
1.725001399999999574e+00,7.134913703478518165e-02
1.725141599999999498e+00,7.134908499760261869e-02
1.725281799999999421e+00,7.134903296913686077e-02
1.725421999999999345e+00,7.134898094938646462e-02
1.725562199999999269e+00,7.134892893834987593e-02
1.725702399999999193e+00,7.134887693602576242e-02
1.725842599999999116e+00,7.134882494241256978e-02
1.725982799999999040e+00,7.134877295750885473e-02
1.726029999999999953e+00,7.134875545715901879e-02
1.726170199999999877e+00,7.134870355528832864e-02
1.726310399999999801e+00,7.134865166209980458e-02
1.726450599999999724e+00,7.134859977759200333e-02
1.726590799999999648e+00,7.134854790176348160e-02
1.726730999999999572e+00,7.134849603461279610e-02
1.726871199999999495e+00,7.134844417613850354e-02
1.727011399999999419e+00,7.134839232633916062e-02
1.727151599999999343e+00,7.134834048521332406e-02
1.727291799999999267e+00,7.134828865275943954e-02
1.727431999999999190e+00,7.134823682897617481e-02
1.727572199999999114e+00,7.134818501386197553e-02
1.727712399999999038e+00,7.134813320741550946e-02
1.727852599999998962e+00,7.134808140963522227e-02
1.727992799999998885e+00,7.134802962051978170e-02
1.728040000000000020e+00,7.134801218607922380e-02
1.728179200000000026e+00,7.134795955558070890e-02
1.728318400000000032e+00,7.134790693403125772e-02
1.728457600000000038e+00,7.134785432142942696e-02
1.728596800000000044e+00,7.134780171777366231e-02
1.728736000000000050e+00,7.134774912306240946e-02
1.728875200000000056e+00,7.134769653729422512e-02
1.729014400000000062e+00,7.134764396046755497e-02
1.729153600000000068e+00,7.134759139258084470e-02
1.729292800000000074e+00,7.134753883363265103e-02
1.729432000000000080e+00,7.134748628362130862e-02
1.729571200000000086e+00,7.134743374254537418e-02
1.729710400000000092e+00,7.134738121040340442e-02
1.729849600000000098e+00,7.134732868719373400e-02
1.729988800000000104e+00,7.134727617291503066e-02
1.729999999999999982e+00,7.134727194768597514e-02
1.730140199999999906e+00,7.134722045222985365e-02
1.730280399999999830e+00,7.134716896536152930e-02
1.730420599999999753e+00,7.134711748707955881e-02
1.730560799999999677e+00,7.134706601738260989e-02
1.730700999999999601e+00,7.134701455626912825e-02
1.730841199999999525e+00,7.134696310373778161e-02
1.730981399999999448e+00,7.134691165978701566e-02
1.731121599999999372e+00,7.134686022441549813e-02
1.731261799999999296e+00,7.134680879762178574e-02
1.731401999999999219e+00,7.134675737940443518e-02
1.731542199999999143e+00,7.134670596976200319e-02
1.731682399999999067e+00,7.134665456869304645e-02
1.731822599999998991e+00,7.134660317619623271e-02
1.731962799999998914e+00,7.134655179227000765e-02
1.732010000000000050e+00,7.134653449423056237e-02
1.732150400000000090e+00,7.134648338981064430e-02
1.732290800000000131e+00,7.134643229386883334e-02
1.732431200000000171e+00,7.134638120640379721e-02
1.732571600000000211e+00,7.134633012741409264e-02
1.732712000000000252e+00,7.134627905689816529e-02
1.732852400000000292e+00,7.134622799485479394e-02
1.732992800000000333e+00,7.134617694128253529e-02
1.733133200000000373e+00,7.134612589617994605e-02
1.733273600000000414e+00,7.134607485954569395e-02
1.733414000000000454e+00,7.134602383137833570e-02
1.733554400000000495e+00,7.134597281167642802e-02
1.733694800000000535e+00,7.134592180043863863e-02
1.733835200000000576e+00,7.134587079766352424e-02
1.733975600000000616e+00,7.134581980334964157e-02
1.734029999999999960e+00,7.134580004613932935e-02
1.734170199999999884e+00,7.134574896007639389e-02
1.734310399999999808e+00,7.134569788250566535e-02
1.734450599999999731e+00,7.134564681342592252e-02
1.734590799999999655e+00,7.134559575283561106e-02
1.734730999999999579e+00,7.134554470073339871e-02
1.734871199999999503e+00,7.134549365711773117e-02
1.735011399999999426e+00,7.134544262198738718e-02
1.735151599999999350e+00,7.134539159534081243e-02
1.735291799999999274e+00,7.134534057717667466e-02
1.735431999999999197e+00,7.134528956749353057e-02
1.735572199999999121e+00,7.134523856628993688e-02
1.735712399999999045e+00,7.134518757356456131e-02
1.735852599999998969e+00,7.134513658931596058e-02
1.735992799999998892e+00,7.134508561354269141e-02
1.736040000000000028e+00,7.134506845290189414e-02
1.736178999999999917e+00,7.134501644223822936e-02
1.736317999999999806e+00,7.134496444039806207e-02
1.736456999999999695e+00,7.134491244737983795e-02
1.736595999999999584e+00,7.134486046318211372e-02
1.736734999999999474e+00,7.134480848780344608e-02
1.736873999999999363e+00,7.134475652124216971e-02
1.737012999999999252e+00,7.134470456349695233e-02
1.737151999999999141e+00,7.134465261456623963e-02
1.737290999999999030e+00,7.134460067444847731e-02
1.737429999999998920e+00,7.134454874314222206e-02
1.737568999999998809e+00,7.134449682064603060e-02
1.737707999999998698e+00,7.134444490695834862e-02
1.737846999999998587e+00,7.134439300207773282e-02
1.737985999999998477e+00,7.134434110600251788e-02
1.737989999999999924e+00,7.134433961259756263e-02
1.738130399999999964e+00,7.134428910819279324e-02
1.738270800000000005e+00,7.134423861212768614e-02
1.738411200000000045e+00,7.134418812440079805e-02
1.738551600000000086e+00,7.134413764501079669e-02
1.738692000000000126e+00,7.134408717395634980e-02
1.738832400000000167e+00,7.134403671123601409e-02
1.738972800000000207e+00,7.134398625684834627e-02
1.739113200000000248e+00,7.134393581079212510e-02
1.739253600000000288e+00,7.134388537306590727e-02
1.739394000000000329e+00,7.134383494366836054e-02
1.739534400000000369e+00,7.134378452259793058e-02
1.739674800000000410e+00,7.134373410985350716e-02
1.739815200000000450e+00,7.134368370543353599e-02
1.739955600000000491e+00,7.134363330933668479e-02
1.740010000000000057e+00,7.134361378389342256e-02
1.740150199999999980e+00,7.134356328466018304e-02
1.740290399999999904e+00,7.134351279378470245e-02
1.740430599999999828e+00,7.134346231126564852e-02
1.740570799999999752e+00,7.134341183710157797e-02
1.740710999999999675e+00,7.134336137129115851e-02
1.740851199999999599e+00,7.134331091383294687e-02
1.740991399999999523e+00,7.134326046472549976e-02
1.741131599999999446e+00,7.134321002396759592e-02
1.741271799999999370e+00,7.134315959155779208e-02
1.741411999999999294e+00,7.134310916749464493e-02
1.741552199999999218e+00,7.134305875177682221e-02
1.741692399999999141e+00,7.134300834440288064e-02
1.741832599999999065e+00,7.134295794537159896e-02
1.741972799999998989e+00,7.134290755468153389e-02
1.742019999999999902e+00,7.134289059100085151e-02
1.742160399999999942e+00,7.134284047815220298e-02
1.742300799999999983e+00,7.134279037355351072e-02
1.742441200000000023e+00,7.134274027720333144e-02
1.742581600000000064e+00,7.134269018910044391e-02
1.742722000000000104e+00,7.134264010924329380e-02
1.742862400000000145e+00,7.134259003763065987e-02
1.743002800000000185e+00,7.134253997426120986e-02
1.743143200000000226e+00,7.134248991913350046e-02
1.743283600000000266e+00,7.134243987224619943e-02
1.743424000000000307e+00,7.134238983359797448e-02
1.743564400000000347e+00,7.134233980318738233e-02
1.743704800000000388e+00,7.134228978101309071e-02
1.743845200000000428e+00,7.134223976707387838e-02
1.743985600000000469e+00,7.134218976136819101e-02
1.744040000000000035e+00,7.134217038717405313e-02
1.744178999999999924e+00,7.134211918626498505e-02
1.744317999999999813e+00,7.134206799398834509e-02
1.744456999999999702e+00,7.134201681034268994e-02
1.744595999999999592e+00,7.134196563532668733e-02
1.744734999999999481e+00,7.134191446893878297e-02
1.744873999999999370e+00,7.134186331117753355e-02
1.745012999999999259e+00,7.134181216204149578e-02
1.745151999999999148e+00,7.134176102152911536e-02
1.745290999999999038e+00,7.134170988963906002e-02
1.745429999999998927e+00,7.134165876636988646e-02
1.745568999999998816e+00,7.134160765172004037e-02
1.745707999999998705e+00,7.134155654568807847e-02
1.745846999999998594e+00,7.134150544827266849e-02
1.745985999999998484e+00,7.134145435947225611e-02
1.745989999999999931e+00,7.134145288929805151e-02
1.746130199999999855e+00,7.134140299169533517e-02
1.746270399999999778e+00,7.134135310231060068e-02
1.746410599999999702e+00,7.134130322114251577e-02
1.746550799999999626e+00,7.134125334818974817e-02
1.746690999999999550e+00,7.134120348345096563e-02
1.746831199999999473e+00,7.134115362692472484e-02
1.746971399999999397e+00,7.134110377860969354e-02
1.747111599999999321e+00,7.134105393850453947e-02
1.747251799999999244e+00,7.134100410660793035e-02
1.747391999999999168e+00,7.134095428291853391e-02
1.747532199999999092e+00,7.134090446743501790e-02
1.747672399999999016e+00,7.134085466015593902e-02
1.747812599999998939e+00,7.134080486108007602e-02
1.747952799999998863e+00,7.134075507020587459e-02
1.747999999999999998e+00,7.134073830844456232e-02
1.748140400000000039e+00,7.134068877042998302e-02
1.748280800000000079e+00,7.134063924053446470e-02
1.748421200000000120e+00,7.134058971875678612e-02
1.748561600000000160e+00,7.134054020509561500e-02
1.748702000000000201e+00,7.134049069954950806e-02
1.748842400000000241e+00,7.134044120211724405e-02
1.748982800000000282e+00,7.134039171279749070e-02
1.749123200000000322e+00,7.134034223158891574e-02
1.749263600000000363e+00,7.134029275849007590e-02
1.749404000000000403e+00,7.134024329349974991e-02
1.749544400000000444e+00,7.134019383661660552e-02
1.749684800000000484e+00,7.134014438783931045e-02
1.749825200000000525e+00,7.134009494716653244e-02
1.749965600000000565e+00,7.134004551459693921e-02
1.750019999999999909e+00,7.134002636245306839e-02
1.750160199999999833e+00,7.133997684487336510e-02
1.750300399999999756e+00,7.133992733542549036e-02
1.750440599999999680e+00,7.133987783410766781e-02
1.750580799999999604e+00,7.133982834091878722e-02
1.750720999999999528e+00,7.133977885585762735e-02
1.750861199999999451e+00,7.133972937892252286e-02
1.751001399999999375e+00,7.133967991011236354e-02
1.751141599999999299e+00,7.133963044942592813e-02
1.751281799999999222e+00,7.133958099686166232e-02
1.751421999999999146e+00,7.133953155241823385e-02
1.751562199999999070e+00,7.133948211609453249e-02
1.751702399999998994e+00,7.133943268788900394e-02
1.751842599999998917e+00,7.133938326780031591e-02
1.751982799999998841e+00,7.133933385582746922e-02
1.752029999999999976e+00,7.133931722161801492e-02
1.752170400000000017e+00,7.133926807014723259e-02
1.752310800000000057e+00,7.133921892670713749e-02
1.752451200000000098e+00,7.133916979129639735e-02
1.752591600000000138e+00,7.133912066391367990e-02
1.752732000000000179e+00,7.133907154455776389e-02
1.752872400000000219e+00,7.133902243322720604e-02
1.753012800000000260e+00,7.133897332992078510e-02
1.753153200000000300e+00,7.133892423463716881e-02
1.753293600000000341e+00,7.133887514737513591e-02
1.753434000000000381e+00,7.133882606813324312e-02
1.753574400000000422e+00,7.133877699691026919e-02
1.753714800000000462e+00,7.133872793370488186e-02
1.753855200000000503e+00,7.133867887851574885e-02
1.753995600000000543e+00,7.133862983134153790e-02
1.754050000000000109e+00,7.133861082851145063e-02
1.754188999999999998e+00,7.133856061911147961e-02
1.754327999999999887e+00,7.133851041811145599e-02
1.754466999999999777e+00,7.133846022550971444e-02
1.754605999999999666e+00,7.133841004130514474e-02
1.754744999999999555e+00,7.133835986549608155e-02
1.754883999999999444e+00,7.133830969808130362e-02
1.755022999999999334e+00,7.133825953905925665e-02
1.755161999999999223e+00,7.133820938842871939e-02
1.755300999999999112e+00,7.133815924618802651e-02
1.755439999999999001e+00,7.133810911233606777e-02
1.755578999999998890e+00,7.133805898687117786e-02
1.755717999999998780e+00,7.133800886979224654e-02
1.755856999999998669e+00,7.133795876109749745e-02
1.755995999999998558e+00,7.133790866078593140e-02
1.756000000000000005e+00,7.133790721905741705e-02
1.756140199999999929e+00,7.133785826869520896e-02
1.756280399999999853e+00,7.133780932633571048e-02
1.756420599999999776e+00,7.133776039197736729e-02
1.756560799999999700e+00,7.133771146561918020e-02
1.756700999999999624e+00,7.133766254725948386e-02
1.756841199999999548e+00,7.133761363689739010e-02
1.756981399999999471e+00,7.133756473453112257e-02
1.757121599999999395e+00,7.133751584015979308e-02
1.757261799999999319e+00,7.133746695378173630e-02
1.757401999999999243e+00,7.133741807539606405e-02
1.757542199999999166e+00,7.133736920500099998e-02
1.757682399999999090e+00,7.133732034259565591e-02
1.757822599999999014e+00,7.133727148817836650e-02
1.757962799999998937e+00,7.133722264174802152e-02
1.758010000000000073e+00,7.133720619792061068e-02
1.758150400000000113e+00,7.133715761863690386e-02
1.758290800000000154e+00,7.133710904725321100e-02
1.758431200000000194e+00,7.133706048376875497e-02
1.758571600000000235e+00,7.133701192818164838e-02
1.758712000000000275e+00,7.133696338049122510e-02
1.758852400000000316e+00,7.133691484069559774e-02
1.758992800000000356e+00,7.133686630879410018e-02
1.759133200000000397e+00,7.133681778478484503e-02
1.759273600000000437e+00,7.133676926866705514e-02
1.759414000000000478e+00,7.133672076043895416e-02
1.759554400000000518e+00,7.133667226009987594e-02
1.759694800000000559e+00,7.133662376764793311e-02
1.759835200000000599e+00,7.133657528308234852e-02
1.759975600000000640e+00,7.133652680640134580e-02
1.760029999999999983e+00,7.133650802459756690e-02
1.760170199999999907e+00,7.133645945571820413e-02
1.760310399999999831e+00,7.133641089475428743e-02
1.760450599999999755e+00,7.133636234170437351e-02
1.760590799999999678e+00,7.133631379656724114e-02
1.760730999999999602e+00,7.133626525934155804e-02
1.760871199999999526e+00,7.133621673002610297e-02
1.761011399999999449e+00,7.133616820861954366e-02
1.761151599999999373e+00,7.133611969512054785e-02
1.761291799999999297e+00,7.133607118952789428e-02
1.761431999999999221e+00,7.133602269184036171e-02
1.761572199999999144e+00,7.133597420205650685e-02
1.761712399999999068e+00,7.133592572017510847e-02
1.761852599999998992e+00,7.133587724619483428e-02
1.761992799999998915e+00,7.133582878011446304e-02
1.762040000000000051e+00,7.133581246432663114e-02
1.762178999999999940e+00,7.133576302181643403e-02
1.762317999999999829e+00,7.133571358752788250e-02
1.762456999999999718e+00,7.133566416145997735e-02
1.762595999999999608e+00,7.133561474361127530e-02
1.762734999999999497e+00,7.133556533398033306e-02
1.762873999999999386e+00,7.133551593256559631e-02
1.763012999999999275e+00,7.133546653936606585e-02
1.763151999999999164e+00,7.133541715438018738e-02
1.763290999999999054e+00,7.133536777760651759e-02
1.763429999999998943e+00,7.133531840904361321e-02
1.763568999999998832e+00,7.133526904869047502e-02
1.763707999999998721e+00,7.133521969654554873e-02
1.763846999999998610e+00,7.133517035260739103e-02
1.763985999999998500e+00,7.133512101687455864e-02
1.763989999999999947e+00,7.133511959714811113e-02
1.764130399999999987e+00,7.133507156742813216e-02
1.764270800000000028e+00,7.133502354548493241e-02
1.764411200000000068e+00,7.133497553131729063e-02
1.764551600000000109e+00,7.133492752492398559e-02
1.764692000000000149e+00,7.133487952630368500e-02
1.764832400000000190e+00,7.133483153545516764e-02
1.764972800000000230e+00,7.133478355237710122e-02
1.765113200000000271e+00,7.133473557706837553e-02
1.765253600000000311e+00,7.133468760952765830e-02
1.765394000000000352e+00,7.133463964975372829e-02
1.765534400000000392e+00,7.133459169774525321e-02
1.765674800000000433e+00,7.133454375350101184e-02
1.765815200000000473e+00,7.133449581701978293e-02
1.765955600000000514e+00,7.133444788830023420e-02
1.766010000000000080e+00,7.133442931879352411e-02
1.766150200000000003e+00,7.133438131464397980e-02
1.766290399999999927e+00,7.133433331828120672e-02
1.766430599999999851e+00,7.133428532970376157e-02
1.766570799999999775e+00,7.133423734891042312e-02
1.766710999999999698e+00,7.133418937589997011e-02
1.766851199999999622e+00,7.133414141067118130e-02
1.766991399999999546e+00,7.133409345322272443e-02
1.767131599999999469e+00,7.133404550355337825e-02
1.767271799999999393e+00,7.133399756166181049e-02
1.767411999999999317e+00,7.133394962754679991e-02
1.767552199999999241e+00,7.133390170120712526e-02
1.767692399999999164e+00,7.133385378264145427e-02
1.767832599999999088e+00,7.133380587184856569e-02
1.767972799999999012e+00,7.133375796882723829e-02
1.768019999999999925e+00,7.133374184258511885e-02
1.768160399999999965e+00,7.133369418365487213e-02
1.768300800000000006e+00,7.133364653241758280e-02
1.768441200000000046e+00,7.133359888887202960e-02
1.768581600000000087e+00,7.133355125301676924e-02
1.768722000000000127e+00,7.133350362485080254e-02
1.768862400000000168e+00,7.133345600437290823e-02
1.769002800000000208e+00,7.133340839158164304e-02
1.769143200000000249e+00,7.133336078647589673e-02
1.769283600000000289e+00,7.133331318905444807e-02
1.769424000000000330e+00,7.133326559931596478e-02
1.769564400000000370e+00,7.133321801725911460e-02
1.769704800000000411e+00,7.133317044288300934e-02
1.769845200000000451e+00,7.133312287618620573e-02
1.769985600000000492e+00,7.133307531716737149e-02
1.770040000000000058e+00,7.133305689089375345e-02
1.770178999999999947e+00,7.133300819628063394e-02
1.770317999999999836e+00,7.133295950971707544e-02
1.770456999999999725e+00,7.133291083120185672e-02
1.770595999999999615e+00,7.133286216073353447e-02
1.770734999999999504e+00,7.133281349831088747e-02
1.770873999999999393e+00,7.133276484393247241e-02
1.771012999999999282e+00,7.133271619759706805e-02
1.771151999999999171e+00,7.133266755930323111e-02
1.771290999999999061e+00,7.133261892904962931e-02
1.771429999999998950e+00,7.133257030683504141e-02
1.771568999999998839e+00,7.133252169265813514e-02
1.771707999999998728e+00,7.133247308651746721e-02
1.771846999999998618e+00,7.133242448841181638e-02
1.771985999999998507e+00,7.133237589833973935e-02
1.771989999999999954e+00,7.133237450007090530e-02
1.772130199999999878e+00,7.133232704439917971e-02
1.772270399999999801e+00,7.133227959639043547e-02
1.772410599999999725e+00,7.133223215604345135e-02
1.772550799999999649e+00,7.133218472335689508e-02
1.772690999999999573e+00,7.133213729832954542e-02
1.772831199999999496e+00,7.133208988096018111e-02
1.772971399999999420e+00,7.133204247124769193e-02
1.773111599999999344e+00,7.133199506919063460e-02
1.773251799999999267e+00,7.133194767478789888e-02
1.773391999999999191e+00,7.133190028803815252e-02
1.773532199999999115e+00,7.133185290894028530e-02
1.773672399999999039e+00,7.133180553749296493e-02
1.773812599999998962e+00,7.133175817369497018e-02
1.773952799999998886e+00,7.133171081754507981e-02
1.774000000000000021e+00,7.133169487540003129e-02
1.774140400000000062e+00,7.133164776385436667e-02
1.774280800000000102e+00,7.133160065987842469e-02
1.774421200000000143e+00,7.133155356347098408e-02
1.774561600000000183e+00,7.133150647463071259e-02
1.774702000000000224e+00,7.133145939335661101e-02
1.774842400000000264e+00,7.133141231964734708e-02
1.774982800000000305e+00,7.133136525350169954e-02
1.775123200000000345e+00,7.133131819491855818e-02
1.775263600000000386e+00,7.133127114389659074e-02
1.775404000000000426e+00,7.133122410043457595e-02
1.775544400000000467e+00,7.133117706453129259e-02
1.775684800000000507e+00,7.133113003618563042e-02
1.775825200000000548e+00,7.133108301539636820e-02
1.775965600000000588e+00,7.133103600216217366e-02
1.776019999999999932e+00,7.133101778734252107e-02
1.776160199999999856e+00,7.133097083835582275e-02
1.776300399999999780e+00,7.133092389690409707e-02
1.776440599999999703e+00,7.133087696298623381e-02
1.776580799999999627e+00,7.133083003660090071e-02
1.776720999999999551e+00,7.133078311774687652e-02
1.776861199999999474e+00,7.133073620642305102e-02
1.777001399999999398e+00,7.133068930262820295e-02
1.777141599999999322e+00,7.133064240636100006e-02
1.777281799999999246e+00,7.133059551762033212e-02
1.777421999999999169e+00,7.133054863640497789e-02
1.777562199999999093e+00,7.133050176271371612e-02
1.777702399999999017e+00,7.133045489654532556e-02
1.777842599999998940e+00,7.133040803789858497e-02
1.777982799999998864e+00,7.133036118677227311e-02
1.778029999999999999e+00,7.133034541463489919e-02
1.778170400000000040e+00,7.133029913133037692e-02
1.778310800000000080e+00,7.133025285536565008e-02
1.778451200000000121e+00,7.133020658673938641e-02
1.778591600000000161e+00,7.133016032545047569e-02
1.778732000000000202e+00,7.133011407149769667e-02
1.778872400000000242e+00,7.133006782488005015e-02
1.779012800000000283e+00,7.133002158559620387e-02
1.779153200000000323e+00,7.132997535364504760e-02
1.779293600000000364e+00,7.132992912902547111e-02
1.779434000000000404e+00,7.132988291173625317e-02
1.779574400000000445e+00,7.132983670177628355e-02
1.779714800000000485e+00,7.132979049914434100e-02
1.779855200000000526e+00,7.132974430383931530e-02
1.779995600000000566e+00,7.132969811585998521e-02
1.780049999999999910e+00,7.132968022076258130e-02
1.780189000000000021e+00,7.132963326397878667e-02
1.780328000000000133e+00,7.132958631476704614e-02
1.780467000000000244e+00,7.132953937312624948e-02
1.780606000000000355e+00,7.132949243905506442e-02
1.780745000000000466e+00,7.132944551255226973e-02
1.780884000000000578e+00,7.132939859361664414e-02
1.781023000000000689e+00,7.132935168224707745e-02
1.781162000000000800e+00,7.132930477844234840e-02
1.781301000000000911e+00,7.132925788220112473e-02
1.781440000000001023e+00,7.132921099352229621e-02
1.781579000000001134e+00,7.132916411240453058e-02
1.781718000000001245e+00,7.132911723884671762e-02
1.781857000000001356e+00,7.132907037284752505e-02
1.781996000000001468e+00,7.132902351440584265e-02
1.782000000000000028e+00,7.132902216596781475e-02
1.782140199999999952e+00,7.132897670720561578e-02
1.782280399999999876e+00,7.132893125555617164e-02
1.782420599999999800e+00,7.132888581101837211e-02
1.782560799999999723e+00,7.132884037359088492e-02
1.782700999999999647e+00,7.132879494327293290e-02
1.782841199999999571e+00,7.132874952006329483e-02
1.782981399999999494e+00,7.132870410396086047e-02
1.783121599999999418e+00,7.132865869496451960e-02
1.783261799999999342e+00,7.132861329307316200e-02
1.783401999999999266e+00,7.132856789828556643e-02
1.783542199999999189e+00,7.132852251060062265e-02
1.783682399999999113e+00,7.132847713001744250e-02
1.783822599999999037e+00,7.132843175653480472e-02
1.783962799999998960e+00,7.132838639015159909e-02
1.784010000000000096e+00,7.132837111782286410e-02
1.784150400000000136e+00,7.132832637425590150e-02
1.784290800000000177e+00,7.132828163759508122e-02
1.784431200000000217e+00,7.132823690783929305e-02
1.784571600000000258e+00,7.132819218498764879e-02
1.784712000000000298e+00,7.132814746903892722e-02
1.784852400000000339e+00,7.132810275999212912e-02
1.784992800000000379e+00,7.132805805784614428e-02
1.785133200000000420e+00,7.132801336259997349e-02
1.785273600000000460e+00,7.132796867425250653e-02
1.785414000000000501e+00,7.132792399280274420e-02
1.785554400000000541e+00,7.132787931824957628e-02
1.785694800000000582e+00,7.132783465059189254e-02
1.785835200000000622e+00,7.132778998982869378e-02
1.785975600000000663e+00,7.132774533595886979e-02
1.786030000000000006e+00,7.132772803520937011e-02
1.786170199999999930e+00,7.132768395275002060e-02
1.786310399999999854e+00,7.132763987700918573e-02
1.786450599999999778e+00,7.132759580798586629e-02
1.786590799999999701e+00,7.132755174567895207e-02
1.786730999999999625e+00,7.132750769008755487e-02
1.786871199999999549e+00,7.132746364121045346e-02
1.787011399999999472e+00,7.132741959904675966e-02
1.787151599999999396e+00,7.132737556359547426e-02
1.787291799999999320e+00,7.132733153485548705e-02
1.787431999999999244e+00,7.132728751282590984e-02
1.787572199999999167e+00,7.132724349750552140e-02
1.787712399999999091e+00,7.132719948889343353e-02
1.787852599999999015e+00,7.132715548698864705e-02
1.787992799999998939e+00,7.132711149179005172e-02
1.788040000000000074e+00,7.132709668104242340e-02
1.788178999999999963e+00,7.132705292348040516e-02
1.788317999999999852e+00,7.132700917255274664e-02
1.788456999999999741e+00,7.132696542825833763e-02
1.788595999999999631e+00,7.132692169059628995e-02
1.788734999999999520e+00,7.132687795956549337e-02
1.788873999999999409e+00,7.132683423516505972e-02
1.789012999999999298e+00,7.132679051739387877e-02
1.789151999999999187e+00,7.132674680625095132e-02
1.789290999999999077e+00,7.132670310173538919e-02
1.789429999999998966e+00,7.132665940384608216e-02
1.789568999999998855e+00,7.132661571258203104e-02
1.789707999999998744e+00,7.132657202794223661e-02
1.789846999999998634e+00,7.132652834992569968e-02
1.789985999999998523e+00,7.132648467853142105e-02
1.789989999999999970e+00,7.132648342180614165e-02
1.790130400000000011e+00,7.132644263465881540e-02
1.790270800000000051e+00,7.132640185328797955e-02
1.790411200000000091e+00,7.132636107769274592e-02
1.790551600000000132e+00,7.132632030787233735e-02
1.790692000000000172e+00,7.132627954382597668e-02
1.790832400000000213e+00,7.132623878555277575e-02
1.790972800000000253e+00,7.132619803305184636e-02
1.791113200000000294e+00,7.132615728632252239e-02
1.791253600000000334e+00,7.132611654536391566e-02
1.791394000000000375e+00,7.132607581017513798e-02
1.791534400000000415e+00,7.132603508075552323e-02
1.791674800000000456e+00,7.132599435710418323e-02
1.791815200000000496e+00,7.132595363922022980e-02
1.791955600000000537e+00,7.132591292710288577e-02
1.792010000000000103e+00,7.132589715347315007e-02
1.792150200000000027e+00,7.132585882738173844e-02
1.792290399999999950e+00,7.132582050640112747e-02
1.792430599999999874e+00,7.132578219053065105e-02
1.792570799999999798e+00,7.132574387976953201e-02
1.792710999999999721e+00,7.132570557411721524e-02
1.792851199999999645e+00,7.132566727357303460e-02
1.792991399999999569e+00,7.132562897813610192e-02
1.793131599999999493e+00,7.132559068780586209e-02
1.793271799999999416e+00,7.132555240258164897e-02
1.793411999999999340e+00,7.132551412246279643e-02
1.793552199999999264e+00,7.132547584744863833e-02
1.793692399999999187e+00,7.132543757753839753e-02
1.793832599999999111e+00,7.132539931273151890e-02
1.793972799999999035e+00,7.132536105302722529e-02
1.794019999999999948e+00,7.132534817302038643e-02
1.794160399999999989e+00,7.132531328436120255e-02
1.794300800000000029e+00,7.132527839994529106e-02
1.794441200000000070e+00,7.132524351977209687e-02
1.794581600000000110e+00,7.132520864384106485e-02
1.794722000000000151e+00,7.132517377215175092e-02
1.794862400000000191e+00,7.132513890470359996e-02
1.795002800000000232e+00,7.132510404149616789e-02
1.795143200000000272e+00,7.132506918252889960e-02
1.795283600000000312e+00,7.132503432780123998e-02
1.795424000000000353e+00,7.132499947731263390e-02
1.795564400000000393e+00,7.132496463106263729e-02
1.795704800000000434e+00,7.132492978905080605e-02
1.795845200000000474e+00,7.132489495127647405e-02
1.795985600000000515e+00,7.132486011773919721e-02
1.796040000000000081e+00,7.132484662161997502e-02
1.796178999999999970e+00,7.132481492896947106e-02
1.796317999999999859e+00,7.132478323982660573e-02
1.796456999999999748e+00,7.132475155419082391e-02
1.796595999999999638e+00,7.132471987206190356e-02
1.796734999999999527e+00,7.132468819343928956e-02
1.796873999999999416e+00,7.132465651832275988e-02
1.797012999999999305e+00,7.132462484671187042e-02
1.797151999999999195e+00,7.132459317860617709e-02
1.797290999999999084e+00,7.132456151400534683e-02
1.797429999999998973e+00,7.132452985290893555e-02
1.797568999999998862e+00,7.132449819531672119e-02
1.797707999999998751e+00,7.132446654122814866e-02
1.797846999999998641e+00,7.132443489064288489e-02
1.797985999999998530e+00,7.132440324356048578e-02
1.797989999999999977e+00,7.132440233285586295e-02
1.798130199999999901e+00,7.132437587006623669e-02
1.798270399999999825e+00,7.132434940972587345e-02
1.798410599999999748e+00,7.132432295183455118e-02
1.798550799999999672e+00,7.132429649639204783e-02
1.798690999999999596e+00,7.132427004339803034e-02
1.798831199999999519e+00,7.132424359285238769e-02
1.798971399999999443e+00,7.132421714475489782e-02
1.799111599999999367e+00,7.132419069910533871e-02
1.799251799999999291e+00,7.132416425590337727e-02
1.799391999999999214e+00,7.132413781514890250e-02
1.799532199999999138e+00,7.132411137684158131e-02
1.799672399999999062e+00,7.132408494098130269e-02
1.799812599999998985e+00,7.132405850756784460e-02
1.799952799999998909e+00,7.132403207660087396e-02
1.800000000000000044e+00,7.132402317857822194e-02
1.800140400000000085e+00,7.132400178505182708e-02
1.800280800000000125e+00,7.132398039312837223e-02
1.800421200000000166e+00,7.132395900280763534e-02
1.800561600000000206e+00,7.132393761408961641e-02
1.800702000000000247e+00,7.132391622697409339e-02
1.800842400000000287e+00,7.132389484146095526e-02
1.800982800000000328e+00,7.132387345755009100e-02
1.801123200000000368e+00,7.132385207524138959e-02
1.801263600000000409e+00,7.132383069453474000e-02
1.801404000000000449e+00,7.132380931543003122e-02
1.801544400000000490e+00,7.132378793792715221e-02
1.801684800000000530e+00,7.132376656202599197e-02
1.801825200000000571e+00,7.132374518772643945e-02
1.801965600000000611e+00,7.132372381502827263e-02
1.802019999999999955e+00,7.132371553410932208e-02
1.802160199999999879e+00,7.132369932458038075e-02
1.802300399999999803e+00,7.132368311597259147e-02
1.802440599999999726e+00,7.132366690828595424e-02
1.802580799999999650e+00,7.132365070152035802e-02
1.802720999999999574e+00,7.132363449567580282e-02
1.802861199999999497e+00,7.132361829075217763e-02
1.803001399999999421e+00,7.132360208674948243e-02
1.803141599999999345e+00,7.132358588366771723e-02
1.803281799999999269e+00,7.132356968150677101e-02
1.803421999999999192e+00,7.132355348026664377e-02
1.803562199999999116e+00,7.132353727994722448e-02
1.803702399999999040e+00,7.132352108054851314e-02
1.803842599999998964e+00,7.132350488207028771e-02
1.803982799999998887e+00,7.132348868451265922e-02
1.804030000000000022e+00,7.132348323151616043e-02
1.804170400000000063e+00,7.132295983021605390e-02
1.804310800000000103e+00,7.132243642169559805e-02
1.804451200000000144e+00,7.132191300595538963e-02
1.804591600000000184e+00,7.132138958299605314e-02
1.804732000000000225e+00,7.132086615281818531e-02
1.804872400000000265e+00,7.132034271542241066e-02
1.805012800000000306e+00,7.131981927080932593e-02
1.805153200000000346e+00,7.131929581897954173e-02
1.805293600000000387e+00,7.131877235993366870e-02
1.805434000000000427e+00,7.131824889367231746e-02
1.805574400000000468e+00,7.131772542019611250e-02
1.805714800000000508e+00,7.131720193950563669e-02
1.805855200000000549e+00,7.131667845160151453e-02
1.805995600000000589e+00,7.131615495648435665e-02
1.806049999999999933e+00,7.131595211883601237e-02
1.806189000000000044e+00,7.131543383390537283e-02
1.806328000000000156e+00,7.131491554192723181e-02
1.806467000000000267e+00,7.131439724290217219e-02
1.806606000000000378e+00,7.131387893683077683e-02
1.806745000000000489e+00,7.131336062371364248e-02
1.806884000000000601e+00,7.131284230355136589e-02
1.807023000000000712e+00,7.131232397634454379e-02
1.807162000000000823e+00,7.131180564209375905e-02
1.807301000000000935e+00,7.131128730079960842e-02
1.807440000000001046e+00,7.131076895246267477e-02
1.807579000000001157e+00,7.131025059708355485e-02
1.807718000000001268e+00,7.130973223466284538e-02
1.807857000000001380e+00,7.130921386520112926e-02
1.807996000000001491e+00,7.130869548869900321e-02
1.808000000000000052e+00,7.130868057128571247e-02
1.808140199999999975e+00,7.130815771227749789e-02
1.808280399999999899e+00,7.130763484613041048e-02
1.808420599999999823e+00,7.130711197284504699e-02
1.808560799999999746e+00,7.130658909242201804e-02
1.808700999999999670e+00,7.130606620486193425e-02
1.808841199999999594e+00,7.130554331016540626e-02
1.808981399999999518e+00,7.130502040833304467e-02
1.809121599999999441e+00,7.130449749936546011e-02
1.809261799999999365e+00,7.130397458326324933e-02
1.809401999999999289e+00,7.130345166002702295e-02
1.809542199999999212e+00,7.130292872965739159e-02
1.809682399999999136e+00,7.130240579215497976e-02
1.809822599999999060e+00,7.130188284752037031e-02
1.809962799999998984e+00,7.130135989575418776e-02
1.810009999999999897e+00,7.130118383620849543e-02
1.810150399999999937e+00,7.130118383620849543e-02
1.810290799999999978e+00,7.130118383620849543e-02
1.810431200000000018e+00,7.130118383620849543e-02
1.810571600000000059e+00,7.130118383620849543e-02
1.810712000000000099e+00,7.130118383620849543e-02
1.810852400000000140e+00,7.130118383620849543e-02
1.810992800000000180e+00,7.130118383620849543e-02
1.811133200000000221e+00,7.130118383620849543e-02
1.811273600000000261e+00,7.130118383620849543e-02
1.811414000000000302e+00,7.130118383620849543e-02
1.811554400000000342e+00,7.130118383620849543e-02
1.811694800000000383e+00,7.130118383620849543e-02
1.811835200000000423e+00,7.130118383620849543e-02
1.811975600000000464e+00,7.130118383620849543e-02
1.812030000000000030e+00,7.130118383620849543e-02
1.812170199999999953e+00,7.130118383620849543e-02
1.812310399999999877e+00,7.130118383620849543e-02
1.812450599999999801e+00,7.130118383620849543e-02
1.812590799999999724e+00,7.130118383620849543e-02
1.812730999999999648e+00,7.130118383620849543e-02
1.812871199999999572e+00,7.130118383620849543e-02
1.813011399999999496e+00,7.130118383620849543e-02
1.813151599999999419e+00,7.130118383620849543e-02
1.813291799999999343e+00,7.130118383620849543e-02
1.813431999999999267e+00,7.130118383620849543e-02
1.813572199999999190e+00,7.130118383620849543e-02
1.813712399999999114e+00,7.130118383620849543e-02
1.813852599999999038e+00,7.130118383620849543e-02
1.813992799999998962e+00,7.130118383620849543e-02
1.814040000000000097e+00,7.130118383620849543e-02
1.814179200000000103e+00,7.130118383620849543e-02
1.814318400000000109e+00,7.130118383620849543e-02
1.814457600000000115e+00,7.130118383620849543e-02
1.814596800000000121e+00,7.130118383620849543e-02
1.814736000000000127e+00,7.130118383620849543e-02
1.814875200000000133e+00,7.130118383620849543e-02
1.815014400000000139e+00,7.130118383620849543e-02
1.815153600000000145e+00,7.130118383620849543e-02
1.815292800000000151e+00,7.130118383620849543e-02
1.815432000000000157e+00,7.130118383620849543e-02
1.815571200000000163e+00,7.130118383620849543e-02
1.815710400000000169e+00,7.130118383620849543e-02
1.815849600000000175e+00,7.130118383620849543e-02
1.815988800000000181e+00,7.130118383620849543e-02
1.816000000000000059e+00,7.130118383620849543e-02
1.816140199999999982e+00,7.130118383620849543e-02
1.816280399999999906e+00,7.130118383620849543e-02
1.816420599999999830e+00,7.130118383620849543e-02
1.816560799999999753e+00,7.130118383620849543e-02
1.816700999999999677e+00,7.130118383620849543e-02
1.816841199999999601e+00,7.130118383620849543e-02
1.816981399999999525e+00,7.130118383620849543e-02
1.817121599999999448e+00,7.130118383620849543e-02
1.817261799999999372e+00,7.130118383620849543e-02
1.817401999999999296e+00,7.130118383620849543e-02
1.817542199999999220e+00,7.130118383620849543e-02
1.817682399999999143e+00,7.130118383620849543e-02
1.817822599999999067e+00,7.130118383620849543e-02
1.817962799999998991e+00,7.130118383620849543e-02
1.818009999999999904e+00,7.130118383620849543e-02
1.818150199999999828e+00,7.130118383620849543e-02
1.818290399999999751e+00,7.130118383620849543e-02
1.818430599999999675e+00,7.130118383620849543e-02
1.818570799999999599e+00,7.130118383620849543e-02
1.818710999999999522e+00,7.130118383620849543e-02
1.818851199999999446e+00,7.130118383620849543e-02
1.818991399999999370e+00,7.130118383620849543e-02
1.819131599999999294e+00,7.130118383620849543e-02
1.819271799999999217e+00,7.130118383620849543e-02
1.819411999999999141e+00,7.130118383620849543e-02
1.819552199999999065e+00,7.130118383620849543e-02
1.819692399999998988e+00,7.130118383620849543e-02
1.819832599999998912e+00,7.130118383620849543e-02
1.819972799999998836e+00,7.130118383620849543e-02
1.820019999999999971e+00,7.130118383620849543e-02
1.820160400000000012e+00,7.130118383620849543e-02
1.820300800000000052e+00,7.130118383620849543e-02
1.820441200000000093e+00,7.130118383620849543e-02
1.820581600000000133e+00,7.130118383620849543e-02
1.820722000000000174e+00,7.130118383620849543e-02
1.820862400000000214e+00,7.130118383620849543e-02
1.821002800000000255e+00,7.130118383620849543e-02
1.821143200000000295e+00,7.130118383620849543e-02
1.821283600000000336e+00,7.130118383620849543e-02
1.821424000000000376e+00,7.130118383620849543e-02
1.821564400000000417e+00,7.130118383620849543e-02
1.821704800000000457e+00,7.130118383620849543e-02
1.821845200000000498e+00,7.130118383620849543e-02
1.821985600000000538e+00,7.130118383620849543e-02
1.822040000000000104e+00,7.130118383620849543e-02
1.822178999999999993e+00,7.130118383620849543e-02
1.822317999999999882e+00,7.130118383620849543e-02
1.822456999999999772e+00,7.130118383620849543e-02
1.822595999999999661e+00,7.130118383620849543e-02
1.822734999999999550e+00,7.130118383620849543e-02
1.822873999999999439e+00,7.130118383620849543e-02
1.823012999999999328e+00,7.130118383620849543e-02
1.823151999999999218e+00,7.130118383620849543e-02
1.823290999999999107e+00,7.130118383620849543e-02
1.823429999999998996e+00,7.130118383620849543e-02
1.823568999999998885e+00,7.130118383620849543e-02
1.823707999999998774e+00,7.130118383620849543e-02
1.823846999999998664e+00,7.130118383620849543e-02
1.823985999999998553e+00,7.130118383620849543e-02
1.823990000000000000e+00,7.130118383620849543e-02
1.824130400000000041e+00,7.130118383620849543e-02
1.824270800000000081e+00,7.130118383620849543e-02
1.824411200000000122e+00,7.130118383620849543e-02
1.824551600000000162e+00,7.130118383620849543e-02
1.824692000000000203e+00,7.130118383620849543e-02
1.824832400000000243e+00,7.130118383620849543e-02
1.824972800000000284e+00,7.130118383620849543e-02
1.825113200000000324e+00,7.130118383620849543e-02
1.825253600000000365e+00,7.130118383620849543e-02
1.825394000000000405e+00,7.130118383620849543e-02
1.825534400000000446e+00,7.130118383620849543e-02
1.825674800000000486e+00,7.130118383620849543e-02
1.825815200000000527e+00,7.130118383620849543e-02
1.825955600000000567e+00,7.130118383620849543e-02
1.826009999999999911e+00,7.130118383620849543e-02
1.826150199999999835e+00,7.130118383620849543e-02
1.826290399999999758e+00,7.130118383620849543e-02
1.826430599999999682e+00,7.130118383620849543e-02
1.826570799999999606e+00,7.130118383620849543e-02
1.826710999999999530e+00,7.130118383620849543e-02
1.826851199999999453e+00,7.130118383620849543e-02
1.826991399999999377e+00,7.130118383620849543e-02
1.827131599999999301e+00,7.130118383620849543e-02
1.827271799999999224e+00,7.130118383620849543e-02
1.827411999999999148e+00,7.130118383620849543e-02
1.827552199999999072e+00,7.130118383620849543e-02
1.827692399999998996e+00,7.130118383620849543e-02
1.827832599999998919e+00,7.130118383620849543e-02
1.827972799999998843e+00,7.130118383620849543e-02
1.828019999999999978e+00,7.130118383620849543e-02
1.828160199999999902e+00,7.130118383620849543e-02
1.828300399999999826e+00,7.130118383620849543e-02
1.828440599999999749e+00,7.130118383620849543e-02
1.828580799999999673e+00,7.130118383620849543e-02
1.828720999999999597e+00,7.130118383620849543e-02
1.828861199999999521e+00,7.130118383620849543e-02
1.829001399999999444e+00,7.130118383620849543e-02
1.829141599999999368e+00,7.130118383620849543e-02
1.829281799999999292e+00,7.130118383620849543e-02
1.829421999999999215e+00,7.130118383620849543e-02
1.829562199999999139e+00,7.130118383620849543e-02
1.829702399999999063e+00,7.130118383620849543e-02
1.829842599999998987e+00,7.130118383620849543e-02
1.829982799999998910e+00,7.130118383620849543e-02
1.830030000000000046e+00,7.130118383620849543e-02
1.830169200000000052e+00,7.130118383620849543e-02
1.830308400000000058e+00,7.130118383620849543e-02
1.830447600000000064e+00,7.130118383620849543e-02
1.830586800000000069e+00,7.130118383620849543e-02
1.830726000000000075e+00,7.130118383620849543e-02
1.830865200000000081e+00,7.130118383620849543e-02
1.831004400000000087e+00,7.130118383620849543e-02
1.831143600000000093e+00,7.130118383620849543e-02
1.831282800000000099e+00,7.130118383620849543e-02
1.831422000000000105e+00,7.130118383620849543e-02
1.831561200000000111e+00,7.130118383620849543e-02
1.831700400000000117e+00,7.130118383620849543e-02
1.831839600000000123e+00,7.130118383620849543e-02
1.831978800000000129e+00,7.130118383620849543e-02
1.831990000000000007e+00,7.130118383620849543e-02
1.832130199999999931e+00,7.130118383620849543e-02
1.832270399999999855e+00,7.130118383620849543e-02
1.832410599999999778e+00,7.130118383620849543e-02
1.832550799999999702e+00,7.130118383620849543e-02
1.832690999999999626e+00,7.130118383620849543e-02
1.832831199999999550e+00,7.130118383620849543e-02
1.832971399999999473e+00,7.130118383620849543e-02
1.833111599999999397e+00,7.130118383620849543e-02
1.833251799999999321e+00,7.130118383620849543e-02
1.833391999999999245e+00,7.130118383620849543e-02
1.833532199999999168e+00,7.130118383620849543e-02
1.833672399999999092e+00,7.130118383620849543e-02
1.833812599999999016e+00,7.130118383620849543e-02
1.833952799999998939e+00,7.130118383620849543e-02
1.834000000000000075e+00,7.130118383620849543e-02
1.834140400000000115e+00,7.130118383620849543e-02
1.834280800000000156e+00,7.130118383620849543e-02
1.834421200000000196e+00,7.130118383620849543e-02
1.834561600000000237e+00,7.130118383620849543e-02
1.834702000000000277e+00,7.130118383620849543e-02
1.834842400000000318e+00,7.130118383620849543e-02
1.834982800000000358e+00,7.130118383620849543e-02
1.835123200000000399e+00,7.130118383620849543e-02
1.835263600000000439e+00,7.130118383620849543e-02
1.835404000000000480e+00,7.130118383620849543e-02
1.835544400000000520e+00,7.130118383620849543e-02
1.835684800000000561e+00,7.130118383620849543e-02
1.835825200000000601e+00,7.130118383620849543e-02
1.835965600000000642e+00,7.130118383620849543e-02
1.836019999999999985e+00,7.130118383620849543e-02
1.836160199999999909e+00,7.130118383620849543e-02
1.836300399999999833e+00,7.130118383620849543e-02
1.836440599999999757e+00,7.130118383620849543e-02
1.836580799999999680e+00,7.130118383620849543e-02
1.836720999999999604e+00,7.130118383620849543e-02
1.836861199999999528e+00,7.130118383620849543e-02
1.837001399999999451e+00,7.130118383620849543e-02
1.837141599999999375e+00,7.130118383620849543e-02
1.837281799999999299e+00,7.130118383620849543e-02
1.837421999999999223e+00,7.130118383620849543e-02
1.837562199999999146e+00,7.130118383620849543e-02
1.837702399999999070e+00,7.130118383620849543e-02
1.837842599999998994e+00,7.130118383620849543e-02
1.837982799999998917e+00,7.130118383620849543e-02
1.838030000000000053e+00,7.130118383620849543e-02
1.838170199999999976e+00,7.130118383620849543e-02
1.838310399999999900e+00,7.130118383620849543e-02
1.838450599999999824e+00,7.130118383620849543e-02
1.838590799999999748e+00,7.130118383620849543e-02
1.838730999999999671e+00,7.130118383620849543e-02
1.838871199999999595e+00,7.130118383620849543e-02
1.839011399999999519e+00,7.130118383620849543e-02
1.839151599999999442e+00,7.130118383620849543e-02
1.839291799999999366e+00,7.130118383620849543e-02
1.839431999999999290e+00,7.130118383620849543e-02
1.839572199999999214e+00,7.130118383620849543e-02
1.839712399999999137e+00,7.130118383620849543e-02
1.839852599999999061e+00,7.130118383620849543e-02
1.839992799999998985e+00,7.130118383620849543e-02
1.840039999999999898e+00,7.130118383620849543e-02
1.840179199999999904e+00,7.130118383620849543e-02
1.840318399999999910e+00,7.130118383620849543e-02
1.840457599999999916e+00,7.130118383620849543e-02
1.840596799999999922e+00,7.130118383620849543e-02
1.840735999999999928e+00,7.130118383620849543e-02
1.840875199999999934e+00,7.130118383620849543e-02
1.841014399999999940e+00,7.130118383620849543e-02
1.841153599999999946e+00,7.130118383620849543e-02
1.841292799999999952e+00,7.130118383620849543e-02
1.841431999999999958e+00,7.130118383620849543e-02
1.841571199999999964e+00,7.130118383620849543e-02
1.841710399999999970e+00,7.130118383620849543e-02
1.841849599999999976e+00,7.130118383620849543e-02
1.841988799999999982e+00,7.130118383620849543e-02
1.842000000000000082e+00,7.130118383620849543e-02
1.842140200000000005e+00,7.130118383620849543e-02
1.842280399999999929e+00,7.130118383620849543e-02
1.842420599999999853e+00,7.130118383620849543e-02
1.842560799999999777e+00,7.130118383620849543e-02
1.842700999999999700e+00,7.130118383620849543e-02
1.842841199999999624e+00,7.130118383620849543e-02
1.842981399999999548e+00,7.130118383620849543e-02
1.843121599999999471e+00,7.130118383620849543e-02
1.843261799999999395e+00,7.130118383620849543e-02
1.843401999999999319e+00,7.130118383620849543e-02
1.843542199999999243e+00,7.130118383620849543e-02
1.843682399999999166e+00,7.130118383620849543e-02
1.843822599999999090e+00,7.130118383620849543e-02
1.843962799999999014e+00,7.130118383620849543e-02
1.844009999999999927e+00,7.130118383620849543e-02
1.844150399999999967e+00,7.130118383620849543e-02
1.844290800000000008e+00,7.130118383620849543e-02
1.844431200000000048e+00,7.130118383620849543e-02
1.844571600000000089e+00,7.130118383620849543e-02
1.844712000000000129e+00,7.130118383620849543e-02
1.844852400000000170e+00,7.130118383620849543e-02
1.844992800000000210e+00,7.130118383620849543e-02
1.845133200000000251e+00,7.130118383620849543e-02
1.845273600000000291e+00,7.130118383620849543e-02
1.845414000000000332e+00,7.130118383620849543e-02
1.845554400000000372e+00,7.130118383620849543e-02
1.845694800000000413e+00,7.130118383620849543e-02
1.845835200000000453e+00,7.130118383620849543e-02
1.845975600000000494e+00,7.130118383620849543e-02
1.846030000000000060e+00,7.130118383620849543e-02
1.846170199999999983e+00,7.130118383620849543e-02
1.846310399999999907e+00,7.130118383620849543e-02
1.846450599999999831e+00,7.130118383620849543e-02
1.846590799999999755e+00,7.130118383620849543e-02
1.846730999999999678e+00,7.130118383620849543e-02
1.846871199999999602e+00,7.130118383620849543e-02
1.847011399999999526e+00,7.130118383620849543e-02
1.847151599999999450e+00,7.130118383620849543e-02
1.847291799999999373e+00,7.130118383620849543e-02
1.847431999999999297e+00,7.130118383620849543e-02
1.847572199999999221e+00,7.130118383620849543e-02
1.847712399999999144e+00,7.130118383620849543e-02
1.847852599999999068e+00,7.130118383620849543e-02
1.847992799999998992e+00,7.130118383620849543e-02
1.848039999999999905e+00,7.130118383620849543e-02
1.848179000000000016e+00,7.130118383620849543e-02
1.848318000000000128e+00,7.130118383620849543e-02
1.848457000000000239e+00,7.130118383620849543e-02
1.848596000000000350e+00,7.130118383620849543e-02
1.848735000000000461e+00,7.130118383620849543e-02
1.848874000000000573e+00,7.130118383620849543e-02
1.849013000000000684e+00,7.130118383620849543e-02
1.849152000000000795e+00,7.130118383620849543e-02
1.849291000000000906e+00,7.130118383620849543e-02
1.849430000000001018e+00,7.130118383620849543e-02
1.849569000000001129e+00,7.130118383620849543e-02
1.849708000000001240e+00,7.130118383620849543e-02
1.849847000000001351e+00,7.130118383620849543e-02
1.849986000000001463e+00,7.130118383620849543e-02
1.849990000000000023e+00,7.130118383620849543e-02
1.850130400000000064e+00,7.130118383620849543e-02
1.850270800000000104e+00,7.130118383620849543e-02
1.850411200000000145e+00,7.130118383620849543e-02
1.850551600000000185e+00,7.130118383620849543e-02
1.850692000000000226e+00,7.130118383620849543e-02
1.850832400000000266e+00,7.130118383620849543e-02
1.850972800000000307e+00,7.130118383620849543e-02
1.851113200000000347e+00,7.130118383620849543e-02
1.851253600000000388e+00,7.130118383620849543e-02
1.851394000000000428e+00,7.130118383620849543e-02
1.851534400000000469e+00,7.130118383620849543e-02
1.851674800000000509e+00,7.130118383620849543e-02
1.851815200000000550e+00,7.130118383620849543e-02
1.851955600000000590e+00,7.130118383620849543e-02
1.852009999999999934e+00,7.130118383620849543e-02
1.852150199999999858e+00,7.130118383620849543e-02
1.852290399999999781e+00,7.130118383620849543e-02
1.852430599999999705e+00,7.130118383620849543e-02
1.852570799999999629e+00,7.130118383620849543e-02
1.852710999999999553e+00,7.130118383620849543e-02
1.852851199999999476e+00,7.130118383620849543e-02
1.852991399999999400e+00,7.130118383620849543e-02
1.853131599999999324e+00,7.130118383620849543e-02
1.853271799999999248e+00,7.130118383620849543e-02
1.853411999999999171e+00,7.130118383620849543e-02
1.853552199999999095e+00,7.130118383620849543e-02
1.853692399999999019e+00,7.130118383620849543e-02
1.853832599999998942e+00,7.130118383620849543e-02
1.853972799999998866e+00,7.130118383620849543e-02
1.854020000000000001e+00,7.130118383620849543e-02
1.854160199999999925e+00,7.130118383620849543e-02
1.854300399999999849e+00,7.130118383620849543e-02
1.854440599999999773e+00,7.130118383620849543e-02
1.854580799999999696e+00,7.130118383620849543e-02
1.854720999999999620e+00,7.130118383620849543e-02
1.854861199999999544e+00,7.130118383620849543e-02
1.855001399999999467e+00,7.130118383620849543e-02
1.855141599999999391e+00,7.130118383620849543e-02
1.855281799999999315e+00,7.130118383620849543e-02
1.855421999999999239e+00,7.130118383620849543e-02
1.855562199999999162e+00,7.130118383620849543e-02
1.855702399999999086e+00,7.130118383620849543e-02
1.855842599999999010e+00,7.130118383620849543e-02
1.855982799999998933e+00,7.130118383620849543e-02
1.856030000000000069e+00,7.130118383620849543e-02
1.856169200000000075e+00,7.130118383620849543e-02
1.856308400000000081e+00,7.130118383620849543e-02
1.856447600000000087e+00,7.130118383620849543e-02
1.856586800000000093e+00,7.130118383620849543e-02
1.856726000000000099e+00,7.130118383620849543e-02
1.856865200000000105e+00,7.130118383620849543e-02
1.857004400000000111e+00,7.130118383620849543e-02
1.857143600000000117e+00,7.130118383620849543e-02
1.857282800000000123e+00,7.130118383620849543e-02
1.857422000000000128e+00,7.130118383620849543e-02
1.857561200000000134e+00,7.130118383620849543e-02
1.857700400000000140e+00,7.130118383620849543e-02
1.857839600000000146e+00,7.130118383620849543e-02
1.857978800000000152e+00,7.130118383620849543e-02
1.857990000000000030e+00,7.130118383620849543e-02
1.858130199999999954e+00,7.130118383620849543e-02
1.858270399999999878e+00,7.130118383620849543e-02
1.858410599999999802e+00,7.130118383620849543e-02
1.858550799999999725e+00,7.130118383620849543e-02
1.858690999999999649e+00,7.130118383620849543e-02
1.858831199999999573e+00,7.130118383620849543e-02
1.858971399999999496e+00,7.130118383620849543e-02
1.859111599999999420e+00,7.130118383620849543e-02
1.859251799999999344e+00,7.130118383620849543e-02
1.859391999999999268e+00,7.130118383620849543e-02
1.859532199999999191e+00,7.130118383620849543e-02
1.859672399999999115e+00,7.130118383620849543e-02
1.859812599999999039e+00,7.130118383620849543e-02
1.859952799999998962e+00,7.130118383620849543e-02
1.860000000000000098e+00,7.130118383620849543e-02
1.860140400000000138e+00,7.130118383620849543e-02
1.860280800000000179e+00,7.130118383620849543e-02
1.860421200000000219e+00,7.130118383620849543e-02
1.860561600000000260e+00,7.130118383620849543e-02
1.860702000000000300e+00,7.130118383620849543e-02
1.860842400000000341e+00,7.130118383620849543e-02
1.860982800000000381e+00,7.130118383620849543e-02
1.861123200000000422e+00,7.130118383620849543e-02
1.861263600000000462e+00,7.130118383620849543e-02
1.861404000000000503e+00,7.130118383620849543e-02
1.861544400000000543e+00,7.130118383620849543e-02
1.861684800000000584e+00,7.130118383620849543e-02
1.861825200000000624e+00,7.130118383620849543e-02
1.861965600000000665e+00,7.130118383620849543e-02
1.862020000000000008e+00,7.130118383620849543e-02
1.862160199999999932e+00,7.130118383620849543e-02
1.862300399999999856e+00,7.130118383620849543e-02
1.862440599999999780e+00,7.130118383620849543e-02
1.862580799999999703e+00,7.130118383620849543e-02
1.862720999999999627e+00,7.130118383620849543e-02
1.862861199999999551e+00,7.130118383620849543e-02
1.863001399999999474e+00,7.130118383620849543e-02
1.863141599999999398e+00,7.130118383620849543e-02
1.863281799999999322e+00,7.130118383620849543e-02
1.863421999999999246e+00,7.130118383620849543e-02
1.863562199999999169e+00,7.130118383620849543e-02
1.863702399999999093e+00,7.130118383620849543e-02
1.863842599999999017e+00,7.130118383620849543e-02
1.863982799999998941e+00,7.130118383620849543e-02
1.864030000000000076e+00,7.130118383620849543e-02
1.864170199999999999e+00,7.130118383620849543e-02
1.864310399999999923e+00,7.130118383620849543e-02
1.864450599999999847e+00,7.130118383620849543e-02
1.864590799999999771e+00,7.130118383620849543e-02
1.864730999999999694e+00,7.130118383620849543e-02
1.864871199999999618e+00,7.130118383620849543e-02
1.865011399999999542e+00,7.130118383620849543e-02
1.865151599999999465e+00,7.130118383620849543e-02
1.865291799999999389e+00,7.130118383620849543e-02
1.865431999999999313e+00,7.130118383620849543e-02
1.865572199999999237e+00,7.130118383620849543e-02
1.865712399999999160e+00,7.130118383620849543e-02
1.865852599999999084e+00,7.130118383620849543e-02
1.865992799999999008e+00,7.130118383620849543e-02
1.866039999999999921e+00,7.130118383620849543e-02
1.866179199999999927e+00,7.130118383620849543e-02
1.866318399999999933e+00,7.130118383620849543e-02
1.866457599999999939e+00,7.130118383620849543e-02
1.866596799999999945e+00,7.130118383620849543e-02
1.866735999999999951e+00,7.130118383620849543e-02
1.866875199999999957e+00,7.130118383620849543e-02
1.867014399999999963e+00,7.130118383620849543e-02
1.867153599999999969e+00,7.130118383620849543e-02
1.867292799999999975e+00,7.130118383620849543e-02
1.867431999999999981e+00,7.130118383620849543e-02
1.867571199999999987e+00,7.130118383620849543e-02
1.867710399999999993e+00,7.130118383620849543e-02
1.867849599999999999e+00,7.130118383620849543e-02
1.867988800000000005e+00,7.130118383620849543e-02
1.868000000000000105e+00,7.130118383620849543e-02
1.868140200000000029e+00,7.130118383620849543e-02
1.868280399999999952e+00,7.130118383620849543e-02
1.868420599999999876e+00,7.130118383620849543e-02
1.868560799999999800e+00,7.130118383620849543e-02
1.868700999999999723e+00,7.130118383620849543e-02
1.868841199999999647e+00,7.130118383620849543e-02
1.868981399999999571e+00,7.130118383620849543e-02
1.869121599999999495e+00,7.130118383620849543e-02
1.869261799999999418e+00,7.130118383620849543e-02
1.869401999999999342e+00,7.130118383620849543e-02
1.869542199999999266e+00,7.130118383620849543e-02
1.869682399999999189e+00,7.130118383620849543e-02
1.869822599999999113e+00,7.130118383620849543e-02
1.869962799999999037e+00,7.130118383620849543e-02
1.870009999999999950e+00,7.130118383620849543e-02
1.870150399999999991e+00,7.130118383620849543e-02
1.870290800000000031e+00,7.130118383620849543e-02
1.870431200000000072e+00,7.130118383620849543e-02
1.870571600000000112e+00,7.130118383620849543e-02
1.870712000000000153e+00,7.130118383620849543e-02
1.870852400000000193e+00,7.130118383620849543e-02
1.870992800000000233e+00,7.130118383620849543e-02
1.871133200000000274e+00,7.130118383620849543e-02
1.871273600000000314e+00,7.130118383620849543e-02
1.871414000000000355e+00,7.130118383620849543e-02
1.871554400000000395e+00,7.130118383620849543e-02
1.871694800000000436e+00,7.130118383620849543e-02
1.871835200000000476e+00,7.130118383620849543e-02
1.871975600000000517e+00,7.130118383620849543e-02
1.872030000000000083e+00,7.130118383620849543e-02
1.872170200000000007e+00,7.130118383620849543e-02
1.872310399999999930e+00,7.130118383620849543e-02
1.872450599999999854e+00,7.130118383620849543e-02
1.872590799999999778e+00,7.130118383620849543e-02
1.872730999999999701e+00,7.130118383620849543e-02
1.872871199999999625e+00,7.130118383620849543e-02
1.873011399999999549e+00,7.130118383620849543e-02
1.873151599999999473e+00,7.130118383620849543e-02
1.873291799999999396e+00,7.130118383620849543e-02
1.873431999999999320e+00,7.130118383620849543e-02
1.873572199999999244e+00,7.130118383620849543e-02
1.873712399999999167e+00,7.130118383620849543e-02
1.873852599999999091e+00,7.130118383620849543e-02
1.873992799999999015e+00,7.130118383620849543e-02
1.874039999999999928e+00,7.130118383620849543e-02
1.874179000000000039e+00,7.130118383620849543e-02
1.874318000000000151e+00,7.130118383620849543e-02
1.874457000000000262e+00,7.130118383620849543e-02
1.874596000000000373e+00,7.130118383620849543e-02
1.874735000000000484e+00,7.130118383620849543e-02
1.874874000000000596e+00,7.130118383620849543e-02
1.875013000000000707e+00,7.130118383620849543e-02
1.875152000000000818e+00,7.130118383620849543e-02
1.875291000000000929e+00,7.130118383620849543e-02
1.875430000000001041e+00,7.130118383620849543e-02
1.875569000000001152e+00,7.130118383620849543e-02
1.875708000000001263e+00,7.130118383620849543e-02
1.875847000000001374e+00,7.130118383620849543e-02
1.875986000000001486e+00,7.130118383620849543e-02
1.875990000000000046e+00,7.130118383620849543e-02
1.876130400000000087e+00,7.130118383620849543e-02
1.876270800000000127e+00,7.130118383620849543e-02
1.876411200000000168e+00,7.130118383620849543e-02
1.876551600000000208e+00,7.130118383620849543e-02
1.876692000000000249e+00,7.130118383620849543e-02
1.876832400000000289e+00,7.130118383620849543e-02
1.876972800000000330e+00,7.130118383620849543e-02
1.877113200000000370e+00,7.130118383620849543e-02
1.877253600000000411e+00,7.130118383620849543e-02
1.877394000000000451e+00,7.130118383620849543e-02
1.877534400000000492e+00,7.130118383620849543e-02
1.877674800000000532e+00,7.130118383620849543e-02
1.877815200000000573e+00,7.130118383620849543e-02
1.877955600000000613e+00,7.130118383620849543e-02
1.878009999999999957e+00,7.130118383620849543e-02
1.878150199999999881e+00,7.130118383620849543e-02
1.878290399999999805e+00,7.130118383620849543e-02
1.878430599999999728e+00,7.130118383620849543e-02
1.878570799999999652e+00,7.130118383620849543e-02
1.878710999999999576e+00,7.130118383620849543e-02
1.878851199999999499e+00,7.130118383620849543e-02
1.878991399999999423e+00,7.130118383620849543e-02
1.879131599999999347e+00,7.130118383620849543e-02
1.879271799999999271e+00,7.130118383620849543e-02
1.879411999999999194e+00,7.130118383620849543e-02
1.879552199999999118e+00,7.130118383620849543e-02
1.879692399999999042e+00,7.130118383620849543e-02
1.879832599999998966e+00,7.130118383620849543e-02
1.879972799999998889e+00,7.130118383620849543e-02
1.880020000000000024e+00,7.130118383620849543e-02
1.880160400000000065e+00,7.130118383620849543e-02
1.880300800000000105e+00,7.130118383620849543e-02
1.880441200000000146e+00,7.130118383620849543e-02
1.880581600000000186e+00,7.130118383620849543e-02
1.880722000000000227e+00,7.130118383620849543e-02
1.880862400000000267e+00,7.130118383620849543e-02
1.881002800000000308e+00,7.130118383620849543e-02
1.881143200000000348e+00,7.130118383620849543e-02
1.881283600000000389e+00,7.130118383620849543e-02
1.881424000000000429e+00,7.130118383620849543e-02
1.881564400000000470e+00,7.130118383620849543e-02
1.881704800000000510e+00,7.130118383620849543e-02
1.881845200000000551e+00,7.130118383620849543e-02
1.881985600000000591e+00,7.130118383620849543e-02
1.882039999999999935e+00,7.130118383620849543e-02
1.882179000000000046e+00,7.130118383620849543e-02
1.882318000000000158e+00,7.130118383620849543e-02
1.882457000000000269e+00,7.130118383620849543e-02
1.882596000000000380e+00,7.130118383620849543e-02
1.882735000000000491e+00,7.130118383620849543e-02
1.882874000000000603e+00,7.130118383620849543e-02
1.883013000000000714e+00,7.130118383620849543e-02
1.883152000000000825e+00,7.130118383620849543e-02
1.883291000000000937e+00,7.130118383620849543e-02
1.883430000000001048e+00,7.130118383620849543e-02
1.883569000000001159e+00,7.130118383620849543e-02
1.883708000000001270e+00,7.130118383620849543e-02
1.883847000000001382e+00,7.130118383620849543e-02
1.883986000000001493e+00,7.130118383620849543e-02
1.883990000000000054e+00,7.130118383620849543e-02
1.884130199999999977e+00,7.130118383620849543e-02
1.884270399999999901e+00,7.130118383620849543e-02
1.884410599999999825e+00,7.130118383620849543e-02
1.884550799999999748e+00,7.130118383620849543e-02
1.884690999999999672e+00,7.130118383620849543e-02
1.884831199999999596e+00,7.130118383620849543e-02
1.884971399999999520e+00,7.130118383620849543e-02
1.885111599999999443e+00,7.130118383620849543e-02
1.885251799999999367e+00,7.130118383620849543e-02
1.885391999999999291e+00,7.130118383620849543e-02
1.885532199999999214e+00,7.130118383620849543e-02
1.885672399999999138e+00,7.130118383620849543e-02
1.885812599999999062e+00,7.130118383620849543e-02
1.885952799999998986e+00,7.130118383620849543e-02
1.885999999999999899e+00,7.130118383620849543e-02
1.886140399999999939e+00,7.130118383620849543e-02
1.886280799999999980e+00,7.130118383620849543e-02
1.886421200000000020e+00,7.130118383620849543e-02
1.886561600000000061e+00,7.130118383620849543e-02
1.886702000000000101e+00,7.130118383620849543e-02
1.886842400000000142e+00,7.130118383620849543e-02
1.886982800000000182e+00,7.130118383620849543e-02
1.887123200000000223e+00,7.130118383620849543e-02
1.887263600000000263e+00,7.130118383620849543e-02
1.887404000000000304e+00,7.130118383620849543e-02
1.887544400000000344e+00,7.130118383620849543e-02
1.887684800000000385e+00,7.130118383620849543e-02
1.887825200000000425e+00,7.130118383620849543e-02
1.887965600000000466e+00,7.130118383620849543e-02
1.888020000000000032e+00,7.130118383620849543e-02
1.888160199999999955e+00,7.130118383620849543e-02
1.888300399999999879e+00,7.130118383620849543e-02
1.888440599999999803e+00,7.130118383620849543e-02
1.888580799999999726e+00,7.130118383620849543e-02
1.888720999999999650e+00,7.130118383620849543e-02
1.888861199999999574e+00,7.130118383620849543e-02
1.889001399999999498e+00,7.130118383620849543e-02
1.889141599999999421e+00,7.130118383620849543e-02
1.889281799999999345e+00,7.130118383620849543e-02
1.889421999999999269e+00,7.130118383620849543e-02
1.889562199999999192e+00,7.130118383620849543e-02
1.889702399999999116e+00,7.130118383620849543e-02
1.889842599999999040e+00,7.130118383620849543e-02
1.889982799999998964e+00,7.130118383620849543e-02
1.890030000000000099e+00,7.130118383620849543e-02
1.890170400000000139e+00,7.130118383620849543e-02
1.890310800000000180e+00,7.130118383620849543e-02
1.890451200000000220e+00,7.130118383620849543e-02
1.890591600000000261e+00,7.130118383620849543e-02
1.890732000000000301e+00,7.130118383620849543e-02
1.890872400000000342e+00,7.130118383620849543e-02
1.891012800000000382e+00,7.130118383620849543e-02
1.891153200000000423e+00,7.130118383620849543e-02
1.891293600000000463e+00,7.130118383620849543e-02
1.891434000000000504e+00,7.130118383620849543e-02
1.891574400000000544e+00,7.130118383620849543e-02
1.891714800000000585e+00,7.130118383620849543e-02
1.891855200000000625e+00,7.130118383620849543e-02
1.891995600000000666e+00,7.130118383620849543e-02
1.892050000000000010e+00,7.130118383620849543e-02
1.892188999999999899e+00,7.130118383620849543e-02
1.892327999999999788e+00,7.130118383620849543e-02
1.892466999999999677e+00,7.130118383620849543e-02
1.892605999999999566e+00,7.130118383620849543e-02
1.892744999999999456e+00,7.130118383620849543e-02
1.892883999999999345e+00,7.130118383620849543e-02
1.893022999999999234e+00,7.130118383620849543e-02
1.893161999999999123e+00,7.130118383620849543e-02
1.893300999999999013e+00,7.130118383620849543e-02
1.893439999999998902e+00,7.130118383620849543e-02
1.893578999999998791e+00,7.130118383620849543e-02
1.893717999999998680e+00,7.130118383620849543e-02
1.893856999999998569e+00,7.130118383620849543e-02
1.893995999999998459e+00,7.130118383620849543e-02
1.893999999999999906e+00,7.130118383620849543e-02
1.894140199999999830e+00,7.130118383620849543e-02
1.894280399999999753e+00,7.130118383620849543e-02
1.894420599999999677e+00,7.130118383620849543e-02
1.894560799999999601e+00,7.130118383620849543e-02
1.894700999999999524e+00,7.130118383620849543e-02
1.894841199999999448e+00,7.130118383620849543e-02
1.894981399999999372e+00,7.130118383620849543e-02
1.895121599999999296e+00,7.130118383620849543e-02
1.895261799999999219e+00,7.130118383620849543e-02
1.895401999999999143e+00,7.130118383620849543e-02
1.895542199999999067e+00,7.130118383620849543e-02
1.895682399999998990e+00,7.130118383620849543e-02
1.895822599999998914e+00,7.130118383620849543e-02
1.895962799999998838e+00,7.130118383620849543e-02
1.896009999999999973e+00,7.130118383620849543e-02
1.896150400000000014e+00,7.130118383620849543e-02
1.896290800000000054e+00,7.130118383620849543e-02
1.896431200000000095e+00,7.130118383620849543e-02
1.896571600000000135e+00,7.130118383620849543e-02
1.896712000000000176e+00,7.130118383620849543e-02
1.896852400000000216e+00,7.130118383620849543e-02
1.896992800000000257e+00,7.130118383620849543e-02
1.897133200000000297e+00,7.130118383620849543e-02
1.897273600000000338e+00,7.130118383620849543e-02
1.897414000000000378e+00,7.130118383620849543e-02
1.897554400000000419e+00,7.130118383620849543e-02
1.897694800000000459e+00,7.130118383620849543e-02
1.897835200000000500e+00,7.130118383620849543e-02
1.897975600000000540e+00,7.130118383620849543e-02
1.898030000000000106e+00,7.130118383620849543e-02
1.898170200000000030e+00,7.130118383620849543e-02
1.898310399999999953e+00,7.130118383620849543e-02
1.898450599999999877e+00,7.130118383620849543e-02
1.898590799999999801e+00,7.130118383620849543e-02
1.898730999999999725e+00,7.130118383620849543e-02
1.898871199999999648e+00,7.130118383620849543e-02
1.899011399999999572e+00,7.130118383620849543e-02
1.899151599999999496e+00,7.130118383620849543e-02
1.899291799999999419e+00,7.130118383620849543e-02
1.899431999999999343e+00,7.130118383620849543e-02
1.899572199999999267e+00,7.130118383620849543e-02
1.899712399999999191e+00,7.130118383620849543e-02
1.899852599999999114e+00,7.130118383620849543e-02
1.899992799999999038e+00,7.130118383620849543e-02
1.900039999999999951e+00,7.130118383620849543e-02
1.900179000000000062e+00,7.130118383620849543e-02
1.900318000000000174e+00,7.130118383620849543e-02
1.900457000000000285e+00,7.130118383620849543e-02
1.900596000000000396e+00,7.130118383620849543e-02
1.900735000000000507e+00,7.130118383620849543e-02
1.900874000000000619e+00,7.130118383620849543e-02
1.901013000000000730e+00,7.130118383620849543e-02
1.901152000000000841e+00,7.130118383620849543e-02
1.901291000000000952e+00,7.130118383620849543e-02
1.901430000000001064e+00,7.130118383620849543e-02
1.901569000000001175e+00,7.130118383620849543e-02
1.901708000000001286e+00,7.130118383620849543e-02
1.901847000000001398e+00,7.130118383620849543e-02
1.901986000000001509e+00,7.130118383620849543e-02
1.901990000000000069e+00,7.130118383620849543e-02
1.902130400000000110e+00,7.130118383620849543e-02
1.902270800000000150e+00,7.130118383620849543e-02
1.902411200000000191e+00,7.130118383620849543e-02
1.902551600000000231e+00,7.130118383620849543e-02
1.902692000000000272e+00,7.130118383620849543e-02
1.902832400000000312e+00,7.130118383620849543e-02
1.902972800000000353e+00,7.130118383620849543e-02
1.903113200000000393e+00,7.130118383620849543e-02
1.903253600000000434e+00,7.130118383620849543e-02
1.903394000000000474e+00,7.130118383620849543e-02
1.903534400000000515e+00,7.130118383620849543e-02
1.903674800000000555e+00,7.130118383620849543e-02
1.903815200000000596e+00,7.130118383620849543e-02
1.903955600000000636e+00,7.130118383620849543e-02
1.904009999999999980e+00,7.130118383620849543e-02
1.904150199999999904e+00,7.130118383620849543e-02
1.904290399999999828e+00,7.130118383620849543e-02
1.904430599999999751e+00,7.130118383620849543e-02
1.904570799999999675e+00,7.130118383620849543e-02
1.904710999999999599e+00,7.130118383620849543e-02
1.904851199999999523e+00,7.130118383620849543e-02
1.904991399999999446e+00,7.130118383620849543e-02
1.905131599999999370e+00,7.130118383620849543e-02
1.905271799999999294e+00,7.130118383620849543e-02
1.905411999999999217e+00,7.130118383620849543e-02
1.905552199999999141e+00,7.130118383620849543e-02
1.905692399999999065e+00,7.130118383620849543e-02
1.905832599999998989e+00,7.130118383620849543e-02
1.905972799999998912e+00,7.130118383620849543e-02
1.906020000000000048e+00,7.130118383620849543e-02
1.906160400000000088e+00,7.130118383620849543e-02
1.906300800000000129e+00,7.130118383620849543e-02
1.906441200000000169e+00,7.130118383620849543e-02
1.906581600000000210e+00,7.130118383620849543e-02
1.906722000000000250e+00,7.130118383620849543e-02
1.906862400000000290e+00,7.130118383620849543e-02
1.907002800000000331e+00,7.130118383620849543e-02
1.907143200000000371e+00,7.130118383620849543e-02
1.907283600000000412e+00,7.130118383620849543e-02
1.907424000000000452e+00,7.130118383620849543e-02
1.907564400000000493e+00,7.130118383620849543e-02
1.907704800000000533e+00,7.130118383620849543e-02
1.907845200000000574e+00,7.130118383620849543e-02
1.907985600000000614e+00,7.130118383620849543e-02
1.908039999999999958e+00,7.130118383620849543e-02
1.908179000000000070e+00,7.130118383620849543e-02
1.908318000000000181e+00,7.130118383620849543e-02
1.908457000000000292e+00,7.130118383620849543e-02
1.908596000000000403e+00,7.130118383620849543e-02
1.908735000000000515e+00,7.130118383620849543e-02
1.908874000000000626e+00,7.130118383620849543e-02
1.909013000000000737e+00,7.130118383620849543e-02
1.909152000000000848e+00,7.130118383620849543e-02
1.909291000000000960e+00,7.130118383620849543e-02
1.909430000000001071e+00,7.130118383620849543e-02
1.909569000000001182e+00,7.130118383620849543e-02
1.909708000000001293e+00,7.130118383620849543e-02
1.909847000000001405e+00,7.130118383620849543e-02
1.909986000000001516e+00,7.130118383620849543e-02
1.909990000000000077e+00,7.130118383620849543e-02
1.910130200000000000e+00,7.130118383620849543e-02
1.910270399999999924e+00,7.130118383620849543e-02
1.910410599999999848e+00,7.130118383620849543e-02
1.910550799999999771e+00,7.130118383620849543e-02
1.910690999999999695e+00,7.130118383620849543e-02
1.910831199999999619e+00,7.130118383620849543e-02
1.910971399999999543e+00,7.130118383620849543e-02
1.911111599999999466e+00,7.130118383620849543e-02
1.911251799999999390e+00,7.130118383620849543e-02
1.911391999999999314e+00,7.130118383620849543e-02
1.911532199999999238e+00,7.130118383620849543e-02
1.911672399999999161e+00,7.130118383620849543e-02
1.911812599999999085e+00,7.130118383620849543e-02
1.911952799999999009e+00,7.130118383620849543e-02
1.911999999999999922e+00,7.130118383620849543e-02
1.912140399999999962e+00,7.130118383620849543e-02
1.912280800000000003e+00,7.130118383620849543e-02
1.912421200000000043e+00,7.130118383620849543e-02
1.912561600000000084e+00,7.130118383620849543e-02
1.912702000000000124e+00,7.130118383620849543e-02
1.912842400000000165e+00,7.130118383620849543e-02
1.912982800000000205e+00,7.130118383620849543e-02
1.913123200000000246e+00,7.130118383620849543e-02
1.913263600000000286e+00,7.130118383620849543e-02
1.913404000000000327e+00,7.130118383620849543e-02
1.913544400000000367e+00,7.130118383620849543e-02
1.913684800000000408e+00,7.130118383620849543e-02
1.913825200000000448e+00,7.130118383620849543e-02
1.913965600000000489e+00,7.130118383620849543e-02
1.914020000000000055e+00,7.130118383620849543e-02
1.914160199999999978e+00,7.130118383620849543e-02
1.914300399999999902e+00,7.130118383620849543e-02
1.914440599999999826e+00,7.130118383620849543e-02
1.914580799999999750e+00,7.130118383620849543e-02
1.914720999999999673e+00,7.130118383620849543e-02
1.914861199999999597e+00,7.130118383620849543e-02
1.915001399999999521e+00,7.130118383620849543e-02
1.915141599999999444e+00,7.130118383620849543e-02
1.915281799999999368e+00,7.130118383620849543e-02
1.915421999999999292e+00,7.130118383620849543e-02
1.915562199999999216e+00,7.130118383620849543e-02
1.915702399999999139e+00,7.130118383620849543e-02
1.915842599999999063e+00,7.130118383620849543e-02
1.915982799999998987e+00,7.130118383620849543e-02
1.916029999999999900e+00,7.130118383620849543e-02
1.916170399999999940e+00,7.130066019944997224e-02
1.916310799999999981e+00,7.130013655554068297e-02
1.916451200000000021e+00,7.129961290448125211e-02
1.916591600000000062e+00,7.129908924627227640e-02
1.916732000000000102e+00,7.129856558091438035e-02
1.916872400000000143e+00,7.129804190840816069e-02
1.917012800000000183e+00,7.129751822875422806e-02
1.917153200000000224e+00,7.129699454195319308e-02
1.917293600000000264e+00,7.129647084800568024e-02
1.917434000000000305e+00,7.129594714691228630e-02
1.917574400000000345e+00,7.129542343867362186e-02
1.917714800000000386e+00,7.129489972329028369e-02
1.917855200000000426e+00,7.129437600076289627e-02
1.917995600000000467e+00,7.129385227109207024e-02
1.918050000000000033e+00,7.129364934257638453e-02
1.918188999999999922e+00,7.129313082550091385e-02
1.918327999999999811e+00,7.129261230142107386e-02
1.918466999999999700e+00,7.129209377033743356e-02
1.918605999999999590e+00,7.129157523225060356e-02
1.918744999999999479e+00,7.129105668716118061e-02
1.918883999999999368e+00,7.129053813506973369e-02
1.919022999999999257e+00,7.129001957597685957e-02
1.919161999999999146e+00,7.128950100988315497e-02
1.919300999999999036e+00,7.128898243678921665e-02
1.919439999999998925e+00,7.128846385669562746e-02
1.919578999999998814e+00,7.128794526960298417e-02
1.919717999999998703e+00,7.128742667551185574e-02
1.919856999999998592e+00,7.128690807442285282e-02
1.919995999999998482e+00,7.128638946633657214e-02
1.919999999999999929e+00,7.128637454225938974e-02
1.920140199999999853e+00,7.128585144968660470e-02
1.920280399999999776e+00,7.128532834999271040e-02
1.920420599999999700e+00,7.128480524317830358e-02
1.920560799999999624e+00,7.128428212924398100e-02
1.920700999999999548e+00,7.128375900819035327e-02
1.920841199999999471e+00,7.128323588001803102e-02
1.920981399999999395e+00,7.128271274472762487e-02
1.921121599999999319e+00,7.128218960231973156e-02
1.921261799999999242e+00,7.128166645279496172e-02
1.921401999999999166e+00,7.128114329615391209e-02
1.921542199999999090e+00,7.128062013239719330e-02
1.921682399999999014e+00,7.128009696152541597e-02
1.921822599999998937e+00,7.127957378353917683e-02
1.921962799999998861e+00,7.127905059843908653e-02
1.922009999999999996e+00,7.127887446034393559e-02
1.922150400000000037e+00,7.127835051937247979e-02
1.922290800000000077e+00,7.127782657126451038e-02
1.922431200000000118e+00,7.127730261602063799e-02
1.922571600000000158e+00,7.127677865364148713e-02
1.922712000000000199e+00,7.127625468412765453e-02
1.922852400000000239e+00,7.127573070747973694e-02
1.922992800000000280e+00,7.127520672369835886e-02
1.923133200000000320e+00,7.127468273278411703e-02
1.923273600000000361e+00,7.127415873473762209e-02
1.923414000000000401e+00,7.127363472955947077e-02
1.923554400000000442e+00,7.127311071725028757e-02
1.923694800000000482e+00,7.127258669781068312e-02
1.923835200000000523e+00,7.127206267124125416e-02
1.923975600000000563e+00,7.127153863754261132e-02
1.924029999999999907e+00,7.127133559123217943e-02
1.924170199999999831e+00,7.127081229414510000e-02
1.924310399999999754e+00,7.127028898994670902e-02
1.924450599999999678e+00,7.126976567863761713e-02
1.924590799999999602e+00,7.126924236021842107e-02
1.924730999999999526e+00,7.126871903468973146e-02
1.924871199999999449e+00,7.126819570205215892e-02
1.925011399999999373e+00,7.126767236230630020e-02
1.925151599999999297e+00,7.126714901545276593e-02
1.925291799999999220e+00,7.126662566149215283e-02
1.925431999999999144e+00,7.126610230042507155e-02
1.925572199999999068e+00,7.126557893225211882e-02
1.925712399999998992e+00,7.126505555697389138e-02
1.925852599999998915e+00,7.126453217459101375e-02
1.925992799999998839e+00,7.126400878510406878e-02
1.926039999999999974e+00,7.126383257820270711e-02
1.926179199999999980e+00,7.126331291247293975e-02
1.926318399999999986e+00,7.126279323973724877e-02
1.926457599999999992e+00,7.126227355999621704e-02
1.926596799999999998e+00,7.126175387325044130e-02
1.926736000000000004e+00,7.126123417950051830e-02
1.926875200000000010e+00,7.126071447874701703e-02
1.927014400000000016e+00,7.126019477099054811e-02
1.927153600000000022e+00,7.125967505623169440e-02
1.927292800000000028e+00,7.125915533447105266e-02
1.927432000000000034e+00,7.125863560570920574e-02
1.927571200000000040e+00,7.125811586994673652e-02
1.927710400000000046e+00,7.125759612718424174e-02
1.927849600000000052e+00,7.125707637742231815e-02
1.927988800000000058e+00,7.125655662066156248e-02
1.927999999999999936e+00,7.125651480084872758e-02
1.928140199999999860e+00,7.125599130255916291e-02
1.928280399999999783e+00,7.125546779716808443e-02
1.928420599999999707e+00,7.125494428467608887e-02
1.928560799999999631e+00,7.125442076508377298e-02
1.928700999999999555e+00,7.125389723839174738e-02
1.928841199999999478e+00,7.125337370460062270e-02
1.928981399999999402e+00,7.125285016371098179e-02
1.929121599999999326e+00,7.125232661572344917e-02
1.929261799999999250e+00,7.125180306063860769e-02
1.929401999999999173e+00,7.125127949845706798e-02
1.929542199999999097e+00,7.125075592917944067e-02
1.929682399999999021e+00,7.125023235280632250e-02
1.929822599999998944e+00,7.124970876933829633e-02
1.929962799999998868e+00,7.124918517877600055e-02
1.930010000000000003e+00,7.124900890418323085e-02
1.930150199999999927e+00,7.124848530413567527e-02
1.930290399999999851e+00,7.124796169699171289e-02
1.930430599999999774e+00,7.124743808275195434e-02
1.930570799999999698e+00,7.124691446141698248e-02
1.930710999999999622e+00,7.124639083298740794e-02
1.930851199999999546e+00,7.124586719746384134e-02
1.930991399999999469e+00,7.124534355484687942e-02
1.931131599999999393e+00,7.124481990513711893e-02
1.931271799999999317e+00,7.124429624833515662e-02
1.931411999999999241e+00,7.124377258444161698e-02
1.931552199999999164e+00,7.124324891345706900e-02
1.931692399999999088e+00,7.124272523538213719e-02
1.931832599999999012e+00,7.124220155021741829e-02
1.931972799999998935e+00,7.124167785796350905e-02
1.932020000000000071e+00,7.124150154913659605e-02
1.932160400000000111e+00,7.124097710032128994e-02
1.932300800000000152e+00,7.124045264439460290e-02
1.932441200000000192e+00,7.123992818135717331e-02
1.932581600000000233e+00,7.123940371120958404e-02
1.932722000000000273e+00,7.123887923395244570e-02
1.932862400000000314e+00,7.123835474958635505e-02
1.933002800000000354e+00,7.123783025811192271e-02
1.933143200000000395e+00,7.123730575952974542e-02
1.933283600000000435e+00,7.123678125384043380e-02
1.933424000000000476e+00,7.123625674104458461e-02
1.933564400000000516e+00,7.123573222114280845e-02
1.933704800000000557e+00,7.123520769413570208e-02
1.933845200000000597e+00,7.123468316002387613e-02
1.933985600000000638e+00,7.123415861880791344e-02
1.934039999999999981e+00,7.123395537586149628e-02
1.934179000000000093e+00,7.123343605538670631e-02
1.934318000000000204e+00,7.123291672794557217e-02
1.934457000000000315e+00,7.123239739353867672e-02
1.934596000000000426e+00,7.123187805216661672e-02
1.934735000000000538e+00,7.123135870382997503e-02
1.934874000000000649e+00,7.123083934852933452e-02
1.935013000000000760e+00,7.123031998626527805e-02
1.935152000000000871e+00,7.122980061703838850e-02
1.935291000000000983e+00,7.122928124084926260e-02
1.935430000000001094e+00,7.122876185769846935e-02
1.935569000000001205e+00,7.122824246758659161e-02
1.935708000000001316e+00,7.122772307051422613e-02
1.935847000000001428e+00,7.122720366648195578e-02
1.935986000000001539e+00,7.122668425549036342e-02
1.935990000000000100e+00,7.122666930830898191e-02
1.936130400000000140e+00,7.122614465857110555e-02
1.936270800000000181e+00,7.122562000173224273e-02
1.936411200000000221e+00,7.122509533779299018e-02
1.936551600000000262e+00,7.122457066675394466e-02
1.936692000000000302e+00,7.122404598861570291e-02
1.936832400000000343e+00,7.122352130337887555e-02
1.936972800000000383e+00,7.122299661104405932e-02
1.937113200000000424e+00,7.122247191161186486e-02
1.937253600000000464e+00,7.122194720508287502e-02
1.937394000000000505e+00,7.122142249145771431e-02
1.937534400000000545e+00,7.122089777073697947e-02
1.937674800000000586e+00,7.122037304292125337e-02
1.937815200000000626e+00,7.121984830801116051e-02
1.937955600000000667e+00,7.121932356600728375e-02
1.938010000000000010e+00,7.121912024526627638e-02
1.938150199999999934e+00,7.121859624093238028e-02
1.938290399999999858e+00,7.121807222952286631e-02
1.938430599999999782e+00,7.121754821103831734e-02
1.938570799999999705e+00,7.121702418547934399e-02
1.938710999999999629e+00,7.121650015284654300e-02
1.938851199999999553e+00,7.121597611314051113e-02
1.938991399999999476e+00,7.121545206636184511e-02
1.939131599999999400e+00,7.121492801251112781e-02
1.939271799999999324e+00,7.121440395158896985e-02
1.939411999999999248e+00,7.121387988359598187e-02
1.939552199999999171e+00,7.121335580853276059e-02
1.939692399999999095e+00,7.121283172639988890e-02
1.939832599999999019e+00,7.121230763719797741e-02
1.939972799999998943e+00,7.121178354092760898e-02
1.940020000000000078e+00,7.121160709608992390e-02
1.940160200000000001e+00,7.121108299036921219e-02
1.940300399999999925e+00,7.121055887757829495e-02
1.940440599999999849e+00,7.121003475771776892e-02
1.940580799999999773e+00,7.120951063078823084e-02
1.940720999999999696e+00,7.120898649679027748e-02
1.940861199999999620e+00,7.120846235572450555e-02
1.941001399999999544e+00,7.120793820759152570e-02
1.941141599999999467e+00,7.120741405239192079e-02
1.941281799999999391e+00,7.120688989012628756e-02
1.941421999999999315e+00,7.120636572079522275e-02
1.941562199999999239e+00,7.120584154439933700e-02
1.941702399999999162e+00,7.120531736093921316e-02
1.941842599999999086e+00,7.120479317041546186e-02
1.941982799999999010e+00,7.120426897282867984e-02
1.942029999999999923e+00,7.120409249388318096e-02
1.942169199999999929e+00,7.120409249388318096e-02
1.942308399999999935e+00,7.120409249388318096e-02
1.942447599999999941e+00,7.120409249388318096e-02
1.942586799999999947e+00,7.120409249388318096e-02
1.942725999999999953e+00,7.120409249388318096e-02
1.942865199999999959e+00,7.120409249388318096e-02
1.943004399999999965e+00,7.120409249388318096e-02
1.943143599999999971e+00,7.120409249388318096e-02
1.943282799999999977e+00,7.120409249388318096e-02
1.943421999999999983e+00,7.120409249388318096e-02
1.943561199999999989e+00,7.120409249388318096e-02
1.943700399999999995e+00,7.120409249388318096e-02
1.943839600000000001e+00,7.120409249388318096e-02
1.943978800000000007e+00,7.120409249388318096e-02
1.943990000000000107e+00,7.120409249388318096e-02
1.944130200000000031e+00,7.120409249388318096e-02
1.944270399999999954e+00,7.120409249388318096e-02
1.944410599999999878e+00,7.120409249388318096e-02
1.944550799999999802e+00,7.120409249388318096e-02
1.944690999999999725e+00,7.120409249388318096e-02
1.944831199999999649e+00,7.120409249388318096e-02
1.944971399999999573e+00,7.120409249388318096e-02
1.945111599999999497e+00,7.120409249388318096e-02
1.945251799999999420e+00,7.120409249388318096e-02
1.945391999999999344e+00,7.120409249388318096e-02
1.945532199999999268e+00,7.120409249388318096e-02
1.945672399999999191e+00,7.120409249388318096e-02
1.945812599999999115e+00,7.120409249388318096e-02
1.945952799999999039e+00,7.120409249388318096e-02
1.945999999999999952e+00,7.120409249388318096e-02
1.946140199999999876e+00,7.120409249388318096e-02
1.946280399999999799e+00,7.120409249388318096e-02
1.946420599999999723e+00,7.120409249388318096e-02
1.946560799999999647e+00,7.120409249388318096e-02
1.946700999999999571e+00,7.120409249388318096e-02
1.946841199999999494e+00,7.120409249388318096e-02
1.946981399999999418e+00,7.120409249388318096e-02
1.947121599999999342e+00,7.120409249388318096e-02
1.947261799999999266e+00,7.120409249388318096e-02
1.947401999999999189e+00,7.120409249388318096e-02
1.947542199999999113e+00,7.120409249388318096e-02
1.947682399999999037e+00,7.120409249388318096e-02
1.947822599999998960e+00,7.120409249388318096e-02
1.947962799999998884e+00,7.120409249388318096e-02
1.948010000000000019e+00,7.120409249388318096e-02
1.948150400000000060e+00,7.120409249388318096e-02
1.948290800000000100e+00,7.120409249388318096e-02
1.948431200000000141e+00,7.120409249388318096e-02
1.948571600000000181e+00,7.120409249388318096e-02
1.948712000000000222e+00,7.120409249388318096e-02
1.948852400000000262e+00,7.120409249388318096e-02
1.948992800000000303e+00,7.120409249388318096e-02
1.949133200000000343e+00,7.120409249388318096e-02
1.949273600000000384e+00,7.120409249388318096e-02
1.949414000000000424e+00,7.120409249388318096e-02
1.949554400000000465e+00,7.120409249388318096e-02
1.949694800000000505e+00,7.120409249388318096e-02
1.949835200000000546e+00,7.120409249388318096e-02
1.949975600000000586e+00,7.120409249388318096e-02
1.950029999999999930e+00,7.120409249388318096e-02
1.950170199999999854e+00,7.120409249388318096e-02
1.950310399999999778e+00,7.120409249388318096e-02
1.950450599999999701e+00,7.120409249388318096e-02
1.950590799999999625e+00,7.120409249388318096e-02
1.950730999999999549e+00,7.120409249388318096e-02
1.950871199999999472e+00,7.120409249388318096e-02
1.951011399999999396e+00,7.120409249388318096e-02
1.951151599999999320e+00,7.120409249388318096e-02
1.951291799999999244e+00,7.120409249388318096e-02
1.951431999999999167e+00,7.120409249388318096e-02
1.951572199999999091e+00,7.120409249388318096e-02
1.951712399999999015e+00,7.120409249388318096e-02
1.951852599999998938e+00,7.120409249388318096e-02
1.951992799999998862e+00,7.120409249388318096e-02
1.952039999999999997e+00,7.120409249388318096e-02
1.952179200000000003e+00,7.120409249388318096e-02
1.952318400000000009e+00,7.120409249388318096e-02
1.952457600000000015e+00,7.120409249388318096e-02
1.952596800000000021e+00,7.120409249388318096e-02
1.952736000000000027e+00,7.120409249388318096e-02
1.952875200000000033e+00,7.120409249388318096e-02
1.953014400000000039e+00,7.120409249388318096e-02
1.953153600000000045e+00,7.120409249388318096e-02
1.953292800000000051e+00,7.120409249388318096e-02
1.953432000000000057e+00,7.120409249388318096e-02
1.953571200000000063e+00,7.120409249388318096e-02
1.953710400000000069e+00,7.120409249388318096e-02
1.953849600000000075e+00,7.120409249388318096e-02
1.953988800000000081e+00,7.120409249388318096e-02
1.953999999999999959e+00,7.120409249388318096e-02
1.954140199999999883e+00,7.120409249388318096e-02
1.954280399999999807e+00,7.120409249388318096e-02
1.954420599999999730e+00,7.120409249388318096e-02
1.954560799999999654e+00,7.120409249388318096e-02
1.954700999999999578e+00,7.120409249388318096e-02
1.954841199999999501e+00,7.120409249388318096e-02
1.954981399999999425e+00,7.120409249388318096e-02
1.955121599999999349e+00,7.120409249388318096e-02
1.955261799999999273e+00,7.120409249388318096e-02
1.955401999999999196e+00,7.120409249388318096e-02
1.955542199999999120e+00,7.120409249388318096e-02
1.955682399999999044e+00,7.120409249388318096e-02
1.955822599999998967e+00,7.120409249388318096e-02
1.955962799999998891e+00,7.120409249388318096e-02
1.956010000000000026e+00,7.120409249388318096e-02
1.956150199999999950e+00,7.120409249388318096e-02
1.956290399999999874e+00,7.120409249388318096e-02
1.956430599999999798e+00,7.120409249388318096e-02
1.956570799999999721e+00,7.120409249388318096e-02
1.956710999999999645e+00,7.120409249388318096e-02
1.956851199999999569e+00,7.120409249388318096e-02
1.956991399999999492e+00,7.120409249388318096e-02
1.957131599999999416e+00,7.120409249388318096e-02
1.957271799999999340e+00,7.120409249388318096e-02
1.957411999999999264e+00,7.120409249388318096e-02
1.957552199999999187e+00,7.120409249388318096e-02
1.957692399999999111e+00,7.120409249388318096e-02
1.957832599999999035e+00,7.120409249388318096e-02
1.957972799999998958e+00,7.120409249388318096e-02
1.958020000000000094e+00,7.120409249388318096e-02
1.958160400000000134e+00,7.120409249388318096e-02
1.958300800000000175e+00,7.120409249388318096e-02
1.958441200000000215e+00,7.120409249388318096e-02
1.958581600000000256e+00,7.120409249388318096e-02
1.958722000000000296e+00,7.120409249388318096e-02
1.958862400000000337e+00,7.120409249388318096e-02
1.959002800000000377e+00,7.120409249388318096e-02
1.959143200000000418e+00,7.120409249388318096e-02
1.959283600000000458e+00,7.120409249388318096e-02
1.959424000000000499e+00,7.120409249388318096e-02
1.959564400000000539e+00,7.120409249388318096e-02
1.959704800000000580e+00,7.120409249388318096e-02
1.959845200000000620e+00,7.120409249388318096e-02
1.959985600000000661e+00,7.120409249388318096e-02
1.960040000000000004e+00,7.120409249388318096e-02
1.960178999999999894e+00,7.120409249388318096e-02
1.960317999999999783e+00,7.120409249388318096e-02
1.960456999999999672e+00,7.120409249388318096e-02
1.960595999999999561e+00,7.120409249388318096e-02
1.960734999999999451e+00,7.120409249388318096e-02
1.960873999999999340e+00,7.120409249388318096e-02
1.961012999999999229e+00,7.120409249388318096e-02
1.961151999999999118e+00,7.120409249388318096e-02
1.961290999999999007e+00,7.120409249388318096e-02
1.961429999999998897e+00,7.120409249388318096e-02
1.961568999999998786e+00,7.120409249388318096e-02
1.961707999999998675e+00,7.120409249388318096e-02
1.961846999999998564e+00,7.120409249388318096e-02
1.961985999999998453e+00,7.120409249388318096e-02
1.961989999999999901e+00,7.120409249388318096e-02
1.962130399999999941e+00,7.120409249388318096e-02
1.962270799999999982e+00,7.120409249388318096e-02
1.962411200000000022e+00,7.120409249388318096e-02
1.962551600000000063e+00,7.120409249388318096e-02
1.962692000000000103e+00,7.120409249388318096e-02
1.962832400000000144e+00,7.120409249388318096e-02
1.962972800000000184e+00,7.120409249388318096e-02
1.963113200000000225e+00,7.120409249388318096e-02
1.963253600000000265e+00,7.120409249388318096e-02
1.963394000000000306e+00,7.120409249388318096e-02
1.963534400000000346e+00,7.120409249388318096e-02
1.963674800000000387e+00,7.120409249388318096e-02
1.963815200000000427e+00,7.120409249388318096e-02
1.963955600000000468e+00,7.120409249388318096e-02
1.964010000000000034e+00,7.120409249388318096e-02
1.964150199999999957e+00,7.120409249388318096e-02
1.964290399999999881e+00,7.120409249388318096e-02
1.964430599999999805e+00,7.120409249388318096e-02
1.964570799999999728e+00,7.120409249388318096e-02
1.964710999999999652e+00,7.120409249388318096e-02
1.964851199999999576e+00,7.120409249388318096e-02
1.964991399999999500e+00,7.120409249388318096e-02
1.965131599999999423e+00,7.120409249388318096e-02
1.965271799999999347e+00,7.120409249388318096e-02
1.965411999999999271e+00,7.120409249388318096e-02
1.965552199999999194e+00,7.120409249388318096e-02
1.965692399999999118e+00,7.120409249388318096e-02
1.965832599999999042e+00,7.120409249388318096e-02
1.965972799999998966e+00,7.120409249388318096e-02
1.966020000000000101e+00,7.120409249388318096e-02
1.966160200000000025e+00,7.120409249388318096e-02
1.966300399999999948e+00,7.120409249388318096e-02
1.966440599999999872e+00,7.120409249388318096e-02
1.966580799999999796e+00,7.120409249388318096e-02
1.966720999999999719e+00,7.120409249388318096e-02
1.966861199999999643e+00,7.120409249388318096e-02
1.967001399999999567e+00,7.120409249388318096e-02
1.967141599999999491e+00,7.120409249388318096e-02
1.967281799999999414e+00,7.120409249388318096e-02
1.967421999999999338e+00,7.120409249388318096e-02
1.967562199999999262e+00,7.120409249388318096e-02
1.967702399999999185e+00,7.120409249388318096e-02
1.967842599999999109e+00,7.120409249388318096e-02
1.967982799999999033e+00,7.120409249388318096e-02
1.968029999999999946e+00,7.120409249388318096e-02
1.968169199999999952e+00,7.120409249388318096e-02
1.968308399999999958e+00,7.120409249388318096e-02
1.968447599999999964e+00,7.120409249388318096e-02
1.968586799999999970e+00,7.120409249388318096e-02
1.968725999999999976e+00,7.120409249388318096e-02
1.968865199999999982e+00,7.120409249388318096e-02
1.969004399999999988e+00,7.120409249388318096e-02
1.969143599999999994e+00,7.120409249388318096e-02
1.969282800000000000e+00,7.120409249388318096e-02
1.969422000000000006e+00,7.120409249388318096e-02
1.969561200000000012e+00,7.120409249388318096e-02
1.969700400000000018e+00,7.120409249388318096e-02
1.969839600000000024e+00,7.120409249388318096e-02
1.969978800000000030e+00,7.120409249388318096e-02
1.969989999999999908e+00,7.120409249388318096e-02
1.970130199999999832e+00,7.120409249388318096e-02
1.970270399999999755e+00,7.120409249388318096e-02
1.970410599999999679e+00,7.120409249388318096e-02
1.970550799999999603e+00,7.120409249388318096e-02
1.970690999999999526e+00,7.120409249388318096e-02
1.970831199999999450e+00,7.120409249388318096e-02
1.970971399999999374e+00,7.120409249388318096e-02
1.971111599999999298e+00,7.120409249388318096e-02
1.971251799999999221e+00,7.120409249388318096e-02
1.971391999999999145e+00,7.120409249388318096e-02
1.971532199999999069e+00,7.120409249388318096e-02
1.971672399999998992e+00,7.120409249388318096e-02
1.971812599999998916e+00,7.120409249388318096e-02
1.971952799999998840e+00,7.120409249388318096e-02
1.971999999999999975e+00,7.120409249388318096e-02
1.972125600000000034e+00,7.120409249388318096e-02
1.972251200000000093e+00,7.120409249388318096e-02
1.972376800000000152e+00,7.120409249388318096e-02
1.972502400000000211e+00,7.120409249388318096e-02
1.972628000000000270e+00,7.120409249388318096e-02
1.972753600000000329e+00,7.120409249388318096e-02
1.972879200000000388e+00,7.120409249388318096e-02
1.973004800000000447e+00,7.120409249388318096e-02
1.973130400000000506e+00,7.120409249388318096e-02
1.973256000000000565e+00,7.120409249388318096e-02
1.973279999999999923e+00,7.120409249388318096e-02
